Id,Ano,Numero_Accidente,Provincia,Mes,Dia,Hora,Dia_Semana,Tipo_Dia,Vehiculos_Implicados,Carretera,Pk,Km,Hm,Sentido,Zona,Tipo_Via,Anchura_Calzada,Anchura_Carril,Marcas_Viales,Arcen,Arcen_Pavimentado,Mediana,Barrera_Seguridad,Paneles_Direccionales,Hitos_Arista,Captafaros,Interseccion_Tipo,Interseccion_Acondicionamiento,Prioridad_Regulada_por,Superficie,Luminosidad,Factores_Atmosfericos,Visibilidad_Restringida_por,Otras_Circunstancias,Senalizacion_Peligro,Aceras,Arboles,Arboles_Metros_Calzada,Visibilidad_Senalizacion_Vertical,Colision_Vehiculos_Marcha,Colision_Vehiculo_Obstaculo_1,Colision_Vehiculo_Obstaculo_2,Atropello_1,Atropello_2,Vuelco_1,Vuelco_2,Salida_Sin_Colision,Salida_Con_Colision,Lado_Salida,Otro,Circulacion,Circulacion_Medidas_Especiales,Distraccion,Inexperiencia_Conductor,Alcohol_Drogas,Cansancio_Sueno,Enfermedad,Velocidad_Inadecuada,Infraccion_Norma_Circulacion,Estado_Condicion_Via,Estado_Condicion_Senalizacion,Tramo_Obras,Mal_Estado_Vehiculo,Averia_Mecanica,Meteorologia_Adversa,Irrupcion_Animal,Circular_Sentido_Contrario,Otro_Factor,Sin_Opinion_Definida,Pendiente,Curvatura,Peralte,GPS_x,GPS_y,GPS_z,Tipo_Est,IMD,N_Muertos,N_Graves,N_Leves,Hora_Real,Fuera_o_Interseccion
649,1,2005030000007,1,6,1,6,3,1,2,CV-835,1.7,1,7,0,1,5,2,2,3,3,2,1,2,1,1,1,7,7,8,1,1,1,9,14,3,1,1,NaN,2,NaN,NaN,,NaN,,NaN,,NaN,53,50,NaN,1,4,1,2,1,1,1,1,1,1,1,1,1,1,1,1,1,1,1,2,1,1,693370.703,4250917.406,253.079,Sec,3578,0,0,1,20,1
651,1,2005030000018,1,6,5,6,7,3,2,CV-840,1.2,1,2,1,1,5,2,3,3,3,2,1,2,2,2,2,7,7,5,1,1,1,2,14,1,1,1,NaN,2,1,NaN,,NaN,,NaN,,NaN,NaN,NaN,NaN,1,4,1,1,1,1,1,2,2,1,1,1,1,1,1,1,1,1,1,2,1,1,671661.718,4248057.008,516.654,Cob,4432,0,0,4,18,5
660,1,2005030000023,1,6,1,6,3,1,2,CV-736,2.3,2,3,0,1,5,3,2,3,2,2,1,1,1,1,1,1,1,8,1,1,1,9,14,3,1,1,NaN,2,2,NaN,,NaN,,NaN,,NaN,NaN,NaN,NaN,1,4,1,1,1,1,1,1,2,1,1,1,1,1,1,1,1,1,1,2,1,1,772519.328,4302116.836,42.918,Cob,5337,0,0,7,19,7
663,1,2005030000028,1,6,3,5,5,1,2,CV-70,46.2,46,2,0,1,5,2,2,3,3,2,2,1,2,1,1,5,1,4,1,1,1,9,14,3,2,1,NaN,1,2,NaN,,NaN,,NaN,,NaN,NaN,NaN,NaN,1,4,2,1,1,1,1,1,1,1,1,1,1,1,1,1,1,1,1,2,1,2,750351.933,4274853.838,166.189,Per,27898,0,0,1,15,6
664,1,2005030000033,1,6,5,1,7,3,1,CV-820,5.5,5,5,1,1,5,3,2,3,3,2,1,1,2,1,1,7,7,8,1,4,1,9,14,1,1,1,NaN,2,NaN,NaN,,NaN,,NaN,,NaN,52,50,NaN,1,4,1,1,1,1,1,2,1,1,1,1,1,1,1,1,1,1,1,2,1,1,700418.875,4254319.253,275.702,Cob,6864,0,0,1,1,5
666,1,2005030000042,1,6,12,4,7,3,1,CV-820,2.6,2,6,0,1,5,3,2,3,4,2,1,1,2,2,2,7,7,8,1,1,1,9,14,1,1,1,NaN,2,NaN,NaN,,NaN,,NaN,,NaN,63,60,NaN,1,4,2,1,1,1,1,2,2,1,1,1,1,1,1,1,1,1,1,2,1,1,711604.754,4254849.478,148.993,Cob,6864,0,0,1,14,1
668,1,2005030000052,1,6,11,5,6,2,2,CV-820,6.7,6,7,0,1,5,3,2,3,3,2,1,1,1,1,1,7,7,8,1,1,1,9,14,3,1,1,NaN,1,NaN,30,32,NaN,,NaN,,NaN,NaN,NaN,NaN,1,4,2,1,1,1,1,2,1,1,1,1,1,1,1,1,1,1,1,2,1,1,707744.485,4255861.878,230.122,Cob,6864,0,2,0,15,1
670,1,2005030000054,1,6,14,3,2,1,2,CV-840,4.7,4,7,1,1,5,2,2,3,3,2,1,2,2,1,2,7,7,8,1,1,1,2,14,1,1,1,NaN,2,4,NaN,,NaN,,NaN,,NaN,NaN,NaN,NaN,3,4,1,1,1,1,1,1,1,1,1,1,1,1,1,1,1,1,1,2,1,1,673717.22,4245801.885,497.563,Cob,4432,0,0,2,7,5
672,1,2005030000058,1,6,16,6,4,1,2,CV-865,10.8,10,8,0,1,5,3,2,3,4,2,1,1,1,1,2,2,6,3,1,1,1,9,14,1,1,1,NaN,2,2,NaN,,NaN,,NaN,,NaN,NaN,NaN,NaN,1,4,2,1,1,1,1,1,2,1,1,1,1,1,1,1,1,1,1,2,1,1,711856.563,4231670.231,-13.426,Sec,9468,1,0,0,19,6
673,1,2005030000059,1,6,16,2,4,1,1,CV-81,24,24,0,1,1,5,3,2,3,3,2,1,2,1,1,1,7,7,8,1,2,1,9,14,3,1,2,1,1,NaN,NaN,,NaN,,NaN,,NaN,61,60,NaN,1,4,2,1,1,2,1,1,1,1,1,1,1,1,1,1,1,1,1,2,1,1,692300.65,4284668.268,545.044,Cob,5457,0,1,0,6,1
674,1,2005030000061,1,6,8,5,3,1,4,CV-865,2.5,2,5,1,1,5,3,2,3,3,2,1,1,1,1,1,2,2,5,1,1,1,9,14,1,1,1,NaN,2,3,NaN,,NaN,,NaN,,NaN,NaN,NaN,NaN,1,4,2,1,1,1,1,2,2,1,1,1,1,1,1,1,2,1,1,2,1,1,711168.214,4232256.86,-18.139,Cob,14160,0,1,2,15,6
151,1,2005030000072,1,6,4,3,6,2,2,CV-900,3.4,3,4,1,1,5,2,2,3,3,2,1,1,1,2,2,7,7,8,1,1,1,9,14,2,1,1,NaN,1,4,NaN,,NaN,,NaN,,NaN,NaN,NaN,NaN,1,4,2,1,1,2,1,1,1,1,1,1,1,1,1,1,1,1,1,2,2,1,685804.937,4224076.646,-10.085,Cob,7956,0,0,3,8,1
126,1,2005030000075,1,6,6,6,1,4,2,CV-95,19.8,19,8,1,1,5,2,2,3,3,2,1,1,1,2,2,2,5,3,1,1,1,9,14,1,1,1,NaN,2,1,NaN,,NaN,,NaN,,NaN,NaN,NaN,NaN,1,4,1,1,1,1,1,1,2,1,1,1,1,1,1,1,1,1,1,2,1,2,686428.549,4213589.879,18.165,Cob,10460,0,0,2,18,7
127,1,2005030000077,1,6,12,4,7,3,1,CV-940,11.8,11,8,0,1,5,3,2,3,3,2,1,1,1,2,2,7,7,8,1,1,1,9,14,2,1,1,NaN,1,NaN,NaN,,NaN,,12,9,NaN,NaN,NaN,NaN,1,4,2,1,1,1,1,1,1,1,1,1,1,1,1,1,1,1,1,2,1,1,697655.093,4216333.477,-8.732,Cob,4511,0,0,2,13,2
129,1,2005030000079,1,6,16,3,4,1,2,CV-91,1.7,1,7,1,1,5,3,2,3,3,2,1,1,1,2,2,7,7,8,1,1,1,9,14,2,1,1,NaN,1,3,NaN,,NaN,,NaN,,NaN,NaN,NaN,NaN,1,4,2,1,1,1,1,1,1,1,1,1,1,1,1,1,1,1,1,2,1,1,703618.197,4219079.132,-21.189,Cob,11515,0,0,3,9,2
130,1,2005030000080,1,6,20,4,1,1,1,CV-821,8.9,8,9,1,1,5,3,2,3,3,2,1,1,1,1,1,7,7,8,1,1,1,9,14,3,2,1,NaN,2,NaN,NaN,,21,21,NaN,,NaN,NaN,NaN,NaN,1,4,1,1,1,1,1,1,2,1,1,1,1,1,1,1,1,1,1,2,2,1,716964.442,4252107.732,70.694,Cob,12499,0,0,2,14,2
134,1,2005030000086,1,6,19,4,7,3,3,CV-895,5.4,5,4,1,1,5,2,2,3,3,2,1,1,1,1,1,2,1,8,1,1,1,9,14,3,1,1,NaN,2,2,NaN,,NaN,,NaN,,NaN,NaN,NaN,NaN,3,4,1,1,1,1,1,1,2,1,1,1,1,1,1,1,1,1,1,2,1,1,701179.809,4214115.243,-11.348,Cob,8765,0,0,2,13,6
136,1,2005030000088,1,6,17,4,5,1,2,CV-91,7,7,0,1,1,5,3,2,3,3,2,1,1,1,2,2,5,1,4,1,1,1,9,14,1,1,1,NaN,2,NaN,NaN,,NaN,,NaN,,NaN,64,60,NaN,1,4,1,1,1,1,1,2,1,1,1,1,1,1,1,1,1,1,1,2,1,1,698493.366,4219259.036,-26.792,Sec,13355,0,0,1,11,7
141,1,2005030000098,1,6,14,6,2,1,2,CV-95,10.3,10,3,1,1,5,3,2,3,3,2,1,1,2,2,2,7,7,5,1,1,1,2,14,1,1,1,NaN,2,4,NaN,,NaN,,NaN,,NaN,NaN,NaN,NaN,2,4,1,1,1,1,1,2,1,1,1,1,1,1,1,1,1,1,1,2,1,1,693083.95,4207511.926,39.028,Cob,12125,0,0,5,17,5
143,1,2005030000100,1,6,18,3,6,2,2,CV-763,0.3,0,3,0,1,5,2,2,3,3,2,1,1,1,2,1,1,1,5,1,1,1,9,14,1,1,3,NaN,2,2,NaN,,NaN,,NaN,,NaN,NaN,NaN,NaN,1,4,1,1,1,1,1,1,2,1,1,1,1,1,1,1,1,1,1,2,1,1,753572.741,4272959.481,13.584,Cob,11810,0,0,1,10,7
145,1,2005030000101,1,6,18,1,6,2,1,CV-763,0.6,0,6,0,1,5,3,2,3,1,2,1,1,1,2,2,1,4,5,1,3,1,3,14,1,1,1,NaN,2,NaN,NaN,,21,21,NaN,,NaN,NaN,NaN,NaN,1,4,1,1,1,1,1,1,2,1,1,1,1,1,1,1,1,1,1,2,1,1,753365.554,4273171.242,22.494,Cob,11810,0,2,0,23,7
146,1,2005030000109,1,6,23,1,4,1,1,CV-715,25.5,25,5,0,1,5,1,3,4,1,2,1,2,2,1,1,7,7,8,1,5,1,9,2,1,1,3,NaN,2,NaN,NaN,,NaN,,NaN,,65,NaN,60,NaN,1,4,2,1,1,1,1,2,1,1,1,1,1,1,1,1,1,1,1,2,1,1,754106.517,4289554.372,511.484,Cob,447,1,0,0,2,4
147,1,2005030000111,1,6,4,2,6,2,1,CV-870,3.5,3,5,0,1,5,2,2,3,3,2,1,1,2,1,1,7,7,8,1,2,1,2,14,1,1,1,NaN,2,NaN,NaN,,NaN,,NaN,,67,NaN,60,NaN,1,4,1,1,2,1,1,2,2,1,1,1,1,1,1,1,1,1,1,2,1,1,679467.348,4222842.731,21.424,Cob,6592,0,0,1,6,5
185,1,2005030000114,1,6,22,3,3,1,3,CV-920,3,3,0,0,1,5,2,3,3,3,2,1,2,2,1,1,7,7,8,1,1,1,9,14,2,1,1,NaN,1,5,NaN,,NaN,,NaN,,NaN,NaN,NaN,NaN,1,4,1,1,1,1,1,1,2,1,1,1,1,1,1,1,1,1,1,2,1,1,688253.672,4215380.363,0.311,Pri,7582,0,1,2,7,1
189,1,2005030000115,1,6,13,4,1,1,4,CV-91,4.6,4,6,1,1,5,2,3,3,4,2,1,1,1,1,1,7,7,8,1,1,1,9,14,1,1,1,NaN,1,NaN,30,29,NaN,,NaN,,NaN,NaN,NaN,NaN,1,4,1,1,1,1,1,1,2,1,1,1,1,1,1,1,1,2,1,2,1,1,700879.561,4218923.246,-25.631,Sec,13355,0,0,3,14,1
191,1,2005030000116,1,6,23,4,4,1,2,CV-700,60.5,60,5,1,1,5,3,2,3,3,2,1,1,1,1,1,1,6,8,1,1,1,9,14,3,1,1,NaN,1,2,NaN,,NaN,,NaN,,NaN,NaN,NaN,NaN,1,4,1,1,1,1,1,1,2,1,1,1,1,1,1,1,1,1,1,2,1,1,715602.558,4295783.807,639.149,Cob,7180,0,0,2,14,6
195,1,2005030000123,1,6,24,6,5,1,2,CV-725,0.2,0,2,0,1,5,1,2,4,4,2,1,1,1,2,2,7,7,8,1,1,1,9,14,1,1,1,NaN,1,1,NaN,,NaN,,NaN,,NaN,NaN,NaN,NaN,3,4,2,1,1,1,1,1,1,1,1,1,1,1,1,1,1,1,1,2,1,1,762872.095,4301049.153,17.24,Pri,18142,0,0,4,22,4
201,1,2005030000129,1,6,24,5,5,1,2,CV-820,15.3,15,3,1,1,5,2,2,3,3,2,1,1,1,1,1,7,7,8,1,1,1,9,14,3,1,1,NaN,2,4,NaN,,NaN,,NaN,,NaN,NaN,NaN,NaN,1,4,2,1,1,1,1,1,1,1,1,1,1,1,1,1,1,1,1,2,1,2,708811.026,4255392.845,192.184,Pri,4035,0,1,0,16,1
203,1,2005030000131,1,6,26,2,7,3,2,CV-855,2.5,2,5,1,1,5,2,2,3,3,2,1,1,1,1,1,7,7,8,1,1,1,9,8,3,1,1,NaN,2,3,NaN,,NaN,,NaN,,NaN,NaN,NaN,NaN,1,4,1,1,2,2,1,1,1,1,1,1,1,1,1,1,1,1,1,2,1,1,697612.891,4224078.15,-15.129,Pri,10599,0,0,1,6,1
204,1,2005030000132,1,6,22,3,3,1,1,CV-700,59.6,59,6,0,1,5,1,3,3,3,2,1,1,1,1,1,7,7,5,1,1,1,9,14,3,1,1,NaN,1,NaN,NaN,,NaN,,NaN,,57,NaN,50,NaN,1,4,2,1,1,1,1,1,1,1,1,1,1,1,1,1,1,1,1,2,1,1,752307.057,4303894.209,8.478,Cob,7180,0,0,1,10,1
206,1,2005030000135,1,6,26,6,7,3,2,CV-820,1.1,1,1,1,1,5,3,2,3,3,2,1,1,1,1,1,1,1,3,1,5,1,9,14,2,1,3,NaN,1,2,NaN,,NaN,,NaN,,NaN,NaN,NaN,NaN,1,4,1,1,1,1,1,1,2,1,1,1,1,1,1,1,1,1,1,2,1,1,696962.416,4251954.789,211.364,Cob,6864,0,0,1,22,7
208,1,2005030000148,1,6,27,1,1,1,1,CV-940,7.7,7,7,0,1,5,2,2,3,3,2,1,1,1,1,1,7,7,8,1,5,1,9,14,2,1,1,NaN,2,NaN,NaN,,NaN,,NaN,,NaN,51,50,NaN,1,4,2,1,1,1,1,1,1,1,1,1,1,1,1,1,1,1,1,2,1,2,696890.119,4212869.337,33.889,Cob,4511,0,0,1,2,1
210,1,2005030000153,1,6,28,3,2,1,2,CV-83,0,0,0,0,1,5,2,2,3,3,2,1,1,1,1,1,5,6,4,1,1,1,9,14,1,1,1,NaN,2,4,NaN,,NaN,,NaN,,NaN,NaN,NaN,NaN,1,4,1,1,1,1,1,1,2,1,1,1,1,1,1,1,1,1,1,2,1,1,693559.046,4258778.596,384.44,Cob,9515,0,1,0,8,6
214,1,2005030000175,1,6,23,4,4,1,2,CV-865,2.5,2,5,1,1,5,3,2,3,3,2,1,1,1,1,1,2,2,3,1,1,1,9,14,1,1,1,NaN,2,NaN,NaN,,NaN,,NaN,,67,NaN,60,NaN,1,4,2,1,1,1,1,1,2,1,1,1,1,1,1,1,1,1,1,2,1,1,711168.214,4232256.86,-18.139,Cob,14160,0,0,1,12,6
218,1,2005030000177,1,6,22,4,3,1,4,CV-95,13.1,13,1,0,1,5,3,2,3,3,2,1,1,1,2,1,1,4,3,1,1,1,9,14,1,1,1,NaN,1,5,NaN,,NaN,,NaN,,NaN,NaN,NaN,NaN,1,4,2,1,1,1,1,1,2,1,1,1,1,1,1,1,1,1,1,2,1,1,690595.648,4210670.451,64.072,Cob,12125,0,0,2,13,6
219,1,2005030000184,1,6,28,1,2,1,1,CV-700,18.6,18,6,1,1,5,2,2,3,1,2,1,1,1,1,1,7,7,5,1,5,1,9,14,3,1,1,NaN,1,NaN,NaN,,NaN,,NaN,,67,NaN,60,NaN,1,4,2,2,1,1,1,1,1,1,1,1,1,1,1,1,1,1,1,2,1,1,744308.624,4303296.621,173.219,Cob,2862,0,0,1,1,1
226,1,2005030000206,1,6,30,6,4,1,2,CV-91,4.8,4,8,0,1,5,3,2,3,4,2,1,2,2,2,2,7,7,8,1,1,1,9,14,3,1,1,NaN,1,4,NaN,,NaN,,NaN,,NaN,NaN,NaN,NaN,1,4,2,1,1,1,1,1,1,1,1,1,1,1,1,1,1,1,1,2,1,1,685670.574,4218230.018,-12.997,Sec,13355,0,0,1,19,1
227,1,2005030000210,1,6,13,5,1,4,1,CV-95,15.4,15,4,0,1,5,2,2,2,3,2,1,1,1,2,2,7,7,8,1,1,1,9,14,2,1,1,NaN,1,NaN,NaN,,NaN,,NaN,,NaN,51,50,NaN,1,4,2,1,1,1,1,2,1,1,1,1,1,1,1,1,1,1,1,2,1,1,691935.411,4208961.281,48.79,Pri,10066,0,0,1,16,1
230,1,2005030000221,1,7,1,3,5,1,2,CV-95,5,5,0,1,1,5,3,2,3,3,2,1,2,2,1,1,2,1,2,1,1,1,9,14,1,1,1,NaN,2,4,NaN,,NaN,,NaN,,NaN,NaN,NaN,NaN,1,4,1,1,1,1,1,1,2,1,1,1,1,1,1,1,1,1,1,2,1,2,697429.643,4205484.402,14.311,Cob,13961,0,0,2,9,7
231,1,2005030000224,1,7,3,4,7,3,1,CV-805,11,11,0,1,1,5,3,2,3,4,2,1,1,2,1,1,7,7,8,1,1,1,2,14,1,1,1,NaN,2,NaN,NaN,,NaN,,NaN,,NaN,53,50,NaN,1,4,2,1,1,1,1,1,1,1,1,1,1,1,1,1,1,1,1,2,1,2,709362.269,4275487.787,631.125,Cob,1960,0,1,0,13,4
237,1,2005030000252,1,7,5,3,2,1,1,CV-920,3,3,0,1,1,5,2,3,3,3,2,1,1,1,2,2,7,7,8,1,1,1,9,14,2,1,1,NaN,1,NaN,NaN,,NaN,,NaN,,NaN,61,60,NaN,1,4,2,1,1,1,2,1,1,1,1,1,1,1,1,1,1,1,1,2,1,1,702539.135,4219828.312,-23.578,Pri,7582,0,1,0,8,1
239,1,2005030000258,1,7,3,6,7,3,2,CV-920,2.6,2,6,1,1,5,2,2,3,3,2,1,1,2,1,1,7,7,8,1,1,1,9,14,1,1,3,NaN,2,2,NaN,,NaN,,NaN,,NaN,NaN,NaN,NaN,1,4,1,1,2,1,1,1,2,1,1,1,1,1,1,1,1,1,1,2,1,1,702930.67,4219895.92,-23.27,Pri,7582,0,0,2,18,1
244,1,2005030000270,1,7,4,6,1,4,2,CV-945,1,1,0,0,1,5,2,3,3,3,2,1,1,1,2,2,7,7,8,1,1,1,9,14,3,1,1,NaN,1,4,NaN,,NaN,,NaN,,NaN,NaN,NaN,NaN,1,4,2,1,1,1,1,1,1,1,1,1,1,1,1,1,1,1,1,2,1,1,699856.207,4211770.701,-22.844,Sec,12803,0,0,7,19,1
159,1,2005030000289,1,7,8,6,5,1,2,CV-773,6.6,6,6,1,1,5,2,3,3,1,2,1,2,2,1,1,7,7,8,3,1,4,9,14,1,1,1,NaN,3,3,NaN,,NaN,,NaN,,NaN,NaN,NaN,NaN,1,4,1,1,1,1,1,2,1,1,1,1,1,1,1,1,1,1,1,1,1,1,725030.986,4262182.139,275.311,Cob,3853,0,0,1,17,3
161,1,2005030000294,1,7,10,6,7,3,1,CV-835,4.6,4,6,0,1,5,2,2,3,3,1,1,1,1,1,1,7,7,8,1,5,1,9,14,1,1,1,NaN,1,NaN,NaN,,NaN,,NaN,,66,NaN,60,NaN,1,4,2,2,1,2,1,2,2,1,1,1,1,1,1,1,1,1,1,2,1,1,691364.86,4252791.481,325.633,Sec,3578,0,0,1,21,1
168,1,2005030000304,1,7,10,6,7,3,3,CV-91,17.1,17,1,0,1,5,3,2,3,3,2,1,1,1,2,2,7,7,8,1,1,1,9,14,3,1,1,NaN,1,1,NaN,,NaN,,NaN,,NaN,NaN,NaN,NaN,1,4,2,1,1,1,1,1,1,1,1,1,1,1,1,1,1,1,1,2,1,1,697285.337,4219324.575,-20.387,Cob,11370,0,2,3,18,2
169,1,2005030000305,1,7,9,1,6,2,1,CV-905,4,4,0,0,1,5,3,2,3,3,2,1,1,1,2,2,7,7,8,1,5,1,9,14,3,1,1,NaN,1,NaN,NaN,,NaN,,NaN,,66,NaN,60,NaN,1,4,2,1,1,1,1,1,1,1,1,1,1,1,1,1,1,1,1,2,1,1,700274.205,4212898.164,-19.751,Cob,29819,0,1,1,0,1
177,1,2005030000313,1,7,8,4,5,1,2,CV-83,3.6,3,6,0,1,5,3,2,3,3,2,1,1,2,1,1,7,7,8,1,1,4,9,14,3,1,1,NaN,2,4,NaN,,NaN,,NaN,,NaN,NaN,NaN,NaN,1,4,1,1,1,1,1,1,2,1,1,1,1,1,1,1,1,1,1,2,1,1,690714.108,4257484.508,314.964,Cob,9515,0,0,3,12,1
178,1,2005030000330,1,7,6,6,3,1,1,CV-724,4,4,0,1,1,5,2,2,3,1,2,1,1,1,1,1,7,7,8,1,1,1,9,14,1,1,1,NaN,1,NaN,NaN,,NaN,,NaN,,NaN,64,60,NaN,1,4,1,1,1,1,1,2,1,1,1,1,1,1,1,1,1,1,1,2,1,1,765032.463,4301848.47,15.398,Sec,7155,0,0,1,18,4
179,1,2005030000342,1,7,10,4,7,3,1,CV-700,55.7,55,7,0,1,5,2,2,3,2,2,1,1,1,1,1,7,7,8,3,1,5,4,14,2,1,1,NaN,2,NaN,NaN,,NaN,,NaN,,NaN,52,50,NaN,1,4,1,1,1,1,1,2,1,1,1,1,1,1,1,1,1,1,1,2,1,1,749078.022,4304108.921,39.33,Pri,3117,0,0,2,12,3
180,1,2005030000344,1,7,9,6,6,2,1,CV-700,14.8,14,8,1,1,5,3,3,3,1,2,1,1,1,1,1,7,7,8,1,5,1,9,14,3,1,1,NaN,1,NaN,NaN,,NaN,,NaN,,NaN,51,50,NaN,1,4,1,1,1,1,1,2,1,1,1,1,1,1,1,1,1,1,1,2,1,1,747063.401,4304066.682,91.774,Cob,1043,0,1,0,22,1
182,1,2005030000347,1,7,4,5,1,4,2,CV-836,8.4,8,4,0,1,5,3,2,3,3,2,1,1,2,2,2,1,1,5,1,1,1,9,14,3,1,1,NaN,1,1,NaN,,NaN,,NaN,,NaN,NaN,NaN,NaN,1,4,1,1,1,1,1,1,2,1,1,1,1,1,1,1,1,1,1,2,1,1,671121.382,4251080.402,560.524,Pri,4720,0,1,1,15,6
5,1,2005030000348,1,7,9,4,6,2,1,CV-83,0.5,0,5,1,1,7,3,3,3,1,2,1,2,2,2,2,7,7,5,1,1,1,9,14,3,1,1,NaN,1,NaN,NaN,,NaN,,NaN,,66,NaN,60,NaN,1,4,1,1,1,1,1,1,2,1,1,1,1,1,1,1,1,1,1,2,1,1,667345.422,4252744.098,607.03,Cob,9515,0,1,1,12,5
6,1,2005030000351,1,7,16,2,6,2,1,CV-905,8,8,0,0,1,5,2,2,3,3,2,2,1,1,2,2,7,7,8,1,2,1,9,14,3,1,1,NaN,1,NaN,NaN,,NaN,,NaN,,NaN,54,50,NaN,1,4,2,1,2,1,1,1,1,1,1,1,1,1,1,1,1,1,1,2,1,1,702386.809,4209757.539,-18.644,Cob,34680,0,0,1,6,1
14,1,2005030000352,1,7,12,6,2,1,4,CV-95,25.3,25,3,0,1,5,2,2,3,1,2,1,1,1,2,2,7,7,8,1,1,1,9,14,3,1,1,NaN,1,5,NaN,,NaN,,NaN,,NaN,NaN,NaN,NaN,2,4,2,1,1,1,1,1,1,1,1,1,1,1,1,1,1,1,1,2,1,1,699786.788,4204473.061,1.3,Cob,22260,0,0,1,19,1
16,1,2005030000353,1,7,12,6,2,1,2,CV-95,26.6,26,6,0,1,5,3,2,2,3,2,1,1,2,2,2,1,1,3,1,1,1,9,14,1,1,1,NaN,1,2,NaN,,NaN,,NaN,,NaN,NaN,NaN,NaN,1,4,1,1,1,1,1,1,2,1,1,1,1,1,1,1,1,1,1,2,1,1,701029.314,4204263.23,-13.939,NaN,0,0,0,1,20,6
20,1,2005030000355,1,7,13,3,3,1,2,CV-920,15.6,15,6,0,1,5,2,2,3,3,2,1,1,1,2,2,1,1,7,1,1,1,9,14,3,1,1,NaN,1,2,NaN,,NaN,,NaN,,NaN,NaN,NaN,NaN,1,4,2,1,1,1,1,1,2,1,1,1,1,1,1,1,1,1,1,2,1,1,698826.945,4217662.939,-7.462,Cob,1399,0,0,1,10,7
22,1,2005030000357,1,7,14,6,4,1,2,CV-865,10,10,0,1,1,5,3,2,3,3,2,1,1,1,2,2,7,7,8,1,1,1,9,14,3,1,1,NaN,1,3,NaN,,NaN,,NaN,,NaN,NaN,NaN,NaN,1,4,1,1,1,1,1,1,2,1,1,1,1,1,1,1,1,1,1,2,1,1,705063.599,4236584.921,28.972,Sec,9468,0,0,1,19,1
26,1,2005030000370,1,7,19,6,2,1,2,CV-925,5,5,0,0,1,5,2,2,3,2,1,1,2,2,1,1,7,7,8,1,5,1,9,14,1,1,1,NaN,2,1,NaN,,NaN,,NaN,,NaN,NaN,NaN,NaN,1,4,2,1,1,1,1,1,2,1,1,1,1,1,1,1,1,1,1,2,1,1,683366.456,4213219.713,63.675,Cob,1623,0,1,1,22,2
29,1,2005030000375,1,7,14,3,4,1,2,CV-715,27.5,27,5,0,1,5,2,3,3,1,2,1,2,1,1,2,7,7,8,1,1,1,2,14,3,1,1,NaN,1,1,NaN,,NaN,,NaN,,NaN,NaN,NaN,NaN,1,4,1,1,1,1,1,1,2,1,1,1,1,1,1,1,1,1,1,2,1,1,752522.323,4289073.063,536.694,Cob,447,0,1,0,10,3
35,1,2005030000378,1,7,17,2,7,3,2,CV-736,1.8,1,8,1,1,5,2,3,3,1,2,1,1,1,1,1,7,7,8,1,2,1,9,14,3,2,1,NaN,2,2,NaN,,NaN,,NaN,,NaN,NaN,NaN,NaN,1,4,2,1,1,1,1,1,1,1,1,1,1,1,1,1,1,1,1,2,1,1,774411.274,4299520.288,156.295,Cob,5337,0,0,7,6,1
39,1,2005030000388,1,7,15,6,5,1,2,CV-870,4.3,4,3,0,1,5,3,2,3,1,2,1,1,1,1,1,2,1,3,1,1,1,1,14,1,2,3,NaN,2,2,NaN,,NaN,,NaN,,NaN,NaN,NaN,NaN,1,4,1,1,1,1,1,1,2,1,1,1,1,1,1,1,1,1,1,2,1,1,678954.497,4223432.962,26.626,Cob,6592,0,0,2,17,7
44,1,2005030000402,1,7,14,4,4,1,2,CV-91,15,15,0,0,1,5,1,2,4,2,2,1,2,2,1,2,5,1,4,1,1,1,9,14,3,1,1,NaN,2,4,NaN,,NaN,,NaN,,NaN,NaN,NaN,NaN,1,4,2,1,1,1,1,1,2,1,1,1,1,1,1,1,1,1,1,2,1,1,695386.935,4219107.869,-17.886,Cob,11370,0,0,1,12,6
47,1,2005030000407,1,7,20,6,3,1,2,CV-91,4,4,0,0,1,5,2,2,3,2,2,1,1,1,1,1,1,1,3,1,1,1,9,14,3,2,1,NaN,1,2,NaN,,NaN,,NaN,,NaN,NaN,NaN,NaN,1,4,1,1,1,1,1,1,2,1,1,1,1,1,1,1,1,1,1,2,1,1,684885.555,4218158.427,-11.874,Sec,13355,0,0,1,20,7
50,1,2005030000427,1,7,25,3,1,4,1,CV-905,6.9,6,9,0,1,5,3,2,3,3,2,2,1,1,2,2,7,7,8,1,1,1,9,14,3,1,1,NaN,1,NaN,NaN,,NaN,,NaN,,NaN,53,50,NaN,1,4,2,1,1,1,1,1,1,1,1,1,1,1,1,1,1,1,1,2,1,1,701778.412,4210642.209,-15.963,Cob,34680,0,0,1,8,1
52,1,2005030000436,1,7,25,4,1,4,1,CV-91,24.1,24,1,0,1,5,3,2,3,3,2,1,2,1,2,1,5,6,4,1,3,1,9,14,1,1,1,NaN,2,NaN,NaN,,NaN,,NaN,,NaN,54,50,NaN,1,4,1,1,1,1,1,2,2,1,1,1,1,1,1,1,1,1,1,2,1,1,703978.507,4219188.37,-25.621,Cob,10475,0,1,0,14,6
54,1,2005030000438,1,7,26,4,2,1,1,CV-70,44.3,44,3,1,1,5,3,2,3,3,2,1,2,1,1,1,1,6,5,1,1,1,9,14,1,2,1,NaN,2,NaN,NaN,,NaN,,12,9,NaN,NaN,NaN,NaN,1,4,1,1,1,1,1,1,1,2,1,1,1,1,1,1,1,1,1,2,1,1,725413.386,4286917.284,589.763,Cob,7883,0,0,3,14,6