Id,Ano,Numero_Accidente,Provincia,Mes,Dia,Hora,Dia_Semana,Tipo_Dia,Vehiculos_Implicados,Carretera,Pk,Km,Hm,Sentido,Zona,Tipo_Via,Anchura_Calzada,Anchura_Carril,Marcas_Viales,Arcen,Arcen_Pavimentado,Mediana,Barrera_Seguridad,Paneles_Direccionales,Hitos_Arista,Captafaros,Interseccion_Tipo,Interseccion_Acondicionamiento,Prioridad_Regulada_por,Superficie,Luminosidad,Factores_Atmosfericos,Visibilidad_Restringida_por,Otras_Circunstancias,Senalizacion_Peligro,Aceras,Arboles,Arboles_Metros_Calzada,Visibilidad_Senalizacion_Vertical,Colision_Vehiculos_Marcha,Colision_Vehiculo_Obstaculo_1,Colision_Vehiculo_Obstaculo_2,Atropello_1,Atropello_2,Vuelco_1,Vuelco_2,Salida_Sin_Colision,Salida_Con_Colision,Lado_Salida,Otro,Circulacion,Circulacion_Medidas_Especiales,Distraccion,Inexperiencia_Conductor,Alcohol_Drogas,Cansancio_Sueno,Enfermedad,Velocidad_Inadecuada,Infraccion_Norma_Circulacion,Estado_Condicion_Via,Estado_Condicion_Senalizacion,Tramo_Obras,Mal_Estado_Vehiculo,Averia_Mecanica,Meteorologia_Adversa,Irrupcion_Animal,Circular_Sentido_Contrario,Otro_Factor,Sin_Opinion_Definida,Pendiente,Curvatura,Peralte,GPS_x,GPS_y,GPS_z,Tipo_Est,IMD,N_Muertos,N_Graves,N_Leves,Hora_Real,Fuera_o_Interseccion
367,1,2005030001087,1,9,19,3,1,4,2,CV-91,6.5,6,5,0,1,5,2,3,4,4,2,1,1,1,2,2,7,7,5,1,1,1,9,14,3,1,1,NaN,1,4,NaN,,NaN,,NaN,,NaN,NaN,NaN,NaN,1,4,2,1,1,1,1,1,1,1,1,1,1,1,1,1,1,1,1,2,1,1,687329.233,4218127.529,-16.316,Sec,13355,0,0,1,8,1
369,1,2005030001088,1,9,19,4,1,1,2,CV-70,47,47,0,1,1,5,3,2,3,3,2,2,1,1,2,2,7,7,8,1,1,1,9,14,3,1,1,NaN,2,4,NaN,,NaN,,NaN,,NaN,NaN,NaN,NaN,1,4,2,1,1,1,1,1,1,1,1,1,1,1,1,1,1,1,1,2,1,1,723463.516,4286708.498,718.618,Per,27898,0,0,2,14,1
375,1,2005030001103,1,9,16,6,5,1,2,CV-763,3,3,0,0,1,5,3,2,3,3,2,1,1,2,1,1,7,7,5,1,3,1,9,14,3,1,1,NaN,1,2,NaN,,NaN,,NaN,,NaN,NaN,NaN,NaN,1,4,1,1,1,1,1,1,2,1,1,1,1,1,1,1,1,1,1,2,1,1,751910.505,4274881.809,104.604,Cob,11810,0,1,1,21,1
378,1,2005030001120,1,9,16,6,5,1,2,CV-724,0.1,0,1,0,1,5,2,2,3,3,2,1,1,1,1,1,1,1,3,1,1,1,9,14,1,1,1,NaN,1,2,NaN,,NaN,,NaN,,NaN,NaN,NaN,NaN,1,4,1,1,1,1,1,1,2,1,1,1,1,1,1,1,1,1,1,2,1,1,763466.798,4298819.165,37.898,Cob,6405,0,1,0,19,6
380,1,2005030001121,1,9,18,2,7,3,2,CV-734,6.4,6,4,0,1,5,2,2,3,3,2,1,2,2,1,1,7,7,8,1,4,1,9,14,1,1,1,NaN,2,1,NaN,,NaN,,NaN,,NaN,NaN,NaN,NaN,1,4,2,1,1,1,1,1,1,1,1,1,1,1,1,1,1,1,1,2,1,1,773079.225,4296744.893,9.032,Sec,12579,0,0,2,5,2
385,1,2005030001127,1,9,21,1,3,1,2,CV-912,4,4,0,0,1,5,2,2,3,1,2,1,2,2,1,2,7,7,8,1,5,1,2,14,1,1,1,NaN,2,3,NaN,,NaN,,NaN,,NaN,NaN,NaN,NaN,1,4,1,1,1,1,1,2,2,1,1,1,1,1,1,1,1,1,1,2,1,1,690921.785,4221991.253,-19.812,Cob,3596,0,0,5,1,5
389,1,2005030001133,1,9,22,5,4,1,1,CV-915,5,5,0,0,2,5,2,2,3,1,2,1,1,1,1,1,7,7,8,1,1,1,9,14,1,1,1,NaN,2,NaN,NaN,,21,21,NaN,,NaN,NaN,NaN,NaN,1,4,1,1,1,1,1,1,1,1,1,1,1,1,1,1,1,2,1,2,1,1,676559.575,4214282.331,3.161,Sec,8498,0,0,1,16,1
391,1,2005030001142,1,9,20,4,2,1,2,CV-870,0.2,0,2,1,1,5,3,2,3,3,2,1,2,1,1,1,1,2,3,1,1,1,9,14,1,1,3,NaN,2,2,NaN,,NaN,,NaN,,NaN,NaN,NaN,NaN,1,4,1,1,1,1,1,1,2,1,1,1,1,1,1,1,1,1,1,2,1,1,675679.024,4228898.618,114.085,Cob,16418,0,0,3,13,6
392,1,2005030001150,1,9,25,2,7,3,1,CV-865,11,11,0,0,1,5,3,2,3,3,2,2,1,1,1,2,5,1,4,1,5,1,9,14,1,1,1,NaN,2,NaN,NaN,,NaN,,NaN,,NaN,63,60,NaN,1,4,2,1,2,2,1,2,2,1,1,2,1,1,1,1,1,1,1,2,1,1,712018.609,4231557.049,-13.634,Sec,9468,0,0,0,6,6
398,1,2005030001155,1,9,21,4,3,1,2,CV-905,4.8,4,8,0,1,5,3,2,3,3,2,2,2,2,2,2,5,1,5,1,1,1,9,14,1,1,1,NaN,2,3,NaN,,NaN,,NaN,,NaN,NaN,NaN,NaN,1,4,2,1,1,1,1,1,2,1,1,1,1,1,1,1,1,1,1,2,1,1,700525.622,4212246.685,-17.386,Cob,29819,0,0,1,14,6
404,1,2005030001168,1,9,26,4,1,4,2,CV-905,0.3,0,3,0,2,5,3,1,3,1,2,1,1,2,1,1,7,7,7,1,1,1,9,14,1,2,1,NaN,2,2,NaN,,NaN,,NaN,,NaN,NaN,NaN,NaN,1,4,1,1,1,1,1,1,2,1,1,1,1,1,1,1,1,1,1,2,1,1,698292.049,4215214.093,-3.809,Pri,25782,0,1,0,12,1
406,1,2005030001170,1,9,23,3,5,1,2,CV-905,5,5,0,1,1,5,3,2,3,3,2,2,2,2,2,2,5,1,5,1,1,1,9,14,1,1,1,NaN,2,NaN,NaN,,NaN,,12,9,NaN,NaN,NaN,NaN,1,4,2,1,1,1,1,1,2,1,1,1,1,1,1,1,1,1,1,2,1,1,701342.458,4211044.175,-9.224,Cob,34680,0,1,0,10,6
408,1,2005030001180,1,9,27,6,2,1,2,CV-763,3,3,0,0,1,5,2,2,3,3,2,1,1,1,1,1,1,1,5,1,1,1,9,14,2,2,1,NaN,2,1,NaN,,NaN,,NaN,,NaN,NaN,NaN,NaN,1,4,1,1,1,1,1,1,2,1,1,1,1,1,1,1,1,1,1,2,1,1,751910.505,4274881.809,104.604,Cob,11810,0,0,1,19,7
412,1,2005030001186,1,9,28,6,3,1,3,CV-70,47.7,47,7,1,1,5,3,2,3,2,2,2,1,1,1,1,5,1,4,1,1,1,9,14,3,1,1,NaN,2,3,NaN,,NaN,,NaN,,NaN,NaN,NaN,NaN,1,4,1,1,1,1,1,1,2,1,1,1,1,1,1,1,1,1,1,2,1,2,723047.089,4286311.059,733.954,Per,27898,0,0,1,18,6
414,1,2005030001205,1,9,29,6,4,1,2,CV-81,42.1,42,1,0,1,5,3,2,3,1,2,1,1,1,1,1,5,1,4,1,2,1,9,14,2,1,1,NaN,2,4,NaN,,NaN,,NaN,,NaN,NaN,NaN,NaN,1,4,2,1,1,1,1,1,2,1,1,1,1,1,1,1,1,1,1,2,2,1,685193.53,4280289.202,477.407,Cob,5746,0,1,0,20,6
416,1,2005030001227,1,9,29,6,4,1,2,CV-865,7.5,7,5,0,1,5,3,2,3,3,2,1,1,1,1,1,5,5,8,1,1,1,9,14,1,1,1,NaN,1,2,NaN,,NaN,,NaN,,NaN,NaN,NaN,NaN,1,4,2,1,1,1,1,1,2,1,1,1,1,1,1,1,1,1,1,2,1,1,709389.012,4233746.444,-11.27,Cob,14160,0,0,2,18,6
418,1,2005030001228,1,9,28,4,3,1,2,CV-91,11,11,0,0,1,5,3,2,3,3,2,1,2,1,1,1,7,7,8,1,1,1,9,14,2,1,3,NaN,1,3,NaN,,NaN,,NaN,,NaN,NaN,NaN,NaN,1,4,1,1,1,1,1,1,2,1,1,1,1,1,1,1,1,1,1,2,1,1,691649.408,4218141.983,-10.089,Pri,14253,0,0,1,12,1
420,1,2005030001231,1,9,30,5,5,1,2,CV-715,6,6,0,1,1,5,3,2,3,3,2,1,2,1,1,1,7,7,5,1,1,1,9,14,1,1,1,NaN,2,1,NaN,,NaN,,NaN,,NaN,NaN,NaN,NaN,1,4,1,1,1,1,1,2,2,1,1,1,1,1,1,1,1,1,1,2,1,1,751860.069,4282634.435,151.782,Cob,5152,0,3,0,16,5
422,1,2005030001240,1,9,26,5,1,1,2,CV-840,13.4,13,4,1,1,5,2,3,3,3,2,1,2,2,2,2,7,7,5,1,1,1,9,14,1,1,1,NaN,2,1,NaN,,NaN,,NaN,,NaN,NaN,NaN,NaN,1,4,1,1,1,1,1,2,1,1,1,1,1,1,1,1,1,1,1,2,1,1,681604.506,4247996.385,488.055,Sec,4182,0,1,0,16,5
423,1,2005030001250,1,10,2,6,7,3,1,CV-70,46.7,46,7,1,1,5,3,2,3,3,2,2,1,1,2,2,7,7,8,1,4,1,9,14,1,1,1,NaN,1,NaN,NaN,,NaN,,NaN,,56,NaN,50,NaN,1,4,2,1,1,1,1,1,1,1,1,1,1,1,1,1,1,1,1,2,1,1,723614.384,4286811.711,706.647,Per,27898,0,0,1,21,2
427,1,2005030001259,1,9,29,3,4,1,2,CV-865,2.4,2,4,0,1,5,3,2,3,3,2,1,1,1,1,1,5,5,3,1,1,1,9,14,1,1,1,NaN,2,2,NaN,,NaN,,NaN,,NaN,NaN,NaN,NaN,1,4,1,1,1,1,1,1,2,1,1,1,1,1,1,1,1,1,1,2,1,1,705169.42,4236511.382,33.143,Cob,14160,0,0,4,9,6
429,1,2005030001261,1,10,3,3,1,1,2,CV-870,2.5,2,5,0,1,5,3,2,3,3,2,1,1,2,1,1,7,7,5,1,1,1,9,14,1,1,1,NaN,2,2,NaN,,NaN,,NaN,,NaN,NaN,NaN,NaN,1,4,1,1,1,1,1,1,2,1,1,1,1,1,1,1,1,1,1,2,1,1,680068.677,4222058.449,13.94,Cob,16418,0,0,1,9,5
431,1,2005030001266,1,10,4,4,2,1,2,CV-945,1.2,1,2,1,1,5,2,3,3,3,2,1,1,1,1,1,7,7,5,7,1,1,9,14,3,1,2,2,2,3,NaN,,NaN,,NaN,,NaN,NaN,NaN,NaN,2,4,1,1,1,1,1,1,2,1,1,1,1,1,1,1,1,1,1,2,1,1,691727.395,4210651.902,29.358,Sec,12803,1,0,0,14,1
434,1,2005030001273,1,10,4,4,2,1,2,CV-95,12.5,12,5,1,1,5,2,3,3,3,2,1,1,1,1,1,7,7,8,1,1,1,9,14,3,1,1,NaN,2,1,NaN,,NaN,,NaN,,NaN,NaN,NaN,NaN,1,4,2,1,1,1,1,1,1,1,1,1,1,1,1,1,1,1,1,2,1,1,691730.048,4209193.651,49.658,Cob,12125,0,2,0,13,2
439,1,2005030001275,1,10,5,6,3,1,2,CV-836,12.3,12,3,0,1,5,3,2,3,3,2,1,1,1,1,1,1,1,5,1,5,1,9,14,1,1,3,NaN,1,4,NaN,,NaN,,NaN,,NaN,NaN,NaN,NaN,1,4,2,1,1,1,1,2,1,1,1,1,1,1,1,1,1,1,1,2,1,1,670605.021,4247378.712,537.838,Cob,2076,0,0,1,20,6
441,1,2005030001276,1,10,4,6,2,1,2,CV-91,4.5,4,5,1,1,5,2,3,3,4,2,1,1,1,1,1,2,1,3,1,1,1,9,14,1,2,3,NaN,2,2,NaN,,NaN,,NaN,,NaN,NaN,NaN,NaN,1,4,1,1,1,1,1,1,2,1,1,1,1,1,1,1,1,1,1,2,1,1,700978.01,4218911.681,-25.261,Sec,13355,0,0,1,18,7
443,1,2005030001277,1,10,4,6,2,1,2,CV-904,6,6,0,0,1,5,2,3,3,3,2,1,1,1,1,1,7,7,8,1,1,1,9,14,3,1,3,NaN,1,2,NaN,,NaN,,NaN,,NaN,NaN,NaN,NaN,1,4,2,1,1,1,1,1,1,1,1,1,1,1,1,1,1,1,1,2,1,1,692197.266,4228057.521,-15.763,Cob,0,0,0,3,18,1
445,1,2005030001285,1,10,6,4,4,1,2,CV-911,1.7,1,7,1,2,5,3,2,3,3,2,1,1,1,1,1,1,4,3,1,1,1,9,14,1,1,3,NaN,2,2,NaN,,NaN,,NaN,,NaN,NaN,NaN,NaN,1,4,1,1,1,1,1,1,2,1,1,1,1,1,1,1,1,1,1,2,1,1,687745.526,4219532.977,-10.93,Cob,12469,0,0,2,13,6
447,1,2005030001288,1,10,7,4,5,1,2,CV-70,48.7,48,7,1,1,5,3,2,3,3,2,1,1,1,1,1,5,6,5,1,1,1,9,14,1,1,1,NaN,1,2,NaN,,NaN,,NaN,,NaN,NaN,NaN,NaN,1,4,1,1,1,1,1,1,2,1,1,1,1,1,1,1,1,1,1,2,1,2,722430.161,4285924.236,753.094,Per,27898,0,0,1,12,6
452,1,2005030001298,1,10,10,1,1,4,2,CV-83,10.1,10,1,1,1,5,3,2,3,3,2,1,2,1,2,2,7,7,8,1,5,1,9,14,3,1,3,NaN,2,1,NaN,,NaN,,NaN,,NaN,NaN,NaN,NaN,1,4,2,1,1,2,1,1,1,1,1,1,1,1,1,1,1,1,1,2,1,1,675577.82,4254625.03,572.769,Cob,5892,1,0,5,0,1
456,1,2005030001300,1,10,10,1,1,4,1,CV-870,1.5,1,5,1,1,5,2,2,3,3,2,1,1,1,1,1,7,7,5,1,5,1,9,14,1,1,1,NaN,2,NaN,NaN,,NaN,,NaN,,68,NaN,60,NaN,1,4,2,1,2,1,1,1,1,1,1,1,1,1,1,1,1,1,1,2,1,1,676847.628,4228380.053,93.729,Cob,16418,0,2,0,0,5
458,1,2005030001303,1,10,9,6,7,3,2,CV-95,16,16,0,1,1,5,3,2,3,3,2,1,2,2,1,1,1,1,8,1,1,1,9,14,1,1,3,NaN,2,4,NaN,,NaN,,NaN,,NaN,NaN,NaN,NaN,1,4,1,1,1,1,1,1,2,1,1,1,1,1,1,1,1,1,1,2,1,1,689323.473,4211576.515,73.561,Pri,10066,0,0,1,17,6
460,1,2005030001309,1,10,10,5,1,4,2,CV-820,8.1,8,1,0,1,5,3,2,3,3,2,1,1,1,1,1,7,7,8,1,1,1,9,14,1,1,3,NaN,2,3,NaN,,NaN,,NaN,,NaN,NaN,NaN,NaN,1,4,1,1,1,1,2,1,1,1,1,1,1,1,1,1,1,1,1,2,1,1,706551.21,4256706.457,269.169,Cob,6864,0,0,1,15,1
462,1,2005030001317,1,10,11,6,2,2,2,CV-70,47.8,47,8,1,1,5,2,3,3,2,2,2,1,2,1,1,7,7,8,1,1,1,9,14,3,1,1,NaN,1,3,NaN,,NaN,,NaN,,NaN,NaN,NaN,NaN,1,4,1,1,1,1,1,1,2,1,1,1,1,1,1,1,1,1,1,2,1,1,722968.808,4286254.667,726.509,Per,27898,0,0,1,18,1
465,1,2005030001326,1,10,7,5,5,1,2,CV-70,44.5,44,5,1,1,5,3,2,3,3,2,2,1,1,1,1,5,6,8,1,1,1,9,14,1,1,1,NaN,1,2,NaN,,NaN,,NaN,,NaN,NaN,NaN,NaN,1,4,1,1,1,1,1,1,2,1,1,1,1,1,1,1,1,1,1,2,2,1,725316.239,4286897.11,595.008,Per,27898,0,0,1,15,6
466,1,2005030001332,1,10,13,5,4,4,1,CV-920,12.1,12,1,0,1,5,2,3,3,3,2,1,1,2,1,1,7,7,8,1,1,1,9,14,3,1,3,NaN,1,NaN,NaN,,NaN,,NaN,,66,NaN,60,NaN,1,4,2,1,2,1,1,1,1,1,1,1,1,1,1,1,1,1,1,2,1,1,695801.002,4217501.495,-7.754,Cob,3791,0,0,2,16,1
470,1,2005030001346,1,10,16,3,7,3,2,CV-734,6.4,6,4,0,1,5,2,2,3,3,2,1,2,1,1,1,1,1,5,1,1,1,9,14,2,1,1,NaN,1,4,NaN,,NaN,,NaN,,NaN,NaN,NaN,NaN,1,4,2,1,1,1,1,1,1,1,1,1,1,1,1,1,1,1,1,2,1,1,773079.225,4296744.893,9.032,Sec,12579,0,0,1,8,6
471,1,2005030001348,1,10,16,6,7,3,1,CV-925,1.7,1,7,0,1,5,2,3,3,3,2,1,1,1,1,1,7,7,8,1,3,1,9,14,1,1,1,NaN,1,NaN,NaN,,NaN,,NaN,,66,NaN,60,NaN,1,4,2,1,1,1,1,1,1,1,1,1,1,1,1,1,1,1,1,2,1,1,681325.153,4215612.099,-10.231,Cob,2089,0,0,1,20,1
474,1,2005030001360,1,10,17,3,1,4,2,CV-900,3.7,3,7,1,1,5,2,2,3,3,2,1,1,1,1,1,7,7,8,1,2,1,9,14,1,1,1,NaN,2,4,NaN,,NaN,,NaN,,NaN,NaN,NaN,NaN,2,4,2,1,1,1,1,1,1,1,1,1,1,1,1,1,1,1,1,2,1,1,685978.933,4223860.881,-8.919,Cob,7956,0,0,1,7,1
480,1,2005030001364,1,10,18,1,2,1,1,CV-773,4,4,0,1,1,5,2,2,2,1,2,1,1,1,1,1,7,7,8,1,5,1,9,14,2,1,1,NaN,1,NaN,NaN,,NaN,,NaN,,NaN,51,50,NaN,1,4,1,2,1,1,1,2,2,1,1,1,1,1,1,1,1,1,1,2,1,1,726359.638,4263512.98,324.168,Cob,3853,0,2,3,0,4
488,1,2005030001389,1,10,19,3,3,1,1,CV-821,5.9,5,9,1,1,5,3,2,3,3,2,2,1,1,2,2,7,7,6,3,4,4,9,14,3,2,1,NaN,2,NaN,NaN,,21,21,NaN,,NaN,NaN,NaN,NaN,1,4,1,1,1,1,1,1,2,1,1,1,1,1,1,1,1,1,1,2,2,2,719499.044,4252863.13,50.525,Sec,25621,0,0,1,7,1
492,1,2005030001398,1,10,19,5,3,1,2,CV-734,5.7,5,7,0,1,5,2,3,3,2,2,1,1,1,2,2,1,1,5,1,1,1,9,14,3,1,1,NaN,1,2,NaN,,NaN,,NaN,,NaN,NaN,NaN,NaN,1,4,2,1,1,1,1,1,1,1,1,1,1,1,1,1,1,1,1,2,1,1,772389.347,4296714.637,15.67,Sec,12579,0,0,1,15,7
495,1,2005030001401,1,10,20,6,4,1,2,CV-95,5.5,5,5,1,1,5,3,2,3,3,2,1,2,1,2,2,2,1,2,1,1,1,1,14,1,2,1,NaN,2,2,NaN,,NaN,,NaN,,NaN,NaN,NaN,NaN,1,4,1,1,1,1,1,1,2,1,1,1,1,1,1,1,1,1,1,2,1,1,696972.149,4205314.539,18.937,Cob,13961,0,0,2,18,6
505,1,2005030001415,1,10,22,6,6,2,2,CV-734,5.7,5,7,0,1,5,2,2,3,4,2,1,1,1,1,1,7,7,5,1,5,1,9,14,2,1,1,NaN,1,4,NaN,,NaN,,NaN,,NaN,NaN,NaN,NaN,1,4,2,1,1,1,1,1,1,1,1,1,1,1,1,1,1,1,1,2,1,1,772389.347,4296714.637,15.67,Sec,12579,0,0,7,21,1
506,1,2005030001416,1,10,16,3,7,3,1,CV-920,13.6,13,6,0,1,5,2,3,3,4,2,1,1,1,1,1,7,7,8,1,1,1,9,14,2,1,1,NaN,2,NaN,NaN,,NaN,,NaN,,NaN,NaN,NaN,71,1,4,1,1,1,1,1,1,1,2,2,2,1,1,1,1,1,1,1,2,2,3,697183.956,4217248.978,-8.31,Cob,1399,0,0,1,10,1
510,1,2005030001424,1,10,24,6,1,4,1,CV-940,7.5,7,5,0,1,5,2,2,3,3,2,1,1,2,1,1,7,7,8,1,5,1,9,14,1,1,3,NaN,2,NaN,NaN,,NaN,,NaN,,NaN,64,60,NaN,1,4,1,1,1,1,1,1,1,1,1,1,1,1,1,1,1,2,1,2,1,1,696766.719,4212715.644,32.209,Cob,4511,0,0,2,20,5
512,1,2005030001433,1,10,24,5,1,4,1,CV-904,1.2,1,2,1,1,5,3,3,3,4,2,1,2,1,2,2,7,7,5,1,1,1,9,14,3,1,1,NaN,1,NaN,NaN,,NaN,,NaN,,NaN,63,60,NaN,1,4,2,1,1,1,1,1,1,1,1,1,1,1,1,1,1,1,1,2,1,1,692159.397,4228219.408,-17.616,Sec,8421,0,0,1,16,1
514,1,2005030001438,1,10,26,6,3,1,2,CV-91,3.6,3,6,1,1,5,3,2,3,3,2,1,1,2,1,1,7,7,8,1,3,1,9,14,1,2,3,NaN,2,1,NaN,,NaN,,NaN,,NaN,NaN,NaN,NaN,1,4,1,1,1,1,1,1,2,1,1,1,1,1,1,1,1,1,1,2,1,1,701781.464,4219181.161,-24.888,Sec,13355,0,0,1,21,1
517,1,2005030001440,1,10,26,4,3,1,2,CV-905,5,5,0,0,1,5,3,2,3,3,2,2,1,1,2,2,7,7,5,1,1,1,9,14,1,1,1,NaN,2,4,NaN,,NaN,,NaN,,NaN,NaN,NaN,NaN,2,4,2,1,1,1,1,1,1,1,1,1,1,1,1,1,1,1,1,2,1,1,700603.148,4212062.826,-15.523,Cob,34680,0,0,1,12,1
520,1,2005030001451,1,10,20,3,4,1,3,CV-830,12.6,12,6,1,1,5,2,2,3,1,2,1,1,1,1,1,2,1,3,1,1,2,4,14,2,1,3,NaN,2,2,NaN,,NaN,,NaN,,NaN,NaN,NaN,NaN,1,4,1,1,1,1,1,2,2,1,1,1,1,1,2,1,1,1,1,2,1,2,681959.588,4265227.434,468.947,Pri,3879,0,1,0,9,6
524,1,2005030001456,1,10,28,6,5,1,2,CV-715,20.1,20,1,0,1,5,2,2,3,1,2,1,1,1,1,1,7,7,8,1,3,1,9,14,3,1,3,NaN,2,1,NaN,,NaN,,NaN,,NaN,NaN,NaN,NaN,1,4,2,1,1,1,1,1,1,1,1,1,1,1,1,1,1,1,1,2,1,1,754359.201,4291406.67,423.233,Cob,2870,0,0,1,21,1
528,1,2005030001457,1,10,28,5,5,1,2,CV-821,9.3,9,3,1,1,5,3,2,3,3,2,1,1,1,1,1,5,6,4,1,1,1,9,14,1,1,1,NaN,3,4,NaN,,NaN,,NaN,,NaN,NaN,NaN,NaN,1,4,2,1,1,1,1,1,1,1,1,1,1,1,1,1,1,1,1,2,1,1,716682.323,4251842.782,71.255,NaN,0,0,0,1,16,6
532,1,2005030001474,1,10,31,4,1,2,2,CV-83,24.1,24,1,0,1,5,2,2,3,3,2,1,2,1,2,2,2,1,3,1,1,1,9,14,2,1,1,NaN,2,2,NaN,,NaN,,NaN,,NaN,NaN,NaN,NaN,1,4,2,1,1,1,1,1,2,1,1,1,1,1,1,1,1,1,1,2,2,1,671996.955,4252823.5,554.244,Cob,5180,0,0,3,14,7
534,1,2005030001476,1,10,31,5,1,2,2,CV-925,30.6,30,6,0,1,5,2,3,3,1,2,1,1,1,1,1,1,1,5,1,1,1,9,14,3,1,1,NaN,2,3,NaN,,NaN,,NaN,,NaN,NaN,NaN,NaN,1,4,1,1,2,1,1,1,2,1,1,1,1,1,1,1,1,1,1,2,1,1,692312.978,4195105.702,55.926,Sec,0,0,0,1,16,7
540,1,2005030001478,1,10,31,3,1,2,2,CV-773,2.2,2,2,0,1,5,2,2,3,1,2,1,1,2,1,1,7,7,5,3,1,4,2,14,1,1,1,NaN,1,2,NaN,,NaN,,NaN,,NaN,NaN,NaN,NaN,1,4,1,1,1,1,1,2,1,2,1,1,1,1,1,1,1,1,1,2,1,1,722933.476,4258553.054,91.934,Cob,3853,0,0,6,10,4
542,1,2005030001482,1,11,1,6,2,3,2,CV-905,5.8,5,8,0,1,5,3,2,3,3,2,2,1,1,2,2,7,7,8,1,5,1,9,14,3,1,1,NaN,1,NaN,NaN,,21,21,NaN,,NaN,NaN,NaN,NaN,1,4,1,1,1,1,1,1,2,1,1,1,1,1,1,1,1,1,1,2,1,1,701026.507,4211411.435,-8.552,Cob,34680,2,0,0,19,1
544,1,2005030001488,1,11,2,4,3,1,1,CV-715,30.8,30,8,1,1,5,1,3,2,1,2,1,2,1,2,1,7,7,8,1,1,1,9,14,3,1,1,NaN,1,NaN,NaN,,21,21,NaN,,NaN,NaN,NaN,NaN,1,4,1,1,1,1,1,1,2,1,1,1,1,1,1,1,1,1,1,2,2,2,754753.759,4293126.491,231.934,Cob,447,0,0,2,12,2
545,1,2005030001491,1,10,30,1,7,3,1,CV-91,14.8,14,8,1,1,7,1,1,4,3,2,1,2,2,1,1,3,1,4,1,3,1,9,14,1,1,3,NaN,2,NaN,NaN,,NaN,,NaN,,NaN,51,50,NaN,1,4,2,1,1,1,1,2,1,1,1,1,1,1,1,1,1,1,1,2,1,1,691306.273,4218003.897,-18.561,Pri,14253,0,1,0,0,6
549,1,2005030001494,1,10,27,6,4,1,2,CV-903,1.9,1,9,0,1,5,2,3,3,3,2,1,1,1,1,1,1,2,3,1,5,1,9,14,1,1,1,NaN,1,3,NaN,,NaN,,NaN,,NaN,NaN,NaN,NaN,1,4,1,1,1,1,1,1,2,1,1,1,1,1,1,1,1,1,1,2,1,1,699449.393,4219736.899,-13.553,Cob,2735,0,0,1,20,6
553,1,2005030001502,1,11,4,3,5,1,2,CV-700,63.2,63,2,0,1,5,2,2,3,1,2,1,1,2,1,1,1,6,3,1,1,1,9,14,3,1,3,NaN,2,2,NaN,,NaN,,NaN,,NaN,NaN,NaN,NaN,1,4,1,1,1,1,1,1,2,1,1,1,1,1,1,1,1,1,1,2,1,1,755789.084,4304676.285,-12.445,Cob,7180,0,0,1,7,6
559,1,2005030001543,1,11,2,6,3,1,1,CV-900,1.7,1,7,1,1,5,2,3,3,3,2,1,1,1,1,1,7,7,8,1,3,1,9,14,1,1,1,NaN,2,NaN,NaN,,21,21,NaN,,NaN,NaN,NaN,NaN,1,4,2,1,1,1,1,1,1,1,1,1,1,1,1,1,1,1,1,2,1,1,685223.914,4225577.014,-4.793,Cob,9965,0,1,0,18,1
561,1,2005030001549,1,11,8,3,2,1,1,CV-70,46.2,46,2,1,1,5,3,1,3,3,2,1,1,1,1,1,5,1,8,1,1,1,9,14,3,1,1,NaN,1,NaN,NaN,,NaN,,12,9,NaN,NaN,NaN,NaN,2,4,1,1,1,1,1,2,2,1,1,1,1,1,1,1,1,1,1,2,1,1,723948.581,4287025.14,675.244,Per,27898,0,0,1,7,6
563,1,2005030001550,1,11,8,5,2,1,2,CV-70,45.3,45,3,1,1,5,2,2,3,2,2,2,1,1,1,1,1,1,3,1,1,1,9,14,3,1,3,NaN,2,2,NaN,,NaN,,NaN,,NaN,NaN,NaN,NaN,1,4,1,1,1,1,1,1,2,1,1,1,1,1,1,1,1,1,1,2,2,2,724641.549,4286866.206,649.875,Per,27898,0,0,1,16,7
565,1,2005030001554,1,11,7,5,1,4,2,CV-905,1.1,1,1,0,1,5,3,2,3,4,2,2,2,1,2,1,7,7,8,1,1,1,9,14,3,1,1,NaN,1,3,NaN,,NaN,,NaN,,NaN,NaN,NaN,NaN,1,4,1,1,1,1,1,1,2,1,1,1,1,1,1,1,1,1,1,2,1,1,699010.463,4215470.992,14.883,Pri,25782,0,0,1,15,1
569,1,2005030001558,1,11,8,6,2,1,2,CV-725,0.7,0,7,1,1,5,3,1,3,4,2,2,1,1,1,1,7,7,8,1,1,1,9,14,2,1,3,NaN,2,3,NaN,,NaN,,NaN,,NaN,NaN,NaN,NaN,1,4,2,1,1,1,1,1,1,1,1,1,1,1,1,1,2,1,1,2,1,1,768285.138,4303535.588,-10.525,Pri,18142,0,1,0,17,2
571,1,2005030001568,1,11,5,3,6,2,2,CV-83,17,17,0,1,1,5,3,2,3,3,2,1,1,2,1,1,7,7,8,1,1,1,9,14,1,1,1,NaN,2,3,NaN,,NaN,,NaN,,NaN,NaN,NaN,NaN,1,4,1,1,1,1,1,1,2,1,1,1,1,1,1,1,1,1,1,2,1,1,681897.669,4256122.444,477.193,Cob,5180,0,0,2,9,5
573,1,2005030001576,1,11,9,3,3,1,1,CV-775,2.6,2,6,1,1,5,2,2,3,3,2,1,2,2,2,2,7,7,8,1,1,8,2,14,1,1,1,NaN,2,NaN,NaN,,NaN,,NaN,,NaN,53,50,NaN,1,4,1,1,1,1,1,2,1,1,1,1,1,1,1,1,1,1,1,2,1,1,736881.753,4273823.433,353.613,Cob,1894,0,0,1,10,5