Id,Ano,Numero_Accidente,Provincia,Mes,Dia,Hora,Dia_Semana,Tipo_Dia,Vehiculos_Implicados,Carretera,Pk,Km,Hm,Sentido,Zona,Tipo_Via,Anchura_Calzada,Anchura_Carril,Marcas_Viales,Arcen,Arcen_Pavimentado,Mediana,Barrera_Seguridad,Paneles_Direccionales,Hitos_Arista,Captafaros,Interseccion_Tipo,Interseccion_Acondicionamiento,Prioridad_Regulada_por,Superficie,Luminosidad,Factores_Atmosfericos,Visibilidad_Restringida_por,Otras_Circunstancias,Senalizacion_Peligro,Aceras,Arboles,Arboles_Metros_Calzada,Visibilidad_Senalizacion_Vertical,Colision_Vehiculos_Marcha,Colision_Vehiculo_Obstaculo_1,Colision_Vehiculo_Obstaculo_2,Atropello_1,Atropello_2,Vuelco_1,Vuelco_2,Salida_Sin_Colision,Salida_Con_Colision,Lado_Salida,Otro,Circulacion,Circulacion_Medidas_Especiales,Distraccion,Inexperiencia_Conductor,Alcohol_Drogas,Cansancio_Sueno,Enfermedad,Velocidad_Inadecuada,Infraccion_Norma_Circulacion,Estado_Condicion_Via,Estado_Condicion_Senalizacion,Tramo_Obras,Mal_Estado_Vehiculo,Averia_Mecanica,Meteorologia_Adversa,Irrupcion_Animal,Circular_Sentido_Contrario,Otro_Factor,Sin_Opinion_Definida,Pendiente,Curvatura,Peralte,GPS_x,GPS_y,GPS_z,Tipo_Est,IMD,N_Muertos,N_Graves,N_Leves,Hora_Real,Fuera_o_Interseccion
574,1,2005030001580,1,11,12,2,6,2,1,CV-911,0.6,0,6,1,1,5,2,2,3,1,2,1,1,1,1,1,7,7,8,3,5,4,4,14,3,1,1,NaN,1,NaN,NaN,,NaN,,NaN,,68,NaN,60,NaN,1,4,2,1,1,1,1,1,1,1,1,1,1,1,1,1,1,1,1,2,1,1,688461.995,4218720.447,-11.149,Sec,11259,0,0,1,6,1
575,1,2005030001581,1,11,9,1,3,1,1,CV-775,8.9,8,9,1,1,5,1,3,2,1,2,1,1,1,1,1,7,7,8,1,3,1,9,14,3,1,1,NaN,2,NaN,NaN,,NaN,,NaN,,NaN,64,60,NaN,1,4,2,2,1,1,1,1,1,1,1,1,1,1,1,1,1,1,1,2,1,1,733716.455,4273579.674,372.967,Cob,186,0,1,0,2,2
576,1,2005030001583,1,11,12,6,6,2,1,CV-736,3.9,3,9,0,1,5,1,3,3,3,2,1,2,2,2,1,7,7,5,1,1,1,9,14,1,1,1,NaN,2,NaN,NaN,,NaN,,NaN,,NaN,63,60,NaN,1,4,1,1,1,1,1,2,1,1,1,1,1,1,1,1,1,1,1,2,1,1,773302.574,4301300.577,81.742,Cob,5337,0,0,1,18,1
582,1,2005030001585,1,11,12,4,6,2,2,CV-870,1.9,1,9,0,1,5,2,2,3,3,2,1,1,2,1,1,7,7,8,3,1,9,2,14,1,1,1,NaN,2,1,NaN,,NaN,,NaN,,NaN,NaN,NaN,NaN,1,4,1,1,1,1,1,2,2,1,1,1,1,1,1,1,1,1,1,2,1,1,680150.938,4221503.571,9.612,Cob,16418,0,6,0,12,5
583,1,2005030001586,1,11,13,1,7,3,1,CV-720,18.3,18,3,1,1,5,2,2,3,1,2,1,2,2,1,1,7,7,8,3,5,4,2,14,1,1,1,NaN,2,NaN,NaN,,NaN,,NaN,,66,NaN,60,NaN,1,4,1,1,1,1,1,2,2,1,1,1,1,1,1,1,1,1,1,2,1,1,749778.236,4293811.741,309.166,Cob,145,0,0,1,2,4
585,1,2005030001587,1,11,13,3,7,3,1,CV-95,2.7,2,7,1,1,5,3,2,3,3,2,1,2,1,1,1,7,7,8,3,1,4,9,14,3,1,1,NaN,2,NaN,NaN,,NaN,,NaN,,NaN,63,60,NaN,1,4,2,1,1,1,1,1,1,1,1,1,1,1,1,1,1,1,1,2,1,1,699296.909,4204608.429,-0.482,Cob,13961,1,1,1,9,1
590,1,2005030001595,1,11,6,3,7,3,2,CV-773,0,0,0,1,1,5,3,2,3,3,2,1,1,1,1,1,1,1,3,1,1,1,9,14,1,1,1,NaN,2,2,NaN,,NaN,,NaN,,NaN,NaN,NaN,NaN,1,4,1,1,1,1,1,1,2,1,1,1,1,1,1,1,1,1,1,2,2,1,728782.488,4263025.108,214.278,Cob,3853,0,0,5,9,6
592,1,2005030001598,1,11,12,6,6,2,2,CV-915,5,5,0,1,1,5,3,2,3,1,2,2,1,1,1,1,5,3,4,3,3,9,9,14,1,2,1,NaN,2,2,NaN,,NaN,,NaN,,NaN,NaN,NaN,NaN,1,4,1,1,2,1,1,2,2,1,1,1,1,1,2,1,1,2,1,2,1,1,678997.362,4216821.575,1.415,Sec,8498,0,1,0,18,7
595,1,2005030001615,1,11,12,3,6,2,1,CV-855,12,12,0,1,1,5,2,3,3,3,2,1,1,2,1,1,7,7,8,1,1,5,9,14,1,1,1,NaN,1,NaN,NaN,,NaN,,NaN,,66,NaN,60,NaN,1,4,1,1,1,1,1,2,1,1,1,1,1,1,2,1,1,1,1,2,1,1,701489.829,4231140.336,0.958,Cob,3725,0,1,0,10,4
596,1,2005030001619,1,11,13,1,7,3,1,CV-821,2.7,2,7,1,1,5,2,2,3,3,2,2,1,1,1,1,5,6,8,1,3,1,9,14,1,2,2,1,2,NaN,NaN,,NaN,,NaN,,NaN,61,60,NaN,1,4,1,1,1,1,1,2,1,1,1,1,1,1,1,1,1,1,1,2,1,1,721939.163,4253887.949,32.082,Sec,25621,0,0,1,0,7
600,1,2005030001627,1,11,13,1,7,3,1,CV-945,0.4,0,4,0,1,5,2,2,3,3,2,1,1,2,1,1,7,7,8,1,5,1,9,14,1,1,1,NaN,2,NaN,NaN,,NaN,,NaN,,56,NaN,50,NaN,1,4,1,1,1,1,1,1,2,1,1,1,1,1,1,1,1,1,1,2,1,1,700427.368,4211932.958,-21.422,Sec,12803,0,0,4,1,5
602,1,2005030001636,1,11,17,6,4,1,1,CV-720,48.3,48,3,1,1,5,3,2,3,1,2,1,1,2,1,1,7,7,8,1,5,1,9,14,2,1,1,NaN,1,NaN,NaN,,NaN,,NaN,,66,NaN,60,NaN,1,4,1,2,1,1,1,2,2,1,1,1,1,1,1,1,1,1,1,2,2,2,731378.024,4291312.587,593.058,Cob,1774,0,0,2,19,2
609,1,2005030001662,1,11,19,6,6,2,2,CV-950,5,5,0,0,1,5,2,3,3,3,2,1,2,2,1,2,7,7,8,1,1,1,9,14,1,1,1,NaN,1,4,NaN,,NaN,,NaN,,NaN,NaN,NaN,NaN,1,4,2,1,1,1,1,1,2,1,1,1,1,1,1,1,1,1,1,2,1,1,686307.142,4211700.88,80.689,Cob,482,0,0,2,17,2
613,1,2005030001665,1,11,21,3,1,4,2,CV-763,2.9,2,9,0,1,5,3,1,3,3,2,1,1,1,2,2,5,1,4,1,1,1,9,14,1,1,1,NaN,2,2,NaN,,NaN,,NaN,,NaN,NaN,NaN,NaN,1,4,1,1,1,1,1,1,2,1,1,1,1,1,1,1,1,1,1,2,1,1,751974.642,4274806.189,100.801,Cob,11810,0,1,0,7,7
615,1,2005030001672,1,11,19,4,6,2,1,CV-827,3,3,0,0,1,5,2,3,3,2,2,1,1,1,1,1,7,7,8,7,1,1,9,14,1,1,1,NaN,2,NaN,NaN,,NaN,,12,9,NaN,NaN,NaN,NaN,1,4,1,1,1,1,1,1,1,2,1,1,1,1,1,1,1,1,1,2,2,3,707491.974,4262491.994,597.819,Cob,420,0,0,1,12,5
619,1,2005030001678,1,11,21,6,1,4,2,CV-720,40.7,40,7,0,1,5,2,2,3,2,2,1,1,2,1,1,7,7,5,1,5,1,2,14,1,1,1,NaN,2,1,NaN,,NaN,,NaN,,NaN,NaN,NaN,NaN,1,4,2,1,1,1,1,1,2,1,1,1,1,1,1,1,1,1,1,2,1,2,756328.738,4292946.701,211.057,Cob,1774,0,0,2,21,4
621,1,2005030001683,1,11,19,1,6,2,1,CV-830,20.1,20,1,0,1,5,2,2,3,2,2,2,2,2,2,2,5,3,4,1,5,1,9,14,1,2,1,NaN,2,NaN,NaN,,NaN,,NaN,,NaN,51,50,NaN,1,4,2,1,1,1,1,2,1,1,1,1,1,1,1,1,1,1,1,2,1,1,690384.598,4268801.217,468.851,Cob,4312,0,1,0,3,6
625,1,2005030001706,1,11,23,6,3,1,2,CV-865,11,11,0,1,1,5,3,2,3,4,2,1,1,1,1,1,1,1,3,1,5,1,9,8,1,2,3,NaN,2,2,NaN,,NaN,,NaN,,NaN,NaN,NaN,NaN,1,4,1,1,1,1,1,1,2,1,1,1,1,1,1,1,1,1,1,2,1,1,704314.183,4237064.415,36.895,Sec,9468,1,0,0,18,7
631,1,2005030001708,1,11,22,6,2,1,2,CV-755,21.8,21,8,0,1,5,3,2,3,4,2,1,1,1,1,1,1,4,3,1,3,1,9,14,1,1,1,NaN,1,2,NaN,,NaN,,NaN,,NaN,NaN,NaN,NaN,1,4,2,1,1,1,1,1,2,1,1,1,1,1,2,1,1,1,1,2,1,1,758092.709,4279641.864,27.815,Cob,2456,0,0,6,20,6
632,1,2005030001712,1,11,19,5,6,2,1,CV-95,23.5,23,5,0,1,5,3,2,3,3,2,1,2,2,2,2,7,7,8,1,1,1,2,14,1,1,1,NaN,1,NaN,NaN,,NaN,,NaN,,NaN,51,50,NaN,1,4,2,1,1,1,1,2,2,1,1,1,1,1,1,1,1,1,1,2,2,2,698198.067,4205343.012,-6.912,Cob,22260,0,1,0,15,5
638,1,2005030001724,1,11,24,3,4,1,2,CV-920,0.1,0,1,1,1,5,2,3,3,3,2,1,1,1,2,2,7,7,8,1,1,1,9,14,1,1,1,NaN,2,4,NaN,,NaN,,NaN,,NaN,NaN,NaN,NaN,2,4,2,1,1,1,1,1,2,1,1,1,1,1,1,1,1,2,1,2,1,1,704971.934,4219739.386,-24.749,Pri,7582,0,0,1,8,1
641,1,2005030001742,1,11,25,5,5,1,1,CV-70,48.3,48,3,0,1,5,3,1,3,2,2,2,1,1,1,2,5,6,8,1,1,1,3,14,2,1,1,NaN,2,NaN,NaN,,21,21,NaN,,NaN,NaN,NaN,NaN,1,4,1,1,1,1,1,1,2,1,1,1,1,1,1,1,1,1,1,2,1,1,749844.319,4272852.723,125.655,Per,27898,0,2,0,15,6
642,1,2005030001743,1,11,25,6,5,1,1,CV-911,2.4,2,4,0,1,5,1,3,4,1,2,1,1,1,1,1,7,7,8,1,5,1,9,14,2,1,1,NaN,1,NaN,NaN,,21,21,NaN,,NaN,NaN,NaN,NaN,1,4,1,1,1,1,1,1,2,1,1,1,1,1,1,1,1,1,1,2,1,2,688395.092,4218852.703,-11.681,Cob,12469,1,0,0,18,2
647,1,2005030001762,1,11,26,5,6,2,1,CV-720,47.2,47,2,1,1,5,2,2,3,1,2,1,1,1,1,1,7,7,5,1,1,1,9,14,2,1,1,NaN,1,NaN,NaN,,NaN,,NaN,,NaN,61,60,NaN,1,4,2,1,1,1,1,1,1,1,1,1,1,1,1,1,1,1,1,2,1,1,732300.127,4290977.913,603.07,Cob,1774,0,0,1,15,2
675,1,2005030001763,1,11,27,3,7,3,1,CV-700,66.5,66,5,1,1,5,2,2,3,1,2,1,2,2,1,1,7,7,5,1,1,1,9,14,1,1,3,NaN,2,NaN,NaN,,NaN,,NaN,,NaN,52,50,NaN,1,4,1,1,1,1,1,2,1,1,1,1,1,1,1,1,1,1,1,2,1,1,710673.838,4294869.92,545.655,Cob,7180,0,0,1,7,5
679,1,2005030001768,1,11,27,6,7,3,1,CV-724,5.3,5,3,0,1,5,1,1,3,1,2,1,1,1,1,1,5,1,4,1,3,1,9,14,1,2,1,NaN,2,NaN,NaN,,NaN,,NaN,,NaN,62,60,NaN,1,4,1,1,1,1,1,2,1,1,1,1,1,1,1,1,1,1,1,2,1,1,765990.901,4302693.275,-2.001,Sec,7155,0,4,1,20,6
680,1,2005030001769,1,11,27,3,7,3,1,CV-900,2.5,2,5,1,1,5,3,2,3,3,2,1,1,1,1,1,5,6,4,1,1,1,9,14,1,1,1,NaN,2,NaN,NaN,,NaN,,NaN,,NaN,61,60,NaN,1,4,2,1,1,1,1,1,1,1,1,1,1,1,1,1,1,1,1,2,1,1,685609.788,4224945.095,-7.003,Cob,9965,0,0,1,7,7
682,1,2005030001776,1,11,28,4,1,4,2,CV-700,59.5,59,5,1,1,5,2,3,3,3,2,1,1,1,1,1,7,7,8,1,1,1,9,14,1,1,1,NaN,2,3,NaN,,NaN,,NaN,,NaN,NaN,NaN,NaN,1,4,1,1,1,1,1,2,2,1,1,1,1,1,1,1,1,1,1,2,1,1,716209.72,4296396.91,597.575,Cob,7180,0,0,1,11,1
684,1,2005030001777,1,11,28,6,1,1,2,CV-700,66.5,66,5,0,1,5,2,3,3,4,2,1,2,2,1,2,7,7,5,1,1,1,9,8,1,1,1,NaN,1,4,NaN,,NaN,,NaN,,NaN,NaN,NaN,NaN,1,4,2,1,1,1,1,1,1,1,1,1,1,1,1,1,1,1,1,2,1,1,758902.418,4305012.695,-13.539,Cob,7180,0,0,1,17,1
685,1,2005030001788,1,11,26,1,6,2,1,CV-91,16,16,0,1,1,3,3,2,3,4,2,1,1,1,2,2,7,7,8,1,5,1,9,14,3,1,1,NaN,2,NaN,NaN,,NaN,,NaN,,56,NaN,50,NaN,1,4,2,1,1,1,1,2,2,1,1,1,1,1,1,1,1,1,1,2,1,1,690124.04,4218033.054,-20.299,Cob,11370,0,1,1,3,1
687,1,2005030001794,1,11,26,1,6,2,2,CV-941,10.6,10,6,1,1,5,3,2,3,3,2,1,1,1,2,2,1,1,5,1,5,1,9,14,1,1,1,NaN,2,4,NaN,,NaN,,NaN,,NaN,NaN,NaN,NaN,1,4,2,1,2,1,1,1,1,1,1,1,1,1,1,1,1,1,1,2,1,1,695363.614,4196987.476,43.245,Sec,2515,0,0,2,23,6
689,1,2005030001796,1,11,30,4,3,1,2,CV-900,4,4,0,1,1,5,2,2,3,3,2,1,1,1,1,1,1,1,8,1,1,1,9,14,1,1,1,NaN,2,5,NaN,,NaN,,NaN,,NaN,NaN,NaN,NaN,1,4,2,1,1,1,1,1,2,1,1,1,1,1,1,1,1,1,1,2,1,1,686144.576,4223616.711,-8.705,Cob,7956,0,0,1,11,7
693,1,2005030001799,1,12,1,4,4,1,2,CV-725,5.2,5,2,1,1,5,3,2,3,4,2,2,1,1,1,1,7,7,8,1,1,1,9,14,3,1,3,NaN,2,NaN,30,29,NaN,,NaN,,NaN,NaN,NaN,NaN,1,4,2,1,1,1,1,1,1,1,1,1,1,1,1,1,1,1,1,2,1,1,764121.397,4302523.318,9.784,Cob,28323,2,1,0,12,1
694,1,2005030001805,1,11,27,3,7,3,1,CV-820,19,19,0,1,1,5,2,2,3,3,2,1,1,2,1,1,7,7,8,1,2,1,9,14,1,1,1,NaN,2,NaN,NaN,,NaN,,NaN,,NaN,53,50,NaN,1,4,1,1,1,1,1,2,1,1,1,1,1,1,1,1,1,1,1,2,1,1,712349.22,4254566.714,137.066,Pri,4035,0,1,0,7,4
698,1,2005030001832,1,12,4,4,7,3,1,CV-70,19.6,19,6,0,1,5,2,3,3,3,2,1,2,2,1,1,7,7,8,1,1,1,9,14,1,1,1,NaN,2,NaN,NaN,,NaN,,NaN,,NaN,63,60,NaN,1,4,1,1,1,1,1,2,1,1,1,1,1,1,1,1,1,1,1,2,1,2,735766.234,4287114.558,888.078,Sec,721,1,0,0,11,5
700,1,2005030001834,1,12,4,2,7,3,1,CV-734,6.3,6,3,1,1,5,3,3,3,3,2,1,2,1,1,1,7,7,5,1,5,1,9,14,2,1,1,NaN,1,NaN,NaN,,NaN,,NaN,,66,NaN,60,NaN,1,4,1,2,1,1,1,2,1,1,1,1,1,1,1,1,1,1,1,2,1,1,768135.745,4297579.779,54.466,Sec,12579,0,1,0,5,2
703,1,2005030001844,1,12,3,1,6,2,2,CV-919,0.8,0,8,0,1,5,2,3,3,1,2,1,1,2,1,1,7,7,8,3,5,1,2,14,1,1,1,NaN,2,1,NaN,,NaN,,NaN,,NaN,NaN,NaN,NaN,1,4,1,1,1,1,1,2,2,1,1,1,1,1,1,1,1,1,1,2,1,1,684079.002,4219967.731,-6.768,Cob,3430,0,1,4,4,5
704,1,2005030001846,1,12,6,6,2,3,1,CV-70,46.7,46,7,1,1,5,3,2,3,2,2,2,1,1,1,1,5,3,4,1,3,1,9,14,1,1,1,NaN,2,NaN,NaN,,NaN,,NaN,,NaN,62,60,NaN,1,4,1,1,1,1,1,2,1,1,1,1,1,1,1,1,1,1,1,2,1,1,723675.981,4286886.656,699.366,Per,27898,0,1,0,22,7
705,1,2005030001848,1,12,3,3,6,2,1,CV-905,8.9,8,9,0,1,5,3,2,3,3,2,2,1,1,2,2,7,7,8,1,1,1,9,14,3,1,1,NaN,3,NaN,NaN,,NaN,,NaN,,NaN,63,60,NaN,1,4,2,1,2,1,1,1,1,1,1,1,1,1,1,1,1,1,1,2,1,1,702676.415,4208934.904,-18.84,Cob,34680,0,0,0,9,1
708,1,2005030001865,1,12,9,3,5,4,2,CV-905,0,0,0,1,1,5,3,2,3,3,2,2,2,2,2,2,5,6,4,1,1,1,9,14,1,1,1,NaN,2,2,NaN,,NaN,,NaN,,NaN,NaN,NaN,NaN,1,4,1,1,1,1,1,1,2,1,1,1,1,1,1,1,1,2,1,2,1,1,703317.63,4206797.102,-3.448,Pri,25782,0,0,1,7,6
709,1,2005030001868,1,12,9,5,5,4,1,CV-70,44,44,0,0,1,5,2,3,3,2,2,2,2,1,1,1,7,7,5,1,1,1,9,14,2,1,1,NaN,1,NaN,NaN,,NaN,,12,9,NaN,NaN,NaN,NaN,1,4,1,1,1,1,1,1,1,1,1,1,1,2,1,1,1,1,1,2,1,1,750044.113,4276814.099,220.564,Cob,7883,0,0,1,15,3
713,1,2005030001901,1,12,14,3,3,1,2,CV-809,1.5,1,5,1,1,5,2,2,3,3,2,1,1,1,1,1,7,7,5,1,5,1,9,14,2,1,1,NaN,2,NaN,NaN,,21,20,NaN,,NaN,NaN,NaN,NaN,1,4,1,1,1,1,1,2,2,1,1,1,2,2,1,1,1,1,1,2,1,1,680787.427,4282412.593,476.266,Cob,4041,0,1,0,7,1
714,1,2005030001910,1,12,15,4,4,1,1,CV-940,4.5,4,5,1,1,5,2,2,3,3,2,1,1,2,1,1,7,7,8,1,1,1,9,14,1,1,1,NaN,1,NaN,NaN,,NaN,,NaN,,NaN,64,60,NaN,1,4,2,1,1,1,1,1,1,1,1,1,1,1,1,1,1,1,1,2,1,1,697194.85,4213280.848,29.153,Cob,6772,0,0,1,14,2
716,1,2005030001915,1,12,13,5,2,1,1,CV-925,30.5,30,5,1,1,5,2,3,3,3,2,1,1,2,1,1,2,1,3,1,1,1,9,14,2,1,1,NaN,2,NaN,NaN,,NaN,,NaN,,NaN,62,60,NaN,1,4,2,1,1,1,1,2,2,1,1,1,2,1,1,1,1,2,1,2,1,1,681619.884,4215371.901,-5.856,Sec,0,0,1,0,15,7
718,1,2005030001917,1,12,13,3,2,1,2,CV-913,2.8,2,8,1,1,5,2,2,3,3,2,1,1,1,1,1,7,7,8,1,3,1,9,14,2,1,1,NaN,1,2,NaN,,NaN,,NaN,,NaN,NaN,NaN,NaN,1,4,1,1,1,1,1,1,2,1,1,1,1,1,1,1,1,1,1,2,1,1,690585.564,4224750.887,-18.407,Sec,8314,0,0,2,7,1
719,1,2005030001919,1,12,14,3,3,1,1,CV-870,8.5,8,5,1,1,5,2,3,3,3,2,1,1,2,1,1,7,7,8,1,1,1,2,14,1,1,1,NaN,2,NaN,NaN,,NaN,,12,9,NaN,NaN,NaN,NaN,1,4,1,1,1,1,1,2,2,1,1,1,1,1,1,1,1,2,1,2,1,1,679530.772,4222769.44,19.019,Cob,6592,0,0,1,10,5
724,1,2005030001922,1,12,12,6,1,4,2,CV-70,45.7,45,7,0,1,5,3,2,3,2,2,2,1,1,1,1,5,1,4,1,4,1,9,14,1,2,1,NaN,2,2,NaN,,NaN,,NaN,,NaN,NaN,NaN,NaN,1,4,1,1,1,1,1,1,2,1,1,1,1,1,1,1,1,1,1,2,2,1,750461.592,4275312.519,163.864,Per,27898,0,0,1,21,6
727,1,2005030001933,1,12,9,6,5,1,3,CV-900,2.4,2,4,0,1,5,2,2,3,1,2,1,1,1,1,1,7,7,8,1,4,1,9,14,3,1,1,NaN,1,5,NaN,,NaN,,NaN,,NaN,NaN,NaN,NaN,2,4,2,1,2,1,1,1,1,1,1,1,1,1,1,1,1,1,1,2,1,1,683105.307,4220042.896,-1.836,Cob,9965,0,0,2,19,1
728,1,2005030001934,1,12,12,6,1,4,1,CV-900,12.6,12,6,1,1,5,3,2,3,2,2,1,1,2,2,2,5,1,8,1,3,1,9,14,1,1,1,NaN,2,NaN,NaN,,NaN,,NaN,,66,NaN,60,NaN,1,4,1,1,1,1,1,2,1,1,1,1,1,1,1,1,1,1,1,2,1,1,682382.72,4219563.339,-4.636,Cob,5109,0,1,0,17,6
729,1,2005030001938,1,12,19,5,1,1,1,CV-840,18.1,18,1,0,1,5,2,3,2,1,2,1,1,1,1,1,7,7,5,3,1,1,9,14,3,1,1,NaN,1,NaN,NaN,,NaN,,NaN,,NaN,62,60,NaN,1,4,2,1,1,1,1,1,1,1,1,1,1,1,1,1,1,1,1,2,1,1,677995.216,4246449.294,590.101,Sec,4182,0,1,0,16,1
735,1,2005030001958,1,12,21,6,3,1,2,CV-70,46.2,46,2,0,1,5,2,2,3,2,2,2,1,1,1,1,5,1,4,1,3,1,9,14,1,1,1,NaN,2,2,NaN,,NaN,,NaN,,NaN,NaN,NaN,NaN,1,4,1,1,1,1,1,1,2,1,1,1,1,1,1,1,1,1,1,2,1,2,750351.933,4274853.838,166.189,Per,27898,0,0,1,22,6
738,1,2005030001966,1,12,21,5,3,1,1,CV-836,11.6,11,6,1,1,5,2,2,3,3,2,1,1,1,1,1,7,7,8,1,1,1,9,14,3,1,1,NaN,1,NaN,NaN,,NaN,,NaN,,66,NaN,60,NaN,1,4,2,1,1,1,1,1,1,1,1,1,1,1,1,1,1,1,1,2,1,1,670366.509,4256465.262,592.33,Cob,2076,0,2,1,15,1
741,1,2005030001969,1,12,22,5,4,1,3,CV-720,41.7,41,7,0,1,5,2,1,3,2,2,1,1,2,2,2,7,7,5,1,1,1,9,14,2,1,1,NaN,1,2,NaN,,NaN,,NaN,,NaN,NaN,NaN,NaN,1,4,1,1,1,1,1,2,1,1,1,1,1,1,1,1,1,1,1,2,1,1,757134.525,4293536.13,195.876,Cob,1774,0,0,2,16,2
744,1,2005030001974,1,12,18,3,7,3,1,CV-91,15,15,0,1,1,5,3,2,3,4,2,1,2,1,2,2,7,7,4,1,2,1,9,14,1,1,1,NaN,2,NaN,NaN,,NaN,,NaN,,NaN,64,60,NaN,1,4,2,1,1,2,1,2,1,1,1,1,1,1,1,1,1,1,1,2,1,1,691109.857,4217987.332,-18.485,Cob,11370,0,1,3,7,5
746,1,2005030001975,1,12,23,6,5,1,2,CV-840,1.8,1,8,0,1,5,2,3,3,3,2,1,1,2,1,1,7,7,8,1,5,1,9,14,1,1,1,NaN,2,1,NaN,,NaN,,NaN,,NaN,NaN,NaN,NaN,1,4,1,1,1,1,1,2,1,1,1,1,1,1,1,1,1,1,1,2,1,1,692835.006,4249995.534,248.067,Cob,4432,0,2,0,17,4
750,1,2005030001980,1,12,16,5,5,1,3,CV-900,8,8,0,1,1,5,2,2,3,1,2,1,2,1,1,1,7,7,8,1,1,1,9,14,1,1,1,NaN,1,4,NaN,,NaN,,NaN,,NaN,NaN,NaN,NaN,1,4,2,1,1,1,1,1,2,1,1,1,1,1,1,1,1,1,1,2,1,1,686306.079,4220966.275,-11.17,Sec,9136,0,0,2,16,1
753,1,2005030001984,1,12,25,6,7,3,2,CV-725,1.4,1,4,0,1,5,2,2,3,3,2,1,2,1,2,2,7,7,8,1,5,1,9,14,3,1,3,NaN,2,1,NaN,,NaN,,NaN,,NaN,NaN,NaN,NaN,1,4,2,1,1,1,1,1,2,1,1,1,1,1,1,1,1,1,1,2,1,1,763512.893,4301553.401,14.784,Pri,18142,2,1,1,21,2
757,1,2005030002006,1,12,24,6,6,2,2,CV-855,2.5,2,5,1,1,5,2,2,3,2,1,1,1,1,1,1,7,7,8,1,5,1,9,14,3,1,1,NaN,2,4,NaN,,NaN,,NaN,,NaN,NaN,NaN,NaN,1,4,2,1,1,1,1,2,1,1,1,1,1,1,1,1,1,1,1,2,1,1,697612.891,4224078.15,-15.129,Pri,10599,0,0,2,20,1
760,1,2005030002019,1,12,27,4,2,1,2,CV-763,1,1,0,1,1,5,1,3,2,1,2,1,1,1,1,1,5,1,3,1,1,1,9,14,1,1,1,NaN,2,2,NaN,,NaN,,NaN,,NaN,NaN,NaN,NaN,1,4,2,1,1,1,1,1,2,1,1,1,1,1,1,1,1,1,1,2,1,1,751060.022,4275441.841,135.268,Cob,11810,0,0,1,14,6
764,1,2005030002020,1,12,23,6,5,1,2,CV-900,2.7,2,7,0,1,5,3,2,3,3,2,1,1,1,1,1,1,4,2,1,3,1,9,14,1,2,1,NaN,2,4,NaN,,NaN,,NaN,,NaN,NaN,NaN,NaN,1,4,2,1,1,1,1,1,1,1,1,1,1,1,1,1,1,1,1,2,1,1,683357.733,4220194.003,-1.88,Cob,7956,0,0,1,19,6
774,1,2005030002074,1,12,30,6,5,1,2,CV-734,3.3,3,3,0,1,5,3,2,2,3,2,1,1,1,1,1,7,7,8,1,4,1,9,14,3,1,1,NaN,1,3,NaN,,NaN,,NaN,,NaN,NaN,NaN,NaN,1,4,2,1,1,1,1,1,1,1,1,1,1,1,1,1,1,1,1,2,1,1,770041.536,4296940.079,40.404,Sec,12579,0,0,2,19,1
775,1,2005030002076,1,12,29,6,4,1,1,CV-773,1.3,1,3,1,1,5,2,3,3,2,2,1,1,1,1,1,7,7,8,1,1,1,9,14,3,1,3,NaN,2,NaN,NaN,,NaN,,12,9,NaN,NaN,NaN,NaN,1,4,2,1,1,1,1,1,1,1,1,1,1,1,1,1,1,1,1,2,1,1,728344.607,4263602.008,290.649,Cob,3853,0,0,2,17,1
777,1,2005120000004,2,6,1,4,3,1,1,CV-223,31.3,31,3,1,1,5,2,2,3,3,2,1,1,2,1,1,7,7,8,1,1,1,9,14,2,1,3,NaN,2,NaN,NaN,,NaN,,NaN,,NaN,54,50,NaN,1,4,2,1,1,1,1,1,1,1,1,1,1,1,1,1,1,1,1,2,1,1,738364.518,4420270.173,154.799,Cob,3720,0,0,1,13,3
779,1,2005120000017,2,6,6,3,1,4,1,CV-10,4.8,4,8,0,1,2,3,2,3,4,2,2,2,1,2,2,7,7,8,1,1,1,9,14,3,1,1,NaN,1,NaN,NaN,,NaN,,NaN,,66,NaN,60,NaN,1,4,2,1,1,1,1,1,1,1,1,1,1,1,1,1,1,1,1,2,1,1,739776.776,4419463.761,76.771,Cob,22905,0,0,1,9,2
787,1,2005120000019,2,6,7,6,2,1,2,CV-141,4,4,0,0,1,5,2,2,3,3,2,1,1,1,2,2,7,7,8,1,1,1,9,14,1,1,1,NaN,2,2,NaN,,NaN,,NaN,,NaN,NaN,NaN,NaN,1,4,1,1,1,1,1,1,2,1,1,1,1,1,1,1,1,1,1,2,1,1,787979.063,4474877.394,-2.472,Cob,7740,0,0,6,18,1
791,1,2005120000030,2,6,4,4,6,1,2,CV-141,1.9,1,9,0,1,5,2,2,3,3,2,1,1,1,1,1,7,7,8,1,1,1,9,14,3,1,3,NaN,2,2,NaN,,NaN,,NaN,,NaN,NaN,NaN,NaN,3,4,1,1,1,1,1,1,2,1,1,1,1,1,1,1,1,1,1,2,1,1,786835.803,4476602.612,26.992,Cob,7740,0,0,3,11,1