Id,Ano,Numero_Accidente,Provincia,Mes,Dia,Hora,Dia_Semana,Tipo_Dia,Vehiculos_Implicados,Carretera,Pk,Km,Hm,Sentido,Zona,Tipo_Via,Anchura_Calzada,Anchura_Carril,Marcas_Viales,Arcen,Arcen_Pavimentado,Mediana,Barrera_Seguridad,Paneles_Direccionales,Hitos_Arista,Captafaros,Interseccion_Tipo,Interseccion_Acondicionamiento,Prioridad_Regulada_por,Superficie,Luminosidad,Factores_Atmosfericos,Visibilidad_Restringida_por,Otras_Circunstancias,Senalizacion_Peligro,Aceras,Arboles,Arboles_Metros_Calzada,Visibilidad_Senalizacion_Vertical,Colision_Vehiculos_Marcha,Colision_Vehiculo_Obstaculo_1,Colision_Vehiculo_Obstaculo_2,Atropello_1,Atropello_2,Vuelco_1,Vuelco_2,Salida_Sin_Colision,Salida_Con_Colision,Lado_Salida,Otro,Circulacion,Circulacion_Medidas_Especiales,Distraccion,Inexperiencia_Conductor,Alcohol_Drogas,Cansancio_Sueno,Enfermedad,Velocidad_Inadecuada,Infraccion_Norma_Circulacion,Estado_Condicion_Via,Estado_Condicion_Senalizacion,Tramo_Obras,Mal_Estado_Vehiculo,Averia_Mecanica,Meteorologia_Adversa,Irrupcion_Animal,Circular_Sentido_Contrario,Otro_Factor,Sin_Opinion_Definida,Pendiente,Curvatura,Peralte,GPS_x,GPS_y,GPS_z,Tipo_Est,IMD,N_Muertos,N_Graves,N_Leves,Hora_Real,Fuera_o_Interseccion
793,1,2005120000032,2,6,10,4,5,1,1,CV-10,82,82,0,1,1,5,2,3,3,3,2,1,1,1,1,1,7,7,8,3,1,1,9,14,2,1,3,NaN,2,NaN,NaN,,NaN,,NaN,,NaN,52,50,NaN,1,4,1,1,1,1,1,2,1,1,1,1,1,1,1,1,1,1,1,2,1,2,740055.664,4423364.676,73.787,Pri,2497,0,2,1,12,3
802,1,2005120000040,2,6,11,6,6,2,1,CV-15,14.4,14,4,1,1,5,3,3,3,3,2,1,1,1,1,1,7,7,8,1,1,1,9,14,3,1,3,NaN,2,NaN,NaN,,NaN,,NaN,,56,NaN,50,NaN,1,4,1,1,2,1,1,2,1,1,1,1,1,1,1,1,1,1,1,2,1,1,738669.336,4481804.085,1119.13,Per,2495,0,2,7,17,1
804,1,2005120000051,2,6,12,4,7,3,1,CV-10,50.5,50,5,1,1,5,3,2,3,3,2,1,1,1,2,2,7,7,8,3,1,4,9,14,3,1,1,NaN,2,NaN,NaN,,NaN,,NaN,,NaN,53,50,NaN,1,4,2,1,1,1,1,1,1,1,1,1,1,1,1,1,1,1,1,2,1,1,758056.79,4446982.483,246.064,Cob,6644,0,0,1,12,5
808,1,2005120000056,2,6,15,3,3,1,2,CV-20,1.4,1,4,0,1,5,3,2,3,3,2,1,1,1,1,1,1,1,8,1,1,1,9,14,3,1,1,NaN,1,2,NaN,,NaN,,NaN,,NaN,NaN,NaN,NaN,1,4,1,1,1,1,1,1,2,1,1,1,1,1,1,1,1,1,1,2,1,1,744023.128,4425914.006,46.792,Sec,14786,0,0,1,7,6
813,1,2005120000061,2,6,18,4,6,1,2,CV-20,5.4,5,4,0,1,2,3,2,3,3,2,2,1,1,1,1,5,1,5,1,1,1,2,14,1,2,1,NaN,2,3,NaN,,NaN,,NaN,,NaN,NaN,NaN,NaN,1,4,1,2,1,2,1,1,2,1,1,1,1,1,1,1,1,1,1,2,1,1,740297.302,4426521.453,75.157,Pri,20610,0,0,2,13,6
815,1,2005120000065,2,6,19,4,7,3,2,CV-21,9.8,9,8,1,1,5,3,2,3,3,2,1,1,1,1,1,1,1,8,1,1,1,9,14,3,1,1,NaN,1,2,NaN,,NaN,,NaN,,NaN,NaN,NaN,NaN,1,4,1,1,1,1,1,1,2,1,1,1,1,1,1,1,1,1,1,2,1,1,739348.199,4434472.425,172.644,Cob,4825,0,1,0,14,6
818,1,2005120000066,2,6,19,6,7,3,2,CV-20,12.5,12,5,1,1,5,3,2,3,3,2,1,1,2,1,1,1,1,2,1,1,1,9,14,1,1,1,NaN,2,1,NaN,,NaN,,NaN,,NaN,NaN,NaN,NaN,1,4,1,1,1,1,1,1,2,1,1,1,1,1,1,1,1,1,1,2,1,1,709938.731,4439623.707,491.247,Cob,10099,0,0,4,19,7
819,1,2005120000069,2,6,21,6,2,1,1,CV-223,8.6,8,6,1,1,5,2,2,3,1,2,1,1,2,1,1,7,7,8,1,5,1,2,14,1,1,1,NaN,2,NaN,NaN,,NaN,,NaN,,NaN,61,60,NaN,1,4,1,1,1,1,1,2,1,1,1,1,1,1,1,1,1,2,1,2,1,1,727706.287,4423959.368,339.99,Sec,4136,0,0,1,22,5
822,1,2005120000077,2,6,23,4,4,1,1,CV-11,7,7,0,1,1,5,2,3,3,3,2,1,1,1,1,1,7,7,8,1,1,1,9,14,3,1,1,NaN,1,NaN,NaN,,NaN,,NaN,,66,NaN,60,NaN,1,4,2,1,1,1,1,1,2,1,1,1,1,1,1,1,1,1,1,2,1,1,785965.908,4498398.015,186.972,Cob,2208,0,0,1,14,1
824,1,2005120000080,2,6,18,1,6,2,1,CV-183,2.4,2,4,1,1,5,3,2,3,3,2,1,1,1,1,1,5,1,4,1,5,1,9,14,1,1,1,NaN,2,NaN,30,32,NaN,,NaN,,NaN,NaN,NaN,NaN,1,4,1,1,1,1,1,1,2,1,1,1,1,1,1,1,1,2,1,2,1,1,751724.44,4426031.041,11.883,Cob,3587,0,0,1,4,6
826,1,2005120000090,2,6,26,6,7,3,1,CV-18,3.1,3,1,1,1,5,3,1,3,3,2,1,1,1,1,1,5,1,8,1,1,1,9,14,1,1,1,NaN,1,NaN,NaN,,NaN,,12,9,NaN,NaN,NaN,NaN,1,4,1,1,1,1,1,2,1,1,1,1,1,1,1,1,1,2,1,2,1,1,746792.997,4417993.462,-5.321,Cob,13020,0,0,1,19,6
828,1,2005120000095,2,6,26,1,7,3,2,CV-10,14.9,14,9,0,1,2,3,2,3,4,2,2,2,1,2,2,7,7,8,1,5,1,9,14,1,1,1,NaN,1,NaN,NaN,,NaN,,NaN,,NaN,54,50,NaN,1,4,1,1,1,2,1,1,1,1,1,1,1,1,1,1,1,1,1,2,1,1,743034.844,4428281.38,79.125,Sec,28983,0,1,0,3,1
830,1,2005120000098,2,6,27,6,1,4,1,CV-12,3.3,3,3,0,1,5,2,3,3,1,2,1,1,2,1,1,7,7,8,1,1,1,9,14,2,1,1,NaN,2,NaN,NaN,,NaN,,NaN,,NaN,64,60,NaN,1,4,1,1,1,1,1,2,1,1,1,1,1,1,1,1,1,1,1,2,1,1,742295.588,4484868.712,972.405,Cob,777,0,1,0,17,3
839,1,2005120000124,2,7,6,3,3,1,1,CV-10,83.2,83,2,1,1,5,2,3,3,1,2,1,1,1,1,1,7,7,8,1,1,1,9,14,3,1,3,NaN,1,NaN,NaN,,NaN,,NaN,,55,NaN,50,NaN,1,4,2,1,1,1,1,1,1,1,1,1,1,1,1,1,1,1,1,2,1,1,739777.621,4422262.577,72.022,Cob,1408,0,0,1,7,1
842,1,2005120000129,2,7,7,4,4,1,3,CV-135,20.6,20,6,1,1,5,2,2,3,3,2,1,1,1,2,1,7,7,8,1,1,1,9,14,3,1,1,NaN,1,NaN,NaN,,NaN,,NaN,,67,NaN,60,NaN,1,4,1,1,1,1,1,1,2,1,1,1,1,1,1,1,1,1,1,2,1,1,774454.006,4485503.254,288.476,Pri,4734,0,0,1,13,1
846,1,2005120000141,2,7,9,5,6,2,2,CV-10,47.3,47,3,0,1,5,3,2,3,3,2,1,2,1,2,2,1,4,3,1,1,1,9,14,1,1,1,NaN,2,2,NaN,,NaN,,NaN,,NaN,NaN,NaN,NaN,1,4,2,1,1,1,1,1,2,1,1,1,1,1,1,1,1,1,1,2,1,1,759345.511,4453777.551,264.742,Cob,6644,0,0,1,16,6
847,1,2005120000144,2,6,23,6,4,1,1,CV-215,3.5,3,5,1,1,5,1,3,3,1,2,1,1,2,1,1,7,7,8,3,1,4,2,13,1,1,1,NaN,2,NaN,NaN,,NaN,,NaN,,56,NaN,50,NaN,1,4,1,1,1,1,1,2,1,1,1,1,1,1,1,1,1,1,1,2,1,2,721309.077,4421101.528,513.64,Cob,148,0,0,2,21,2
848,1,2005120000147,2,7,10,6,7,3,1,CV-10,71.7,71,7,1,1,5,3,2,3,3,2,1,1,2,2,2,7,7,8,1,1,1,9,14,3,1,1,NaN,1,NaN,NaN,,NaN,,NaN,,NaN,53,50,NaN,1,4,1,1,1,1,1,1,1,1,1,1,1,1,1,1,1,1,1,2,1,1,745891.885,4431030.195,65.506,Pri,2497,0,0,2,17,1
852,1,2005120000149,2,7,10,6,7,3,2,CV-135,14.6,14,6,1,1,5,2,3,3,1,2,1,1,2,2,2,2,2,8,1,1,1,9,14,3,1,1,NaN,1,2,NaN,,NaN,,NaN,,NaN,NaN,NaN,NaN,1,4,1,1,1,1,1,1,2,1,1,1,1,1,1,1,1,1,1,2,1,1,778300.239,4483940.79,200.205,Pri,4734,0,0,1,19,7
854,1,2005120000160,2,7,14,1,4,1,1,CV-11,14.8,14,8,0,1,5,2,2,3,3,2,1,1,1,2,1,7,7,8,1,4,1,9,14,3,1,1,NaN,1,NaN,NaN,,NaN,,NaN,,66,NaN,60,NaN,1,4,2,1,1,1,1,1,1,1,1,1,1,1,1,1,1,1,1,2,1,1,786383.552,4498083.235,171.304,Sec,4046,0,0,1,0,1
860,1,2005120000169,2,7,15,5,5,1,2,CV-10,41.7,41,7,0,1,5,3,2,3,4,2,1,2,1,1,2,7,7,3,1,1,1,9,14,1,1,1,NaN,2,NaN,NaN,,NaN,,NaN,,NaN,NaN,NaN,71,3,3,2,1,1,1,1,2,1,1,1,2,1,1,1,1,1,1,1,2,1,1,758574.397,4448354.15,240.523,NaN,0,0,0,5,16,1
861,1,2005120000170,2,7,15,6,5,1,1,CV-223,0.1,0,1,1,1,5,3,1,3,4,2,1,1,2,2,2,7,7,5,1,1,1,2,4,1,1,1,NaN,2,NaN,NaN,,NaN,,NaN,,NaN,64,60,NaN,1,4,1,2,1,1,1,2,1,1,1,1,1,1,1,1,1,1,1,2,1,1,733872.798,4427758.369,157.799,Sec,4136,0,0,1,17,5
869,1,2005120000172,2,7,17,3,7,3,4,CV-135,9.1,9,1,1,1,5,2,2,3,1,2,1,1,1,1,1,7,7,8,1,1,1,9,14,3,1,3,NaN,1,2,NaN,,NaN,,NaN,,NaN,NaN,NaN,NaN,1,4,1,1,1,1,1,1,2,1,1,1,1,1,1,1,1,1,1,2,1,1,783212.027,4484137.056,151.333,Cob,1103,0,0,3,9,1
871,1,2005120000179,2,7,19,2,2,1,1,CV-17,1.9,1,9,0,1,5,3,2,3,3,2,1,2,1,1,2,7,7,5,1,2,1,9,14,3,1,2,7,1,NaN,NaN,,NaN,,NaN,,NaN,61,60,NaN,1,4,2,1,1,1,1,1,1,1,1,1,1,1,1,1,1,1,1,2,1,2,747231.412,4431134.621,66.478,Sec,16925,0,0,2,5,2
880,1,2005120000200,2,7,21,4,4,1,3,CV-20,12.5,12,5,1,1,5,3,2,3,3,2,1,1,2,1,1,7,7,2,1,1,1,9,14,1,1,1,NaN,1,4,NaN,,NaN,,NaN,,NaN,NaN,NaN,NaN,1,4,2,1,1,1,1,1,2,1,1,1,1,1,1,1,1,1,1,2,1,1,709938.731,4439623.707,491.247,Cob,10099,0,0,2,13,2
882,1,2005120000203,2,6,26,4,7,3,2,CV-235,9.5,9,5,1,1,5,2,3,3,1,2,1,2,2,2,1,7,7,8,1,1,1,9,14,1,1,3,NaN,2,NaN,NaN,,NaN,,12,9,NaN,NaN,NaN,NaN,1,4,1,1,1,1,1,2,2,1,1,1,1,1,1,1,1,1,1,2,1,1,695922.084,4415975.991,903.36,Cob,1142,0,0,1,12,4
888,1,2005120000212,2,7,21,5,4,1,3,CV-141,3.9,3,9,1,1,5,2,2,3,3,2,1,1,1,2,1,1,1,8,1,1,1,9,14,3,1,1,NaN,1,2,NaN,,NaN,,NaN,,NaN,NaN,NaN,NaN,1,4,1,1,1,1,1,1,2,1,1,1,1,1,1,1,1,1,1,2,1,1,786323.301,4477105.154,24.394,Cob,7740,0,0,1,15,7
891,1,2005120000232,2,7,25,3,1,4,1,CV-10,15,15,0,1,1,2,3,2,3,3,2,2,2,1,2,1,7,7,8,1,1,1,9,14,2,1,1,NaN,2,NaN,NaN,,NaN,,NaN,,NaN,54,50,NaN,1,4,1,1,1,1,1,1,2,1,1,1,1,1,1,1,1,1,1,2,1,1,769123.381,4478717.487,301.148,Cob,18192,0,0,1,9,1
893,1,2005120000239,2,7,21,3,4,1,1,CV-20,0.6,0,6,0,1,5,3,2,3,3,2,2,2,1,2,2,5,1,8,1,1,1,9,14,3,1,1,NaN,2,NaN,NaN,,NaN,,NaN,,NaN,63,60,NaN,1,4,2,1,1,1,1,1,1,1,1,1,1,1,1,1,1,1,1,2,1,1,744806.369,4425831.808,44.256,Sec,14786,0,1,0,8,6
894,1,2005120000243,2,7,11,3,1,1,1,CV-15,24.6,24,6,0,1,5,3,2,3,3,2,1,1,1,2,2,7,7,8,1,1,1,9,14,3,1,1,NaN,1,NaN,NaN,,NaN,,NaN,,NaN,54,50,NaN,1,4,2,1,1,1,1,1,1,1,1,1,1,1,1,1,1,1,1,2,1,2,751298.867,4464344.878,441.102,Per,2495,0,0,1,7,1
896,1,2005120000266,2,7,12,4,2,1,2,CV-190,3,3,0,1,1,5,3,2,3,3,2,1,1,1,2,1,1,1,8,1,1,1,9,14,3,1,1,NaN,1,2,NaN,,NaN,,NaN,,NaN,NaN,NaN,NaN,1,4,1,1,1,1,1,1,2,1,1,1,1,1,1,1,1,1,1,2,1,1,708426.011,4449167.365,906.413,Cob,4630,0,0,1,13,6
899,1,2005120000281,2,7,30,2,6,2,1,CV-235,4.9,4,9,0,1,5,2,3,3,1,2,1,1,1,1,1,7,7,8,1,5,1,9,14,2,1,1,NaN,2,NaN,NaN,,NaN,,NaN,,NaN,51,50,NaN,1,4,2,1,1,2,1,1,2,1,1,1,1,1,1,1,1,1,1,2,1,1,701462.782,4420700.344,620.572,Cob,1142,1,0,0,5,2
901,1,2005120000293,2,7,31,6,7,3,1,CV-11,16.5,16,5,1,1,5,2,3,3,3,2,1,1,2,2,2,7,7,8,1,1,1,9,14,3,1,1,NaN,1,NaN,NaN,,NaN,,NaN,,NaN,54,50,NaN,1,4,1,1,1,1,1,1,2,1,1,1,1,1,1,1,1,1,1,2,1,1,781996.264,4494870.868,187.984,Sec,4046,0,0,3,18,1
903,1,2005120000295,2,7,31,3,7,3,1,CV-10,40.3,40,3,1,1,5,3,2,3,4,2,1,2,1,1,1,7,7,5,3,1,4,9,14,3,1,2,9,1,NaN,NaN,,NaN,,NaN,,NaN,53,50,NaN,1,4,2,1,1,2,1,2,1,1,1,1,1,1,1,1,1,1,1,2,1,1,759358.517,4456714.665,301.275,NaN,0,0,1,2,7,1
906,1,2005120000307,2,8,1,6,1,4,1,CV-10,56.5,56,5,0,1,5,3,2,3,3,2,1,1,2,1,1,7,7,8,3,1,4,9,14,1,1,1,NaN,2,NaN,NaN,,NaN,,NaN,,66,NaN,60,NaN,1,4,1,1,1,1,1,2,1,1,1,1,1,1,1,1,1,1,1,2,1,1,761921.933,4461892.664,232.812,Cob,6644,0,1,0,19,4
910,1,2005120000327,2,8,4,4,4,1,1,CV-16,8.5,8,5,1,1,5,3,2,3,2,2,2,2,1,2,2,5,3,4,7,1,1,9,14,1,1,1,NaN,2,NaN,NaN,,NaN,,NaN,,NaN,53,50,NaN,1,4,1,1,1,1,1,2,2,1,1,1,1,1,1,1,1,1,1,2,1,1,745014.128,4433890.635,140.086,Sec,20435,0,1,0,14,6
912,1,2005120000347,2,8,7,4,7,3,1,CV-245,37.2,37,2,1,1,5,2,3,3,2,2,1,1,2,1,1,7,7,8,1,1,1,2,14,1,1,3,NaN,2,NaN,NaN,,NaN,,NaN,,NaN,53,50,NaN,1,4,2,2,1,1,1,1,2,1,1,1,1,1,1,1,1,2,1,2,1,2,696779.304,4398222.774,303.353,Cob,783,0,0,3,13,4
918,1,2005120000348,2,8,7,6,7,3,3,CV-185,1.5,1,5,0,1,5,3,2,3,3,2,1,1,1,2,1,7,7,8,1,1,1,9,14,3,1,3,NaN,2,5,NaN,,NaN,,NaN,,NaN,NaN,NaN,NaN,1,4,2,2,1,1,1,1,2,1,1,1,1,1,1,1,1,2,1,2,1,1,748634.516,4423006.501,9.078,Sec,11523,0,0,9,20,1
919,1,2005120000363,2,8,8,3,1,4,1,CV-16,10,10,0,1,1,5,3,1,3,3,2,1,2,1,1,2,5,2,4,1,1,1,9,14,1,1,1,NaN,2,NaN,NaN,,NaN,,12,9,NaN,NaN,NaN,NaN,1,4,1,1,1,1,1,2,2,1,1,1,1,1,1,1,1,1,1,2,1,1,746139.616,4432846.377,103.351,Sec,11726,0,0,1,8,6
922,1,2005120000391,2,8,11,3,4,1,1,CV-10,52.7,52,7,0,1,5,3,2,3,4,2,1,1,2,1,1,7,7,8,1,1,1,2,14,2,1,1,NaN,2,NaN,NaN,,NaN,,NaN,,66,NaN,60,NaN,1,4,2,1,1,1,1,1,1,1,1,1,1,1,1,1,1,1,1,2,1,2,760255.313,4458798.923,279.639,Cob,6644,0,1,0,8,3
924,1,2005120000399,2,8,13,6,6,2,1,CV-15,14.6,14,6,0,1,5,2,3,4,3,2,1,1,1,1,1,7,7,8,1,1,1,9,14,3,1,2,8,1,NaN,NaN,,NaN,,12,9,NaN,NaN,NaN,NaN,1,4,2,1,1,1,1,1,1,1,1,1,1,1,1,1,1,1,1,2,1,1,749374.068,4455436.455,274.949,Per,2495,0,1,0,19,1
927,1,2005120000405,2,8,15,2,1,3,1,CV-15,10.9,10,9,0,1,5,2,3,3,3,2,1,2,2,1,2,7,7,5,1,2,1,9,14,1,1,1,NaN,2,NaN,NaN,,NaN,,NaN,,NaN,53,50,NaN,1,4,2,1,2,2,1,1,2,1,1,1,1,1,1,1,1,1,1,2,1,1,751951.564,4453310.427,316.834,Cob,4743,0,0,1,6,1
930,1,2005120000424,2,8,18,5,4,1,1,CV-20,16.8,16,8,0,1,5,3,2,3,3,2,1,2,2,1,1,7,7,8,3,1,4,4,14,1,1,1,NaN,2,NaN,NaN,,NaN,,NaN,,NaN,63,60,NaN,1,4,1,1,1,1,1,2,1,1,1,1,1,1,2,1,1,1,1,2,1,1,731397.368,4430286.942,277.785,Cob,2835,0,0,2,16,5
932,1,2005120000429,2,8,20,1,6,2,2,CV-183,0.9,0,9,0,1,5,3,2,3,4,2,1,1,1,1,1,7,7,8,1,5,1,9,14,3,1,2,9,2,1,NaN,,NaN,,NaN,,NaN,NaN,NaN,NaN,1,4,1,1,1,1,1,1,1,1,1,1,1,1,1,1,1,2,1,2,1,1,752418.131,4426335.141,4.827,Cob,3587,0,0,1,0,1
934,1,2005120000432,2,8,21,5,7,3,1,CV-230,18.8,18,8,1,1,5,3,2,3,2,2,1,2,2,1,1,6,6,3,1,1,1,2,14,3,1,1,NaN,2,NaN,NaN,,NaN,,NaN,,NaN,62,60,NaN,1,4,1,1,1,1,2,1,1,1,1,1,1,1,1,1,1,1,1,2,1,1,727321.967,4412949.51,301.772,Sec,1824,0,0,1,16,6
935,1,2005120000434,2,8,16,6,2,4,1,CV-25,31.1,31,1,0,1,5,2,3,3,3,2,1,2,2,2,1,7,7,8,1,1,1,9,14,1,1,1,NaN,2,NaN,NaN,,NaN,,NaN,,NaN,64,60,NaN,1,4,1,1,1,1,1,2,2,1,1,1,1,1,1,1,1,1,1,2,1,1,712943.544,4410642.775,445.455,Cob,138,0,0,1,18,5
937,1,2005120000435,2,8,22,3,1,4,2,CV-223,30.8,30,8,1,1,5,2,3,3,3,2,1,1,2,1,1,7,7,8,1,1,1,2,14,1,1,1,NaN,2,3,NaN,,NaN,,NaN,,NaN,NaN,NaN,NaN,1,4,1,1,1,1,1,1,2,1,1,1,2,1,1,1,1,1,1,2,1,1,737932.147,4420029.102,144.337,Cob,3720,0,0,2,7,5
942,1,2005120000499,2,9,1,4,4,1,1,CV-160,13.6,13,6,0,1,5,3,3,3,3,2,1,2,1,1,1,7,7,8,1,1,1,9,14,3,1,3,NaN,1,NaN,NaN,,NaN,,NaN,,65,NaN,60,NaN,1,4,2,1,1,1,1,1,1,1,1,1,1,1,1,1,1,1,1,2,1,1,751361.706,4445381.363,233.756,Sec,2852,0,1,0,13,1
944,1,2005120000501,2,9,1,6,4,1,2,CV-190,12.1,12,1,1,1,5,2,3,3,1,2,1,2,2,1,1,7,7,8,1,2,1,2,4,2,1,1,NaN,2,3,NaN,,NaN,,NaN,,NaN,NaN,NaN,NaN,1,4,1,1,1,1,1,1,2,1,1,1,1,1,1,1,1,1,1,2,1,1,712958.457,4450025.541,982.548,Cob,2740,0,0,1,21,3
948,1,2005120000520,2,9,4,3,7,3,1,CV-14,26.6,26,6,1,1,5,2,3,3,1,2,1,2,1,1,1,7,7,8,1,1,1,9,14,2,1,3,NaN,1,NaN,NaN,,NaN,,NaN,,NaN,54,50,NaN,1,4,1,1,1,1,1,2,1,1,1,1,1,1,1,1,1,1,1,2,1,1,741735.034,4501678.916,745.027,Cob,1773,0,0,1,10,3
951,1,2005120000524,2,9,3,1,6,2,1,CV-190,12,12,0,0,1,5,2,2,3,1,2,1,1,1,1,1,7,7,8,1,5,1,2,14,1,1,1,NaN,2,NaN,NaN,,NaN,,NaN,,NaN,52,50,NaN,1,4,2,1,1,1,1,1,1,1,1,1,1,1,1,1,1,1,1,2,1,1,733745.609,4445596.346,402.24,Cob,2740,0,1,0,4,4
953,1,2005120000542,2,9,6,6,2,1,1,CV-10,22.8,22,8,1,1,2,3,2,3,4,2,2,2,1,2,2,4,1,8,1,1,1,9,14,3,1,1,NaN,2,NaN,NaN,,NaN,,NaN,,NaN,54,50,NaN,1,4,1,1,1,1,2,1,1,1,1,1,1,1,1,1,1,1,1,2,1,1,766154.251,4471740.162,209.176,Pri,19067,0,0,1,17,6
955,1,2005120000548,2,9,7,4,3,1,2,CV-190,10.8,10,8,1,1,5,2,3,3,2,2,1,2,2,1,1,7,7,8,3,1,5,2,14,1,1,1,NaN,1,1,NaN,,NaN,,NaN,,NaN,NaN,NaN,NaN,1,4,1,1,1,1,1,2,2,1,1,1,1,1,1,1,1,1,1,2,1,1,711719.069,4450432.694,1027.995,Cob,2740,0,1,0,12,2
957,1,2005120000558,2,9,8,4,4,1,1,CV-170,18.1,18,1,1,1,5,2,3,3,2,2,1,2,2,1,1,7,7,8,3,1,1,9,14,1,1,1,NaN,2,NaN,NaN,,NaN,,NaN,,NaN,54,50,NaN,1,4,1,1,1,1,1,2,1,1,1,1,1,1,1,1,1,1,1,2,1,1,731422.083,4463366.701,981.406,Cob,373,0,2,0,11,5
959,1,2005120000568,2,9,12,6,1,4,2,CV-190,22.5,22,5,1,1,5,3,2,3,1,2,1,2,2,1,1,7,7,8,3,1,4,2,14,1,1,3,NaN,2,1,NaN,,NaN,,NaN,,NaN,NaN,NaN,NaN,1,4,1,1,1,1,1,2,2,1,1,1,1,1,2,1,1,1,1,1,2,2,719009.482,4445707.413,852.389,Cob,566,0,0,1,17,5
962,1,2005120000570,2,9,10,4,6,2,3,CV-15,33.5,33,5,0,1,5,3,3,3,3,2,1,1,1,1,1,7,7,8,1,1,1,9,14,3,1,3,NaN,1,4,NaN,,NaN,,NaN,,NaN,NaN,NaN,NaN,1,4,2,1,1,1,1,1,1,1,1,1,1,1,1,1,1,1,1,2,1,1,753698.064,4471481.05,520.127,Sec,1411,0,0,2,12,1
966,1,2005120000586,2,9,14,6,3,1,2,CV-20,0.5,0,5,1,1,5,3,2,3,3,2,2,1,1,1,1,7,7,8,1,1,1,9,14,3,1,1,NaN,1,3,NaN,,NaN,,NaN,,NaN,NaN,NaN,NaN,1,4,2,1,1,1,1,1,2,1,1,1,1,1,1,1,1,1,1,2,1,1,703830.332,4444364.844,589.763,Sec,14786,0,1,0,19,1
968,1,2005120000599,2,9,18,6,7,3,1,CV-20,13.4,13,4,0,1,5,3,2,3,3,2,1,1,2,1,1,7,7,8,1,5,1,9,14,3,1,3,NaN,2,NaN,NaN,,NaN,,NaN,,66,NaN,60,NaN,1,4,2,1,1,1,1,1,1,1,1,1,1,1,1,1,1,1,1,2,1,1,733606.62,4428890.453,170.528,Cob,10099,0,0,1,21,2
972,1,2005120000608,2,9,20,3,2,1,2,CV-10,4.4,4,4,0,1,2,3,2,3,4,2,2,2,1,1,1,7,7,8,1,1,1,9,14,3,1,1,NaN,2,4,NaN,,NaN,,NaN,,NaN,NaN,NaN,NaN,2,4,1,1,1,1,1,1,2,1,1,1,1,1,1,1,1,1,1,2,1,1,739924.546,4419095.211,72.713,Cob,22905,0,0,1,10,1
975,1,2005120000613,2,9,22,5,4,1,1,CV-216,0.8,0,8,1,1,5,2,3,3,3,2,1,1,2,1,1,7,7,8,1,1,1,9,14,1,1,3,NaN,2,NaN,NaN,,NaN,,NaN,,56,NaN,50,NaN,1,4,2,1,2,1,1,1,1,1,1,1,1,1,1,1,1,1,1,2,1,1,712202.246,4416907.119,480.371,Cob,231,0,1,0,15,5
976,1,2005120000614,2,9,22,6,4,1,1,CV-10,47.1,47,1,0,1,5,3,2,3,4,2,1,1,1,1,1,7,7,8,1,5,1,9,14,3,1,1,NaN,2,NaN,NaN,,21,21,NaN,,NaN,NaN,NaN,NaN,1,4,1,1,1,1,1,1,2,1,1,1,1,1,1,1,1,1,1,2,1,1,759344.211,4453480.211,262.563,Cob,6644,0,0,1,20,1
979,1,2005120000622,2,9,24,4,6,2,1,CV-235,5.5,5,5,0,1,5,2,2,3,1,2,1,2,2,1,1,7,7,8,1,1,1,2,14,3,1,1,NaN,2,NaN,NaN,,NaN,,NaN,,NaN,62,60,NaN,1,4,1,1,1,1,1,2,2,1,1,1,1,1,1,1,1,1,1,2,1,1,701286.67,4420182.484,598.127,Cob,1142,0,1,0,13,3
980,1,2005120000647,2,9,27,5,2,1,1,CV-16,5.5,5,5,1,1,5,3,2,3,3,2,2,1,1,1,1,5,6,4,1,1,1,9,14,1,2,3,NaN,2,NaN,NaN,,NaN,,12,9,NaN,NaN,NaN,NaN,1,4,2,1,1,1,1,1,1,1,1,1,1,1,1,1,1,1,1,2,1,2,743145.511,4435859.762,135.455,Sec,20435,0,0,1,16,6
983,1,2005120000658,2,9,30,5,5,1,1,CV-20,1.8,1,8,0,1,5,3,2,3,1,2,1,1,1,2,2,5,2,8,1,1,1,9,14,1,1,1,NaN,2,NaN,NaN,,NaN,,NaN,,NaN,63,60,NaN,1,4,1,1,1,1,1,2,1,1,1,1,1,1,1,1,1,1,1,2,1,1,743627.476,4425953.402,49.757,Sec,14786,0,0,1,15,6
984,1,2005120000668,2,10,2,6,7,3,1,CV-17,0.8,0,8,1,1,5,3,2,3,4,2,1,2,1,1,1,7,7,8,1,1,1,9,14,3,1,1,NaN,1,NaN,NaN,,NaN,,NaN,,NaN,62,60,NaN,1,4,2,1,1,2,1,1,1,1,1,1,1,1,1,1,1,1,1,2,1,1,746114.035,4430945.971,73.151,Sec,16925,0,1,1,19,2
989,1,2005120000688,2,10,9,5,7,3,1,CV-245,25.1,25,1,0,1,5,2,2,3,3,2,1,2,2,1,1,7,7,8,1,1,1,2,14,2,1,3,NaN,1,NaN,NaN,,NaN,,NaN,,NaN,63,60,NaN,1,4,1,1,1,1,1,2,1,1,1,1,1,1,1,1,1,1,1,2,1,1,703589.918,4411643.607,938.037,Cob,783,0,1,0,16,3
992,1,2005120000691,2,10,9,3,7,3,1,CV-20,18.8,18,8,0,1,5,3,2,1,1,2,1,1,2,1,1,7,7,8,1,1,1,9,14,1,1,1,NaN,4,NaN,NaN,,NaN,,NaN,,66,NaN,60,NaN,1,4,1,1,1,1,1,2,1,1,1,2,1,1,1,1,1,1,1,2,1,1,729996.592,4430997.685,244.991,Cob,2835,0,0,1,9,1