Id,Ano,Numero_Accidente,Provincia,Mes,Dia,Hora,Dia_Semana,Tipo_Dia,Vehiculos_Implicados,Carretera,Pk,Km,Hm,Sentido,Zona,Tipo_Via,Anchura_Calzada,Anchura_Carril,Marcas_Viales,Arcen,Arcen_Pavimentado,Mediana,Barrera_Seguridad,Paneles_Direccionales,Hitos_Arista,Captafaros,Interseccion_Tipo,Interseccion_Acondicionamiento,Prioridad_Regulada_por,Superficie,Luminosidad,Factores_Atmosfericos,Visibilidad_Restringida_por,Otras_Circunstancias,Senalizacion_Peligro,Aceras,Arboles,Arboles_Metros_Calzada,Visibilidad_Senalizacion_Vertical,Colision_Vehiculos_Marcha,Colision_Vehiculo_Obstaculo_1,Colision_Vehiculo_Obstaculo_2,Atropello_1,Atropello_2,Vuelco_1,Vuelco_2,Salida_Sin_Colision,Salida_Con_Colision,Lado_Salida,Otro,Circulacion,Circulacion_Medidas_Especiales,Distraccion,Inexperiencia_Conductor,Alcohol_Drogas,Cansancio_Sueno,Enfermedad,Velocidad_Inadecuada,Infraccion_Norma_Circulacion,Estado_Condicion_Via,Estado_Condicion_Senalizacion,Tramo_Obras,Mal_Estado_Vehiculo,Averia_Mecanica,Meteorologia_Adversa,Irrupcion_Animal,Circular_Sentido_Contrario,Otro_Factor,Sin_Opinion_Definida,Pendiente,Curvatura,Peralte,GPS_x,GPS_y,GPS_z,Tipo_Est,IMD,N_Muertos,N_Graves,N_Leves,Hora_Real,Fuera_o_Interseccion
994,1,2005120000695,2,10,10,3,1,1,1,CV-18,5.9,5,9,1,1,5,2,2,3,3,2,1,1,1,1,1,7,7,8,1,2,1,9,14,2,1,1,NaN,2,NaN,NaN,,NaN,,NaN,,NaN,63,60,NaN,2,4,2,1,1,2,1,1,1,1,1,1,1,1,1,1,1,1,1,2,1,1,748346.605,4420071.728,1.224,Cob,13020,0,0,1,7,1
1001,1,2005120000720,2,10,10,6,1,1,1,CV-10,14.9,14,9,0,1,2,3,2,3,4,2,2,2,1,2,2,7,7,8,1,2,1,9,14,2,1,1,NaN,1,NaN,NaN,,NaN,,NaN,,NaN,64,60,NaN,1,4,2,1,2,1,1,1,1,1,1,1,1,1,1,1,1,1,1,2,1,1,743034.844,4428281.38,79.125,Sec,28983,0,0,1,19,2
1006,1,2005120000739,2,10,12,3,3,3,1,CV-15,8.6,8,6,0,1,5,2,3,3,1,2,1,1,1,1,1,7,7,8,3,1,4,9,14,3,1,1,NaN,1,NaN,NaN,,NaN,,NaN,,NaN,63,60,NaN,1,4,2,1,1,2,1,1,1,1,1,1,1,1,2,1,1,1,1,2,1,1,752792.441,4451502.665,267.687,Cob,4797,0,0,1,7,2
1014,1,2005120000757,2,10,15,3,6,2,2,CV-20,20.3,20,3,0,1,5,3,2,3,3,2,1,2,2,1,1,7,7,8,3,1,4,2,4,1,1,1,NaN,2,NaN,NaN,,NaN,,12,9,NaN,NaN,NaN,NaN,1,4,1,1,1,1,1,1,1,1,1,1,1,1,1,1,1,2,1,2,1,2,729089.505,4431692.696,309.122,Cob,2835,0,0,2,10,4
1017,1,2005120000760,2,10,13,6,4,4,1,CV-170,2.9,2,9,1,1,5,2,3,3,1,2,1,1,2,1,1,7,7,8,1,1,1,2,14,3,1,1,NaN,2,NaN,NaN,,NaN,,NaN,,NaN,53,50,NaN,3,4,1,1,1,1,1,2,1,1,1,1,1,1,1,1,1,1,1,2,1,1,723625.175,4464371.592,1157.514,Cob,1230,0,0,3,19,4
1018,1,2005120000763,2,10,12,4,3,3,1,CV-20,37.7,37,7,0,1,5,2,2,3,3,2,1,1,1,1,1,7,7,5,3,1,4,9,14,1,1,3,NaN,2,NaN,NaN,,NaN,,NaN,,NaN,63,60,NaN,1,4,1,1,1,1,1,2,1,1,1,1,1,1,1,1,1,1,1,2,2,2,718709.143,4437659.693,374.326,Cob,586,0,2,0,13,2
1020,1,2005120000764,2,10,15,1,6,2,1,CV-215,8.6,8,6,0,2,5,1,3,1,1,2,1,1,1,1,1,7,7,8,1,3,1,9,14,3,1,1,NaN,1,NaN,NaN,,NaN,,NaN,,NaN,53,50,NaN,1,4,2,2,1,1,1,1,1,1,1,1,1,1,1,1,1,1,1,2,1,1,720394.785,4421210.75,476.504,Cob,148,0,1,2,0,1
1021,1,2005120000768,2,10,18,4,2,1,1,CV-15,37.1,37,1,0,1,5,2,3,3,3,2,1,1,2,2,2,7,7,8,1,1,1,9,14,3,1,1,NaN,1,NaN,NaN,,NaN,,NaN,,NaN,61,60,NaN,3,4,1,1,1,1,1,2,1,1,1,1,1,1,1,1,1,1,1,2,1,1,750727.895,4473297.481,577.747,Cob,2040,0,0,2,14,2
1023,1,2005120000770,2,10,19,4,3,1,1,CV-10,19,19,0,0,1,2,3,2,3,4,2,2,2,2,2,2,1,6,4,1,1,1,9,14,1,1,1,NaN,2,NaN,NaN,,NaN,,NaN,,NaN,52,50,NaN,1,4,1,1,1,1,1,2,1,1,1,1,1,1,1,1,1,1,1,2,1,1,745874.11,4430895.896,69.99,Pri,19067,0,1,0,12,6
1031,1,2005120000790,2,10,21,1,5,1,1,CV-240,5.6,5,6,0,1,5,1,3,3,1,2,1,1,2,1,1,7,7,8,1,5,1,9,14,1,1,3,NaN,2,NaN,NaN,,NaN,,NaN,,NaN,51,50,NaN,1,4,1,1,1,1,1,2,1,1,1,1,1,1,1,1,1,1,1,2,1,1,693331.852,4428565.935,977.883,Cob,349,0,0,5,23,4
1032,1,2005120000791,2,10,24,4,1,1,1,CV-190,8,8,0,0,1,5,2,3,3,1,2,1,1,2,1,1,7,7,8,1,1,1,9,14,1,1,1,NaN,2,NaN,NaN,,NaN,,12,9,NaN,NaN,NaN,NaN,1,4,1,1,1,1,1,1,2,1,1,1,1,1,1,1,1,1,1,2,1,1,737067.821,4444349.476,342.436,Cob,2740,0,0,1,13,5
1033,1,2005120000793,2,10,22,1,6,2,1,CV-10,14,14,0,0,1,2,3,2,3,4,2,2,2,1,1,1,7,7,8,1,5,1,9,14,3,1,1,NaN,2,NaN,NaN,,NaN,,NaN,,NaN,62,60,NaN,1,4,1,1,1,1,1,1,1,1,1,1,1,1,1,1,1,2,1,2,1,1,742620.951,4427605.704,77.113,Sec,28983,0,1,1,23,1
1037,1,2005120000797,2,10,23,3,7,3,1,CV-10,67.2,67,2,0,1,5,2,2,3,3,2,1,2,2,1,1,7,7,8,3,5,4,9,14,1,1,1,NaN,2,NaN,NaN,,NaN,,NaN,,NaN,54,50,NaN,1,4,1,1,1,1,1,2,1,1,1,1,1,1,1,1,1,1,1,2,1,2,765639.417,4471288.558,204.452,Cob,3547,0,3,0,7,5
1038,1,2005120000798,2,10,23,3,7,3,1,CV-215,3.5,3,5,1,1,5,2,2,3,1,2,1,1,2,1,1,7,7,8,1,1,1,2,14,3,1,1,NaN,2,NaN,NaN,,NaN,,NaN,,66,NaN,60,NaN,1,4,1,1,1,1,1,2,2,2,1,1,1,1,1,1,1,1,1,2,1,2,721309.077,4421101.528,513.64,Cob,148,0,0,1,9,3
1039,1,2005120000799,2,10,23,6,7,3,1,CV-230,25.8,25,8,1,1,5,2,3,3,3,2,1,2,2,1,2,7,7,8,1,4,1,9,14,1,1,1,NaN,1,NaN,NaN,,NaN,,NaN,,66,NaN,60,NaN,1,4,2,1,1,2,1,1,1,1,1,1,1,1,1,1,1,1,1,2,1,1,721491.932,4411032.136,235.582,Cob,4002,0,0,1,19,1
1049,1,2005120000814,2,10,29,2,6,2,1,CV-10,56.2,56,2,0,1,5,3,3,3,3,2,1,1,2,2,2,7,7,8,3,5,3,9,14,3,1,1,NaN,2,NaN,NaN,,NaN,,NaN,,NaN,53,50,NaN,1,4,2,1,1,2,1,1,1,1,1,1,1,1,1,1,1,1,1,2,1,2,761834.506,4461714.814,240.705,Cob,6644,0,0,1,5,2
1051,1,2005120000823,2,10,30,3,7,3,1,CV-235,19.6,19,6,1,1,5,2,3,3,3,2,1,2,2,1,1,7,7,8,1,1,1,2,14,1,1,3,NaN,2,NaN,NaN,,NaN,,NaN,,NaN,64,60,NaN,1,4,1,1,1,1,1,2,2,1,1,1,1,1,1,1,1,1,1,2,2,1,700169.248,4419494.917,605.692,Cob,174,0,0,1,10,5
1054,1,2005120000842,2,11,4,4,5,1,1,CV-121,3.7,3,7,0,1,5,2,3,3,1,2,1,1,2,1,1,7,7,8,1,1,1,9,14,3,1,1,NaN,2,NaN,NaN,,NaN,,12,9,NaN,NaN,NaN,NaN,1,4,2,1,1,1,1,1,1,1,1,1,1,1,1,1,1,1,1,2,1,1,725009.724,4501334.46,965.816,Cob,389,0,0,1,12,4
1056,1,2005120000843,2,11,5,1,6,2,2,CV-125,12.5,12,5,1,1,5,2,2,4,1,2,1,1,1,1,1,2,1,3,1,4,1,9,14,3,1,1,NaN,1,NaN,NaN,,NaN,,NaN,,NaN,54,50,NaN,1,4,1,1,1,1,1,1,2,1,1,1,1,1,1,1,1,1,1,2,1,1,733087.948,4493426.717,1198.813,Cob,158,0,0,0,2,6
1059,1,2005120000852,2,11,6,5,7,3,1,CV-25,35.3,35,3,1,1,5,1,3,3,3,2,1,1,1,1,1,7,7,8,1,1,1,9,14,2,2,3,NaN,1,NaN,NaN,,21,21,NaN,,NaN,NaN,NaN,NaN,1,4,1,1,1,1,1,1,2,1,1,1,1,1,1,1,1,2,1,2,1,1,707733.617,4391576.761,154.614,Cob,138,0,2,0,16,2
1063,1,2005120000876,2,11,8,5,2,1,3,CV-18,4.2,4,2,1,1,5,3,2,3,3,2,1,2,1,1,1,1,1,8,1,1,1,9,14,1,1,1,NaN,2,5,NaN,,NaN,,NaN,,NaN,NaN,NaN,NaN,1,4,1,1,2,1,1,1,2,1,1,1,1,1,1,1,1,1,1,2,1,1,747511.872,4418650.133,-3.663,Cob,13020,0,0,1,15,6
1069,1,2005120000890,2,11,9,6,3,1,2,CV-185,0.2,0,2,1,1,5,2,2,3,3,2,1,2,2,2,2,7,7,8,1,2,1,9,14,1,1,1,NaN,2,2,NaN,,NaN,,NaN,,NaN,NaN,NaN,NaN,1,4,2,1,2,1,1,2,1,1,1,1,1,1,1,1,1,1,1,2,1,1,749633.17,4420230.442,-4.518,Sec,11523,0,0,1,18,4
1072,1,2005120000899,2,11,10,6,4,1,3,CV-17,2.3,2,3,0,1,5,2,2,3,3,2,1,1,1,1,1,7,7,8,3,5,5,4,14,3,1,3,NaN,1,5,NaN,,NaN,,NaN,,NaN,NaN,NaN,NaN,1,4,2,1,1,1,1,1,1,1,1,1,1,1,1,1,1,1,1,2,1,1,746843.076,4431053.631,66.987,Sec,16925,0,0,1,20,1
1078,1,2005120000905,2,11,10,5,4,1,2,CV-170,6.8,6,8,1,1,5,2,3,4,2,1,1,2,2,1,1,7,7,8,3,1,2,2,4,1,1,1,NaN,2,2,NaN,,NaN,,NaN,,NaN,NaN,NaN,NaN,1,4,1,1,1,1,1,2,1,1,1,1,1,1,1,1,1,1,1,2,1,1,725503.88,4465143.147,1184.272,Cob,1230,0,0,4,16,5
1082,1,2005120000917,2,11,12,1,6,2,1,CV-230,11.9,11,9,0,1,5,2,3,3,3,2,1,1,1,1,1,7,7,8,3,5,1,9,14,3,1,1,NaN,1,NaN,NaN,,NaN,,NaN,,NaN,54,50,NaN,1,4,1,1,1,1,1,2,1,1,1,1,1,1,1,1,1,1,1,2,1,1,730861.727,4412075.19,350.047,Sec,1824,0,0,1,2,3
1088,1,2005120000923,2,11,14,3,1,1,5,CV-20,0.2,0,2,0,1,5,3,2,3,3,2,1,2,1,1,1,7,7,8,3,1,5,4,3,3,1,1,NaN,1,5,NaN,,NaN,,NaN,,NaN,NaN,NaN,NaN,2,4,1,1,1,1,1,1,2,1,1,1,1,1,1,1,1,1,1,2,1,1,745202.251,4425791.179,46.298,Sec,14786,0,0,1,10,1
1090,1,2005120000928,2,11,14,5,1,1,1,CV-10,42.2,42,2,1,1,5,3,2,3,3,2,1,1,1,1,1,5,1,4,3,1,5,4,14,1,1,1,NaN,2,NaN,NaN,,NaN,,NaN,,NaN,63,60,NaN,1,4,2,1,2,1,1,2,1,1,1,1,1,1,1,1,1,1,1,2,1,1,759277.58,4454861.214,270.468,NaN,0,0,0,1,16,6
1096,1,2005120000929,2,11,14,6,1,1,2,CV-20,8.8,8,8,1,1,5,3,2,3,3,2,2,2,1,2,2,5,1,4,1,1,1,9,14,1,1,1,NaN,2,2,NaN,,NaN,,NaN,,NaN,NaN,NaN,NaN,1,4,2,1,2,1,1,2,1,1,1,1,1,1,1,1,1,1,1,2,1,1,707632.383,4440388.132,582.178,Pri,20610,0,0,1,17,6
1102,1,2005120000930,2,11,14,6,1,1,2,CV-18,11.8,11,8,0,1,5,3,2,3,3,2,2,1,1,2,2,5,1,4,3,4,5,4,14,1,1,1,NaN,2,2,NaN,,NaN,,NaN,,NaN,NaN,NaN,NaN,1,4,1,1,1,1,1,2,1,1,1,1,1,1,1,1,1,1,1,2,1,1,747513.291,4418707.327,-3.67,Cob,6213,0,0,1,19,6
1105,1,2005120000952,2,11,20,1,7,3,1,CV-15,2.6,2,6,1,1,5,2,3,3,4,2,1,1,1,1,1,7,7,8,3,5,5,4,14,3,1,1,NaN,1,NaN,NaN,,NaN,,NaN,,65,NaN,60,NaN,1,4,2,1,1,1,1,1,1,1,1,1,1,1,1,1,1,1,1,2,1,1,729823.567,4481975.145,1162.447,Cob,4797,0,3,0,1,1
1111,1,2005120000993,2,11,26,4,6,2,1,CV-245,26.1,26,1,0,1,5,2,2,3,1,2,1,2,2,2,1,7,7,8,1,1,1,9,14,2,1,1,NaN,1,NaN,NaN,,NaN,,NaN,,NaN,53,50,NaN,1,4,1,1,1,1,1,2,2,1,1,1,1,1,1,1,1,1,1,2,2,3,703887.971,4412356.905,886.688,Cob,783,0,0,1,13,3
1117,1,2005120001009,2,11,29,4,2,1,1,CV-15,7,7,0,1,1,5,3,2,3,3,2,1,1,1,1,1,1,1,3,1,1,1,9,14,1,1,1,NaN,2,NaN,NaN,,NaN,,NaN,,NaN,61,60,NaN,1,4,2,1,1,1,1,1,1,1,1,1,1,1,1,1,1,1,1,2,1,1,732792.674,4479034.724,1107.591,Cob,4797,0,0,1,14,6
1124,1,2005120001026,2,12,4,4,7,3,2,CV-235,21.6,21,6,0,1,5,3,3,3,4,2,1,1,2,1,1,7,7,8,1,1,1,9,14,1,1,1,NaN,2,1,NaN,,NaN,,NaN,,NaN,NaN,NaN,NaN,1,4,1,1,1,1,1,2,2,1,1,1,1,1,1,1,1,1,1,2,2,2,696392.94,4413633.373,983.519,Cob,174,0,1,0,12,5
1129,1,2005120001036,2,12,6,3,2,3,1,CV-18,1.3,1,3,0,1,5,3,1,3,4,2,1,1,1,1,2,5,1,8,1,1,1,9,14,3,1,1,NaN,1,NaN,30,32,NaN,,NaN,,NaN,NaN,NaN,NaN,1,4,2,1,1,1,1,1,1,1,1,1,1,1,1,1,1,1,1,2,2,3,751457.174,4427154.485,17.184,Pri,25107,0,1,0,9,6
1131,1,2005120001038,2,12,6,4,2,3,1,CV-235,9,9,0,1,1,5,2,3,3,1,2,1,2,2,1,1,7,7,8,1,1,1,9,14,1,1,3,NaN,2,NaN,NaN,,NaN,,NaN,,67,NaN,60,NaN,1,4,2,1,1,1,1,2,2,1,1,1,1,1,1,1,1,1,1,2,1,1,695822.397,4415604.602,928.814,Cob,1142,0,0,1,13,2
1135,1,2005120001052,2,12,10,6,6,2,1,CV-18,14.6,14,6,0,1,5,3,3,3,3,2,1,2,2,1,1,7,7,8,7,1,1,2,8,1,1,1,NaN,2,NaN,NaN,,NaN,,NaN,,NaN,62,60,NaN,1,4,1,1,1,1,1,2,1,1,1,1,1,1,1,1,1,1,1,2,1,1,745329.186,4417038.874,-6.349,Cob,10533,0,1,0,17,5
1142,1,2005120001117,2,12,20,3,2,1,1,CV-10,56.5,56,5,1,1,5,3,2,3,3,2,1,1,2,2,1,7,7,8,1,1,1,9,14,3,1,1,NaN,1,NaN,NaN,,NaN,,NaN,,NaN,63,60,NaN,1,4,1,1,1,1,1,2,1,1,1,1,1,1,1,1,1,1,1,2,1,1,754952.543,4442054.093,280.457,Cob,6644,0,0,1,10,2
1147,1,2005120001131,2,12,22,6,4,1,2,CV-135,20.3,20,3,1,1,5,2,2,3,1,2,1,1,2,1,1,7,7,8,1,1,1,9,14,3,1,1,NaN,1,4,NaN,,NaN,,NaN,,NaN,NaN,NaN,NaN,1,4,2,1,1,1,1,1,1,1,1,1,1,1,1,1,1,1,1,2,1,1,774647.051,4485465.708,286.954,Pri,4734,0,0,1,18,1
1155,1,2005120001162,2,12,31,4,6,2,1,CV-235,19.6,19,6,1,1,5,2,3,3,3,2,1,2,2,1,1,7,7,8,1,1,1,2,14,3,1,1,NaN,2,NaN,NaN,,NaN,,NaN,,66,NaN,60,NaN,1,4,1,1,1,1,1,2,2,1,1,1,1,1,1,1,1,1,1,2,2,1,700267.379,4419491.823,608.503,Cob,174,0,0,1,13,5
1161,1,2005460000015,3,6,3,2,5,1,1,CV-610,14.8,14,8,0,1,5,2,3,3,1,2,1,1,2,1,1,7,7,8,1,5,1,2,14,1,1,3,NaN,2,NaN,NaN,,NaN,,NaN,,NaN,53,50,NaN,1,4,2,1,1,1,1,2,1,1,1,1,1,1,1,1,1,1,1,2,1,1,726439.825,4314113.672,211.872,Cob,4010,0,0,5,5,5
1168,1,2005460000029,3,6,4,6,6,2,1,CV-36,5,5,0,0,1,2,3,1,3,2,2,2,1,2,2,2,7,7,8,1,1,1,9,8,1,1,1,NaN,2,NaN,NaN,,NaN,,NaN,,NaN,54,50,NaN,1,4,2,1,1,1,1,2,1,1,1,2,1,1,1,1,1,1,1,2,1,1,713158.593,4368992.641,56.039,Cob,31108,0,1,0,18,2
1173,1,2005460000031,3,6,5,6,7,3,1,CV-410,1.9,1,9,1,1,5,1,1,3,5,2,1,1,2,2,1,7,7,8,1,1,1,9,14,1,1,1,NaN,2,NaN,NaN,,NaN,,NaN,,56,NaN,50,NaN,3,4,2,2,1,1,1,2,2,1,1,1,1,1,1,1,1,1,1,2,1,1,717207.021,4371847.626,33.75,Cob,30590,0,1,3,17,5
1177,1,2005460000043,3,6,4,6,6,2,1,CV-35,94.5,94,5,1,1,5,1,3,3,1,2,1,1,1,1,1,7,7,8,1,5,1,9,14,3,1,1,NaN,1,NaN,NaN,,NaN,,NaN,,NaN,61,60,NaN,1,4,1,1,1,1,1,1,1,1,1,1,1,1,1,1,1,2,1,2,1,1,715824.721,4381659.2,80.2,Cob,440,0,0,1,20,1
1206,1,2005460000086,3,6,9,2,4,1,3,CV-60,25.5,25,5,0,1,5,3,2,3,1,2,1,1,1,1,1,1,1,8,1,2,1,9,14,1,1,1,NaN,2,NaN,NaN,,NaN,,NaN,,NaN,NaN,NaN,71,1,4,2,1,1,1,1,1,1,1,1,1,1,1,1,1,1,1,1,2,1,2,733590.481,4310143.051,179.956,Cob,15682,0,0,2,5,6
1212,1,2005460000118,3,6,13,3,1,4,1,CV-41,17.8,17,8,1,1,5,2,2,3,3,2,1,1,1,2,1,7,7,8,1,1,1,9,14,2,1,1,NaN,2,NaN,NaN,,NaN,,NaN,,NaN,52,50,NaN,1,4,1,1,1,1,2,1,1,1,1,1,1,1,1,1,1,1,1,2,1,2,720115.229,4334256.411,2.85,Cob,8853,0,0,1,9,2
1235,1,2005460000151,3,6,13,6,1,4,1,CV-33,6.6,6,6,0,1,2,2,2,3,3,2,2,2,2,2,2,7,7,8,1,1,1,9,8,1,1,1,NaN,2,NaN,NaN,,NaN,,NaN,,NaN,53,50,NaN,1,4,1,1,1,1,1,2,2,1,1,2,1,1,1,1,1,1,1,2,1,1,719631.684,4367230.468,17.535,Pri,48699,0,1,0,20,5
1238,1,2005460000155,3,6,17,6,5,1,1,CV-715,3.9,3,9,0,1,5,3,2,3,4,2,1,1,1,1,1,7,7,8,1,5,1,9,14,3,1,1,NaN,2,NaN,NaN,,21,19,NaN,,NaN,NaN,NaN,NaN,1,4,1,1,1,1,1,1,2,1,1,1,1,1,1,1,1,1,1,2,2,1,753121.321,4301674.482,138.458,Cob,5152,3,0,0,22,1
1242,1,2005460000182,3,6,15,3,3,1,1,CV-35,55.3,55,3,1,1,5,3,2,3,3,2,1,1,1,1,1,7,7,8,1,1,1,9,14,3,1,1,NaN,1,NaN,NaN,,NaN,,NaN,,67,NaN,60,NaN,1,4,1,1,1,1,1,2,1,1,1,1,1,1,1,1,1,1,1,2,1,1,684692.415,4396725.863,360.597,Sec,2088,0,0,1,8,5
1248,1,2005460000200,3,6,17,6,5,1,2,CV-35,3,3,0,0,1,2,3,2,2,4,2,2,2,1,2,2,7,7,8,1,1,1,9,14,3,1,1,NaN,1,3,NaN,,NaN,,NaN,,NaN,NaN,NaN,NaN,1,4,1,1,1,1,1,1,2,1,1,1,1,1,1,1,1,1,1,2,1,1,721342.935,4376757.345,36.184,Per,124800,0,0,1,21,1
1250,1,2005460000201,3,6,17,3,5,1,1,CV-36,2.5,2,5,0,1,7,3,2,3,3,2,2,1,1,1,2,5,2,8,1,1,1,9,14,1,1,1,NaN,2,NaN,NaN,,NaN,,12,9,NaN,NaN,NaN,NaN,1,4,1,1,1,1,1,2,1,1,1,1,1,1,1,1,1,1,1,2,1,1,715691.706,4369349.42,39.923,Pri,80148,0,0,1,8,6
1258,1,2005460000213,3,6,21,3,2,1,2,CV-41,4.3,4,3,1,1,5,3,2,3,3,2,1,2,1,2,1,5,1,4,1,1,1,9,14,1,1,1,NaN,2,3,NaN,,NaN,,NaN,,NaN,NaN,NaN,NaN,1,4,1,1,1,1,1,1,2,1,1,1,1,1,1,1,1,1,1,2,1,1,715987.712,4322759.998,51.217,Pri,8418,0,0,1,8,6
1262,1,2005460000247,3,6,26,5,7,3,1,CV-41,15.1,15,1,0,1,5,3,2,3,3,2,1,1,1,1,1,7,7,8,1,1,1,9,14,3,1,1,NaN,1,NaN,NaN,,NaN,,NaN,,66,NaN,60,NaN,1,4,2,1,1,1,1,1,1,1,1,1,1,1,1,1,1,1,1,2,1,1,716464.45,4323832.015,57.605,Cob,8853,0,0,1,16,1
1264,1,2005460000249,3,6,27,6,1,1,1,CV-42,11,11,0,0,1,5,2,2,3,3,2,1,1,1,1,1,7,7,8,1,1,1,9,14,3,1,1,NaN,2,NaN,NaN,,NaN,,NaN,,NaN,54,50,NaN,1,4,2,1,1,1,1,1,1,1,1,1,1,1,1,1,1,1,1,2,1,1,722807.447,4346842.267,-4.657,Cob,9746,0,0,1,17,1
1267,1,2005460000256,3,6,28,3,2,1,1,CV-32,0.8,0,8,0,1,2,3,2,3,3,2,1,1,1,1,1,5,1,4,1,1,1,9,14,3,1,1,NaN,2,NaN,NaN,,NaN,,NaN,,66,NaN,60,NaN,1,4,2,2,1,1,1,2,2,1,1,1,1,1,1,1,1,1,1,2,1,1,731810.089,4381716.847,-19.172,Per,30492,0,0,1,9,6
1277,1,2005460000269,3,6,22,6,3,1,3,CV-35,8,8,0,0,1,2,3,2,3,4,2,2,2,2,2,2,7,7,8,3,1,4,9,14,3,1,1,NaN,1,4,NaN,,NaN,,NaN,,NaN,NaN,NaN,NaN,3,4,1,1,1,1,1,1,1,1,1,1,1,1,1,1,1,1,1,2,1,1,718236.963,4380535.666,87.354,Per,88400,0,0,1,20,1
1285,1,2005460000286,3,6,26,4,7,3,3,CV-500,7,7,0,0,1,5,3,2,3,3,2,1,1,1,2,2,7,7,8,1,1,1,9,14,3,1,1,NaN,1,5,NaN,,NaN,,NaN,,NaN,NaN,NaN,NaN,2,4,1,1,1,1,1,1,2,1,1,1,1,1,1,1,1,1,1,2,1,1,729677.85,4363237.201,-18.09,Cob,18648,0,0,5,13,1
1289,1,2005460000304,3,6,28,4,2,1,1,CV-35,12,12,0,1,1,2,3,2,3,4,2,2,2,1,2,2,7,7,8,3,1,4,9,14,3,1,1,NaN,1,NaN,NaN,,NaN,,12,9,NaN,NaN,NaN,NaN,1,4,1,1,1,1,1,2,1,1,1,1,1,1,1,1,1,1,1,2,1,1,661202.653,4420688.86,896.801,Per,74637,0,0,1,14,2
1296,1,2005460000318,3,6,29,3,3,1,1,CV-60,34.7,34,7,0,1,5,3,2,3,3,2,1,1,1,2,2,7,7,8,1,1,1,9,14,1,1,1,NaN,1,NaN,NaN,,NaN,,NaN,,66,NaN,60,NaN,1,4,2,1,1,1,1,1,1,1,1,1,1,1,1,1,1,1,1,2,1,1,741091.159,4313532.624,34.563,Sec,7052,0,0,1,8,1
1308,1,2005460000374,3,7,6,3,3,1,2,CV-369,1.7,1,7,1,1,5,3,2,3,4,2,1,1,1,1,1,1,1,8,1,1,1,9,14,3,1,3,NaN,2,3,NaN,,NaN,,NaN,,NaN,NaN,NaN,NaN,1,4,1,1,1,1,1,1,2,1,1,1,1,1,1,1,1,1,1,2,1,2,709196.272,4387520.51,103.574,NaN,0,0,1,0,9,6
1310,1,2005460000377,3,7,5,6,2,1,1,CV-50,14.6,14,6,1,1,5,3,2,3,4,2,1,1,1,1,1,7,7,8,1,1,1,9,14,3,1,1,NaN,1,NaN,NaN,,NaN,,NaN,,55,NaN,50,NaN,1,4,2,1,1,2,1,1,1,1,1,1,1,1,1,1,1,1,1,2,1,1,700551.733,4376681.428,195.234,Cob,14639,0,0,1,17,1
1312,1,2005460000381,3,7,5,5,2,1,1,CV-31,2.7,2,7,0,1,2,3,2,3,4,2,2,2,2,2,2,1,1,8,1,1,1,9,14,1,1,1,NaN,2,NaN,NaN,,NaN,,NaN,,NaN,53,50,NaN,1,4,1,1,1,1,1,2,1,1,1,1,1,1,1,1,1,1,1,2,1,1,720776.213,4376944.855,29.949,Cob,42120,0,0,1,16,6
1314,1,2005460000384,3,7,8,6,5,1,1,CV-81,1.5,1,5,0,1,5,3,2,3,1,2,1,1,2,2,1,5,1,4,3,3,4,9,14,1,2,3,NaN,2,NaN,NaN,,NaN,,NaN,,NaN,61,60,NaN,1,4,1,1,1,1,1,2,1,1,1,1,1,1,1,1,1,1,1,2,2,2,710844.76,4301025.049,325.994,Sec,15319,0,0,1,21,7
1316,1,2005460000400,3,7,10,2,7,3,1,CV-667,1.9,1,9,0,2,5,3,2,3,3,2,1,1,1,1,1,7,7,8,1,4,1,1,14,1,2,1,NaN,2,NaN,NaN,,NaN,,NaN,,NaN,62,60,NaN,1,4,2,1,1,1,1,1,1,1,1,1,1,1,1,1,1,1,1,2,1,1,718949.179,4304537.841,227.189,Cob,3916,0,0,1,6,5
1320,1,2005460000401,3,7,9,6,6,2,2,CV-610,13.8,13,8,1,2,5,3,2,3,3,2,1,1,1,1,1,1,1,3,1,1,1,6,14,3,2,1,NaN,2,3,NaN,,NaN,,NaN,,NaN,NaN,NaN,NaN,1,4,1,1,1,1,1,1,2,1,1,1,1,1,1,1,1,1,1,2,1,1,723530.497,4315494.925,182.772,Cob,4010,0,0,2,19,7
1328,1,2005460000412,3,7,4,6,1,1,2,CV-500,5,5,0,0,1,5,2,2,3,1,2,1,1,1,2,2,7,7,8,3,1,4,9,14,3,1,1,NaN,2,2,NaN,,NaN,,NaN,,NaN,NaN,NaN,NaN,1,4,1,1,1,1,1,2,1,1,1,1,1,1,1,1,1,1,1,2,1,1,729418.287,4365510.788,-17.079,Pri,18648,0,1,1,20,2
1331,1,2005460000434,3,7,8,3,5,1,1,CV-60,9,9,0,0,1,5,3,2,4,3,2,1,1,1,2,2,7,7,8,1,1,1,9,14,3,1,3,NaN,2,NaN,NaN,,NaN,,NaN,,66,NaN,60,NaN,1,4,2,1,1,1,1,1,1,1,1,1,1,1,1,1,1,1,1,2,1,1,718827.195,4307994.92,166.742,Cob,8971,0,0,1,8,1