Id,Ano,Numero_Accidente,Provincia,Mes,Dia,Hora,Dia_Semana,Tipo_Dia,Vehiculos_Implicados,Carretera,Pk,Km,Hm,Sentido,Zona,Tipo_Via,Anchura_Calzada,Anchura_Carril,Marcas_Viales,Arcen,Arcen_Pavimentado,Mediana,Barrera_Seguridad,Paneles_Direccionales,Hitos_Arista,Captafaros,Interseccion_Tipo,Interseccion_Acondicionamiento,Prioridad_Regulada_por,Superficie,Luminosidad,Factores_Atmosfericos,Visibilidad_Restringida_por,Otras_Circunstancias,Senalizacion_Peligro,Aceras,Arboles,Arboles_Metros_Calzada,Visibilidad_Senalizacion_Vertical,Colision_Vehiculos_Marcha,Colision_Vehiculo_Obstaculo_1,Colision_Vehiculo_Obstaculo_2,Atropello_1,Atropello_2,Vuelco_1,Vuelco_2,Salida_Sin_Colision,Salida_Con_Colision,Lado_Salida,Otro,Circulacion,Circulacion_Medidas_Especiales,Distraccion,Inexperiencia_Conductor,Alcohol_Drogas,Cansancio_Sueno,Enfermedad,Velocidad_Inadecuada,Infraccion_Norma_Circulacion,Estado_Condicion_Via,Estado_Condicion_Senalizacion,Tramo_Obras,Mal_Estado_Vehiculo,Averia_Mecanica,Meteorologia_Adversa,Irrupcion_Animal,Circular_Sentido_Contrario,Otro_Factor,Sin_Opinion_Definida,Pendiente,Curvatura,Peralte,GPS_x,GPS_y,GPS_z,Tipo_Est,IMD,N_Muertos,N_Graves,N_Leves,Hora_Real,Fuera_o_Interseccion
1341,1,2005460000459,3,7,14,3,4,1,2,CV-550,3.5,3,5,0,1,5,3,2,3,3,2,1,1,1,2,1,7,7,8,1,1,1,9,14,3,1,2,3,1,2,NaN,,NaN,,NaN,,NaN,NaN,NaN,NaN,1,4,1,1,1,1,1,1,2,1,1,1,1,1,1,1,1,1,1,2,1,1,717350.385,4334898.632,-4.131,Cob,11737,1,0,0,8,1
1345,1,2005460000467,3,7,12,4,2,1,1,CV-35,11,11,0,1,1,2,3,2,3,4,2,2,2,2,2,2,7,7,8,1,1,1,9,14,2,1,1,NaN,1,NaN,NaN,,NaN,,NaN,,66,NaN,60,NaN,1,4,1,1,1,1,1,1,1,1,1,1,1,1,1,1,1,2,1,2,1,1,660247.686,4420870.323,907.356,Per,74637,0,0,1,12,1
1355,1,2005460000478,3,7,14,6,4,1,2,CV-32,5.7,5,7,0,1,5,3,2,3,4,2,1,2,2,2,1,2,2,3,1,1,1,9,8,1,1,1,NaN,2,2,NaN,,NaN,,NaN,,NaN,NaN,NaN,NaN,1,4,1,1,1,1,1,1,2,1,1,1,1,1,1,1,1,1,1,2,1,1,727706.045,4383956.546,-0.005,Cob,11378,0,0,4,20,6
1359,1,2005460000493,3,7,15,6,5,1,2,CV-40,10.5,10,5,0,1,2,3,2,3,4,2,2,2,1,2,2,7,7,8,1,1,1,9,14,3,1,1,NaN,1,4,NaN,,NaN,,NaN,,NaN,NaN,NaN,NaN,1,4,1,1,1,1,1,1,2,1,1,1,1,1,1,1,1,1,1,2,1,1,710442.037,4311132.579,302.214,Per,21960,0,0,1,18,1
1365,1,2005460000497,3,7,16,6,6,2,1,CV-60,1.1,1,1,0,1,5,3,2,3,4,2,1,1,1,1,1,7,7,8,1,1,1,9,14,3,1,1,NaN,1,NaN,NaN,,NaN,,NaN,,56,NaN,50,NaN,1,4,1,1,1,1,1,1,1,1,1,1,1,1,1,1,1,2,1,2,1,1,711269.069,4309575.891,275.828,Cob,13099,0,0,7,18,1
1374,1,2005460000503,3,7,17,2,7,3,1,CV-610,8.8,8,8,0,1,5,3,2,3,3,2,1,1,2,1,1,7,7,8,1,4,1,9,14,1,1,1,NaN,2,NaN,NaN,,NaN,,NaN,,NaN,52,50,NaN,1,4,1,1,1,1,1,2,1,1,1,1,1,1,1,1,1,1,1,2,1,1,721867.092,4317085.051,239.708,Cob,6566,0,1,0,5,4
1376,1,2005460000504,3,7,17,2,7,3,1,CV-35,5.2,5,2,1,1,2,3,2,3,4,2,2,2,1,2,2,7,7,8,1,3,1,9,14,3,1,1,NaN,1,NaN,NaN,,NaN,,NaN,,NaN,52,50,NaN,1,4,2,1,1,1,1,1,1,1,1,1,1,1,1,1,1,1,1,2,1,1,655861.285,4423062.255,937.771,Per,124800,0,0,3,5,1
1380,1,2005460000523,3,7,16,4,6,2,2,CV-245,19.1,19,1,0,1,5,2,3,3,1,2,1,1,1,1,1,7,7,8,1,1,1,9,14,3,1,1,NaN,1,NaN,NaN,,NaN,,NaN,,NaN,NaN,NaN,71,1,4,1,1,1,1,1,1,2,1,1,1,1,1,1,1,1,1,1,2,1,1,699287.97,4409778.773,816.126,Cob,783,0,0,1,11,1
1386,1,2005460000538,3,7,18,4,1,4,2,CV-300,8.4,8,4,1,2,5,3,2,2,1,2,1,1,1,1,1,7,7,8,1,1,1,9,14,3,2,1,NaN,2,2,NaN,,NaN,,NaN,,NaN,NaN,NaN,NaN,1,4,1,1,1,1,1,1,2,1,1,1,1,1,1,1,1,1,1,2,2,1,730224.697,4385465.495,3.532,Cob,0,0,0,1,12,1
1390,1,2005460000540,3,7,18,3,1,4,2,CV-500,17.6,17,6,1,2,5,3,2,2,1,2,1,1,1,1,1,7,7,8,1,1,1,9,14,3,2,1,NaN,2,2,NaN,,NaN,,NaN,,NaN,NaN,NaN,NaN,3,4,1,1,1,1,1,1,2,1,1,1,1,1,1,1,1,1,1,2,1,1,731664.168,4357333.271,-22.11,Sec,13156,0,0,1,7,1
1396,1,2005460000548,3,7,18,6,1,1,1,CV-333,3.7,3,7,0,1,5,3,1,4,3,2,1,1,1,1,2,5,1,8,1,5,1,9,14,1,1,1,NaN,2,NaN,NaN,,NaN,,NaN,,NaN,63,60,NaN,1,4,1,1,1,1,1,2,1,1,1,1,1,1,1,1,1,1,1,2,1,1,716319.847,4389235.263,103.203,Pri,4471,0,0,1,22,6
1402,1,2005460000557,3,7,19,6,2,1,1,CV-50,67.2,67,2,0,1,5,3,2,3,4,2,1,2,1,2,2,1,1,4,1,1,1,2,14,1,1,1,NaN,2,NaN,NaN,,NaN,,NaN,,NaN,64,60,NaN,1,4,2,1,1,1,1,1,1,1,1,1,1,1,1,1,1,1,1,2,1,1,699983.51,4367022.391,248.41,Sec,4682,0,1,0,19,6
1412,1,2005460000584,3,7,23,1,6,2,2,CV-35,5.2,5,2,1,1,2,3,2,3,4,2,2,2,2,2,2,7,7,8,1,3,1,9,14,3,1,1,NaN,1,4,NaN,,NaN,,NaN,,NaN,NaN,NaN,NaN,1,4,2,1,2,1,1,1,1,1,1,1,1,1,1,1,1,1,1,2,1,1,655861.285,4423062.255,937.771,Per,124800,0,0,3,1,1
1415,1,2005460000588,3,7,23,4,6,2,1,CV-35,10.3,10,3,0,1,2,3,1,3,4,2,2,2,2,2,2,1,1,4,1,1,1,9,14,1,1,1,NaN,1,NaN,NaN,,NaN,,NaN,,NaN,64,60,NaN,2,4,1,1,1,1,1,1,2,1,1,1,1,1,1,1,1,1,1,2,1,1,716162.795,4381451.587,83.679,Per,74637,0,1,0,13,6
1419,1,2005460000604,3,7,23,4,6,2,2,CV-35,8.5,8,5,0,1,2,3,2,3,4,2,2,2,2,2,2,7,7,8,1,1,1,9,14,3,1,1,NaN,1,4,NaN,,NaN,,NaN,,NaN,NaN,NaN,NaN,2,4,1,1,1,1,1,1,2,1,1,1,1,1,1,1,1,1,1,2,1,1,717826.914,4380824.516,93.928,Per,74637,0,0,1,13,1
1423,1,2005460000614,3,7,25,6,1,4,2,CV-567,3.5,3,5,1,1,5,2,2,3,1,2,1,2,2,1,1,7,7,8,1,1,1,2,14,1,1,1,NaN,2,1,NaN,,NaN,,NaN,,NaN,NaN,NaN,NaN,1,4,1,1,1,1,1,2,2,1,1,1,1,1,1,1,1,1,1,2,1,1,710635.842,4318024.832,106.898,Cob,1537,0,0,4,20,4
1433,1,2005460000647,3,7,26,3,2,1,1,CV-50,27.6,27,6,0,1,2,3,2,3,4,2,2,2,2,2,2,7,7,5,1,1,1,9,14,3,1,1,NaN,1,NaN,NaN,,NaN,,12,9,NaN,NaN,NaN,NaN,1,4,1,2,1,1,1,1,1,1,1,1,1,1,1,1,1,2,1,2,1,1,717178.585,4340162.839,-1.772,Sec,21900,0,0,1,8,2
1437,1,2005460000654,3,7,27,6,3,1,1,CV-40,8.8,8,8,0,1,2,3,2,3,4,2,2,2,1,2,2,7,7,8,1,4,1,9,14,3,1,1,NaN,1,NaN,NaN,,NaN,,NaN,,NaN,62,60,NaN,1,4,1,1,1,1,1,1,1,1,1,1,1,1,1,1,1,2,1,2,1,2,710624.284,4312710.199,265.329,Per,21960,0,0,1,22,1
1449,1,2005460000698,3,7,30,1,6,2,1,CV-500,7.6,7,6,1,1,5,2,2,3,3,2,1,1,1,2,2,7,7,8,1,5,1,9,14,3,1,2,2,2,NaN,NaN,,21,21,NaN,,NaN,NaN,NaN,NaN,1,4,1,1,2,1,1,1,2,1,1,1,1,1,1,1,1,1,1,2,1,1,735832.795,4348730.663,-18.428,Cob,18648,0,3,0,0,1
1454,1,2005460000719,3,8,1,4,1,4,1,CV-660,18.1,18,1,0,1,5,2,2,3,1,2,1,1,2,1,1,7,7,8,1,1,1,2,14,1,1,1,NaN,2,NaN,NaN,,NaN,,NaN,,NaN,64,60,NaN,1,4,1,1,1,1,1,2,1,1,1,1,1,1,1,1,1,1,1,2,1,2,698480.559,4299188.667,497.611,Cob,1327,0,0,2,13,5
1469,1,2005460000722,3,7,28,4,4,1,5,CV-35,3.4,3,4,1,1,2,3,2,3,4,2,2,2,2,2,2,7,7,8,1,1,1,9,14,2,1,3,NaN,1,5,NaN,,NaN,,NaN,,NaN,NaN,NaN,NaN,3,4,2,1,1,1,1,1,1,1,1,1,1,1,1,1,1,1,1,2,2,3,654414.079,4422898.509,902.037,Per,124800,0,0,3,14,1
1486,1,2005460000743,3,7,29,6,5,1,3,CV-365,3.4,3,4,0,1,5,3,2,3,3,2,1,1,1,1,1,7,7,5,1,1,1,9,14,3,1,1,NaN,2,1,NaN,,NaN,,NaN,,NaN,NaN,NaN,NaN,1,4,2,1,1,1,1,1,2,1,1,1,1,1,1,1,1,1,1,2,1,1,718687.331,4376526.816,42.986,NaN,0,0,4,1,18,1
1488,1,2005460000752,3,7,11,6,1,4,1,CV-610,2,2,0,1,1,5,3,2,3,3,2,1,1,1,1,1,7,7,5,1,1,1,2,14,1,1,3,NaN,2,NaN,NaN,,NaN,,NaN,,66,NaN,60,NaN,1,4,1,1,1,1,1,2,1,1,1,1,1,1,1,1,1,1,1,2,1,1,731762.913,4310361.933,162.968,Pri,8475,0,0,3,17,4
1489,1,2005460000757,3,8,1,1,1,4,1,CV-36,2,2,0,0,1,2,3,2,3,4,2,2,2,1,2,2,7,7,8,1,5,1,9,14,3,1,1,NaN,1,NaN,NaN,,NaN,,NaN,,NaN,64,60,NaN,1,4,2,1,2,1,1,1,1,1,1,1,1,1,1,1,1,1,1,2,1,2,716182.329,4369307.695,35.379,Pri,80148,0,0,1,0,1
1492,1,2005460000760,3,8,3,3,3,1,2,CV-35,39.8,39,8,1,1,5,2,2,3,3,2,1,2,1,1,1,7,7,8,1,1,1,9,14,1,1,1,NaN,2,1,NaN,,NaN,,NaN,,NaN,NaN,NaN,NaN,2,4,1,1,1,1,1,1,2,1,1,1,1,1,1,1,1,1,1,2,1,2,672656.412,4401615.966,435.747,Per,10748,0,0,2,10,3
1498,1,2005460000762,3,7,29,6,5,1,2,CV-715,2.3,2,3,0,1,5,3,2,3,3,2,1,1,1,1,1,7,7,8,1,1,1,9,14,3,1,1,NaN,1,1,NaN,,NaN,,NaN,,NaN,NaN,NaN,NaN,1,4,2,1,1,1,1,1,2,1,1,1,1,1,1,1,1,1,1,2,1,1,751169.36,4309698.966,3.933,Cob,5152,0,5,0,19,1
1505,1,2005460000773,3,8,3,4,3,1,5,CV-50,3.4,3,4,1,1,5,3,2,3,3,2,1,1,2,2,2,7,7,8,1,1,1,2,14,3,1,1,NaN,2,3,NaN,,NaN,,NaN,,NaN,NaN,NaN,NaN,1,4,2,1,2,1,1,1,1,1,1,1,1,1,1,1,1,1,1,2,1,1,705309.365,4386169.725,128.717,Sec,16231,0,0,2,14,2
1507,1,2005460000780,3,8,5,6,5,1,2,CV-500,15.6,15,6,0,2,5,2,2,3,3,2,1,1,1,1,1,7,7,8,1,1,1,9,14,3,2,1,NaN,2,2,NaN,,NaN,,NaN,,NaN,NaN,NaN,NaN,2,4,1,1,1,1,1,1,2,1,1,1,1,1,1,1,1,1,1,2,1,1,732812.581,4355202.906,-14.713,Sec,13156,0,0,2,17,1
1509,1,2005460000798,3,8,6,1,6,2,1,CV-567,2,2,0,0,1,5,2,2,2,1,2,1,2,1,1,1,7,7,8,1,4,1,9,14,3,1,1,NaN,1,NaN,NaN,,NaN,,NaN,,NaN,61,60,NaN,1,4,2,1,2,1,1,1,1,1,1,1,1,1,1,1,1,1,1,2,1,1,711650.165,4317998.938,96.893,Cob,1537,0,0,1,2,1
1513,1,2005460000820,3,8,9,4,2,1,2,CV-81,19.3,19,3,0,1,5,3,2,3,3,2,1,1,1,1,1,1,1,3,1,1,1,9,14,2,1,1,NaN,3,4,NaN,,NaN,,NaN,,NaN,NaN,NaN,NaN,1,4,2,1,1,1,1,1,2,1,1,1,1,1,1,1,1,1,1,2,1,2,703786.925,4290430.244,680.433,Pri,5417,0,0,1,12,6
1517,1,2005460000823,3,8,9,4,2,1,1,CV-36,6.5,6,5,1,1,7,3,2,3,5,2,1,2,2,2,2,7,7,5,1,1,1,9,14,1,1,1,NaN,2,NaN,NaN,,NaN,,NaN,,NaN,64,60,NaN,1,4,1,1,2,1,1,2,2,1,1,1,1,1,1,1,1,1,1,2,1,1,722355.894,4369781.271,2.243,Sec,15040,0,0,1,14,5
1519,1,2005460000827,3,8,6,6,6,2,2,CV-35,48.5,48,5,0,1,5,3,2,3,3,2,1,1,1,2,2,2,1,3,1,1,1,9,14,1,1,1,NaN,2,2,NaN,,NaN,,NaN,,NaN,NaN,NaN,NaN,1,4,1,1,1,1,1,1,2,1,1,1,1,1,1,1,1,1,1,2,1,1,685973.841,4396872.344,384.014,Per,3324,0,0,2,21,6
1523,1,2005460000837,3,8,10,6,3,1,1,CV-40,5.5,5,5,0,1,2,3,2,3,3,2,2,2,2,2,2,7,7,5,1,1,1,9,14,3,1,1,NaN,1,NaN,NaN,,NaN,,NaN,,NaN,63,60,NaN,1,4,1,1,1,1,1,2,1,1,1,1,1,1,1,1,1,1,1,2,1,2,710780.459,4315136.3,132.118,Per,21960,0,3,0,20,2
1528,1,2005460000854,3,8,11,6,4,1,1,CV-50,15,15,0,0,1,5,3,2,3,3,2,1,1,2,2,1,7,7,5,1,1,1,2,14,1,1,1,NaN,2,NaN,NaN,,NaN,,NaN,,66,NaN,60,NaN,1,4,1,1,1,1,1,2,1,1,1,1,1,1,1,1,1,1,1,2,1,1,725856.778,4332373.731,25.84,Cob,14639,0,0,1,20,5
1530,1,2005460000859,3,8,12,6,5,1,1,CV-35,11.4,11,4,1,1,5,3,2,3,3,2,1,2,2,2,1,7,7,8,1,5,1,2,14,1,1,1,NaN,3,NaN,NaN,,NaN,,NaN,,NaN,64,60,NaN,1,4,2,1,1,1,1,1,1,1,1,1,1,1,1,1,1,1,1,2,1,1,660630.873,4420777.069,907.286,Per,74637,0,1,0,22,4
1534,1,2005460000886,3,8,15,4,1,3,1,CV-30,0.9,0,9,0,1,7,3,2,3,4,2,2,2,1,2,2,7,7,8,1,1,1,9,14,3,1,2,9,2,NaN,NaN,,NaN,,NaN,,NaN,51,50,NaN,1,4,1,1,1,1,1,2,1,1,1,1,1,1,1,1,1,1,1,2,1,1,721041.742,4374658.979,9.457,Pri,54740,1,0,0,13,2
1540,1,2005460000894,3,8,15,6,1,3,1,CV-36,3.8,3,8,1,1,2,3,2,3,3,2,2,2,1,1,1,7,7,8,1,1,1,2,8,1,1,3,NaN,2,NaN,NaN,,NaN,,NaN,,NaN,52,50,NaN,1,4,1,1,1,1,1,2,1,1,1,1,1,1,1,1,1,1,1,2,1,1,720130.517,4368999.513,13.527,Cob,31108,0,0,2,18,5
1542,1,2005460000902,3,8,16,4,2,1,1,CV-40,0.3,0,3,1,1,2,2,2,3,4,2,2,2,1,2,2,7,7,5,1,1,1,9,14,1,1,1,NaN,2,NaN,NaN,,NaN,,NaN,,NaN,54,50,NaN,2,4,2,1,1,1,1,1,1,1,1,1,1,1,1,1,1,1,1,2,1,1,716022.708,4301045.929,356.62,Cob,21054,0,0,1,12,2
1545,1,2005460000930,3,8,17,2,3,1,1,CV-403,0.7,0,7,0,1,5,3,2,3,4,2,1,2,2,2,1,5,1,4,1,3,1,9,14,1,1,1,NaN,2,NaN,NaN,,NaN,,12,9,NaN,NaN,NaN,NaN,1,4,2,1,1,1,1,1,1,1,1,1,1,1,1,1,1,1,1,2,1,1,720582.743,4371856.76,15.601,Cob,14608,0,0,1,6,6
1549,1,2005460000948,3,8,21,2,7,3,1,CV-333,0.9,0,9,1,1,5,2,2,3,3,2,1,1,1,2,2,5,6,4,1,5,1,9,14,1,1,3,NaN,2,NaN,NaN,,NaN,,NaN,,NaN,53,50,NaN,1,4,2,1,1,1,1,2,1,1,1,1,1,1,1,1,1,1,1,2,1,1,710918.084,4395321.202,192.513,Sec,6466,1,0,0,5,7
1553,1,2005460000952,3,8,20,5,6,2,2,CV-500,23.8,23,8,0,1,5,3,2,3,4,2,1,1,1,2,2,7,7,8,1,1,1,9,14,2,1,3,NaN,1,2,NaN,,NaN,,NaN,,NaN,NaN,NaN,NaN,1,4,1,1,1,1,1,1,2,1,1,1,1,1,1,1,1,1,1,2,1,1,734369.493,4347520.785,-10.809,Cob,6644,0,1,1,15,1
1558,1,2005460000979,3,8,23,2,2,1,1,CV-35,6.7,6,7,1,1,2,3,2,3,4,2,2,2,1,2,2,7,7,8,1,2,1,9,14,2,1,1,NaN,2,NaN,NaN,,NaN,,12,9,NaN,NaN,NaN,NaN,1,4,2,1,1,1,1,1,1,1,1,1,1,1,1,1,1,1,1,2,1,1,657134.724,4422558.973,971.251,Per,88400,0,1,2,5,1
1560,1,2005460000986,3,8,23,6,2,1,1,CV-50,1.1,1,1,0,1,7,3,2,3,1,2,1,1,1,1,1,7,7,8,1,1,1,9,14,2,1,1,NaN,1,NaN,NaN,,21,21,NaN,,NaN,NaN,NaN,NaN,1,4,1,1,1,1,1,1,2,1,1,1,1,1,1,1,1,1,1,2,1,1,737648.402,4329074.074,-11.771,Cob,28907,0,2,0,19,3
1563,1,2005460000998,3,8,25,6,4,1,2,CV-645,0.5,0,5,1,1,5,2,2,3,1,2,1,1,2,2,2,5,6,4,1,1,1,9,14,2,1,1,NaN,2,4,NaN,,NaN,,NaN,,NaN,NaN,NaN,NaN,1,4,1,1,1,1,1,1,2,1,1,1,1,1,1,1,1,1,1,2,1,1,714428.994,4319369.189,72.481,Cob,11196,0,0,1,18,6
1567,1,2005460001011,3,8,26,3,5,1,1,CV-36,2.5,2,5,1,1,6,1,1,4,3,2,2,2,1,1,2,7,7,8,1,2,1,9,14,3,1,1,NaN,1,NaN,NaN,,21,21,NaN,,NaN,NaN,NaN,NaN,1,4,2,1,1,1,1,1,1,1,1,1,1,1,1,1,1,1,1,2,1,2,718901.738,4369335.509,18.29,Pri,80148,0,0,1,7,1
1569,1,2005460001014,3,8,27,6,6,2,2,CV-41,9.5,9,5,0,1,5,3,2,3,4,2,1,1,1,2,2,7,7,5,1,1,1,9,14,3,1,1,NaN,1,NaN,30,29,NaN,,NaN,,NaN,NaN,NaN,NaN,1,4,2,1,1,1,1,1,1,1,1,1,1,1,1,1,1,1,1,2,1,1,717708.052,4328630.736,16.021,Sec,5512,0,0,1,18,1
1572,1,2005460001029,3,8,28,2,7,3,1,CV-500,13.1,13,1,0,1,5,3,2,3,4,2,1,1,1,2,2,7,7,8,1,5,1,9,14,3,1,1,NaN,1,NaN,NaN,,NaN,,NaN,,NaN,53,50,NaN,1,4,2,1,1,1,1,1,1,1,1,1,1,1,1,1,1,1,1,2,1,1,731357.7,4357820.96,-15.01,Sec,13156,0,3,0,5,1
1574,1,2005460001030,3,8,28,2,7,3,1,CV-500,10.5,10,5,1,1,5,2,2,3,4,2,1,1,1,2,1,7,7,8,1,5,1,9,14,3,1,1,NaN,1,NaN,NaN,,NaN,,NaN,,NaN,61,60,NaN,1,4,2,1,1,2,1,1,1,1,1,1,1,1,1,1,1,1,1,2,2,2,734800.086,4351269.113,-17.47,Cob,18648,0,1,0,5,1
1586,1,2005460001096,3,9,3,6,6,2,4,CV-60,27.8,27,8,0,1,5,3,2,3,3,2,1,2,1,1,2,7,7,5,1,1,1,9,8,1,1,3,NaN,2,3,NaN,,NaN,,NaN,,NaN,NaN,NaN,NaN,1,4,2,1,1,1,1,1,2,1,1,1,1,1,1,1,1,1,1,2,1,1,735711.823,4310664.186,141.562,Cob,15682,0,0,3,19,1
1594,1,2005460001122,3,9,4,4,7,3,2,CV-35,47.6,47,6,0,1,5,2,3,3,3,2,1,1,1,1,1,1,6,8,1,1,1,9,14,1,1,1,NaN,2,3,NaN,,NaN,,NaN,,NaN,NaN,NaN,NaN,1,4,1,1,1,1,1,1,2,1,1,1,1,1,1,1,1,1,1,2,1,1,686863.911,4396974.154,387.796,Per,3324,0,1,1,11,6
1599,1,2005460001135,3,9,7,3,3,1,2,CV-567,2.2,2,2,0,1,5,1,2,1,1,2,1,1,1,1,1,7,7,8,3,1,4,9,14,1,1,3,NaN,1,2,NaN,,NaN,,NaN,,NaN,NaN,NaN,NaN,1,4,1,1,1,1,1,2,1,1,1,1,1,1,1,1,1,1,1,2,2,1,711803.508,4318083.43,86.413,Cob,1537,0,0,1,10,3
1613,1,2005460001187,3,9,6,6,2,1,1,CV-390,36,36,0,0,1,5,1,3,4,1,2,1,1,1,1,1,7,7,8,1,2,1,9,14,3,1,1,NaN,1,NaN,NaN,,NaN,,NaN,,65,NaN,60,NaN,1,4,1,1,1,1,1,1,1,1,1,1,1,2,1,1,1,1,1,2,1,1,656482.755,4390958.502,1031.372,Cob,264,0,0,1,19,3
1617,1,2005460001200,3,9,9,6,5,1,1,CV-50,29,29,0,0,1,5,3,2,3,1,2,2,1,2,2,1,1,1,5,1,1,1,9,14,2,1,1,NaN,1,NaN,NaN,,NaN,,NaN,,67,NaN,60,NaN,1,4,2,1,1,1,1,1,1,1,1,1,1,1,1,1,1,1,1,2,2,1,716618.547,4341367.885,2.727,Cob,14074,0,0,1,17,6
1618,1,2005460001209,3,9,8,6,4,1,1,CV-35,31.8,31,8,0,1,5,3,2,3,4,2,1,1,1,2,1,7,7,8,1,1,1,9,14,3,1,1,NaN,1,NaN,NaN,,NaN,,NaN,,NaN,64,60,NaN,1,4,2,1,1,1,1,1,1,1,1,1,1,1,1,1,1,1,1,2,1,1,700760.457,4393098.651,183.003,Per,10748,0,0,1,20,1
1620,1,2005460001224,3,9,12,4,1,1,1,CV-550,4.3,4,3,0,1,5,3,2,3,3,2,1,1,2,1,1,7,7,7,1,1,1,9,14,2,1,1,NaN,1,NaN,NaN,,NaN,,NaN,,56,NaN,50,NaN,1,4,1,1,1,1,1,1,1,1,1,1,1,1,1,1,1,1,1,2,1,1,718044.566,4335270.079,-5.694,Cob,11737,0,0,1,14,1
1626,1,2005460001243,3,9,13,6,2,1,1,CV-60,31.8,31,8,0,1,2,3,2,3,3,2,2,2,1,2,2,7,7,8,1,5,1,9,14,2,1,3,NaN,1,NaN,NaN,,NaN,,NaN,,56,NaN,50,NaN,1,4,2,1,1,1,1,1,1,1,1,1,1,1,1,1,1,1,1,2,1,1,738531.869,4313291.816,63.251,Pri,18467,0,1,0,22,1
1633,1,2005460001280,3,9,16,6,5,1,2,CV-60,13.8,13,8,0,1,5,2,2,3,3,2,1,2,1,1,1,7,7,5,3,5,5,4,14,3,1,3,NaN,1,1,NaN,,NaN,,NaN,,NaN,NaN,NaN,NaN,1,4,1,1,1,1,1,1,2,2,1,1,1,1,2,1,1,1,1,2,1,1,723414.694,4307436.505,203.086,Cob,13910,1,0,1,20,1
1634,1,2005460001281,3,9,16,5,5,1,1,CV-610,22.8,22,8,0,1,5,2,3,3,1,2,1,1,1,1,1,7,7,5,1,1,1,9,14,2,1,3,NaN,1,NaN,NaN,,NaN,,NaN,,67,NaN,60,NaN,1,4,2,1,1,1,1,1,1,1,1,1,1,1,1,1,1,1,1,2,1,1,731468.407,4310447.933,170.964,Cob,3008,0,0,1,16,1
1651,1,2005460001366,3,9,23,3,5,1,4,CV-35,18.8,18,8,0,1,2,3,2,3,4,2,2,2,1,2,2,7,7,8,1,2,1,9,14,3,1,1,NaN,2,5,NaN,,NaN,,NaN,,NaN,NaN,NaN,NaN,1,4,1,1,1,1,1,1,2,1,1,1,1,1,1,1,1,1,1,2,1,1,710451.589,4387298.607,115.841,Per,41600,0,0,4,7,1
1653,1,2005460001372,3,9,25,3,7,3,1,CV-50,74,74,0,0,1,5,1,3,2,1,2,1,1,1,1,1,7,7,8,1,1,1,2,14,2,1,1,NaN,1,NaN,NaN,,NaN,,NaN,,NaN,53,50,NaN,1,4,1,1,1,1,1,2,1,1,1,1,1,1,1,1,1,1,1,2,1,2,698572.638,4373034.983,198.136,Cob,4538,0,0,1,8,2
1666,1,2005460001453,3,10,1,3,6,2,1,CV-41,13.9,13,9,1,1,5,3,2,3,3,2,1,1,2,2,1,7,7,8,1,1,1,9,14,1,1,1,NaN,2,NaN,NaN,,NaN,,NaN,,NaN,64,60,NaN,1,4,1,1,1,1,1,2,1,1,1,1,1,1,1,1,1,1,1,2,1,1,718538.429,4330821.294,3.123,Cob,8853,0,1,0,9,5
1669,1,2005460001457,3,10,2,3,7,3,1,CV-35,8,8,0,1,1,2,2,2,3,3,2,1,1,1,1,1,6,1,8,1,1,1,9,14,3,1,1,NaN,2,NaN,NaN,,21,21,NaN,,NaN,NaN,NaN,NaN,1,4,1,1,1,1,1,1,2,1,1,1,1,1,1,1,1,1,1,2,1,1,657700.159,4422076.53,1004.365,Per,88400,0,0,2,8,6
1671,1,2005460001461,3,10,2,3,7,3,1,CV-40,0.2,0,2,0,1,7,2,3,4,4,2,2,2,2,1,1,7,7,8,1,1,1,9,14,1,1,3,NaN,2,NaN,NaN,,NaN,,NaN,,NaN,52,50,NaN,1,4,1,1,1,1,1,2,1,1,1,1,1,1,1,1,1,1,1,2,1,2,709562.067,4319153.073,154.413,Cob,21054,0,0,1,10,5
1674,1,2005460001477,3,9,30,3,5,1,1,CV-500,22.3,22,3,1,1,5,3,2,3,3,2,1,1,1,2,2,7,7,8,1,1,1,9,14,1,1,1,NaN,2,NaN,NaN,,NaN,,NaN,,57,NaN,50,NaN,1,4,2,1,1,1,1,1,1,1,1,1,1,1,1,1,1,1,1,2,1,1,730064.965,4361775.628,-20.55,Cob,6644,0,0,1,7,1
1678,1,2005460001488,3,10,4,3,2,1,1,CV-60,34.6,34,6,1,1,5,3,2,3,4,2,1,2,1,2,2,5,6,4,1,1,1,9,14,1,1,1,NaN,2,NaN,NaN,,NaN,,NaN,,NaN,52,50,NaN,1,4,1,1,1,1,2,1,1,1,1,1,1,1,1,1,1,1,1,2,1,1,713829.808,4308467.72,193.429,Sec,7052,0,0,1,10,6
1688,1,2005460001524,3,10,8,4,6,2,2,CV-35,41.1,41,1,1,1,5,3,3,3,3,2,1,1,1,1,1,1,1,8,1,1,1,9,14,2,1,3,NaN,1,3,NaN,,NaN,,NaN,,NaN,NaN,NaN,NaN,1,4,1,1,1,1,1,1,2,1,1,1,1,1,1,1,1,1,1,2,1,1,673500.506,4400835.344,402.14,Per,3324,0,1,0,13,6
1693,1,2005460001530,3,10,8,5,6,2,2,CV-36,5,5,0,0,1,2,3,2,3,4,2,2,2,1,2,2,7,7,8,1,1,1,9,14,1,1,1,NaN,2,4,NaN,,NaN,,NaN,,NaN,NaN,NaN,NaN,1,4,1,1,1,1,1,1,2,1,1,1,1,1,1,1,1,1,1,2,1,1,713254.604,4369018.754,55.538,Cob,31108,0,0,3,16,2