Id,Ano,Numero_Accidente,Provincia,Mes,Dia,Hora,Dia_Semana,Tipo_Dia,Vehiculos_Implicados,Carretera,Pk,Km,Hm,Sentido,Zona,Tipo_Via,Anchura_Calzada,Anchura_Carril,Marcas_Viales,Arcen,Arcen_Pavimentado,Mediana,Barrera_Seguridad,Paneles_Direccionales,Hitos_Arista,Captafaros,Interseccion_Tipo,Interseccion_Acondicionamiento,Prioridad_Regulada_por,Superficie,Luminosidad,Factores_Atmosfericos,Visibilidad_Restringida_por,Otras_Circunstancias,Senalizacion_Peligro,Aceras,Arboles,Arboles_Metros_Calzada,Visibilidad_Senalizacion_Vertical,Colision_Vehiculos_Marcha,Colision_Vehiculo_Obstaculo_1,Colision_Vehiculo_Obstaculo_2,Atropello_1,Atropello_2,Vuelco_1,Vuelco_2,Salida_Sin_Colision,Salida_Con_Colision,Lado_Salida,Otro,Circulacion,Circulacion_Medidas_Especiales,Distraccion,Inexperiencia_Conductor,Alcohol_Drogas,Cansancio_Sueno,Enfermedad,Velocidad_Inadecuada,Infraccion_Norma_Circulacion,Estado_Condicion_Via,Estado_Condicion_Senalizacion,Tramo_Obras,Mal_Estado_Vehiculo,Averia_Mecanica,Meteorologia_Adversa,Irrupcion_Animal,Circular_Sentido_Contrario,Otro_Factor,Sin_Opinion_Definida,Pendiente,Curvatura,Peralte,GPS_x,GPS_y,GPS_z,Tipo_Est,IMD,N_Muertos,N_Graves,N_Leves,Hora_Real,Fuera_o_Interseccion
1695,1,2005460001531,3,10,9,4,7,3,2,CV-610,1.9,1,9,0,1,5,2,2,3,3,2,1,2,2,2,2,7,7,5,1,1,1,9,14,1,1,1,NaN,2,1,NaN,,NaN,,NaN,,NaN,NaN,NaN,NaN,1,4,1,1,1,1,1,2,1,1,1,1,1,1,1,1,1,1,1,2,1,1,717193.035,4319001.662,68.187,Pri,8475,0,1,0,13,2
1711,1,2005460001572,3,10,14,3,5,1,2,CV-60,28.8,28,8,0,1,5,2,2,3,1,2,1,1,2,1,1,2,6,3,1,1,1,9,8,1,1,3,NaN,2,2,NaN,,NaN,,NaN,,NaN,NaN,NaN,NaN,1,4,1,1,1,1,1,1,2,1,1,1,1,1,1,1,1,1,1,2,1,1,736437.467,4311303.991,133.37,Cob,15682,0,4,8,9,6
1713,1,2005460001576,3,10,13,4,4,1,2,CV-40,9.3,9,3,0,1,2,3,2,3,4,2,2,1,1,1,1,7,7,8,1,1,1,9,14,2,1,3,NaN,2,3,NaN,,NaN,,NaN,,NaN,NaN,NaN,NaN,1,4,1,1,1,1,1,1,2,1,1,1,1,1,1,1,1,1,1,2,1,2,710396.138,4312263.727,280.285,Per,21960,0,0,1,13,2
1721,1,2005460001604,3,10,16,4,7,3,1,CV-81,7.2,7,2,1,1,4,3,2,3,4,2,1,1,2,2,1,7,7,8,1,1,1,2,14,1,1,1,NaN,2,NaN,NaN,,NaN,,12,9,NaN,NaN,NaN,NaN,1,4,1,1,1,1,1,2,1,1,1,1,1,1,1,1,1,1,1,2,1,1,679758.21,4278326.382,465.734,Cob,8283,0,0,1,12,2
1725,1,2005460001622,3,10,17,3,1,4,2,CV-50,10.9,10,9,1,1,5,3,2,3,3,2,1,1,1,2,1,1,1,8,1,1,1,9,14,1,1,2,3,2,2,NaN,,NaN,,NaN,,NaN,NaN,NaN,NaN,1,4,1,1,1,1,1,1,2,1,1,1,1,1,1,1,1,1,1,2,1,1,702570.832,4379583.119,133.118,Cob,14639,0,0,2,9,6
1732,1,2005460001636,3,10,16,6,7,3,2,CV-60,27.3,27,3,1,1,5,2,2,3,3,2,1,1,1,1,1,7,7,8,1,5,1,9,14,3,1,1,NaN,1,3,NaN,,NaN,,NaN,,NaN,NaN,NaN,NaN,1,4,1,1,1,1,1,1,2,1,1,1,1,1,1,1,1,1,1,2,1,1,720831.533,4307705.223,192.557,Cob,15682,0,1,0,20,2
1750,1,2005460001690,3,10,21,6,5,1,2,CV-41,12.9,12,9,0,1,5,3,2,3,3,2,1,2,2,2,1,2,1,3,1,5,1,2,14,1,1,1,NaN,2,2,NaN,,NaN,,NaN,,NaN,NaN,NaN,NaN,1,4,1,1,1,1,1,1,2,1,1,1,1,1,1,1,1,1,1,2,1,1,716698.502,4325777.118,32.801,Cob,8853,0,2,2,21,6
1755,1,2005460001711,3,10,22,4,6,2,1,CV-245,11,11,0,1,1,5,2,2,3,3,2,1,1,2,2,1,7,7,8,1,1,1,2,14,2,1,3,NaN,2,NaN,NaN,,NaN,,NaN,,67,NaN,60,NaN,1,4,1,1,1,1,1,2,1,1,1,1,1,1,1,1,1,1,1,2,1,1,704383.128,4413197.329,825.578,Cob,894,0,0,1,14,4
1760,1,2005460001721,3,10,22,6,6,2,2,CV-500,10.6,10,6,0,1,5,3,2,3,4,2,1,1,1,2,2,1,4,3,1,1,1,9,14,1,1,1,NaN,2,2,NaN,,NaN,,NaN,,NaN,NaN,NaN,NaN,1,4,1,1,1,1,1,1,2,1,1,1,1,1,1,1,1,1,1,2,1,1,730534.252,4359946.009,-14.993,Sec,13156,0,3,0,19,6
1769,1,2005460001753,3,10,23,2,7,3,1,CV-41,14,14,0,1,1,5,3,2,3,3,2,1,2,2,2,1,7,7,5,1,5,1,2,14,1,1,3,NaN,2,NaN,NaN,,NaN,,NaN,,56,NaN,50,NaN,1,4,1,1,1,1,1,2,1,1,1,1,1,1,1,1,1,1,1,2,1,1,718667.952,4330971.194,2.225,Cob,8853,0,0,1,5,5
1774,1,2005460001771,3,10,28,4,5,1,2,CV-40,20.5,20,5,0,1,2,2,2,3,4,2,2,2,2,2,1,1,1,5,1,1,1,9,14,2,1,1,NaN,1,NaN,NaN,,NaN,,NaN,,56,NaN,50,NaN,1,4,1,1,1,1,1,1,2,1,1,1,1,1,1,1,1,1,1,2,1,1,711372.496,4301576.021,314.973,Cob,14625,0,0,2,14,6
1776,1,2005460001778,3,10,26,3,3,1,1,CV-619,3.8,3,8,0,1,5,2,3,4,1,2,1,1,1,1,1,7,7,8,1,4,1,9,14,1,1,3,NaN,2,NaN,NaN,,NaN,,NaN,,NaN,63,60,NaN,1,4,2,1,1,1,1,1,1,1,1,1,1,1,1,1,1,1,1,2,1,1,729120.442,4307369.214,290.428,Cob,1439,0,3,0,7,1
1783,1,2005460001792,3,10,30,1,7,3,1,CV-610,14.8,14,8,0,1,5,3,2,3,3,2,1,1,1,1,1,7,7,8,1,5,1,9,14,3,1,1,NaN,1,NaN,NaN,,NaN,,NaN,,55,NaN,50,NaN,1,4,1,1,1,1,1,2,1,1,1,1,1,1,1,1,1,1,1,2,1,1,726439.825,4314113.672,211.872,Cob,4010,0,0,2,1,2
1789,1,2005460001793,3,10,30,1,7,3,3,CV-35,12.5,12,5,0,1,2,3,2,3,4,2,2,2,1,2,2,1,1,5,1,3,1,9,14,3,1,3,NaN,2,4,NaN,,NaN,,NaN,,NaN,NaN,NaN,NaN,1,4,1,1,1,1,1,1,2,1,1,1,1,1,1,1,2,2,1,2,1,1,714488.982,4382845.043,100.66,Per,74637,0,0,1,23,6
1792,1,2005460001808,3,10,26,6,3,1,1,CV-25,7,7,0,0,1,5,3,2,3,3,2,1,1,1,1,1,7,7,8,1,5,1,9,14,3,1,1,NaN,1,NaN,NaN,,NaN,,NaN,,57,NaN,50,NaN,1,4,2,1,1,1,1,1,1,1,1,1,1,1,1,1,1,1,1,2,2,1,710669.497,4396011.187,206.163,Cob,1857,0,0,1,21,1
1799,1,2005460001847,3,11,2,5,3,4,1,CV-403,0.5,0,5,0,1,8,3,2,3,5,2,1,1,1,1,1,7,7,8,1,1,1,9,14,3,1,1,NaN,2,NaN,NaN,,NaN,,NaN,,NaN,54,50,NaN,1,4,2,1,1,1,1,1,1,1,1,1,1,1,1,1,1,1,1,2,1,1,720757.013,4371954.197,15.595,Cob,14608,0,3,0,15,1
1802,1,2005460001856,3,11,1,4,2,3,1,CV-500,15,15,0,0,1,5,3,2,3,4,2,1,2,1,2,2,7,7,8,1,1,1,9,14,3,1,3,NaN,1,NaN,NaN,,NaN,,NaN,,NaN,NaN,NaN,71,1,4,1,1,1,1,1,1,2,1,1,1,1,1,1,1,1,2,1,2,1,1,732107.62,4356179.011,-13.841,Sec,13156,0,0,1,14,1
1807,1,2005460001861,3,11,3,4,4,1,1,CV-50,5,5,0,0,1,5,3,2,3,3,2,1,2,1,1,1,7,7,8,1,1,1,9,14,2,1,1,NaN,1,NaN,NaN,,NaN,,NaN,,NaN,63,60,NaN,1,4,2,1,1,1,1,1,1,1,1,1,1,1,1,1,1,1,1,2,1,1,734170.238,4327706.138,10.645,Sec,16231,0,0,3,13,1
1809,1,2005460001862,3,11,1,1,2,3,1,CV-610,16,16,0,0,1,5,1,3,3,1,2,1,1,1,1,1,7,7,8,1,5,1,9,14,3,1,1,NaN,1,NaN,NaN,,NaN,,NaN,,66,NaN,60,NaN,1,4,1,1,1,1,1,1,2,1,1,1,1,1,1,1,1,1,1,2,1,1,727498.396,4313899.502,245.2,Cob,4010,0,1,0,4,1
1811,1,2005460001868,3,11,1,6,2,3,1,CV-660,23.5,23,5,1,1,5,1,3,3,1,2,1,1,2,1,1,7,7,5,1,2,1,2,14,1,1,3,NaN,2,NaN,NaN,,NaN,,NaN,,56,NaN,50,NaN,1,4,1,1,1,1,1,2,1,1,1,1,1,1,1,1,1,1,1,2,1,1,688486.763,4294512.919,591.497,Cob,1327,0,1,0,17,4
1815,1,2005460001870,3,11,4,4,5,1,2,CV-35,28.3,28,3,0,1,5,3,2,3,5,2,1,2,2,1,1,7,7,8,1,1,1,2,14,1,1,1,NaN,2,3,NaN,,NaN,,NaN,,NaN,NaN,NaN,NaN,1,4,2,1,1,1,1,1,2,1,1,1,1,1,1,1,1,1,1,2,1,1,703728.795,4391114.621,151.585,Per,10748,0,1,0,14,4
1817,1,2005460001882,3,11,6,4,7,3,1,CV-610,6.8,6,8,0,1,4,3,2,3,4,2,1,1,2,2,2,7,7,5,1,1,1,9,14,1,1,1,NaN,1,NaN,NaN,,NaN,,12,9,NaN,NaN,NaN,NaN,1,4,1,1,1,1,1,2,1,1,1,1,1,1,1,1,1,1,1,2,1,1,721084.106,4318084.198,225.453,Cob,6566,0,0,1,11,4
1823,1,2005460001904,3,11,5,3,6,1,2,CV-35,23,23,0,1,3,5,2,3,3,3,2,1,1,1,1,1,1,1,8,1,1,1,9,14,3,1,1,NaN,1,2,NaN,,NaN,,NaN,,NaN,NaN,NaN,NaN,1,4,1,1,1,1,1,1,2,1,1,1,1,1,1,1,1,1,1,2,1,2,663791.688,4411514.943,809.158,Per,41600,0,1,0,9,6
1838,1,2005460001959,3,11,10,1,4,1,2,CV-50,24.6,24,6,0,1,5,3,2,3,4,2,2,2,1,2,2,7,7,8,3,5,1,9,14,3,1,1,NaN,1,NaN,30,29,NaN,,NaN,,NaN,NaN,NaN,NaN,1,4,2,1,2,1,1,1,1,1,2,1,1,2,1,1,1,1,1,2,1,1,719483.801,4338619.653,-6.888,Sec,24248,0,0,1,1,1
1844,1,2005460001983,3,11,9,4,3,1,2,CV-31,3.7,3,7,0,1,5,3,2,3,3,2,1,2,1,2,2,7,7,8,1,1,1,9,14,3,1,1,NaN,1,1,NaN,,NaN,,NaN,,NaN,NaN,NaN,NaN,1,4,2,1,1,1,1,1,1,1,1,1,1,1,1,1,1,1,1,2,1,1,721195.166,4377727.82,29.524,Cob,26015,0,0,2,13,1
1851,1,2005460002053,3,11,14,3,1,4,2,CV-500,19.3,19,3,0,1,5,3,2,3,3,2,1,1,1,1,1,1,1,8,3,1,1,9,14,3,1,1,NaN,1,2,NaN,,NaN,,NaN,,NaN,NaN,NaN,NaN,1,4,1,1,1,1,1,1,2,1,1,1,1,1,1,1,1,1,1,2,1,1,734879.433,4351117.753,-13.912,Cob,11423,0,0,1,8,7
1854,1,2005460002058,3,11,15,6,2,1,1,CV-36,1.6,1,6,0,1,5,3,2,3,5,2,2,2,1,2,2,7,7,5,1,1,1,9,14,3,1,1,NaN,2,NaN,NaN,,NaN,,NaN,,NaN,61,60,NaN,1,4,1,1,1,1,1,2,2,1,1,1,1,1,1,1,1,1,1,2,1,1,716567.803,4369394.856,39.115,Pri,80148,0,1,0,17,1
1857,1,2005460002061,3,11,15,6,2,1,1,CV-715,3.6,3,6,0,1,5,3,2,3,3,2,1,1,1,1,1,7,7,8,3,5,5,9,14,3,1,1,NaN,1,NaN,NaN,,NaN,,NaN,,66,NaN,60,NaN,1,4,1,1,1,1,1,1,1,1,1,1,1,1,1,1,1,2,1,2,1,1,752850.473,4301683.138,131.387,Cob,5152,0,0,1,20,1
1866,1,2005460002103,3,11,17,4,4,1,1,CV-610,2,2,0,0,1,5,3,2,3,3,2,1,1,1,1,1,7,7,8,1,1,1,9,14,3,1,1,NaN,2,NaN,NaN,,NaN,,NaN,,66,NaN,60,NaN,1,4,1,1,1,1,1,1,1,1,1,1,1,2,1,1,1,1,1,2,1,1,717292.072,4319006.325,69.171,Pri,8475,0,0,1,14,2
1867,1,2005460002110,3,11,17,6,4,1,1,CV-35,22.8,22,8,0,1,2,3,2,3,4,2,2,2,1,2,2,7,7,8,1,1,1,9,14,3,1,1,NaN,1,NaN,NaN,,NaN,,NaN,,NaN,64,60,NaN,1,4,2,1,1,1,1,1,1,1,1,1,1,1,1,1,1,1,1,2,1,2,707637.009,4389563.784,130.19,Per,41600,0,0,1,17,1
1871,1,2005460002116,3,11,16,3,3,1,2,CV-400,0.9,0,9,1,1,2,3,2,3,4,2,2,2,1,2,2,7,7,8,1,1,1,9,14,3,1,1,NaN,1,3,NaN,,NaN,,NaN,,NaN,NaN,NaN,NaN,1,4,2,1,1,1,1,1,1,1,1,1,1,1,1,1,1,1,1,2,2,1,722510.758,4364710.111,-7.465,Sec,48903,0,1,0,8,1
1872,1,2005460002119,3,11,18,6,5,1,1,CV-590,51.7,51,7,1,1,5,2,2,3,3,2,1,2,1,1,1,7,7,8,1,2,1,9,14,3,1,1,NaN,1,NaN,NaN,,NaN,,12,9,NaN,NaN,NaN,NaN,1,4,2,1,1,1,1,1,1,1,1,1,1,1,1,1,1,1,1,2,1,1,676196.944,4320574.436,943.362,Cob,4435,0,0,1,18,1
1876,1,2005460002122,3,11,19,1,6,2,2,CV-35,9,9,0,0,1,2,3,2,3,4,2,2,2,2,2,2,7,7,8,1,3,1,9,14,1,1,3,NaN,2,3,NaN,,NaN,,NaN,,NaN,NaN,NaN,NaN,1,4,1,1,2,1,1,2,2,1,1,1,1,1,1,1,1,1,1,2,1,1,717369.299,4381014.853,95.977,Per,74637,0,0,2,4,2
1897,1,2005460002206,3,11,25,6,5,1,2,CV-660,26.8,26,8,0,1,5,2,3,3,1,2,1,1,1,1,1,1,1,5,1,2,1,9,14,2,1,3,NaN,1,4,NaN,,NaN,,NaN,,NaN,NaN,NaN,NaN,1,4,2,1,1,1,1,1,1,1,1,1,1,1,1,1,1,1,1,2,1,1,706390.937,4299799.518,367.46,Cob,8741,0,0,1,18,7
1900,1,2005460002209,3,11,26,4,6,2,1,CV-500,26.6,26,6,1,1,5,3,2,3,3,2,1,2,2,1,1,7,7,8,1,1,1,9,14,2,1,3,NaN,1,NaN,NaN,,NaN,,12,9,NaN,NaN,NaN,NaN,1,4,2,1,1,1,1,1,1,1,1,1,1,1,1,1,1,1,1,2,1,1,729351.975,4365783.213,-20.057,Cob,6644,0,1,0,12,2
1902,1,2005460002213,3,11,27,3,7,3,1,CV-400,3,3,0,1,1,2,3,2,3,3,2,2,1,1,2,2,7,7,8,1,1,1,9,14,3,1,3,NaN,2,NaN,NaN,,NaN,,12,9,NaN,NaN,NaN,NaN,1,4,2,1,1,1,1,1,1,1,1,1,1,1,1,1,1,1,1,2,1,1,723512.315,4366391.478,-2.518,Cob,29977,1,0,0,10,1
1903,1,2005460002215,3,11,26,6,6,2,1,CV-50,28.5,28,5,0,1,5,3,2,3,3,2,1,1,1,1,1,7,7,5,1,4,1,9,14,2,1,1,NaN,1,NaN,NaN,,NaN,,NaN,,65,NaN,60,NaN,1,4,2,1,1,1,1,1,1,1,1,1,1,1,1,1,1,1,1,2,1,1,716640.566,4340877.496,1.047,Cob,14074,0,1,0,22,2
1905,1,2005460002224,3,11,25,3,5,1,1,CV-500,0.7,0,7,1,1,2,3,2,3,3,2,2,2,2,2,2,1,1,5,1,1,1,2,14,3,1,3,NaN,2,NaN,NaN,,NaN,,12,9,NaN,NaN,NaN,NaN,1,4,1,1,1,1,1,2,2,1,1,1,1,1,1,1,1,1,1,2,1,1,732015.48,4343581.269,-2.036,Pri,18648,0,0,1,10,6
1912,1,2005460002239,3,11,25,3,5,1,1,CV-50,76.5,76,5,0,1,5,3,2,3,3,2,1,1,1,1,1,5,1,8,1,4,1,3,14,1,1,1,NaN,2,NaN,NaN,,21,21,NaN,,NaN,NaN,NaN,NaN,1,4,2,1,1,1,1,1,2,1,1,1,1,1,1,1,1,1,1,2,1,1,699137.819,4375248.567,190.576,Cob,4538,0,2,0,7,6
1914,1,2005460002243,3,11,28,3,1,4,1,CV-35,5.5,5,5,1,1,7,1,1,3,4,2,2,2,2,2,2,4,1,8,1,1,1,9,14,1,1,1,NaN,1,NaN,NaN,,NaN,,NaN,,NaN,54,50,NaN,1,4,1,1,1,1,1,2,1,1,1,1,1,1,1,1,1,1,1,2,1,1,656155.285,4423077.166,942.697,Per,124800,0,1,0,10,6
1918,1,2005460002246,3,11,28,6,1,1,2,CV-35,10,10,0,0,1,7,3,2,3,3,2,1,1,1,1,1,1,4,3,1,5,1,9,14,3,1,1,NaN,1,2,NaN,,NaN,,NaN,,NaN,NaN,NaN,NaN,1,4,2,1,1,1,1,1,2,1,1,1,1,1,1,1,1,1,1,2,1,1,716435.035,4381334.63,85.823,Per,74637,0,0,1,20,6
1926,1,2005460002253,3,11,17,2,4,1,4,CV-36,3.5,3,5,0,1,2,3,2,3,3,2,1,2,2,2,2,7,7,8,1,5,1,9,14,1,1,1,NaN,2,NaN,NaN,,NaN,,NaN,,56,NaN,50,NaN,1,4,1,1,1,1,1,1,2,1,1,1,1,1,1,1,1,1,1,2,1,1,714714.686,4369269.587,52.254,Cob,31108,0,3,0,6,5
1929,1,2005460002264,3,11,30,5,3,1,1,CV-60,16,16,0,1,1,7,3,2,3,3,2,1,2,2,2,2,7,7,8,1,1,1,9,14,2,1,1,NaN,2,NaN,NaN,,NaN,,NaN,,NaN,64,60,NaN,1,4,1,1,1,1,1,2,1,1,1,1,1,1,1,1,1,1,1,2,1,1,731066.857,4308973.162,202.661,Cob,10672,0,1,2,16,4
1939,1,2005460002281,3,12,1,3,4,1,4,CV-550,4.2,4,2,1,1,5,3,2,3,3,2,1,1,1,2,1,7,7,5,1,1,1,9,14,3,1,1,NaN,2,5,NaN,,NaN,,NaN,,NaN,NaN,NaN,NaN,2,4,1,1,1,1,1,1,2,1,1,1,1,1,1,1,1,1,1,2,1,1,717434.383,4334945.259,-8.168,Cob,11737,0,0,2,8,1
1949,1,2005460002301,3,12,3,4,6,2,1,CV-660,23.6,23,6,0,1,5,1,3,3,1,2,1,1,2,1,1,7,7,7,1,1,1,9,14,1,1,1,NaN,2,NaN,NaN,,NaN,,NaN,,NaN,61,60,NaN,1,4,2,1,1,1,1,1,1,1,1,1,1,1,1,1,1,1,1,2,1,1,703259.811,4299621.103,437.363,Cob,1327,0,0,3,12,4
1951,1,2005460002310,3,12,4,1,7,3,1,CV-60,33.5,33,5,0,1,2,3,2,3,5,2,2,2,2,1,2,7,7,8,1,5,1,9,14,2,1,1,NaN,1,NaN,NaN,,NaN,,NaN,,NaN,63,60,NaN,1,4,2,1,1,1,1,1,1,1,1,1,1,1,1,1,1,1,1,2,1,1,740066.674,4313916.393,48.785,Pri,18467,0,0,1,0,2
1958,1,2005460002318,3,12,5,6,1,4,3,CV-40,6.8,6,8,0,1,5,3,2,3,4,2,2,1,2,2,2,7,7,8,1,5,1,9,14,2,1,1,NaN,2,NaN,30,32,NaN,,NaN,,NaN,NaN,NaN,NaN,1,4,2,1,1,1,1,1,2,1,1,1,1,1,1,1,1,1,1,2,1,1,711622.783,4314303.888,165.034,Per,21960,0,1,0,21,2
1963,1,2005460002330,3,12,4,6,7,3,2,CV-35,3.5,3,5,1,1,2,3,2,3,4,2,2,2,1,2,2,7,7,8,1,4,1,9,14,1,1,1,NaN,2,4,NaN,,NaN,,NaN,,NaN,NaN,NaN,NaN,3,4,2,1,2,1,1,1,2,1,1,1,1,1,1,1,1,1,1,2,2,1,654507.777,4422863.684,906.357,Per,124800,0,0,2,19,1
1967,1,2005460002332,3,12,3,6,6,2,2,CV-35,27.5,27,5,1,1,5,3,2,3,4,2,1,2,2,2,2,1,1,3,1,5,1,9,14,1,1,1,NaN,2,1,NaN,,NaN,,NaN,,NaN,NaN,NaN,NaN,1,4,1,1,1,1,1,1,2,1,1,1,1,1,1,1,1,1,1,2,1,1,663017.176,4407903.94,762.434,Per,10748,0,3,1,19,6
1981,1,2005460002372,3,12,7,6,3,2,2,CV-35,30.1,30,1,0,1,5,3,2,3,4,2,1,1,1,1,1,2,2,3,1,1,1,9,14,1,1,1,NaN,2,2,NaN,,NaN,,NaN,,NaN,NaN,NaN,NaN,1,4,1,1,1,1,1,1,2,1,1,1,1,1,1,1,1,1,1,2,1,1,702168.068,4392157.715,160.943,Per,10748,0,0,3,17,6
1988,1,2005460002384,3,12,10,3,6,2,2,CV-35,3.5,3,5,1,1,2,3,2,3,3,2,2,2,1,2,2,7,7,8,1,1,1,9,14,3,1,1,NaN,2,4,NaN,,NaN,,NaN,,NaN,NaN,NaN,NaN,3,3,2,1,2,1,1,2,2,1,1,1,1,1,1,1,1,1,1,2,2,1,654507.777,4422863.684,906.357,Per,124800,0,0,4,9,2
1992,1,2005460002415,3,12,15,4,4,1,2,CV-32,6,6,0,1,1,5,3,3,3,3,2,1,2,2,1,2,7,7,8,1,1,1,9,14,1,1,1,NaN,2,3,NaN,,NaN,,NaN,,NaN,NaN,NaN,NaN,1,3,2,1,1,1,1,1,1,1,1,1,1,1,1,1,1,1,1,2,1,1,728636.525,4383205.327,-2.626,Sec,11378,0,0,1,13,5
1998,1,2005460002416,3,12,14,6,3,1,2,CV-60,30.3,30,3,1,1,2,3,2,3,4,2,2,2,1,2,2,7,7,8,1,5,1,9,2,1,1,3,NaN,2,3,NaN,,NaN,,NaN,,NaN,NaN,NaN,NaN,1,4,1,1,1,1,1,1,2,1,1,1,1,1,1,1,1,1,1,2,1,2,718040.793,4308275.426,146.546,Cob,15682,0,2,2,18,1
2005,1,2005460002464,3,12,17,1,6,1,1,CV-35,10.8,10,8,1,1,2,3,2,3,4,2,2,2,1,2,2,7,7,8,1,4,1,9,14,2,1,1,NaN,2,NaN,NaN,,NaN,,NaN,,NaN,61,60,NaN,1,4,2,1,1,2,1,1,1,1,1,1,1,1,1,1,1,1,1,2,1,1,660074.395,4420964.41,905.979,Per,74637,0,1,0,4,1
2012,1,2005460002479,3,12,10,5,6,2,2,CV-35,11.8,11,8,0,1,5,3,2,3,4,2,2,2,2,2,2,7,7,8,1,1,1,9,14,3,1,1,NaN,2,3,NaN,,NaN,,NaN,,NaN,NaN,NaN,NaN,1,4,2,1,1,1,1,1,1,1,1,1,1,1,1,1,1,1,1,2,1,1,715023.109,4382394.354,91.616,Per,74637,0,0,8,15,1
2016,1,2005460002484,3,12,17,1,6,2,2,CV-590,51.1,51,1,0,1,5,3,2,3,3,2,1,1,1,1,1,7,7,8,1,5,1,9,14,3,1,2,2,1,3,NaN,,NaN,,NaN,,NaN,NaN,NaN,NaN,1,4,1,1,1,1,1,1,2,1,1,1,1,1,1,1,1,1,1,2,1,1,701955.267,4318707.18,240.782,Cob,4435,0,1,4,0,1
2028,1,2005460002532,3,12,20,6,2,1,2,CV-31,2,2,0,0,1,5,3,2,3,5,2,1,2,1,2,2,3,1,8,3,5,4,9,14,3,1,3,NaN,1,2,NaN,,NaN,,NaN,,NaN,NaN,NaN,NaN,1,4,2,1,2,1,1,1,2,1,1,1,1,1,1,1,1,1,1,2,1,1,720883.481,4376267.103,21.509,Cob,42848,0,0,1,20,6
2046,1,2005460002544,3,12,18,2,7,3,3,CV-35,6.8,6,8,1,1,2,3,2,3,4,2,2,2,1,2,2,7,7,1,1,3,1,9,14,1,1,1,NaN,1,5,NaN,,NaN,,NaN,,NaN,NaN,NaN,NaN,1,3,1,1,2,1,1,1,1,1,1,1,1,1,1,1,1,1,1,2,1,1,657211.776,4422498.253,976.445,Per,88400,0,0,18,6,1
2050,1,2005460002546,3,12,20,3,2,1,2,CV-400,2,2,0,0,1,5,2,3,3,1,2,2,2,2,2,2,5,3,4,3,3,1,9,14,1,2,1,NaN,2,4,NaN,,NaN,,NaN,,NaN,NaN,NaN,NaN,1,4,2,1,1,1,1,1,1,1,1,1,1,1,1,1,1,1,1,2,1,1,723626.268,4367795.379,-1.376,Pri,27818,0,0,6,7,6
2062,1,2005460002638,3,12,27,5,2,1,1,CV-610,14.8,14,8,0,1,5,2,3,3,1,2,1,1,1,1,1,7,7,8,1,1,1,9,14,1,1,1,NaN,2,NaN,NaN,,NaN,,NaN,,65,NaN,60,NaN,1,4,1,1,1,1,1,2,1,1,1,1,1,1,1,1,1,1,1,2,1,1,726439.825,4314113.672,211.872,Cob,4010,0,1,0,16,5
2081,1,2005460002700,3,12,26,3,1,4,2,CV-25,5.4,5,4,1,1,5,2,2,3,3,2,1,1,1,1,1,2,5,3,1,2,1,9,14,1,1,1,NaN,2,3,NaN,,NaN,,NaN,,NaN,NaN,NaN,NaN,1,4,2,1,1,1,1,1,2,1,1,1,1,1,1,1,1,1,1,2,1,1,712931.562,4410957.186,422.546,Sec,3996,0,2,8,8,6
2087,1,2006030000004,1,12,30,3,5,1,3,CV-845,12.8,12,8,0,1,5,2,3,3,1,2,1,1,1,1,1,1,1,8,1,1,1,9,14,2,1,3,NaN,2,NaN,NaN,,NaN,,NaN,,NaN,NaN,NaN,71,1,4,2,1,1,1,1,1,1,1,1,1,1,1,1,1,1,1,1,2,1,1,683130.063,4240408.738,392.066,Cob,4075,0,0,4,10,6
2090,1,2006030000009,1,12,30,4,5,1,3,CV-820,10.6,10,6,0,1,5,2,3,3,3,2,1,2,1,2,2,1,1,3,1,1,1,9,14,3,1,1,NaN,1,2,NaN,,NaN,,NaN,,NaN,NaN,NaN,NaN,1,4,2,1,1,1,1,1,2,1,1,1,1,1,1,1,1,1,1,2,1,1,704453.327,4256378.995,286.964,Cob,5238,0,0,1,11,6
2091,2,2006030000011,1,1,1,5,7,3,1,CV-945,5,5,0,0,1,5,2,3,3,3,2,1,1,1,1,1,7,7,8,1,1,1,9,14,1,1,1,NaN,2,NaN,NaN,,NaN,,NaN,,66,NaN,60,NaN,1,4,2,1,1,1,1,1,2,1,1,1,1,1,1,1,1,1,1,2,1,1,695970.27,4211201.506,-0.403,Cob,5700,0,0,2,16,1
2094,2,2006030000047,1,1,1,6,7,3,1,CV-925,19.5,19,5,0,1,5,2,3,3,3,2,1,1,2,1,1,7,7,8,1,5,1,9,14,1,1,1,NaN,1,NaN,NaN,,NaN,,NaN,,NaN,53,50,NaN,1,4,1,1,1,1,1,2,1,1,1,1,1,1,1,1,1,1,1,2,1,1,686438.183,4202505.027,198.984,Cob,1256,0,0,1,20,5