Id,Ano,Numero_Accidente,Provincia,Mes,Dia,Hora,Dia_Semana,Tipo_Dia,Vehiculos_Implicados,Carretera,Pk,Km,Hm,Sentido,Zona,Tipo_Via,Anchura_Calzada,Anchura_Carril,Marcas_Viales,Arcen,Arcen_Pavimentado,Mediana,Barrera_Seguridad,Paneles_Direccionales,Hitos_Arista,Captafaros,Interseccion_Tipo,Interseccion_Acondicionamiento,Prioridad_Regulada_por,Superficie,Luminosidad,Factores_Atmosfericos,Visibilidad_Restringida_por,Otras_Circunstancias,Senalizacion_Peligro,Aceras,Arboles,Arboles_Metros_Calzada,Visibilidad_Senalizacion_Vertical,Colision_Vehiculos_Marcha,Colision_Vehiculo_Obstaculo_1,Colision_Vehiculo_Obstaculo_2,Atropello_1,Atropello_2,Vuelco_1,Vuelco_2,Salida_Sin_Colision,Salida_Con_Colision,Lado_Salida,Otro,Circulacion,Circulacion_Medidas_Especiales,Distraccion,Inexperiencia_Conductor,Alcohol_Drogas,Cansancio_Sueno,Enfermedad,Velocidad_Inadecuada,Infraccion_Norma_Circulacion,Estado_Condicion_Via,Estado_Condicion_Senalizacion,Tramo_Obras,Mal_Estado_Vehiculo,Averia_Mecanica,Meteorologia_Adversa,Irrupcion_Animal,Circular_Sentido_Contrario,Otro_Factor,Sin_Opinion_Definida,Pendiente,Curvatura,Peralte,GPS_x,GPS_y,GPS_z,Tipo_Est,IMD,N_Muertos,N_Graves,N_Leves,Hora_Real,Fuera_o_Interseccion
2095,2,2006030000060,1,1,5,5,4,2,1,CV-805,1.9,1,9,0,1,5,3,1,3,3,2,1,1,1,1,2,5,6,8,8,1,1,2,14,1,1,1,NaN,2,NaN,NaN,,NaN,,12,9,NaN,NaN,NaN,NaN,1,4,1,1,1,1,1,1,1,2,1,1,1,1,1,1,1,1,1,2,1,1,709830.733,4276244.752,651.601,Cob,2529,0,0,1,15,6
2099,2,2006030000063,1,1,5,3,4,2,2,CV-95,13,13,0,1,1,5,3,2,3,3,2,1,1,1,1,1,1,4,3,1,1,1,9,14,1,1,1,NaN,2,2,NaN,,NaN,,NaN,,NaN,NaN,NaN,NaN,1,4,1,1,1,1,1,1,2,1,1,1,1,1,1,1,1,1,1,2,1,1,691376.592,4209669.451,52.587,Cob,10522,0,0,0,8,6
2100,2,2006030000071,1,1,6,4,5,3,1,CV-720,31.1,31,1,0,1,5,2,3,3,2,1,1,1,1,1,1,7,7,5,1,1,1,9,14,2,1,3,NaN,2,NaN,NaN,,NaN,,NaN,,67,NaN,60,NaN,1,4,1,1,1,1,1,1,1,1,1,1,1,2,1,1,1,1,1,2,1,2,747701.929,4293512.898,349.002,Cob,507,0,0,0,12,1
2101,2,2006030000074,1,1,7,2,6,2,1,CV-905,0,0,0,0,1,3,3,2,3,3,2,2,2,2,2,1,7,7,8,3,4,4,9,14,1,1,3,NaN,1,NaN,NaN,,NaN,,NaN,,56,NaN,50,NaN,1,4,1,1,1,1,1,2,1,1,1,1,1,1,1,1,1,1,1,2,2,3,698062.729,4215016.961,1.517,Pri,26121,0,0,1,6,2
2103,2,2006030000079,1,1,6,1,5,3,1,CV-919,0.9,0,9,0,1,5,2,2,3,1,2,1,1,2,1,1,7,7,8,1,3,1,9,14,1,1,2,1,2,NaN,NaN,,NaN,,NaN,,NaN,51,50,NaN,1,4,2,1,1,1,1,2,1,1,1,1,1,1,1,1,1,1,1,2,1,1,684107.009,4219872.804,-7.218,Cob,2891,0,2,1,4,5
2104,2,2006030000081,1,1,7,3,6,2,1,CV-905,5.8,5,8,1,1,5,3,2,3,3,2,2,2,2,2,2,7,7,8,3,1,4,9,14,3,1,1,NaN,1,NaN,NaN,,21,24,NaN,,NaN,NaN,NaN,NaN,1,4,1,1,1,1,1,1,1,1,1,1,1,1,1,2,1,1,1,2,1,1,700867.837,4211673.829,-7.322,Cob,33942,0,0,0,9,1
2108,2,2006030000084,1,1,6,6,5,3,1,CV-81,48.1,48,1,1,1,3,3,2,3,3,2,1,2,2,2,2,7,7,8,1,2,1,9,14,1,1,1,NaN,2,NaN,NaN,,NaN,,NaN,,66,NaN,60,NaN,1,4,2,1,1,1,1,2,2,1,1,1,1,1,1,1,1,1,1,2,1,1,708521.783,4297211.126,413.544,Cob,5220,0,1,4,17,5
2110,2,2006030000086,1,1,4,6,3,1,2,CV-825,3.2,3,2,0,1,5,2,2,4,3,2,1,1,1,1,1,7,7,8,1,5,1,9,14,2,1,1,NaN,2,4,NaN,,NaN,,NaN,,NaN,NaN,NaN,NaN,1,4,1,1,1,1,1,1,2,1,1,1,1,1,1,1,1,1,1,2,1,1,697260.096,4248975.38,183.077,Sec,5779,0,0,2,19,1
2111,2,2006030000091,1,1,7,1,6,4,1,CV-900,9.9,9,9,0,1,5,3,2,3,3,2,1,1,1,1,1,7,7,8,3,3,4,9,13,3,1,1,NaN,2,NaN,NaN,,NaN,,NaN,,NaN,NaN,NaN,71,1,4,2,1,2,1,1,1,2,1,1,1,1,1,1,1,1,1,1,2,1,1,686372.178,4223300.619,-12.359,Sec,9583,0,0,1,0,1
2115,2,2006030000095,1,1,8,4,7,3,2,CV-715,20.5,20,5,1,1,5,2,3,3,2,2,1,1,1,1,1,2,1,3,1,1,1,9,14,1,1,1,NaN,1,2,NaN,,NaN,,NaN,,NaN,NaN,NaN,NaN,1,4,1,1,1,1,1,1,2,1,1,1,1,1,1,1,1,1,1,1,2,2,753493.266,4289274.449,505.227,Cob,2697,0,0,0,14,6
2116,2,2006030000105,1,1,8,2,7,3,1,CV-941,1.8,1,8,1,1,5,2,2,3,3,2,1,1,2,1,1,7,7,8,3,5,1,9,14,1,1,2,2,2,NaN,NaN,,NaN,,NaN,,NaN,61,60,NaN,1,4,2,1,1,1,1,1,1,1,1,1,1,1,1,1,1,1,1,2,1,1,694083.999,4204745.443,94.119,Sec,4131,0,2,0,6,5
2119,2,2006030000119,1,1,8,1,7,3,1,CV-715,14,14,0,1,1,5,2,2,2,1,2,1,2,2,1,1,7,7,5,3,5,4,9,14,1,1,1,NaN,2,NaN,NaN,,NaN,,NaN,,NaN,64,60,NaN,1,4,1,1,1,1,1,2,1,1,1,1,1,1,1,1,1,1,1,2,1,1,753279.734,4286389.804,459.278,Cob,2697,0,0,0,1,5
2121,2,2006030000124,1,1,5,4,4,1,2,CV-805,2,2,0,0,1,5,3,2,3,3,2,1,2,1,1,1,7,7,8,9,1,1,9,13,2,1,1,NaN,1,1,NaN,,NaN,,NaN,,NaN,NaN,NaN,NaN,1,4,1,1,1,1,1,1,1,2,1,1,1,1,1,1,1,1,1,2,2,1,709801.115,4276165.073,649.431,Cob,2529,0,0,2,14,2
2126,2,2006030000142,1,1,5,6,4,2,2,CV-912,5.6,5,6,0,1,5,2,3,3,3,2,1,2,2,1,1,7,7,8,1,4,1,9,14,1,1,1,NaN,2,3,NaN,,NaN,,NaN,,NaN,NaN,NaN,NaN,1,4,2,1,1,1,1,1,2,1,1,1,1,1,1,1,1,2,1,2,1,1,692468.816,4222082.979,-22.315,Cob,2648,0,0,0,21,5
2127,2,2006030000143,1,1,7,2,6,2,1,CV-811,2.1,2,1,1,1,5,2,3,3,3,2,1,2,2,1,1,7,7,8,3,5,4,9,14,1,1,1,NaN,2,NaN,NaN,,NaN,,NaN,,NaN,54,50,NaN,1,4,1,1,1,1,1,2,1,1,1,1,1,1,1,1,1,1,1,2,1,2,701209.569,4275166.895,679.649,Cob,718,0,1,1,5,4
2128,2,2006030000160,1,1,13,4,5,1,1,CV-84,2.8,2,8,1,1,5,3,2,3,3,2,2,2,2,2,2,7,7,8,1,1,1,9,14,1,1,1,NaN,2,NaN,NaN,,NaN,,NaN,,NaN,61,60,NaN,1,4,1,1,1,1,1,2,1,1,1,1,1,1,1,1,1,1,1,2,1,1,695960.188,4244269.405,260.518,Sec,20182,0,0,1,11,2
2133,2,2006030000166,1,1,14,4,6,1,3,CV-81,28.8,28,8,0,1,5,2,2,3,3,2,1,1,1,2,2,7,7,8,1,1,1,9,14,2,1,1,NaN,2,3,NaN,,NaN,,NaN,,NaN,NaN,NaN,NaN,1,4,2,1,1,2,1,1,1,1,1,1,1,1,1,1,1,1,1,2,1,1,695178.853,4286681.795,569.332,Cob,5702,0,0,1,14,2
2134,2,2006030000179,1,1,16,6,1,4,1,CV-70,47,47,0,1,1,5,3,2,3,3,2,1,1,1,1,2,7,7,5,1,3,1,9,14,3,1,1,NaN,1,NaN,NaN,,21,24,NaN,,NaN,NaN,NaN,NaN,1,4,1,1,1,1,1,1,1,1,1,1,1,1,1,1,1,2,1,2,1,1,723463.516,4286708.498,718.618,Per,28000,0,0,0,20,1
2136,2,2006030000185,1,1,14,1,6,2,1,CV-734,6.5,6,5,0,1,5,2,3,3,3,2,1,1,2,1,1,7,7,8,1,5,1,2,14,1,1,3,NaN,2,NaN,NaN,,NaN,,NaN,,NaN,61,60,NaN,1,4,1,1,2,1,1,2,1,1,1,1,1,1,1,1,1,1,1,2,1,1,773178.232,4296745.368,7.486,Sec,12709,0,0,0,3,2
2137,2,2006030000186,1,1,15,4,7,3,1,CV-945,3,3,0,0,1,5,2,3,3,3,2,1,1,1,1,1,7,7,7,1,1,1,9,14,3,1,1,NaN,1,NaN,NaN,,NaN,,NaN,,66,NaN,60,NaN,1,4,2,1,1,1,1,1,1,1,1,1,1,1,1,1,1,1,1,2,1,1,697913.346,4211495.749,-8.229,Sec,12333,0,0,1,11,1
2138,2,2006030000192,1,1,14,1,6,2,1,CV-804,11.5,11,5,1,1,5,2,2,3,3,2,1,1,2,1,1,7,7,8,1,5,1,2,14,1,1,3,NaN,2,NaN,NaN,,NaN,,NaN,,NaN,53,50,NaN,1,4,1,1,1,1,1,2,1,1,1,1,1,1,1,1,1,1,1,2,1,1,695473.07,4280939.19,651.618,Cob,389,0,0,0,0,5
2143,2,2006030000197,1,1,14,6,6,2,2,CV-900,3.1,3,1,1,1,5,2,2,3,3,2,1,1,1,1,1,1,1,5,1,3,1,9,14,1,2,1,NaN,2,3,NaN,,NaN,,NaN,,NaN,NaN,NaN,NaN,1,4,1,1,1,1,1,1,2,1,1,1,1,1,1,1,1,1,1,2,1,1,685756.936,4224372.106,-8.146,Cob,8641,0,1,2,21,7
2151,2,2006030000221,1,1,20,6,5,1,2,CV-95,5.9,5,9,1,1,5,3,1,3,3,2,1,1,1,1,1,1,2,3,1,1,1,6,14,2,1,3,NaN,2,2,NaN,,NaN,,NaN,,NaN,NaN,NaN,NaN,1,4,1,1,1,1,1,1,2,1,1,1,1,1,1,1,1,1,1,2,1,1,696590.106,4205289.924,14.535,Cob,13448,0,0,1,17,7
2152,2,2006030000226,1,1,17,3,2,1,1,CV-905,2.5,2,5,0,1,3,3,2,3,3,2,2,2,2,2,2,7,7,8,1,1,1,9,14,3,1,1,NaN,2,NaN,NaN,,21,24,NaN,,NaN,NaN,NaN,NaN,1,4,1,1,1,1,1,1,1,1,1,1,1,1,1,2,1,1,1,2,1,1,699709.655,4214353.571,4.293,Pri,26121,0,0,0,9,1
2153,2,2006030000227,1,1,21,5,6,2,1,CV-920,17.1,17,1,1,1,5,3,2,2,3,2,1,2,2,1,1,5,1,8,1,1,1,9,14,1,1,1,NaN,2,NaN,NaN,,NaN,,NaN,,NaN,NaN,NaN,71,1,4,1,1,1,1,1,2,1,1,1,1,1,1,1,1,1,1,1,2,1,1,691117.97,4217445.755,-3.38,Cob,7061,0,1,0,15,6
2155,2,2006030000231,1,1,17,6,2,1,2,CV-95,24.5,24,5,0,1,5,3,2,3,3,2,2,1,1,1,1,5,1,3,1,3,1,9,14,1,2,1,NaN,2,2,NaN,,NaN,,NaN,,NaN,NaN,NaN,NaN,1,4,1,1,1,1,1,1,2,1,1,1,1,1,1,1,1,2,1,2,1,1,698945.449,4204750.803,4.259,Cob,24197,0,0,1,22,7
2159,2,2006030000232,1,1,21,2,6,2,2,CV-84,3.9,3,9,0,1,5,3,2,3,3,2,2,2,2,2,2,5,6,8,1,3,1,9,14,1,1,3,NaN,2,1,NaN,,NaN,,NaN,,NaN,NaN,NaN,NaN,1,4,1,1,2,1,1,2,1,1,1,1,1,1,1,1,1,1,1,2,1,1,696654.743,4243319.34,212.699,Sec,20182,0,0,5,6,6
2160,2,2006030000233,1,1,21,6,6,2,1,CV-734,3,3,0,0,1,5,3,2,3,3,2,1,1,1,1,1,7,7,5,1,2,1,9,14,3,1,1,NaN,1,NaN,NaN,,NaN,,NaN,,66,NaN,60,NaN,1,4,2,1,1,1,1,1,1,1,1,1,1,1,1,1,1,2,1,2,1,1,769774.489,4297065.727,41.54,Sec,12709,0,0,1,18,1
2161,2,2006030000234,1,1,22,2,7,3,1,CV-715,11.3,11,3,0,1,5,1,3,3,2,2,1,1,2,1,1,7,7,5,1,4,1,9,14,1,1,2,3,1,NaN,NaN,,NaN,,NaN,,NaN,51,50,NaN,1,4,1,1,1,2,1,1,1,1,1,1,1,1,1,1,1,1,1,2,1,1,755166.16,4296228.841,143.976,Cob,2697,0,1,1,6,4
2163,2,2006030000236,1,1,21,1,6,2,1,CV-825,1.2,1,2,0,1,5,1,2,3,3,2,1,1,2,1,1,7,7,5,1,5,1,9,14,3,1,1,NaN,1,NaN,NaN,,NaN,,NaN,,66,NaN,60,NaN,1,4,1,1,1,1,1,2,1,1,1,1,1,1,1,1,1,1,1,2,1,1,695723.414,4247776.141,193.341,Sec,5779,0,0,2,4,2
2166,2,2006030000240,1,1,22,4,7,3,1,CV-950,3.6,3,6,1,1,5,2,2,2,2,2,1,2,2,1,1,7,7,8,1,1,1,2,14,1,1,3,NaN,2,NaN,NaN,,NaN,,NaN,,66,NaN,60,NaN,1,4,1,1,1,1,1,2,1,1,1,1,1,1,1,1,1,1,1,2,1,1,687198.734,4211655.248,80.907,Cob,480,0,1,0,14,5
2167,2,2006030000242,1,1,19,3,4,1,1,CV-836,1.3,1,3,1,1,5,3,2,3,3,2,1,2,2,2,2,7,7,8,1,1,1,2,14,1,1,1,NaN,2,NaN,NaN,,NaN,,NaN,,56,NaN,50,NaN,1,4,1,1,1,1,1,2,1,1,1,1,1,1,1,1,1,1,1,2,1,1,670544.359,4246914.673,539.754,Cob,1928,0,1,0,9,4
2171,2,2006030000248,1,1,16,6,1,4,4,CV-940,6.6,6,6,0,1,5,2,2,3,2,2,1,1,1,1,1,7,7,8,3,5,4,9,14,3,1,1,NaN,2,5,NaN,,NaN,,NaN,,NaN,NaN,NaN,NaN,1,4,1,1,1,1,1,1,2,1,1,1,1,1,1,1,1,1,1,2,1,1,696415.681,4211899.622,23.195,Cob,4610,0,4,2,18,1
2177,2,2006030000259,1,1,24,6,2,1,2,CV-70,43.2,43,2,0,1,5,3,2,3,2,2,2,1,2,1,2,5,2,4,1,3,1,9,14,1,2,1,NaN,2,NaN,NaN,,NaN,,12,9,NaN,NaN,NaN,NaN,1,4,1,1,1,1,1,1,2,1,1,1,1,1,1,1,1,1,1,2,1,2,749387.885,4277204.482,225.208,Cob,0,1,0,0,18,6
2179,2,2006030000269,1,1,22,1,7,3,2,CV-820,19.6,19,6,1,1,5,3,2,3,4,2,1,1,1,2,2,4,6,8,1,5,1,9,14,1,1,1,NaN,2,1,NaN,,NaN,,NaN,,NaN,NaN,NaN,NaN,1,4,2,1,2,2,1,2,2,1,1,1,1,1,1,1,1,1,1,2,1,1,712994.305,4254325.289,122.375,Pri,3146,0,0,1,3,6
2181,2,2006030000278,1,1,26,3,4,1,2,CV-91,11,11,0,0,1,5,3,2,3,3,2,1,2,2,2,1,7,7,8,1,5,1,9,14,3,1,1,NaN,1,3,NaN,,NaN,,NaN,,NaN,NaN,NaN,NaN,1,4,2,1,1,2,1,1,1,1,1,1,1,1,1,1,1,1,1,2,1,1,691649.408,4218141.983,-10.089,Pri,14231,0,1,1,7,1
2183,2,2006030000293,1,1,27,6,5,1,2,CV-840,15.8,15,8,1,1,5,2,2,3,3,2,1,2,2,1,1,2,1,8,1,1,1,9,14,2,1,1,NaN,1,1,NaN,,NaN,,NaN,,NaN,NaN,NaN,NaN,1,4,2,1,1,1,1,1,2,1,1,1,1,1,1,1,1,1,1,2,1,1,683570.603,4248209.473,418.265,Sec,2873,0,0,2,17,7
2186,2,2006030000295,1,1,28,3,6,2,1,CV-773,5,5,0,1,1,5,3,2,3,2,2,1,1,1,1,1,7,7,8,3,1,4,9,14,1,1,1,NaN,2,NaN,NaN,,NaN,,NaN,,56,NaN,50,NaN,1,4,1,1,1,1,1,2,1,1,1,1,1,1,1,1,1,1,1,2,2,1,725545.888,4262850.405,333.402,Cob,3713,0,1,0,10,3
2195,2,2006030000300,1,1,28,6,6,2,2,CV-715,6,6,0,1,1,5,2,3,3,3,2,1,2,1,1,1,7,7,5,1,5,1,9,14,1,1,1,NaN,2,1,NaN,,NaN,,NaN,,NaN,NaN,NaN,NaN,1,4,1,1,1,1,1,2,2,1,1,1,1,1,1,1,1,1,1,2,1,1,751860.069,4282634.435,151.782,Cob,5836,0,2,1,18,4
2196,2,2006030000301,1,1,28,4,6,2,1,CV-925,1.2,1,2,1,1,5,1,3,3,1,2,1,1,2,1,1,7,7,8,3,1,4,2,14,1,1,1,NaN,2,NaN,NaN,,NaN,,NaN,,66,NaN,60,NaN,1,4,2,1,2,2,1,2,2,1,1,1,1,1,2,1,1,2,1,2,1,1,692836.156,4194695.921,37.049,Cob,2262,0,0,1,13,5
2197,2,2006030000318,1,1,22,2,7,3,1,CV-91,11.4,11,4,0,1,5,3,2,3,3,2,1,1,1,1,1,7,7,8,1,4,1,9,14,3,1,1,NaN,1,NaN,NaN,,NaN,,NaN,,56,NaN,50,NaN,1,4,2,1,1,2,1,1,1,1,1,1,2,1,1,1,1,1,1,2,1,1,692005.203,4218311.628,-10.55,Pri,14231,0,1,0,6,1
2201,2,2006030000330,1,1,30,6,1,4,2,CV-736,3.9,3,9,1,1,5,2,3,3,1,2,1,2,2,1,1,7,7,5,3,1,5,2,4,1,1,1,NaN,2,1,NaN,,NaN,,NaN,,NaN,NaN,NaN,NaN,1,4,1,1,1,1,1,2,1,1,1,1,1,1,1,1,1,1,1,2,1,1,773448.855,4301023.802,123.911,Cob,4807,0,0,1,17,5
2202,2,2006030000332,1,1,30,3,1,1,1,CV-900,9.5,9,5,0,1,5,3,2,3,3,2,1,2,1,1,1,7,7,8,3,4,4,9,14,3,1,3,NaN,2,NaN,NaN,,NaN,,NaN,,NaN,54,50,NaN,1,4,2,1,1,1,1,1,1,1,1,1,1,1,1,1,1,1,1,2,1,1,686597.699,4222974.822,-13.774,Sec,9583,0,0,0,7,1
2205,2,2006030000336,1,1,31,1,2,1,1,CV-945,0.5,0,5,1,1,5,2,2,3,3,2,1,1,1,1,1,7,7,8,3,5,9,9,13,1,1,3,NaN,2,NaN,NaN,,NaN,,NaN,,66,NaN,60,NaN,1,4,1,1,1,1,1,2,1,1,1,1,1,1,1,1,1,1,1,2,1,1,691044.039,4210560.808,42.704,Sec,12333,1,0,0,3,1
2209,2,2006030000351,1,1,31,3,2,1,2,CV-821,2.5,2,5,0,1,5,3,2,3,1,2,2,1,1,2,2,5,3,8,1,1,1,9,14,1,2,3,NaN,1,3,NaN,,NaN,,NaN,,NaN,NaN,NaN,NaN,2,4,1,1,1,1,1,1,2,1,1,1,1,1,1,1,1,1,1,2,1,1,718551.2,4252322.274,61.707,Sec,28963,0,0,1,7,7
2210,2,2006030000368,1,1,27,6,5,1,1,CV-870,0.3,0,3,1,1,5,2,2,3,3,2,1,1,2,1,1,7,7,8,3,5,1,4,14,1,1,1,NaN,2,NaN,NaN,,NaN,,NaN,,NaN,63,60,NaN,2,4,2,1,1,1,1,1,2,1,1,1,1,1,2,1,1,1,1,2,1,1,675768.139,4228860.458,113.617,Cob,16632,0,0,1,18,4
2213,2,2006030000377,1,1,20,5,5,1,2,CV-700,29.3,29,3,0,1,5,2,2,3,1,2,1,1,1,1,1,7,7,8,3,1,4,9,14,2,1,3,NaN,1,2,NaN,,NaN,,NaN,,NaN,NaN,NaN,NaN,1,4,1,1,1,1,1,1,1,1,1,1,1,1,1,1,1,1,2,2,2,3,732650.664,4296782.956,482.613,Cob,458,0,0,0,16,2
2215,2,2006030000413,1,2,4,3,6,2,1,CV-700,66.5,66,5,0,1,5,2,2,3,3,2,1,2,2,1,1,7,7,5,3,5,1,9,14,1,1,1,NaN,2,NaN,NaN,,NaN,,NaN,,NaN,52,50,NaN,1,4,2,1,1,1,1,1,1,1,1,1,1,1,1,1,1,1,1,2,1,1,758803.851,4305020.16,-14.304,Cob,6384,0,0,1,7,3
2216,2,2006030000414,1,2,4,2,6,2,1,CV-91,18.8,18,8,1,1,5,3,2,3,4,2,1,1,1,2,2,7,7,5,1,5,1,9,14,3,1,1,NaN,1,NaN,NaN,,NaN,,NaN,,55,NaN,50,NaN,1,4,1,1,2,2,1,1,2,1,1,1,1,1,1,1,1,1,1,2,1,1,687406.722,4218130.026,-18.692,Cob,9272,0,0,1,6,1
2218,2,2006030000418,1,2,4,4,6,2,2,CV-925,28.5,28,5,0,1,5,2,3,3,3,2,1,1,1,1,1,1,1,5,1,1,1,9,14,2,1,1,NaN,1,3,NaN,,NaN,,NaN,,NaN,NaN,NaN,NaN,1,4,1,1,1,1,1,2,2,1,1,1,1,1,1,1,1,1,1,2,1,2,690528.813,4196339.769,84.228,Sec,5210,0,1,0,14,6
2220,2,2006030000421,1,2,4,4,6,2,1,CV-925,11,11,0,1,1,5,2,2,3,3,2,1,1,2,1,1,7,7,8,1,1,9,9,14,1,1,1,NaN,2,NaN,NaN,,NaN,,NaN,,NaN,64,60,NaN,1,4,2,1,1,1,1,1,1,1,1,1,1,1,1,1,1,1,1,2,2,2,686443.072,4200960.184,190.249,Cob,2045,0,1,0,12,4
2221,2,2006030000436,1,2,5,6,7,3,1,CV-81,53.1,53,1,0,1,5,3,2,3,4,2,1,1,1,1,1,7,7,8,1,5,1,9,14,1,1,3,NaN,2,NaN,NaN,,NaN,,NaN,,56,NaN,50,NaN,1,4,2,1,1,1,1,1,1,1,1,1,1,1,1,1,1,1,1,2,1,1,676344.424,4277757.461,498.713,Cob,5220,0,1,0,20,1
2223,2,2006030000438,1,1,23,6,1,4,2,CV-905,6.4,6,4,0,1,5,3,2,3,3,2,2,2,2,2,2,5,6,4,1,3,1,9,14,1,1,1,NaN,2,3,NaN,,NaN,,NaN,,NaN,NaN,NaN,NaN,1,4,1,1,1,1,1,1,2,1,1,1,1,1,1,1,1,2,1,2,1,1,701412.206,4210953.765,-11.362,Cob,33942,0,0,0,18,6
2225,2,2006030000447,1,2,3,4,5,1,1,CV-86,0.3,0,3,0,1,5,3,2,3,5,2,2,1,2,1,1,7,7,8,1,5,1,9,14,1,1,1,NaN,2,NaN,NaN,,NaN,,NaN,,NaN,63,60,NaN,1,4,1,1,1,1,1,2,1,1,1,1,1,1,1,1,1,1,1,2,1,2,711642.556,4242084.318,55.961,Cob,0,0,0,1,13,1
2229,2,2006030000448,1,2,5,4,7,3,2,CV-773,1.5,1,5,0,1,5,1,3,2,1,2,1,2,1,1,1,7,7,8,7,1,1,2,9,1,1,1,NaN,2,3,NaN,,NaN,,NaN,,NaN,NaN,NaN,NaN,1,4,2,1,1,1,1,1,2,2,1,1,1,1,1,1,1,1,1,2,1,1,722908.133,4257872.214,80.53,Cob,3713,0,1,0,12,5
2231,2,2006030000456,1,1,25,3,3,1,2,CV-925,29.8,29,8,1,1,5,1,3,3,3,2,1,1,1,1,1,7,7,8,1,2,1,9,14,3,1,3,NaN,2,2,NaN,,NaN,,NaN,,NaN,NaN,NaN,NaN,1,4,2,1,1,1,1,1,1,1,1,1,1,1,1,1,1,1,1,2,1,1,682073.293,4214858.281,-2.452,Sec,5210,0,0,1,8,1
2233,2,2006030000458,1,2,9,4,4,1,2,CV-920,10.1,10,1,0,1,5,2,2,3,3,2,1,1,1,1,1,7,7,8,1,1,1,9,14,3,1,1,NaN,1,2,NaN,,NaN,,NaN,,NaN,NaN,NaN,NaN,1,4,1,1,1,1,1,1,2,1,1,1,1,1,1,1,1,1,1,2,1,1,693895.446,4218008.925,-4.654,Cob,3085,0,0,1,14,1
2236,2,2006030000478,1,2,8,3,3,1,2,CV-95,26,26,0,0,1,5,3,2,3,3,2,1,1,1,1,1,7,7,8,1,1,1,9,8,1,1,1,NaN,2,3,NaN,,NaN,,NaN,,NaN,NaN,NaN,NaN,1,4,2,1,1,1,1,1,1,1,1,1,1,1,1,1,1,1,1,2,1,1,700356.33,4204352.1,-5.576,Cob,24197,0,1,0,10,1
2237,2,2006030000484,1,2,11,1,6,2,1,CV-70,49.1,49,1,0,1,5,3,2,3,3,2,2,2,2,2,2,5,2,5,3,4,4,9,14,1,2,1,NaN,2,NaN,NaN,,21,21,NaN,,NaN,NaN,NaN,NaN,1,4,1,1,1,1,1,2,1,1,1,1,1,1,1,1,1,1,1,2,1,2,749854.061,4272185.13,96.233,Per,28000,0,0,1,23,6
2238,2,2006030000488,1,1,23,1,1,4,1,CV-900,1.3,1,3,0,1,5,2,3,3,3,2,1,2,1,1,1,7,7,5,1,4,1,9,14,2,1,1,NaN,1,NaN,NaN,,NaN,,NaN,,56,NaN,50,NaN,1,4,1,1,1,1,1,2,1,1,1,1,1,1,1,1,1,1,1,2,1,1,682206.011,4219452.464,-1.381,Cob,10423,0,0,1,0,2
2239,2,2006030000489,1,2,11,6,6,2,1,CV-70,10.3,10,3,1,1,5,2,3,3,3,2,1,1,1,1,1,7,7,5,1,1,1,9,14,2,1,1,NaN,1,NaN,NaN,,NaN,,12,9,NaN,NaN,NaN,NaN,1,4,1,1,1,1,1,1,2,1,1,1,1,1,1,1,1,1,1,2,1,1,748275.51,4279917.797,270.459,Cob,1192,0,1,0,18,3
2241,2,2006030000502,1,2,8,3,3,1,2,CV-865,8.5,8,5,0,1,5,2,2,3,3,2,1,1,1,1,1,7,7,8,1,1,1,9,14,3,1,3,NaN,2,4,NaN,,NaN,,NaN,,NaN,NaN,NaN,NaN,1,4,2,1,1,1,1,1,1,1,1,1,1,1,1,1,1,1,1,2,1,1,710191.706,4233166.132,-18.54,Cob,14700,0,0,0,8,1
2242,2,2006030000515,1,2,12,3,7,3,1,CV-950,4.9,4,9,1,1,5,2,2,3,3,2,1,2,2,1,1,7,7,8,3,1,9,9,14,2,1,1,NaN,2,NaN,NaN,,NaN,,NaN,,55,NaN,50,NaN,1,4,2,1,1,1,1,2,1,1,1,1,1,1,1,1,1,1,1,2,2,2,688100.578,4211405.301,85.264,Cob,480,0,0,1,10,5
2244,2,2006030000516,1,2,12,1,7,3,2,CV-930,0.1,0,1,0,1,5,1,3,4,3,2,1,1,2,1,1,7,7,8,1,3,1,2,13,1,1,1,NaN,2,1,NaN,,NaN,,NaN,,NaN,NaN,NaN,NaN,1,4,2,1,1,1,1,1,2,1,1,1,1,1,1,1,2,1,1,2,1,1,681405.927,4219802.786,0.692,Cob,19233,0,0,0,23,4
2245,2,2006030000531,1,2,12,3,7,3,1,CV-95,19.5,19,5,0,1,5,3,2,3,3,2,1,2,1,1,1,7,7,8,3,1,4,9,14,1,1,1,NaN,2,NaN,NaN,,NaN,,NaN,,65,NaN,60,NaN,1,4,1,1,1,1,1,2,1,2,1,1,1,1,1,1,1,1,1,2,1,1,694711.356,4206086.169,39.622,Cob,8145,0,0,0,8,2
2249,2,2006030000532,1,2,10,3,5,1,2,CV-790,6.2,6,2,0,1,5,3,2,3,3,2,1,1,2,1,1,7,7,8,1,1,1,9,14,1,1,1,NaN,2,1,NaN,,NaN,,NaN,,NaN,NaN,NaN,NaN,1,4,1,1,1,1,1,1,2,1,1,1,1,1,1,1,1,1,1,2,1,1,723772.802,4290819.527,406.128,Cob,2789,0,1,0,8,4
2251,2,2006030000533,1,2,15,4,3,1,2,CV-914,1.8,1,8,0,1,5,2,3,2,1,2,1,1,1,1,1,7,7,8,1,1,1,9,14,3,1,1,NaN,1,2,NaN,,NaN,,NaN,,NaN,NaN,NaN,NaN,1,4,1,1,1,1,1,1,2,1,1,1,1,1,1,1,1,1,1,2,1,1,690475.442,4218494.639,-10.057,Cob,5105,0,0,1,12,1