Id,Ano,Numero_Accidente,Provincia,Mes,Dia,Hora,Dia_Semana,Tipo_Dia,Vehiculos_Implicados,Carretera,Pk,Km,Hm,Sentido,Zona,Tipo_Via,Anchura_Calzada,Anchura_Carril,Marcas_Viales,Arcen,Arcen_Pavimentado,Mediana,Barrera_Seguridad,Paneles_Direccionales,Hitos_Arista,Captafaros,Interseccion_Tipo,Interseccion_Acondicionamiento,Prioridad_Regulada_por,Superficie,Luminosidad,Factores_Atmosfericos,Visibilidad_Restringida_por,Otras_Circunstancias,Senalizacion_Peligro,Aceras,Arboles,Arboles_Metros_Calzada,Visibilidad_Senalizacion_Vertical,Colision_Vehiculos_Marcha,Colision_Vehiculo_Obstaculo_1,Colision_Vehiculo_Obstaculo_2,Atropello_1,Atropello_2,Vuelco_1,Vuelco_2,Salida_Sin_Colision,Salida_Con_Colision,Lado_Salida,Otro,Circulacion,Circulacion_Medidas_Especiales,Distraccion,Inexperiencia_Conductor,Alcohol_Drogas,Cansancio_Sueno,Enfermedad,Velocidad_Inadecuada,Infraccion_Norma_Circulacion,Estado_Condicion_Via,Estado_Condicion_Senalizacion,Tramo_Obras,Mal_Estado_Vehiculo,Averia_Mecanica,Meteorologia_Adversa,Irrupcion_Animal,Circular_Sentido_Contrario,Otro_Factor,Sin_Opinion_Definida,Pendiente,Curvatura,Peralte,GPS_x,GPS_y,GPS_z,Tipo_Est,IMD,N_Muertos,N_Graves,N_Leves,Hora_Real,Fuera_o_Interseccion
2253,2,2006030000542,1,2,11,6,6,2,2,CV-91,15.9,15,9,1,1,5,3,2,3,4,2,1,1,1,1,1,7,7,8,1,4,1,9,14,1,1,1,NaN,2,4,NaN,,NaN,,NaN,,NaN,NaN,NaN,NaN,1,4,2,1,1,1,1,1,2,1,1,1,1,1,1,1,1,2,1,2,1,1,690223.055,4218028.347,-20.159,Cob,9692,0,0,2,20,1
2259,2,2006030000570,1,2,18,5,6,2,2,CV-835,14,14,0,1,1,5,1,2,3,3,2,1,1,1,1,1,1,1,5,1,1,1,9,14,2,1,1,NaN,1,3,NaN,,NaN,,NaN,,NaN,NaN,NaN,NaN,1,4,2,1,1,1,1,1,2,1,1,1,1,1,1,1,1,1,1,2,1,1,689992.969,4254771.583,337.357,Cob,9028,0,0,1,15,7
2265,2,2006030000587,1,2,16,4,4,1,2,CV-870,0.2,0,2,1,1,5,3,2,3,3,2,1,1,1,2,2,1,2,3,1,1,1,2,14,1,1,1,NaN,2,2,NaN,,NaN,,NaN,,NaN,NaN,NaN,NaN,1,4,1,1,1,1,1,1,2,1,1,1,1,1,1,1,1,1,1,2,1,1,675679.024,4228898.618,114.085,Cob,16632,0,0,0,13,6
2269,2,2006030000591,1,2,3,6,5,1,2,CV-820,19.6,19,6,0,1,5,3,2,3,3,2,1,1,1,1,1,2,4,3,1,5,1,9,14,1,1,3,NaN,2,4,NaN,,NaN,,NaN,,NaN,NaN,NaN,NaN,1,4,2,1,1,1,1,1,1,1,1,1,1,1,1,1,1,1,1,2,1,1,697058.342,4252010.124,210.122,Pri,3146,0,0,0,19,6
2271,2,2006030000592,1,2,2,5,4,1,2,CV-83,1,1,0,1,1,5,2,2,3,3,2,1,1,1,1,1,1,1,8,1,1,1,9,8,1,1,3,NaN,2,4,NaN,,NaN,,NaN,,NaN,NaN,NaN,NaN,2,4,1,1,1,1,1,1,2,1,1,1,1,1,1,1,1,1,1,2,1,1,667826.839,4252646.495,594.007,Cob,14004,0,0,0,15,6
2274,2,2006030000593,1,2,20,6,1,1,1,CV-720,41.6,41,6,0,1,5,2,3,2,3,2,1,1,1,1,1,7,7,8,1,1,1,9,14,3,1,3,NaN,1,NaN,NaN,,21,21,NaN,,NaN,NaN,NaN,NaN,1,4,1,1,1,1,1,1,1,1,1,1,1,1,1,1,1,2,1,2,1,1,757073.481,4293344.006,192.219,Cob,2439,3,0,0,18,1
2284,2,2006030000594,1,2,20,6,1,4,2,CV-870,3.2,3,2,0,1,5,3,2,3,3,2,1,1,1,1,1,7,7,8,1,5,1,9,14,1,1,1,NaN,2,1,NaN,,NaN,,NaN,,NaN,NaN,NaN,NaN,2,4,2,1,1,1,1,1,2,1,1,1,1,1,1,1,1,1,1,2,1,1,679668.893,4222619.506,25.578,Cob,6822,2,7,3,19,2
2287,2,2006030000606,1,2,15,3,3,1,2,CV-845,5.6,5,6,1,1,5,2,3,3,3,2,1,1,1,1,1,1,1,8,1,1,2,4,14,1,1,1,NaN,2,2,NaN,,NaN,,NaN,,NaN,NaN,NaN,NaN,1,4,2,1,1,1,1,1,2,1,1,1,1,1,2,1,1,1,1,2,1,1,682500.178,4239583.701,402.574,Sec,5932,0,0,1,7,6
2288,2,2006030000608,1,2,19,6,7,3,1,CV-845,2,2,0,1,1,5,2,3,3,3,2,1,1,1,1,1,7,7,8,1,5,1,9,14,3,1,1,NaN,2,NaN,NaN,,NaN,,NaN,,NaN,64,60,NaN,1,4,2,1,1,1,1,1,1,1,1,1,1,1,1,1,1,1,1,2,1,1,679547.292,4238320.562,395.721,Sec,5932,0,1,0,20,1
2290,2,2006030000613,1,2,22,3,3,1,2,CV-821,6.8,6,8,0,1,5,3,3,3,1,2,1,1,1,1,1,7,7,6,1,2,1,9,14,1,1,1,NaN,2,4,NaN,,NaN,,NaN,,NaN,NaN,NaN,NaN,1,4,2,1,1,1,1,1,1,1,1,1,1,1,1,1,1,1,1,2,1,1,721907.036,4253908.07,30.881,Cob,13189,0,0,1,7,1
2295,2,2006030000631,1,2,23,6,4,1,3,CV-91,6.5,6,5,0,1,5,2,2,3,3,2,1,1,1,1,1,1,1,8,1,5,1,9,14,1,1,1,NaN,2,5,NaN,,NaN,,NaN,,NaN,NaN,NaN,NaN,2,4,2,1,1,1,1,1,2,1,1,1,1,1,1,1,1,2,1,2,1,1,687329.233,4218127.529,-16.316,Sec,13069,0,0,0,19,7
2298,2,2006030000639,1,2,17,3,5,1,2,CV-81,44.5,44,5,0,1,5,3,3,3,3,2,1,2,1,2,1,1,1,3,1,4,1,9,14,1,1,3,NaN,2,2,NaN,,NaN,,NaN,,NaN,NaN,NaN,NaN,1,4,2,1,1,1,1,1,2,1,1,1,1,1,1,1,1,1,1,2,1,1,684248.045,4278967.205,475.937,Cob,5220,0,0,0,7,6
2300,2,2006030000644,1,2,23,6,4,1,2,CV-913,2,2,0,0,1,5,2,2,3,3,2,1,1,1,1,1,7,7,8,1,2,1,9,6,1,1,3,NaN,2,4,NaN,,NaN,,NaN,,NaN,NaN,NaN,NaN,1,4,2,1,1,1,1,1,1,1,1,1,1,1,1,1,1,1,1,2,1,1,688906.846,4223127.988,-14.566,Sec,7368,0,0,0,19,1
2302,2,2006030000645,1,2,25,5,6,2,2,CV-865,7.4,7,4,1,1,5,3,2,2,1,2,1,1,1,2,2,4,2,3,1,1,1,9,14,1,1,1,NaN,2,2,NaN,,NaN,,NaN,,NaN,NaN,NaN,NaN,3,4,2,1,1,1,1,1,2,1,1,1,1,1,1,1,1,1,1,2,1,1,707310.187,4235141.83,10.453,Cob,14700,0,0,2,15,6
2307,2,2006030000651,1,2,24,6,5,1,3,CV-930,0.8,0,8,0,1,5,3,2,3,3,2,1,1,1,1,1,7,7,8,1,2,1,9,14,3,1,1,NaN,1,5,NaN,,NaN,,NaN,,NaN,NaN,NaN,NaN,1,4,2,1,1,1,1,1,2,1,1,1,1,1,1,1,1,1,1,2,1,1,681579.523,4219181.997,3.996,Cob,19233,0,0,0,19,1
2309,2,2006030000666,1,2,25,4,6,2,2,CV-925,31.6,31,6,0,1,5,2,2,3,3,2,1,1,1,1,1,1,1,8,1,1,1,9,14,3,1,1,NaN,1,NaN,NaN,,NaN,,NaN,,56,NaN,50,NaN,1,4,2,1,1,1,1,1,2,1,1,1,1,1,1,1,1,1,1,2,1,1,693006.833,4194544.182,35.763,Sec,5210,0,0,1,11,7
2311,2,2006030000675,1,2,27,6,1,4,2,CV-95,12.3,12,3,1,1,5,3,2,3,3,2,1,1,2,1,1,7,7,8,1,5,1,2,14,1,1,1,NaN,2,2,NaN,,NaN,,NaN,,NaN,NaN,NaN,NaN,1,4,1,1,1,1,1,2,2,1,1,1,1,1,1,1,1,1,1,2,1,1,691857.642,4209041.132,47.946,Cob,10522,0,1,1,21,1
2313,2,2006030000676,1,2,27,4,1,4,2,CV-941,10.6,10,6,0,1,5,2,2,3,3,2,1,2,2,1,1,1,1,3,1,1,1,9,14,1,1,3,NaN,2,4,NaN,,NaN,,NaN,,NaN,NaN,NaN,NaN,1,4,2,1,1,1,1,1,1,1,1,1,1,1,1,1,1,1,1,2,1,1,694097.523,4204842.297,90.414,Sec,4131,0,0,3,12,6
2314,2,2006030000684,1,2,26,4,7,3,1,CV-919,0.9,0,9,0,1,5,2,2,3,3,2,1,1,1,1,1,7,7,5,3,1,4,9,14,1,1,3,NaN,2,NaN,NaN,,NaN,,NaN,,NaN,52,50,NaN,1,4,2,1,1,1,1,1,1,1,1,1,1,1,1,1,1,1,1,2,1,1,684107.009,4219872.804,-7.218,Cob,2891,0,0,0,13,5
2316,2,2006030000685,1,2,27,3,1,4,2,CV-95,6.7,6,7,1,1,5,2,2,3,3,2,1,1,2,1,1,7,7,8,1,1,1,9,14,1,1,1,NaN,1,3,NaN,,NaN,,NaN,,NaN,NaN,NaN,NaN,2,4,2,1,2,1,1,1,2,1,1,1,1,1,1,1,1,2,1,2,1,1,695816.836,4205397.868,30.758,Cob,10522,0,1,0,7,1
2318,2,2006030000694,1,2,28,6,2,1,1,CV-95,20.3,20,3,0,1,5,3,2,3,3,2,1,1,2,1,1,7,7,8,1,5,1,9,14,3,1,3,NaN,1,NaN,NaN,,NaN,,NaN,,58,NaN,50,NaN,1,4,1,1,2,1,1,1,1,1,1,1,1,1,1,1,1,1,1,2,1,1,695352.986,4205550.414,39.36,Cob,8145,0,0,0,22,1
2320,2,2006030000698,1,2,23,3,4,1,1,CV-835,1,1,0,1,1,5,2,3,3,1,2,1,1,1,2,1,7,7,8,1,1,1,9,14,2,1,1,NaN,1,NaN,NaN,,NaN,,NaN,,NaN,54,50,NaN,1,4,2,1,1,1,1,1,1,1,1,1,1,1,1,1,1,1,1,2,1,1,693094.793,4263142.871,394.216,Sec,4143,0,0,1,10,1
2321,2,2006030000701,1,2,24,5,5,1,1,CV-821,6.8,6,8,1,1,5,3,2,3,4,2,2,1,1,1,2,7,7,8,1,1,1,9,14,3,1,1,NaN,1,NaN,NaN,,21,24,NaN,,NaN,NaN,NaN,NaN,1,4,1,1,1,1,1,1,1,1,1,1,1,1,1,2,1,1,1,2,1,1,718737.071,4252410.453,66.053,Cob,13189,0,0,2,15,1
2323,2,2006030000702,1,3,1,1,3,1,2,CV-70,48.7,48,7,1,1,5,2,2,3,3,2,2,1,1,1,1,7,7,5,1,3,1,9,14,2,1,1,NaN,1,4,NaN,,NaN,,NaN,,NaN,NaN,NaN,NaN,1,4,2,1,1,1,1,1,1,1,1,1,1,1,1,1,1,1,1,2,2,2,722491.372,4285994.521,746.814,Per,28000,0,0,1,23,1
2325,2,2006030000714,1,2,28,6,2,1,2,CV-91,1,1,0,0,1,5,3,2,3,3,2,1,2,2,1,1,7,7,8,1,4,1,9,13,1,1,1,NaN,2,1,NaN,,NaN,,NaN,,NaN,NaN,NaN,NaN,1,4,1,1,1,1,1,1,2,1,1,1,1,2,1,1,1,1,1,2,1,1,681955.657,4217827.252,-7.229,Cob,11818,0,0,2,20,1
2331,2,2006030000716,1,3,2,4,4,1,3,CV-70,44.3,44,3,0,1,5,3,2,3,2,2,2,1,1,1,1,5,1,8,1,1,1,9,14,2,2,1,NaN,2,3,NaN,,NaN,,NaN,,NaN,NaN,NaN,NaN,1,4,1,1,1,1,1,2,2,1,1,1,1,1,1,1,1,1,1,2,1,1,750107.403,4276442.407,211.13,Cob,25485,0,0,0,13,6
2333,2,2006030000717,1,3,2,5,4,1,2,CV-755,0,0,0,0,1,7,3,1,3,4,2,1,1,1,1,1,4,1,8,1,1,1,9,14,3,1,1,NaN,1,3,NaN,,NaN,,NaN,,NaN,NaN,NaN,NaN,1,4,2,1,1,1,1,1,2,1,1,1,1,1,1,1,1,1,1,3,1,1,743146.958,4284490.616,553.373,Cob,601,0,0,1,15,6
2334,2,2006030000718,1,3,2,6,4,1,1,CV-70,48.1,48,1,0,1,5,3,2,3,3,2,2,1,1,1,1,7,7,5,1,3,1,9,14,2,2,3,NaN,2,NaN,NaN,,NaN,,NaN,,NaN,61,60,NaN,1,4,2,1,1,1,1,1,1,1,1,1,1,1,1,1,1,1,1,2,1,1,749910.87,4273141.361,139.26,Per,28000,0,0,1,22,1
2335,2,2006030000719,1,3,2,6,4,1,1,CV-91,4.9,4,9,0,1,5,3,2,3,3,2,1,1,1,2,1,7,7,8,1,5,1,9,14,3,1,1,NaN,2,NaN,NaN,,NaN,,NaN,,NaN,64,60,NaN,1,4,1,1,1,1,1,1,2,1,1,1,1,1,1,1,1,2,1,2,1,1,685769.385,4218238.969,-13.255,Sec,13069,0,0,2,22,1
2337,2,2006030000720,1,3,2,6,4,1,2,CV-820,1.8,1,8,1,1,5,3,2,3,3,2,1,1,1,1,1,2,1,8,1,1,1,9,14,1,1,1,NaN,1,2,NaN,,NaN,,NaN,,NaN,NaN,NaN,NaN,1,4,2,1,1,1,1,1,2,1,1,1,1,1,1,1,1,1,1,2,1,2,697480.128,4252400.087,220.666,Cob,7354,0,0,2,17,7
2340,2,2006030000735,1,3,5,2,7,3,1,CV-870,10.6,10,6,0,1,5,2,2,3,3,2,1,1,1,1,1,7,7,8,1,5,8,9,14,3,1,1,NaN,1,NaN,NaN,,NaN,,NaN,,NaN,62,60,NaN,1,4,2,1,1,1,1,1,1,1,1,1,1,1,1,1,1,1,1,2,1,1,676649.959,4228482.63,101.014,Cob,6822,0,0,0,5,1
2342,2,2006030000736,1,3,3,6,5,1,2,CV-91,18.1,18,1,0,1,5,3,2,3,4,2,1,2,1,2,2,7,7,8,1,5,1,9,14,3,1,1,NaN,1,1,NaN,,NaN,,NaN,,NaN,NaN,NaN,NaN,1,4,1,1,2,1,1,1,1,1,1,1,1,1,1,1,1,2,1,2,1,1,698273.852,4219260.454,-21.187,Cob,9692,0,1,2,22,1
2344,2,2006030000763,1,3,7,3,2,1,2,CV-905,2.6,2,6,0,1,5,2,3,3,3,2,2,2,2,2,2,5,3,4,1,1,1,8,14,1,1,3,NaN,2,3,NaN,,NaN,,NaN,,NaN,NaN,NaN,NaN,1,4,1,1,1,1,1,1,2,1,1,1,1,1,1,1,1,1,1,2,1,1,699745.852,4214260.46,1.749,Pri,26121,0,0,0,7,7
2345,2,2006030000778,1,3,8,6,3,1,1,CV-913,2.9,2,9,1,1,5,2,3,3,3,2,1,1,1,1,1,7,7,8,1,1,1,9,14,1,2,1,NaN,2,NaN,NaN,,NaN,,12,9,NaN,NaN,NaN,NaN,1,4,2,1,1,1,1,1,1,1,1,1,1,1,1,1,1,1,1,2,1,1,690503.893,4224694.306,-18.015,Sec,7368,0,1,0,17,1
2347,2,2006030000791,1,3,8,5,3,1,2,CV-825,4.3,4,3,0,1,5,2,2,3,3,1,1,1,1,1,1,7,7,8,1,1,1,9,14,3,1,1,NaN,2,4,NaN,,NaN,,NaN,,NaN,NaN,NaN,NaN,1,4,2,1,1,1,1,1,2,1,1,1,1,1,1,1,1,1,1,2,1,1,697980.763,4249769.06,186.843,Sec,5779,0,1,0,15,1
2351,2,2006030000793,1,3,9,4,4,1,2,CV-925,27,27,0,0,1,5,2,2,3,1,2,1,1,1,1,1,7,7,8,1,1,1,9,14,3,1,3,NaN,1,2,NaN,,NaN,,NaN,,NaN,NaN,NaN,NaN,1,4,1,1,1,1,1,1,2,1,1,1,1,1,1,1,1,1,1,2,1,1,689224.001,4196970.882,119.325,Sec,5210,0,0,6,12,1
2355,2,2006030000796,1,3,10,3,5,1,3,CV-70,47.2,47,2,1,1,5,1,3,3,2,2,2,1,1,1,1,7,7,5,1,1,1,9,14,3,1,1,NaN,1,3,NaN,,NaN,,NaN,,NaN,NaN,NaN,NaN,1,4,1,1,1,1,1,1,2,1,1,1,1,1,1,1,1,1,1,2,2,3,723361.084,4286470.836,728.934,Per,28000,0,0,4,7,1
2357,2,2006030000798,1,3,10,5,5,1,2,CV-720,41.7,41,7,1,1,5,2,2,3,3,2,1,1,2,1,1,7,7,5,1,1,1,9,14,1,1,1,NaN,2,1,NaN,,NaN,,NaN,,NaN,NaN,NaN,NaN,1,4,2,1,1,1,1,1,1,1,1,1,1,1,1,1,1,1,1,2,1,1,736189.932,4292683.944,707.094,Cob,2439,0,0,1,16,4
2360,2,2006030000804,1,3,12,4,7,3,1,CV-70,13.5,13,5,1,1,5,2,3,3,1,2,1,2,2,1,1,7,7,8,1,1,1,9,14,2,2,3,NaN,1,NaN,NaN,,NaN,,NaN,,NaN,64,60,NaN,1,4,1,1,1,1,1,2,2,1,1,1,1,1,1,1,1,1,1,2,1,1,746223.704,4281337.92,499.729,Sec,675,1,0,0,11,3
2364,2,2006030000820,1,3,9,6,4,1,2,CV-91,14.1,14,1,1,1,5,3,2,3,3,2,1,1,2,2,2,7,7,8,1,5,1,9,14,3,1,1,NaN,1,3,NaN,,NaN,,NaN,,NaN,NaN,NaN,NaN,1,4,1,1,1,1,1,1,1,1,1,1,1,1,1,1,1,2,1,2,1,1,691850.557,4218238.547,-18.404,Pri,14231,0,0,1,19,2
2366,2,2006030000821,1,3,9,3,4,1,2,CV-835,8.5,8,5,0,1,5,2,3,3,1,2,1,2,2,2,2,7,7,5,1,1,1,9,14,3,1,1,NaN,1,3,NaN,,NaN,,NaN,,NaN,NaN,NaN,NaN,1,4,1,1,1,1,1,1,2,1,1,1,1,1,1,1,1,1,1,2,1,1,688977.146,4255625.277,354.279,Sec,4143,0,0,1,9,1
2368,2,2006030000823,1,3,13,2,1,4,1,CV-905,2.4,2,4,0,1,5,2,2,3,3,2,2,2,2,2,2,5,6,8,1,3,1,9,14,3,1,1,NaN,2,NaN,NaN,,NaN,,NaN,,NaN,61,60,NaN,1,4,1,1,2,1,1,2,1,1,1,1,1,1,1,1,1,1,1,2,1,1,699673.844,4214446.35,6.594,Pri,26121,0,0,1,5,6
2372,2,2006030000825,1,3,11,1,6,2,2,CV-91,23.3,23,3,0,1,5,3,2,3,4,2,1,2,2,2,2,7,7,5,1,5,1,9,14,3,1,1,NaN,1,4,NaN,,NaN,,NaN,,NaN,NaN,NaN,NaN,1,4,2,1,2,1,1,2,1,1,1,1,1,1,1,1,1,1,1,2,1,1,703206.784,4219064.381,-21.294,Cob,9272,0,2,1,2,2
2374,2,2006030000831,1,3,12,6,7,3,2,CV-91,3.2,3,2,1,1,5,3,2,1,3,2,1,1,1,1,1,2,1,5,1,1,1,9,14,1,1,1,NaN,2,2,NaN,,NaN,,NaN,,NaN,NaN,NaN,NaN,1,4,1,1,1,1,1,1,2,1,1,1,1,1,1,1,1,1,1,2,1,1,702160.395,4219279.39,-25.029,Sec,13069,0,0,0,18,6
2377,2,2006030000836,1,3,14,6,2,1,1,CV-95,4.9,4,9,0,1,5,2,2,3,3,2,1,1,1,1,1,2,1,8,1,1,1,1,14,1,2,1,NaN,1,NaN,NaN,,NaN,,NaN,,NaN,62,60,NaN,1,4,2,1,1,1,1,1,2,1,1,1,1,1,1,1,1,1,1,2,1,1,684627.148,4215269.462,12.043,Cob,13448,0,1,1,18,7
2379,2,2006030000839,1,3,11,1,6,2,2,CV-734,6.4,6,4,1,1,5,3,2,3,3,2,1,1,2,1,1,7,7,8,1,5,1,9,14,1,1,1,NaN,2,NaN,30,29,NaN,,NaN,,NaN,NaN,NaN,NaN,1,4,2,1,1,1,1,2,1,1,1,1,1,1,1,1,1,1,1,2,2,2,768055.109,4297633.948,58.368,Sec,12709,0,0,1,3,5
2385,2,2006030000842,1,3,14,3,2,1,2,CV-920,3.4,3,4,0,1,5,2,3,3,3,2,1,1,1,1,1,7,7,8,1,1,1,9,14,3,1,1,NaN,2,3,NaN,,NaN,,NaN,,NaN,NaN,NaN,NaN,1,4,2,1,1,1,1,1,1,1,1,1,1,1,1,1,1,1,1,2,1,1,688481.037,4215702.275,-0.618,Pri,7134,0,0,4,7,1
2391,2,2006030000861,1,3,15,3,3,1,2,CV-70,48.3,48,3,1,1,5,3,2,3,3,2,2,1,2,2,2,7,7,5,1,1,1,9,14,3,1,1,NaN,2,4,NaN,,NaN,,NaN,,NaN,NaN,NaN,NaN,1,4,2,1,1,1,1,1,1,1,1,1,1,1,1,1,1,1,1,2,1,1,722652.017,4286023.073,729.004,Per,28000,0,0,1,9,1
2392,2,2006030000862,1,3,7,4,2,1,1,CV-84,2.8,2,8,1,1,2,3,2,3,1,2,1,1,1,2,2,5,6,8,1,1,8,9,11,3,1,1,NaN,2,NaN,NaN,,NaN,,12,9,NaN,NaN,NaN,NaN,1,4,2,1,1,1,1,1,1,1,1,1,1,1,1,1,1,1,1,2,1,1,695960.188,4244269.405,260.518,Sec,20182,0,0,1,12,6
2395,2,2006030000868,1,3,13,4,1,4,3,CV-95,26.1,26,1,1,1,5,3,2,3,3,2,1,1,1,2,2,7,7,8,1,1,1,9,14,3,1,1,NaN,2,5,NaN,,NaN,,NaN,,NaN,NaN,NaN,NaN,3,4,2,1,1,1,1,1,1,1,1,1,1,1,1,1,1,1,1,2,1,1,681638.066,4216619.732,-2.701,Cob,24197,0,0,1,12,1
2396,2,2006030000878,1,3,16,5,4,1,1,CV-855,14.1,14,1,0,1,5,3,2,3,3,2,1,1,1,1,2,5,3,4,1,1,1,9,14,1,1,1,NaN,2,NaN,NaN,,NaN,,NaN,,NaN,64,60,NaN,1,4,1,1,1,1,2,1,1,1,1,1,1,1,1,1,1,1,1,2,1,2,698449.703,4224240.573,-19.838,Cob,4528,0,1,0,16,6
2400,2,2006030000882,1,3,15,5,3,1,2,CV-91,1,1,0,1,1,5,2,2,3,3,2,1,2,2,1,1,7,7,8,1,1,1,9,11,1,1,3,NaN,1,1,NaN,,NaN,,NaN,,NaN,NaN,NaN,NaN,2,4,1,1,1,1,1,2,1,1,1,1,1,1,1,1,1,1,1,2,1,1,704296.588,4219242.468,-26.308,Cob,11818,0,3,0,15,5
2402,2,2006030000892,1,3,8,4,3,1,2,CV-945,8.5,8,5,1,1,5,3,2,3,2,2,1,1,1,2,2,1,1,8,1,1,1,9,14,3,1,1,NaN,2,3,NaN,,NaN,,NaN,,NaN,NaN,NaN,NaN,1,4,2,1,1,1,1,1,1,1,1,1,1,1,1,1,1,1,1,2,1,1,698790.64,4211640.067,-13.931,Cob,5146,0,0,0,12,6
2404,2,2006030000893,1,3,17,6,5,1,1,CV-724,4,4,0,1,1,5,2,2,3,3,2,1,1,1,1,1,7,7,8,1,5,1,9,14,3,1,1,NaN,2,NaN,NaN,,NaN,,NaN,,67,NaN,60,NaN,1,4,1,1,1,1,1,1,1,1,1,1,1,1,1,2,1,1,1,2,1,1,764938.187,4301811.885,11.412,Sec,6492,0,0,1,19,1
2405,2,2006030000910,1,3,19,6,7,3,1,CV-70,46.1,46,1,0,1,5,2,3,3,2,2,2,1,2,1,1,7,7,8,2,2,4,9,14,1,2,1,NaN,2,NaN,NaN,,NaN,,NaN,,NaN,63,60,NaN,1,4,2,1,2,2,1,1,1,1,1,1,1,1,1,1,1,1,1,2,1,1,750382.568,4274947.929,167.364,Per,28000,0,0,0,19,2
2408,2,2006030000913,1,3,19,6,7,3,2,CV-70,49,49,0,0,1,5,2,2,3,2,2,2,1,1,2,2,5,1,5,1,3,1,9,14,1,1,1,NaN,1,4,NaN,,NaN,,NaN,,NaN,NaN,NaN,NaN,1,4,1,1,1,1,1,1,2,1,1,1,1,1,1,1,1,1,1,2,1,1,749851.52,4272284.053,101.778,Per,28000,0,0,2,22,6
2410,2,2006030000928,1,3,4,3,6,2,2,CV-945,8,8,0,0,1,5,2,2,3,3,2,1,1,1,1,1,2,1,8,1,1,1,9,14,3,1,1,NaN,2,2,NaN,,NaN,,NaN,,NaN,NaN,NaN,NaN,1,4,2,1,1,1,1,2,2,1,1,1,1,1,1,1,1,1,1,2,1,1,693124.747,4210841.553,18.457,Cob,5146,0,0,1,9,6
2411,2,2006030000933,1,3,14,6,2,1,1,CV-905,6.8,6,8,1,1,5,2,2,3,3,2,2,2,1,1,1,7,7,8,1,4,1,9,14,3,2,2,1,2,NaN,NaN,,NaN,,NaN,,NaN,51,50,NaN,1,4,2,1,1,1,1,1,1,1,1,1,1,1,1,1,1,1,1,2,1,1,700423.915,4212536.385,-16.796,Cob,33942,0,0,1,21,2
2412,2,2006030000934,1,3,18,1,6,2,1,CV-91,13.6,13,6,1,1,5,3,2,3,4,2,1,2,1,2,2,7,7,8,1,5,1,9,14,3,1,3,NaN,2,NaN,NaN,,NaN,,NaN,,58,NaN,50,NaN,1,4,2,1,1,2,1,1,1,1,1,1,1,1,1,1,1,1,1,2,1,1,692392.329,4218497.849,-18.452,Pri,14231,0,0,1,4,1
2414,2,2006030000940,1,3,19,1,7,3,2,CV-905,1.1,1,1,0,1,5,3,2,3,3,2,2,2,2,2,2,5,1,4,1,3,1,9,14,1,1,1,NaN,2,2,NaN,,NaN,,NaN,,NaN,NaN,NaN,NaN,1,4,2,1,2,1,1,1,2,1,1,1,1,1,1,1,1,2,1,2,1,1,699010.463,4215470.992,14.883,Pri,26121,0,0,1,1,6
2418,2,2006030000941,1,3,20,6,1,4,2,CV-91,15,15,0,0,1,5,3,2,3,3,2,1,1,1,1,1,5,1,4,1,4,1,9,14,1,1,1,NaN,2,4,NaN,,NaN,,NaN,,NaN,NaN,NaN,NaN,1,4,1,1,1,1,1,1,1,1,1,1,1,1,1,1,1,1,1,2,1,1,695386.935,4219107.869,-17.886,Cob,9692,0,0,1,20,6
2419,2,2006030000951,1,3,19,6,7,3,1,CV-940,12,12,0,0,1,5,2,2,3,3,2,1,1,2,1,1,7,7,8,1,1,1,2,14,1,1,3,NaN,2,NaN,NaN,,NaN,,NaN,,68,NaN,60,NaN,1,4,1,1,1,1,1,2,1,1,1,1,1,1,1,1,1,1,1,2,1,1,697767.569,4216598.274,-9.176,Cob,1620,0,0,1,20,5
2420,2,2006030000957,1,3,22,6,3,1,1,CV-925,27.6,27,6,1,1,5,2,3,3,1,2,1,1,1,1,1,7,7,8,1,1,1,9,14,2,1,1,NaN,1,NaN,NaN,,21,21,NaN,,NaN,NaN,NaN,NaN,1,4,1,1,1,1,1,1,2,1,1,1,1,1,1,1,1,1,1,2,1,1,683317.17,4213304.7,67.042,Sec,5210,0,0,1,17,1
2425,2,2006030000959,1,3,23,3,4,1,2,CV-945,8,8,0,0,1,5,2,3,3,3,2,1,1,2,1,1,2,1,8,1,1,1,9,14,2,1,1,NaN,1,4,NaN,,NaN,,NaN,,NaN,NaN,NaN,NaN,1,4,1,1,1,1,1,1,2,1,1,1,1,1,1,1,1,1,1,2,1,1,693124.747,4210841.553,18.457,Cob,5146,0,1,4,7,7
2426,2,2006030000968,1,3,1,4,3,1,1,CV-86,4,4,0,1,1,2,3,2,3,5,2,1,2,1,2,2,7,7,8,1,5,1,9,14,3,1,1,NaN,1,NaN,NaN,,NaN,,NaN,,66,NaN,60,NaN,1,4,1,2,1,1,1,1,2,1,1,1,1,1,1,2,1,1,1,2,1,1,707950.328,4241671.803,74.81,Cob,0,0,0,1,13,1
2428,2,2006030000975,1,3,20,3,1,1,2,CV-870,0.2,0,2,0,1,5,2,2,3,3,2,1,1,1,1,1,2,6,3,1,1,1,9,14,1,1,3,NaN,2,2,NaN,,NaN,,NaN,,NaN,NaN,NaN,NaN,1,4,2,1,1,1,1,1,1,1,1,1,1,1,1,1,1,1,1,2,1,1,681291.72,4220445.825,4.18,Cob,16632,0,0,0,9,6