Id,Ano,Numero_Accidente,Provincia,Mes,Dia,Hora,Dia_Semana,Tipo_Dia,Vehiculos_Implicados,Carretera,Pk,Km,Hm,Sentido,Zona,Tipo_Via,Anchura_Calzada,Anchura_Carril,Marcas_Viales,Arcen,Arcen_Pavimentado,Mediana,Barrera_Seguridad,Paneles_Direccionales,Hitos_Arista,Captafaros,Interseccion_Tipo,Interseccion_Acondicionamiento,Prioridad_Regulada_por,Superficie,Luminosidad,Factores_Atmosfericos,Visibilidad_Restringida_por,Otras_Circunstancias,Senalizacion_Peligro,Aceras,Arboles,Arboles_Metros_Calzada,Visibilidad_Senalizacion_Vertical,Colision_Vehiculos_Marcha,Colision_Vehiculo_Obstaculo_1,Colision_Vehiculo_Obstaculo_2,Atropello_1,Atropello_2,Vuelco_1,Vuelco_2,Salida_Sin_Colision,Salida_Con_Colision,Lado_Salida,Otro,Circulacion,Circulacion_Medidas_Especiales,Distraccion,Inexperiencia_Conductor,Alcohol_Drogas,Cansancio_Sueno,Enfermedad,Velocidad_Inadecuada,Infraccion_Norma_Circulacion,Estado_Condicion_Via,Estado_Condicion_Senalizacion,Tramo_Obras,Mal_Estado_Vehiculo,Averia_Mecanica,Meteorologia_Adversa,Irrupcion_Animal,Circular_Sentido_Contrario,Otro_Factor,Sin_Opinion_Definida,Pendiente,Curvatura,Peralte,GPS_x,GPS_y,GPS_z,Tipo_Est,IMD,N_Muertos,N_Graves,N_Leves,Hora_Real,Fuera_o_Interseccion
2429,2,2006030000980,1,3,26,2,7,3,1,CV-870,6,6,0,0,1,5,2,2,3,3,2,1,2,2,1,1,7,7,8,1,5,1,9,14,1,1,1,NaN,1,NaN,NaN,,NaN,,NaN,,NaN,NaN,NaN,71,1,4,1,1,1,1,1,2,1,1,1,1,1,1,1,1,1,1,1,2,1,1,678654.826,4225018.828,32.687,Cob,6822,0,0,2,5,5
2430,2,2006030001022,1,3,24,4,5,1,1,CV-905,2.5,2,5,1,1,5,3,2,3,3,2,1,1,1,2,2,5,3,3,1,1,1,9,13,1,1,3,NaN,2,NaN,NaN,,NaN,,12,9,NaN,NaN,NaN,NaN,1,4,1,1,1,1,1,2,1,1,1,1,1,1,1,1,1,1,1,2,1,1,702654.927,4209047.6,-18.787,Pri,26121,0,0,0,11,6
2432,2,2006030001026,1,3,28,3,2,1,1,CV-70,49,49,0,0,1,5,3,2,3,3,2,2,1,1,1,1,5,1,4,1,3,1,9,14,3,1,1,NaN,2,NaN,NaN,,NaN,,12,9,NaN,NaN,NaN,NaN,1,4,1,1,1,1,1,1,1,2,1,1,1,1,1,1,1,1,1,2,1,1,749851.52,4272284.053,101.778,Per,28000,0,0,1,7,6
2438,2,2006030001027,1,3,23,6,4,1,3,CV-895,1,1,0,0,1,5,3,2,3,3,2,1,1,1,1,1,7,7,8,1,5,1,9,14,3,1,1,NaN,1,3,NaN,,NaN,,NaN,,NaN,NaN,NaN,NaN,1,4,1,1,1,1,1,1,2,1,1,1,1,1,1,1,1,1,1,2,1,1,700815.967,4213618.628,-16.799,Cob,8153,0,0,2,18,1
2440,2,2006030001029,1,3,28,6,2,1,2,CV-925,9,9,0,0,1,5,3,2,3,4,2,1,1,1,1,1,1,2,3,1,1,1,9,13,1,1,3,NaN,2,2,NaN,,NaN,,NaN,,NaN,NaN,NaN,NaN,1,4,1,1,1,1,1,1,2,1,1,1,1,1,1,1,1,1,1,2,1,1,685475.562,4210261.503,70.341,Cob,2045,0,0,0,19,6
2442,2,2006030001036,1,3,29,3,3,1,2,CV-70,47,47,0,1,1,5,2,2,3,3,2,2,1,1,1,2,1,1,3,1,1,1,9,14,1,1,1,NaN,2,2,NaN,,NaN,,NaN,,NaN,NaN,NaN,NaN,1,4,1,1,1,1,1,1,2,1,1,1,1,1,1,1,1,1,1,2,1,1,723463.516,4286708.498,718.618,Per,28000,0,0,0,10,7
2444,2,2006030001040,1,3,15,6,3,1,2,CV-940,5.2,5,2,1,1,5,2,3,3,3,2,1,2,2,1,1,7,7,8,1,1,1,2,14,1,1,1,NaN,1,1,NaN,,NaN,,NaN,,NaN,NaN,NaN,NaN,1,4,2,1,1,1,1,2,2,1,1,1,1,1,1,1,1,1,1,2,1,1,696776.029,4212737.385,29.542,Cob,6932,0,3,1,17,4
2447,2,2006030001042,1,3,30,1,4,1,1,CV-915,4.3,4,3,1,1,5,2,2,3,1,2,2,1,1,1,1,7,7,8,1,3,1,9,14,1,2,1,NaN,2,NaN,NaN,,NaN,,NaN,,NaN,54,50,NaN,1,4,2,1,2,1,1,1,1,1,1,1,1,1,1,1,1,1,1,2,1,1,678425.39,4216482.36,1.931,Sec,9705,0,0,0,2,1
2451,2,2006030001057,1,3,26,4,7,3,2,CV-925,29,29,0,0,1,5,2,3,3,1,2,1,2,2,1,1,7,7,8,1,1,1,2,14,1,1,1,NaN,2,NaN,NaN,,NaN,,NaN,,NaN,NaN,NaN,71,1,4,1,1,2,1,1,1,2,1,1,1,1,1,1,1,1,1,1,2,1,1,690939.693,4196071.958,76.241,Sec,5210,0,4,1,14,1
2454,2,2006030001076,1,4,1,3,6,2,1,CV-70,44,44,0,0,1,5,3,2,3,3,2,2,1,1,1,1,7,7,5,1,1,1,9,14,1,1,1,NaN,1,NaN,NaN,,NaN,,NaN,,66,NaN,60,NaN,1,4,2,1,1,1,1,1,1,1,1,1,1,1,1,1,1,1,1,2,1,1,750044.113,4276814.099,220.564,Cob,25485,0,0,1,10,5
2457,2,2006030001082,1,4,1,3,6,1,2,CV-91,1.2,1,2,1,1,5,3,2,3,3,2,1,1,1,1,1,7,7,8,1,1,1,9,14,1,1,1,NaN,2,4,NaN,,NaN,,NaN,,NaN,NaN,NaN,NaN,1,4,2,1,1,1,1,2,1,1,1,1,1,1,1,1,1,1,1,2,1,1,704099.727,4219221.466,-25.93,Cob,11818,0,0,5,9,1
2459,2,2006030001085,1,4,2,4,7,3,2,CV-915,5,5,0,1,1,5,3,2,3,4,2,1,1,1,1,1,5,3,4,1,1,1,9,14,1,1,1,NaN,1,2,NaN,,NaN,,NaN,,NaN,NaN,NaN,NaN,1,4,1,1,1,1,1,1,2,1,1,1,1,1,1,1,1,1,1,2,1,1,679088.567,4216858.878,1.456,Sec,9705,0,1,1,14,7
2466,2,2006030001091,1,3,16,4,4,1,3,CV-845,2.9,2,9,0,1,5,3,2,3,3,2,1,1,1,1,1,7,7,8,1,1,1,9,14,3,1,1,NaN,2,5,NaN,,NaN,,NaN,,NaN,NaN,NaN,NaN,1,4,2,1,1,1,1,1,2,1,1,1,1,1,1,2,1,1,1,2,1,1,691739.957,4243820.666,267.882,Sec,5932,0,0,0,11,1
2467,2,2006030001104,1,4,1,4,6,2,1,CV-84,1.8,1,8,1,1,5,3,2,3,3,2,2,2,2,2,2,7,7,5,1,1,1,9,14,1,1,3,NaN,2,NaN,NaN,,NaN,,NaN,,NaN,53,50,NaN,1,4,1,1,1,1,1,2,2,1,1,1,1,1,1,1,1,1,1,2,1,1,695106.988,4244732.733,270.467,Sec,20182,0,0,1,11,4
2471,2,2006030001111,1,3,31,4,5,1,2,CV-865,1.5,1,5,0,1,5,2,2,3,3,2,1,1,1,1,1,7,7,5,1,3,1,9,14,3,1,1,NaN,1,4,NaN,,NaN,,NaN,,NaN,NaN,NaN,NaN,1,4,2,1,1,1,1,2,1,1,1,1,1,1,1,1,1,1,1,2,1,1,704419.675,4236991.949,41.593,Cob,14700,0,0,1,12,1
2472,2,2006030001112,1,4,1,6,6,2,1,CV-70,48.1,48,1,0,1,5,2,2,3,3,2,2,1,1,1,2,1,1,5,1,3,1,9,14,3,2,1,NaN,2,NaN,NaN,,21,24,NaN,,NaN,NaN,NaN,NaN,1,4,1,1,1,1,1,1,1,1,1,1,1,1,1,2,1,1,1,2,1,1,749910.87,4273141.361,139.26,Per,28000,0,0,0,22,7
2474,2,2006030001121,1,4,3,6,1,1,2,CV-855,13.9,13,9,0,1,5,2,3,3,1,2,1,2,1,1,1,2,1,3,1,1,1,9,14,1,1,3,NaN,2,2,NaN,,NaN,,NaN,,NaN,NaN,NaN,NaN,1,4,2,1,1,1,1,1,2,1,1,1,1,1,1,1,1,1,1,2,1,1,698722.098,4224346.4,-20.25,Cob,4528,0,0,2,18,6
2475,2,2006030001132,1,3,5,6,7,3,1,CV-900,4.6,4,6,1,2,5,3,2,3,1,2,1,1,1,1,2,7,7,6,1,3,1,9,14,1,1,1,NaN,1,NaN,NaN,,21,21,NaN,,NaN,NaN,NaN,NaN,1,4,1,1,1,1,1,2,2,1,1,1,1,1,1,1,1,2,1,2,1,1,686482.993,4223121.345,-12.217,Cob,8641,0,0,1,19,1
2476,2,2006030001136,1,3,31,6,5,1,1,CV-805,8.1,8,1,0,1,5,3,2,3,3,2,1,1,1,1,1,7,7,5,1,5,1,9,14,3,1,1,NaN,1,NaN,NaN,,21,24,NaN,,NaN,NaN,NaN,NaN,1,4,1,1,1,1,1,1,1,1,1,1,1,1,1,2,1,1,1,2,1,2,708242.808,4270514.806,509.879,Cob,2529,0,0,0,21,2
2478,2,2006030001138,1,4,1,6,6,2,2,CV-905,5.8,5,8,0,1,5,2,2,3,3,2,2,1,1,1,1,7,7,8,1,5,1,9,14,3,1,3,NaN,1,3,NaN,,NaN,,NaN,,NaN,NaN,NaN,NaN,1,4,2,1,1,1,1,1,2,1,1,1,1,1,1,1,1,1,1,2,1,1,701026.507,4211411.435,-8.552,Cob,33942,0,0,0,21,1
2480,2,2006030001140,1,4,4,6,2,1,2,CV-915,4.7,4,7,0,1,5,2,2,3,1,2,1,1,2,1,1,1,1,8,1,1,1,9,14,3,1,1,NaN,1,4,NaN,,NaN,,NaN,,NaN,NaN,NaN,NaN,1,4,2,1,1,1,1,1,1,1,1,1,1,1,1,1,1,1,1,2,1,1,676771.565,4214499.284,3.56,Sec,9705,0,0,1,17,7
2482,2,2006030001147,1,4,3,6,1,1,2,CV-95,9.5,9,5,1,1,5,3,2,3,3,2,1,1,2,2,2,7,7,8,1,4,1,9,14,3,1,3,NaN,2,4,NaN,,NaN,,NaN,,NaN,NaN,NaN,NaN,1,4,1,1,1,1,1,1,2,1,1,1,1,1,1,1,1,1,1,2,1,1,693646.908,4206955.4,35.783,Cob,10522,0,0,0,20,1
2483,2,2006030001148,1,4,4,1,2,1,1,CV-945,0.5,0,5,1,1,5,2,2,3,3,2,1,1,2,1,1,7,7,8,1,5,1,9,14,1,1,3,NaN,2,NaN,NaN,,NaN,,NaN,,66,NaN,60,NaN,1,4,2,1,1,1,1,1,1,1,1,1,1,1,1,1,1,1,1,2,1,1,691044.039,4210560.808,42.704,Sec,12333,0,0,1,23,5
2489,2,2006030001156,1,3,19,1,7,3,2,CV-81,54.7,54,7,0,1,5,3,2,3,3,2,1,1,1,1,2,1,1,4,1,5,3,9,14,2,2,1,NaN,2,4,NaN,,NaN,,NaN,,NaN,NaN,NaN,NaN,3,4,2,2,1,1,1,2,2,1,1,1,1,1,2,1,1,1,1,2,1,1,674810.317,4277355.678,518.621,Cob,5220,0,0,5,3,6
2492,2,2006030001161,1,4,5,3,3,1,2,CV-905,2.5,2,5,1,1,5,2,2,3,2,2,1,1,1,1,1,5,1,3,1,1,1,9,14,1,1,3,NaN,1,2,NaN,,NaN,,NaN,,NaN,NaN,NaN,NaN,1,4,2,1,1,1,1,1,2,1,1,1,1,1,1,1,1,1,1,2,1,1,702654.927,4209047.6,-18.787,Pri,26121,0,0,1,8,6
2493,2,2006030001162,1,4,1,3,6,2,1,CV-919,1.2,1,2,1,1,5,2,3,3,1,2,1,2,1,1,1,7,7,8,1,5,1,9,14,1,1,1,NaN,2,NaN,NaN,,NaN,,NaN,,NaN,62,60,NaN,1,4,2,1,1,2,1,2,2,1,1,1,1,1,1,1,1,1,1,2,1,1,683872.621,4219004.788,-7.804,Cob,2891,0,0,1,8,4
2495,2,2006030001163,1,4,2,1,7,3,2,CV-95,3.2,3,2,0,1,5,3,2,3,3,2,1,1,1,2,2,7,7,8,1,4,1,9,14,1,1,1,NaN,2,4,NaN,,NaN,,NaN,,NaN,NaN,NaN,NaN,1,4,2,1,1,1,1,1,2,1,1,1,1,1,1,1,1,1,1,2,1,1,683047.935,4215565.458,8.334,Cob,13448,0,0,1,4,1
2501,2,2006030001168,1,3,29,6,3,1,3,CV-905,8.6,8,6,0,1,5,3,2,3,3,2,2,1,1,2,2,7,7,8,1,1,1,9,14,3,1,1,NaN,1,NaN,NaN,,NaN,,12,9,NaN,NaN,NaN,NaN,1,4,2,1,1,1,1,1,1,1,1,1,1,1,1,1,1,1,1,2,1,1,702592.639,4209220.211,-18.454,Cob,33942,0,0,1,17,1
2503,2,2006030001176,1,4,7,6,5,1,2,CV-70,45.7,45,7,1,1,5,3,2,3,3,2,1,1,1,1,1,5,1,4,1,3,1,9,14,1,1,1,NaN,2,3,NaN,,NaN,,NaN,,NaN,NaN,NaN,NaN,1,4,1,1,1,1,1,1,2,1,1,1,1,1,1,1,1,1,1,2,1,1,724366.532,4286879.558,663.175,Per,28000,0,0,1,21,6
2525,2,2006030001181,1,4,8,4,6,2,2,CV-95,16.3,16,3,0,1,5,3,2,3,3,2,1,1,1,2,2,7,7,5,1,1,1,9,14,2,1,1,NaN,1,4,NaN,,NaN,,NaN,,NaN,NaN,NaN,NaN,1,4,2,1,1,1,1,1,2,1,1,1,1,1,1,1,1,1,1,2,1,1,692539.159,4208195.191,42.286,Pri,9661,0,0,23,13,1
2526,2,2006030001184,1,4,8,4,6,2,1,CV-70,47.6,47,6,0,1,5,2,3,3,2,2,2,1,1,1,2,7,7,5,1,1,1,9,14,2,1,1,NaN,2,NaN,NaN,,21,24,NaN,,NaN,NaN,NaN,NaN,1,4,1,1,1,1,1,1,1,1,1,1,1,1,1,2,1,1,1,2,2,1,750086.761,4273600.464,147.972,Per,28000,0,0,0,13,1
2528,2,2006030001185,1,4,8,5,6,2,2,CV-775,7,7,0,1,1,5,2,3,3,2,2,1,2,2,1,2,7,7,8,1,1,1,2,14,1,1,3,NaN,2,NaN,NaN,,NaN,,12,9,NaN,NaN,NaN,NaN,1,4,1,1,1,1,1,2,1,1,1,1,1,1,1,1,1,1,1,2,2,2,734290.699,4274458.19,412.472,Cob,151,0,0,1,16,4
2529,2,2006030001188,1,4,9,4,7,3,1,CV-86,5,5,0,0,1,5,3,2,3,4,2,2,1,1,2,2,5,1,4,1,1,1,9,14,1,2,1,NaN,2,NaN,NaN,,NaN,,NaN,,NaN,52,50,NaN,1,4,2,1,1,1,1,2,1,1,1,1,1,1,1,1,1,1,1,2,2,1,707244.104,4241560.418,76.716,Cob,0,0,1,0,13,7
2530,2,2006030001190,1,4,8,5,6,2,1,CV-70,42.7,42,7,1,1,5,3,2,3,1,2,2,1,1,1,2,5,2,4,1,1,1,9,14,1,2,1,NaN,2,NaN,NaN,,NaN,,NaN,,56,NaN,50,NaN,3,4,1,1,1,1,1,2,2,1,1,1,1,1,1,1,1,1,1,2,2,3,726733.821,4286969.929,482.909,Cob,0,0,1,0,15,6
2532,2,2006030001195,1,4,8,6,6,2,2,CV-91,4.2,4,2,0,1,5,2,3,3,4,2,1,1,1,1,1,7,7,8,1,5,1,9,14,3,1,3,NaN,2,2,NaN,,NaN,,NaN,,NaN,NaN,NaN,NaN,1,4,2,1,2,1,1,1,1,1,1,1,1,1,1,1,1,1,1,2,1,1,685082.746,4218176.47,-12.161,Sec,13069,0,0,1,21,1
2536,2,2006030001207,1,4,6,6,4,1,4,CV-855,15,15,0,0,1,5,3,2,3,2,1,1,2,1,1,1,7,7,8,1,1,1,9,14,3,1,1,NaN,1,5,NaN,,NaN,,NaN,,NaN,NaN,NaN,NaN,1,4,1,1,1,1,1,1,2,1,1,1,1,1,1,1,1,1,1,2,1,1,697601.035,4224080.615,-18.551,Cob,4528,0,1,0,20,1
2538,2,2006030001215,1,3,31,1,5,1,1,CV-820,11.9,11,9,1,1,5,3,2,3,4,2,1,1,2,1,2,7,7,8,1,5,1,9,14,1,1,1,NaN,2,NaN,NaN,,NaN,,NaN,,NaN,62,60,NaN,1,4,1,1,1,1,1,1,1,1,1,1,1,1,1,1,1,2,1,2,1,1,706040.364,4257062.586,273.465,Cob,4694,0,0,3,23,1
2541,2,2006030001217,1,4,11,4,2,1,3,CV-840,7.4,7,4,0,1,5,3,2,3,3,2,1,1,1,1,1,7,7,8,1,1,1,9,14,2,1,1,NaN,2,5,NaN,,NaN,,NaN,,NaN,NaN,NaN,NaN,1,4,1,1,1,1,1,1,2,2,1,1,1,1,1,1,1,1,1,2,1,1,687607.678,4248660.781,362.989,Cob,4939,0,0,1,13,1
2542,2,2006030001224,1,4,9,4,7,3,1,CV-935,0.8,0,8,0,1,5,3,2,3,3,2,1,1,2,1,1,7,7,8,1,1,1,9,14,1,1,1,NaN,2,NaN,NaN,,NaN,,NaN,,NaN,61,60,NaN,1,4,2,1,1,1,1,1,1,1,1,1,1,1,1,1,1,1,1,2,1,1,693602.228,4219998.059,-18.736,Cob,5706,0,0,1,12,1
2546,2,2006030001228,1,4,9,3,7,3,3,CV-895,5.3,5,3,1,1,5,2,3,3,3,2,1,1,1,1,1,2,1,3,1,1,1,9,14,1,1,1,NaN,2,2,NaN,,NaN,,NaN,,NaN,NaN,NaN,NaN,2,4,2,1,1,1,1,2,2,1,1,1,1,1,1,1,1,1,1,2,1,1,701230.191,4214200.198,-9.682,Cob,8153,0,1,6,8,6
2548,2,2006030001231,1,4,12,6,3,2,2,CV-915,5,5,0,0,1,5,2,2,3,1,2,1,1,1,1,1,1,1,3,1,1,1,9,14,1,1,1,NaN,2,2,NaN,,NaN,,NaN,,NaN,NaN,NaN,NaN,1,4,2,1,1,1,1,1,2,1,1,1,1,1,1,1,1,1,1,2,2,1,676490.215,4214217.389,3.589,Sec,9705,0,0,1,19,7
2554,2,2006030001235,1,4,13,6,4,2,2,CV-70,46.2,46,2,0,1,5,3,2,3,2,2,1,1,1,1,1,5,1,8,1,1,1,9,14,3,1,1,NaN,2,2,NaN,,NaN,,NaN,,NaN,NaN,NaN,NaN,1,4,1,1,1,1,1,1,2,1,1,1,1,1,1,1,1,1,1,2,1,2,750354.467,4274754.873,164.724,Per,28000,0,0,3,19,6
2556,2,2006030001242,1,4,7,6,5,1,2,CV-925,28.5,28,5,0,1,5,2,3,3,2,1,1,1,1,1,1,7,7,8,1,2,1,9,14,3,1,3,NaN,2,1,NaN,,NaN,,NaN,,NaN,NaN,NaN,NaN,1,4,1,1,1,1,1,1,2,1,1,1,1,1,1,1,1,1,1,2,1,2,690528.813,4196339.769,84.228,Sec,5210,0,3,0,20,1
2558,2,2006030001248,1,4,15,5,6,2,1,CV-91,10.4,10,4,0,1,5,3,2,3,3,2,1,2,1,2,2,7,7,8,1,1,1,9,14,3,1,1,NaN,2,NaN,NaN,,NaN,,NaN,,NaN,54,50,NaN,1,4,2,1,1,1,1,1,1,1,1,1,1,1,1,1,1,1,1,2,1,1,691082.463,4217989.483,-9.801,Pri,14231,0,0,1,15,2
2562,2,2006030001249,1,4,12,4,3,2,2,CV-800,15.4,15,4,1,1,5,3,2,3,3,2,1,2,2,2,1,1,4,3,1,1,1,9,14,1,1,1,NaN,2,1,NaN,,NaN,,NaN,,NaN,NaN,NaN,NaN,1,4,1,1,1,1,1,1,2,1,1,1,1,1,1,1,1,1,1,2,1,1,717163.451,4271652.431,546.608,Cob,3510,0,4,0,12,6
2563,2,2006030001251,1,4,16,4,7,3,1,CV-715,17.5,17,5,1,1,5,1,3,2,1,2,1,1,1,1,1,7,7,8,1,1,1,9,14,2,1,1,NaN,2,NaN,NaN,,NaN,,NaN,,66,NaN,60,NaN,1,4,2,1,1,1,1,2,1,1,1,1,1,1,1,1,1,1,1,2,2,2,751570.933,4288282.816,506.595,Cob,2697,0,0,2,12,1
2565,2,2006030001257,1,4,16,4,7,3,2,CV-724,7,7,0,1,1,5,2,3,3,3,2,1,1,1,2,2,1,1,5,1,1,1,9,14,1,1,1,NaN,1,2,NaN,,NaN,,NaN,,NaN,NaN,NaN,NaN,1,4,1,1,1,1,1,1,2,1,1,1,1,1,1,1,1,1,1,2,1,1,763519.354,4299591.506,21.691,Cob,4674,0,1,1,12,7
2567,2,2006030001263,1,4,9,4,7,3,2,CV-941,11,11,0,0,1,5,3,2,3,3,2,1,1,1,2,1,1,1,3,1,1,1,9,14,1,1,1,NaN,2,4,NaN,,NaN,,NaN,,NaN,NaN,NaN,NaN,1,4,1,1,1,1,1,1,2,1,1,1,1,1,1,1,1,1,1,2,1,1,694135.163,4205137.862,79.227,Sec,4131,0,0,0,14,6
2568,2,2006030001264,1,4,13,6,4,3,1,CV-845,13.3,13,3,0,1,5,3,2,3,2,1,1,1,1,1,1,7,7,8,1,4,1,9,14,3,1,1,NaN,1,NaN,NaN,,NaN,,NaN,,66,NaN,60,NaN,1,4,2,1,1,1,1,1,1,1,1,1,1,1,1,1,1,1,1,2,1,1,682818.927,4240026.674,394.079,Cob,4891,0,0,1,21,1
2570,2,2006030001265,1,4,14,6,5,3,2,CV-905,9,9,0,1,1,5,2,2,3,3,2,2,2,2,2,2,5,3,4,1,1,1,9,13,3,2,3,NaN,2,3,NaN,,NaN,,NaN,,NaN,NaN,NaN,NaN,1,4,1,1,2,1,1,1,2,1,1,1,1,1,1,1,1,1,1,2,1,1,699643.91,4214548.928,15.344,Cob,33942,0,0,0,18,7
2571,2,2006030001272,1,4,17,6,1,3,1,CV-95,10.1,10,1,1,1,5,3,2,3,3,2,1,2,2,2,2,7,7,8,1,5,1,9,14,1,1,1,NaN,1,NaN,30,30,NaN,,NaN,,NaN,NaN,NaN,NaN,1,4,1,1,1,1,1,2,1,1,1,1,1,1,1,1,1,1,1,2,1,1,693154.378,4207442.573,38.888,Cob,10522,0,0,2,20,5
2573,2,2006030001282,1,4,17,6,1,3,2,CV-91,5.6,5,6,0,1,5,3,2,3,3,2,1,1,2,1,1,7,7,8,1,1,5,4,14,3,1,3,NaN,1,4,NaN,,NaN,,NaN,,NaN,NaN,NaN,NaN,1,4,2,1,1,1,1,1,1,1,1,1,1,1,1,1,1,1,1,2,1,1,686458.779,4218298.212,-14.526,Sec,13069,0,0,3,19,1
2576,2,2006030001284,1,4,14,6,5,3,3,CV-895,2.6,2,6,0,1,5,2,2,3,3,2,1,1,1,1,1,7,7,5,1,1,1,9,14,3,1,1,NaN,1,3,NaN,,NaN,,NaN,,NaN,NaN,NaN,NaN,2,4,2,1,1,2,1,1,1,1,1,1,1,1,1,1,1,1,1,2,1,1,701748.322,4214891.57,-1.366,Cob,8153,0,0,1,19,2
2583,2,2006030001290,1,4,16,1,7,3,2,CV-95,25.8,25,8,1,1,5,3,2,3,3,2,1,1,1,1,1,7,7,8,1,3,1,9,14,3,1,1,NaN,1,1,NaN,,NaN,,NaN,,NaN,NaN,NaN,NaN,1,4,1,1,2,1,1,1,2,1,1,1,1,1,1,1,1,1,1,2,1,1,681954.291,4216380.995,-3.655,Cob,24197,0,2,2,3,1
2584,2,2006030001291,1,4,19,3,3,1,1,CV-870,7,7,0,0,1,5,3,1,3,1,2,1,1,1,1,1,5,1,4,1,1,1,9,14,1,1,1,NaN,2,NaN,NaN,,NaN,,NaN,,NaN,NaN,NaN,71,1,4,1,1,1,1,1,2,1,1,1,1,1,1,1,1,1,1,1,2,1,1,678534.988,4225999.733,42.2,Cob,6822,0,0,1,10,6
2586,2,2006030001294,1,4,19,6,3,1,2,CV-95,5.9,5,9,1,1,5,3,2,3,3,2,1,2,2,1,1,7,7,8,1,1,1,9,14,2,1,3,NaN,1,3,NaN,,NaN,,NaN,,NaN,NaN,NaN,NaN,1,4,1,1,1,1,1,1,2,1,1,1,1,1,1,1,1,1,1,2,1,1,696590.106,4205289.924,14.535,Cob,13448,0,2,0,19,2
2588,2,2006030001302,1,4,19,6,3,1,2,CV-920,19.3,19,3,0,1,5,2,3,3,1,2,1,1,2,1,1,7,7,8,1,1,1,2,14,1,1,3,NaN,2,2,NaN,,NaN,,NaN,,NaN,NaN,NaN,NaN,1,4,1,1,1,1,1,1,1,1,1,1,1,1,1,1,1,1,1,2,1,1,700490.435,4219689.026,-20.689,NaN,0,0,0,1,17,4
2590,2,2006030001311,1,4,5,3,3,1,2,CV-775,0,0,0,1,1,5,2,2,3,1,2,1,1,1,1,1,6,2,2,1,1,1,9,14,1,1,3,NaN,2,4,NaN,,NaN,,NaN,,NaN,NaN,NaN,NaN,1,4,2,1,1,1,1,1,1,1,1,1,1,1,1,1,1,1,1,2,1,1,738292.062,4274547.598,247.951,Cob,2050,0,0,0,8,6
2591,2,2006030001312,1,4,18,6,2,1,1,CV-720,48.3,48,3,0,1,5,2,3,3,2,2,1,1,2,1,1,7,7,5,1,1,1,9,14,1,1,1,NaN,2,NaN,NaN,,NaN,,NaN,,NaN,63,60,NaN,1,4,1,1,1,1,1,2,1,1,1,1,1,1,1,1,1,1,1,2,1,1,761400.304,4296730.584,120.07,Cob,2439,0,1,0,18,4
2596,2,2006030001325,1,4,21,3,5,1,1,CV-81,25.6,25,6,1,1,5,3,2,3,3,2,1,1,1,1,1,7,7,8,1,2,1,9,14,2,1,3,NaN,1,NaN,NaN,,NaN,,NaN,,NaN,52,50,NaN,1,4,2,1,1,2,1,1,1,1,1,1,1,1,1,1,1,1,1,2,1,1,693422.463,4285881.89,565.449,Cob,5702,0,1,2,7,1
2597,2,2006030001327,1,4,23,1,7,3,1,CV-736,3.6,3,6,1,1,5,2,3,3,1,2,1,2,1,2,2,7,7,8,3,4,4,9,14,3,1,3,NaN,2,NaN,NaN,,NaN,,NaN,,NaN,54,50,NaN,1,4,2,1,2,1,1,1,1,1,1,1,1,1,2,1,1,1,1,2,2,2,773681.227,4300844.655,142.771,Cob,4807,0,0,0,0,2
2599,2,2006030001333,1,4,18,6,2,1,2,CV-840,7.5,7,5,0,1,5,3,2,3,3,2,1,1,2,1,1,7,7,8,1,1,1,9,14,2,1,1,NaN,1,NaN,30,32,NaN,,NaN,,NaN,NaN,NaN,NaN,1,4,1,1,1,1,1,1,1,1,1,1,1,1,1,1,1,2,1,2,1,1,687520.255,4248614.191,361.785,Cob,4939,0,0,1,20,2
2601,2,2006030001338,1,4,8,4,6,2,1,CV-80,9.5,9,5,0,1,3,3,2,3,4,2,2,2,1,2,2,7,7,8,1,1,1,9,14,3,1,1,NaN,1,NaN,NaN,,21,24,NaN,,NaN,NaN,NaN,NaN,1,4,1,1,1,1,1,1,1,1,1,1,1,1,1,2,1,1,1,2,1,1,696914.286,4274294.9,705.22,Cob,6293,0,0,0,13,1
2604,2,2006030001347,1,4,7,4,5,1,2,CV-800,15,15,0,1,1,5,2,2,3,3,2,1,1,1,2,1,1,1,3,1,1,1,9,14,3,1,3,NaN,2,2,NaN,,NaN,,NaN,,NaN,NaN,NaN,NaN,1,4,1,1,1,1,1,1,2,1,1,1,1,1,1,1,1,1,1,2,1,1,717412.73,4271887.992,566.283,Cob,3510,0,0,0,12,6
2605,2,2006030001349,1,4,20,6,4,1,1,CV-81,48.7,48,7,1,1,5,3,2,3,4,2,1,2,2,2,2,7,7,8,1,1,1,9,14,1,1,2,5,2,NaN,NaN,,NaN,,NaN,,NaN,51,50,NaN,1,4,1,1,1,1,1,1,2,1,1,1,1,1,1,1,1,1,1,2,1,1,707986.687,4297170.276,395.255,Cob,5220,0,1,0,17,5
2609,2,2006030001354,1,4,24,6,1,4,2,CV-763,0,0,0,1,1,5,1,3,3,3,2,1,1,1,2,2,2,5,3,1,1,1,9,14,1,1,3,NaN,2,4,NaN,,NaN,,NaN,,NaN,NaN,NaN,NaN,1,4,2,1,1,1,1,1,1,1,1,1,1,1,1,1,1,1,1,2,1,1,750561.734,4275764.631,174.284,Cob,16489,0,0,0,17,6
2613,2,2006030001362,1,4,16,5,7,3,2,CV-91,15,15,0,0,1,5,3,2,3,3,2,1,1,2,1,2,5,1,4,1,1,1,9,14,1,1,1,NaN,1,2,NaN,,NaN,,NaN,,NaN,NaN,NaN,NaN,1,4,1,1,1,1,1,1,2,1,1,1,1,1,1,1,1,1,1,2,1,1,695386.935,4219107.869,-17.886,Cob,9692,0,0,2,15,6