Id,Ano,Numero_Accidente,Provincia,Mes,Dia,Hora,Dia_Semana,Tipo_Dia,Vehiculos_Implicados,Carretera,Pk,Km,Hm,Sentido,Zona,Tipo_Via,Anchura_Calzada,Anchura_Carril,Marcas_Viales,Arcen,Arcen_Pavimentado,Mediana,Barrera_Seguridad,Paneles_Direccionales,Hitos_Arista,Captafaros,Interseccion_Tipo,Interseccion_Acondicionamiento,Prioridad_Regulada_por,Superficie,Luminosidad,Factores_Atmosfericos,Visibilidad_Restringida_por,Otras_Circunstancias,Senalizacion_Peligro,Aceras,Arboles,Arboles_Metros_Calzada,Visibilidad_Senalizacion_Vertical,Colision_Vehiculos_Marcha,Colision_Vehiculo_Obstaculo_1,Colision_Vehiculo_Obstaculo_2,Atropello_1,Atropello_2,Vuelco_1,Vuelco_2,Salida_Sin_Colision,Salida_Con_Colision,Lado_Salida,Otro,Circulacion,Circulacion_Medidas_Especiales,Distraccion,Inexperiencia_Conductor,Alcohol_Drogas,Cansancio_Sueno,Enfermedad,Velocidad_Inadecuada,Infraccion_Norma_Circulacion,Estado_Condicion_Via,Estado_Condicion_Senalizacion,Tramo_Obras,Mal_Estado_Vehiculo,Averia_Mecanica,Meteorologia_Adversa,Irrupcion_Animal,Circular_Sentido_Contrario,Otro_Factor,Sin_Opinion_Definida,Pendiente,Curvatura,Peralte,GPS_x,GPS_y,GPS_z,Tipo_Est,IMD,N_Muertos,N_Graves,N_Leves,Hora_Real,Fuera_o_Interseccion
2617,2,2006030001364,1,4,23,1,7,3,1,CV-870,3.9,3,9,0,1,5,2,2,3,3,2,1,1,2,1,1,7,7,8,1,5,1,9,14,1,1,1,NaN,2,NaN,NaN,,NaN,,NaN,,66,NaN,60,NaN,1,4,1,1,1,1,1,2,1,1,1,1,1,1,1,1,1,1,1,2,1,1,679234.92,4223163.122,24.367,Cob,6822,0,0,2,23,5
2621,2,2006030001367,1,3,25,6,6,3,2,CV-930,2.5,2,5,1,1,5,2,2,3,2,2,1,2,1,2,1,5,6,4,1,4,1,9,14,1,2,1,NaN,2,4,NaN,,NaN,,NaN,,NaN,NaN,NaN,NaN,1,4,2,1,1,1,1,1,1,1,1,1,1,1,1,1,1,1,1,2,1,1,681657.314,4218890.574,2.917,Cob,15125,0,0,2,20,7
2625,2,2006030001379,1,4,23,4,7,3,2,CV-915,5.5,5,5,1,1,5,3,2,3,1,2,2,1,2,1,1,5,3,4,1,1,1,9,14,1,2,1,NaN,2,3,NaN,,NaN,,NaN,,NaN,NaN,NaN,NaN,1,4,1,1,1,1,1,1,2,1,1,1,1,1,1,1,1,2,1,2,1,1,679436.661,4217073.607,0.385,Sec,9705,0,0,1,11,6
2626,2,2006030001388,1,4,27,4,4,1,1,CV-720,40.2,40,2,0,1,5,2,2,3,2,2,1,1,1,1,1,7,7,8,1,1,1,9,14,2,1,1,NaN,1,NaN,NaN,,NaN,,NaN,,NaN,64,60,NaN,1,4,2,1,1,1,1,1,1,1,1,1,1,1,1,1,1,1,1,2,1,1,755889.192,4292803.21,216.013,Cob,2439,0,0,1,13,1
2628,2,2006030001395,1,4,24,2,1,1,2,CV-905,2.5,2,5,0,1,5,2,2,3,3,2,2,1,2,2,2,5,1,8,1,3,1,9,14,3,1,3,NaN,2,4,NaN,,NaN,,NaN,,NaN,NaN,NaN,NaN,1,4,1,1,1,1,1,1,1,1,1,1,1,1,1,1,1,1,2,2,1,1,699709.655,4214353.571,4.293,Pri,26121,0,0,0,6,6
2629,2,2006030001396,1,4,23,2,7,3,1,CV-870,5.4,5,4,0,1,5,2,2,3,3,2,1,1,1,1,1,7,7,8,3,5,1,9,14,2,1,1,NaN,2,NaN,NaN,,NaN,,NaN,,NaN,64,60,NaN,1,4,2,1,1,1,1,2,1,1,1,1,1,1,1,1,1,1,1,2,1,1,678692.064,4224431.358,28.916,Cob,6822,0,0,0,5,1
2634,2,2006030001405,1,4,26,5,3,1,2,CV-865,2.4,2,4,1,1,5,3,2,2,3,2,1,1,1,2,2,6,5,3,1,1,1,9,14,1,1,1,NaN,2,4,NaN,,NaN,,NaN,,NaN,NaN,NaN,NaN,1,4,2,1,1,1,1,1,1,1,1,1,1,1,1,1,1,2,1,2,1,1,711234.346,4232183.474,-17.356,Cob,14700,0,0,5,15,6
2640,2,2006030001410,1,4,29,6,6,2,2,CV-900,1.7,1,7,0,1,5,2,2,3,3,2,1,2,1,1,1,7,7,8,1,1,1,9,14,3,1,1,NaN,1,4,NaN,,NaN,,NaN,,NaN,NaN,NaN,NaN,1,4,1,1,1,1,1,2,1,1,1,1,1,1,1,1,1,1,1,2,1,1,682552.74,4219642.795,-1.333,Cob,10423,0,0,1,18,1
2641,2,2006030001414,1,4,30,6,7,3,1,CV-70,46.7,46,7,1,1,5,2,3,3,3,2,2,1,1,1,1,7,7,5,1,2,1,9,14,1,1,1,NaN,2,NaN,NaN,,NaN,,NaN,,NaN,63,60,NaN,1,4,2,1,1,1,1,1,1,1,1,1,1,1,1,1,1,1,1,2,1,1,723675.981,4286886.656,699.366,Per,28000,0,1,0,20,1
2642,2,2006030001416,1,5,1,2,1,3,1,CV-91,16.6,16,6,1,1,5,3,2,3,3,2,1,2,2,1,1,7,7,8,1,2,1,9,14,2,1,1,NaN,1,NaN,NaN,,NaN,,NaN,,56,NaN,50,NaN,1,4,2,1,1,2,1,1,1,1,1,1,1,1,1,1,1,1,1,2,2,1,689540.575,4218105.032,-20.193,Cob,9692,0,1,0,6,5
2645,2,2006030001418,1,4,30,1,7,3,3,CV-945,1.8,1,8,0,1,5,3,2,3,1,2,2,2,2,1,1,7,7,8,1,3,1,9,8,1,1,3,NaN,2,1,NaN,,NaN,,NaN,,NaN,NaN,NaN,NaN,1,4,1,1,1,1,1,1,2,1,1,1,1,1,1,1,1,1,1,2,1,1,699067.82,4211681.634,-20.083,Sec,12333,0,0,3,0,5
2646,2,2006030001425,1,5,1,5,1,3,1,CV-95,15.4,15,4,1,1,5,3,2,3,3,2,1,2,2,1,1,7,7,8,1,1,1,9,14,1,1,1,NaN,2,NaN,NaN,,NaN,,NaN,,NaN,64,60,NaN,1,4,1,1,1,1,1,2,1,1,1,1,1,1,1,1,1,1,1,2,1,1,689789.991,4211224.247,87.501,Pri,9661,0,1,0,16,4
2647,2,2006030001430,1,4,18,4,2,1,1,CV-790,6,6,0,0,1,5,3,2,3,3,2,1,2,1,1,1,7,7,8,1,1,1,3,14,1,1,2,2,2,NaN,30,30,NaN,,NaN,,NaN,NaN,NaN,NaN,1,4,1,1,1,1,1,1,1,1,1,1,1,1,1,1,1,2,1,2,2,2,723814.755,4290733.814,411.669,Cob,2789,0,0,0,13,5
2650,2,2006030001445,1,5,2,6,2,1,2,CV-870,6,6,0,1,1,5,2,2,3,3,2,1,1,1,1,1,1,1,8,1,1,1,2,14,1,1,1,NaN,2,NaN,NaN,,NaN,,NaN,,67,NaN,60,NaN,1,4,1,1,1,1,1,2,1,1,1,1,1,1,1,1,1,1,1,2,1,1,678653.798,4224965.169,32.709,Cob,6822,0,0,1,19,6
2651,2,2006030001449,1,4,25,6,2,1,1,CV-840,8.5,8,5,1,1,5,2,2,3,3,2,1,1,2,1,1,7,7,5,1,5,1,9,14,1,1,1,NaN,1,NaN,NaN,,NaN,,NaN,,66,NaN,60,NaN,1,4,2,1,2,1,1,1,2,1,1,1,1,1,1,1,1,1,1,2,1,2,677194.037,4246097.181,605.201,Cob,4939,0,0,1,22,4
2669,2,2006030001479,1,5,4,6,4,1,3,CV-725,4,4,0,1,1,5,2,2,3,3,2,1,2,1,1,2,7,7,5,3,1,5,4,14,2,1,1,NaN,2,1,NaN,,NaN,,NaN,,NaN,NaN,NaN,NaN,2,4,1,1,1,1,1,1,2,1,1,1,1,1,1,1,1,1,1,2,1,1,765001.887,4303125.405,1.73,Pri,18255,0,1,11,19,2
2670,2,2006030001483,1,5,4,6,4,1,1,CV-900,3.4,3,4,1,1,5,2,2,3,4,2,1,1,1,1,1,2,1,2,1,1,1,1,14,1,2,1,NaN,2,NaN,NaN,,21,21,NaN,,NaN,NaN,NaN,NaN,1,4,2,1,1,1,1,2,2,1,1,1,1,1,1,1,1,1,1,2,2,1,685804.937,4224076.646,-10.085,Cob,8641,0,1,0,17,6
2671,2,2006030001490,1,4,30,6,7,3,1,CV-835,5.5,5,5,0,1,5,2,2,3,1,2,1,1,2,1,1,7,7,8,1,1,1,9,14,1,1,3,NaN,2,NaN,NaN,,NaN,,NaN,,NaN,53,50,NaN,1,4,1,1,1,1,1,2,1,1,1,1,1,1,1,1,1,1,1,2,1,1,690968.036,4253578.277,343.522,Sec,4143,0,1,0,19,5
2676,2,2006030001508,1,5,4,4,4,1,2,CV-940,9,9,0,0,1,5,2,2,3,3,2,1,1,1,1,1,1,1,8,3,1,4,9,14,3,2,3,NaN,2,4,NaN,,NaN,,NaN,,NaN,NaN,NaN,NaN,1,4,1,1,1,1,1,1,2,1,1,1,1,1,1,1,1,1,1,2,1,1,697547.09,4213951.928,22.903,Cob,4610,0,0,0,13,7
2678,2,2006030001519,1,5,6,5,6,1,2,CV-91,4.5,4,5,0,1,5,2,2,3,4,2,1,1,1,1,1,7,7,8,1,1,1,9,14,1,1,3,NaN,2,1,NaN,,NaN,,NaN,,NaN,NaN,NaN,NaN,1,4,1,1,1,1,1,1,2,1,1,1,1,1,1,1,1,1,1,2,1,1,685374.68,4218203.412,-12.635,Sec,13069,0,0,1,16,1
2684,2,2006030001530,1,5,9,4,2,1,2,CV-900,6,6,0,1,1,5,3,2,3,3,2,1,2,2,2,1,5,6,4,1,1,1,9,14,1,1,3,NaN,2,4,NaN,,NaN,,NaN,,NaN,NaN,NaN,NaN,1,4,2,1,1,1,1,1,1,1,1,1,1,1,1,1,1,1,1,2,1,1,687278.283,4221924.254,-13.828,Cob,8641,0,0,0,11,6
2686,2,2006030001531,1,5,9,3,2,1,2,CV-913,5,5,0,1,1,5,2,2,3,3,2,2,1,2,1,1,7,7,8,3,1,4,9,14,1,1,1,NaN,2,NaN,30,29,NaN,,NaN,,NaN,NaN,NaN,NaN,1,4,2,1,1,1,1,1,2,1,1,1,1,1,2,1,1,2,1,2,1,1,689066.526,4223248.287,-14.715,Cob,6009,0,0,1,10,1
2690,2,2006030001534,1,5,10,2,3,1,2,CV-845,4.5,4,5,0,1,5,2,3,3,3,2,1,2,2,1,1,7,7,5,7,1,1,2,8,1,1,1,NaN,2,2,NaN,,NaN,,NaN,,NaN,NaN,NaN,NaN,1,4,1,1,1,1,1,2,1,1,1,2,1,1,1,1,1,1,1,2,1,1,690302.426,4243162.712,295.748,Sec,5932,1,0,0,6,3
2692,2,2006030001535,1,5,4,4,4,1,2,CV-95,26.5,26,5,0,1,5,3,2,3,3,2,1,1,1,1,1,7,7,8,3,1,4,9,14,2,1,3,NaN,1,4,NaN,,NaN,,NaN,,NaN,NaN,NaN,NaN,1,4,2,1,1,1,1,1,2,1,1,1,1,1,1,1,1,1,1,2,1,1,700832.136,4204278.471,-12.572,Cob,24197,0,0,2,13,1
2696,2,2006030001537,1,5,9,6,2,1,2,CV-95,2.7,2,7,1,1,5,2,2,3,3,2,1,1,1,2,2,1,1,8,1,1,1,9,14,2,1,3,NaN,1,4,NaN,,NaN,,NaN,,NaN,NaN,NaN,NaN,1,4,2,1,1,1,1,1,1,1,1,1,1,1,1,1,1,1,1,2,1,1,699296.909,4204608.429,-0.482,Cob,13448,0,0,2,19,7
2698,2,2006030001540,1,5,3,6,3,1,2,CV-91,16,16,0,1,1,5,3,2,3,3,2,1,2,1,2,2,7,7,5,3,1,4,9,14,2,1,3,NaN,2,4,NaN,,NaN,,NaN,,NaN,NaN,NaN,NaN,1,4,2,1,1,1,1,1,1,1,1,1,1,1,1,1,1,1,1,2,1,1,690124.04,4218033.054,-20.299,Cob,9692,0,0,0,19,1
2704,2,2006030001546,1,5,10,6,3,1,2,CV-724,4.5,4,5,0,1,5,2,3,3,3,2,1,1,1,1,1,7,7,8,1,1,1,9,14,1,1,1,NaN,2,4,NaN,,NaN,,NaN,,NaN,NaN,NaN,NaN,1,4,2,1,2,1,1,1,1,1,1,1,1,1,1,1,1,1,1,2,1,1,765543.009,4302050.647,7.844,Sec,6492,0,0,0,17,1
2709,2,2006030001580,1,5,12,4,5,1,2,CV-95,12.6,12,6,1,1,5,3,2,3,3,2,1,1,2,2,2,1,4,3,1,1,1,9,14,1,1,2,3,2,3,NaN,,NaN,,NaN,,NaN,NaN,NaN,NaN,1,4,1,1,1,1,1,1,2,1,1,1,1,1,1,1,1,1,1,2,1,1,691603.081,4209345.34,51.857,Cob,10522,1,0,0,12,6
2710,2,2006030001583,1,5,10,2,3,1,1,CV-940,1.3,1,3,0,1,5,3,2,3,3,2,1,1,1,1,1,5,6,4,1,1,1,9,14,1,1,1,NaN,2,NaN,NaN,,NaN,,NaN,,NaN,61,60,NaN,1,4,2,1,2,1,1,2,1,1,1,1,1,1,1,1,1,1,1,2,1,1,694895.419,4207122.654,20.014,Cob,4765,0,0,1,6,6
2712,2,2006030001585,1,5,12,6,5,1,2,CV-70,46.2,46,2,1,1,5,3,2,3,3,2,1,1,1,1,1,4,1,4,1,1,1,9,14,1,1,1,NaN,2,3,NaN,,NaN,,NaN,,NaN,NaN,NaN,NaN,1,4,1,1,1,1,1,1,2,1,1,1,1,1,1,1,1,1,1,2,1,1,723948.581,4287025.14,675.244,Per,28000,0,0,1,18,6
2713,2,2006030001586,1,5,12,3,5,1,1,CV-912,1.4,1,4,1,1,5,2,3,3,3,2,1,1,2,2,1,7,7,8,1,1,1,2,14,1,1,3,NaN,2,NaN,NaN,,21,21,NaN,,NaN,NaN,NaN,NaN,1,4,1,1,1,1,1,1,2,1,1,1,1,1,1,1,1,1,1,2,1,1,692975.268,4221850.37,-18.059,Cob,2648,0,0,1,9,5
2715,2,2006030001588,1,5,13,3,6,2,2,CV-821,7.3,7,3,1,1,5,3,1,3,3,2,1,1,1,2,2,5,6,4,1,1,1,9,14,1,1,1,NaN,2,3,NaN,,NaN,,NaN,,NaN,NaN,NaN,NaN,1,4,2,1,1,1,1,1,2,1,1,1,1,1,1,1,1,1,1,2,1,1,718282.84,4252348.455,65.385,Cob,13189,0,0,1,8,6
2717,2,2006030001594,1,5,13,6,6,2,2,CV-70,43.3,43,3,0,1,5,3,2,3,3,2,1,1,1,2,2,5,1,4,1,1,1,9,14,1,1,1,NaN,2,2,NaN,,NaN,,NaN,,NaN,NaN,NaN,NaN,1,4,1,1,1,1,1,1,2,1,1,1,1,1,1,1,1,1,1,2,1,2,749516.441,4277054.454,225.302,Cob,25485,0,0,1,20,6
2718,2,2006030001597,1,5,14,5,7,3,1,CV-925,30.5,30,5,1,1,5,2,3,3,3,2,1,1,2,1,2,7,7,8,1,1,1,9,14,1,1,3,NaN,2,NaN,NaN,,NaN,,NaN,,NaN,62,60,NaN,1,4,1,1,1,1,1,2,2,1,1,1,1,1,1,1,1,1,1,2,1,1,681619.884,4215371.901,-5.856,Sec,5210,0,2,0,16,3
2720,2,2006030001598,1,5,8,3,1,4,2,CV-930,1.1,1,1,0,1,5,3,2,3,3,2,1,2,1,1,2,7,7,8,1,1,1,9,14,3,1,1,NaN,2,1,NaN,,NaN,,NaN,,NaN,NaN,NaN,NaN,1,4,1,2,1,1,1,1,1,1,1,1,1,2,1,1,1,1,1,2,1,1,681649.294,4218896.652,-1.459,Cob,19233,0,1,1,10,1
2721,2,2006030001600,1,5,13,2,6,2,1,CV-865,11.4,11,4,0,1,5,3,1,3,3,2,2,1,1,2,1,5,1,8,3,3,4,9,14,1,1,1,NaN,2,NaN,NaN,,NaN,,NaN,,NaN,61,60,NaN,1,4,1,1,2,1,1,2,1,1,1,1,1,1,1,1,1,1,1,2,1,1,712359.349,4231354.408,-14.855,Sec,17115,0,0,1,5,7
2722,2,2006030001601,1,5,14,1,7,3,1,CV-700,19.3,19,3,1,1,5,1,3,3,3,2,1,1,2,1,1,7,7,8,1,5,1,9,14,1,1,1,NaN,1,NaN,NaN,,NaN,,NaN,,NaN,63,60,NaN,1,4,1,1,2,1,1,2,1,1,1,1,1,1,1,1,1,1,1,2,2,2,744139.838,4303005.891,189.171,Cob,2901,0,0,1,23,5
2725,2,2006030001602,1,5,9,4,2,1,3,CV-914,1.6,1,6,0,1,5,2,3,3,1,2,1,1,1,1,1,1,1,3,3,1,4,9,14,1,1,2,1,2,1,NaN,,NaN,,NaN,,NaN,NaN,NaN,NaN,1,4,2,1,1,1,1,1,2,1,1,1,1,1,1,1,1,1,1,2,1,1,690290.709,4218420.185,-9.66,Cob,5105,0,1,1,11,7
2726,2,2006030001608,1,5,14,1,7,3,1,CV-81,51,51,0,0,1,5,2,2,3,3,2,1,1,2,2,1,7,7,8,1,5,1,9,14,1,1,1,NaN,2,NaN,NaN,,NaN,,NaN,,66,NaN,60,NaN,1,4,1,1,1,1,1,2,1,1,1,1,1,1,1,1,1,1,1,2,1,1,678366.621,4278286.431,477.14,Cob,5220,0,1,0,2,5
2729,2,2006030001618,1,5,15,3,1,4,3,CV-91,7,7,0,0,1,5,3,2,2,3,2,2,2,2,1,1,7,7,8,1,1,1,9,14,2,1,3,NaN,1,5,NaN,,NaN,,NaN,,NaN,NaN,NaN,NaN,2,4,2,1,1,1,1,1,1,1,1,1,1,1,1,1,1,1,1,2,1,3,687806.365,4218117.039,-15.438,Sec,13069,0,0,1,8,1
2733,2,2006030001622,1,5,5,6,5,1,2,CV-773,5.2,5,2,0,1,5,2,2,3,1,2,1,2,2,2,1,7,7,5,1,1,1,9,14,1,1,1,NaN,1,1,NaN,,NaN,,NaN,,NaN,NaN,NaN,NaN,1,4,1,1,1,1,1,1,2,1,1,1,1,1,1,1,1,1,1,2,1,1,724226.603,4260957.799,188.931,Cob,3713,0,0,3,18,4
2735,2,2006030001631,1,5,17,3,3,1,1,CV-70,47.7,47,7,0,1,5,3,2,3,2,2,2,1,1,1,2,5,1,5,1,1,1,9,14,1,1,1,NaN,2,NaN,NaN,,NaN,,12,9,NaN,NaN,NaN,NaN,2,4,1,1,1,1,1,1,1,2,1,1,1,1,1,1,1,1,1,2,1,1,750022.566,4273414.522,147.996,Per,28000,0,0,1,8,6
2739,2,2006030001633,1,5,15,1,1,4,2,CV-724,0.7,0,7,0,1,5,2,2,3,1,2,1,1,2,1,1,7,7,5,1,5,1,9,14,1,1,1,NaN,2,2,NaN,,NaN,,NaN,,NaN,NaN,NaN,NaN,1,4,1,1,1,1,1,2,1,1,1,1,1,1,1,1,1,1,1,2,1,1,763478.888,4299341.936,26.939,Cob,8587,0,0,3,4,4
2741,2,2006030001657,1,5,18,4,4,1,2,CV-840,14,14,0,0,1,5,2,2,3,3,2,1,1,2,1,1,7,7,8,1,1,1,9,14,1,1,3,NaN,1,1,NaN,,NaN,,NaN,,NaN,NaN,NaN,NaN,1,4,2,1,1,1,1,1,1,1,1,1,1,1,1,1,1,1,1,2,1,1,681590.253,4247993.639,485.068,Sec,2873,0,1,0,11,4
2743,2,2006030001662,1,5,20,3,6,2,1,CV-724,3,3,0,0,1,5,3,3,3,3,2,1,1,1,1,1,7,7,8,1,1,1,9,14,1,1,1,NaN,2,NaN,NaN,,NaN,,NaN,,57,NaN,50,NaN,1,4,1,1,1,1,2,1,1,1,1,1,1,1,1,1,1,1,1,2,1,1,764259.035,4301354.967,5.443,Sec,6492,0,0,1,10,2
2747,2,2006030001664,1,5,14,3,7,3,2,CV-914,3.1,3,1,1,1,5,2,3,2,1,2,1,1,1,1,1,7,7,8,1,1,1,9,14,1,1,3,NaN,2,4,NaN,,NaN,,NaN,,NaN,NaN,NaN,NaN,1,4,1,1,1,1,1,1,2,1,1,1,1,1,1,1,1,1,1,2,1,1,691144.241,4218762.759,-16.481,Cob,5105,0,0,1,9,1
2748,2,2006030001666,1,5,21,2,7,3,1,CV-900,6.6,6,6,0,1,5,2,3,3,4,2,1,2,1,2,2,7,7,8,1,2,1,9,14,2,1,3,NaN,1,NaN,NaN,,NaN,,NaN,,NaN,54,50,NaN,1,4,2,1,1,1,1,1,1,1,1,1,1,1,1,1,1,1,1,2,1,1,686728.094,4220660.478,-8.77,Sec,9583,0,0,1,6,2
2751,2,2006030001668,1,5,19,5,5,1,3,CV-91,3.4,3,4,0,1,5,3,2,3,3,2,1,1,1,1,1,7,7,8,1,1,1,9,14,1,1,1,NaN,2,5,NaN,,NaN,,NaN,,NaN,NaN,NaN,NaN,1,4,2,1,1,1,1,1,2,1,1,1,1,1,1,1,1,2,1,2,1,1,684296.891,4218097.397,-11.031,Sec,13069,0,0,0,15,1
2753,2,2006030001669,1,5,15,3,1,4,2,CV-945,9.5,9,5,1,1,5,3,2,3,3,2,1,1,2,1,1,1,1,8,1,1,1,9,14,2,1,3,NaN,1,2,NaN,,NaN,,NaN,,NaN,NaN,NaN,NaN,1,4,1,1,1,1,1,1,2,1,1,1,1,1,1,1,1,1,1,2,1,1,699761.247,4211764.804,-22.572,Cob,5146,0,0,0,9,6
2755,2,2006030001673,1,5,20,6,6,2,1,CV-70,32.2,32,2,1,1,5,2,2,2,3,2,1,1,1,1,1,5,1,4,1,2,1,9,14,1,1,1,NaN,2,NaN,NaN,,NaN,,NaN,,56,NaN,50,NaN,1,4,1,1,1,1,1,2,1,1,1,1,1,1,1,1,1,1,1,2,1,1,734741.667,4286909.464,911.957,Cob,2167,0,1,0,20,7
2756,2,2006030001676,1,5,18,6,4,1,1,CV-755,18.1,18,1,0,1,5,2,3,3,3,2,1,2,2,2,2,1,1,8,1,5,1,9,14,2,1,1,NaN,1,NaN,NaN,,NaN,,NaN,,66,NaN,60,NaN,1,4,2,1,2,1,1,1,1,1,1,1,1,1,1,1,1,1,1,2,1,1,755082.901,4280262.712,48.349,Cob,2981,0,0,2,21,7
2757,2,2006030001683,1,5,22,4,1,1,1,CV-905,5.8,5,8,0,1,5,2,3,3,3,2,2,1,2,2,2,7,7,8,1,1,1,9,14,3,1,1,NaN,2,NaN,NaN,,NaN,,NaN,,66,NaN,60,NaN,1,4,2,1,1,1,1,1,1,1,1,1,1,1,1,1,1,1,1,2,1,1,701026.507,4211411.435,-8.552,Cob,33942,0,1,0,13,1
2759,2,2006030001688,1,5,14,1,7,3,2,CV-870,4.3,4,3,1,1,5,2,2,3,1,2,1,1,1,1,1,2,1,3,1,3,1,1,14,1,2,1,NaN,2,2,NaN,,NaN,,NaN,,NaN,NaN,NaN,NaN,1,4,1,1,1,1,1,1,2,1,1,1,1,1,1,1,1,1,1,2,1,1,678525.723,4226627.663,47.618,Cob,6822,0,0,2,0,7
2760,2,2006030001690,1,5,22,6,1,4,1,CV-941,0.4,0,4,1,1,5,3,2,3,3,2,1,1,1,1,1,5,6,8,9,1,1,9,13,1,1,1,NaN,2,NaN,NaN,,NaN,,12,9,NaN,NaN,NaN,NaN,1,4,1,1,1,1,1,1,1,2,1,1,1,1,1,1,1,1,1,2,1,1,694295.153,4206027.153,51.982,Sec,4131,0,1,0,19,6
2762,2,2006030001694,1,5,23,6,2,1,2,CV-91,3.7,3,7,0,1,5,3,2,2,4,2,1,1,1,1,1,1,1,8,1,3,1,9,14,3,1,1,NaN,1,2,NaN,,NaN,,NaN,,NaN,NaN,NaN,NaN,1,4,1,1,1,1,1,1,2,1,1,1,1,1,1,1,1,1,1,2,1,1,684590.035,4218137.506,-11.521,Sec,13069,0,0,1,21,7
2763,2,2006030001699,1,5,20,3,6,2,1,CV-83,14.9,14,9,1,1,5,3,2,3,3,2,1,1,1,1,1,7,7,8,1,1,1,9,14,3,1,1,NaN,1,NaN,NaN,,NaN,,NaN,,66,NaN,60,NaN,1,4,1,1,1,1,1,1,1,1,1,1,1,2,1,1,1,1,1,2,1,1,680024.985,4255221.661,485.76,Cob,6039,0,0,2,10,1
2764,2,2006030001700,1,5,18,6,4,1,1,CV-793,1.3,1,3,0,1,5,2,3,3,3,2,1,1,1,1,1,7,7,5,1,1,1,9,14,3,1,1,NaN,1,NaN,NaN,,NaN,,NaN,,66,NaN,60,NaN,1,4,2,1,1,1,1,1,1,1,1,1,1,1,1,1,1,1,1,2,1,1,697906.839,4275014.35,706.594,Cob,1007,0,0,1,19,1
2769,2,2006030001710,1,5,9,4,2,1,5,CV-800,6,6,0,0,1,5,2,2,4,3,2,1,1,1,2,2,7,7,8,7,1,1,9,14,3,1,1,NaN,2,5,NaN,,NaN,,NaN,,NaN,NaN,NaN,NaN,1,4,1,1,1,1,1,1,2,1,1,1,1,1,1,1,1,1,1,2,1,1,721405.66,4258742.767,99.794,Sec,6211,0,0,0,13,1
2773,2,2006030001721,1,5,7,4,7,3,2,CV-865,10.5,10,5,0,1,5,3,2,3,3,2,1,1,1,1,2,2,2,4,1,1,1,9,14,1,1,1,NaN,2,4,NaN,,NaN,,NaN,,NaN,NaN,NaN,NaN,1,4,1,1,1,1,1,1,2,1,1,1,1,1,1,1,1,1,1,2,1,1,711613.404,4231839.913,-12.872,Sec,17115,0,0,1,12,6
2775,2,2006030001730,1,5,19,6,5,1,2,CV-865,5.9,5,9,1,1,5,3,2,3,3,2,1,1,1,1,1,5,5,3,1,5,1,9,14,1,1,1,NaN,1,2,NaN,,NaN,,NaN,,NaN,NaN,NaN,NaN,1,4,1,1,1,1,1,1,2,1,1,1,1,1,1,1,1,1,1,2,1,1,708558.25,4234335.071,-1.843,Cob,14700,0,1,0,21,6
2777,2,2006030001731,1,5,25,4,4,1,2,CV-855,15.3,15,3,1,1,5,3,2,3,4,2,1,1,1,1,1,1,1,3,1,1,1,9,14,1,1,1,NaN,2,2,NaN,,NaN,,NaN,,NaN,NaN,NaN,NaN,1,4,2,1,1,1,1,1,2,1,1,1,1,1,1,1,1,1,1,2,2,2,701429.861,4234245.359,21.217,Cob,4528,0,1,0,11,6
2778,2,2006030001734,1,5,26,6,5,1,1,CV-720,46.2,46,2,1,1,5,2,3,3,2,2,1,1,2,1,1,7,7,5,1,1,1,9,14,1,1,3,NaN,2,NaN,NaN,,NaN,,NaN,,NaN,52,50,NaN,1,4,1,1,1,1,1,2,1,1,1,1,1,1,1,1,1,1,1,2,1,1,732898.642,4291422.53,620.645,Cob,2439,0,1,0,18,5
2780,2,2006030001735,1,5,26,4,5,1,2,CV-845,11.8,11,8,1,1,5,3,2,3,3,2,1,1,1,1,1,5,2,3,1,1,1,9,14,1,1,1,NaN,2,2,NaN,,NaN,,NaN,,NaN,NaN,NaN,NaN,1,4,1,1,1,1,1,1,2,1,1,1,1,1,1,1,1,1,1,2,1,1,687427.778,4242502.301,342.49,Cob,4891,0,2,0,12,7
2783,2,2006030001743,1,5,28,2,7,3,1,CV-825,2,2,0,0,1,5,2,3,2,1,2,1,2,2,1,1,7,7,8,1,4,1,2,3,1,1,3,NaN,2,NaN,NaN,,NaN,,NaN,,66,NaN,60,NaN,1,4,1,2,2,1,1,2,1,1,1,1,1,1,1,1,1,1,1,2,1,1,696286.513,4248317.025,184.351,Sec,5779,0,0,0,5,2
2798,2,2006030001745,1,5,28,6,7,3,3,CV-95,15,15,0,1,1,5,3,2,3,3,2,1,2,1,2,2,7,7,8,1,1,1,9,14,3,1,1,NaN,1,3,NaN,,NaN,,NaN,,NaN,NaN,NaN,NaN,1,4,2,1,2,1,1,1,1,1,1,1,1,1,1,1,1,1,1,2,1,2,689980.358,4211003.087,84.415,Pri,9661,0,0,10,19,2
2802,2,2006030001751,1,5,19,6,5,1,2,CV-860,3.9,3,9,1,1,5,3,2,3,3,2,1,1,1,1,1,7,7,8,1,1,1,9,14,3,1,1,NaN,1,4,NaN,,NaN,,NaN,,NaN,NaN,NaN,NaN,1,4,1,1,1,1,1,1,2,1,1,1,1,1,1,1,1,1,1,2,1,1,700741.961,4222194.168,-15.662,Cob,5821,0,0,4,19,2