Id,Ano,Numero_Accidente,Provincia,Mes,Dia,Hora,Dia_Semana,Tipo_Dia,Vehiculos_Implicados,Carretera,Pk,Km,Hm,Sentido,Zona,Tipo_Via,Anchura_Calzada,Anchura_Carril,Marcas_Viales,Arcen,Arcen_Pavimentado,Mediana,Barrera_Seguridad,Paneles_Direccionales,Hitos_Arista,Captafaros,Interseccion_Tipo,Interseccion_Acondicionamiento,Prioridad_Regulada_por,Superficie,Luminosidad,Factores_Atmosfericos,Visibilidad_Restringida_por,Otras_Circunstancias,Senalizacion_Peligro,Aceras,Arboles,Arboles_Metros_Calzada,Visibilidad_Senalizacion_Vertical,Colision_Vehiculos_Marcha,Colision_Vehiculo_Obstaculo_1,Colision_Vehiculo_Obstaculo_2,Atropello_1,Atropello_2,Vuelco_1,Vuelco_2,Salida_Sin_Colision,Salida_Con_Colision,Lado_Salida,Otro,Circulacion,Circulacion_Medidas_Especiales,Distraccion,Inexperiencia_Conductor,Alcohol_Drogas,Cansancio_Sueno,Enfermedad,Velocidad_Inadecuada,Infraccion_Norma_Circulacion,Estado_Condicion_Via,Estado_Condicion_Senalizacion,Tramo_Obras,Mal_Estado_Vehiculo,Averia_Mecanica,Meteorologia_Adversa,Irrupcion_Animal,Circular_Sentido_Contrario,Otro_Factor,Sin_Opinion_Definida,Pendiente,Curvatura,Peralte,GPS_x,GPS_y,GPS_z,Tipo_Est,IMD,N_Muertos,N_Graves,N_Leves,Hora_Real,Fuera_o_Interseccion
2804,2,2006030001760,1,5,25,3,4,1,2,CV-911,0.7,0,7,0,1,5,3,2,3,3,2,1,1,1,1,1,2,1,3,1,1,1,9,14,1,1,1,NaN,2,2,NaN,,NaN,,NaN,,NaN,NaN,NaN,NaN,1,4,1,1,1,1,1,1,2,1,1,1,1,1,1,1,1,2,1,2,1,1,687224.193,4220016.862,-10.182,Sec,8351,0,0,0,9,6
2805,2,2006030001772,1,5,31,1,3,1,1,CV-70,49,49,0,1,1,3,3,2,3,3,2,2,1,2,2,2,5,1,4,3,4,4,4,14,1,1,1,NaN,1,NaN,NaN,,NaN,,NaN,,NaN,63,60,NaN,1,4,2,1,2,1,1,1,1,1,1,1,1,1,1,1,1,1,1,2,2,2,722245.837,4285856.787,758.977,Per,28000,0,0,0,3,6
2807,2,2006030001775,1,5,28,5,7,3,1,CV-840,18.8,18,8,0,1,5,2,3,3,3,2,1,1,2,2,1,7,7,5,1,1,1,9,14,1,1,1,NaN,1,NaN,NaN,,NaN,,NaN,,NaN,63,60,NaN,1,4,1,1,1,1,1,2,1,1,1,1,1,1,1,1,1,1,1,2,1,1,677348.945,4246209.267,599.923,Sec,2873,0,2,0,15,5
2809,2,2006030001777,1,5,30,1,2,1,1,CV-95,21.3,21,3,0,1,5,1,2,3,3,2,1,1,1,1,1,7,7,8,1,5,1,9,14,3,1,1,NaN,1,NaN,NaN,,NaN,,NaN,,56,NaN,50,NaN,1,4,2,1,1,1,1,1,1,1,1,1,1,1,1,1,1,1,1,2,1,1,696209.782,4205324.26,17.195,Cob,8145,0,0,1,0,1
2811,2,2006030001778,1,5,29,4,1,4,2,CV-800,3.3,3,3,1,1,5,2,2,3,3,2,1,2,1,2,2,1,2,8,1,1,1,9,14,1,1,1,NaN,2,2,NaN,,NaN,,NaN,,NaN,NaN,NaN,NaN,1,4,1,1,1,1,1,1,2,1,1,1,1,1,1,1,1,1,1,2,1,1,719711.563,4278603.952,881.653,Cob,16856,0,0,2,13,6
2813,2,2006030001784,1,5,31,4,3,1,1,CV-773,11,11,0,0,1,5,2,2,1,1,2,1,1,1,1,1,7,7,8,3,1,4,9,14,2,1,3,NaN,1,NaN,NaN,,NaN,,NaN,,55,NaN,50,NaN,1,4,1,2,1,1,1,2,2,1,1,1,1,1,2,1,1,1,1,2,2,3,727003.541,4263691.641,300.245,Cob,363,0,0,2,14,3
2816,2,2006030001785,1,6,1,1,4,1,1,CV-855,9.3,9,3,1,1,5,2,2,3,1,2,1,1,1,1,1,7,7,8,3,5,4,9,14,2,1,1,NaN,2,NaN,NaN,,21,21,NaN,,NaN,NaN,NaN,NaN,1,4,1,1,1,1,1,1,2,1,1,1,1,1,1,1,1,2,1,2,2,2,701409.152,4228502.811,-15.955,Cob,8694,3,0,0,1,1
2818,2,2006030001790,1,5,27,5,6,2,1,CV-81,35.1,35,1,1,1,5,3,2,3,4,2,1,2,2,2,2,7,7,5,1,1,1,9,14,3,1,1,NaN,1,NaN,NaN,,NaN,,NaN,,NaN,62,60,NaN,1,4,2,1,1,1,1,1,1,1,1,1,1,1,1,1,1,2,1,2,1,1,701716.076,4289596.048,655.338,Cob,6411,0,0,2,15,1
2819,2,2006030001795,1,5,24,6,3,1,1,CV-845,16.6,16,6,0,1,5,2,3,3,1,2,1,1,1,1,1,7,7,8,1,1,1,9,14,1,1,3,NaN,2,NaN,NaN,,NaN,,NaN,,58,NaN,50,NaN,1,4,2,1,1,2,1,1,1,1,1,1,1,1,1,1,1,1,1,2,1,1,680351.259,4238184.51,399.167,Cob,2256,0,0,0,18,5
2825,2,2006030001804,1,5,29,4,1,4,2,CV-865,10,10,0,0,1,5,3,2,3,4,2,1,1,1,1,2,2,2,3,1,1,1,9,14,1,2,1,NaN,2,2,NaN,,NaN,,NaN,,NaN,NaN,NaN,NaN,1,4,1,1,1,1,1,1,2,1,1,1,1,1,1,1,1,1,1,2,1,1,711242.297,4232165.839,-15.589,Sec,17115,0,0,1,11,7
2829,2,2006030001806,1,5,30,6,2,1,2,CV-903,2.1,2,1,0,1,5,3,3,3,3,2,1,1,1,1,1,1,1,3,3,1,4,9,14,1,1,1,NaN,2,NaN,NaN,,NaN,,NaN,,NaN,NaN,NaN,71,1,4,1,1,1,1,1,1,2,1,1,1,1,1,1,1,1,1,1,2,1,1,699517.868,4219919.711,-13.529,Cob,0,0,0,0,18,6
2831,2,2006030001807,1,5,29,4,1,4,2,CV-855,13.9,13,9,1,1,5,2,3,3,3,2,1,1,1,1,1,2,1,3,1,1,1,9,14,1,1,3,NaN,2,2,NaN,,NaN,,NaN,,NaN,NaN,NaN,NaN,1,4,1,1,1,1,1,1,2,1,1,1,1,1,1,1,1,1,1,2,1,1,701688.86,4232907.241,8.068,Cob,4528,0,0,0,14,6
2834,2,2006030001815,1,6,2,4,5,1,3,CV-905,5.2,5,2,0,1,5,3,2,3,3,2,2,1,2,1,1,7,7,8,1,1,1,9,14,1,1,1,NaN,1,NaN,30,29,NaN,,NaN,,NaN,NaN,NaN,NaN,1,4,2,1,1,1,1,1,2,1,1,1,1,2,1,1,1,2,1,2,1,1,700706.608,4211905.016,-12.501,Cob,33942,0,1,0,14,1
2836,2,2006030001820,1,5,31,4,3,1,2,CV-775,1.3,1,3,1,1,5,2,2,3,3,2,1,1,2,1,1,7,7,5,3,1,4,9,14,2,1,1,NaN,2,NaN,NaN,,NaN,,12,9,NaN,NaN,NaN,NaN,1,4,1,1,1,1,1,2,1,1,1,1,1,1,1,1,1,1,1,2,1,2,737892.331,4273810.049,301.543,Cob,2050,0,0,1,12,3
2840,2,2006030001824,1,6,2,6,5,1,2,CV-91,2.4,2,4,1,1,5,3,2,3,3,2,1,2,2,1,1,2,1,8,1,1,1,9,14,1,1,1,NaN,2,4,NaN,,NaN,,NaN,,NaN,NaN,NaN,NaN,1,4,1,1,1,1,1,1,2,1,1,1,1,1,1,1,1,1,1,2,1,1,702941.424,4219125.202,-25.137,Cob,11818,0,1,0,20,6
2847,2,2006030001846,1,6,5,4,1,4,1,CV-95,11.1,11,1,1,1,5,3,2,3,3,2,1,1,2,1,1,7,7,8,1,1,1,9,14,1,1,1,NaN,2,NaN,NaN,,NaN,,NaN,,NaN,64,60,NaN,1,4,2,1,1,1,1,1,1,1,1,1,1,1,1,1,1,1,1,2,1,1,692535.027,4208204.237,39.933,Cob,10522,0,1,0,11,5
2848,2,2006030001849,1,6,5,5,1,1,1,CV-70,45.5,45,5,1,1,5,3,2,3,3,2,2,1,1,1,1,7,7,8,1,1,1,9,14,3,1,3,NaN,2,NaN,NaN,,NaN,,12,9,NaN,NaN,NaN,NaN,1,4,1,1,1,1,1,1,1,1,1,1,1,1,1,1,1,2,1,2,1,1,724546.079,4286866.475,652.392,Per,28000,0,0,1,15,1
2850,2,2006030001868,1,6,7,1,3,1,2,CV-800,21.3,21,3,0,1,5,3,2,3,4,2,1,2,2,2,2,7,7,8,1,1,1,2,4,1,1,1,NaN,2,1,NaN,,NaN,,NaN,,NaN,NaN,NaN,NaN,1,4,1,2,1,1,1,2,2,1,1,1,1,1,1,1,1,1,1,2,1,1,717047.617,4271291.208,526.452,Cob,1978,0,1,0,23,5
2852,2,2006030001873,1,6,7,6,3,1,1,CV-81,33.8,33,8,1,1,5,2,2,3,3,2,1,2,1,1,1,7,7,8,1,1,1,9,14,3,1,1,NaN,1,NaN,NaN,,NaN,,NaN,,66,NaN,60,NaN,1,4,2,1,1,1,2,1,1,1,1,1,1,1,1,1,1,1,1,2,1,1,700613.594,4289135.295,642.054,Cob,6411,0,0,1,18,1
2854,2,2006030001884,1,6,8,4,4,1,2,CV-940,8.3,8,3,0,1,5,2,3,3,3,2,1,1,2,1,1,2,1,8,1,1,1,9,14,2,1,3,NaN,1,4,NaN,,NaN,,NaN,,NaN,NaN,NaN,NaN,1,4,2,1,1,1,1,1,1,1,1,1,1,1,1,1,1,1,1,2,1,1,697227.517,4213349.025,30.065,Cob,4610,0,0,1,14,6
2856,2,2006030001888,1,6,11,3,7,3,2,CV-70,37.2,37,2,1,1,5,2,2,3,4,2,1,1,2,2,2,1,1,5,1,1,1,9,14,2,1,3,NaN,2,2,NaN,,NaN,,NaN,,NaN,NaN,NaN,NaN,1,4,1,1,1,1,1,1,2,1,1,1,1,1,1,1,1,1,1,2,1,1,731704.37,4285751.974,688.924,Cob,2167,0,0,1,7,6
2865,2,2006030001889,1,6,7,3,3,1,3,CV-821,3.1,3,1,1,1,5,2,3,3,3,2,2,1,1,1,1,7,7,8,1,1,1,9,14,1,1,2,5,2,NaN,NaN,,NaN,,NaN,,NaN,63,60,NaN,1,4,1,1,1,1,1,2,2,1,1,1,1,1,1,1,1,1,1,2,1,1,721692.45,4254196.712,36.138,Sec,28963,0,1,0,8,2
2868,2,2006030001891,1,6,7,1,3,1,1,CV-870,0.3,0,3,0,1,5,3,2,3,3,2,1,1,1,1,1,7,7,8,1,5,1,9,14,1,1,1,NaN,1,NaN,NaN,,NaN,,NaN,,56,NaN,50,NaN,1,4,2,1,1,1,1,1,1,1,1,1,1,1,1,1,1,1,1,2,1,1,681226.761,4220487.852,4.621,Cob,16632,0,0,1,2,2
2872,2,2006030001892,1,6,10,4,6,2,2,CV-836,1.2,1,2,1,1,5,3,2,3,3,2,1,2,2,1,1,7,7,8,1,1,1,9,14,1,1,1,NaN,1,1,NaN,,NaN,,NaN,,NaN,NaN,NaN,NaN,1,4,2,1,1,1,1,1,2,1,1,1,1,1,1,1,1,1,1,2,1,1,670530.892,4246817.386,545.361,Cob,1928,0,0,4,11,5
2874,2,2006030001897,1,6,7,3,3,1,2,CV-95,13.8,13,8,1,1,5,3,3,3,3,2,1,1,1,2,2,1,4,3,1,1,1,9,14,1,1,1,NaN,2,2,NaN,,NaN,,NaN,,NaN,NaN,NaN,NaN,1,4,1,1,1,1,1,1,2,1,1,1,1,1,1,1,1,1,1,2,1,1,690985.695,4210233.247,52.003,Pri,9661,0,0,1,7,6
2875,2,2006030001902,1,6,11,6,7,3,1,CV-870,0.5,0,5,1,1,5,3,2,3,3,2,1,1,1,1,1,7,7,8,1,1,1,9,14,1,1,3,NaN,2,NaN,NaN,,NaN,,NaN,,58,NaN,50,NaN,1,4,2,1,2,1,1,1,1,1,1,1,1,1,1,1,1,1,1,2,1,1,675948.455,4228782.558,110.587,Cob,16632,0,0,0,20,2
2876,2,2006030001905,1,6,11,4,7,3,1,CV-763,4.3,4,3,0,1,5,3,3,3,3,2,1,2,2,1,1,7,7,8,1,1,1,9,14,1,1,3,NaN,2,NaN,NaN,,NaN,,NaN,,NaN,63,60,NaN,1,4,2,1,2,1,1,1,1,1,1,1,1,1,1,1,1,1,1,2,1,2,750848.604,4275538.969,151.307,Cob,16489,0,0,0,14,4
2877,2,2006030001921,1,6,10,1,6,2,1,CV-91,12,12,0,1,1,5,3,2,3,3,2,1,2,1,2,2,7,7,8,3,3,4,9,14,1,1,1,NaN,2,NaN,NaN,,NaN,,NaN,,NaN,61,60,NaN,1,4,2,1,1,1,1,1,2,1,1,1,1,1,1,1,1,2,1,2,1,1,693893.746,4218813.249,-21.538,Pri,14231,0,1,1,2,1
2880,2,2006030001923,1,6,13,3,2,1,1,CV-941,6,6,0,1,1,5,2,3,3,1,2,1,2,2,1,1,7,7,8,1,1,1,9,14,1,1,1,NaN,1,NaN,NaN,,NaN,,NaN,,NaN,61,60,NaN,1,4,2,1,1,1,1,2,2,1,1,1,1,1,1,1,1,1,1,2,1,1,694296.784,4200649.823,63.232,Sec,4131,0,2,0,10,4
2881,2,2006030001929,1,6,11,1,7,3,1,CV-715,17.8,17,8,0,1,5,2,3,3,1,2,1,1,1,1,1,7,7,5,1,5,1,9,14,1,1,1,NaN,2,NaN,NaN,,NaN,,NaN,,66,NaN,60,NaN,1,4,1,1,1,1,1,2,1,1,1,1,1,1,1,1,1,1,1,2,1,1,754870.702,4291897.195,302.953,Cob,2697,0,0,1,4,1
2883,2,2006030001930,1,6,15,1,4,1,1,CV-940,0.4,0,4,1,1,5,2,2,3,3,2,1,1,2,1,1,7,7,8,1,5,1,2,14,1,1,1,NaN,2,NaN,NaN,,NaN,,NaN,,NaN,53,50,NaN,1,4,1,1,1,1,1,2,2,1,1,1,1,1,1,1,1,1,1,2,2,2,697761.521,4216894.042,-12.214,Cob,4765,1,0,0,1,5
2884,2,2006030001937,1,6,15,5,4,1,1,CV-91,3.4,3,4,1,1,5,3,2,3,1,2,1,1,1,1,1,2,3,2,1,1,1,9,14,1,2,1,NaN,2,NaN,NaN,,21,21,NaN,,NaN,NaN,NaN,NaN,1,4,1,1,1,1,1,1,2,1,1,1,1,1,1,1,1,1,1,2,1,1,701964.001,4219257.451,-24.644,Sec,13069,0,0,1,15,7
2886,2,2006030001939,1,6,15,6,4,1,2,CV-95,19.6,19,6,0,1,5,3,2,3,3,2,1,2,2,2,1,1,4,3,1,1,1,9,14,1,1,3,NaN,2,2,NaN,,NaN,,NaN,,NaN,NaN,NaN,NaN,1,4,1,1,1,1,1,1,2,1,1,1,1,1,1,1,1,1,1,2,1,1,694775.505,4206010.553,40.377,Cob,8145,0,0,2,18,7
2887,2,2006030001940,1,6,15,6,4,1,1,CV-724,7.5,7,5,0,1,5,1,3,4,1,2,1,1,1,1,1,7,7,8,1,1,1,9,14,2,1,1,NaN,1,NaN,NaN,,NaN,,NaN,,NaN,62,60,NaN,1,4,1,1,1,1,1,2,1,1,1,1,1,1,1,1,1,1,1,2,1,1,765651.044,4304670.422,-12.674,NaN,0,0,0,0,17,2
2891,2,2006030001941,1,6,11,3,7,3,2,CV-900,2.7,2,7,1,2,5,3,2,3,1,2,1,1,1,1,1,1,1,8,1,1,1,9,14,3,2,3,NaN,2,4,NaN,,NaN,,NaN,,NaN,NaN,NaN,NaN,1,4,2,1,1,1,1,1,1,1,1,1,1,1,1,1,1,1,1,2,1,1,685658.446,4224755.2,-6.426,Cob,8641,0,1,0,10,7
2895,2,2006030001956,1,6,17,5,6,2,2,CV-84,0,0,0,0,1,5,3,2,3,3,2,2,2,1,2,2,5,1,8,1,1,1,9,14,2,1,1,NaN,1,2,NaN,,NaN,,NaN,,NaN,NaN,NaN,NaN,1,4,2,1,1,1,1,1,1,1,1,1,1,1,1,1,1,1,1,2,2,2,698967.69,4240521.084,137.921,Sec,20182,0,0,0,16,6
2898,2,2006030001959,1,6,18,3,7,3,2,CV-940,9.5,9,5,0,1,5,3,1,3,3,2,1,2,2,1,1,3,6,8,1,1,1,9,14,1,1,1,NaN,2,1,NaN,,NaN,,NaN,,NaN,NaN,NaN,NaN,1,4,1,1,2,2,1,1,2,1,1,1,1,1,1,1,2,1,1,2,1,1,697675.364,4214428.429,11.622,Cob,4610,0,0,3,8,6
2899,2,2006030001960,1,6,17,6,6,2,1,CV-70,33.2,33,2,1,1,5,2,2,3,4,2,1,2,2,1,1,7,7,5,1,1,1,9,14,1,1,1,NaN,2,NaN,NaN,,NaN,,NaN,,NaN,64,60,NaN,1,4,1,1,1,1,1,2,1,1,1,1,1,1,1,1,1,1,1,1,2,3,734338.667,4286351.185,838.953,Cob,2167,0,0,1,19,5
2900,2,2006030001969,1,6,10,3,6,2,1,CV-800,25.1,25,1,1,1,5,3,2,3,3,2,1,2,2,2,2,7,7,5,1,1,1,9,14,1,1,1,NaN,1,NaN,NaN,,NaN,,NaN,,67,NaN,60,NaN,1,4,1,1,1,1,1,1,2,1,1,1,1,1,1,1,1,1,1,2,1,1,719809.406,4264227.74,224.168,Cob,1978,0,0,1,10,5
2903,2,2006030001979,1,6,15,6,4,1,2,CV-821,7.3,7,3,1,1,5,3,2,3,1,2,2,1,1,1,1,5,3,4,1,1,1,9,14,1,2,3,NaN,2,3,NaN,,NaN,,NaN,,NaN,NaN,NaN,NaN,1,4,1,1,1,1,1,1,2,1,1,1,1,1,1,1,1,1,1,2,1,1,718282.84,4252348.455,65.385,Cob,13189,0,0,1,18,6
2904,2,2006030001980,1,6,19,1,1,4,1,CV-800,14.4,14,4,1,1,5,3,1,3,4,2,1,1,2,2,2,7,7,8,1,1,1,9,14,1,1,3,NaN,2,NaN,NaN,,NaN,,NaN,,66,NaN,60,NaN,1,4,1,1,1,1,1,2,1,1,1,1,1,1,1,1,1,1,1,2,1,1,717707.92,4272313.866,598.262,Sec,6211,0,0,1,23,5
2905,2,2006030001981,1,6,17,5,6,2,1,CV-805,8,8,0,0,1,5,2,2,3,3,2,1,2,2,2,1,7,7,8,1,1,1,2,14,1,1,3,NaN,2,NaN,NaN,,NaN,,NaN,,56,NaN,50,NaN,1,4,1,1,1,1,1,2,1,1,1,1,1,1,1,1,1,1,1,2,1,1,708241.629,4270712.512,510.009,Cob,2529,0,1,0,16,2
2907,2,2006030001984,1,6,19,6,1,4,2,CV-870,5.7,5,7,0,1,5,2,2,3,3,2,1,1,1,1,1,7,7,8,1,1,1,9,8,1,1,1,NaN,2,4,NaN,,NaN,,NaN,,NaN,NaN,NaN,NaN,1,4,2,1,1,1,1,1,2,1,1,1,1,1,1,1,1,2,1,2,1,1,678666.161,4224721.776,29.997,Cob,6822,0,0,0,17,1
2908,2,2006030001993,1,6,21,6,3,1,1,CV-80,5,5,0,1,1,2,3,2,3,4,2,2,2,2,2,2,7,7,5,1,5,1,9,8,1,1,1,NaN,2,NaN,NaN,,NaN,,NaN,,NaN,54,50,NaN,1,1,2,1,1,1,1,1,1,1,1,2,1,1,1,1,1,1,1,2,1,1,701951.049,4276098.229,628.533,Sec,7766,0,0,1,22,2
2910,2,2006030001996,1,6,11,6,7,3,2,CV-870,5.8,5,8,1,1,5,2,3,3,2,2,1,1,2,1,1,7,7,8,1,5,1,9,14,2,1,1,NaN,2,2,NaN,,NaN,,NaN,,NaN,NaN,NaN,NaN,1,4,2,1,1,1,1,2,1,1,1,1,1,1,1,1,1,1,1,2,1,1,678645.917,4225162.314,33.208,Cob,6822,0,1,2,22,5
2913,2,2006030002000,1,6,22,4,4,1,1,CV-734,5.7,5,7,1,1,5,3,2,3,3,2,1,1,1,1,1,7,7,8,1,1,1,9,14,3,1,1,NaN,2,NaN,NaN,,NaN,,NaN,,66,NaN,60,NaN,1,4,2,1,1,2,1,1,1,1,1,1,1,1,1,1,1,1,1,2,1,1,768705.745,4297445.731,46.313,Sec,12709,0,1,0,11,1
2918,2,2006030002019,1,6,24,4,6,3,4,CV-95,16.6,16,6,1,1,5,2,2,3,3,2,1,1,2,1,1,7,7,8,1,1,1,9,14,1,1,1,NaN,2,5,NaN,,NaN,,NaN,,NaN,NaN,NaN,NaN,1,4,2,1,1,1,1,1,2,1,1,1,1,1,1,1,1,2,1,2,1,1,688783.7,4211975.083,69.192,Pri,9661,0,0,1,13,1
2919,2,2006030002021,1,6,17,3,6,2,1,CV-800,29.3,29,3,1,1,5,3,2,3,4,2,1,2,2,2,1,7,7,8,1,1,1,9,14,1,1,3,NaN,2,NaN,NaN,,NaN,,NaN,,NaN,52,50,NaN,1,4,1,1,1,1,1,2,1,1,1,1,1,1,1,1,1,1,1,2,1,1,720833.685,4260311.039,138.969,Cob,1978,0,1,0,9,5
2921,2,2006030002024,1,6,19,1,1,1,1,CV-715,43.7,43,7,0,1,5,2,3,3,3,2,1,1,1,1,1,7,7,5,1,4,1,9,14,1,1,1,NaN,2,NaN,NaN,,NaN,,NaN,,65,NaN,60,NaN,1,4,2,1,2,1,1,1,1,1,1,1,1,1,1,1,1,1,1,2,1,1,750860.898,4281125.691,150.896,Cob,245,0,0,0,0,4
2923,2,2006030002027,1,6,11,4,7,3,2,CV-915,5,5,0,1,1,5,2,2,3,1,2,1,1,1,1,1,2,1,8,1,1,1,9,14,3,2,1,NaN,2,2,NaN,,NaN,,NaN,,NaN,NaN,NaN,NaN,1,4,1,1,1,1,1,1,2,1,1,1,1,1,1,1,1,1,1,2,1,1,679088.567,4216858.878,1.456,Sec,9705,0,1,2,13,7
2924,2,2006030002028,1,6,6,4,2,1,1,CV-799,11.8,11,8,1,1,5,2,3,3,4,2,1,1,2,1,1,7,7,8,1,1,1,9,14,1,1,3,NaN,2,NaN,NaN,,NaN,,NaN,,66,NaN,60,NaN,1,4,2,1,1,1,1,1,1,1,1,1,1,1,1,1,1,1,1,2,1,1,689128.337,4278410.329,500.933,Cob,3818,0,0,1,13,5
2927,2,2006030002029,1,6,5,5,1,1,1,CV-80,15.3,15,3,0,1,2,3,2,3,4,2,2,2,1,2,1,7,7,8,7,1,1,9,14,2,1,3,NaN,1,NaN,NaN,,NaN,,NaN,,NaN,54,50,NaN,1,4,1,1,1,1,1,1,1,2,1,1,1,1,1,1,1,1,1,2,1,1,702205.509,4276124.866,630.843,NaN,0,0,0,0,15,1
2931,2,2006030002045,1,6,25,1,7,3,2,CV-855,16.5,16,5,0,1,5,2,3,3,1,2,1,2,1,2,2,7,7,5,1,5,1,9,14,3,1,1,NaN,1,4,NaN,,NaN,,NaN,,NaN,NaN,NaN,NaN,1,4,2,1,2,1,1,1,2,1,1,1,1,1,1,1,1,1,1,2,1,1,696258.638,4223739.054,-18.464,Cob,4528,0,0,2,2,1
2932,2,2006030002046,1,6,17,5,6,2,1,CV-905,3.5,3,5,0,1,5,3,2,3,4,2,2,2,2,2,2,5,2,4,1,1,1,9,14,1,1,3,NaN,2,NaN,NaN,,NaN,,NaN,,NaN,62,60,NaN,1,4,1,1,1,1,1,1,2,1,1,1,1,1,1,1,1,1,1,2,1,1,700062.875,4213442.997,-12.771,Pri,26121,0,0,0,16,6
2934,2,2006030002055,1,6,18,3,7,3,2,CV-825,1,1,0,0,1,5,2,2,3,3,2,1,1,2,1,2,7,7,8,1,1,1,9,14,3,1,3,NaN,2,3,NaN,,NaN,,NaN,,NaN,NaN,NaN,NaN,1,4,1,1,1,1,1,1,2,1,1,1,1,1,1,1,1,1,1,2,1,1,695573.504,4247643.888,196.184,Sec,5779,0,1,0,9,2
2935,2,2006030002061,1,6,16,4,5,1,1,CV-80,8.5,8,5,0,1,3,3,2,3,4,2,2,2,2,2,2,7,7,8,1,1,1,9,14,3,1,1,NaN,2,NaN,NaN,,NaN,,NaN,,67,NaN,60,NaN,1,4,2,1,1,1,1,2,1,1,1,1,1,1,1,1,1,1,1,2,1,1,695996.629,4273955.9,685.084,Sec,7766,0,0,0,14,1
2936,2,2006030002063,1,6,27,6,2,1,1,CV-935,0.2,0,2,0,1,5,1,3,2,1,2,1,1,1,1,1,1,1,8,1,1,1,1,14,1,1,1,NaN,2,NaN,NaN,,21,21,NaN,,NaN,NaN,NaN,NaN,1,4,1,1,1,1,1,1,2,1,1,1,1,1,1,1,1,1,1,2,1,1,693788.998,4220420.602,-18.545,Cob,5706,0,0,1,19,7
2940,2,2006030002070,1,6,25,1,7,3,2,CV-940,6.8,6,8,1,1,5,2,3,3,1,2,1,1,1,1,1,7,7,8,1,5,1,9,14,3,1,1,NaN,2,3,NaN,,NaN,,NaN,,NaN,NaN,NaN,NaN,1,4,2,1,1,1,1,1,2,1,1,1,1,1,1,1,1,2,1,2,2,3,696196.337,4211297.942,6.082,Cob,4610,0,0,0,1,1
2943,2,2006030002076,1,6,20,6,2,1,3,CV-945,0.5,0,5,1,1,5,3,2,3,3,2,1,1,1,1,1,7,7,8,1,1,1,9,14,3,1,1,NaN,1,5,NaN,,NaN,,NaN,,NaN,NaN,NaN,NaN,1,4,2,1,1,1,1,1,2,1,1,1,1,1,1,1,1,1,1,2,1,1,691044.039,4210560.808,42.704,Sec,12333,0,0,1,17,2
2947,2,2006030002078,1,6,22,1,4,1,2,CV-905,3.9,3,9,0,1,5,3,2,3,3,2,2,2,2,1,1,5,2,4,1,4,1,9,14,1,1,1,NaN,2,3,NaN,,NaN,,NaN,,NaN,NaN,NaN,NaN,1,4,1,1,1,1,1,1,2,1,1,1,1,1,1,1,1,1,1,2,1,1,700205.597,4213072.338,-18.23,Cob,28810,0,0,1,1,7
2952,2,2006030002090,1,6,22,4,4,1,1,CV-830,15.5,15,5,0,1,5,2,3,3,3,2,1,2,1,1,1,7,7,5,1,1,1,9,14,1,1,1,NaN,2,NaN,30,32,NaN,,NaN,,NaN,NaN,NaN,NaN,1,4,2,1,1,1,1,1,1,1,1,1,1,1,1,1,1,1,1,2,1,1,687520.616,4266142.444,521.133,Pri,3059,0,0,0,12,2
2954,2,2006030002092,1,6,27,6,2,1,2,CV-763,0.6,0,6,0,1,5,3,2,3,2,2,1,1,1,1,2,1,4,5,1,1,1,9,14,1,2,1,NaN,2,4,NaN,,NaN,,NaN,,NaN,NaN,NaN,NaN,1,4,1,1,1,1,1,1,2,1,1,1,1,1,1,1,1,1,1,2,1,1,753365.554,4273171.242,22.494,Cob,16489,0,0,1,19,7
2956,2,2006030002098,1,7,1,4,6,2,1,CV-775,22.5,22,5,1,1,5,2,2,3,1,2,1,2,2,1,1,7,7,5,1,1,1,9,14,1,1,3,NaN,2,NaN,NaN,,NaN,,NaN,,65,NaN,60,NaN,1,4,2,1,1,1,1,2,1,1,1,1,1,1,1,1,1,1,1,2,1,1,729674.869,4264759.557,321.504,Cob,151,0,1,0,13,5
2959,2,2006030002099,1,7,2,2,7,3,3,CV-865,4.2,4,2,1,1,5,2,2,3,4,2,1,1,1,1,1,7,7,8,1,5,1,9,14,1,1,1,NaN,2,3,NaN,,NaN,,NaN,,NaN,NaN,NaN,NaN,1,4,1,1,1,1,1,1,2,1,1,1,1,1,1,1,1,1,1,2,1,1,709923.179,4233366.236,-17.253,Cob,14700,0,0,3,5,1
2961,2,2006030002107,1,7,2,5,7,3,1,CV-95,8,8,0,1,1,5,2,2,3,3,2,1,1,1,1,1,7,7,8,1,1,1,9,14,3,1,3,NaN,1,NaN,NaN,,NaN,,NaN,,56,NaN,50,NaN,1,4,2,1,2,1,1,1,1,1,1,1,1,1,1,1,1,1,1,2,1,1,694770.028,4206020.21,37.315,Cob,10522,0,0,0,15,1
2962,2,2006030002109,1,7,2,4,7,3,1,CV-925,10.5,10,5,1,1,5,2,3,3,1,2,1,1,1,1,1,7,7,8,1,1,1,9,14,1,1,1,NaN,2,NaN,NaN,,NaN,,NaN,,NaN,54,50,NaN,1,4,1,1,1,1,1,2,2,1,1,1,1,1,1,1,1,2,1,2,2,3,686642.326,4200400.647,164.108,Cob,2045,0,0,1,11,3
2964,2,2006030002110,1,6,27,5,2,1,2,CV-835,5.5,5,5,0,1,5,2,2,3,3,2,1,1,1,1,1,1,1,8,1,1,1,9,14,1,1,1,NaN,2,2,NaN,,NaN,,NaN,,NaN,NaN,NaN,NaN,1,4,2,1,1,1,1,1,2,1,1,1,1,1,1,1,1,1,1,2,1,1,690968.036,4253578.277,343.522,Sec,4143,0,0,2,15,6