Id,Ano,Numero_Accidente,Provincia,Mes,Dia,Hora,Dia_Semana,Tipo_Dia,Vehiculos_Implicados,Carretera,Pk,Km,Hm,Sentido,Zona,Tipo_Via,Anchura_Calzada,Anchura_Carril,Marcas_Viales,Arcen,Arcen_Pavimentado,Mediana,Barrera_Seguridad,Paneles_Direccionales,Hitos_Arista,Captafaros,Interseccion_Tipo,Interseccion_Acondicionamiento,Prioridad_Regulada_por,Superficie,Luminosidad,Factores_Atmosfericos,Visibilidad_Restringida_por,Otras_Circunstancias,Senalizacion_Peligro,Aceras,Arboles,Arboles_Metros_Calzada,Visibilidad_Senalizacion_Vertical,Colision_Vehiculos_Marcha,Colision_Vehiculo_Obstaculo_1,Colision_Vehiculo_Obstaculo_2,Atropello_1,Atropello_2,Vuelco_1,Vuelco_2,Salida_Sin_Colision,Salida_Con_Colision,Lado_Salida,Otro,Circulacion,Circulacion_Medidas_Especiales,Distraccion,Inexperiencia_Conductor,Alcohol_Drogas,Cansancio_Sueno,Enfermedad,Velocidad_Inadecuada,Infraccion_Norma_Circulacion,Estado_Condicion_Via,Estado_Condicion_Senalizacion,Tramo_Obras,Mal_Estado_Vehiculo,Averia_Mecanica,Meteorologia_Adversa,Irrupcion_Animal,Circular_Sentido_Contrario,Otro_Factor,Sin_Opinion_Definida,Pendiente,Curvatura,Peralte,GPS_x,GPS_y,GPS_z,Tipo_Est,IMD,N_Muertos,N_Graves,N_Leves,Hora_Real,Fuera_o_Interseccion
2966,2,2006030002117,1,6,1,6,4,1,2,CV-865,0.8,0,8,0,1,5,3,2,3,3,2,1,1,1,1,1,1,2,3,1,1,1,9,14,1,1,3,NaN,2,2,NaN,,NaN,,NaN,,NaN,NaN,NaN,NaN,1,4,1,1,1,1,1,1,2,1,1,1,1,1,1,1,1,1,1,2,1,1,703841.128,4237363.73,44.729,Cob,14700,0,0,1,19,6
2969,2,2006030002118,1,6,30,3,5,1,3,CV-91,4.9,4,9,1,1,5,2,2,3,4,2,1,1,1,1,1,7,7,8,1,1,1,9,14,1,1,1,NaN,2,5,NaN,,NaN,,NaN,,NaN,NaN,NaN,NaN,1,4,2,1,1,1,1,1,2,1,1,1,1,1,1,1,1,1,1,2,1,1,700587.732,4218970.303,-26.562,Sec,13069,0,0,2,9,1
2970,2,2006030002120,1,7,3,4,1,1,1,CV-820,2.8,2,8,0,1,5,3,2,3,3,2,1,2,1,1,1,7,7,5,1,1,1,9,14,2,1,1,NaN,1,NaN,NaN,,NaN,,NaN,,NaN,NaN,NaN,71,1,4,1,1,1,1,1,1,1,1,1,1,1,1,1,1,1,2,1,2,1,1,711421.86,4254918.042,148.209,Cob,7354,0,1,0,13,2
2971,2,2006030002122,1,7,3,4,1,4,1,CV-80,12,12,0,1,1,2,1,1,4,5,2,1,2,1,2,1,3,1,8,1,1,1,9,14,2,1,3,NaN,2,NaN,NaN,,NaN,,NaN,,NaN,64,60,NaN,1,4,1,1,1,1,1,2,1,1,1,1,1,1,1,1,1,1,1,2,1,1,695555.667,4273837.277,671.809,Sec,8980,0,1,0,12,6
2975,2,2006030002132,1,7,2,4,7,3,2,CV-700,18.8,18,8,0,1,5,2,3,3,2,2,1,1,2,1,1,7,7,8,1,1,1,3,14,1,1,1,NaN,2,1,NaN,,NaN,,NaN,,NaN,NaN,NaN,NaN,1,4,2,1,1,1,1,1,1,1,1,1,1,1,1,1,1,1,1,2,1,1,724911.859,4295814.115,324.274,Cob,2901,0,0,2,12,4
2979,2,2006030002136,1,6,26,5,1,1,2,CV-845,9,9,0,0,1,5,2,3,3,3,2,1,2,2,1,1,1,1,8,1,1,1,9,14,1,1,3,NaN,2,NaN,NaN,,NaN,,NaN,,57,NaN,50,NaN,1,4,1,1,1,1,1,1,2,1,1,1,1,1,1,1,1,1,1,2,1,1,686117.47,4242657.491,360.975,Cob,4891,0,0,0,16,6
2981,2,2006030002147,1,7,4,6,2,1,2,CV-95,11.6,11,6,0,1,5,3,2,3,4,2,1,1,2,1,1,1,4,3,1,1,1,9,14,1,1,1,NaN,2,NaN,NaN,,NaN,,12,9,NaN,NaN,NaN,NaN,1,4,1,1,1,1,1,1,2,1,1,1,1,1,1,1,1,1,1,2,1,2,689323.3,4211573.033,76.342,Cob,10522,0,0,1,19,6
2984,2,2006030002150,1,7,4,6,2,1,2,CV-70,49,49,0,0,1,5,2,3,3,2,2,2,1,1,1,1,5,1,6,1,1,1,9,14,1,1,1,NaN,2,4,NaN,,NaN,,NaN,,NaN,NaN,NaN,NaN,1,4,1,1,1,1,1,1,2,1,1,1,1,1,1,1,1,1,1,2,1,1,749851.52,4272284.053,101.778,Per,28000,0,0,1,19,6
2986,2,2006030002152,1,7,5,4,3,1,2,CV-920,3.4,3,4,0,1,5,2,3,3,2,2,1,1,2,1,1,7,7,8,1,1,1,9,14,3,1,1,NaN,1,4,NaN,,NaN,,NaN,,NaN,NaN,NaN,NaN,1,4,1,1,1,1,1,1,2,1,1,1,1,1,1,1,1,1,1,2,1,1,688481.037,4215702.275,-0.618,Pri,7134,0,1,0,13,1
2988,2,2006030002163,1,7,2,6,7,3,2,CV-905,7.5,7,5,1,1,5,3,2,3,3,2,2,2,2,2,1,5,6,4,1,1,1,9,14,1,1,1,NaN,2,4,NaN,,NaN,,NaN,,NaN,NaN,NaN,NaN,2,4,1,1,1,1,1,1,2,1,1,1,1,1,1,1,1,1,1,2,1,1,700175.686,4213174.274,-12.635,Cob,33942,0,0,0,19,6
2991,2,2006030002167,1,7,5,3,3,1,1,CV-95,20.1,20,1,1,1,5,1,3,3,3,2,1,2,1,2,1,7,7,8,1,1,1,9,14,3,1,1,NaN,1,NaN,NaN,,NaN,,NaN,,66,NaN,60,NaN,1,4,1,1,1,2,1,1,1,1,1,1,1,1,1,1,1,1,1,2,1,1,686245.837,4213823.57,22.061,Cob,8145,0,0,1,7,1
2996,2,2006030002168,1,7,5,3,3,1,5,CV-95,26.1,26,1,1,1,5,3,2,3,3,2,1,2,1,2,1,7,7,8,1,1,1,9,14,3,1,1,NaN,1,5,NaN,,NaN,,NaN,,NaN,NaN,NaN,NaN,2,4,2,1,1,1,1,1,1,1,1,1,1,1,1,1,1,1,1,2,1,1,681638.066,4216619.732,-2.701,Cob,24197,0,0,0,8,1
3000,2,2006030002169,1,7,1,6,6,2,2,CV-724,3.3,3,3,0,1,5,2,3,3,3,2,1,1,1,1,1,2,1,3,1,1,1,9,14,2,1,1,NaN,2,2,NaN,,NaN,,NaN,,NaN,NaN,NaN,NaN,1,4,1,1,1,1,1,1,2,1,1,1,1,1,1,1,1,1,1,2,1,1,764465.479,4301560.528,1.827,Sec,6492,0,0,1,19,6
3002,2,2006030002170,1,7,1,3,6,2,2,CV-715,19,19,0,1,1,5,3,2,3,3,2,1,1,1,1,1,7,7,8,1,1,1,9,14,2,1,1,NaN,1,2,NaN,,NaN,,NaN,,NaN,NaN,NaN,NaN,1,4,1,1,1,1,1,1,2,1,1,1,1,1,1,1,1,1,1,2,2,2,752558.108,4288904.236,513.887,Cob,2697,0,0,0,8,1
3005,2,2006030002176,1,7,3,6,1,1,3,CV-905,0,0,0,1,1,5,3,2,3,3,2,2,2,2,2,2,5,1,8,1,1,1,9,14,1,1,3,NaN,2,5,NaN,,NaN,,NaN,,NaN,NaN,NaN,NaN,1,4,2,1,1,1,1,2,1,1,1,1,1,1,1,1,1,1,1,2,1,1,703317.63,4206797.102,-3.448,Pri,26121,0,1,0,19,6
3007,2,2006030002182,1,7,6,4,4,1,2,CV-920,19.6,19,6,0,1,5,1,3,3,1,2,1,1,1,1,1,7,7,8,1,1,1,9,14,1,1,2,2,1,2,NaN,,NaN,,NaN,,NaN,NaN,NaN,NaN,1,4,2,1,1,1,1,1,1,1,1,1,1,1,1,1,1,1,1,2,2,2,700745.884,4219840.823,-19.884,NaN,0,0,1,0,11,4
3008,2,2006030002185,1,7,9,3,7,3,1,CV-700,67.2,67,2,0,1,5,2,2,3,3,2,1,1,1,2,2,4,1,8,1,1,1,9,14,1,1,1,NaN,2,NaN,NaN,,NaN,,NaN,,NaN,61,60,NaN,1,4,2,1,1,1,1,1,1,1,1,1,1,1,1,1,1,1,1,2,1,1,759493.01,4305066.745,-11.044,Cob,6384,0,0,0,8,6
3015,2,2006030002189,1,7,7,6,5,1,2,CV-83,13.8,13,8,0,1,5,2,2,2,3,2,1,1,1,1,1,7,7,8,1,5,1,9,14,1,1,1,NaN,2,4,NaN,,NaN,,NaN,,NaN,NaN,NaN,NaN,1,4,1,1,1,1,1,1,1,1,1,1,1,1,1,1,1,2,1,2,1,1,681342.956,4255860.36,477.666,Cob,6039,0,0,1,21,1
3021,2,2006030002192,1,7,10,6,1,4,5,CV-91,7.9,7,9,1,1,4,3,2,3,4,2,1,2,2,2,2,5,1,4,1,1,1,9,14,1,1,1,NaN,2,5,NaN,,NaN,,NaN,,NaN,NaN,NaN,NaN,3,4,2,1,1,1,1,1,2,1,1,1,1,1,1,1,1,1,1,2,1,1,697704.109,4219310.315,-27.193,Sec,13069,0,0,1,19,6
3025,2,2006030002196,1,7,11,4,2,1,2,CV-830,16,16,0,0,1,5,2,2,3,3,2,1,1,2,1,1,7,7,8,1,1,1,9,14,1,1,1,NaN,2,2,NaN,,NaN,,NaN,,NaN,NaN,NaN,NaN,1,4,1,1,1,1,1,2,1,1,1,1,1,1,1,1,1,1,1,2,1,1,687885.404,4266462.171,500.042,Pri,3059,0,0,2,12,5
3027,2,2006030002206,1,7,13,5,4,1,2,CV-736,0.5,0,5,1,1,5,3,2,3,2,2,1,1,1,1,1,1,1,3,1,1,1,1,14,1,2,3,NaN,2,2,NaN,,NaN,,NaN,,NaN,NaN,NaN,NaN,1,4,1,1,1,1,1,1,2,1,1,1,1,1,1,1,1,1,1,2,2,1,774596.838,4298883.582,68.6,Cob,4807,0,0,1,16,7
3028,2,2006030002208,1,7,11,5,2,1,1,CV-840,25.3,25,3,0,1,5,2,2,3,3,2,1,1,2,1,1,7,7,8,1,1,1,9,14,1,1,1,NaN,1,NaN,NaN,,NaN,,NaN,,67,NaN,60,NaN,1,4,2,1,1,2,1,2,1,1,1,1,1,1,1,1,1,1,1,2,1,1,672308.826,4247634.66,504.664,Sec,2873,0,0,1,16,5
3030,2,2006030002212,1,7,12,4,3,1,2,CV-905,2.5,2,5,0,1,3,3,2,3,3,2,2,2,1,2,1,7,7,8,1,1,1,9,14,3,1,1,NaN,1,3,NaN,,NaN,,NaN,,NaN,NaN,NaN,NaN,1,4,2,1,1,1,1,1,1,1,1,1,1,1,1,1,1,1,1,2,1,1,699709.655,4214353.571,4.293,Pri,26121,0,0,1,14,1
3034,2,2006030002219,1,7,14,6,5,1,2,CV-941,5.9,5,9,0,1,5,2,3,3,1,2,1,2,1,2,2,7,7,8,1,2,1,9,14,3,1,1,NaN,1,4,NaN,,NaN,,NaN,,NaN,NaN,NaN,NaN,1,4,2,1,1,1,1,1,1,1,1,1,1,1,1,1,1,1,1,2,1,1,694497.493,4200217.462,57.891,Sec,4131,0,0,0,21,2
3036,2,2006030002227,1,7,10,1,1,4,2,CV-915,4,4,0,1,1,5,3,2,3,1,2,1,1,1,1,1,5,3,4,1,3,1,9,14,1,1,1,NaN,2,4,NaN,,NaN,,NaN,,NaN,NaN,NaN,NaN,1,4,2,1,2,1,1,2,2,1,1,1,1,1,1,1,1,1,1,2,1,1,678220.009,4216288.398,2.715,Sec,9705,0,0,1,0,7
3039,2,2006030002232,1,7,15,1,6,2,1,CV-949,0.8,0,8,0,1,5,2,2,3,4,2,1,2,2,2,2,7,7,8,1,5,1,9,14,1,1,1,NaN,2,NaN,NaN,,NaN,,NaN,,NaN,62,60,NaN,1,4,1,1,1,1,1,2,1,1,1,1,1,1,1,1,1,1,1,2,1,1,685180.775,4209351.821,79.409,Cob,887,0,0,3,23,5
3045,2,2006030002260,1,7,18,6,2,1,4,CV-900,3.7,3,7,0,1,5,2,2,3,3,2,1,1,1,2,1,7,7,8,1,4,1,9,14,3,1,1,NaN,1,5,NaN,,NaN,,NaN,,NaN,NaN,NaN,NaN,2,4,2,1,1,1,1,1,2,1,1,1,1,1,1,1,1,1,1,2,1,1,684270.049,4220409.937,-4.658,Cob,8641,0,0,2,22,1
3049,2,2006030002264,1,7,20,3,4,1,2,CV-830,16,16,0,1,1,5,2,2,3,1,2,1,1,2,1,1,7,7,8,1,2,1,9,14,1,1,3,NaN,2,1,NaN,,NaN,,NaN,,NaN,NaN,NaN,NaN,1,4,1,1,1,1,1,2,1,1,1,1,1,1,1,1,1,1,1,2,1,1,682813.852,4262147.708,478.294,Pri,3059,1,1,0,7,5
3051,2,2006030002269,1,7,18,6,2,1,2,CV-700,59.8,59,8,1,1,5,3,2,3,3,2,1,1,1,2,2,7,7,8,1,5,1,9,14,3,1,1,NaN,1,3,NaN,,NaN,,NaN,,NaN,NaN,NaN,NaN,1,4,1,1,1,1,1,1,2,1,1,1,1,1,1,1,1,1,1,2,1,1,715882.466,4296223.105,620.383,Cob,6384,0,0,1,21,1
3052,2,2006030002272,1,7,18,6,2,1,1,CV-763,4.3,4,3,1,1,5,2,3,3,3,2,1,1,1,2,2,7,7,8,1,4,1,9,14,3,1,1,NaN,1,NaN,NaN,,NaN,,NaN,,56,NaN,50,NaN,1,4,1,1,2,1,1,1,1,1,1,1,1,1,1,1,1,1,1,2,1,1,753282.711,4273270.772,27.305,Cob,16489,0,0,0,22,3
3054,2,2006030002293,1,7,17,6,1,1,1,CV-911,2,2,0,0,1,5,2,3,3,3,2,1,2,1,2,2,7,7,8,1,5,1,9,14,3,1,3,NaN,2,NaN,NaN,,21,24,NaN,,NaN,NaN,NaN,NaN,1,4,1,1,1,1,1,1,1,1,1,1,1,1,1,1,1,2,1,2,1,1,688157.349,4219136.119,-11.312,Cob,8360,0,0,1,22,1
3055,2,2006030002295,1,7,19,4,3,1,1,CV-81,40.5,40,5,0,1,2,3,2,3,1,2,2,1,2,1,2,5,2,4,1,1,1,9,14,1,1,1,NaN,2,NaN,NaN,,NaN,,12,9,NaN,NaN,NaN,NaN,1,4,1,1,1,1,1,1,2,1,1,1,1,1,1,1,1,1,1,2,1,1,686011.245,4280464.394,489.942,Cob,6411,0,0,2,12,6
3056,2,2006030002314,1,7,12,6,3,1,1,CV-870,11,11,0,1,1,5,2,3,3,3,2,1,1,1,1,1,7,7,8,1,1,1,9,14,1,1,3,NaN,2,NaN,NaN,,NaN,,NaN,,55,NaN,50,NaN,1,4,2,1,2,1,1,1,1,1,1,1,1,1,1,1,1,1,1,2,1,1,680819.152,4220701.493,4.16,Cob,6822,0,0,0,19,1
3059,2,2006030002317,1,7,23,3,7,3,3,CV-70,32.1,32,1,0,1,5,2,3,3,4,2,1,2,1,1,1,1,1,5,1,1,1,2,14,2,1,1,NaN,2,2,NaN,,NaN,,NaN,,NaN,NaN,NaN,NaN,1,4,1,1,1,1,1,1,2,1,1,1,1,1,1,1,1,1,1,2,1,2,743279.491,4284168.073,584.352,Cob,2167,0,0,2,10,7
3060,2,2006030002319,1,7,23,1,7,3,1,CV-95,15,15,0,1,1,5,2,2,3,3,2,1,2,2,2,2,7,7,8,1,5,1,9,14,3,1,1,NaN,2,NaN,NaN,,NaN,,NaN,,NaN,61,60,NaN,1,4,2,1,1,1,1,2,1,1,1,1,1,1,1,1,1,1,1,2,1,2,689980.358,4211003.087,84.415,Pri,9661,1,0,0,23,2
3062,2,2006030002329,1,7,24,5,1,1,2,CV-840,1.1,1,1,0,1,5,2,2,3,3,2,1,1,2,1,1,7,7,8,1,1,1,9,14,1,1,3,NaN,2,1,NaN,,NaN,,NaN,,NaN,NaN,NaN,NaN,1,4,1,1,1,1,1,1,2,1,1,1,1,1,1,1,1,1,1,2,1,1,693425.754,4250316.802,251.247,Cob,4939,0,1,0,16,5
3063,2,2006030002334,1,7,23,6,7,3,1,CV-941,6,6,0,1,1,5,2,3,3,1,2,1,1,1,2,2,7,7,5,1,1,1,2,14,1,1,1,NaN,2,NaN,NaN,,NaN,,NaN,,67,NaN,60,NaN,1,4,2,1,1,1,1,2,1,1,1,1,1,1,1,1,1,1,1,2,1,1,694296.784,4200649.823,63.232,Sec,4131,0,0,2,18,4
3065,2,2006030002353,1,7,25,6,2,1,2,CV-855,16.3,16,3,0,1,5,3,2,3,3,2,1,1,1,1,1,1,1,8,1,1,1,9,14,3,1,1,NaN,1,4,NaN,,NaN,,NaN,,NaN,NaN,NaN,NaN,1,4,2,1,2,1,1,1,1,1,1,1,1,1,1,1,1,1,1,2,1,1,696447.37,4223783.851,-18.467,Cob,4528,0,0,4,19,7
3070,2,2006030002361,1,7,23,2,7,3,1,CV-870,1.8,1,8,1,1,5,2,2,3,3,2,1,1,2,1,1,7,7,8,1,5,1,2,14,1,1,1,NaN,2,NaN,NaN,,NaN,,NaN,,NaN,63,60,NaN,1,4,2,1,2,1,1,1,1,1,1,1,1,1,1,1,1,1,1,2,1,1,677109.479,4228244.553,88.21,Cob,16632,0,0,0,5,5
3072,2,2006030002364,1,7,3,3,1,4,2,CV-865,10.8,10,8,1,1,5,3,2,3,3,2,1,1,1,1,1,7,7,8,1,2,1,9,14,3,1,1,NaN,2,4,NaN,,NaN,,NaN,,NaN,NaN,NaN,NaN,2,3,2,1,1,1,1,1,1,1,1,1,1,1,1,1,1,1,1,2,1,1,704480.85,4236957.581,36.02,Sec,17115,0,0,1,8,1
3074,2,2006030002369,1,7,5,6,3,1,2,CV-700,19.8,19,8,0,1,5,2,3,3,1,2,1,1,1,1,1,7,7,5,1,1,1,9,13,2,1,1,NaN,2,NaN,NaN,,NaN,,NaN,,57,NaN,50,NaN,1,4,1,1,1,1,1,2,1,1,1,1,1,1,1,1,1,1,1,2,2,2,725623.327,4295672.04,375.39,Cob,2901,0,0,0,19,5
3076,2,2006030002373,1,7,14,6,5,1,2,CV-870,8.1,8,1,0,1,5,3,2,3,3,2,1,1,1,2,1,7,7,8,1,1,1,9,14,3,1,1,NaN,1,3,NaN,,NaN,,NaN,,NaN,NaN,NaN,NaN,1,4,1,1,2,1,1,1,2,1,1,1,1,1,1,1,1,1,1,2,1,1,678420.452,4227151.935,58.715,Cob,6822,0,0,0,19,2
3080,2,2006030002375,1,7,25,3,2,1,2,CV-905,1,1,0,0,1,5,3,2,3,3,2,2,2,2,2,1,5,6,5,1,1,1,9,14,1,1,1,NaN,2,3,NaN,,NaN,,NaN,,NaN,NaN,NaN,NaN,2,4,1,1,1,1,1,1,2,1,1,1,1,1,1,1,1,1,1,2,1,1,698911.672,4215474.309,11.782,Pri,26121,0,0,0,9,7
3083,2,2006030002379,1,7,29,5,6,2,3,CV-912,2.9,2,9,1,1,5,1,3,3,1,2,1,1,2,1,1,2,1,8,1,1,1,9,14,2,1,1,NaN,1,3,NaN,,NaN,,NaN,,NaN,NaN,NaN,NaN,1,4,1,1,1,1,1,1,2,1,1,1,1,1,1,1,1,1,1,2,1,1,691563.071,4222077.143,-18.059,Cob,2648,0,0,0,15,6
3085,2,2006030002382,1,7,27,6,4,1,2,CV-715,14,14,0,0,1,5,2,3,2,1,2,1,1,1,1,1,7,7,8,3,1,4,2,14,1,1,1,NaN,2,1,NaN,,NaN,,NaN,,NaN,NaN,NaN,NaN,1,4,1,2,1,1,1,2,1,1,1,1,1,1,1,1,1,1,1,2,1,1,755363.541,4294358.849,215.975,Cob,2697,0,0,2,20,1
3088,2,2006030002383,1,7,7,3,5,1,1,CV-80,13.1,13,1,0,1,2,2,3,3,3,2,1,2,2,2,2,7,7,8,1,1,1,9,14,3,1,1,NaN,1,NaN,NaN,,21,24,NaN,,NaN,NaN,NaN,NaN,1,4,1,1,1,1,1,1,1,1,1,1,1,1,1,2,1,1,1,2,1,1,700148.847,4275806.941,646.003,Sec,8980,0,0,0,10,1
3091,2,2006030002388,1,7,29,6,6,2,2,CV-736,6.5,6,5,0,1,5,2,2,3,1,2,1,1,1,1,1,1,1,8,1,1,1,2,4,1,1,3,NaN,2,2,NaN,,NaN,,NaN,,NaN,NaN,NaN,NaN,1,4,2,2,1,1,1,1,1,1,1,1,1,1,1,1,1,1,1,2,1,2,774489.898,4299736.918,175.17,Cob,4807,0,0,1,19,6
3093,2,2006030002398,1,7,23,6,7,3,2,CV-775,4,4,0,0,1,5,2,3,3,3,2,1,1,2,2,1,1,1,5,1,1,1,9,14,2,1,1,NaN,2,1,NaN,,NaN,,NaN,,NaN,NaN,NaN,NaN,1,4,1,1,1,1,1,1,2,1,1,1,1,1,1,1,1,1,1,2,2,1,728737.517,4261464.637,121.927,Cob,2050,0,0,1,19,6
3095,2,2006030002401,1,7,7,5,5,1,2,CV-820,18,18,0,0,1,5,3,3,3,3,2,1,1,1,1,1,1,1,3,1,1,1,9,14,3,1,1,NaN,2,2,NaN,,NaN,,NaN,,NaN,NaN,NaN,NaN,1,4,2,1,1,1,1,1,1,1,1,1,1,1,1,1,1,1,1,2,1,2,698312.182,4252959.437,239.443,Pri,3146,0,0,1,16,6
3097,2,2006030002402,1,7,11,6,2,1,2,CV-81,42.7,42,7,1,1,5,3,2,3,4,2,1,2,2,2,2,7,7,8,1,1,1,8,3,2,1,3,NaN,2,4,NaN,,NaN,,NaN,,NaN,NaN,NaN,NaN,3,4,2,1,1,1,1,1,2,1,1,1,1,1,1,1,1,1,1,2,1,1,708089.935,4293667.115,582.415,Cob,5220,0,0,1,20,1
3101,2,2006030002415,1,7,31,1,1,4,1,CV-945,0.5,0,5,0,1,5,3,2,3,3,2,1,1,1,2,1,7,7,8,1,5,1,9,14,3,1,1,NaN,1,NaN,NaN,,NaN,,NaN,,67,NaN,60,NaN,1,4,1,1,2,1,1,1,1,1,1,1,1,1,1,1,1,1,1,2,1,1,700336.072,4211892.006,-20.782,Sec,12333,0,0,0,0,2
3105,2,2006030002427,1,7,29,5,6,2,2,CV-70,15.3,15,3,0,1,5,1,3,3,2,2,1,2,2,2,2,7,7,5,1,1,1,9,14,1,1,1,NaN,2,3,NaN,,NaN,,NaN,,NaN,NaN,NaN,NaN,1,4,1,1,1,1,1,2,2,1,1,1,1,1,1,1,1,1,1,2,1,1,733425.3,4286024.274,759.256,Sec,675,0,0,1,16,5
3108,2,2006030002460,1,7,31,3,1,4,2,CV-734,4,4,0,0,1,5,3,2,3,3,2,1,1,1,2,2,7,7,5,1,1,1,9,14,3,1,1,NaN,1,4,NaN,,NaN,,NaN,,NaN,NaN,NaN,NaN,1,4,1,1,1,1,1,1,2,1,1,1,1,1,1,1,1,1,1,2,1,1,770803.593,4296733.495,26.401,Sec,12709,0,0,1,7,1
3110,2,2006030002471,1,8,1,6,2,1,2,CV-736,3.9,3,9,0,1,5,3,2,3,3,2,1,1,1,2,2,7,7,8,1,1,1,9,14,1,1,1,NaN,1,3,NaN,,NaN,,NaN,,NaN,NaN,NaN,NaN,1,4,1,1,1,1,1,1,2,1,1,1,1,1,1,1,1,1,1,2,1,1,773302.574,4301300.577,81.742,Cob,4807,0,0,0,20,2
3111,2,2006030002472,1,8,4,4,5,1,1,CV-70,47,47,0,1,1,5,3,2,3,3,2,2,1,1,2,2,7,7,8,1,1,1,9,14,3,1,1,NaN,1,NaN,NaN,,NaN,,NaN,,NaN,61,60,NaN,1,4,2,1,1,1,1,1,1,1,1,1,1,1,1,1,1,1,1,2,1,1,723463.516,4286708.498,718.618,Per,28000,0,0,1,11,1
3112,2,2006030002481,1,8,4,4,5,1,1,CV-83,6.8,6,8,1,1,5,3,2,3,4,2,1,1,1,1,1,7,7,8,1,1,1,9,14,3,1,1,NaN,2,NaN,NaN,,NaN,,NaN,,65,NaN,60,NaN,1,4,2,1,1,2,1,1,1,1,1,1,1,1,1,1,1,1,1,2,1,1,672698.064,4252964.611,566.929,Cob,7085,0,1,1,13,1
3113,2,2006030002484,1,8,5,2,6,2,1,CV-91,8.6,8,6,0,1,5,3,2,3,3,2,1,1,1,2,2,7,7,8,1,5,1,9,14,3,1,1,NaN,1,NaN,NaN,,NaN,,NaN,,66,NaN,60,NaN,1,4,2,1,2,1,1,1,1,1,1,1,1,1,1,1,1,1,1,2,1,1,689355.927,4218116.412,-12.406,Pri,14231,0,0,1,5,1
3114,2,2006030002485,1,7,31,5,1,4,1,CV-941,0.5,0,5,0,1,5,3,2,3,3,2,1,2,1,1,1,7,7,8,1,1,1,9,14,3,1,3,NaN,2,NaN,NaN,,NaN,,NaN,,NaN,64,60,NaN,1,4,2,2,1,1,1,1,1,1,1,1,1,1,1,1,1,1,1,2,1,2,696497.113,4196501.817,18.789,Sec,4131,0,0,2,15,1
3116,2,2006030002489,1,8,1,6,2,1,2,CV-905,3.8,3,8,0,1,5,3,2,3,4,2,2,1,1,2,2,7,7,8,1,1,1,9,14,3,1,1,NaN,2,NaN,30,32,NaN,,NaN,,NaN,NaN,NaN,NaN,2,4,1,1,1,1,1,1,2,1,1,1,1,1,1,1,1,1,1,2,1,1,700170.186,4213165.379,-17.052,Cob,28810,0,0,0,18,1
3118,2,2006030002492,1,8,2,5,3,1,2,CV-905,0,0,0,0,1,5,3,2,3,3,2,2,2,1,2,2,5,2,4,1,1,1,9,14,1,1,1,NaN,2,2,NaN,,NaN,,NaN,,NaN,NaN,NaN,NaN,1,4,2,1,1,1,1,1,1,1,1,1,1,1,1,1,1,1,1,2,2,3,698062.729,4215016.961,1.517,Pri,26121,0,0,0,15,6
3120,2,2006030002494,1,8,3,4,4,1,2,CV-905,0.1,0,1,1,1,5,3,2,3,3,2,1,1,2,2,2,5,6,4,1,1,1,9,14,1,1,1,NaN,2,4,NaN,,NaN,,NaN,,NaN,NaN,NaN,NaN,2,4,1,1,1,1,1,1,2,1,1,1,1,1,1,1,1,1,1,3,1,1,703310.177,4206814.806,-3.517,Pri,26121,0,0,0,13,7
3123,2,2006030002496,1,8,3,3,4,1,2,CV-91,16.3,16,3,1,1,5,3,2,3,4,2,1,1,1,2,2,7,7,8,1,1,1,2,14,1,1,1,NaN,2,NaN,NaN,,NaN,,NaN,,NaN,NaN,NaN,71,1,4,1,1,1,1,1,1,2,1,1,1,1,1,1,1,1,1,1,2,1,2,689722.009,4218033.381,-20.548,Cob,9692,0,0,3,8,2
3125,2,2006030002498,1,8,4,6,5,1,2,CV-945,3,3,0,0,1,5,3,2,3,3,2,1,1,1,2,1,7,7,8,1,1,1,9,14,3,1,1,NaN,1,4,NaN,,NaN,,NaN,,NaN,NaN,NaN,NaN,1,4,1,1,1,1,1,1,2,1,1,1,1,1,1,1,1,1,1,2,1,1,697913.346,4211495.749,-8.229,Sec,12333,0,1,0,19,1
3126,2,2006030002501,1,7,3,5,1,1,1,CV-821,4,4,0,0,1,5,2,3,3,3,2,2,2,1,2,2,1,1,5,1,1,1,9,14,2,1,1,NaN,1,NaN,NaN,,NaN,,NaN,,NaN,63,60,NaN,1,4,2,1,1,1,1,1,1,1,1,1,1,1,1,1,1,1,1,2,1,1,719804.316,4253091.471,47.924,Sec,28963,0,1,0,16,6
3128,2,2006030002503,1,8,7,5,1,4,2,CV-773,0,0,0,0,1,5,3,1,3,3,2,1,1,1,2,2,1,3,8,1,1,1,9,14,1,1,1,NaN,2,2,NaN,,NaN,,NaN,,NaN,NaN,NaN,NaN,1,4,2,1,1,1,1,1,2,1,1,1,1,1,1,1,1,1,1,2,1,1,722634.711,4256604.099,73.409,Cob,3713,0,1,0,15,6
3129,2,2006030002510,1,8,5,6,6,2,1,CV-905,2.3,2,3,0,1,5,3,2,3,3,2,2,1,1,2,2,5,1,8,1,1,1,9,14,1,1,1,NaN,2,NaN,NaN,,NaN,,NaN,,NaN,63,60,NaN,1,4,1,1,2,1,1,1,1,1,1,1,1,2,1,1,1,1,1,2,1,1,699637.989,4214538.716,9.19,Pri,26121,0,0,0,19,6