Id,Ano,Numero_Accidente,Provincia,Mes,Dia,Hora,Dia_Semana,Tipo_Dia,Vehiculos_Implicados,Carretera,Pk,Km,Hm,Sentido,Zona,Tipo_Via,Anchura_Calzada,Anchura_Carril,Marcas_Viales,Arcen,Arcen_Pavimentado,Mediana,Barrera_Seguridad,Paneles_Direccionales,Hitos_Arista,Captafaros,Interseccion_Tipo,Interseccion_Acondicionamiento,Prioridad_Regulada_por,Superficie,Luminosidad,Factores_Atmosfericos,Visibilidad_Restringida_por,Otras_Circunstancias,Senalizacion_Peligro,Aceras,Arboles,Arboles_Metros_Calzada,Visibilidad_Senalizacion_Vertical,Colision_Vehiculos_Marcha,Colision_Vehiculo_Obstaculo_1,Colision_Vehiculo_Obstaculo_2,Atropello_1,Atropello_2,Vuelco_1,Vuelco_2,Salida_Sin_Colision,Salida_Con_Colision,Lado_Salida,Otro,Circulacion,Circulacion_Medidas_Especiales,Distraccion,Inexperiencia_Conductor,Alcohol_Drogas,Cansancio_Sueno,Enfermedad,Velocidad_Inadecuada,Infraccion_Norma_Circulacion,Estado_Condicion_Via,Estado_Condicion_Senalizacion,Tramo_Obras,Mal_Estado_Vehiculo,Averia_Mecanica,Meteorologia_Adversa,Irrupcion_Animal,Circular_Sentido_Contrario,Otro_Factor,Sin_Opinion_Definida,Pendiente,Curvatura,Peralte,GPS_x,GPS_y,GPS_z,Tipo_Est,IMD,N_Muertos,N_Graves,N_Leves,Hora_Real,Fuera_o_Interseccion
3131,2,2006030002516,1,8,3,3,4,1,1,CV-715,6,6,0,0,1,5,2,2,3,3,2,1,1,1,1,1,7,7,8,1,1,1,9,14,1,1,3,NaN,2,NaN,NaN,,21,24,NaN,,NaN,NaN,NaN,NaN,1,4,1,1,1,1,1,1,1,1,1,1,1,1,1,2,1,1,1,2,1,1,751630.94,4306254.434,-7.204,Cob,5836,0,0,0,10,1
3133,2,2006030002521,1,8,9,2,3,1,2,CV-840,0.3,0,3,0,1,5,2,2,3,3,2,1,1,1,1,1,7,7,8,1,1,1,9,14,3,1,1,NaN,1,1,NaN,,NaN,,NaN,,NaN,NaN,NaN,NaN,1,4,2,1,1,2,1,1,2,1,1,1,1,1,1,1,1,1,1,2,1,1,694068.412,4250761.133,239.598,Cob,4939,0,0,1,6,1
3135,2,2006030002523,1,8,4,6,5,1,2,CV-855,16.8,16,8,0,1,5,3,2,3,3,2,1,2,2,2,2,7,7,5,1,1,1,9,14,3,1,1,NaN,1,NaN,NaN,,NaN,,NaN,,NaN,NaN,NaN,71,1,4,2,1,1,1,1,1,1,1,1,1,1,1,1,1,1,1,1,2,1,1,695872.08,4223655.008,-18.051,Cob,4528,0,1,0,19,1
3136,2,2006030002527,1,8,7,4,1,4,1,CV-736,2.5,2,5,0,1,5,2,2,2,1,2,1,2,1,1,1,7,7,8,1,1,1,9,14,3,1,1,NaN,1,NaN,NaN,,NaN,,NaN,,NaN,54,50,NaN,1,4,2,1,1,1,1,1,1,1,1,1,1,1,1,1,1,1,1,2,1,1,772607.173,4301942.875,35.339,Cob,4807,0,0,0,11,2
3138,2,2006030002534,1,8,10,6,4,1,2,CV-763,3.3,3,3,0,1,5,2,3,3,3,2,1,2,1,2,2,1,1,8,1,1,1,9,14,3,1,1,NaN,1,4,NaN,,NaN,,NaN,,NaN,NaN,NaN,NaN,1,4,2,1,1,1,1,1,1,1,1,1,1,1,1,1,1,1,1,2,1,1,751667.347,4275022.633,109.796,Cob,16489,0,0,1,18,7
3140,2,2006030002540,1,8,11,4,5,1,2,CV-91,14,14,0,0,1,5,3,2,3,3,2,1,1,1,2,2,7,7,8,1,1,1,9,14,3,1,1,NaN,1,4,NaN,,NaN,,NaN,,NaN,NaN,NaN,NaN,1,4,1,1,1,1,1,1,2,1,1,1,1,1,1,1,1,1,1,2,1,1,694455.558,4218849.17,-15.458,Pri,14231,0,0,2,14,1
3142,2,2006030002542,1,6,28,3,3,1,2,CV-941,6.5,6,5,0,1,5,2,3,3,2,2,1,1,1,1,1,7,7,8,1,1,1,9,14,3,1,1,NaN,2,3,NaN,,NaN,,NaN,,NaN,NaN,NaN,NaN,1,4,2,1,1,1,1,1,1,1,1,1,1,1,1,1,1,1,1,2,1,1,694273.114,4200753.546,70.541,Sec,4131,0,0,1,8,1
3144,2,2006030002543,1,8,11,6,5,1,2,CV-725,1,1,0,1,1,5,3,2,3,1,2,1,1,1,1,1,1,1,8,1,1,1,9,14,2,1,1,NaN,1,4,NaN,,NaN,,NaN,,NaN,NaN,NaN,NaN,1,4,2,1,1,1,1,1,1,1,1,1,1,1,1,1,1,1,1,2,1,2,767995.423,4303462.839,-9.363,Pri,18255,0,0,0,17,7
3146,2,2006030002544,1,8,11,6,5,1,2,CV-734,2.1,2,1,0,1,5,3,2,3,3,2,1,1,1,1,1,1,1,5,1,1,1,5,14,3,1,1,NaN,1,2,NaN,,NaN,,NaN,,NaN,NaN,NaN,NaN,1,4,1,1,1,1,1,2,2,1,1,1,1,1,1,1,1,2,1,2,1,1,768934.662,4297370.478,45.489,Sec,12709,0,0,1,17,6
3148,2,2006030002552,1,8,12,2,6,2,2,CV-836,5,5,0,0,1,5,2,2,3,3,2,1,1,1,1,1,7,7,8,1,2,1,9,14,3,1,3,NaN,2,1,NaN,,NaN,,NaN,,NaN,NaN,NaN,NaN,1,4,2,1,1,1,1,1,1,1,1,1,1,1,1,1,1,1,1,2,1,2,671073.145,4253919.076,563.594,Cob,1928,0,0,2,6,1
3149,2,2006030002559,1,8,13,2,7,3,1,CV-83,6.5,6,5,1,1,5,3,2,3,3,2,1,1,2,1,1,5,6,4,1,3,1,9,14,1,1,3,NaN,2,NaN,NaN,,NaN,,NaN,,NaN,51,50,NaN,1,4,2,1,2,1,1,2,1,1,1,1,1,1,1,1,1,1,1,2,1,1,672409.192,4252884.658,569.12,Cob,7085,0,0,2,5,6
3150,2,2006030002564,1,8,13,4,7,3,1,CV-925,11.1,11,1,0,1,5,3,2,3,2,2,1,1,2,1,1,7,7,8,1,1,1,9,14,1,1,1,NaN,2,NaN,NaN,,NaN,,NaN,,66,NaN,60,NaN,1,4,2,1,1,1,1,1,1,1,1,1,1,1,1,1,1,1,1,2,1,1,685791.496,4208409.96,104.404,Cob,2045,0,0,1,12,5
3153,2,2006030002569,1,8,13,6,7,3,1,CV-755,18.3,18,3,1,1,5,3,2,3,3,2,1,2,2,1,1,7,7,8,1,5,1,9,14,1,1,1,NaN,2,NaN,NaN,,NaN,,NaN,,NaN,62,60,NaN,1,4,1,1,1,1,1,2,1,1,1,1,1,1,1,1,1,1,1,2,2,2,745205.756,4283826.463,386.178,Cob,2981,0,0,1,22,5
3155,2,2006030002570,1,8,13,6,7,3,2,CV-700,18.8,18,8,0,1,5,2,3,3,3,2,1,2,2,1,1,7,7,8,1,1,1,9,14,1,1,1,NaN,2,1,NaN,,NaN,,NaN,,NaN,NaN,NaN,NaN,1,4,1,1,1,1,1,1,2,1,1,1,1,1,1,1,1,1,1,2,1,1,724911.859,4295814.115,324.274,Cob,2901,0,0,1,18,4
3159,2,2006030002586,1,8,14,4,1,2,2,CV-91,14.8,14,8,0,1,5,3,2,3,3,2,1,2,2,2,1,5,6,4,1,1,1,9,14,1,1,3,NaN,2,3,NaN,,NaN,,NaN,,NaN,NaN,NaN,NaN,1,4,1,1,1,1,1,1,2,1,1,1,1,1,1,1,1,1,1,2,1,2,695235.091,4218980.082,-17.289,Pri,14231,0,1,0,13,6
3162,2,2006030002588,1,8,15,3,2,3,3,CV-825,2.8,2,8,1,1,5,2,2,3,3,2,1,1,2,1,1,7,7,8,1,1,1,9,14,3,1,1,NaN,2,NaN,NaN,,NaN,,NaN,,NaN,NaN,NaN,71,1,4,2,1,1,1,1,1,1,1,1,1,1,1,1,1,1,1,1,2,1,1,700176.866,4252483.242,220.402,Sec,5779,0,1,1,9,2
3168,2,2006030002592,1,8,11,1,5,1,2,CV-763,2.2,2,2,0,1,5,2,2,3,3,2,1,1,1,1,1,1,1,5,1,4,1,9,14,3,1,1,NaN,1,1,NaN,,NaN,,NaN,,NaN,NaN,NaN,NaN,1,4,1,1,1,1,1,1,2,1,1,1,1,1,1,1,1,1,1,2,1,1,752425.223,4274301.071,68.175,Cob,16489,0,1,1,23,7
3171,2,2006030002594,1,8,13,6,7,3,2,CV-700,51.7,51,7,0,1,5,2,3,3,1,2,1,1,1,1,1,7,7,8,1,1,1,9,14,3,1,1,NaN,1,1,NaN,,NaN,,NaN,,NaN,NaN,NaN,NaN,1,4,1,1,1,1,1,1,2,1,1,1,1,1,1,1,1,1,1,2,2,2,745517.77,4303976.942,128.641,Cob,458,0,2,3,19,2
3172,2,2006030002598,1,8,16,4,3,1,1,CV-773,13.5,13,5,0,1,5,2,3,3,1,2,1,2,1,1,1,7,7,8,1,1,1,9,14,1,1,3,NaN,2,NaN,NaN,,NaN,,NaN,,66,NaN,60,NaN,1,4,2,1,1,1,1,2,1,1,1,1,1,1,1,1,1,1,1,2,2,3,728538.666,4263424.1,250.766,NaN,0,0,0,1,13,4
3174,2,2006030002605,1,8,15,3,2,3,2,CV-755,14.4,14,4,0,1,5,2,2,3,3,2,1,2,2,1,1,7,7,5,1,1,1,9,14,1,1,1,NaN,2,4,NaN,,NaN,,NaN,,NaN,NaN,NaN,NaN,1,4,2,1,1,1,1,1,1,1,1,1,1,1,1,1,1,1,1,2,1,1,751965.545,4280919.395,132.099,Cob,2981,0,0,2,8,5
3176,2,2006030002612,1,8,17,6,4,1,2,CV-763,0.4,0,4,1,1,5,2,2,3,3,2,1,1,1,1,1,7,7,5,1,1,1,9,14,3,1,1,NaN,1,3,NaN,,NaN,,NaN,,NaN,NaN,NaN,NaN,1,4,1,1,1,1,1,1,2,1,1,1,1,1,1,1,1,1,1,2,1,1,750575.518,4275756.689,172.394,Cob,16489,0,0,1,20,1
3177,2,2006030002618,1,8,12,6,6,2,1,CV-736,6.8,6,8,0,1,5,2,3,3,1,2,1,1,1,1,1,7,7,5,1,4,1,2,14,1,1,1,NaN,2,NaN,NaN,,NaN,,NaN,,NaN,54,50,NaN,1,4,1,1,2,1,1,2,1,1,1,1,1,1,1,1,1,1,1,2,1,1,774413.121,4299505.91,154.318,Cob,4807,0,0,0,22,4
3178,2,2006030002629,1,8,17,4,4,1,1,CV-725,3.7,3,7,1,1,5,3,2,3,3,2,1,2,1,2,2,7,7,8,1,1,1,9,14,3,1,1,NaN,1,NaN,NaN,,NaN,,NaN,,NaN,63,60,NaN,1,4,2,1,1,1,1,1,1,1,1,1,1,1,1,1,1,1,1,2,1,1,765394.959,4303166.867,-0.284,Pri,18255,0,0,0,11,1
3182,2,2006030002637,1,8,19,6,6,2,2,CV-940,5.5,5,5,1,1,5,3,2,3,3,2,1,1,1,2,2,5,2,4,1,1,1,9,14,1,1,3,NaN,2,2,NaN,,NaN,,NaN,,NaN,NaN,NaN,NaN,1,4,1,1,1,1,1,1,2,1,1,1,1,1,1,1,1,1,1,2,1,1,696626.807,4212482.555,28.445,Cob,6932,0,0,0,18,6
3183,2,2006030002638,1,8,20,3,7,3,1,CV-95,16.3,16,3,1,1,5,2,2,3,3,2,1,1,1,1,1,7,7,8,1,1,1,9,14,3,1,2,4,2,NaN,NaN,,NaN,,NaN,,NaN,61,60,NaN,1,4,2,1,1,2,1,1,1,1,1,1,1,1,1,1,1,1,1,2,1,2,688977.557,4211747.891,69.672,Pri,9661,0,0,0,9,1
3184,2,2006030002641,1,8,18,1,5,1,1,CV-865,5.2,5,2,1,1,5,2,3,3,3,2,1,1,1,2,2,7,7,8,1,5,1,9,14,3,1,1,NaN,2,NaN,NaN,,NaN,,NaN,,66,NaN,60,NaN,1,4,1,1,2,1,1,1,1,1,1,1,1,1,1,1,1,1,1,2,1,1,709128.269,4233942.086,-9.424,Cob,14700,0,0,1,3,1
3185,2,2006030002655,1,8,21,2,1,1,1,CV-920,1.2,1,2,0,1,5,2,3,3,3,2,1,1,2,2,1,7,7,8,1,4,1,2,14,2,1,3,NaN,2,NaN,NaN,,NaN,,NaN,,NaN,62,60,NaN,1,4,2,1,1,1,1,2,1,1,1,1,1,1,1,1,1,1,1,2,1,1,686643.223,4214723.713,3.11,Pri,7134,0,0,1,6,5
3187,2,2006030002664,1,8,19,4,6,2,2,CV-905,9.9,9,9,0,1,5,2,2,4,2,1,2,1,2,1,1,5,4,4,1,1,1,9,14,2,1,1,NaN,2,4,NaN,,NaN,,NaN,,NaN,NaN,NaN,NaN,1,4,2,1,1,1,1,1,1,1,1,1,1,1,1,1,1,1,1,2,1,1,702947.678,4207986.408,-15.664,Cob,33942,0,1,0,11,6
3189,2,2006030002667,1,8,19,1,6,2,2,CV-724,3.2,3,2,1,1,5,3,2,3,3,2,1,1,1,1,1,7,7,8,1,5,1,9,14,3,1,1,NaN,1,4,NaN,,NaN,,NaN,,NaN,NaN,NaN,NaN,1,4,1,1,1,1,1,1,1,1,1,1,1,1,1,1,1,2,1,2,1,1,765722.45,4302216.965,4.082,Sec,6492,0,0,1,23,1
3191,2,2006030002678,1,8,21,2,1,4,2,CV-821,4,4,0,0,1,5,2,2,3,3,2,2,1,1,1,1,5,3,6,1,5,1,9,14,1,2,1,NaN,2,2,NaN,,NaN,,NaN,,NaN,NaN,NaN,NaN,1,4,1,1,1,1,1,1,2,1,1,1,1,1,1,1,1,1,1,2,1,1,719728.184,4253028.556,47.52,Sec,28963,0,0,1,6,6
3193,2,2006030002679,1,8,6,4,7,3,2,CV-865,11.5,11,5,1,1,5,2,2,3,3,2,1,1,1,1,1,7,7,8,1,1,1,8,14,3,2,1,NaN,2,2,NaN,,NaN,,NaN,,NaN,NaN,NaN,NaN,1,4,1,1,1,1,1,1,2,1,1,1,1,1,1,1,1,1,1,2,1,1,703891.24,4237335.718,39.404,Sec,17115,0,0,0,11,1
3195,2,2006030002682,1,8,22,6,2,1,1,CV-860,3.5,3,5,1,1,5,3,2,3,3,2,1,2,1,1,1,2,1,3,1,1,1,9,14,1,1,1,NaN,2,NaN,NaN,,NaN,,NaN,,NaN,54,50,NaN,1,4,2,1,1,1,1,1,1,1,1,1,1,1,1,1,1,1,1,2,1,1,700542.412,4221858.548,-15.975,Cob,5821,0,0,0,20,6
3196,2,2006030002683,1,8,20,6,7,3,1,CV-919,2.6,2,6,1,1,5,3,2,3,3,2,1,1,1,1,1,1,2,8,1,1,1,9,14,1,2,1,NaN,2,NaN,NaN,,NaN,,NaN,,NaN,64,60,NaN,1,4,2,1,2,1,1,1,1,1,1,1,1,1,1,1,1,1,1,2,1,1,684010.768,4220158.802,-6.135,Cob,2891,0,0,1,18,7
3197,2,2006030002687,1,8,5,1,6,2,1,CV-836,3,3,0,0,1,5,2,2,3,3,2,1,1,1,1,1,7,7,5,1,3,1,9,14,3,1,1,NaN,2,NaN,NaN,,NaN,,NaN,,66,NaN,60,NaN,1,4,2,1,1,2,1,1,1,1,1,1,1,1,1,1,1,1,1,2,1,1,670656.109,4255927.661,584.653,Cob,1928,0,0,0,23,1
3198,2,2006030002688,1,8,6,6,7,3,1,CV-809,1.7,1,7,0,1,5,2,2,3,3,2,1,1,2,1,1,7,7,8,1,3,1,9,14,1,1,1,NaN,2,NaN,NaN,,21,24,NaN,,NaN,NaN,NaN,NaN,1,4,1,1,1,1,1,1,1,1,1,1,1,1,1,2,1,1,1,2,1,1,683029.568,4280970.042,479.203,Cob,3410,0,0,0,22,5
3201,2,2006030002692,1,8,24,3,4,1,1,CV-920,13.5,13,5,0,1,5,2,2,3,3,2,1,1,1,1,1,7,7,8,1,1,1,9,14,1,1,1,NaN,2,NaN,NaN,,NaN,,NaN,,NaN,51,50,NaN,1,4,1,1,1,1,1,2,1,1,1,1,1,1,1,1,1,1,1,2,1,1,696988.643,4217240.708,-8.085,Cob,7061,1,1,2,7,5
3211,2,2006030002707,1,8,24,5,4,1,3,CV-734,6.3,6,3,0,1,5,3,2,3,3,2,1,1,2,2,2,7,7,5,1,1,1,2,14,1,1,3,NaN,2,1,NaN,,NaN,,NaN,,NaN,NaN,NaN,NaN,2,4,1,1,1,1,1,1,2,1,1,1,1,1,1,1,1,1,1,2,1,1,772982.266,4296745.831,10.15,Sec,12709,1,4,7,16,5
3212,2,2006030002708,1,8,24,5,4,1,1,CV-840,5.3,5,3,0,1,5,3,2,3,3,2,1,1,1,1,1,7,7,8,1,1,1,9,14,3,1,1,NaN,1,NaN,NaN,,NaN,,NaN,,66,NaN,60,NaN,1,4,1,1,1,1,2,1,1,1,1,1,1,1,1,1,1,1,1,2,1,1,689535.279,4249304.858,339.328,Cob,4939,0,0,1,16,2
3213,2,2006030002719,1,8,19,1,6,2,1,CV-790,6.5,6,5,0,1,5,2,2,2,2,2,1,2,1,1,1,7,7,5,1,5,1,1,14,3,1,2,1,2,NaN,NaN,,NaN,,NaN,,NaN,63,60,NaN,1,4,1,1,1,1,1,2,2,1,1,1,1,1,1,1,1,1,1,2,1,1,723615.816,4291054.213,392.02,Cob,2789,0,0,1,2,2
3217,2,2006030002723,1,8,23,6,3,1,2,CV-700,10,10,0,0,1,5,1,3,3,1,2,1,2,2,2,2,7,7,7,1,1,1,8,2,1,1,3,NaN,2,1,NaN,,NaN,,NaN,,NaN,NaN,NaN,NaN,1,4,1,1,1,1,1,1,2,1,1,1,1,1,1,1,1,1,1,2,2,1,717048.453,4297022.27,537.353,Cob,1581,0,0,0,20,5
3218,2,2006030002724,1,8,24,6,4,1,1,CV-81,40.5,40,5,0,1,5,3,2,3,3,2,1,1,2,1,2,5,2,4,1,1,1,9,14,1,2,1,NaN,1,NaN,NaN,,NaN,,NaN,,NaN,62,60,NaN,1,4,2,1,2,1,1,1,1,1,1,1,1,1,1,1,1,1,1,2,1,1,686011.245,4280464.394,489.942,Cob,6411,0,1,0,18,6
3226,2,2006030002725,1,8,26,2,6,2,1,CV-836,1.4,1,4,0,1,5,3,2,3,3,2,1,2,2,1,1,7,7,8,1,2,1,9,14,1,1,3,NaN,2,NaN,NaN,,NaN,,NaN,,NaN,64,60,NaN,1,4,1,1,1,1,1,2,2,1,1,1,1,1,1,1,1,1,1,2,1,1,669573.571,4257000.885,602.76,Cob,1928,1,0,8,5,5
3230,2,2006030002731,1,8,11,6,5,1,2,CV-865,11.5,11,5,1,1,5,2,2,3,4,2,1,1,1,1,2,2,5,5,1,1,1,9,14,1,1,1,NaN,1,2,NaN,,NaN,,NaN,,NaN,NaN,NaN,NaN,1,4,1,1,1,1,1,1,2,1,1,1,1,1,1,1,1,1,1,2,1,1,703891.24,4237335.718,39.404,Sec,17115,0,0,1,20,6
3231,2,2006030002739,1,8,26,3,6,2,1,CV-700,17.8,17,8,0,1,5,2,3,3,1,2,1,1,1,1,1,7,7,8,1,1,1,9,14,3,1,1,NaN,2,NaN,NaN,,NaN,,NaN,,66,NaN,60,NaN,1,4,2,1,1,1,1,1,1,1,1,1,1,1,1,1,1,1,1,2,1,1,723978.066,4295944.462,353.117,Cob,2901,0,1,0,10,1
3232,2,2006030002755,1,8,28,4,1,4,1,CV-773,2.2,2,2,1,1,5,2,3,3,1,2,1,1,2,1,1,7,7,8,1,1,1,9,14,1,1,1,NaN,1,NaN,NaN,,NaN,,12,9,NaN,NaN,NaN,NaN,1,4,1,1,1,1,1,1,2,1,1,1,1,1,1,1,1,1,1,2,1,1,727653.481,4263663.105,311.553,Cob,3713,0,0,1,12,5
3236,2,2006030002757,1,8,26,6,6,2,2,CV-925,13.6,13,6,0,1,5,2,2,3,1,2,1,1,2,1,1,7,7,8,1,1,1,9,14,2,1,1,NaN,1,3,NaN,,NaN,,NaN,,NaN,NaN,NaN,NaN,1,4,1,1,1,1,1,1,2,1,1,1,1,1,1,1,1,1,1,2,2,1,687479.042,4207194.827,95.866,Cob,1256,0,1,0,19,1
3237,2,2006030002773,1,8,27,6,7,3,1,CV-913,0.9,0,9,0,1,5,3,2,3,3,2,1,1,1,1,1,7,7,5,1,5,1,9,14,3,1,3,NaN,2,NaN,NaN,,NaN,,12,9,NaN,NaN,NaN,NaN,1,4,2,1,1,1,1,1,1,1,1,1,1,1,1,1,1,1,1,2,1,1,687983.126,4222561.932,-12.116,Sec,7368,0,0,1,22,1
3239,2,2006030002784,1,8,28,4,1,4,2,CV-820,16.3,16,3,1,1,5,2,2,3,3,2,1,1,2,1,1,1,1,3,1,1,1,3,14,2,1,1,NaN,2,2,NaN,,NaN,,NaN,,NaN,NaN,NaN,NaN,1,4,1,1,1,1,1,2,1,1,2,1,1,1,1,1,1,1,1,2,1,1,709862.26,4255171.971,174.599,Pri,3146,0,0,1,12,6
3241,2,2006030002788,1,8,18,6,5,1,2,CV-940,11,11,0,0,1,5,2,2,3,1,2,1,1,1,1,1,7,7,8,1,5,1,9,14,3,1,1,NaN,1,2,NaN,,NaN,,NaN,,NaN,NaN,NaN,NaN,1,4,1,1,1,1,1,1,2,1,1,1,1,1,1,1,1,1,1,2,1,1,697882.498,4215568.637,-3.039,Cob,1620,0,0,4,21,1
3245,2,2006030002790,1,8,30,3,3,1,2,CV-905,3.9,3,9,1,1,5,2,2,3,3,2,1,2,2,1,1,5,6,4,1,1,1,9,14,1,1,1,NaN,1,NaN,NaN,,21,23,NaN,,NaN,NaN,NaN,NaN,2,4,1,1,1,1,1,1,2,1,1,1,1,1,1,1,1,1,1,2,1,1,702096.191,4210296.286,-16.369,Cob,28810,0,0,1,9,6
3248,2,2006030002792,1,8,30,6,3,1,3,CV-820,3.1,3,1,1,1,5,3,2,3,3,2,1,1,1,1,1,2,1,5,1,1,1,9,14,3,1,1,NaN,1,5,NaN,,NaN,,NaN,,NaN,NaN,NaN,NaN,1,4,2,1,1,1,1,1,1,1,1,1,1,1,1,1,1,1,1,2,1,1,698583.768,4252979.218,244.551,Cob,7354,0,0,3,18,6
3249,2,2006030002793,1,8,30,6,3,1,1,CV-755,15,15,0,0,1,5,2,3,3,3,2,1,1,1,1,1,7,7,5,1,1,1,9,14,1,1,1,NaN,2,NaN,NaN,,NaN,,NaN,,56,NaN,50,NaN,1,4,1,1,2,1,1,1,1,1,1,1,1,1,1,1,1,1,1,2,1,1,752298.921,4280462.6,113.427,Cob,2981,0,0,0,20,1
3253,2,2006030002817,1,9,1,3,5,1,2,CV-860,3,3,0,0,1,5,2,3,3,3,2,1,2,1,1,1,2,1,3,1,1,1,2,3,1,1,1,NaN,2,2,NaN,,NaN,,NaN,,NaN,NaN,NaN,NaN,1,4,1,1,1,1,1,1,2,1,1,1,1,1,1,1,1,1,1,2,1,1,701474.021,4223403.343,-15.322,Cob,3543,1,1,2,10,6
3256,2,2006030002820,1,8,31,6,4,1,3,CV-820,6.8,6,8,0,1,5,2,2,3,3,2,1,1,1,1,1,7,7,8,1,1,1,9,14,3,1,1,NaN,1,3,NaN,,NaN,,NaN,,NaN,NaN,NaN,NaN,1,4,1,2,1,1,1,1,1,1,1,1,1,1,1,1,1,2,1,2,1,1,707650.658,4255893.82,232.4,Cob,7354,0,0,1,19,1
3258,2,2006030002823,1,8,4,6,5,1,2,CV-825,1.3,1,3,1,1,5,3,2,3,3,2,1,1,1,1,2,7,7,8,1,1,1,9,14,3,1,1,NaN,2,4,NaN,,NaN,,NaN,,NaN,NaN,NaN,NaN,1,4,2,1,2,1,1,1,1,1,1,1,1,1,1,1,1,1,1,2,1,1,701144.769,4253555.9,243.511,Sec,5779,0,0,0,18,1
3259,2,2006030002824,1,8,15,1,2,1,1,CV-80,7,7,0,0,1,5,3,2,3,4,2,2,2,1,1,2,7,7,8,1,4,1,9,14,3,1,1,NaN,2,NaN,NaN,,21,24,NaN,,NaN,NaN,NaN,NaN,1,4,1,1,1,1,1,1,2,1,1,1,1,1,1,2,1,2,1,2,1,1,694597.462,4273465.437,653.032,Sec,7766,0,0,0,0,1
3260,2,2006030002828,1,9,1,6,5,1,1,CV-763,4.2,4,2,1,1,5,2,2,3,3,2,1,2,2,2,2,7,7,8,8,1,1,9,4,1,1,1,NaN,2,NaN,NaN,,NaN,,NaN,,56,NaN,50,NaN,1,4,1,1,1,1,1,1,1,1,1,1,1,1,1,1,1,2,1,2,1,1,753202.525,4273326.445,29.688,Cob,16489,0,0,2,19,4
3261,2,2006030002829,1,9,3,6,7,3,1,CV-820,5.5,5,5,1,1,5,3,2,3,3,2,1,2,2,2,2,7,7,8,1,1,1,9,14,1,1,1,NaN,2,NaN,NaN,,NaN,,NaN,,NaN,53,50,NaN,1,4,1,1,1,1,1,2,2,1,1,1,1,1,1,1,1,1,1,2,1,1,700418.875,4254319.253,275.702,Cob,7354,0,0,2,17,5
3263,2,2006030002830,1,9,1,1,5,1,1,CV-835,5.3,5,3,0,1,5,2,3,3,1,2,1,1,1,1,1,7,7,8,1,5,1,9,14,3,1,1,NaN,2,NaN,NaN,,NaN,,NaN,,66,NaN,60,NaN,1,4,2,1,1,1,1,1,1,1,1,1,1,1,1,1,1,1,1,2,1,1,691101.387,4253436.416,341.199,Sec,4143,0,0,3,23,1
3265,2,2006030002832,1,8,27,5,7,3,2,CV-820,1,1,0,1,1,5,3,2,3,3,2,1,1,1,1,1,1,1,3,1,1,1,9,8,1,1,3,NaN,2,2,NaN,,NaN,,NaN,,NaN,NaN,NaN,NaN,1,4,1,1,1,1,1,2,2,1,1,1,1,1,1,1,1,1,1,2,1,1,696873.459,4251911.747,210.565,Cob,7354,0,0,1,16,6
3267,2,2006030002842,1,9,3,6,7,3,2,CV-949,3,3,0,0,1,5,2,3,3,3,2,1,1,2,1,1,7,7,8,1,1,1,2,14,1,1,1,NaN,2,2,NaN,,NaN,,NaN,,NaN,NaN,NaN,NaN,1,4,1,1,1,1,1,1,2,1,1,1,1,1,1,1,1,2,1,2,1,1,683267.796,4209067.963,104.624,Cob,887,0,0,1,19,5
3269,2,2006030002847,1,9,3,5,7,3,2,CV-895,1.3,1,3,0,1,5,2,2,3,3,2,1,1,1,1,1,1,1,8,1,1,1,9,14,3,1,3,NaN,1,2,NaN,,NaN,,NaN,,NaN,NaN,NaN,NaN,1,4,1,1,1,1,1,1,2,1,1,1,1,1,1,1,1,1,1,2,1,1,701006.464,4213844.621,-13.671,Cob,8153,0,0,1,15,7
3270,2,2006030002849,1,9,4,5,1,1,1,CV-820,15.6,15,6,0,1,5,2,2,3,3,2,1,1,2,2,1,7,7,8,1,1,1,9,14,3,1,1,NaN,1,NaN,NaN,,NaN,,NaN,,68,NaN,60,NaN,1,4,2,1,1,1,1,2,1,1,1,1,1,1,1,1,1,1,1,2,1,2,700143.543,4254275.315,277.493,Pri,3146,0,1,0,16,2
3271,2,2006030002861,1,9,5,5,2,1,1,CV-775,5.5,5,5,1,1,5,2,3,3,3,2,1,2,2,2,2,7,7,8,1,1,1,9,14,1,1,1,NaN,1,NaN,NaN,,NaN,,NaN,,68,NaN,60,NaN,1,4,1,1,1,1,1,2,1,1,1,1,1,1,1,1,1,1,1,2,2,2,735210.032,4275044.376,424.23,Cob,2050,0,1,0,16,2
3273,2,2006030002864,1,8,30,3,3,1,2,CV-700,54.3,54,3,1,1,5,2,2,3,3,2,1,2,1,1,1,7,7,8,1,1,1,9,14,3,1,3,NaN,2,1,NaN,,NaN,,NaN,,NaN,NaN,NaN,NaN,1,4,1,1,1,2,1,1,2,1,1,1,1,1,1,1,1,1,1,2,1,1,720465.179,4296747.162,450.224,Pri,3126,0,0,1,8,2
3274,2,2006030002883,1,9,6,5,3,1,1,CV-80,9.4,9,4,1,1,5,3,2,3,4,2,2,2,2,2,2,7,7,8,1,1,1,9,14,2,1,1,NaN,2,NaN,NaN,,NaN,,12,9,NaN,NaN,NaN,NaN,1,4,1,1,1,1,1,1,1,1,1,1,1,1,2,1,1,1,1,2,1,1,697884.988,4274825.604,699.464,Cob,6293,0,1,0,16,1
3278,2,2006030002887,1,9,6,4,3,1,4,CV-920,0.1,0,1,1,1,5,2,3,3,3,2,1,1,2,1,1,7,7,8,1,1,1,9,14,1,1,1,NaN,2,5,NaN,,NaN,,NaN,,NaN,NaN,NaN,NaN,1,4,2,1,1,1,1,1,1,1,1,1,1,1,1,1,1,1,1,2,1,1,704971.934,4219739.386,-24.749,Pri,7134,0,0,1,14,1