Id,Ano,Numero_Accidente,Provincia,Mes,Dia,Hora,Dia_Semana,Tipo_Dia,Vehiculos_Implicados,Carretera,Pk,Km,Hm,Sentido,Zona,Tipo_Via,Anchura_Calzada,Anchura_Carril,Marcas_Viales,Arcen,Arcen_Pavimentado,Mediana,Barrera_Seguridad,Paneles_Direccionales,Hitos_Arista,Captafaros,Interseccion_Tipo,Interseccion_Acondicionamiento,Prioridad_Regulada_por,Superficie,Luminosidad,Factores_Atmosfericos,Visibilidad_Restringida_por,Otras_Circunstancias,Senalizacion_Peligro,Aceras,Arboles,Arboles_Metros_Calzada,Visibilidad_Senalizacion_Vertical,Colision_Vehiculos_Marcha,Colision_Vehiculo_Obstaculo_1,Colision_Vehiculo_Obstaculo_2,Atropello_1,Atropello_2,Vuelco_1,Vuelco_2,Salida_Sin_Colision,Salida_Con_Colision,Lado_Salida,Otro,Circulacion,Circulacion_Medidas_Especiales,Distraccion,Inexperiencia_Conductor,Alcohol_Drogas,Cansancio_Sueno,Enfermedad,Velocidad_Inadecuada,Infraccion_Norma_Circulacion,Estado_Condicion_Via,Estado_Condicion_Senalizacion,Tramo_Obras,Mal_Estado_Vehiculo,Averia_Mecanica,Meteorologia_Adversa,Irrupcion_Animal,Circular_Sentido_Contrario,Otro_Factor,Sin_Opinion_Definida,Pendiente,Curvatura,Peralte,GPS_x,GPS_y,GPS_z,Tipo_Est,IMD,N_Muertos,N_Graves,N_Leves,Hora_Real,Fuera_o_Interseccion
3281,2,2006030002898,1,9,7,6,4,1,2,CV-915,5,5,0,0,1,5,2,2,3,1,2,1,1,1,1,1,7,7,3,1,1,1,9,14,1,2,3,NaN,2,2,NaN,,NaN,,NaN,,NaN,NaN,NaN,NaN,1,4,1,1,1,1,1,1,2,1,1,1,1,1,1,1,1,1,1,2,2,1,676490.215,4214217.389,3.589,Sec,9705,0,0,1,19,1
3285,2,2006030002907,1,8,28,6,1,1,2,CV-905,4.9,4,9,0,1,5,2,3,3,3,2,1,1,1,1,1,5,1,5,1,1,1,9,14,3,1,3,NaN,1,2,NaN,,NaN,,NaN,,NaN,NaN,NaN,NaN,1,4,1,1,1,1,1,1,2,1,1,1,1,1,1,1,1,1,1,2,1,1,700561.381,4212153.74,-16.403,Cob,33942,0,0,0,18,7
3291,2,2006030002910,1,9,8,6,5,1,5,CV-900,12,12,0,0,1,5,2,2,3,3,2,1,2,2,1,1,5,6,4,1,2,1,9,14,1,1,3,NaN,2,4,NaN,,NaN,,NaN,,NaN,NaN,NaN,NaN,1,4,2,1,1,1,1,1,2,1,1,1,1,1,1,1,1,1,1,2,2,1,685587.016,4225176.586,-12.92,Cob,7869,0,0,4,20,6
3292,2,2006030002913,1,9,6,4,3,1,1,CV-734,5,5,0,0,1,5,3,2,3,3,2,1,1,1,2,2,7,7,8,1,1,1,9,14,3,1,1,NaN,2,NaN,NaN,,NaN,,NaN,,NaN,51,50,NaN,1,4,1,1,1,1,2,1,1,1,1,1,1,1,1,1,1,1,1,2,1,1,771693.874,4296703.625,22.14,Sec,12709,0,0,1,13,1
3294,2,2006030002927,1,9,4,6,1,1,2,CV-95,26,26,0,0,1,5,2,3,3,3,2,1,1,1,1,1,7,7,8,1,1,1,9,14,3,1,3,NaN,1,2,NaN,,NaN,,NaN,,NaN,NaN,NaN,NaN,1,4,2,1,1,1,1,1,2,1,1,1,1,1,1,1,1,1,1,2,1,1,700356.33,4204352.1,-5.576,Cob,24197,0,0,0,20,1
3297,2,2006030002937,1,9,9,2,6,2,2,CV-865,6,6,0,0,1,5,2,2,3,3,2,1,1,1,1,2,7,7,8,1,5,1,9,14,3,1,1,NaN,1,4,NaN,,NaN,,NaN,,NaN,NaN,NaN,NaN,1,4,2,1,2,1,1,1,1,1,1,1,1,1,1,1,1,1,1,2,1,1,708167.017,4234581.155,2.549,Cob,14700,0,0,2,6,1
3299,2,2006030002939,1,9,10,1,7,3,2,CV-700,54.8,54,8,0,1,5,1,3,3,3,2,1,2,1,1,1,7,7,8,1,5,1,9,14,3,1,1,NaN,2,2,NaN,,NaN,,NaN,,NaN,NaN,NaN,NaN,1,4,1,1,1,1,1,1,2,1,1,1,1,1,1,1,1,1,1,2,1,1,748318.381,4304020.502,54.397,Pri,3126,0,1,0,1,1
3300,2,2006030002947,1,9,10,4,7,3,1,CV-800,20.8,20,8,0,1,5,3,2,3,4,2,1,2,2,2,2,7,7,5,1,1,1,9,14,1,1,1,NaN,1,NaN,NaN,,NaN,,NaN,,56,NaN,50,NaN,1,4,1,1,1,1,1,2,1,1,1,1,1,1,1,1,1,1,1,2,2,3,716898.554,4270820.611,508.061,Cob,1978,0,1,0,12,4
3302,2,2006030002954,1,9,10,4,7,3,2,CV-715,23.6,23,6,1,1,5,2,2,3,1,2,1,1,1,2,1,1,1,3,1,1,1,9,14,1,1,1,NaN,2,2,NaN,,NaN,,NaN,,NaN,NaN,NaN,NaN,1,4,1,1,1,1,1,1,2,1,1,1,1,1,1,1,1,1,1,2,1,1,755894.707,4290523.386,590.658,Cob,2697,0,0,1,12,6
3306,2,2006030002967,1,9,4,3,1,1,3,CV-91,14.5,14,5,1,1,5,1,2,4,1,2,1,1,2,1,1,5,1,4,1,1,1,9,14,1,2,3,NaN,2,4,NaN,,NaN,,NaN,,NaN,NaN,NaN,NaN,1,4,2,1,1,1,1,1,1,1,1,1,1,1,1,1,1,1,1,2,1,1,691582.138,4218110.819,-18.548,Pri,14231,0,0,0,10,6
3308,2,2006030002971,1,9,1,1,5,1,2,CV-905,1.1,1,1,0,1,2,3,2,3,4,2,2,1,2,1,1,5,1,4,1,3,1,9,14,1,1,3,NaN,2,2,NaN,,NaN,,NaN,,NaN,NaN,NaN,NaN,1,4,1,1,1,1,1,1,2,1,1,1,1,1,1,1,1,1,1,2,1,1,699010.463,4215470.992,14.883,Pri,26121,0,0,0,23,6
3310,2,2006030002989,1,9,17,4,7,3,2,CV-820,1.9,1,9,1,1,5,3,2,3,3,2,1,1,1,1,1,2,1,3,1,1,1,9,8,1,1,3,NaN,2,1,NaN,,NaN,,NaN,,NaN,NaN,NaN,NaN,1,4,1,1,1,1,1,1,2,1,1,2,1,1,1,1,1,1,1,2,1,1,697545.081,4252474.166,222.01,Cob,7354,0,0,2,13,6
3311,2,2006030002995,1,9,15,4,5,1,1,CV-725,5,5,0,1,1,5,2,2,3,3,2,1,1,1,1,1,7,7,8,1,1,1,9,14,3,1,1,NaN,2,NaN,NaN,,NaN,,NaN,,NaN,54,50,NaN,1,4,2,1,1,1,1,1,1,1,1,1,1,1,1,1,1,1,1,2,1,1,764244.918,4302677.919,7.84,Cob,29027,0,0,0,14,2
3312,2,2006030002997,1,9,15,6,5,1,1,CV-700,41.3,41,3,0,1,5,1,3,3,1,2,1,2,1,1,1,7,7,8,1,5,1,9,14,3,1,1,NaN,2,NaN,NaN,,NaN,,NaN,,67,NaN,60,NaN,1,4,2,1,2,1,1,1,1,1,1,1,1,1,1,1,1,1,1,2,1,2,739086.82,4300605.378,356.437,Cob,458,0,0,1,21,1
3313,2,2006030002999,1,9,15,6,5,1,1,CV-914,1,1,0,1,1,5,2,3,3,1,2,1,1,1,1,1,7,7,8,1,1,1,9,14,2,1,1,NaN,1,NaN,NaN,,NaN,,NaN,,66,NaN,60,NaN,1,4,2,1,1,1,1,1,1,1,1,1,1,1,1,1,1,1,1,2,1,1,692974.963,4219680.773,-17.737,Cob,5105,0,1,0,19,1
3316,2,2006030003004,1,9,5,6,2,1,2,CV-700,26.6,26,6,1,1,5,2,2,3,3,2,1,1,1,1,1,5,3,4,1,1,1,9,14,3,1,1,NaN,2,1,NaN,,NaN,,NaN,,NaN,NaN,NaN,NaN,1,4,1,1,1,2,1,1,1,1,1,1,1,1,1,1,1,1,1,2,1,1,739373.199,4300661.252,341.633,Cob,458,0,0,0,17,6
3319,2,2006030003012,1,9,19,6,2,1,3,CV-905,5.2,5,2,1,1,5,3,2,3,3,2,2,1,1,1,1,7,7,8,1,1,1,9,14,1,1,1,NaN,2,3,NaN,,NaN,,NaN,,NaN,NaN,NaN,NaN,1,4,1,1,1,1,1,1,2,1,1,1,1,1,1,1,1,2,1,2,1,1,701206.191,4211187.841,-7.982,Cob,33942,0,0,2,19,1
3320,2,2006030003013,1,9,19,4,2,1,1,CV-935,1,1,0,0,1,5,3,2,3,1,2,1,1,2,1,1,5,1,4,8,1,1,9,14,1,1,1,NaN,2,NaN,NaN,,NaN,,12,9,NaN,NaN,NaN,NaN,1,4,1,1,1,1,1,1,2,2,1,1,1,1,1,1,1,2,1,2,1,1,693511.936,4219824.632,-17.922,Cob,5706,0,0,1,14,6
3321,2,2006030003019,1,9,18,4,1,4,1,CV-91,13,13,0,1,1,5,3,2,3,4,2,1,1,1,2,2,7,7,8,1,1,1,9,14,3,1,1,NaN,2,NaN,NaN,,NaN,,NaN,,67,NaN,60,NaN,1,4,1,1,1,1,1,1,1,1,1,1,1,1,1,1,1,1,2,2,1,1,692925.357,4218753.033,-19.331,Pri,14231,0,0,0,11,2
3322,2,2006030003020,1,9,19,2,2,1,1,CV-734,1.5,1,5,0,1,5,2,3,3,3,2,1,2,2,1,1,5,6,4,1,4,1,9,14,1,1,1,NaN,2,NaN,NaN,,NaN,,NaN,,66,NaN,60,NaN,1,4,1,1,1,1,1,2,1,1,1,1,1,1,1,1,1,1,1,2,1,1,768373.472,4297514.386,53.99,Sec,12709,0,0,1,6,6
3324,2,2006030003023,1,9,21,3,4,1,2,CV-91,14,14,0,0,3,6,1,3,1,1,2,1,1,1,1,1,1,1,8,1,1,1,3,4,2,1,2,0,2,2,NaN,,NaN,,NaN,,NaN,NaN,NaN,NaN,1,4,1,1,1,1,1,1,2,1,1,1,1,1,1,1,1,1,1,2,1,1,694455.558,4218849.17,-15.458,Pri,14231,0,1,1,10,7
3326,2,2006030003026,1,9,19,6,2,1,2,CV-940,1,1,0,0,1,5,2,2,3,3,2,1,1,1,1,1,7,7,8,1,4,1,9,14,3,1,1,NaN,2,4,NaN,,NaN,,NaN,,NaN,NaN,NaN,NaN,1,4,1,1,1,1,1,2,2,1,1,1,1,1,1,1,1,1,1,2,1,1,694686.617,4206908.464,23.269,Cob,4765,1,0,0,22,1
3328,2,2006030003030,1,9,6,5,3,1,2,CV-840,7,7,0,0,1,5,2,2,3,3,2,1,1,1,1,1,1,1,3,1,1,1,9,14,1,1,1,NaN,1,2,NaN,,NaN,,NaN,,NaN,NaN,NaN,NaN,1,4,2,1,1,1,1,1,1,1,1,1,1,1,1,1,1,1,1,2,1,1,687874.658,4248799.094,364.333,Cob,4939,0,0,1,15,6
3330,2,2006030003031,1,9,13,6,3,1,2,CV-734,5,5,0,1,1,5,2,2,3,3,2,1,1,2,2,2,1,1,8,1,1,1,9,14,2,1,1,NaN,1,2,NaN,,NaN,,NaN,,NaN,NaN,NaN,NaN,1,4,1,1,1,1,1,1,2,1,1,1,1,1,1,1,1,1,1,2,1,1,769275.233,4297247.85,37.029,Sec,12709,0,0,1,17,7
3332,2,2006030003033,1,9,22,6,5,1,2,CV-915,5.3,5,3,1,1,5,2,2,3,1,2,1,1,1,1,1,1,1,8,1,3,1,9,14,1,2,1,NaN,2,4,NaN,,NaN,,NaN,,NaN,NaN,NaN,NaN,1,4,1,1,1,1,1,1,2,1,1,1,1,1,1,1,1,2,1,2,1,1,679257.748,4216958.708,1.141,Sec,9705,0,0,1,20,7
3334,2,2006030003043,1,9,25,3,1,4,2,CV-763,0.8,0,8,0,1,5,2,2,3,2,2,1,1,1,1,1,3,1,3,1,1,1,9,14,1,2,1,NaN,2,2,NaN,,NaN,,NaN,,NaN,NaN,NaN,NaN,1,4,1,1,1,1,1,1,2,1,1,1,1,1,1,1,1,1,1,2,1,2,753232.468,4273317.554,28.687,Cob,16489,0,0,1,10,7
3335,2,2006030003056,1,9,18,1,1,4,1,CV-724,6.5,6,5,1,1,5,2,2,3,3,2,1,1,1,1,1,7,7,8,1,4,1,9,14,1,1,3,NaN,2,NaN,NaN,,NaN,,NaN,,57,NaN,50,NaN,1,4,1,1,2,1,1,2,1,1,1,1,1,1,1,1,1,1,1,2,1,1,763588.947,4300070.678,15.346,Cob,4674,0,0,0,4,2
3336,2,2006030003065,1,9,24,2,7,3,1,CV-700,57.5,57,5,1,1,5,2,2,3,3,2,1,1,1,1,1,5,6,4,1,3,1,9,14,3,2,1,NaN,2,NaN,NaN,,NaN,,NaN,,NaN,52,50,NaN,1,4,2,1,2,1,1,1,1,1,1,1,1,1,1,1,1,1,1,2,2,2,717657.87,4297051.335,520.827,Cob,6384,0,0,1,6,6
3337,2,2006030003069,1,9,10,1,7,3,1,CV-700,18.1,18,1,0,1,5,3,2,3,3,2,1,2,2,1,1,7,7,8,1,4,1,9,14,1,1,1,NaN,2,NaN,NaN,,NaN,,NaN,,NaN,53,50,NaN,1,4,1,1,1,1,1,2,2,1,1,1,1,1,1,1,1,1,1,2,1,1,724176.287,4295953.733,351.369,Cob,2901,0,0,1,1,4
3339,2,2006030003073,1,9,25,4,1,4,2,CV-91,18.8,18,8,0,1,5,2,2,3,4,2,1,2,1,2,2,7,7,5,1,1,1,9,14,3,1,3,NaN,2,2,NaN,,NaN,,NaN,,NaN,NaN,NaN,NaN,1,4,1,1,1,1,1,1,2,1,1,1,1,1,1,1,1,1,1,2,1,1,699057.677,4219283.611,-19.484,Cob,9272,0,0,2,13,1
3340,2,2006030003074,1,9,10,4,7,3,1,CV-827,6,6,0,0,1,5,2,3,3,3,2,1,1,1,1,1,7,7,8,1,1,1,9,14,3,1,1,NaN,2,NaN,NaN,,NaN,,NaN,,67,NaN,60,NaN,1,4,1,1,1,1,1,2,1,1,1,1,1,1,1,1,1,1,1,2,1,1,705785.689,4261339.139,485.03,Cob,372,0,0,1,12,1
3342,2,2006030003083,1,9,24,6,7,3,1,CV-805,6.7,6,7,1,1,5,3,2,3,3,2,1,1,1,1,1,7,7,8,1,5,1,9,14,2,1,3,NaN,1,NaN,NaN,,NaN,,NaN,,66,NaN,60,NaN,1,4,2,2,1,1,1,1,1,1,1,1,1,1,1,1,1,1,1,2,1,1,708325.738,4271367.212,532.063,Cob,2529,0,0,3,20,1
3344,2,2006030003086,1,9,28,3,4,1,2,CV-700,63.5,63,5,0,1,5,3,2,3,3,2,1,1,1,2,2,7,7,8,1,1,1,9,14,3,1,1,NaN,2,4,NaN,,NaN,,NaN,,NaN,NaN,NaN,NaN,1,4,2,1,1,1,1,1,1,1,1,1,1,1,1,1,1,1,1,2,1,1,756069.505,4304771.059,-14.349,Cob,6384,0,0,1,7,2
3346,2,2006030003088,1,9,11,4,1,1,2,CV-821,6.5,6,5,1,1,5,3,2,3,4,2,1,1,1,1,2,7,7,8,1,1,1,9,14,3,1,1,NaN,2,4,NaN,,NaN,,NaN,,NaN,NaN,NaN,NaN,1,4,2,1,1,1,1,1,2,1,1,1,1,1,1,1,1,1,1,2,1,1,718981.221,4252577.732,65.13,Cob,13189,0,0,0,13,1
3349,2,2006030003094,1,9,24,1,7,3,1,CV-911,1,1,0,0,1,5,2,2,3,3,2,1,1,1,1,1,5,2,4,1,5,1,9,14,1,1,1,NaN,2,NaN,NaN,,NaN,,NaN,,NaN,53,50,NaN,1,4,2,1,2,1,1,2,2,1,1,1,1,1,1,1,1,1,1,2,1,1,687448.375,4219804.389,-10.797,Sec,8351,0,0,0,2,6
3350,2,2006030003097,1,9,16,4,6,2,1,CV-806,4.5,4,5,0,1,5,3,2,3,3,2,1,1,1,1,2,1,1,8,1,1,1,9,14,1,1,1,NaN,1,NaN,NaN,,NaN,,NaN,,66,NaN,60,NaN,1,4,2,1,1,1,1,1,1,1,1,1,1,1,1,1,1,1,1,2,1,1,707203.378,4276404.152,675.45,Cob,5274,0,0,1,11,6
3352,2,2006030003103,1,9,23,6,6,3,2,CV-912,2.3,2,3,0,1,5,2,2,4,3,2,1,1,2,1,1,1,1,8,1,1,1,3,14,1,1,1,NaN,2,1,NaN,,NaN,,NaN,,NaN,NaN,NaN,NaN,1,4,1,1,1,1,1,1,1,1,1,1,1,1,1,1,1,1,1,2,1,1,689760.638,4220874.766,-15.452,Cob,2648,0,1,0,17,7
3353,2,2006030003104,1,9,23,1,6,2,1,CV-821,4.5,4,5,0,1,5,2,2,3,3,2,2,1,1,2,2,5,2,4,1,3,1,9,14,3,2,1,NaN,2,NaN,NaN,,NaN,,NaN,,67,NaN,60,NaN,1,4,2,1,2,1,1,1,1,1,1,1,1,1,1,1,1,1,1,2,1,1,720111.512,4253340.597,49.367,Sec,28963,0,0,0,1,6
3359,2,2006030003109,1,9,29,5,5,1,2,CV-945,1.5,1,5,0,1,5,2,2,3,3,2,1,1,2,1,1,1,1,5,1,1,1,9,8,1,1,3,NaN,2,NaN,NaN,,NaN,,NaN,,NaN,NaN,NaN,71,1,4,2,1,1,1,1,1,1,1,1,1,1,1,1,1,1,1,1,2,1,1,699364.398,4211714.433,-23.258,Sec,12333,0,0,0,16,7
3361,2,2006030003115,1,9,30,4,6,2,2,CV-835,13,13,0,0,1,5,3,2,3,3,2,1,1,1,2,2,7,7,8,1,1,1,9,14,3,1,1,NaN,2,NaN,NaN,,NaN,,NaN,,NaN,NaN,NaN,71,1,4,2,1,1,1,1,1,2,1,1,1,1,1,1,1,1,1,1,2,2,2,691056.279,4257980.703,325.341,Cob,9028,0,0,1,12,1
3363,2,2006030003119,1,9,25,5,1,4,2,CV-700,0.6,0,6,1,1,5,2,3,3,1,2,1,1,2,1,1,7,7,5,1,1,1,9,14,1,1,1,NaN,1,2,NaN,,NaN,,NaN,,NaN,NaN,NaN,NaN,1,4,1,1,1,1,1,2,1,1,1,1,1,1,1,1,1,1,1,2,1,1,760071.243,4305012.562,-6.327,Cob,1581,0,1,1,16,4
3364,2,2006030003120,1,9,30,3,6,2,1,CV-800,24,24,0,1,1,5,2,3,3,4,2,1,1,2,2,1,7,7,5,1,1,1,9,14,1,1,1,NaN,1,NaN,NaN,,NaN,,NaN,,NaN,64,60,NaN,1,4,1,1,1,1,1,2,1,1,1,1,1,1,1,1,1,1,1,2,1,1,719410.684,4265336.119,271.295,Cob,1978,0,1,0,10,5
3365,2,2006030003125,1,9,20,6,3,1,1,CV-845,15,15,0,0,1,5,3,2,3,3,2,1,1,1,1,2,1,1,8,1,1,1,9,14,1,1,1,NaN,1,NaN,NaN,,21,21,NaN,,NaN,NaN,NaN,NaN,1,4,2,1,1,1,1,1,2,1,1,1,1,1,1,1,1,2,1,2,1,2,681822.562,4238668.921,391.623,Cob,4891,0,0,1,20,6
3366,2,2006030003129,1,9,23,4,6,2,1,CV-773,13,13,0,0,1,5,3,2,3,3,2,1,1,1,1,2,7,7,8,3,1,4,9,14,2,1,1,NaN,2,NaN,NaN,,NaN,,NaN,,68,NaN,60,NaN,1,4,1,1,1,1,1,2,2,2,1,1,1,1,2,1,1,2,1,2,2,2,728474.761,4263680.764,276.762,Cob,363,0,0,0,11,4
3367,2,2006030003133,1,9,24,3,7,3,1,CV-700,12.4,12,4,0,1,5,3,2,3,3,2,1,1,2,1,2,7,7,8,1,1,1,9,14,1,1,1,NaN,2,NaN,NaN,,NaN,,NaN,,NaN,63,60,NaN,1,4,1,1,1,1,1,2,2,1,1,1,1,1,1,1,1,1,1,2,2,1,719070.007,4297103.042,482.322,Cob,1581,0,0,1,10,4
3371,2,2006030003135,1,10,1,6,7,3,2,CV-911,1.3,1,3,1,1,5,3,1,3,1,2,1,1,1,1,1,5,2,4,1,1,1,9,14,1,1,3,NaN,2,2,NaN,,NaN,,NaN,,NaN,NaN,NaN,NaN,1,4,1,1,1,1,1,1,2,1,1,1,1,1,1,1,1,1,1,2,1,1,688038.41,4219260.594,-10.541,Cob,8360,0,0,1,18,6
3373,2,2006030003136,1,9,27,4,3,1,2,CV-800,2.5,2,5,0,1,5,3,2,3,3,2,1,1,1,1,2,1,1,3,1,1,1,9,14,1,1,1,NaN,1,4,NaN,,NaN,,NaN,,NaN,NaN,NaN,NaN,2,4,2,1,1,1,1,1,1,1,1,1,1,1,1,1,1,1,1,2,2,2,717791.345,4272883.407,665.485,Cob,16856,0,0,1,13,6
3375,2,2006030003140,1,10,1,6,7,3,2,CV-815,4.9,4,9,0,1,5,2,3,3,3,2,1,2,1,2,2,7,7,8,1,1,1,9,14,3,1,3,NaN,2,1,NaN,,NaN,,NaN,,NaN,NaN,NaN,NaN,1,4,2,1,1,2,1,1,1,1,1,1,1,1,1,1,1,1,1,2,1,1,703815.82,4273627.537,642.186,Cob,4101,0,0,3,18,1
3376,2,2006030003148,1,9,30,4,6,2,1,CV-800,15,15,0,1,1,5,3,2,3,4,2,1,1,1,1,2,7,7,8,1,1,1,9,14,1,1,1,NaN,2,NaN,NaN,,NaN,,NaN,,57,NaN,50,NaN,1,4,2,1,1,1,1,1,1,1,1,1,1,1,1,1,1,1,1,2,1,1,717412.73,4271887.992,566.283,Cob,3510,0,0,1,13,5
3378,2,2006030003155,1,9,30,6,6,2,2,CV-95,14,14,0,0,1,5,3,2,3,3,2,1,1,1,2,2,7,7,8,1,5,1,9,14,2,1,1,NaN,2,4,NaN,,NaN,,NaN,,NaN,NaN,NaN,NaN,2,4,1,1,1,1,1,1,2,1,1,1,1,1,1,1,1,1,1,2,1,1,691100.502,4210064.92,53.267,Pri,9661,0,0,1,22,1
3379,2,2006030003156,1,9,30,6,6,2,1,CV-905,4.7,4,7,0,1,5,3,2,3,3,2,2,1,1,2,2,7,7,8,1,1,1,9,14,3,1,1,NaN,2,NaN,NaN,,NaN,,12,9,NaN,NaN,NaN,NaN,1,4,1,1,1,1,1,1,1,1,1,1,1,2,1,1,1,1,1,2,1,1,700489.86,4212339.012,-18.086,Cob,28810,0,0,2,17,1
3381,2,2006030003158,1,10,2,6,1,1,2,CV-855,16.8,16,8,0,1,5,2,2,3,4,2,1,1,2,1,1,5,3,4,1,1,1,9,14,3,1,1,NaN,2,2,NaN,,NaN,,NaN,,NaN,NaN,NaN,NaN,1,4,1,1,1,1,1,1,2,1,1,1,1,1,1,1,1,1,1,2,1,1,695968.63,4223676.346,-18.329,Cob,4528,0,0,1,19,6
3385,2,2006030003163,1,9,12,3,2,1,2,CV-83,15,15,0,0,1,5,3,2,3,3,2,1,1,1,1,1,7,7,8,1,1,1,9,14,3,1,1,NaN,2,4,NaN,,NaN,,NaN,,NaN,NaN,NaN,NaN,1,4,1,1,1,1,1,1,2,1,1,1,1,1,1,1,1,1,1,2,1,1,680278.246,4255347.516,484.905,Cob,6039,0,0,0,9,1
3387,2,2006030003165,1,10,4,3,3,1,2,CV-700,47.8,47,8,0,1,5,2,3,3,1,2,1,1,1,1,1,7,7,5,1,1,1,9,14,2,1,1,NaN,1,1,NaN,,NaN,,NaN,,NaN,NaN,NaN,NaN,1,4,2,1,1,1,1,1,1,1,1,1,1,1,1,1,1,1,1,2,1,1,743545.083,4302295.184,214.431,Cob,458,0,0,0,8,3
3395,2,2006030003196,1,10,6,6,5,1,2,CV-95,4.5,4,5,1,1,5,2,2,3,3,2,1,1,2,1,1,2,1,2,1,3,1,9,14,3,1,1,NaN,1,1,NaN,,NaN,,NaN,,NaN,NaN,NaN,NaN,1,4,1,2,1,1,1,2,1,1,1,1,1,1,1,1,1,1,1,2,1,2,697859.257,4205261.103,1.2,Cob,13448,0,0,5,22,7
3396,2,2006030003200,1,10,7,6,6,2,1,CV-70,25.6,25,6,0,1,5,2,3,3,1,2,1,2,2,1,1,7,7,5,1,1,1,9,14,1,1,1,NaN,2,NaN,NaN,,NaN,,NaN,,NaN,53,50,NaN,1,4,2,1,1,1,1,2,1,1,1,1,1,1,1,1,1,1,1,2,2,1,739678.194,4285757.72,632.915,Sec,675,0,1,0,17,5
3401,2,2006030003205,1,10,6,3,5,1,2,CV-925,28,28,0,0,1,5,2,2,3,1,2,1,1,1,1,1,1,1,8,1,1,1,9,14,3,1,1,NaN,2,2,NaN,,NaN,,NaN,,NaN,NaN,NaN,NaN,1,4,1,1,1,1,1,1,2,1,1,1,1,1,1,1,1,1,1,2,1,1,690051.512,4196468.845,96.712,Sec,5210,0,5,1,10,6
3403,2,2006030003213,1,10,6,5,5,1,2,CV-821,3.5,3,5,1,1,5,3,2,3,4,2,1,1,1,1,2,5,1,4,1,1,1,9,14,1,1,1,NaN,2,3,NaN,,NaN,,NaN,,NaN,NaN,NaN,NaN,1,4,2,1,1,1,1,1,2,1,1,1,1,1,1,1,1,1,1,2,1,1,721374.884,4254255.378,39.161,Sec,28963,0,0,1,16,6
3405,2,2006030003215,1,10,6,3,5,1,2,CV-86,1,1,0,0,1,5,3,2,3,4,2,2,2,1,1,2,1,1,8,1,1,1,9,14,1,1,1,NaN,2,3,NaN,,NaN,,NaN,,NaN,NaN,NaN,NaN,1,4,2,1,1,1,1,1,1,1,1,1,1,1,1,1,1,1,1,2,1,1,710968.719,4242269.238,63.858,Cob,0,0,0,1,10,6
3407,2,2006030003218,1,9,10,4,7,3,1,CV-905,3.9,3,9,0,1,5,3,2,3,4,2,1,2,1,1,2,5,1,4,1,1,1,2,14,1,1,1,NaN,2,NaN,NaN,,NaN,,NaN,,NaN,61,60,NaN,1,4,2,1,2,1,1,1,1,1,1,1,1,1,1,1,1,1,1,2,1,1,700205.597,4213072.338,-18.23,Cob,28810,0,0,0,13,6
3409,2,2006030003231,1,10,10,3,2,1,2,CV-95,10.3,10,3,0,1,5,3,3,3,3,2,1,1,2,2,2,7,7,8,1,1,1,2,14,1,1,1,NaN,1,NaN,NaN,,NaN,,NaN,,66,NaN,60,NaN,1,4,1,1,1,1,1,1,2,1,1,1,1,1,1,1,1,1,1,2,1,1,688395.835,4212399.053,57.182,Cob,10522,0,0,1,10,5
3412,2,2006030003246,1,10,12,6,4,3,3,CV-70,47.5,47,5,0,1,5,2,2,3,2,2,2,1,1,1,1,7,7,8,1,1,1,9,14,2,2,3,NaN,2,NaN,NaN,,NaN,,NaN,,NaN,NaN,NaN,71,1,4,1,1,1,1,1,1,2,1,1,1,1,1,1,1,1,1,1,2,1,1,750127.948,4273685.735,149.775,Per,28000,0,2,0,17,1
3414,2,2006030003259,1,10,14,4,6,2,2,CV-736,5.4,5,4,1,1,5,2,3,3,1,2,1,2,1,1,1,7,7,5,1,1,1,9,14,2,1,1,NaN,1,2,NaN,,NaN,,NaN,,NaN,NaN,NaN,NaN,1,4,1,1,1,1,1,1,2,1,1,1,1,1,1,1,1,1,1,2,1,2,773137.672,4301520.685,44.306,Cob,4807,0,0,0,12,2
3416,2,2006030003263,1,10,8,4,7,3,2,CV-81,35,35,0,0,1,5,3,2,3,4,2,1,1,1,1,1,7,7,5,1,1,1,9,14,3,1,1,NaN,2,NaN,30,29,NaN,,NaN,,NaN,NaN,NaN,NaN,1,4,2,1,2,1,1,1,1,1,1,1,1,1,1,1,1,1,1,2,1,1,690500.43,4283347.85,523.193,Cob,6411,0,0,0,14,1
3418,2,2006030003266,1,10,15,5,7,3,1,CV-914,1.3,1,3,1,1,5,2,3,3,1,2,1,1,1,1,1,7,7,8,1,1,1,9,14,3,1,1,NaN,1,NaN,NaN,,NaN,,NaN,,NaN,51,50,NaN,1,4,2,1,1,1,1,1,1,1,1,1,1,1,1,1,1,1,1,2,1,1,692766.247,4219468.138,-17.697,Cob,5105,0,0,0,16,1
3420,2,2006030003267,1,10,7,3,6,1,2,CV-912,6.2,6,2,0,1,5,2,2,3,3,2,1,1,1,1,1,2,1,3,1,1,1,9,14,1,1,3,NaN,2,2,NaN,,NaN,,NaN,,NaN,NaN,NaN,NaN,1,4,2,1,1,1,1,1,2,1,1,1,1,1,1,1,1,1,1,2,1,2,692980.855,4221845.069,-22.716,Cob,2648,0,1,0,9,7