Id,Ano,Numero_Accidente,Provincia,Mes,Dia,Hora,Dia_Semana,Tipo_Dia,Vehiculos_Implicados,Carretera,Pk,Km,Hm,Sentido,Zona,Tipo_Via,Anchura_Calzada,Anchura_Carril,Marcas_Viales,Arcen,Arcen_Pavimentado,Mediana,Barrera_Seguridad,Paneles_Direccionales,Hitos_Arista,Captafaros,Interseccion_Tipo,Interseccion_Acondicionamiento,Prioridad_Regulada_por,Superficie,Luminosidad,Factores_Atmosfericos,Visibilidad_Restringida_por,Otras_Circunstancias,Senalizacion_Peligro,Aceras,Arboles,Arboles_Metros_Calzada,Visibilidad_Senalizacion_Vertical,Colision_Vehiculos_Marcha,Colision_Vehiculo_Obstaculo_1,Colision_Vehiculo_Obstaculo_2,Atropello_1,Atropello_2,Vuelco_1,Vuelco_2,Salida_Sin_Colision,Salida_Con_Colision,Lado_Salida,Otro,Circulacion,Circulacion_Medidas_Especiales,Distraccion,Inexperiencia_Conductor,Alcohol_Drogas,Cansancio_Sueno,Enfermedad,Velocidad_Inadecuada,Infraccion_Norma_Circulacion,Estado_Condicion_Via,Estado_Condicion_Senalizacion,Tramo_Obras,Mal_Estado_Vehiculo,Averia_Mecanica,Meteorologia_Adversa,Irrupcion_Animal,Circular_Sentido_Contrario,Otro_Factor,Sin_Opinion_Definida,Pendiente,Curvatura,Peralte,GPS_x,GPS_y,GPS_z,Tipo_Est,IMD,N_Muertos,N_Graves,N_Leves,Hora_Real,Fuera_o_Interseccion
3422,2,2006030003270,1,10,15,4,7,3,2,CV-941,1,1,0,1,1,5,2,3,3,1,2,1,1,1,1,1,7,7,8,1,1,1,9,14,2,1,3,NaN,1,3,NaN,,NaN,,NaN,,NaN,NaN,NaN,NaN,1,4,2,1,1,1,1,1,1,1,1,1,1,1,1,1,1,1,1,2,1,1,694268.586,4205498.733,74.307,Sec,4131,0,1,1,11,1
3424,2,2006030003276,1,10,13,1,5,4,2,CV-95,4.5,4,5,0,1,5,3,2,3,4,2,1,1,1,1,1,1,1,2,1,3,1,9,14,1,2,1,NaN,2,2,NaN,,NaN,,NaN,,NaN,NaN,NaN,NaN,1,4,1,1,1,1,1,1,2,1,1,1,1,1,1,1,1,1,1,2,1,1,684232.145,4215249.318,12.28,Cob,13448,0,0,0,0,7
3426,2,2006030003277,1,10,5,5,4,1,2,CV-925,31.1,31,1,0,1,5,2,3,3,1,2,1,1,1,1,1,1,1,8,1,1,1,9,14,3,1,1,NaN,2,4,NaN,,NaN,,NaN,,NaN,NaN,NaN,NaN,1,4,1,1,1,1,1,1,2,1,1,1,1,1,1,1,1,1,1,2,1,1,692617.793,4194849.082,48.107,Sec,5210,0,0,1,15,6
3428,2,2006030003282,1,10,13,6,5,4,2,CV-915,5.7,5,7,1,1,5,3,2,3,1,2,1,1,1,1,1,5,3,4,1,1,1,9,13,1,2,1,NaN,2,2,NaN,,NaN,,NaN,,NaN,NaN,NaN,NaN,1,4,1,1,1,1,1,1,2,1,1,1,1,1,1,1,1,1,1,2,2,1,679593.862,4217175.337,0.889,Sec,9705,0,0,0,18,7
3430,2,2006030003289,1,10,15,6,7,3,2,CV-86,0,0,0,0,1,5,2,2,3,3,2,1,1,1,1,1,5,2,8,1,3,1,9,14,3,1,1,NaN,2,4,NaN,,NaN,,NaN,,NaN,NaN,NaN,NaN,1,4,1,1,1,1,1,1,2,1,1,1,1,1,1,1,1,1,1,2,2,1,711899.257,4241937.976,48.19,Cob,0,0,0,0,18,6
3431,2,2006030003305,1,10,20,6,5,1,1,CV-84,3,3,0,1,1,3,3,2,3,3,2,2,2,2,2,2,7,7,8,3,1,4,2,3,1,1,1,NaN,2,NaN,NaN,,NaN,,NaN,,NaN,53,50,NaN,1,4,1,1,1,1,1,2,1,1,1,1,1,1,1,1,1,1,1,2,1,2,696117.272,4244150.973,253.852,Sec,20182,0,0,1,17,3
3433,2,2006030003325,1,10,21,1,6,2,2,CV-821,3.5,3,5,1,1,5,2,3,3,3,2,2,2,1,2,1,5,6,4,1,4,1,2,14,1,2,2,5,2,4,NaN,,NaN,,NaN,,NaN,NaN,NaN,NaN,1,4,1,1,2,1,1,1,2,1,1,1,1,1,1,1,1,1,1,2,1,1,721374.884,4254255.378,39.161,Sec,28963,0,0,0,1,6
3435,2,2006030003330,1,10,24,6,2,1,2,CV-920,6.9,6,9,1,1,5,2,3,3,2,2,1,1,2,1,1,7,7,8,1,5,1,9,14,1,1,1,NaN,2,3,NaN,,NaN,,NaN,,NaN,NaN,NaN,NaN,1,4,2,1,1,1,1,1,1,1,1,1,1,1,1,1,1,1,1,2,1,2,699194.555,4219330.196,-20.743,Cob,4291,0,0,1,20,5
3439,2,2006030003348,1,10,26,3,4,1,2,CV-900,12.5,12,5,1,1,5,3,2,3,3,2,1,1,1,2,2,5,6,8,1,1,1,9,14,1,1,1,NaN,2,3,NaN,,NaN,,NaN,,NaN,NaN,NaN,NaN,1,4,1,1,1,1,1,1,2,1,1,1,1,1,1,1,1,1,1,2,1,2,682553.08,4219641.473,-3.755,Cob,5103,0,0,1,9,6
3449,2,2006030003356,1,10,21,6,6,2,2,CV-941,7.5,7,5,1,1,5,2,3,3,1,2,1,1,1,1,1,1,1,3,1,1,1,3,3,1,1,1,NaN,2,3,NaN,,NaN,,NaN,,NaN,NaN,NaN,NaN,1,4,1,1,1,1,1,1,2,1,1,1,1,1,1,1,1,1,1,2,1,1,694884.416,4199310.623,41.555,Sec,4131,0,0,5,17,6
3450,2,2006030003357,1,10,15,4,7,3,1,CV-945,4.8,4,8,0,1,5,3,3,3,3,2,1,1,1,1,1,1,4,3,1,1,1,9,14,1,1,3,NaN,2,NaN,NaN,,NaN,,NaN,,66,NaN,60,NaN,1,4,2,2,1,1,1,2,1,1,1,1,1,1,1,1,1,1,1,2,1,1,696154.985,4211271.798,0.558,Cob,5700,0,0,0,11,6
3454,2,2006030003365,1,10,24,6,2,1,2,CV-905,7.8,7,8,0,1,3,3,2,3,3,2,1,2,2,2,2,4,3,7,1,1,1,8,14,3,2,1,NaN,1,3,NaN,,NaN,,NaN,,NaN,NaN,NaN,NaN,1,4,1,1,1,1,1,1,2,1,1,1,1,1,1,1,1,1,1,2,1,1,702289.483,4209930.37,-18.172,Cob,33942,0,0,0,18,6
3456,2,2006030003370,1,10,29,5,7,3,2,CV-715,25.6,25,6,0,1,5,1,3,1,1,2,1,2,2,1,1,7,7,7,1,1,1,9,14,1,1,1,NaN,2,2,NaN,,NaN,,NaN,,NaN,NaN,NaN,NaN,1,4,1,1,2,1,1,1,2,1,1,1,1,1,1,1,1,1,1,2,2,2,754044.998,4289480.884,513.066,Cob,245,0,0,0,16,5
3459,2,2006030003374,1,10,28,4,6,2,3,CV-915,3.6,3,6,1,1,5,2,2,3,1,2,1,1,1,1,1,7,7,8,1,1,1,9,14,1,1,1,NaN,2,1,NaN,,NaN,,NaN,,NaN,NaN,NaN,NaN,1,4,2,1,1,1,1,1,2,1,1,1,1,1,1,1,1,1,1,2,1,1,677994.47,4215974.584,1.401,Sec,9705,0,0,2,14,1
3461,2,2006030003381,1,10,27,3,5,1,2,CV-91,15,15,0,0,1,5,3,1,3,3,2,1,1,2,2,2,5,6,5,1,1,1,9,14,1,1,3,NaN,2,2,NaN,,NaN,,NaN,,NaN,NaN,NaN,NaN,1,4,1,1,1,1,1,1,2,1,1,1,1,1,1,1,1,1,1,2,1,1,695386.935,4219107.869,-17.886,Cob,9692,0,0,0,10,6
3463,2,2006030003384,1,10,27,3,5,1,2,CV-84,2,2,0,0,1,5,3,2,3,4,2,2,1,1,1,1,7,7,8,1,5,1,9,14,2,1,3,NaN,2,4,NaN,,NaN,,NaN,,NaN,NaN,NaN,NaN,1,4,2,1,1,1,1,1,2,1,1,1,1,1,1,1,1,1,1,2,1,1,697683.807,4241885.391,165.181,Sec,20182,0,0,1,8,4
3464,2,2006030003388,1,10,21,6,6,2,1,CV-80,0.6,0,6,0,1,2,3,2,3,4,2,2,2,1,1,1,7,7,8,1,5,1,9,14,3,1,1,NaN,2,NaN,NaN,,21,24,NaN,,NaN,NaN,NaN,NaN,1,4,1,1,1,1,1,1,1,1,1,1,1,1,1,2,1,1,1,2,1,2,689907.772,4269699.109,473.066,Cob,3799,0,0,0,20,2
3466,2,2006030003391,1,10,31,3,2,1,2,CV-913,4.2,4,2,0,1,5,2,2,3,3,2,1,1,2,1,1,7,7,8,1,1,1,9,14,1,1,3,NaN,2,1,NaN,,NaN,,NaN,,NaN,NaN,NaN,NaN,1,4,1,1,1,1,1,1,2,1,1,1,1,1,1,1,1,1,1,2,3,1,690417.419,4224631.661,-17.003,Sec,7368,0,2,0,7,5
3471,2,2006030003412,1,10,26,4,4,1,2,CV-86,6,6,0,0,1,5,2,2,3,3,2,1,1,1,1,2,2,1,3,1,1,1,9,14,2,1,3,NaN,2,2,NaN,,NaN,,NaN,,NaN,NaN,NaN,NaN,1,4,1,1,1,1,1,1,2,1,1,1,1,1,1,1,1,1,1,2,1,1,706404.249,4241041.792,81.599,Sec,8987,0,0,2,13,6
3472,2,2006030003413,1,10,14,3,6,2,1,CV-905,2.4,2,4,0,1,5,3,2,3,3,2,2,1,1,1,1,7,7,8,1,1,1,9,14,1,1,1,NaN,2,NaN,NaN,,NaN,,NaN,,NaN,61,60,NaN,1,4,2,1,2,1,1,1,2,1,1,1,1,1,1,1,1,1,1,2,1,1,699673.844,4214446.35,6.594,Pri,26121,0,0,1,9,1
3474,2,2006030003415,1,10,31,6,2,2,2,CV-905,1.3,1,3,1,1,3,2,3,3,3,2,2,2,2,2,2,7,7,8,1,1,1,9,14,1,1,3,NaN,2,1,NaN,,NaN,,NaN,,NaN,NaN,NaN,NaN,1,4,1,1,2,1,1,1,2,1,1,1,1,1,1,1,1,1,1,2,1,1,702977.698,4207914.027,-16.99,Pri,26121,0,0,0,17,2
3476,2,2006030003417,1,11,2,1,4,1,1,CV-724,3.1,3,1,0,1,5,1,3,3,3,2,1,2,1,1,1,7,7,5,1,5,1,9,14,1,1,1,NaN,2,NaN,NaN,,NaN,,NaN,,NaN,64,60,NaN,1,4,2,1,1,1,1,1,1,1,1,1,1,1,1,1,1,1,1,2,1,1,764316.861,4301435.986,3.449,Sec,6492,0,0,0,1,2
3478,2,2006030003419,1,10,31,3,2,2,2,CV-790,1.9,1,9,1,1,5,1,3,3,1,2,1,2,1,1,1,7,7,8,1,1,1,9,14,3,1,3,NaN,2,4,NaN,,NaN,,NaN,,NaN,NaN,NaN,NaN,1,4,2,1,1,1,1,1,1,1,1,1,1,1,1,1,1,1,1,2,1,1,724001.883,4290572.367,414.492,Cob,1676,0,0,0,9,1
3479,2,2006030003427,1,11,1,2,3,3,1,CV-945,5.7,5,7,0,1,5,3,2,2,3,2,2,2,2,2,2,5,6,8,1,5,1,9,14,1,1,1,NaN,2,NaN,NaN,,NaN,,NaN,,NaN,64,60,NaN,1,4,2,1,2,1,1,1,1,1,1,1,1,1,1,1,1,1,1,2,1,1,695328.283,4210957.402,2.719,Cob,5700,0,0,0,5,6
3481,2,2006030003428,1,10,28,6,6,2,2,CV-905,7.8,7,8,1,1,5,2,2,3,3,2,2,2,2,1,1,5,6,4,1,3,1,9,14,1,1,3,NaN,2,2,NaN,,NaN,,NaN,,NaN,NaN,NaN,NaN,1,4,1,1,1,1,1,1,2,1,1,1,1,1,1,1,1,1,1,2,1,1,700068.874,4213451.304,-7.976,Cob,33942,0,0,0,20,6
3482,2,2006030003430,1,11,3,1,5,1,1,CV-870,10.6,10,6,0,1,5,2,2,3,3,2,1,1,1,1,1,7,7,8,3,4,5,4,10,2,1,1,NaN,2,NaN,30,32,NaN,,NaN,,NaN,NaN,NaN,NaN,1,4,1,1,1,1,1,1,1,2,1,1,1,1,2,1,1,1,1,2,1,1,676649.959,4228482.63,101.014,Cob,6822,0,0,0,2,1
3484,2,2006030003434,1,11,3,3,5,1,2,CV-70,44,44,0,0,1,5,2,2,3,3,2,2,1,1,2,2,7,7,8,1,1,1,9,8,1,1,1,NaN,1,4,NaN,,NaN,,NaN,,NaN,NaN,NaN,NaN,1,4,1,1,1,1,1,1,2,1,1,1,1,1,1,1,1,1,1,2,1,1,750044.113,4276814.099,220.564,Cob,25485,0,0,0,9,1
3486,2,2006030003441,1,10,31,6,2,1,2,CV-91,4.3,4,3,0,1,5,2,2,3,3,2,1,1,1,1,1,7,7,8,1,5,1,9,14,3,1,1,NaN,1,2,NaN,,NaN,,NaN,,NaN,NaN,NaN,NaN,1,4,1,1,2,1,1,1,1,1,1,1,1,1,1,1,1,1,1,2,1,1,685177.372,4218185.184,-12.145,Sec,13069,0,1,0,18,1
3488,2,2006030003444,1,11,1,3,3,3,2,CV-70,34.7,34,7,0,1,5,2,3,3,4,2,1,2,1,1,2,7,7,5,1,1,1,9,14,1,1,3,NaN,2,3,NaN,,NaN,,NaN,,NaN,NaN,NaN,NaN,1,4,2,1,1,1,1,1,1,1,1,1,1,1,1,1,1,1,1,2,1,1,744916.573,4282580.799,638.853,Cob,2167,0,1,0,9,2
3492,2,2006030003445,1,11,3,4,5,1,4,CV-91,18.8,18,8,1,1,5,2,2,3,3,2,1,2,1,2,2,4,6,5,3,1,5,4,14,1,1,3,NaN,2,5,NaN,,NaN,,NaN,,NaN,NaN,NaN,NaN,1,4,2,1,1,1,1,2,2,2,1,1,1,2,2,1,1,1,1,2,1,1,687308.201,4218128.029,-18.653,Cob,9272,0,0,2,14,6
3496,2,2006030003457,1,11,6,5,1,4,2,CV-905,4.9,4,9,0,1,5,3,2,3,3,2,2,1,2,1,1,5,6,4,1,1,1,9,14,1,1,1,NaN,2,2,NaN,,NaN,,NaN,,NaN,NaN,NaN,NaN,1,4,1,1,1,1,1,1,2,1,1,1,1,1,1,1,1,1,1,2,1,1,700561.381,4212153.74,-16.403,Cob,33942,0,0,1,15,6
3497,2,2006030003461,1,11,7,1,2,1,1,CV-734,6.5,6,5,0,1,5,2,3,3,3,2,1,1,1,1,1,7,7,8,3,5,4,1,14,1,1,1,NaN,2,NaN,NaN,,NaN,,NaN,,NaN,52,50,NaN,1,4,2,1,1,1,1,2,1,1,1,1,1,1,1,1,1,1,1,2,1,1,773178.232,4296745.368,7.486,Sec,12709,0,0,0,4,2
3498,2,2006030003465,1,11,1,6,3,3,1,CV-805,5,5,0,0,1,5,3,2,3,3,2,1,1,1,1,1,7,7,5,1,2,1,9,14,2,1,1,NaN,2,NaN,NaN,,NaN,,NaN,,NaN,63,60,NaN,1,4,2,2,2,1,1,2,2,1,1,1,1,1,1,1,1,1,1,2,1,1,708596.898,4273556.626,588.106,Cob,2529,0,0,2,19,1
3502,2,2006030003479,1,11,1,3,3,3,3,CV-70,9.1,9,1,1,1,5,2,2,3,3,2,1,1,1,1,1,7,7,8,1,1,1,9,14,3,1,1,NaN,2,3,NaN,,NaN,,NaN,,NaN,NaN,NaN,NaN,1,4,1,1,1,1,1,1,2,1,1,1,1,1,1,1,1,1,1,2,1,1,748855.299,4279071.604,244.282,Cob,2560,0,0,0,8,1
3503,2,2006030003482,1,11,1,4,3,3,1,CV-70,17.8,17,8,1,1,5,3,2,3,1,2,1,1,1,1,1,7,7,8,8,1,1,9,14,3,1,1,NaN,2,NaN,NaN,,NaN,,NaN,,66,NaN,60,NaN,1,4,1,1,1,1,1,1,1,2,1,1,1,1,1,1,1,1,1,2,1,2,743562.514,4283771.119,604.271,Sec,675,0,0,0,14,5
3505,2,2006030003490,1,11,9,4,4,1,2,CV-86,4,4,0,0,1,5,3,2,3,4,2,2,1,2,1,2,5,1,4,1,1,1,9,14,1,1,1,NaN,2,2,NaN,,NaN,,NaN,,NaN,NaN,NaN,NaN,2,4,2,1,1,1,1,1,2,1,1,1,1,1,1,1,1,1,1,2,1,2,708193.332,4241784.133,75.982,Cob,0,0,0,1,11,6
3508,2,2006030003497,1,11,9,6,4,1,2,CV-912,5.8,5,8,0,1,5,2,3,3,1,2,1,1,1,1,1,1,1,3,1,5,1,9,14,1,1,1,NaN,2,2,NaN,,NaN,,NaN,,NaN,NaN,NaN,NaN,1,4,2,1,1,1,1,1,2,1,1,1,1,1,1,1,1,1,1,2,2,2,692668.567,4222080.527,-22.552,Cob,2648,0,0,1,20,6
3510,2,2006030003513,1,11,10,3,5,1,1,CV-91,7.8,7,8,0,1,6,3,1,1,1,2,1,1,1,1,1,7,7,8,1,1,1,9,14,2,1,3,NaN,2,NaN,NaN,,21,20,NaN,,NaN,NaN,NaN,NaN,1,4,2,1,1,1,1,1,1,1,1,1,1,1,1,1,1,1,1,2,1,1,688572.692,4218167.148,-15.099,Sec,13069,0,0,2,9,1
3511,2,2006030003515,1,11,11,2,6,2,1,CV-70,43.7,43,7,1,1,5,3,2,3,3,2,2,1,1,1,1,7,7,8,1,3,1,9,14,3,1,1,NaN,1,NaN,NaN,,NaN,,NaN,,NaN,64,60,NaN,1,4,2,1,1,2,1,1,1,1,1,1,1,1,1,1,1,1,1,2,1,1,725806.432,4286905.053,556.208,Cob,25485,0,0,1,5,2
3512,2,2006030003516,1,11,11,4,6,2,1,CV-91,22,22,0,0,1,5,3,2,3,3,2,1,1,1,2,1,7,7,8,1,1,1,9,14,2,1,1,NaN,2,NaN,NaN,,NaN,,NaN,,NaN,54,50,NaN,1,4,2,1,1,1,1,1,1,1,1,1,1,1,1,1,1,1,1,2,1,1,701945.969,4219245.82,-23.645,Cob,9272,2,0,0,12,1
3515,2,2006030003519,1,11,11,3,6,2,1,CV-70,13.6,13,6,0,1,5,1,3,3,1,2,1,2,2,1,1,7,7,5,1,1,1,9,14,1,1,1,NaN,1,NaN,NaN,,NaN,,12,9,NaN,NaN,NaN,NaN,1,4,1,1,1,1,1,2,1,1,1,1,1,1,1,1,1,1,1,2,2,2,731970.706,4285706.064,710.315,Sec,675,0,1,0,10,4
3517,2,2006030003520,1,11,10,4,5,1,2,CV-913,1.6,1,6,1,1,5,2,3,3,3,2,1,1,1,1,1,1,1,8,1,1,1,9,14,1,2,1,NaN,2,2,NaN,,NaN,,NaN,,NaN,NaN,NaN,NaN,1,4,1,1,1,1,1,2,1,1,1,1,1,1,1,1,1,1,1,2,1,1,691597.145,4225297.311,-21.663,Sec,7368,0,1,1,12,7
3519,2,2006030003525,1,11,11,2,6,2,2,CV-95,22.5,22,5,0,1,5,3,2,3,3,2,1,1,1,2,2,1,4,8,1,1,1,9,14,1,1,3,NaN,2,4,NaN,,NaN,,NaN,,NaN,NaN,NaN,NaN,1,4,1,1,1,1,1,2,1,1,1,1,1,1,1,1,1,1,1,2,1,2,697337.194,4205481.32,19.761,Cob,8145,0,0,0,6,6
3520,2,2006030003526,1,11,7,6,2,1,1,CV-945,6.9,6,9,1,1,5,2,3,3,3,2,1,1,1,1,1,7,7,8,3,5,4,9,9,1,1,1,NaN,2,NaN,NaN,,NaN,,NaN,,56,NaN,50,NaN,1,4,1,1,1,1,1,1,1,1,1,1,1,1,2,1,1,1,1,2,1,1,697229.424,4211421.563,-6.331,Cob,5146,0,0,1,22,1
3521,2,2006030003527,1,11,8,1,3,1,1,CV-81,40.5,40,5,1,1,5,3,2,3,3,2,1,1,2,1,1,5,2,4,1,3,1,9,14,1,1,1,NaN,2,NaN,NaN,,NaN,,NaN,,NaN,63,60,NaN,1,4,2,1,2,2,1,2,2,1,1,1,1,1,1,1,1,1,1,2,1,1,706307.615,4292268.151,625.287,Cob,6411,0,0,0,23,6
3522,2,2006030003528,1,11,12,4,7,3,1,CV-800,8,8,0,0,1,5,3,2,3,4,2,1,1,1,2,1,7,7,8,1,5,1,9,14,3,1,3,NaN,2,NaN,NaN,,NaN,,NaN,,NaN,61,60,NaN,1,4,2,1,1,1,1,1,1,1,1,1,1,1,1,1,1,1,1,2,1,1,718459.459,4274862.084,935.052,Sec,6211,1,0,0,13,1
3524,2,2006030003531,1,11,12,1,7,3,1,CV-870,0.4,0,4,0,1,5,3,2,4,3,2,1,1,1,1,1,7,7,8,1,5,1,9,14,1,1,3,NaN,2,NaN,NaN,,NaN,,NaN,,NaN,53,50,NaN,1,4,2,1,1,1,1,1,1,1,1,1,1,1,1,1,1,1,1,2,1,1,681128.235,4220480.754,6.285,Cob,16632,1,2,0,23,5
3528,2,2006030003532,1,11,10,6,5,1,2,CV-80,9.3,9,3,0,1,2,3,2,3,4,2,2,2,2,2,2,7,7,8,1,4,1,9,14,2,1,1,NaN,2,4,NaN,,NaN,,NaN,,NaN,NaN,NaN,NaN,1,4,2,1,1,1,1,2,2,1,1,1,1,1,1,1,1,1,1,2,1,2,696718.161,4274270.46,700.826,Cob,6293,0,3,0,18,2
3535,2,2006030003541,1,11,13,3,1,4,3,CV-905,4.9,4,9,0,1,5,3,2,3,3,2,1,1,1,1,1,7,7,8,1,1,1,9,14,3,1,3,NaN,2,5,NaN,,NaN,,NaN,,NaN,NaN,NaN,NaN,1,4,1,1,2,1,1,1,1,1,1,1,1,1,1,1,1,1,1,2,1,1,700561.381,4212153.74,-16.403,Cob,33942,0,0,0,8,1
3536,2,2006030003544,1,11,3,6,5,1,1,CV-809,3.2,3,2,0,1,5,1,3,3,1,2,1,1,1,1,1,7,7,5,3,4,4,9,14,3,1,3,NaN,2,NaN,NaN,,21,24,NaN,,NaN,NaN,NaN,NaN,1,4,1,1,1,1,1,1,1,1,1,1,1,1,1,2,1,1,1,2,1,1,681765.886,4281706.224,473.637,Cob,3410,0,0,0,20,1
3544,2,2006030003546,1,11,3,3,5,1,2,CV-820,14.5,14,5,0,1,5,3,2,4,3,2,1,1,1,2,2,4,1,4,3,1,4,9,14,2,1,3,NaN,2,2,NaN,,NaN,,NaN,,NaN,NaN,NaN,NaN,1,4,1,1,1,1,1,1,2,1,1,1,1,1,1,1,1,1,1,2,2,3,701125.264,4254683.099,277.57,Pri,3146,0,0,0,9,6
3545,2,2006030003550,1,11,4,4,6,2,1,CV-773,1.7,1,7,0,1,5,3,3,3,3,2,1,1,1,1,1,7,7,8,3,1,4,9,14,3,1,1,NaN,1,NaN,NaN,,NaN,,NaN,,NaN,53,50,NaN,1,4,1,1,1,1,2,1,1,1,1,1,1,1,1,1,1,1,1,2,1,1,722876.916,4258070.972,81.863,Cob,3713,0,0,1,11,1
3547,2,2006030003553,1,11,4,4,6,2,1,CV-706,1.8,1,8,1,1,5,1,3,3,1,2,1,1,1,1,1,7,7,8,3,1,4,9,14,2,1,3,NaN,2,NaN,NaN,,NaN,,NaN,,56,NaN,50,NaN,1,4,1,1,1,1,1,2,1,1,1,1,1,1,2,1,1,1,1,2,1,1,725940.636,4289886.623,462.85,Cob,877,0,0,0,11,2
3552,2,2006030003566,1,11,15,4,3,1,2,CV-800,3.2,3,2,1,1,5,2,2,3,3,2,1,1,1,2,1,1,1,8,1,5,1,9,14,1,1,1,NaN,1,1,NaN,,NaN,,NaN,,NaN,NaN,NaN,NaN,1,4,2,1,1,2,1,2,2,1,1,1,1,1,1,1,1,1,1,2,1,2,719798.032,4278653.094,877.331,Cob,16856,0,0,1,13,6
3553,2,2006030003572,1,11,16,6,4,1,1,CV-736,5.2,5,2,1,1,5,2,2,3,2,2,1,1,1,1,1,7,7,5,1,5,1,2,14,3,1,1,NaN,2,NaN,NaN,,NaN,,NaN,,66,NaN,60,NaN,1,4,1,1,1,1,1,2,1,1,1,1,1,1,1,1,1,1,1,2,2,3,773292.67,4301442.858,51.798,Cob,4807,0,0,1,18,3
3554,2,2006030003573,1,11,16,3,4,1,1,CV-940,4,4,0,0,1,5,3,3,3,3,2,1,1,1,1,1,7,7,8,1,1,1,9,14,1,1,1,NaN,1,NaN,NaN,,NaN,,NaN,,66,NaN,60,NaN,1,4,2,1,1,1,1,2,1,1,1,1,1,1,1,1,1,1,1,2,1,1,695931.6,4209461.48,-2.982,Cob,6932,0,1,0,9,1
3559,2,2006030003578,1,11,16,3,4,1,2,CV-700,55.3,55,3,0,1,5,2,3,3,2,2,1,2,1,1,1,1,2,8,1,2,1,9,14,1,1,1,NaN,2,2,NaN,,NaN,,NaN,,NaN,NaN,NaN,NaN,1,4,2,1,1,1,1,1,2,1,1,1,1,1,1,1,1,1,1,2,1,1,748787.308,4304168.962,39.756,Pri,3126,0,0,1,9,6
3562,2,2006030003580,1,11,17,3,5,1,3,CV-900,3.8,3,8,1,1,5,2,2,3,3,2,1,1,1,1,1,7,7,8,1,1,4,9,14,3,1,3,NaN,2,5,NaN,,NaN,,NaN,,NaN,NaN,NaN,NaN,1,4,2,1,1,1,1,1,1,1,1,1,1,1,1,1,1,1,1,2,1,1,686034.257,4223779.585,-8.627,Cob,8641,0,0,0,9,1
3565,2,2006030003582,1,11,14,4,2,1,2,CV-95,17.6,17,6,1,1,5,3,2,3,3,1,1,2,1,2,2,1,1,8,1,1,1,9,14,3,1,1,NaN,1,4,NaN,,NaN,,NaN,,NaN,NaN,NaN,NaN,1,4,2,1,1,1,1,2,2,1,1,1,1,1,1,1,1,1,1,2,1,1,688283.389,4212679.349,51.844,Pri,9661,0,1,2,11,7
3569,2,2006030003584,1,11,18,2,6,2,2,CV-91,3,3,0,1,1,5,3,2,3,3,2,2,1,2,1,1,5,6,4,1,3,1,2,14,1,2,1,NaN,2,4,NaN,,NaN,,NaN,,NaN,NaN,NaN,NaN,1,4,2,1,2,2,1,1,2,1,1,1,1,1,1,1,1,2,1,2,1,1,702356.193,4219249.485,-25.984,Sec,13069,0,0,0,6,6
3570,2,2006030003585,1,11,18,4,6,2,1,CV-70,18.8,18,8,0,1,5,3,2,3,4,2,1,1,2,2,1,7,7,8,1,1,1,9,14,1,1,3,NaN,2,NaN,NaN,,NaN,,NaN,,66,NaN,60,NaN,1,4,2,1,1,1,1,2,1,1,1,1,1,1,1,1,1,1,1,2,1,3,735132.122,4286980.149,940.176,Sec,675,0,1,0,12,4
3572,2,2006030003587,1,11,15,6,3,1,2,CV-865,9.6,9,6,1,1,5,3,2,3,3,2,1,1,1,1,1,7,7,8,1,5,1,9,14,2,1,1,NaN,2,4,NaN,,NaN,,NaN,,NaN,NaN,NaN,NaN,1,4,2,1,2,1,1,1,1,1,1,1,1,1,1,1,1,1,1,2,1,1,705393.828,4236373.623,26.356,Sec,17115,0,0,1,19,1
3575,2,2006030003592,1,11,12,1,7,3,3,CV-905,0.6,0,6,0,1,5,3,2,3,3,2,2,1,1,1,2,7,7,8,1,3,1,9,14,3,1,1,NaN,2,4,NaN,,NaN,,NaN,,NaN,NaN,NaN,NaN,1,4,2,1,1,1,1,1,1,1,1,1,1,1,1,1,1,1,1,2,1,1,698526.557,4215392.074,2.236,Pri,26121,0,0,0,1,1
3577,2,2006030003593,1,11,19,1,7,3,2,CV-900,2.9,2,9,1,1,5,3,2,3,3,2,1,1,1,1,1,2,4,3,1,3,1,9,14,1,2,1,NaN,2,2,NaN,,NaN,,NaN,,NaN,NaN,NaN,NaN,1,4,1,1,1,1,1,2,2,1,1,1,1,1,1,1,1,1,1,2,1,1,685707.839,4224563.945,-7.007,Cob,8641,0,0,0,23,7
3583,2,2006030003606,1,11,20,4,1,3,2,CV-945,0.5,0,5,1,1,5,2,2,3,3,2,1,2,2,1,1,7,7,8,1,1,1,9,14,3,1,1,NaN,2,NaN,NaN,,NaN,,NaN,,NaN,NaN,NaN,71,1,4,1,1,1,1,1,1,2,1,1,1,1,1,1,1,1,1,1,2,1,1,691044.039,4210560.808,42.704,Sec,12333,0,0,1,11,2
3585,2,2006030003608,1,11,4,6,6,2,1,CV-710,7.2,7,2,1,1,5,2,3,2,4,2,1,1,1,1,1,7,7,8,1,1,9,9,14,2,1,3,NaN,1,NaN,30,32,NaN,,NaN,,NaN,NaN,NaN,NaN,1,4,1,1,1,1,1,1,1,1,1,1,1,1,1,1,1,2,1,2,2,3,728377.002,4292617.151,567.403,Cob,413,0,0,0,17,3