Id,Ano,Numero_Accidente,Provincia,Mes,Dia,Hora,Dia_Semana,Tipo_Dia,Vehiculos_Implicados,Carretera,Pk,Km,Hm,Sentido,Zona,Tipo_Via,Anchura_Calzada,Anchura_Carril,Marcas_Viales,Arcen,Arcen_Pavimentado,Mediana,Barrera_Seguridad,Paneles_Direccionales,Hitos_Arista,Captafaros,Interseccion_Tipo,Interseccion_Acondicionamiento,Prioridad_Regulada_por,Superficie,Luminosidad,Factores_Atmosfericos,Visibilidad_Restringida_por,Otras_Circunstancias,Senalizacion_Peligro,Aceras,Arboles,Arboles_Metros_Calzada,Visibilidad_Senalizacion_Vertical,Colision_Vehiculos_Marcha,Colision_Vehiculo_Obstaculo_1,Colision_Vehiculo_Obstaculo_2,Atropello_1,Atropello_2,Vuelco_1,Vuelco_2,Salida_Sin_Colision,Salida_Con_Colision,Lado_Salida,Otro,Circulacion,Circulacion_Medidas_Especiales,Distraccion,Inexperiencia_Conductor,Alcohol_Drogas,Cansancio_Sueno,Enfermedad,Velocidad_Inadecuada,Infraccion_Norma_Circulacion,Estado_Condicion_Via,Estado_Condicion_Senalizacion,Tramo_Obras,Mal_Estado_Vehiculo,Averia_Mecanica,Meteorologia_Adversa,Irrupcion_Animal,Circular_Sentido_Contrario,Otro_Factor,Sin_Opinion_Definida,Pendiente,Curvatura,Peralte,GPS_x,GPS_y,GPS_z,Tipo_Est,IMD,N_Muertos,N_Graves,N_Leves,Hora_Real,Fuera_o_Interseccion
3587,2,2006030003615,1,11,18,6,6,2,2,CV-821,4.5,4,5,0,1,5,2,2,3,3,2,2,1,1,2,2,7,7,8,1,3,1,9,14,3,2,1,NaN,2,4,NaN,,NaN,,NaN,,NaN,NaN,NaN,NaN,1,4,1,1,1,1,1,1,2,1,1,1,1,1,1,1,1,1,1,2,1,1,720111.512,4253340.597,49.367,Sec,28963,0,0,0,18,1
3593,2,2006030003626,1,11,19,4,7,3,2,CV-821,3,3,0,1,1,5,2,3,3,3,2,1,1,1,1,1,1,6,3,1,1,1,9,14,1,1,1,NaN,2,2,NaN,,NaN,,NaN,,NaN,NaN,NaN,NaN,1,4,1,1,1,1,1,1,2,1,1,1,1,1,1,1,1,1,1,2,1,1,721750.388,4254116.619,34.292,Sec,28963,0,0,0,11,6
3594,2,2006030003627,1,11,11,6,6,2,1,CV-925,27.5,27,5,0,1,5,3,2,3,3,2,1,2,2,1,1,5,6,4,1,3,1,9,14,1,1,3,NaN,2,NaN,NaN,,NaN,,NaN,,NaN,64,60,NaN,1,4,1,2,1,1,1,2,1,1,1,1,1,1,1,1,1,1,1,2,1,1,689670.014,4196781.323,109.264,Sec,5210,0,0,1,19,6
3595,2,2006030003629,1,11,17,6,5,1,1,CV-81,39.5,39,5,1,1,5,3,2,3,3,2,1,1,1,1,1,7,7,8,1,5,1,9,14,3,1,1,NaN,2,NaN,NaN,,21,24,NaN,,NaN,NaN,NaN,NaN,1,4,1,1,1,1,1,1,1,1,1,1,1,1,1,2,1,1,1,2,1,1,705524.842,4291655.006,641.869,Cob,6411,0,0,0,19,1
3598,2,2006030003631,1,11,18,6,6,2,2,CV-825,1.3,1,3,1,1,5,2,2,3,3,2,1,1,2,1,1,7,7,8,1,5,1,2,14,1,1,1,NaN,2,3,NaN,,NaN,,NaN,,NaN,NaN,NaN,NaN,1,4,1,1,1,1,1,2,1,1,1,1,1,1,1,1,1,1,1,2,1,1,701144.769,4253555.9,243.511,Sec,5779,0,0,1,20,2
3602,2,2006030003633,1,11,20,6,1,1,3,CV-91,10.5,10,5,0,1,5,3,2,3,3,2,1,2,1,2,2,7,7,8,1,5,1,7,14,3,1,3,NaN,2,5,NaN,,NaN,,NaN,,NaN,NaN,NaN,NaN,1,4,2,1,1,1,1,1,1,1,1,1,1,1,1,1,1,1,1,2,1,1,691181.436,4217988.649,-9.767,Pri,14231,0,0,5,21,1
3604,2,2006030003635,1,11,23,3,4,1,2,CV-905,9,9,0,0,1,5,3,2,3,1,2,2,1,1,1,2,5,3,4,1,1,1,9,14,1,1,1,NaN,2,2,NaN,,NaN,,NaN,,NaN,NaN,NaN,NaN,1,4,2,1,1,1,1,1,2,1,1,1,1,1,1,1,1,1,1,2,1,1,702732.153,4208745,-18.962,Cob,33942,0,1,0,9,7
3606,2,2006030003647,1,11,24,3,5,1,1,CV-720,48,48,0,1,1,5,2,3,3,2,2,1,1,1,1,1,7,7,5,1,1,1,9,14,1,1,1,NaN,2,NaN,NaN,,NaN,,NaN,,NaN,64,60,NaN,1,4,2,1,1,1,1,1,1,1,1,1,1,1,1,1,1,1,1,2,1,1,731693.238,4291101.599,604.24,Cob,2439,0,0,1,9,1
3607,2,2006030003648,1,11,24,4,5,1,1,CV-755,17.1,17,1,0,1,5,2,2,3,2,2,1,1,2,1,2,7,7,5,1,1,1,9,14,1,1,1,NaN,2,NaN,NaN,,NaN,,NaN,,NaN,62,60,NaN,1,4,2,1,1,1,1,1,1,1,1,1,1,1,1,1,1,1,1,2,1,1,754274.002,4280002.238,41.841,Cob,2981,0,0,1,11,5
3609,2,2006030003649,1,11,24,6,5,1,2,CV-95,3,3,0,0,1,5,3,2,3,3,2,1,1,1,2,2,7,7,8,1,5,1,9,14,2,1,3,NaN,1,2,NaN,,NaN,,NaN,,NaN,NaN,NaN,NaN,1,4,1,1,1,1,1,1,2,1,1,1,1,1,1,1,1,1,1,2,1,1,682884.795,4215687.963,8.116,Cob,13448,0,0,1,18,1
3610,2,2006030003659,1,11,25,5,6,2,1,CV-950,3.5,3,5,0,1,5,2,3,3,3,2,1,2,2,1,1,7,7,8,1,1,1,2,3,1,1,1,NaN,2,NaN,NaN,,NaN,,NaN,,NaN,53,50,NaN,1,4,1,1,1,1,1,2,1,1,1,1,1,1,1,1,1,2,1,2,1,1,687575.642,4211759.535,87.934,Cob,480,0,1,0,16,5
3613,2,2006030003660,1,11,26,2,7,3,3,CV-95,7.5,7,5,1,1,5,3,2,3,3,2,1,2,2,1,1,7,7,8,1,5,1,9,14,3,1,1,NaN,2,5,NaN,,NaN,,NaN,,NaN,NaN,NaN,NaN,1,4,2,1,1,1,1,1,1,1,1,1,1,1,1,1,1,1,1,2,1,1,695060.399,4205654.214,43.303,Cob,10522,0,1,4,6,1
3614,2,2006030003682,1,11,25,1,6,2,1,CV-91,5.5,5,5,0,1,5,3,2,3,3,2,1,1,2,2,1,7,7,8,1,5,1,9,14,1,1,2,3,2,NaN,NaN,,NaN,,NaN,,NaN,51,50,NaN,1,4,2,1,1,1,1,2,1,1,1,1,1,1,1,1,1,1,1,2,1,1,686360.013,4218290.057,-14.497,Sec,13069,0,0,1,0,5
3616,2,2006030003683,1,11,20,6,1,4,2,CV-925,31.1,31,1,0,1,5,2,3,3,1,2,1,1,1,1,1,1,1,8,1,5,1,9,14,3,1,1,NaN,1,2,NaN,,NaN,,NaN,,NaN,NaN,NaN,NaN,1,4,1,1,1,1,1,1,2,1,1,1,1,1,1,1,1,1,1,2,1,1,692693.874,4194785.206,45.215,Sec,5210,0,0,1,19,7
3619,2,2006030003685,1,11,17,4,5,1,3,CV-925,14.5,14,5,1,1,5,3,2,3,3,2,1,1,1,2,1,1,1,3,1,1,1,9,14,1,1,1,NaN,2,1,NaN,,NaN,,NaN,,NaN,NaN,NaN,NaN,1,4,1,1,1,1,1,1,2,1,1,1,1,1,1,1,1,1,1,2,1,1,686541.62,4203647.29,184.011,Cob,1256,0,0,0,12,6
3620,2,2006030003692,1,11,12,3,7,3,1,CV-700,30.1,30,1,1,1,5,2,3,3,1,2,1,2,1,1,2,7,7,8,1,1,1,2,14,2,1,3,NaN,2,NaN,NaN,,NaN,,NaN,,58,NaN,50,NaN,1,4,1,2,1,1,1,1,2,1,1,1,1,1,1,1,1,1,1,2,2,1,737221.484,4299789.927,428.26,Cob,458,0,0,1,10,4
3622,2,2006030003702,1,11,28,4,2,1,2,CV-91,14.5,14,5,1,1,5,3,2,3,3,2,1,1,1,1,1,7,7,8,1,1,1,9,14,1,1,1,NaN,2,NaN,30,29,NaN,,NaN,,NaN,NaN,NaN,NaN,2,4,2,1,1,1,1,1,2,1,1,1,1,1,1,1,1,2,1,2,1,1,691582.138,4218110.819,-18.548,Pri,14231,0,0,1,13,1
3624,2,2006030003710,1,11,26,6,7,3,2,CV-913,0.8,0,8,1,1,5,2,3,3,3,2,1,1,2,1,1,7,7,8,1,4,1,9,14,1,1,1,NaN,2,4,NaN,,NaN,,NaN,,NaN,NaN,NaN,NaN,1,4,2,1,2,1,1,2,2,1,1,1,1,1,1,1,1,1,1,2,1,1,692211.319,4225788.502,-24.607,Sec,7368,0,0,1,21,1
3625,2,2006030003711,1,11,27,1,1,4,1,CV-905,3.2,3,2,0,1,3,2,2,3,3,2,2,2,2,2,2,7,7,8,1,5,1,9,14,3,1,1,NaN,1,NaN,NaN,,NaN,,NaN,,NaN,63,60,NaN,1,4,1,1,1,1,1,1,1,1,1,1,2,1,1,1,1,1,1,2,1,1,699956.085,4213719.711,-8.076,Pri,26121,0,0,1,3,1
3627,2,2006030003722,1,11,30,6,4,1,2,CV-91,8.8,8,8,1,1,5,3,2,3,3,2,1,1,1,2,1,7,7,8,1,5,1,9,14,3,1,1,NaN,2,4,NaN,,NaN,,NaN,,NaN,NaN,NaN,NaN,3,4,2,1,1,1,1,1,1,1,1,1,1,1,1,1,1,1,1,2,1,1,696817.566,4219301.729,-27.003,Pri,14231,1,0,0,19,1
3629,2,2006030003731,1,11,24,5,5,1,2,CV-81,43.1,43,1,1,1,5,3,2,3,3,2,1,2,2,2,2,7,7,5,1,1,1,9,14,1,1,1,NaN,1,4,NaN,,NaN,,NaN,,NaN,NaN,NaN,NaN,1,4,1,1,1,1,1,1,2,1,1,1,1,1,1,1,1,1,1,2,1,1,708324.135,4293850.84,573.395,Cob,5220,0,0,0,16,1
3630,2,2006030003735,1,11,14,4,2,1,1,CV-70,8.6,8,6,1,1,5,3,3,2,3,2,1,1,1,1,1,7,7,8,1,1,1,9,14,2,1,1,NaN,1,NaN,NaN,,NaN,,NaN,,66,NaN,60,NaN,1,4,2,1,1,1,1,1,1,1,1,1,1,1,1,1,1,1,1,2,1,1,749003.2,4278607.831,258.623,Cob,2560,0,0,1,11,1
3634,2,2006030003741,1,11,17,5,5,1,3,CV-840,1.2,1,2,1,1,5,2,3,3,3,2,1,2,2,2,2,7,7,5,1,1,1,2,14,2,1,1,NaN,1,1,NaN,,NaN,,NaN,,NaN,NaN,NaN,NaN,1,4,1,2,1,1,1,2,2,1,1,1,1,1,1,1,1,1,1,2,1,1,671661.718,4248057.008,516.654,Cob,4939,0,2,2,16,5
3636,2,2006030003743,1,11,2,6,4,1,2,CV-855,8.5,8,5,0,1,5,2,2,3,3,2,1,2,1,2,2,7,7,5,1,4,1,9,14,3,1,1,NaN,1,4,NaN,,NaN,,NaN,,NaN,NaN,NaN,NaN,1,4,2,1,1,1,1,1,1,1,1,1,1,1,1,1,1,1,1,2,1,1,701399.798,4228316.402,-18.032,Cob,8694,0,0,1,18,1
3637,2,2006030003745,1,11,18,5,6,2,1,CV-773,1.8,1,8,0,1,5,2,2,3,3,2,1,1,2,1,1,7,7,5,1,1,1,9,14,3,1,1,NaN,1,NaN,NaN,,NaN,,NaN,,NaN,53,50,NaN,1,4,1,1,1,1,2,1,1,1,1,1,1,1,1,1,1,1,1,2,1,1,722891.437,4258169.356,83.383,Cob,3713,0,0,1,15,1
3638,2,2006030003748,1,12,2,2,6,2,1,CV-83,2.7,2,7,1,1,5,3,2,3,4,2,1,1,1,1,1,7,7,8,1,5,1,9,14,1,1,3,NaN,2,NaN,NaN,,NaN,,NaN,,56,NaN,50,NaN,1,4,2,1,2,1,1,1,1,1,1,1,1,1,1,1,1,1,1,2,1,1,669494.1,4252536.304,554.018,Cob,14004,0,0,0,6,4
3640,2,2006030003749,1,12,1,6,5,1,2,CV-95,26.5,26,5,0,1,5,3,2,3,3,2,1,1,1,1,1,4,4,3,3,4,1,9,14,1,1,1,NaN,1,2,NaN,,NaN,,NaN,,NaN,NaN,NaN,NaN,1,4,1,1,1,1,1,1,2,1,1,1,1,1,1,1,1,1,1,2,1,1,700832.136,4204278.471,-12.572,Cob,24197,0,1,0,20,6
3646,2,2006030003757,1,12,3,6,7,3,2,CV-724,1.3,1,3,0,1,5,2,2,4,3,2,1,1,2,2,2,7,7,8,1,5,1,9,14,1,1,1,NaN,2,1,NaN,,NaN,,NaN,,NaN,NaN,NaN,NaN,1,4,2,1,2,1,1,1,1,1,1,1,1,1,1,1,1,1,1,2,2,2,763538.617,4299926.993,19.803,Sec,6492,0,0,0,19,5
3652,2,2006030003774,1,12,4,4,1,1,2,CV-734,1.3,1,3,1,1,5,3,2,3,3,2,1,1,1,1,2,2,1,5,1,1,1,9,14,3,1,1,NaN,1,3,NaN,,NaN,,NaN,,NaN,NaN,NaN,NaN,1,4,2,1,1,1,1,1,2,1,1,1,1,1,1,1,1,1,1,2,1,1,772949.24,4296747.57,7.509,Sec,12709,0,0,5,12,7
3653,2,2006030003782,1,12,5,6,2,2,1,CV-870,1.9,1,9,1,1,5,3,2,3,3,2,1,1,2,1,1,7,7,8,1,5,1,9,14,1,1,1,NaN,2,NaN,NaN,,NaN,,NaN,,NaN,61,60,NaN,1,4,2,1,1,1,1,1,1,1,1,1,1,1,1,1,1,1,1,2,1,1,677197.346,4228199.204,86.817,Cob,16632,0,0,1,22,5
3654,2,2006030003786,1,12,6,4,3,3,1,CV-913,3.3,3,3,1,1,5,3,2,3,3,2,1,1,1,1,1,7,7,8,1,1,8,9,13,3,1,3,NaN,2,NaN,NaN,,NaN,,12,9,NaN,NaN,NaN,NaN,1,4,1,1,1,1,1,1,1,1,1,1,1,1,2,1,1,2,1,2,1,1,690172.44,4224492.062,-17.529,Sec,7368,0,1,0,13,1
3656,2,2006030003795,1,11,25,6,6,2,2,CV-940,8.8,8,8,0,1,5,2,2,3,3,2,1,1,1,1,1,1,1,3,1,4,1,9,14,1,1,1,NaN,2,NaN,NaN,,NaN,,NaN,,67,NaN,60,NaN,1,4,1,1,1,1,1,1,2,1,1,1,1,1,1,1,1,1,1,2,1,1,697446.474,4213781.669,25.404,Cob,4610,0,0,0,19,6
3657,2,2006030003800,1,11,29,5,3,1,1,CV-95,25,25,0,0,1,1,3,2,3,3,2,1,1,1,2,2,7,7,8,1,1,1,9,14,3,1,1,NaN,1,NaN,NaN,,21,24,NaN,,NaN,NaN,NaN,NaN,1,4,1,1,1,1,1,1,1,1,1,1,1,1,1,2,1,1,1,2,2,3,699402.984,4204557.633,5.172,Cob,24197,0,0,0,15,1
3658,2,2006030003803,1,12,7,3,4,2,1,CV-950,0.3,0,3,0,1,5,3,2,3,3,2,1,1,1,1,1,7,7,6,1,2,1,9,14,2,1,1,NaN,1,NaN,NaN,,NaN,,NaN,,56,NaN,50,NaN,1,4,1,1,1,1,1,2,1,1,1,1,1,1,1,1,1,1,1,2,2,2,689734.536,4211073.693,90.325,Cob,480,0,0,1,7,1
3662,2,2006030003807,1,12,7,6,4,2,2,CV-70,44.3,44,3,0,1,5,3,2,3,3,2,1,2,1,2,2,5,6,4,1,1,1,9,14,1,1,1,NaN,2,2,NaN,,NaN,,NaN,,NaN,NaN,NaN,NaN,1,4,1,1,1,1,1,1,2,1,1,1,1,1,1,1,1,1,1,2,1,1,750107.403,4276442.407,211.13,Cob,25485,0,0,1,17,6
3663,2,2006030003811,1,12,1,4,5,1,1,CV-895,1.7,1,7,1,1,5,2,3,3,3,2,1,1,2,1,1,7,7,8,3,1,4,9,14,2,1,1,NaN,1,NaN,NaN,,NaN,,NaN,,NaN,62,60,NaN,1,4,1,1,1,1,1,2,1,1,1,1,1,1,2,1,1,1,1,2,1,1,704237.683,4215511.616,-0.759,Cob,8153,0,0,1,13,1
3664,2,2006030003820,1,12,8,6,5,3,1,CV-70,1.8,1,8,0,1,5,2,3,3,2,1,1,2,2,1,1,7,7,8,1,5,1,2,14,1,1,1,NaN,3,NaN,NaN,,NaN,,NaN,,NaN,62,60,NaN,1,4,2,1,2,1,1,1,1,1,1,1,1,1,1,1,1,1,1,2,1,1,722488.942,4285980.699,748.467,Cob,720,0,1,0,20,3
3666,2,2006030003825,1,12,10,2,7,3,2,CV-734,3.5,3,5,0,1,5,3,2,3,3,2,2,1,1,1,1,7,7,5,1,5,1,9,14,1,1,1,NaN,2,3,NaN,,NaN,,NaN,,NaN,NaN,NaN,NaN,1,4,2,1,1,1,1,1,2,1,1,1,1,1,1,1,1,1,1,2,1,1,770226.947,4296870.033,35.814,Sec,12709,0,0,1,6,1
3668,2,2006030003826,1,12,8,5,5,3,2,CV-95,4.9,4,9,1,1,5,2,2,2,3,2,1,2,1,1,1,2,1,2,1,1,1,9,14,1,2,1,NaN,2,2,NaN,,NaN,,NaN,,NaN,NaN,NaN,NaN,1,4,2,1,1,1,1,2,1,1,1,1,1,1,1,1,1,1,1,2,1,2,697524.255,4205457.822,11.557,Cob,13448,0,0,1,15,7
3670,2,2006030003828,1,12,8,6,5,3,2,CV-905,3.8,3,8,0,1,5,3,1,2,3,2,2,2,2,2,2,4,6,5,1,1,1,9,14,1,1,1,NaN,2,2,NaN,,NaN,,NaN,,NaN,NaN,NaN,NaN,1,4,1,1,1,1,1,1,2,1,1,1,1,1,1,1,1,1,1,2,1,1,700170.186,4213165.379,-17.052,Cob,28810,0,0,2,17,6
3673,2,2006030003838,1,12,9,1,6,2,3,CV-81,36.8,36,8,1,1,5,3,2,3,3,2,1,2,1,1,1,1,1,3,1,5,1,9,14,2,1,3,NaN,2,2,NaN,,NaN,,NaN,,NaN,NaN,NaN,NaN,1,4,1,1,1,1,1,1,2,1,1,1,1,1,1,1,1,1,1,2,1,1,703376.126,4290253.699,672.638,Cob,6411,0,1,0,23,6
3674,2,2006030003842,1,12,10,1,7,3,1,CV-865,2.6,2,6,0,1,5,3,2,3,4,2,1,1,1,1,1,7,7,8,1,5,1,9,14,3,1,1,NaN,2,NaN,NaN,,NaN,,NaN,,66,NaN,60,NaN,1,4,2,1,2,1,1,1,1,1,1,1,1,1,1,1,1,1,1,2,1,1,705336.21,4236404.714,31.719,Cob,14700,0,0,0,0,1
3677,2,2006030003853,1,12,12,6,2,1,2,CV-900,7.8,7,8,1,1,5,3,2,3,1,2,1,1,1,1,2,7,7,8,1,5,1,9,14,1,1,1,NaN,2,4,NaN,,NaN,,NaN,,NaN,NaN,NaN,NaN,2,4,2,1,1,1,1,1,1,1,1,1,1,1,1,1,1,1,1,2,1,1,686552.822,4220796.779,-12.516,Sec,9583,0,0,1,18,1
3679,2,2006030003854,1,12,13,3,3,1,2,CV-70,45,45,0,1,1,5,2,2,3,3,2,2,1,2,2,1,7,7,5,1,1,4,9,14,3,1,1,NaN,2,4,NaN,,NaN,,NaN,,NaN,NaN,NaN,NaN,1,4,2,1,1,1,1,1,1,1,1,1,1,1,1,1,1,1,1,2,1,1,724976.924,4286705.277,627.155,Per,28000,0,0,1,8,1
3684,2,2006030003866,1,12,14,3,4,1,2,CV-95,22.8,22,8,0,1,5,3,2,3,3,2,1,2,2,1,1,5,1,4,1,1,1,9,14,1,1,1,NaN,2,4,NaN,,NaN,,NaN,,NaN,NaN,NaN,NaN,1,4,1,1,1,1,1,1,2,1,1,1,1,1,1,1,1,1,1,2,1,1,697614.916,4205400.502,11.39,Cob,8145,0,0,1,9,6
3714,2,2006030003872,1,12,10,3,7,3,5,CV-900,2.7,2,7,1,1,5,2,2,3,2,2,1,1,1,1,1,7,7,8,1,1,1,9,14,3,2,1,NaN,2,NaN,NaN,,NaN,,NaN,,NaN,64,60,NaN,1,4,1,1,1,1,1,2,1,1,1,1,1,1,1,1,1,1,1,2,1,1,685658.446,4224755.2,-6.426,Cob,8641,0,0,7,10,1
3716,2,2006030003879,1,12,15,6,5,1,2,CV-935,5.2,5,2,1,1,5,2,3,3,2,2,1,1,1,1,1,1,1,8,1,5,1,9,14,3,1,1,NaN,1,2,NaN,,NaN,,NaN,,NaN,NaN,NaN,NaN,1,4,1,1,1,1,1,1,2,1,1,1,1,1,1,1,1,1,1,2,1,1,694540.679,4215795.305,60.834,Sec,2730,0,1,0,19,7
3722,2,2006030003881,1,12,16,4,6,2,2,CV-715,21.3,21,3,0,1,5,2,3,3,3,2,1,1,1,1,1,6,6,4,1,1,1,9,14,1,1,1,NaN,2,2,NaN,,NaN,,NaN,,NaN,NaN,NaN,NaN,1,4,1,1,1,1,1,1,2,1,1,1,1,1,1,1,1,1,1,2,1,1,754501.083,4290982.237,489.173,Cob,2697,0,0,1,11,6
3724,2,2006030003884,1,12,15,6,5,1,2,CV-840,23.5,23,5,0,1,5,2,2,3,2,2,1,2,2,2,1,7,7,5,1,4,1,9,14,1,1,3,NaN,2,3,NaN,,NaN,,NaN,,NaN,NaN,NaN,NaN,1,4,2,1,2,2,1,1,2,1,1,1,1,1,1,1,1,1,1,2,1,1,673039.546,4246027.56,487.103,Sec,2873,0,0,1,19,1
3726,2,2006030003885,1,12,17,5,7,3,2,CV-855,8,8,0,0,1,5,3,2,3,3,2,1,2,1,2,2,7,7,3,1,1,1,9,14,3,1,1,NaN,2,4,NaN,,NaN,,NaN,,NaN,NaN,NaN,NaN,1,4,1,1,1,1,1,1,2,1,1,1,1,1,1,1,1,1,1,2,1,1,701403.094,4228805.94,-13.652,Cob,8694,0,0,3,15,1
3727,2,2006030003889,1,12,16,6,6,2,1,CV-913,0.5,0,5,0,1,5,2,2,3,3,2,1,1,2,1,1,7,7,7,1,1,1,9,14,3,2,1,NaN,2,NaN,NaN,,NaN,,NaN,,NaN,51,50,NaN,1,4,2,1,2,1,1,1,1,1,1,1,1,1,1,1,1,1,1,2,1,1,687617.12,4222413.666,-12.625,Sec,7368,0,0,1,17,1
3729,2,2006030003904,1,12,19,2,2,1,1,CV-815,0.5,0,5,1,1,5,2,3,3,2,2,1,1,1,1,1,7,7,8,1,3,1,9,14,3,1,1,NaN,2,NaN,NaN,,NaN,,NaN,,NaN,61,60,NaN,1,4,2,1,1,1,1,1,1,1,1,1,1,1,1,1,1,1,1,2,1,1,704316.48,4272922.998,640.754,Cob,9197,0,1,0,6,1
3730,2,2006030003907,1,12,15,1,5,1,1,CV-920,6.9,6,9,0,1,1,2,2,3,3,2,1,1,2,1,1,7,7,8,1,5,1,9,14,1,1,1,NaN,2,NaN,NaN,,NaN,,NaN,,NaN,54,50,NaN,1,4,2,1,2,1,1,1,1,1,1,1,1,1,1,1,1,1,1,2,1,1,690752.914,4217367.068,-0.796,Cob,4291,0,0,0,23,5
3734,2,2006030003911,1,12,16,4,6,2,2,CV-95,6,6,0,0,1,5,3,2,3,3,2,1,1,1,1,1,5,1,4,1,1,1,9,14,1,2,1,NaN,2,2,NaN,,NaN,,NaN,,NaN,NaN,NaN,NaN,1,4,1,1,1,1,1,1,2,1,1,1,1,1,1,1,1,1,1,2,1,2,685653.325,4215064.235,11.258,Cob,10522,0,0,1,11,6
3737,2,2006030003919,1,12,21,5,4,1,3,CV-736,4,4,0,1,1,5,1,3,3,2,1,1,2,2,1,1,7,7,8,1,1,1,2,14,1,1,1,NaN,1,2,NaN,,NaN,,NaN,,NaN,NaN,NaN,NaN,1,4,2,1,1,1,1,1,1,1,1,1,1,1,1,1,1,1,1,2,2,1,773278.399,4301115.781,110.162,Cob,4807,0,1,0,16,4
3739,2,2006030003927,1,12,15,4,5,1,2,CV-920,5.5,5,5,0,1,5,2,2,3,2,2,1,1,1,1,1,5,1,8,1,1,1,9,14,3,1,3,NaN,1,3,NaN,,NaN,,NaN,,NaN,NaN,NaN,NaN,1,4,1,1,1,1,1,1,2,1,1,1,1,1,1,1,1,1,1,2,1,1,689496.985,4217409.54,-2.529,Cob,4291,0,0,0,14,6
3740,2,2006030003930,1,12,16,6,6,2,1,CV-905,7.9,7,9,1,1,5,3,2,3,3,2,2,1,1,2,2,7,7,8,1,3,1,9,14,3,2,1,NaN,2,NaN,NaN,,21,21,NaN,,NaN,NaN,NaN,NaN,1,4,1,1,1,1,1,1,2,1,1,1,1,1,1,1,1,1,1,2,1,1,700033.341,4213543.809,-6.338,Cob,33942,0,1,0,19,1
3744,2,2006030003932,1,12,15,4,5,1,3,CV-95,25,25,0,0,1,5,3,2,3,2,2,1,1,1,1,2,7,7,8,1,1,1,9,14,3,2,1,NaN,2,5,NaN,,NaN,,NaN,,NaN,NaN,NaN,NaN,1,4,2,1,1,1,1,1,2,1,1,1,1,1,1,1,1,1,1,2,2,3,699402.984,4204557.633,5.172,Cob,24197,0,0,3,14,1
3746,2,2006030003933,1,12,21,6,4,1,2,CV-905,7.4,7,4,0,1,5,3,2,3,3,2,2,2,2,1,1,7,7,8,1,3,1,9,14,3,1,1,NaN,2,4,NaN,,NaN,,NaN,,NaN,NaN,NaN,NaN,1,4,2,1,1,1,1,1,1,1,1,1,1,1,1,1,1,1,1,2,1,1,702093.263,4210275.359,-16.961,Cob,33942,0,0,1,19,1
3754,2,2006030003946,1,12,18,6,1,4,3,CV-820,0.1,0,1,0,1,5,3,2,3,3,2,1,1,2,2,2,5,1,4,1,2,1,9,14,3,1,3,NaN,2,4,NaN,,NaN,,NaN,,NaN,NaN,NaN,NaN,1,4,2,1,1,1,1,1,1,1,1,1,1,1,1,1,1,1,1,2,2,1,713915.575,4254027.279,117.114,Cob,7354,0,0,2,18,6
3756,2,2006030003952,1,12,21,1,4,1,2,CV-900,2.6,2,6,0,1,5,3,2,3,1,2,1,1,1,1,1,1,4,3,1,3,1,2,14,3,2,3,NaN,1,2,NaN,,NaN,,NaN,,NaN,NaN,NaN,NaN,1,4,2,1,1,1,1,1,2,1,1,1,1,1,1,1,1,1,1,2,1,1,683272.947,4220143.164,-2.04,Cob,10423,0,1,0,23,7
3760,2,2006030003954,1,12,25,6,1,3,2,CV-763,0.5,0,5,1,1,5,2,3,3,2,2,1,1,1,1,1,7,7,5,1,3,1,9,14,1,1,1,NaN,2,3,NaN,,NaN,,NaN,,NaN,NaN,NaN,NaN,1,4,1,1,1,1,1,1,2,1,1,1,1,1,1,1,1,1,1,2,2,3,750660.05,4275706.997,165.17,Cob,16489,0,0,0,21,2
3762,2,2006030003956,1,12,12,3,2,1,2,CV-940,9.5,9,5,0,1,5,3,2,3,1,2,1,1,2,1,1,5,1,8,1,2,1,9,14,3,1,3,NaN,2,4,NaN,,NaN,,NaN,,NaN,NaN,NaN,NaN,1,4,2,1,1,1,1,1,2,1,1,1,1,1,1,1,1,1,1,2,1,1,697675.364,4214428.429,11.622,Cob,4610,0,0,1,7,6
3763,2,2006030003965,1,12,23,2,6,2,1,CV-855,16.6,16,6,0,1,5,3,2,3,1,2,1,1,1,1,1,4,6,2,1,4,1,1,14,1,1,1,NaN,2,NaN,NaN,,NaN,,NaN,,NaN,61,60,NaN,1,4,2,1,2,1,1,2,2,1,1,1,1,1,2,1,1,1,1,2,1,1,696065.355,4223697.635,-18.072,Cob,4528,0,0,1,5,7
3765,2,2006030003966,1,12,26,3,2,4,2,CV-91,14.9,14,9,0,1,5,2,2,3,3,2,2,2,2,2,2,7,7,8,1,2,1,9,14,3,1,1,NaN,1,3,NaN,,NaN,,NaN,,NaN,NaN,NaN,NaN,1,4,1,1,1,1,1,1,2,1,1,1,1,1,1,1,1,1,1,2,1,1,695316.332,4219037.647,-17.526,Pri,14231,0,0,0,7,2
3771,2,2006030003970,1,12,10,4,7,3,2,CV-91,22.1,22,1,1,1,5,3,2,3,3,2,1,2,1,1,1,7,7,8,1,1,1,9,14,3,1,1,NaN,2,4,NaN,,NaN,,NaN,,NaN,NaN,NaN,NaN,1,4,2,1,2,1,1,1,1,1,1,1,1,1,1,1,1,1,1,2,3,1,684159.778,4218080.084,-16.932,Cob,9272,0,0,0,14,1
3774,2,2006030003977,1,12,28,1,4,1,1,CV-724,2.8,2,8,1,1,5,2,2,3,4,2,1,2,2,2,2,7,7,8,1,4,1,9,14,3,1,1,NaN,1,NaN,NaN,,NaN,,NaN,,NaN,51,50,NaN,1,4,2,1,1,1,1,1,1,1,1,1,1,1,1,1,1,1,1,2,1,1,765933.684,4302543.578,1.59,Sec,6492,0,0,4,3,2