Id,Ano,Numero_Accidente,Provincia,Mes,Dia,Hora,Dia_Semana,Tipo_Dia,Vehiculos_Implicados,Carretera,Pk,Km,Hm,Sentido,Zona,Tipo_Via,Anchura_Calzada,Anchura_Carril,Marcas_Viales,Arcen,Arcen_Pavimentado,Mediana,Barrera_Seguridad,Paneles_Direccionales,Hitos_Arista,Captafaros,Interseccion_Tipo,Interseccion_Acondicionamiento,Prioridad_Regulada_por,Superficie,Luminosidad,Factores_Atmosfericos,Visibilidad_Restringida_por,Otras_Circunstancias,Senalizacion_Peligro,Aceras,Arboles,Arboles_Metros_Calzada,Visibilidad_Senalizacion_Vertical,Colision_Vehiculos_Marcha,Colision_Vehiculo_Obstaculo_1,Colision_Vehiculo_Obstaculo_2,Atropello_1,Atropello_2,Vuelco_1,Vuelco_2,Salida_Sin_Colision,Salida_Con_Colision,Lado_Salida,Otro,Circulacion,Circulacion_Medidas_Especiales,Distraccion,Inexperiencia_Conductor,Alcohol_Drogas,Cansancio_Sueno,Enfermedad,Velocidad_Inadecuada,Infraccion_Norma_Circulacion,Estado_Condicion_Via,Estado_Condicion_Senalizacion,Tramo_Obras,Mal_Estado_Vehiculo,Averia_Mecanica,Meteorologia_Adversa,Irrupcion_Animal,Circular_Sentido_Contrario,Otro_Factor,Sin_Opinion_Definida,Pendiente,Curvatura,Peralte,GPS_x,GPS_y,GPS_z,Tipo_Est,IMD,N_Muertos,N_Graves,N_Leves,Hora_Real,Fuera_o_Interseccion
3776,2,2006030003987,1,12,27,4,3,1,1,CV-855,5.6,5,6,0,1,5,2,2,3,3,2,1,1,1,1,1,7,7,8,1,1,1,9,8,3,1,1,NaN,1,NaN,NaN,,NaN,,NaN,,NaN,62,60,NaN,1,4,2,1,2,1,1,1,1,1,1,1,1,1,1,1,1,1,1,2,1,1,701486.866,4231157.938,-0.523,Pri,11000,0,0,1,13,1
3778,2,2006030004011,1,12,21,3,4,1,2,CV-800,3.2,3,2,1,1,5,2,2,3,4,2,1,1,2,2,2,6,6,3,1,1,1,9,14,1,1,1,NaN,2,2,NaN,,NaN,,NaN,,NaN,NaN,NaN,NaN,2,4,2,1,1,1,1,1,1,1,1,1,1,1,1,1,1,1,1,2,1,2,719798.032,4278653.094,877.331,Cob,16856,0,0,1,10,6
3784,2,2006030004012,1,12,25,1,1,3,2,CV-840,3.9,3,9,1,1,5,2,2,3,3,2,1,1,2,1,1,1,1,8,1,5,1,9,14,3,1,1,NaN,1,2,NaN,,NaN,,NaN,,NaN,NaN,NaN,NaN,1,4,2,1,1,1,1,1,1,1,1,1,1,1,1,1,1,1,1,2,1,1,672976.013,4246058.055,491.871,Cob,4939,0,3,1,0,7
3786,2,2006120000004,2,1,1,6,7,3,1,CV-10,16.3,16,3,1,1,5,3,2,3,4,2,2,2,1,2,2,7,7,8,1,2,1,5,14,3,1,3,NaN,2,NaN,NaN,,NaN,,NaN,,NaN,64,60,NaN,1,4,1,1,1,1,1,1,1,1,1,1,1,1,1,1,1,2,1,2,1,1,768434.567,4477576.289,277.907,Cob,20183,0,0,2,17,1
3791,2,2006120000013,2,1,3,3,2,1,2,CV-135,15.3,15,3,1,1,5,2,3,3,1,2,1,1,2,1,2,5,5,3,1,1,1,9,14,1,1,1,NaN,2,2,NaN,,NaN,,NaN,,NaN,NaN,NaN,NaN,1,4,1,1,1,1,1,1,2,1,1,1,1,1,1,1,1,1,1,2,2,2,778026.491,4483717.697,230.046,Pri,3782,0,0,1,8,6
3793,2,2006120000034,2,1,7,6,6,2,2,CV-10,12.6,12,6,0,1,2,3,2,3,4,2,2,2,1,2,1,7,7,8,3,4,5,4,14,3,1,1,NaN,1,3,NaN,,NaN,,NaN,,NaN,NaN,NaN,NaN,2,4,2,1,1,1,1,1,2,1,1,1,1,1,1,1,1,1,1,2,1,1,741627.754,4426699.456,71.165,Sec,25730,0,0,0,17,1
3794,2,2006120000039,2,1,7,4,6,2,1,CV-10,24.6,24,6,0,1,2,3,2,3,4,2,2,2,2,2,2,7,7,8,3,1,5,9,14,3,1,1,NaN,1,NaN,NaN,,NaN,,NaN,,67,NaN,60,NaN,1,4,1,1,1,1,1,2,2,1,1,1,1,1,2,1,1,1,1,2,1,1,748642.808,4435117.526,118.449,Sec,15843,0,0,1,12,2
3795,2,2006120000040,2,1,8,3,7,3,1,CV-235,15.1,15,1,0,1,5,2,2,3,1,2,1,2,2,1,1,7,7,8,1,1,1,9,14,1,1,1,NaN,1,NaN,NaN,,NaN,,NaN,,NaN,64,60,NaN,1,4,1,1,1,1,1,2,1,1,1,1,1,1,1,1,1,1,1,2,1,1,695794.466,4417804.494,874.742,Cob,96,0,1,0,10,3
3803,2,2006120000041,2,1,8,5,7,3,3,CV-10,68.2,68,2,1,1,5,3,2,3,3,2,1,2,2,1,2,7,7,8,3,1,5,9,14,1,1,3,NaN,2,3,NaN,,NaN,,NaN,,NaN,NaN,NaN,NaN,1,4,1,1,1,1,1,2,1,1,1,1,1,1,1,1,1,1,1,2,1,1,747908.195,4433411.097,84.272,Pri,3094,0,6,3,16,4
3810,2,2006120000059,2,1,9,6,1,4,2,CV-135,20.6,20,6,0,1,5,2,3,2,1,2,1,1,2,1,1,7,7,8,1,1,1,9,14,3,1,1,NaN,1,1,NaN,,NaN,,NaN,,NaN,NaN,NaN,NaN,1,4,2,1,1,1,1,1,1,1,1,1,1,1,1,1,1,1,1,2,1,1,788832.987,4481626.744,14.544,Pri,3782,0,0,1,17,1
3812,2,2006120000061,2,1,9,4,1,1,2,CV-20,2.3,2,3,0,1,3,3,2,3,3,2,2,1,1,1,1,5,3,4,3,1,4,9,14,1,1,1,NaN,2,2,NaN,,NaN,,NaN,,NaN,NaN,NaN,NaN,2,4,2,1,1,1,1,2,1,1,1,1,1,1,1,1,1,1,1,2,1,1,743134.497,4426002.258,52.151,Sec,14321,0,0,1,11,7
3815,2,2006120000069,2,1,13,2,5,1,1,CV-222,3.9,3,9,0,1,5,2,3,3,4,2,1,1,2,1,1,7,7,8,1,5,1,9,14,2,1,1,NaN,2,NaN,NaN,,NaN,,NaN,,NaN,63,60,NaN,1,4,2,1,1,2,1,1,1,1,1,1,1,1,1,1,1,1,1,2,1,1,743290.25,4422321.204,41.57,Cob,6245,0,1,0,6,2
3824,2,2006120000085,2,1,16,6,1,1,3,CV-135,21.1,21,1,0,1,5,2,3,3,1,2,1,1,1,1,1,7,7,8,1,4,1,9,14,3,1,1,NaN,1,4,NaN,,NaN,,NaN,,NaN,NaN,NaN,NaN,1,4,1,1,2,1,1,1,1,1,1,1,1,1,1,1,1,1,1,2,1,1,789286.098,4481253.27,7.36,Pri,3782,0,0,0,19,1
3826,2,2006120000086,2,1,16,6,1,1,2,CV-17,0.2,0,2,1,1,5,3,2,3,4,2,1,2,1,1,1,7,7,8,3,5,4,9,14,3,1,3,NaN,2,2,NaN,,NaN,,NaN,,NaN,NaN,NaN,NaN,1,4,1,1,1,1,1,1,1,1,1,1,1,2,1,1,1,1,1,2,2,2,745698.499,4430649.229,73.271,Sec,18228,0,0,2,21,1
3830,2,2006120000096,2,1,17,6,2,1,3,CV-160,8.9,8,9,0,1,5,2,2,3,1,2,1,2,1,1,1,7,7,8,1,5,1,9,14,3,1,1,NaN,1,1,NaN,,NaN,,NaN,,NaN,NaN,NaN,NaN,1,4,1,1,1,1,1,1,2,1,1,1,1,1,1,1,1,1,1,2,1,1,748054.417,4442218.68,262.768,Cob,1311,0,1,0,17,2
3834,2,2006120000098,2,1,15,6,7,3,2,CV-10,77.7,77,7,0,1,5,3,2,3,3,2,1,1,1,1,1,7,7,8,1,1,1,9,14,3,1,3,NaN,1,4,NaN,,NaN,,NaN,,NaN,NaN,NaN,NaN,1,4,1,1,1,1,1,1,2,1,1,1,1,1,1,2,1,1,1,2,1,1,769745.283,4480558.957,310.459,Pri,3094,0,0,1,22,1
3838,2,2006120000108,2,1,22,1,7,3,1,CV-151,2.1,2,1,0,1,2,3,2,3,4,2,2,2,1,2,2,5,6,4,1,3,1,9,14,1,1,3,NaN,2,NaN,NaN,,NaN,,NaN,,NaN,53,50,NaN,1,4,1,1,1,1,1,2,1,1,1,1,1,1,1,1,1,1,1,2,1,1,748490.266,4433478.29,101.63,NaN,0,1,3,1,1,6
3839,2,2006120000110,2,1,22,3,7,3,1,CV-235,8.9,8,9,1,1,5,2,2,3,1,2,1,2,1,1,1,7,7,8,1,1,1,9,14,1,1,1,NaN,1,NaN,NaN,,NaN,,NaN,,NaN,64,60,NaN,1,4,1,1,1,1,1,2,2,1,1,1,1,1,1,1,1,1,1,2,2,1,695815.702,4415511.678,932.687,Cob,883,0,1,0,10,2
3841,2,2006120000111,2,1,22,4,7,3,2,CV-21,9.9,9,9,1,1,5,3,2,3,3,2,1,1,2,1,1,1,1,5,1,1,1,9,14,1,1,1,NaN,2,NaN,NaN,,NaN,,NaN,,NaN,52,50,NaN,1,4,2,1,1,1,1,1,2,1,1,1,1,1,1,1,1,1,1,2,1,1,739302.701,4434561.09,173.913,Cob,5080,0,0,1,12,6
3853,2,2006120000128,2,1,24,6,2,1,2,CV-141,0.8,0,8,0,1,5,2,2,3,2,2,1,1,2,1,1,2,1,8,1,4,1,9,14,3,1,1,NaN,1,2,NaN,,NaN,,NaN,,NaN,NaN,NaN,NaN,1,4,1,1,1,1,1,1,2,1,1,1,1,1,1,1,1,1,1,2,1,2,785995.211,4477245.824,33.361,Cob,8103,0,0,1,22,6
3857,2,2006120000133,2,1,25,2,3,1,4,CV-190,0.1,0,1,1,1,5,1,2,3,3,2,1,1,2,1,1,7,7,5,1,5,1,9,14,1,1,1,NaN,2,1,NaN,,NaN,,NaN,,NaN,NaN,NaN,NaN,1,4,2,1,1,2,1,2,2,1,1,1,1,1,1,1,1,1,1,2,1,1,707006.909,4448357.302,749.258,Cob,5270,0,2,0,5,1
3861,2,2006120000151,2,1,25,6,3,1,2,CV-141,3.6,3,6,1,1,5,2,2,3,3,2,1,1,1,1,1,1,1,8,1,4,1,9,14,1,1,1,NaN,1,2,NaN,,NaN,,NaN,,NaN,NaN,NaN,NaN,1,4,1,1,1,1,1,1,2,1,1,1,1,1,1,1,1,1,1,2,1,1,786571.772,4476942.406,26.937,Cob,8103,0,3,0,22,7
3862,2,2006120000152,2,1,28,3,6,2,1,CV-10,32.2,32,2,0,1,5,3,2,3,4,2,2,1,1,2,1,7,7,8,1,2,7,9,13,2,1,1,NaN,2,NaN,NaN,,NaN,,NaN,,NaN,63,60,NaN,1,4,1,1,1,1,1,2,2,1,1,1,1,1,2,1,1,1,1,2,1,1,753619.493,4440463.927,212.411,Cob,13394,0,0,1,7,1
3866,2,2006120000155,2,1,29,2,7,3,2,CV-15,27.3,27,3,0,1,5,3,2,3,3,2,1,2,1,2,2,7,7,8,1,4,1,2,14,2,1,1,NaN,1,2,NaN,,NaN,,NaN,,NaN,NaN,NaN,NaN,1,4,2,1,1,1,1,2,2,1,1,1,1,1,1,1,1,1,1,2,1,3,751818.995,4466709.893,486.39,Per,2670,0,0,2,5,3
3876,2,2006120000171,2,1,30,4,1,1,2,CV-10,40.5,40,5,1,1,5,3,2,3,3,2,1,1,1,1,1,7,7,8,3,1,1,4,14,3,1,3,NaN,1,2,NaN,,NaN,,NaN,,NaN,NaN,NaN,NaN,2,4,1,1,1,1,1,1,2,1,1,1,1,1,2,1,1,1,1,2,1,1,759324.267,4456621.767,299.069,NaN,0,0,0,1,13,1
3879,2,2006120000178,2,1,31,4,2,1,1,CV-10,50.7,50,7,0,1,5,2,2,3,3,2,1,1,1,2,1,7,7,8,3,1,4,9,14,3,1,1,NaN,2,NaN,NaN,,NaN,,NaN,,67,NaN,60,NaN,1,4,1,1,1,1,1,2,1,1,1,1,1,1,1,1,1,1,1,2,1,1,759553.858,4457059.905,311.259,Cob,4612,0,0,1,12,2
3882,2,2006120000184,2,1,31,1,2,1,1,CV-10,25.6,25,6,1,1,2,3,2,3,5,2,2,2,2,2,2,7,7,5,1,5,1,9,14,2,1,1,NaN,1,NaN,NaN,,NaN,,NaN,,NaN,63,60,NaN,1,4,2,1,2,1,1,2,2,1,1,1,1,1,1,1,1,1,1,2,1,1,765864.582,4469372.327,185.88,Sec,15843,0,0,1,23,2
3884,2,2006120000205,2,2,3,6,5,1,1,CV-21,12,12,0,1,1,5,3,2,3,3,2,1,1,1,1,1,5,6,4,1,3,1,9,14,1,1,3,NaN,2,NaN,NaN,,NaN,,NaN,,NaN,54,50,NaN,1,4,2,1,2,1,1,1,1,1,1,1,1,1,1,1,1,1,1,2,1,1,738989.185,4436692.164,160.085,Cob,5080,0,0,0,19,6
3886,2,2006120000207,2,2,4,5,6,4,2,CV-190,1.7,1,7,1,1,5,3,1,3,3,2,2,1,1,1,1,1,2,8,1,1,1,9,14,2,2,1,NaN,1,5,NaN,,NaN,,NaN,,NaN,NaN,NaN,NaN,1,4,1,1,1,1,1,1,2,1,1,1,1,1,1,1,1,1,1,2,2,3,707632.117,4448823.571,821.828,Cob,5270,0,0,1,16,7
3888,2,2006120000240,2,2,8,3,3,1,1,CV-10,84.2,84,2,0,1,5,2,3,3,1,2,1,1,2,1,1,7,7,8,1,1,1,2,14,1,1,1,NaN,2,NaN,NaN,,NaN,,NaN,,66,NaN,60,NaN,1,4,1,1,1,1,1,2,1,1,1,1,1,1,1,1,1,1,1,2,1,1,772294.851,4485159.392,290.8,Cob,1710,0,0,0,10,5
3894,2,2006120000271,2,2,11,4,6,2,1,CV-195,24.6,24,6,1,1,5,2,2,4,1,2,1,2,2,1,2,7,7,8,1,1,1,2,14,1,1,1,NaN,2,NaN,NaN,,NaN,,NaN,,NaN,NaN,NaN,71,1,4,1,1,1,1,1,2,1,1,1,1,1,1,1,1,1,1,1,2,1,1,708152.727,4432972.946,602.032,Cob,302,0,0,1,12,4
3896,2,2006120000275,2,2,7,3,2,1,2,CV-11,17.1,17,1,0,1,5,2,2,3,3,2,1,1,1,1,1,2,6,3,1,1,1,9,14,1,1,1,NaN,2,2,NaN,,NaN,,NaN,,NaN,NaN,NaN,NaN,1,4,1,1,1,1,1,1,2,1,1,1,1,1,1,1,1,1,1,2,1,1,788297.985,4496681.729,133.157,Sec,4218,0,0,0,10,6
3898,2,2006120000276,2,2,12,5,7,3,1,CV-17,0.9,0,9,0,1,5,3,2,2,3,2,1,2,1,2,2,7,7,8,1,1,1,9,14,2,1,1,NaN,2,NaN,NaN,,NaN,,NaN,,NaN,53,50,NaN,1,4,2,1,2,1,1,1,1,1,1,1,1,1,1,1,1,1,1,2,1,2,748025.53,4430610.057,59.936,Sec,18228,0,0,1,16,1
3899,2,2006120000277,2,2,12,1,7,3,1,CV-223,3.9,3,9,1,1,5,2,3,3,3,2,1,1,1,1,1,7,7,8,1,5,1,9,14,3,1,1,NaN,1,NaN,NaN,,NaN,,NaN,,NaN,63,60,NaN,1,4,1,1,2,2,1,1,1,1,1,1,1,1,1,1,1,1,1,2,1,1,730930.039,4426194.364,193.648,Sec,3912,0,0,1,23,1
3901,2,2006120000283,2,2,14,3,2,2,2,CV-20,3.5,3,5,0,1,3,3,2,3,3,2,2,1,2,2,2,5,3,4,1,4,1,9,14,1,1,1,NaN,1,4,NaN,,NaN,,NaN,,NaN,NaN,NaN,NaN,1,4,2,1,1,2,1,2,2,1,1,1,1,1,1,1,1,1,1,2,1,1,741961.959,4426149.106,56.907,Sec,14321,0,0,2,7,6
3903,2,2006120000298,2,2,16,4,4,1,2,CV-20,0.5,0,5,1,1,5,3,2,3,3,2,2,1,1,2,1,7,7,8,1,1,1,9,14,3,1,3,NaN,2,2,NaN,,NaN,,NaN,,NaN,NaN,NaN,NaN,1,4,1,1,1,1,1,1,2,1,1,1,1,1,1,1,1,1,1,2,1,1,703830.332,4444364.844,589.763,Sec,14321,0,0,0,13,1
3904,2,2006120000300,2,2,16,6,4,1,1,CV-11,8,8,0,1,1,5,2,2,3,3,2,1,1,1,1,1,7,7,8,1,4,1,9,14,3,1,3,NaN,1,NaN,NaN,,21,24,NaN,,NaN,NaN,NaN,NaN,1,4,1,1,1,1,1,1,1,1,1,1,1,1,1,2,1,1,1,2,1,1,785233.909,4498899.818,201.282,Cob,2086,0,0,0,20,1
3905,2,2006120000307,2,2,18,5,6,2,1,CV-190,0.8,0,8,1,1,5,2,2,3,4,2,1,1,1,1,1,7,7,8,1,1,1,9,14,2,1,1,NaN,1,NaN,NaN,,NaN,,NaN,,NaN,64,60,NaN,1,4,1,1,1,1,1,2,2,1,1,1,1,1,1,1,1,1,1,2,1,1,707180.075,4448933.663,772.287,Cob,5270,0,0,2,15,3
3906,2,2006120000314,2,2,19,6,7,3,1,CV-18,5.9,5,9,0,1,5,2,2,3,3,2,1,1,2,2,1,7,7,8,1,4,1,2,14,1,1,1,NaN,2,NaN,NaN,,NaN,,NaN,,NaN,52,50,NaN,1,4,1,1,1,1,1,2,1,1,1,1,1,1,1,1,1,1,1,2,1,1,750723.212,4423058.587,4.813,Cob,14656,0,1,0,21,5
3908,2,2006120000317,2,2,20,6,1,4,1,CV-15,37,37,0,1,1,5,2,2,3,1,2,1,2,2,1,1,7,7,8,3,1,4,2,14,1,1,1,NaN,2,NaN,NaN,,NaN,,NaN,,NaN,61,60,NaN,1,4,1,1,1,1,1,2,1,1,1,1,1,1,1,1,1,1,1,2,1,1,751340.641,4472936.902,571.07,Cob,1305,0,1,0,17,4
3913,2,2006120000358,2,2,24,3,5,1,2,CV-195,9,9,0,0,1,5,2,2,3,1,2,1,1,2,1,1,7,7,8,4,1,1,2,14,2,1,1,NaN,2,1,NaN,,NaN,,NaN,,NaN,NaN,NaN,NaN,1,4,1,1,1,1,1,2,1,2,1,1,1,1,1,1,1,1,1,2,2,1,706752.584,4428133.36,796.566,Pri,869,0,1,1,9,5
3914,2,2006120000368,2,2,25,4,6,2,1,CV-190,1,1,0,1,1,5,3,2,3,3,2,1,1,2,1,1,7,7,5,1,1,1,9,14,1,1,1,NaN,1,NaN,NaN,,NaN,,NaN,,56,NaN,50,NaN,1,4,2,1,1,1,1,2,2,1,1,1,1,1,1,1,1,1,1,2,2,1,707358.515,4448985.719,781.635,Cob,5270,0,0,1,13,2
3916,2,2006120000378,2,2,25,4,6,2,2,CV-17,1.1,1,1,1,1,5,3,2,3,3,2,1,2,1,1,1,7,7,8,1,1,1,9,14,2,1,1,NaN,1,2,NaN,,NaN,,NaN,,NaN,NaN,NaN,NaN,1,4,2,1,1,1,1,2,1,1,1,1,1,1,1,1,1,1,1,2,1,1,746408.634,4430975.085,68.74,Sec,18228,0,0,0,11,2
3917,2,2006120000392,2,2,27,6,1,1,1,CV-10,12,12,0,0,1,2,3,2,3,3,2,2,2,1,1,2,1,1,8,1,3,1,9,14,1,1,1,NaN,2,NaN,NaN,,NaN,,12,9,NaN,NaN,NaN,NaN,1,4,2,1,1,1,1,1,1,1,1,1,1,1,1,1,1,1,1,2,1,1,741181.76,4426303.056,67.272,Sec,25730,0,0,1,20,6
3919,2,2006120000394,2,3,2,4,4,1,2,CV-20,5.6,5,6,1,1,5,1,3,4,1,2,1,1,1,1,1,7,7,8,1,1,1,9,14,3,1,3,NaN,1,2,NaN,,NaN,,NaN,,NaN,NaN,NaN,NaN,1,4,2,1,1,1,1,1,2,1,1,1,1,1,1,1,1,1,1,2,1,1,706629.866,4441824.441,643.612,Pri,18602,0,0,0,14,1
3922,2,2006120000413,2,3,3,6,5,1,1,CV-10,58.7,58,7,0,1,5,2,2,3,3,2,1,1,1,2,2,7,7,8,1,5,1,9,14,3,1,1,NaN,2,NaN,NaN,,21,24,NaN,,NaN,NaN,NaN,NaN,1,4,1,1,1,1,1,1,1,1,1,1,1,1,1,2,1,1,1,2,1,1,763185.387,4463601.078,221.776,Cob,4612,0,0,0,22,1
3924,2,2006120000426,2,3,8,5,3,1,2,CV-10,4.7,4,7,1,1,2,3,2,3,4,2,2,2,1,2,2,7,7,8,1,1,1,9,14,3,1,1,NaN,1,4,NaN,,NaN,,NaN,,NaN,NaN,NaN,NaN,1,4,2,1,1,1,1,1,1,1,1,1,1,1,1,1,1,1,1,2,1,1,772961.798,4486200.933,306.473,Cob,26519,0,0,1,16,2
3926,2,2006120000442,2,3,10,4,5,1,2,CV-16,3.4,3,4,1,1,5,3,1,3,3,2,1,1,1,2,2,5,1,8,1,1,1,9,14,3,1,3,NaN,2,3,NaN,,NaN,,NaN,,NaN,NaN,NaN,NaN,1,4,1,1,1,1,1,1,2,1,1,1,1,1,1,1,1,1,1,2,1,2,741926.653,4436864.324,127.315,Sec,20949,0,0,0,12,6
3928,2,2006120000448,2,3,12,6,7,3,2,CV-18,1.3,1,3,0,1,5,3,2,3,3,2,1,2,2,2,1,7,7,8,1,3,1,9,14,1,1,1,NaN,1,3,NaN,,NaN,,NaN,,NaN,NaN,NaN,NaN,1,4,2,1,2,1,1,2,2,1,1,1,1,1,1,1,1,1,1,2,2,3,751457.174,4427154.485,17.184,Pri,25702,0,0,3,20,2
3930,2,2006120000458,2,3,14,3,2,1,2,CV-10,27.6,27,6,0,1,5,3,2,3,3,2,2,2,1,2,1,5,6,4,1,1,1,9,14,1,1,3,NaN,2,2,NaN,,NaN,,NaN,,NaN,NaN,NaN,NaN,1,4,1,1,1,1,1,1,2,1,1,1,1,1,1,1,1,1,1,2,1,1,750921.853,4436932.153,159.606,Sec,15843,0,0,1,9,6
3932,2,2006120000460,2,3,14,3,2,1,2,CV-20,6,6,0,0,1,5,3,2,3,3,2,2,1,1,1,1,7,7,5,1,1,1,9,14,3,1,1,NaN,1,3,NaN,,NaN,,NaN,,NaN,NaN,NaN,NaN,1,4,1,1,1,1,1,1,2,1,1,1,1,1,1,1,1,1,1,2,1,1,739629.331,4426670.522,83.866,Pri,18602,0,0,0,8,1
3936,2,2006120000465,2,3,16,4,4,1,1,CV-197,11.5,11,5,0,1,5,2,3,3,2,2,1,2,2,1,1,7,7,8,1,1,1,9,14,1,1,1,NaN,1,NaN,NaN,,NaN,,NaN,,NaN,63,60,NaN,1,4,2,1,1,1,1,1,1,1,1,1,1,1,1,1,1,1,1,2,2,3,719505.595,4452998.112,714.943,Cob,108,0,0,2,11,5
3938,2,2006120000471,2,3,18,6,6,2,2,CV-151,0.2,0,2,1,1,5,3,2,3,5,2,2,2,1,2,1,7,7,8,3,1,1,9,13,3,1,1,NaN,1,NaN,NaN,,NaN,,NaN,,NaN,54,50,NaN,1,4,1,1,1,1,1,2,2,1,1,1,1,1,1,1,1,1,1,2,2,1,748315.507,4433593.063,102.834,Pri,24100,0,1,1,18,2
3939,2,2006120000475,2,3,19,3,7,3,1,CV-16,3.4,3,4,0,1,5,3,2,3,3,2,2,1,1,1,1,5,1,8,1,2,1,2,14,1,1,1,NaN,2,NaN,NaN,,NaN,,NaN,,66,NaN,60,NaN,1,4,1,1,2,1,1,2,1,1,1,1,1,1,1,1,1,1,1,2,1,1,746256.294,4432812.816,100.109,Sec,20949,0,0,1,7,7
3943,2,2006120000482,2,3,20,3,1,1,2,CV-10,66,66,0,1,1,5,3,2,3,4,2,1,1,1,2,1,1,4,8,1,1,1,9,14,1,1,1,NaN,2,2,NaN,,NaN,,NaN,,NaN,NaN,NaN,NaN,1,4,1,1,1,1,1,1,2,1,1,1,1,1,1,1,1,1,1,2,1,2,748675.721,4435249.864,113.823,Cob,3326,0,0,3,9,6
3944,2,2006120000504,2,3,23,6,4,1,1,CV-11,15.6,15,6,1,1,5,3,2,3,3,2,1,1,1,1,1,7,7,8,1,4,1,9,14,3,1,3,NaN,1,NaN,NaN,,NaN,,NaN,,NaN,63,60,NaN,1,4,2,1,1,1,1,1,1,1,1,1,1,1,1,1,1,1,1,2,1,1,782506.644,4495481.527,174.543,Sec,4218,0,0,0,20,1
3946,2,2006120000507,2,3,25,4,6,2,2,CV-141,4.2,4,2,1,1,5,3,2,3,3,2,1,1,1,1,1,2,1,8,1,1,1,9,14,1,1,3,NaN,2,4,NaN,,NaN,,NaN,,NaN,NaN,NaN,NaN,1,4,1,1,1,1,1,1,2,1,1,1,1,1,1,1,1,1,1,2,1,1,786050.365,4477225.716,27.766,Cob,8103,0,0,1,13,6
3947,2,2006120000508,2,3,25,5,6,2,1,CV-235,19.6,19,6,1,1,5,2,3,3,2,2,1,2,2,2,1,7,7,8,1,1,1,9,14,1,1,1,NaN,2,NaN,30,30,NaN,,NaN,,NaN,NaN,NaN,NaN,1,4,1,1,1,1,1,2,2,1,1,1,1,1,1,1,1,1,1,2,2,1,700267.379,4419491.823,608.503,Cob,96,0,1,0,16,5
3949,2,2006120000509,2,3,26,4,7,3,1,CV-20,33.1,33,1,1,1,5,2,2,3,2,2,1,2,2,2,2,7,7,8,1,1,1,9,14,1,1,1,NaN,1,NaN,NaN,,NaN,,NaN,,NaN,64,60,NaN,1,4,1,1,1,1,1,1,2,1,1,1,1,1,1,1,1,1,1,2,1,1,722246.933,4436683.022,337.728,Cob,615,0,1,0,11,5
3951,2,2006120000518,2,3,26,6,7,3,2,CV-185,1,1,0,1,1,5,3,2,3,3,1,1,1,1,1,1,7,7,8,1,1,1,9,14,3,1,1,NaN,1,4,NaN,,NaN,,NaN,,NaN,NaN,NaN,NaN,1,4,1,1,1,1,1,1,2,1,1,1,1,1,1,1,1,1,1,2,1,1,749429.102,4420947.81,-1.875,Sec,13064,0,0,0,19,1
3952,2,2006120000538,2,3,28,3,2,1,1,CV-160,8.8,8,8,1,1,5,2,3,3,1,2,1,2,1,2,2,7,7,8,1,1,1,9,14,2,1,1,NaN,2,NaN,NaN,,NaN,,NaN,,68,NaN,60,NaN,1,4,2,1,1,1,1,1,1,1,1,1,1,1,1,1,1,1,1,2,1,1,748094.553,4442307.296,265.842,Cob,1311,0,0,1,10,1
3954,2,2006120000539,2,3,29,6,3,1,2,CV-18,3.2,3,2,1,1,5,3,2,3,3,2,1,1,1,1,1,5,1,4,1,1,1,9,14,1,1,1,NaN,2,3,NaN,,NaN,,NaN,,NaN,NaN,NaN,NaN,1,4,1,1,1,1,1,1,2,1,1,1,1,1,1,1,1,1,1,2,1,1,746876.191,4418048.856,-5.265,Cob,14656,1,0,0,18,6
3956,2,2006120000541,2,3,28,6,2,1,2,CV-20,7.5,7,5,0,1,5,3,1,3,1,2,2,1,1,1,1,5,1,8,1,1,1,9,14,1,1,1,NaN,2,3,NaN,,NaN,,NaN,,NaN,NaN,NaN,NaN,1,4,1,1,1,1,1,1,2,1,1,1,1,1,1,1,1,1,1,2,1,1,738283.264,4426972.499,107.51,Pri,18602,0,1,0,18,7
3961,2,2006120000548,2,3,31,6,5,1,3,CV-141,3,3,0,0,1,5,3,2,3,2,2,1,1,1,1,1,1,1,8,1,1,1,9,14,3,1,1,NaN,1,5,NaN,,NaN,,NaN,,NaN,NaN,NaN,NaN,1,4,2,1,1,1,1,1,2,1,1,1,1,1,1,1,1,1,1,2,1,1,787512.409,4475751.259,10.093,Cob,8103,0,0,0,18,7
3962,2,2006120000551,2,4,2,4,7,3,1,CV-195,9,9,0,1,1,5,1,3,3,1,2,1,2,2,2,1,7,7,5,1,1,1,9,14,2,1,3,NaN,1,NaN,NaN,,NaN,,NaN,,67,NaN,60,NaN,1,4,1,2,1,1,1,2,2,1,1,1,1,1,1,1,1,1,1,2,1,1,714288.678,4443747.586,779.982,Pri,869,0,0,1,11,3
3964,2,2006120000574,2,4,5,6,3,1,2,CV-18,6.9,6,9,0,1,5,3,2,3,3,2,1,1,1,1,1,7,7,8,1,1,1,9,14,2,1,1,NaN,1,1,NaN,,NaN,,NaN,,NaN,NaN,NaN,NaN,1,4,2,1,1,1,1,1,2,1,1,1,1,1,1,1,1,2,1,2,1,1,750369.414,4422163.408,-0.473,Cob,14656,0,2,0,17,1