Id,Ano,Numero_Accidente,Provincia,Mes,Dia,Hora,Dia_Semana,Tipo_Dia,Vehiculos_Implicados,Carretera,Pk,Km,Hm,Sentido,Zona,Tipo_Via,Anchura_Calzada,Anchura_Carril,Marcas_Viales,Arcen,Arcen_Pavimentado,Mediana,Barrera_Seguridad,Paneles_Direccionales,Hitos_Arista,Captafaros,Interseccion_Tipo,Interseccion_Acondicionamiento,Prioridad_Regulada_por,Superficie,Luminosidad,Factores_Atmosfericos,Visibilidad_Restringida_por,Otras_Circunstancias,Senalizacion_Peligro,Aceras,Arboles,Arboles_Metros_Calzada,Visibilidad_Senalizacion_Vertical,Colision_Vehiculos_Marcha,Colision_Vehiculo_Obstaculo_1,Colision_Vehiculo_Obstaculo_2,Atropello_1,Atropello_2,Vuelco_1,Vuelco_2,Salida_Sin_Colision,Salida_Con_Colision,Lado_Salida,Otro,Circulacion,Circulacion_Medidas_Especiales,Distraccion,Inexperiencia_Conductor,Alcohol_Drogas,Cansancio_Sueno,Enfermedad,Velocidad_Inadecuada,Infraccion_Norma_Circulacion,Estado_Condicion_Via,Estado_Condicion_Senalizacion,Tramo_Obras,Mal_Estado_Vehiculo,Averia_Mecanica,Meteorologia_Adversa,Irrupcion_Animal,Circular_Sentido_Contrario,Otro_Factor,Sin_Opinion_Definida,Pendiente,Curvatura,Peralte,GPS_x,GPS_y,GPS_z,Tipo_Est,IMD,N_Muertos,N_Graves,N_Leves,Hora_Real,Fuera_o_Interseccion
3965,2,2006120000576,2,4,4,6,2,1,1,CV-18,1.7,1,7,0,1,5,3,2,3,4,2,1,1,1,1,1,7,7,8,1,1,1,9,14,3,1,2,9,1,NaN,NaN,,NaN,,NaN,,66,NaN,60,NaN,1,4,2,1,1,1,1,1,1,1,1,1,1,1,1,1,1,1,1,2,1,2,751683.04,4426874.055,16.198,Pri,25702,0,0,1,19,1
3966,2,2006120000577,2,4,5,3,3,1,1,CV-10,7,7,0,0,1,2,3,2,3,5,2,2,2,2,2,2,7,7,8,1,1,1,9,14,1,1,1,NaN,1,NaN,NaN,,NaN,,NaN,,56,NaN,50,NaN,1,4,1,1,1,1,1,1,1,1,1,1,1,1,1,1,1,1,1,2,1,1,739848.572,4421730.062,75.969,Sec,30102,0,0,1,7,1
3968,2,2006120000592,2,4,10,2,1,1,1,CV-20,4.3,4,3,0,1,3,2,3,3,1,2,2,2,2,2,2,5,3,4,1,2,1,9,14,2,1,1,NaN,2,NaN,NaN,,NaN,,NaN,,NaN,63,60,NaN,1,4,2,1,1,1,1,2,1,1,1,1,1,1,1,1,1,1,1,2,1,1,741208.65,4426186.449,67.66,Pri,18602,0,0,1,6,6
3972,2,2006120000600,2,4,12,6,3,1,1,CV-165,0.4,0,4,0,1,5,1,3,3,1,2,1,1,2,1,1,7,7,8,1,4,1,9,14,1,1,1,NaN,1,NaN,NaN,,NaN,,NaN,,NaN,51,50,NaN,1,4,2,1,1,1,1,2,1,1,1,1,1,1,1,1,1,1,1,2,1,1,741105.249,4456472.17,372.573,Cob,1946,0,0,2,22,1
3980,2,2006120000605,2,4,13,4,4,1,3,CV-141,3,3,0,0,1,5,2,3,3,3,2,1,1,1,2,1,1,1,8,1,1,1,9,14,3,1,1,NaN,2,5,NaN,,NaN,,NaN,,NaN,NaN,NaN,NaN,1,4,1,1,1,1,1,1,2,1,1,1,1,1,1,1,1,1,1,2,1,1,787512.409,4475751.259,10.093,Cob,8103,0,0,7,13,6
3984,2,2006120000608,2,4,14,6,5,3,2,CV-141,2.6,2,6,1,1,5,2,2,3,1,2,1,1,1,1,1,1,1,8,1,4,1,9,14,2,1,3,NaN,1,2,NaN,,NaN,,NaN,,NaN,NaN,NaN,NaN,1,4,1,1,1,1,1,1,2,1,1,1,1,1,1,1,1,1,1,2,1,1,787187.573,4476164.662,9.707,Cob,8103,0,0,1,22,7
3986,2,2006120000609,2,4,15,3,6,3,1,CV-10,73.2,73,2,0,1,5,2,2,3,4,2,1,1,2,2,2,7,7,8,1,1,1,9,14,1,1,1,NaN,1,NaN,NaN,,NaN,,NaN,,56,NaN,50,NaN,1,4,1,1,1,1,1,2,1,1,1,1,1,1,1,1,1,1,1,2,1,1,767949.029,4476598.881,275.374,Pri,3094,0,0,1,8,1
3988,2,2006120000621,2,4,15,4,6,2,2,CV-21,12,12,0,1,1,5,2,2,3,3,2,1,1,1,1,1,7,7,8,1,1,1,9,14,3,1,1,NaN,2,4,NaN,,NaN,,NaN,,NaN,NaN,NaN,NaN,1,4,2,1,2,1,1,1,2,1,1,1,1,1,1,1,1,1,1,2,1,1,738989.185,4436692.164,160.085,Cob,5080,0,0,1,11,2
3989,2,2006120000623,2,4,13,6,4,1,1,CV-219,2.7,2,7,1,1,5,1,3,3,1,2,1,1,1,1,1,7,7,8,1,4,1,9,14,2,1,2,4,1,NaN,NaN,,NaN,,NaN,,NaN,61,60,NaN,1,4,1,1,1,1,1,2,1,1,1,1,1,1,1,1,1,1,1,2,1,1,730826.501,4417169.054,489.023,Cob,95,0,1,0,21,3
3991,2,2006120000625,2,4,15,6,6,3,1,CV-132,2.4,2,4,1,1,5,2,2,3,4,2,1,1,2,1,1,7,7,8,1,5,1,9,14,2,1,1,NaN,1,NaN,NaN,,NaN,,NaN,,56,NaN,50,NaN,1,4,1,1,1,1,1,2,1,1,1,1,1,1,1,1,1,1,1,2,1,1,768997.781,4486918.839,367.43,Sec,3095,0,0,0,20,3
3994,2,2006120000640,2,4,21,5,5,1,3,CV-10,12.5,12,5,1,1,7,1,2,4,3,2,1,2,1,1,1,7,7,8,1,1,1,9,14,2,1,1,NaN,1,4,NaN,,NaN,,NaN,,NaN,NaN,NaN,NaN,2,4,2,1,1,1,1,2,2,1,1,1,1,1,1,1,1,1,1,2,1,1,769828.801,4481056.2,307.58,Sec,25730,0,1,0,16,1
3995,2,2006120000642,2,4,21,5,5,1,1,CV-15,37,37,0,1,1,5,3,2,3,1,2,1,1,2,2,1,7,7,8,1,1,1,9,14,2,1,3,NaN,1,NaN,NaN,,NaN,,NaN,,66,NaN,60,NaN,1,4,1,1,1,1,1,2,1,1,1,1,1,1,1,1,1,1,1,2,1,1,751340.641,4472936.902,571.07,Cob,1305,0,0,2,16,2
3996,2,2006120000643,2,4,22,1,6,2,1,CV-10,50.7,50,7,0,1,5,3,2,3,3,2,1,1,1,2,1,7,7,8,1,4,1,9,14,3,1,3,NaN,1,NaN,NaN,,NaN,,NaN,,55,NaN,50,NaN,1,4,2,1,1,1,1,1,1,1,1,1,1,1,1,1,1,1,1,2,1,1,759553.858,4457059.905,311.259,Cob,4612,0,0,1,3,2
4000,2,2006120000651,2,4,21,5,5,1,2,CV-16,2.9,2,9,0,1,5,3,2,3,3,2,2,1,1,2,2,5,3,8,1,1,1,9,14,3,1,1,NaN,2,4,NaN,,NaN,,NaN,,NaN,NaN,NaN,NaN,1,4,1,1,1,1,1,1,2,1,1,1,1,1,1,1,1,1,1,2,1,1,746680.654,4432611.454,89.314,Sec,20949,0,0,0,15,6
4004,2,2006120000667,2,4,29,1,6,2,1,CV-195,27.6,27,6,1,1,5,2,3,3,2,2,1,2,2,1,1,7,7,8,1,5,1,3,4,1,1,1,NaN,2,NaN,NaN,,NaN,,NaN,,NaN,61,60,NaN,1,4,1,1,1,1,1,2,1,1,1,1,1,1,1,1,1,1,1,2,1,1,706691.84,4431319.912,752.978,Cob,302,0,1,1,3,4
4005,2,2006120000670,2,4,30,2,7,3,1,CV-20,2.2,2,2,1,1,5,3,2,3,3,2,2,1,1,1,1,5,6,4,1,5,1,2,14,1,1,3,NaN,2,NaN,NaN,,NaN,,NaN,,66,NaN,60,NaN,1,4,1,1,2,1,1,2,1,1,1,1,1,1,1,1,1,1,1,2,1,1,704466.934,4443082.185,599.299,Sec,14321,0,0,1,5,6
4009,2,2006120000685,2,5,3,3,3,1,2,CV-15,46.1,46,1,1,1,5,2,2,3,3,2,1,1,2,1,1,7,7,8,1,1,1,2,14,1,1,3,NaN,2,1,NaN,,NaN,,NaN,,NaN,NaN,NaN,NaN,1,4,1,1,1,1,1,2,1,1,1,1,1,1,1,1,1,1,1,2,1,2,751817.913,4466666.785,482.825,Cob,1575,0,1,1,9,5
4010,2,2006120000686,2,5,3,3,3,1,1,CV-222,8.5,8,5,0,1,5,2,2,3,3,2,1,2,1,1,1,7,7,8,3,1,4,9,14,3,1,1,NaN,1,5,NaN,,NaN,,NaN,,NaN,NaN,NaN,NaN,1,4,1,1,1,1,1,2,2,2,1,1,1,1,1,1,1,1,1,2,1,1,747291.287,4420760.661,8.797,Cob,11483,0,0,0,10,2
4012,2,2006120000687,2,5,3,5,3,1,2,CV-15,34,34,0,0,1,5,3,2,3,3,2,1,1,1,1,2,7,7,8,1,1,1,9,14,3,1,1,NaN,1,3,NaN,,NaN,,NaN,,NaN,NaN,NaN,NaN,1,4,1,1,1,1,1,1,1,1,1,1,1,1,1,1,1,1,2,2,1,1,753326.682,4471809.756,524.779,Sec,1889,0,0,0,15,1
4017,2,2006120000693,2,5,5,4,5,1,2,CV-10,45.2,45,2,0,1,5,3,2,3,4,2,1,1,1,2,2,6,5,3,1,1,1,9,14,3,1,1,NaN,2,NaN,NaN,,NaN,,NaN,,66,NaN,60,NaN,1,4,1,1,1,1,1,1,2,1,1,1,1,1,1,1,1,1,1,2,1,1,759245.112,4451694.684,260.128,Cob,4612,0,0,1,14,6
4019,2,2006120000694,2,5,5,6,5,1,1,CV-11,18.6,18,6,1,1,5,3,2,3,3,2,1,1,2,1,1,7,7,8,1,1,1,9,14,3,1,1,NaN,2,NaN,NaN,,NaN,,12,9,NaN,NaN,NaN,NaN,1,4,1,1,1,1,1,1,1,1,1,1,1,2,1,1,1,1,1,2,1,1,780599.65,4493191.765,193.182,Sec,4218,0,1,0,20,1
4021,2,2006120000695,2,5,4,4,4,1,2,CV-141,2.7,2,7,1,1,5,2,2,3,2,2,1,1,1,1,1,2,1,8,3,1,4,9,14,2,1,3,NaN,1,2,NaN,,NaN,,NaN,,NaN,NaN,NaN,NaN,1,4,1,1,1,1,1,1,2,1,1,1,1,1,1,1,1,1,1,2,1,2,787125.62,4476242.351,11.902,Cob,8103,0,0,0,14,7
4024,2,2006120000697,2,5,5,6,5,1,2,CV-190,9.9,9,9,0,1,5,3,2,3,1,2,1,2,1,1,1,1,1,3,1,2,1,9,14,1,2,1,NaN,2,2,NaN,,NaN,,NaN,,NaN,NaN,NaN,NaN,1,4,1,1,1,1,1,1,2,1,1,1,1,1,1,1,1,1,1,2,2,1,735472.285,4444729.946,342.513,Cob,2380,0,0,2,20,7
4025,2,2006120000699,2,5,6,2,6,4,1,CV-215,6,6,0,1,1,5,3,2,4,1,2,1,1,1,2,1,7,7,8,1,4,1,9,14,3,1,1,NaN,2,NaN,NaN,,NaN,,NaN,,NaN,54,50,NaN,1,4,2,1,1,1,1,1,1,1,1,1,1,1,1,1,1,1,1,2,1,1,723133.84,4421690.942,685.619,Cob,210,0,0,0,6,3
4028,2,2006120000705,2,5,7,6,7,3,1,CV-15,6,6,0,1,1,5,3,2,3,3,2,1,2,2,1,1,7,7,5,1,4,1,9,14,1,1,3,NaN,2,NaN,NaN,,NaN,,NaN,,55,NaN,50,NaN,1,4,2,1,1,2,1,2,2,1,1,1,1,1,1,1,1,1,1,2,1,1,732179.33,4479696.028,1115.437,Cob,5923,0,0,1,21,5
4030,2,2006120000710,2,5,9,1,2,1,1,CV-10,38.7,38,7,1,1,5,3,2,3,4,2,1,1,1,2,2,7,7,8,1,5,1,9,14,3,1,3,NaN,2,NaN,NaN,,21,24,NaN,,NaN,NaN,NaN,NaN,1,4,1,1,1,1,1,1,1,1,1,1,1,1,1,2,1,1,1,2,1,1,760081.52,4458120.766,288.161,Cob,8617,0,0,0,3,1
4032,2,2006120000712,2,5,8,6,1,1,2,CV-10,22.8,22,8,0,1,7,1,1,3,3,2,2,2,2,2,2,4,1,8,1,1,1,9,14,1,1,1,NaN,2,4,NaN,,NaN,,NaN,,NaN,NaN,NaN,NaN,1,4,2,1,1,1,1,2,1,1,1,1,1,1,1,1,1,1,1,2,1,2,748074.827,4433474.937,90.595,Pri,20526,0,1,0,17,6
4034,2,2006120000727,2,5,11,6,4,1,2,CV-18,10.9,10,9,0,1,5,3,2,3,4,2,2,1,1,1,1,7,7,8,1,5,1,9,14,3,1,1,NaN,1,4,NaN,,NaN,,NaN,,NaN,NaN,NaN,NaN,1,4,2,1,1,1,1,1,1,1,1,1,1,1,1,1,1,1,1,2,1,1,747904.046,4419516.788,-0.202,Cob,7475,0,0,1,22,1
4040,2,2006120000747,2,5,13,4,6,2,2,CV-10,57.8,57,8,1,1,5,3,2,3,4,2,1,1,1,2,1,7,7,8,1,1,1,9,14,2,1,1,NaN,1,1,NaN,,NaN,,NaN,,NaN,NaN,NaN,NaN,1,4,1,1,1,1,1,2,1,1,1,1,1,1,1,1,1,1,1,2,1,1,753994.048,4441085.692,218.086,Cob,4612,0,4,2,12,3
4042,2,2006120000757,2,5,12,5,5,1,2,CV-18,14,14,0,1,1,5,3,2,3,3,2,1,1,1,1,1,7,7,3,1,1,1,9,8,1,1,3,NaN,2,2,NaN,,NaN,,NaN,,NaN,NaN,NaN,NaN,1,3,1,1,1,1,1,1,2,1,1,1,1,1,1,1,1,1,1,2,1,1,751698.263,4426481.675,12.585,Cob,6436,0,0,0,15,1
4046,2,2006120000763,2,5,14,1,7,3,2,CV-10,15.6,15,6,0,1,2,3,2,3,4,2,2,2,1,2,2,7,7,1,1,5,1,9,14,3,1,1,NaN,1,4,NaN,,NaN,,NaN,,NaN,NaN,NaN,NaN,1,4,2,1,1,1,1,1,1,1,1,1,1,1,1,1,1,1,1,2,1,1,743347.83,4428899.942,77.172,Cob,20183,0,0,1,3,1
4048,2,2006120000767,2,5,16,4,2,1,2,CV-16,2,2,0,1,1,6,1,3,1,1,2,1,2,1,1,1,7,7,8,1,1,1,9,14,1,1,1,NaN,1,2,NaN,,NaN,,NaN,,NaN,NaN,NaN,NaN,1,4,2,1,1,1,1,1,2,1,1,1,1,1,1,1,2,1,1,2,1,1,741043.803,4437771.217,148.319,Sec,15546,0,0,1,13,1
4050,2,2006120000770,2,5,17,4,3,1,2,CV-15,1.2,1,2,0,1,5,3,3,3,3,2,1,2,1,2,2,7,7,8,1,1,1,9,14,2,1,3,NaN,2,1,NaN,,NaN,,NaN,,NaN,NaN,NaN,NaN,1,4,1,1,1,1,1,1,2,1,1,1,1,1,1,1,1,1,1,2,1,2,755709.325,4445099.949,266.023,Pri,9849,1,0,1,11,2
4053,2,2006120000773,2,5,15,5,1,1,1,CV-135,20.3,20,3,0,1,5,2,2,3,1,2,1,1,1,1,1,7,7,8,1,1,1,9,14,3,1,3,NaN,1,NaN,NaN,,NaN,,NaN,,66,NaN,60,NaN,1,4,2,1,2,1,1,1,1,1,1,1,1,1,1,1,1,1,1,2,1,1,788681.9,4481751.12,16.774,Pri,3782,0,0,0,15,1
4055,2,2006120000786,2,5,21,3,7,3,2,CV-230,16.6,16,6,1,1,5,3,1,4,3,2,1,1,1,1,1,1,1,8,1,1,1,9,14,3,1,1,NaN,1,2,NaN,,NaN,,NaN,,NaN,NaN,NaN,NaN,1,4,2,1,1,1,1,1,2,1,1,1,1,1,1,1,1,1,1,2,1,1,729452.181,4412470.576,390.228,Sec,2096,0,0,1,10,7
4056,2,2006120000799,2,5,23,6,2,1,1,CV-215,3,3,0,0,1,5,2,2,3,3,2,1,1,2,1,1,7,7,8,3,1,1,9,14,3,1,3,NaN,1,NaN,NaN,,NaN,,NaN,,NaN,53,50,NaN,1,4,1,1,1,1,1,2,1,2,1,1,1,1,1,1,1,1,1,2,2,1,724809.622,4421534.981,557.978,Cob,210,0,1,0,17,2
4057,2,2006120000804,2,5,23,1,2,1,1,CV-14,21.3,21,3,0,1,5,2,3,3,1,2,1,1,2,1,1,7,7,8,1,5,1,9,14,1,1,1,NaN,2,NaN,NaN,,NaN,,NaN,,65,NaN,60,NaN,1,4,2,1,1,1,1,1,1,1,1,1,1,1,1,1,1,1,1,2,1,1,738983.305,4513491.821,599.867,Pri,849,0,0,1,23,4
4058,2,2006120000805,2,5,23,4,2,1,1,CV-165,21.6,21,6,0,1,5,1,3,3,1,2,1,1,1,1,1,7,7,8,1,1,1,9,14,3,1,2,7,1,NaN,NaN,,NaN,,NaN,,66,NaN,60,NaN,1,4,2,1,1,1,1,1,1,1,1,1,1,1,1,1,1,1,1,2,1,2,749889.203,4472312.667,594.858,Cob,495,0,1,0,12,1
4060,2,2006120000809,2,5,24,3,3,1,2,CV-17,0,0,0,1,1,5,3,2,4,3,2,1,2,1,1,1,5,2,4,1,1,1,9,14,1,1,3,NaN,2,4,NaN,,NaN,,NaN,,NaN,NaN,NaN,NaN,1,4,2,1,1,1,1,1,1,1,1,1,1,1,1,1,1,1,1,2,2,1,745718.594,4430628.172,72.343,Sec,18228,0,0,0,8,6
4064,2,2006120000814,2,5,26,6,5,1,2,CV-141,2.2,2,2,1,1,5,3,2,3,3,2,1,1,1,1,2,7,7,8,1,1,1,9,14,3,1,1,NaN,2,4,NaN,,NaN,,NaN,,NaN,NaN,NaN,NaN,1,4,2,1,2,1,1,1,1,1,1,1,1,1,1,1,1,1,1,2,1,1,787435.426,4475853.89,10.551,Cob,8103,0,0,0,19,1
4066,2,2006120000817,2,5,27,4,6,2,1,CV-15,31.6,31,6,1,1,5,2,3,3,3,2,1,1,1,1,1,2,1,3,1,1,1,9,14,1,1,1,NaN,1,NaN,NaN,,21,21,NaN,,NaN,NaN,NaN,NaN,1,4,1,1,1,1,1,1,2,1,1,1,1,1,1,1,1,1,1,2,1,1,746528.367,4474839.708,668.722,Per,2670,0,0,2,13,7
4072,2,2006120000823,2,5,28,5,7,3,2,CV-135,3.8,3,8,0,1,5,2,2,3,1,2,1,1,2,1,1,7,7,8,1,1,1,9,14,2,1,1,NaN,2,3,NaN,,NaN,,NaN,,NaN,NaN,NaN,NaN,1,4,1,1,1,1,1,1,2,1,1,1,1,1,1,1,1,1,1,2,1,2,775862.345,4484433.879,246.578,Cob,512,0,0,3,16,3
4075,2,2006120000841,2,5,31,6,3,1,1,CV-10,23,23,0,0,1,2,1,2,3,4,2,1,2,2,2,2,1,1,8,3,1,4,9,14,3,1,3,NaN,2,NaN,NaN,,NaN,,NaN,,NaN,54,50,NaN,1,4,2,1,1,1,1,1,1,1,1,1,1,1,1,1,1,1,1,2,1,2,748230.862,4433595.044,92.248,Pri,20526,0,0,0,17,6
4077,2,2006120000851,2,5,28,4,7,3,2,CV-141,0.9,0,9,0,1,5,2,2,3,1,2,1,1,1,2,1,7,7,8,1,1,1,9,14,3,1,3,NaN,1,2,NaN,,NaN,,NaN,,NaN,NaN,NaN,NaN,1,4,1,1,1,1,1,1,2,1,1,1,1,1,1,1,1,1,1,2,1,1,786083.889,4477206.414,30.829,Cob,8103,0,0,0,12,1
4078,2,2006120000853,2,6,1,3,4,1,1,CV-141,2.8,2,8,0,1,5,2,2,3,3,2,1,1,1,2,1,7,7,8,1,1,1,9,14,3,1,1,NaN,1,NaN,NaN,,21,24,NaN,,NaN,NaN,NaN,NaN,1,4,1,1,1,1,1,1,1,1,1,1,1,1,1,2,1,1,1,2,1,1,787388.341,4475906.167,9.566,Cob,8103,0,0,0,8,1
4083,2,2006120000898,2,6,12,2,1,4,1,CV-18,3.3,3,3,1,1,5,2,2,3,4,2,1,2,1,1,1,7,7,8,1,1,1,9,14,1,1,1,NaN,2,NaN,NaN,,NaN,,NaN,,NaN,53,50,NaN,1,4,1,1,1,2,1,1,1,1,1,1,1,1,1,1,1,1,1,2,1,1,746959.378,4418104.347,-5.167,Cob,14656,0,0,1,6,2
4085,2,2006120000900,2,6,11,1,7,3,2,CV-18,5.2,5,2,0,1,5,3,2,3,4,2,1,1,2,1,1,7,7,8,1,5,1,9,14,2,1,1,NaN,1,3,NaN,,NaN,,NaN,,NaN,NaN,NaN,NaN,1,4,1,1,1,1,1,1,2,1,1,1,1,1,1,1,1,1,1,2,1,1,750894.326,4423736.06,6.451,Cob,14656,0,0,2,3,1
4088,2,2006120000912,2,6,10,4,6,2,2,CV-190,3,3,0,1,1,5,2,2,3,3,2,1,1,1,1,1,7,7,8,3,1,4,2,14,1,1,3,NaN,2,2,NaN,,NaN,,NaN,,NaN,NaN,NaN,NaN,1,4,1,1,1,1,1,2,2,2,1,1,1,1,2,1,1,1,1,2,1,1,708426.011,4449167.365,906.413,Cob,5270,0,0,0,11,5
4090,2,2006120000919,2,6,17,5,6,2,2,CV-17,0.5,0,5,1,1,5,3,2,3,4,2,1,2,2,2,2,7,7,8,1,1,1,9,14,2,1,1,NaN,2,1,NaN,,NaN,,NaN,,NaN,NaN,NaN,NaN,1,4,1,1,1,1,1,1,2,1,1,1,1,1,1,1,1,1,1,2,1,2,745820.005,4430898.361,80.545,Sec,18228,0,0,0,15,2
4091,2,2006120000920,2,6,17,3,6,2,1,CV-191,2.1,2,1,0,1,5,3,2,3,2,2,1,1,2,1,1,7,7,8,1,1,1,2,14,1,1,1,NaN,2,NaN,NaN,,NaN,,NaN,,NaN,53,50,NaN,1,4,1,1,1,1,1,2,1,1,1,1,1,1,1,1,1,1,1,2,1,2,733315.954,4431265.173,212.221,Cob,5265,0,0,1,7,3
4094,2,2006120000921,2,6,17,4,6,2,3,CV-20,13.4,13,4,0,1,5,3,2,3,2,2,1,1,2,1,1,7,7,8,1,1,1,1,14,1,1,1,NaN,2,5,NaN,,NaN,,NaN,,NaN,NaN,NaN,NaN,3,3,2,1,1,1,1,1,1,1,1,1,1,1,1,1,1,1,1,2,1,1,733606.62,4428890.453,170.528,Cob,6462,0,0,3,11,2
4096,2,2006120000922,2,6,17,5,6,2,2,CV-135,21.1,21,1,1,1,5,2,2,3,1,2,1,1,1,1,1,1,1,8,1,1,1,9,14,2,1,3,NaN,1,2,NaN,,NaN,,NaN,,NaN,NaN,NaN,NaN,1,4,1,1,1,1,1,1,2,1,1,1,1,1,1,1,1,1,1,2,1,1,773885.137,4485665.067,310.181,Pri,3782,0,0,0,15,6
4097,2,2006120000926,2,6,20,2,2,1,1,CV-11,13,13,0,0,1,5,3,2,3,3,2,1,1,1,2,1,7,7,8,1,5,1,9,14,3,1,1,NaN,2,NaN,NaN,,21,24,NaN,,NaN,NaN,NaN,NaN,1,4,1,1,1,1,1,1,1,1,1,1,1,1,1,2,1,1,1,2,1,1,784926.213,4499110.368,199.717,Sec,4218,0,0,0,5,1
4099,2,2006120000930,2,6,20,4,2,1,2,CV-16,7.2,7,2,0,1,5,3,2,3,3,2,2,2,1,2,2,5,1,8,1,1,1,9,14,1,1,1,NaN,1,2,NaN,,NaN,,NaN,,NaN,NaN,NaN,NaN,1,4,1,1,1,1,1,1,2,1,1,1,1,1,1,1,1,1,1,2,2,1,743543.478,4435103.854,147.458,Sec,20949,0,0,0,14,6
4103,2,2006120000931,2,6,20,5,2,1,4,CV-10,28.5,28,5,1,1,2,3,2,3,4,2,2,2,1,2,2,1,1,8,1,1,1,9,14,1,1,1,NaN,2,5,NaN,,NaN,,NaN,,NaN,NaN,NaN,NaN,1,4,2,1,1,1,1,1,2,1,1,1,1,1,1,1,1,1,1,2,1,1,764734.122,4466783.403,162.697,Sec,15843,0,0,0,16,6
4107,2,2006120000942,2,6,23,6,5,1,1,CV-20,13.3,13,3,0,1,5,3,2,4,2,2,1,1,2,1,1,7,7,5,1,1,1,2,14,1,1,1,NaN,2,NaN,NaN,,NaN,,NaN,,NaN,63,60,NaN,1,4,2,1,1,1,1,1,1,1,1,1,1,1,1,1,1,2,1,2,1,2,733614.618,4428790.334,170.03,Cob,6462,0,0,2,19,1
4109,2,2006120000943,2,6,22,6,4,1,1,CV-10,7.8,7,8,1,1,2,3,2,3,4,2,2,2,1,2,2,7,7,8,1,1,1,9,14,2,1,3,NaN,2,NaN,NaN,,NaN,,NaN,,56,NaN,50,NaN,1,4,2,1,1,1,1,1,1,1,1,1,1,1,1,1,1,1,1,2,1,1,771086.024,4484597.727,304.02,Sec,30102,0,0,3,18,2
4111,2,2006120000954,2,6,25,1,7,3,1,CV-16,6.8,6,8,0,1,5,3,2,2,1,2,1,1,1,1,1,5,2,4,1,4,1,9,13,1,2,1,NaN,2,NaN,NaN,,NaN,,NaN,,NaN,63,60,NaN,1,4,1,1,1,1,1,2,1,1,1,1,2,1,1,1,1,1,1,2,1,1,743831.62,4434866.979,139.683,Sec,20949,0,0,1,1,6
4113,2,2006120000957,2,6,25,6,7,3,2,CV-15,12,12,0,0,1,5,2,3,3,3,2,1,1,1,1,1,7,7,8,1,5,1,9,14,1,1,1,NaN,2,2,NaN,,NaN,,NaN,,NaN,NaN,NaN,NaN,1,4,2,1,1,2,1,1,2,1,1,1,1,1,1,1,1,1,1,2,1,2,750975.596,4453699.838,303.782,Cob,5721,0,0,1,21,1
4118,2,2006120000967,2,6,26,6,1,4,2,CV-10,16.1,16,1,1,1,5,3,1,3,1,2,1,2,2,1,1,7,7,8,1,1,1,9,14,1,1,1,NaN,2,1,NaN,,NaN,,NaN,,NaN,NaN,NaN,NaN,1,4,2,2,1,1,1,2,2,1,1,1,1,1,1,1,1,1,1,2,1,1,768561.833,4477727.451,280.612,Cob,20183,0,3,4,18,4
4126,2,2006120000970,2,6,28,4,3,1,2,CV-20,4.3,4,3,0,1,5,3,1,3,2,2,1,2,1,1,1,5,2,4,1,1,1,2,14,1,1,1,NaN,2,3,NaN,,NaN,,NaN,,NaN,NaN,NaN,NaN,2,4,2,1,1,1,1,1,1,1,1,1,1,1,1,1,1,1,1,2,1,1,741208.65,4426186.449,67.66,Pri,18602,0,0,1,13,6
4128,2,2006120000971,2,6,28,5,3,1,1,CV-125,10.3,10,3,1,1,5,2,3,3,3,2,1,1,2,1,1,7,7,8,1,1,1,2,14,1,1,1,NaN,2,NaN,NaN,,NaN,,NaN,,NaN,63,60,NaN,1,4,1,1,1,1,1,2,1,1,1,1,1,1,1,1,1,1,1,2,1,1,732635.158,4492298.433,1124,Cob,662,0,1,0,15,4
4129,2,2006120000972,2,6,28,6,3,1,1,CV-195,18.1,18,1,0,1,5,2,3,3,2,2,1,1,2,2,1,7,7,8,3,1,5,4,14,1,1,3,NaN,2,NaN,NaN,,NaN,,NaN,,NaN,52,50,NaN,1,4,1,1,1,1,1,2,2,1,1,1,1,1,2,1,1,1,1,2,1,1,708946.645,4434755.322,543.606,Pri,869,0,0,0,17,5
4133,2,2006120000989,2,7,2,3,7,3,2,CV-15,25.3,25,3,0,1,5,2,3,3,3,2,1,2,1,1,1,7,7,8,1,1,1,3,14,2,1,1,NaN,1,1,NaN,,NaN,,NaN,,NaN,NaN,NaN,NaN,1,4,1,1,1,2,1,1,2,1,1,1,1,1,1,1,1,1,1,2,1,1,751043.757,4465061.293,460.986,Per,2670,0,5,0,8,3
4134,2,2006120000991,2,7,2,4,7,3,1,CV-215,0.2,0,2,1,1,5,3,2,3,3,2,1,2,1,1,1,7,7,8,1,1,1,9,14,2,1,1,NaN,1,NaN,NaN,,NaN,,NaN,,66,NaN,60,NaN,1,4,1,1,2,1,1,1,1,1,1,1,1,1,1,1,1,1,1,3,1,1,718966.213,4421883.006,461.699,Cob,210,0,0,0,13,3
4140,2,2006120000995,2,7,2,5,7,3,3,CV-11,19.3,19,3,1,1,5,2,2,3,1,2,1,2,1,1,1,7,7,5,1,1,1,9,14,1,1,1,NaN,1,5,NaN,,NaN,,NaN,,NaN,NaN,NaN,NaN,1,4,1,1,1,1,1,2,1,1,1,1,1,1,1,1,1,1,1,2,1,1,780230.095,4492729.454,202.665,Sec,4218,0,0,1,15,1