Id,Ano,Numero_Accidente,Provincia,Mes,Dia,Hora,Dia_Semana,Tipo_Dia,Vehiculos_Implicados,Carretera,Pk,Km,Hm,Sentido,Zona,Tipo_Via,Anchura_Calzada,Anchura_Carril,Marcas_Viales,Arcen,Arcen_Pavimentado,Mediana,Barrera_Seguridad,Paneles_Direccionales,Hitos_Arista,Captafaros,Interseccion_Tipo,Interseccion_Acondicionamiento,Prioridad_Regulada_por,Superficie,Luminosidad,Factores_Atmosfericos,Visibilidad_Restringida_por,Otras_Circunstancias,Senalizacion_Peligro,Aceras,Arboles,Arboles_Metros_Calzada,Visibilidad_Senalizacion_Vertical,Colision_Vehiculos_Marcha,Colision_Vehiculo_Obstaculo_1,Colision_Vehiculo_Obstaculo_2,Atropello_1,Atropello_2,Vuelco_1,Vuelco_2,Salida_Sin_Colision,Salida_Con_Colision,Lado_Salida,Otro,Circulacion,Circulacion_Medidas_Especiales,Distraccion,Inexperiencia_Conductor,Alcohol_Drogas,Cansancio_Sueno,Enfermedad,Velocidad_Inadecuada,Infraccion_Norma_Circulacion,Estado_Condicion_Via,Estado_Condicion_Senalizacion,Tramo_Obras,Mal_Estado_Vehiculo,Averia_Mecanica,Meteorologia_Adversa,Irrupcion_Animal,Circular_Sentido_Contrario,Otro_Factor,Sin_Opinion_Definida,Pendiente,Curvatura,Peralte,GPS_x,GPS_y,GPS_z,Tipo_Est,IMD,N_Muertos,N_Graves,N_Leves,Hora_Real,Fuera_o_Interseccion
4143,2,2006120001013,2,7,8,1,6,2,1,CV-18,14.9,14,9,0,1,5,3,2,3,4,2,2,2,1,2,2,5,1,4,1,5,1,9,14,1,1,1,NaN,2,NaN,NaN,,NaN,,NaN,,NaN,52,50,NaN,1,4,2,1,1,1,1,2,1,1,1,1,1,1,1,1,1,1,1,2,1,1,745078.02,4416875.032,-4.27,Cob,6436,0,3,0,23,6
4149,2,2006120001015,2,7,8,6,6,2,3,CV-185,3.1,3,1,0,1,5,3,2,3,4,2,1,1,1,1,1,7,7,5,1,1,1,9,14,1,1,3,NaN,2,5,NaN,,NaN,,NaN,,NaN,NaN,NaN,NaN,1,4,1,1,1,1,2,1,1,1,1,1,1,1,1,1,1,1,1,2,1,1,749206.015,4421518.804,0.355,Sec,13064,0,2,1,17,1
4152,2,2006120001021,2,7,8,6,6,2,1,CV-195,2,2,0,1,1,5,3,2,3,3,2,1,1,2,2,2,7,7,8,1,1,1,9,14,2,1,1,NaN,1,NaN,NaN,,NaN,,NaN,,56,NaN,50,NaN,1,4,1,1,1,1,1,2,2,1,1,1,1,1,1,1,1,1,1,2,1,1,718514.89,4444933.706,777.825,Cob,2498,0,0,0,18,3
4156,2,2006120001028,2,7,10,4,1,4,2,CV-135,21.8,21,8,0,1,5,2,3,3,1,2,1,1,1,1,1,7,7,8,1,1,1,8,14,3,1,1,NaN,2,2,NaN,,NaN,,NaN,,NaN,NaN,NaN,NaN,2,4,1,1,1,1,1,1,2,1,1,1,1,1,1,1,1,1,1,2,1,1,789726.16,4480848.429,-4.847,Pri,3782,0,1,0,13,2
4160,2,2006120001053,2,7,12,3,3,1,2,CV-21,4.7,4,7,1,1,5,3,2,3,3,2,1,1,2,1,1,7,7,5,1,1,1,7,14,1,1,1,NaN,2,4,NaN,,NaN,,NaN,,NaN,NaN,NaN,NaN,1,4,2,1,1,1,1,2,1,1,1,1,1,1,1,1,1,1,1,2,1,1,737984.522,4430899.868,146.905,Sec,5936,0,0,1,7,2
4161,2,2006120001056,2,7,13,6,4,1,1,CV-20,7.3,7,3,1,1,5,3,1,3,3,2,2,1,1,1,1,5,1,4,1,3,1,2,14,1,2,1,NaN,2,NaN,NaN,,NaN,,NaN,,NaN,63,60,NaN,1,4,2,1,1,1,1,2,1,1,1,1,1,1,1,1,1,1,1,2,1,1,707280.149,4441304.177,581.198,Pri,18602,0,0,1,21,7
4164,2,2006120001060,2,7,13,5,4,1,1,CV-16,3,3,0,1,1,5,3,1,3,2,2,2,2,1,1,1,5,6,5,1,1,1,9,14,1,1,1,NaN,2,NaN,NaN,,NaN,,12,9,NaN,NaN,NaN,NaN,1,4,2,1,1,1,1,2,1,1,1,1,1,1,1,1,1,1,1,2,2,2,741647.342,4437095.655,126.641,Sec,20949,0,1,0,16,6
4166,2,2006120001068,2,7,16,4,7,3,1,CV-149,1.6,1,6,1,1,5,1,3,3,2,2,1,1,1,1,1,7,7,8,1,1,1,9,14,2,1,1,NaN,1,NaN,NaN,,NaN,,NaN,,NaN,63,60,NaN,1,4,2,1,1,1,1,1,1,1,1,1,1,1,1,1,1,1,1,2,1,1,757301.332,4435201.073,-17.43,Sec,0,0,0,1,12,1
4169,2,2006120001084,2,7,18,3,2,1,2,CV-16,4.9,4,9,1,1,5,2,2,3,1,2,2,1,1,1,1,7,7,2,1,1,1,9,14,1,1,3,NaN,2,4,NaN,,NaN,,NaN,,NaN,NaN,NaN,NaN,1,4,2,1,1,1,1,1,1,1,1,1,1,1,1,1,1,1,1,2,1,1,743147.492,4436420.644,128.734,Sec,20949,0,0,1,9,2
4170,2,2006120001101,2,7,19,3,3,1,1,CV-245,25.8,25,8,0,1,5,2,2,3,1,2,1,2,2,1,1,7,7,8,1,1,1,9,14,1,1,1,NaN,2,NaN,NaN,,NaN,,NaN,,NaN,54,50,NaN,1,4,1,1,1,1,1,2,2,1,1,1,1,1,1,1,1,1,1,2,2,1,703768.728,4412185.619,903.197,Cob,1351,0,1,0,8,5
4171,2,2006120001103,2,7,20,2,4,1,1,CV-18,15,15,0,0,1,2,3,2,3,4,2,2,2,2,1,1,5,1,4,1,5,1,9,14,1,1,1,NaN,2,NaN,NaN,,NaN,,NaN,,NaN,52,50,NaN,1,4,1,1,1,1,1,2,1,1,1,1,1,1,1,1,1,1,1,2,1,2,744982.013,4416861.504,-2.159,Cob,5104,0,0,1,6,6
4174,2,2006120001120,2,7,22,5,6,2,1,CV-135,18.5,18,5,1,1,5,2,2,3,1,2,1,1,1,1,1,7,7,8,1,1,1,9,14,3,1,1,NaN,2,NaN,NaN,,NaN,,NaN,,66,NaN,60,NaN,1,4,1,1,1,1,1,1,2,1,1,1,1,1,1,1,1,1,1,2,1,1,776081.147,4484368.502,251.996,Pri,3782,0,1,0,16,1
4175,2,2006120001121,2,7,20,6,4,1,1,CV-223,11.4,11,4,1,1,5,3,3,3,3,2,1,2,2,1,1,7,7,8,1,2,1,9,14,1,1,3,NaN,2,NaN,NaN,,NaN,,NaN,,NaN,NaN,NaN,71,1,4,1,2,1,1,1,2,2,1,1,1,1,1,1,1,1,1,1,2,1,1,727232.622,4422101.991,428.379,Cob,494,0,1,1,21,5
4179,2,2006120001136,2,7,25,3,2,1,1,CV-235,9.8,9,8,0,1,5,2,3,3,3,2,1,2,2,1,1,7,7,8,1,1,1,9,14,1,1,3,NaN,2,NaN,NaN,,NaN,,NaN,,67,NaN,60,NaN,1,4,1,1,1,1,1,2,1,1,1,1,1,1,1,1,1,1,1,2,1,2,698469.311,4418942.109,668.315,Cob,883,0,0,0,10,5
4183,2,2006120001152,2,7,29,4,6,2,1,CV-195,16.8,16,8,0,1,5,3,2,3,3,2,1,2,2,2,1,7,7,8,1,1,1,9,14,1,1,3,NaN,2,NaN,NaN,,NaN,,NaN,,NaN,52,50,NaN,1,4,2,2,1,1,1,2,1,1,1,1,1,1,1,1,1,1,1,2,1,1,708389.037,4433662.79,584.901,Pri,869,1,0,3,11,5
4185,2,2006120001156,2,7,30,4,7,3,1,CV-195,21,21,0,1,1,5,3,2,3,2,2,1,2,2,1,1,7,7,8,1,1,1,2,14,3,1,1,NaN,2,NaN,NaN,,NaN,,12,9,NaN,NaN,NaN,NaN,1,4,1,1,1,1,1,2,2,1,1,1,1,1,1,1,1,1,1,2,2,3,709549.671,4435911.682,522.934,Pri,869,0,0,3,13,5
4188,2,2006120001167,2,7,30,1,7,3,1,CV-15,59.5,59,5,1,1,5,2,2,3,1,2,1,1,1,1,1,7,7,8,1,5,1,9,14,2,1,1,NaN,1,NaN,NaN,,NaN,,NaN,,NaN,62,60,NaN,1,4,2,1,2,1,1,1,1,1,1,1,1,1,1,1,1,1,1,2,1,1,749685.327,4454661.066,268.542,Sec,1280,0,2,0,3,1
4191,2,2006120001173,2,8,2,4,3,1,1,CV-18,8.4,8,4,0,1,5,3,1,4,2,2,1,1,1,1,1,5,6,4,1,1,1,2,14,1,2,3,NaN,2,NaN,NaN,,NaN,,NaN,,NaN,63,60,NaN,1,4,1,1,1,1,1,2,2,1,1,1,2,1,1,1,1,1,1,2,1,1,749805.02,4420896.946,-4.068,Sec,12752,0,0,1,11,6
4192,2,2006120001185,2,8,4,3,5,1,1,CV-20,49.8,49,8,1,1,5,2,3,3,4,2,1,1,1,1,1,7,7,8,1,1,1,9,6,3,1,1,NaN,1,NaN,NaN,,NaN,,NaN,,68,NaN,60,NaN,1,4,1,1,2,2,1,1,1,1,1,1,1,1,1,1,1,1,1,2,1,1,732012.105,4430548.475,266.637,Cob,615,0,0,0,8,1
4194,2,2006120001189,2,8,4,6,5,1,2,CV-216,0.5,0,5,0,1,5,3,2,3,1,2,1,1,1,1,1,1,2,3,1,1,1,9,14,3,1,1,NaN,2,2,NaN,,NaN,,NaN,,NaN,NaN,NaN,NaN,1,4,1,1,1,1,1,1,2,1,1,1,1,1,1,1,1,1,1,2,1,1,713873.553,4415995.345,393.826,Cob,235,0,0,0,18,7
4198,2,2006120001190,2,8,5,3,6,2,1,CV-11,18.1,18,1,0,1,5,2,2,3,3,2,1,1,2,1,1,7,7,8,1,1,1,9,14,1,1,1,NaN,2,NaN,NaN,,NaN,,NaN,,NaN,51,50,NaN,1,4,2,1,1,1,1,1,1,1,1,1,1,1,1,1,1,1,1,2,1,1,789016.681,4495990.704,117.625,Sec,4218,0,0,3,10,4
4202,2,2006120001197,2,8,6,4,7,3,2,CV-20,24.8,24,8,1,1,5,2,2,3,3,2,1,2,2,1,2,7,7,8,1,1,1,9,14,1,1,1,NaN,2,NaN,NaN,,NaN,,NaN,,NaN,64,60,NaN,1,4,1,1,1,1,1,1,2,1,1,1,1,1,1,1,1,1,1,2,1,1,716769.038,4437805.512,377.368,Cob,615,0,1,0,11,5
4204,2,2006120001206,2,8,4,3,5,1,1,CV-10,6.5,6,5,1,1,2,3,2,3,4,2,2,2,2,2,2,7,7,8,1,1,1,9,14,3,1,1,NaN,1,NaN,NaN,,NaN,,NaN,,NaN,64,60,NaN,1,4,1,1,1,1,1,1,1,1,1,1,1,1,1,1,1,1,2,2,1,2,772189.931,4485152.31,291.513,Sec,30102,0,0,1,8,2
4205,2,2006120001221,2,8,8,4,2,1,1,CV-10,46.3,46,3,0,1,5,3,2,3,4,2,1,1,1,1,1,7,7,8,1,1,1,9,14,3,1,1,NaN,1,NaN,NaN,,NaN,,NaN,,NaN,51,50,NaN,1,4,1,1,1,1,1,1,1,1,1,1,1,2,1,1,1,1,1,2,1,1,759350.535,4452777.925,259.203,Cob,4612,0,0,2,11,1
4217,2,2006120001224,2,8,10,1,4,1,2,CV-141,4,4,0,0,1,5,2,2,3,3,2,1,1,1,1,1,7,7,8,1,4,1,9,14,3,1,1,NaN,2,1,NaN,,NaN,,NaN,,NaN,NaN,NaN,NaN,1,4,2,1,1,1,1,1,1,1,1,1,1,1,1,1,1,1,1,2,1,1,788020.874,4474787.929,-2.665,Cob,8103,0,2,12,0,1
4219,2,2006120001225,2,8,10,3,4,1,1,CV-141,0,0,0,1,1,5,2,2,3,3,2,1,1,2,2,2,5,2,4,1,1,1,9,14,1,1,1,NaN,1,NaN,NaN,,NaN,,NaN,,NaN,52,50,NaN,1,4,1,1,1,1,1,2,1,1,1,1,1,1,1,1,1,1,1,2,1,1,788413.217,4473920.958,-12.052,Cob,8103,0,1,0,7,6
4220,2,2006120001249,2,8,12,4,6,2,1,CV-195,13.9,13,9,1,1,5,2,3,3,1,2,1,2,2,1,1,7,7,8,1,1,1,9,14,1,1,1,NaN,2,NaN,NaN,,NaN,,NaN,,NaN,64,60,NaN,1,4,2,2,1,1,1,2,2,1,1,1,1,1,1,1,1,1,1,2,1,1,712861.404,4440421.791,456.08,Pri,869,0,0,1,14,5
4222,2,2006120001250,2,8,13,3,7,3,2,CV-216,1,1,0,0,1,5,2,2,3,2,1,1,1,1,1,1,7,7,8,1,1,1,2,14,1,1,1,NaN,2,NaN,NaN,,NaN,,NaN,,NaN,54,50,NaN,1,4,1,1,1,1,1,2,2,1,1,1,1,1,1,1,1,1,1,2,1,1,713458.674,4415976.737,406.15,Cob,235,0,1,0,9,5
4227,2,2006120001260,2,8,15,4,2,3,2,CV-20,8.5,8,5,1,1,5,3,2,3,3,2,2,2,1,2,2,5,1,8,1,1,1,9,14,3,2,3,NaN,2,4,NaN,,NaN,,NaN,,NaN,NaN,NaN,NaN,1,4,1,1,2,1,1,1,1,1,1,1,1,1,1,1,1,1,1,2,2,3,707519.599,4440544.03,583.757,Pri,18602,0,0,0,12,6
4228,2,2006120001261,2,8,13,1,7,3,1,CV-11,19.3,19,3,0,1,5,3,2,3,3,2,1,1,1,2,1,7,7,8,1,5,1,9,14,3,1,1,NaN,2,NaN,NaN,,NaN,,12,9,NaN,NaN,NaN,NaN,1,4,2,1,1,1,1,1,1,1,1,1,1,1,1,1,1,1,1,2,1,1,789830.901,4495124.538,99.759,Sec,4218,0,0,1,0,1
4229,2,2006120001276,2,8,17,5,4,1,1,CV-222,8.3,8,3,1,1,5,3,2,3,3,2,1,2,2,2,2,7,7,8,3,1,4,9,14,1,1,1,NaN,2,NaN,NaN,,NaN,,NaN,,NaN,54,50,NaN,1,4,1,1,1,1,1,2,1,1,1,1,1,1,1,1,1,1,1,2,1,1,741092.492,4423024.202,61.466,Cob,11483,0,0,0,16,5
4231,2,2006120001279,2,8,19,1,6,1,2,CV-141,0.1,0,1,1,1,5,2,2,3,3,2,1,1,1,2,1,3,6,3,1,3,1,9,14,1,1,1,NaN,2,4,NaN,,NaN,,NaN,,NaN,NaN,NaN,NaN,1,4,2,1,1,1,1,1,1,1,1,1,1,1,1,1,1,1,1,2,2,1,788395.319,4474020.073,-10.539,Cob,8103,0,0,0,0,6
4233,2,2006120001285,2,8,19,2,6,2,2,CV-165,10.9,10,9,0,1,5,2,2,3,3,2,1,1,1,1,1,7,7,8,1,4,1,2,14,1,1,3,NaN,2,1,NaN,,NaN,,NaN,,NaN,NaN,NaN,NaN,1,4,1,1,1,1,1,1,2,1,1,1,1,1,1,1,1,1,1,2,1,1,746545.257,4465116.793,578.318,Cob,1946,0,0,0,6,2
4235,2,2006120001301,2,8,23,3,3,1,2,CV-18,11.5,11,5,1,1,5,3,2,3,3,2,2,1,1,1,1,5,6,4,1,1,1,9,14,1,1,3,NaN,2,2,NaN,,NaN,,NaN,,NaN,NaN,NaN,NaN,1,4,1,1,1,1,1,1,2,1,1,1,1,1,1,1,1,1,1,2,1,2,751079.746,4424317.527,9.849,Cob,7475,0,1,0,8,6
4236,2,2006120001303,2,8,18,4,5,1,1,CV-230,23.3,23,3,0,1,5,2,3,3,1,2,1,1,1,1,1,7,7,8,1,1,1,9,14,2,1,1,NaN,1,NaN,NaN,,NaN,,NaN,,NaN,63,60,NaN,1,4,2,1,1,1,1,1,1,1,1,1,1,1,1,1,1,1,1,2,1,1,738025.912,4409322.234,52.507,Cob,11815,0,0,1,11,1
4238,2,2006120001313,2,8,28,3,1,4,2,CV-195,0.6,0,6,0,1,5,2,2,3,2,1,1,1,1,1,1,7,7,8,1,1,1,9,8,1,1,1,NaN,2,4,NaN,,NaN,,NaN,,NaN,NaN,NaN,NaN,1,4,2,1,1,1,1,1,2,1,1,1,1,1,1,1,1,1,1,2,1,2,707500.822,4421800.921,509.025,Cob,2498,0,1,0,8,1
4242,2,2006120001321,2,8,28,3,1,1,2,CV-11,12.5,12,5,1,1,5,3,2,3,2,2,1,1,1,2,2,1,1,8,1,1,1,9,14,3,1,1,NaN,2,2,NaN,,NaN,,NaN,,NaN,NaN,NaN,NaN,1,4,1,1,1,1,1,1,2,1,1,1,1,1,1,1,1,1,1,2,1,1,783272.964,4498539.787,218.399,Sec,4218,0,1,2,8,6
4243,2,2006120001327,2,8,27,4,7,3,1,CV-20,42,42,0,0,1,5,2,2,3,1,2,1,2,2,2,1,7,7,5,1,1,1,9,13,1,1,3,NaN,3,NaN,NaN,,NaN,,NaN,,65,NaN,60,NaN,1,4,1,1,1,1,1,1,1,2,1,1,1,1,1,1,1,1,1,2,1,1,716683.297,4437450.569,363.435,Cob,615,0,0,1,11,2
4245,2,2006120001335,2,8,29,3,2,1,2,CV-20,3.6,3,6,0,1,5,3,2,3,3,2,2,1,1,1,1,5,6,4,1,1,1,9,14,1,1,3,NaN,2,3,NaN,,NaN,,NaN,,NaN,NaN,NaN,NaN,1,4,1,1,1,1,1,1,2,1,1,1,1,1,1,1,1,1,1,2,1,1,741865.482,4426170.998,58.912,Sec,14321,0,0,0,10,6
4249,2,2006120001339,2,8,30,6,3,1,1,CV-10,53.1,53,1,1,1,5,3,2,3,4,2,1,1,2,1,2,7,7,8,1,1,1,9,14,1,1,1,NaN,2,NaN,NaN,,NaN,,NaN,,65,NaN,60,NaN,1,4,1,1,1,1,1,2,1,1,1,1,1,1,1,1,1,1,1,2,1,1,756824.75,4444766.074,266.766,Cob,4612,0,1,0,17,4
4253,2,2006120001350,2,9,2,6,6,2,1,CV-10,87.2,87,2,1,1,5,2,3,3,1,2,1,1,1,1,1,7,7,8,1,4,1,9,14,2,1,1,NaN,1,NaN,NaN,,NaN,,NaN,,NaN,64,60,NaN,1,4,1,1,1,1,1,2,1,1,1,1,1,1,1,1,1,1,1,2,1,1,740186.069,4418375.036,54.143,Cob,999,0,1,0,20,2
4255,2,2006120001353,2,9,3,3,7,3,1,CV-12,10.1,10,1,1,1,5,2,2,3,1,2,1,1,2,1,1,7,7,8,1,1,1,9,14,1,1,1,NaN,2,NaN,NaN,,NaN,,NaN,,NaN,52,50,NaN,1,4,1,1,1,1,1,1,2,1,1,1,1,1,1,1,1,1,1,2,1,1,743316.195,4492514.073,896.824,Cob,1080,0,1,0,10,5
4256,2,2006120001354,2,9,3,3,7,3,1,CV-235,18.1,18,1,1,1,5,2,2,3,3,2,1,2,2,1,1,7,7,8,1,1,1,9,14,1,1,1,NaN,2,NaN,NaN,,NaN,,NaN,,NaN,64,60,NaN,1,4,1,1,1,1,1,2,2,1,1,1,1,1,1,1,1,1,1,2,1,1,699080.036,4418931.035,633.776,Cob,96,0,0,1,10,5
4258,2,2006120001370,2,9,9,6,6,2,1,CV-18,14.6,14,6,0,1,5,3,1,3,3,2,2,2,2,1,1,5,1,4,1,3,1,2,14,1,1,1,NaN,2,NaN,NaN,,NaN,,NaN,,NaN,52,50,NaN,1,4,1,1,1,1,1,2,1,1,1,1,1,1,1,1,1,1,1,2,1,1,745329.186,4417038.874,-6.349,Cob,6436,0,1,0,21,6
4266,2,2006120001375,2,9,10,1,7,3,4,CV-199,1.1,1,1,1,1,5,3,2,3,2,2,1,1,1,1,1,7,7,5,1,5,1,9,14,1,1,1,NaN,2,NaN,NaN,,NaN,,NaN,,NaN,64,60,NaN,1,4,2,1,2,1,1,2,1,1,1,1,1,1,1,1,1,1,1,2,1,1,719770.016,4438301.752,362.217,Cob,175,0,0,0,4,5
4273,2,2006120001388,2,9,14,5,4,1,2,CV-10,25.8,25,8,0,1,2,3,2,3,4,2,2,2,1,2,2,1,1,5,1,1,1,9,13,3,1,3,NaN,2,4,NaN,,NaN,,NaN,,NaN,NaN,NaN,NaN,1,4,2,1,1,1,1,2,1,1,1,1,1,1,1,1,1,1,1,2,1,1,749445.226,4435970.916,136.092,Sec,15843,0,0,1,16,6
4275,2,2006120001399,2,9,13,6,3,1,2,CV-135,21.5,21,5,1,1,5,2,2,3,1,2,1,1,1,2,1,2,1,3,1,1,1,9,14,1,1,3,NaN,2,2,NaN,,NaN,,NaN,,NaN,NaN,NaN,NaN,1,4,1,1,1,1,1,1,2,1,1,1,1,1,1,1,1,1,1,2,1,1,773597.112,4485761.183,316.605,Pri,3782,0,0,0,19,7
4276,2,2006120001401,2,9,16,6,6,2,1,CV-235,3.5,3,5,0,1,5,2,3,3,1,2,1,1,2,1,1,7,7,8,1,1,1,2,14,3,1,1,NaN,2,NaN,NaN,,NaN,,NaN,,66,NaN,60,NaN,1,4,1,1,1,1,1,2,2,1,1,1,1,1,1,1,1,1,1,2,1,2,701891.207,4421618.097,690.193,Cob,883,0,1,0,17,3
4278,2,2006120001402,2,9,16,6,6,2,2,CV-245,35.5,35,5,1,1,5,3,3,3,1,2,1,1,1,1,1,1,1,8,1,1,1,9,14,3,1,1,NaN,1,4,NaN,,NaN,,NaN,,NaN,NaN,NaN,NaN,1,4,2,1,1,1,1,1,2,1,1,1,1,1,1,1,1,1,1,2,2,2,697431.392,4399697.06,325.545,Cob,1351,0,0,1,18,6
4280,2,2006120001409,2,9,18,3,1,4,2,CV-18,6.8,6,8,0,1,5,3,2,3,3,2,1,1,2,1,1,7,7,8,1,1,1,9,14,2,1,1,NaN,1,1,NaN,,NaN,,NaN,,NaN,NaN,NaN,NaN,1,4,2,1,1,2,1,1,2,1,1,1,1,1,1,1,1,1,1,2,1,1,750371.571,4422262.503,0.494,Cob,14656,0,3,1,7,2
4284,2,2006120001442,2,9,18,6,1,1,2,CV-141,3.5,3,5,0,1,5,2,2,3,3,2,1,1,1,1,1,7,7,8,1,4,1,9,14,3,1,3,NaN,1,4,NaN,,NaN,,NaN,,NaN,NaN,NaN,NaN,1,4,1,1,1,1,1,1,2,1,1,1,1,1,1,1,1,1,1,2,1,1,787785.491,4475332.427,2.608,Cob,8103,0,1,4,20,1
4287,2,2006120001445,2,9,22,3,5,1,3,CV-18,2.6,2,6,1,1,5,3,2,3,4,2,1,2,1,2,2,7,7,8,1,1,1,9,14,1,1,1,NaN,2,5,NaN,,NaN,,NaN,,NaN,NaN,NaN,NaN,1,4,2,1,1,1,1,1,1,1,1,1,1,1,1,1,1,1,1,2,1,1,746373.878,4417714.253,0.095,Cob,14656,0,0,0,8,1
4288,2,2006120001446,2,9,22,2,5,1,1,CV-195,18.3,18,3,0,1,5,2,2,3,2,2,1,1,1,1,1,7,7,8,3,5,4,9,14,3,1,2,5,2,NaN,NaN,,NaN,,NaN,,NaN,52,50,NaN,1,4,2,1,2,1,1,1,2,1,1,1,1,1,1,1,1,1,1,2,2,2,709024.127,4434921.452,538.51,Pri,869,0,0,0,5,1
4290,2,2006120001451,2,9,23,6,6,2,2,CV-205,8.3,8,3,0,1,5,2,3,3,3,2,1,2,1,1,1,7,7,8,3,1,1,9,14,1,1,1,NaN,2,1,NaN,,NaN,,NaN,,NaN,NaN,NaN,NaN,1,4,1,1,1,1,1,2,1,1,1,1,1,1,1,1,1,1,1,2,1,1,726168.765,4429605.733,438.288,Cob,586,0,0,1,17,5
4293,2,2006120001461,2,9,25,6,1,4,1,CV-15,16.3,16,3,0,1,5,2,3,3,3,2,1,1,1,1,1,7,7,8,1,1,1,9,14,1,2,3,NaN,2,NaN,NaN,,NaN,,NaN,,NaN,64,60,NaN,1,4,2,1,1,1,1,1,1,1,1,1,1,1,1,1,1,1,1,2,1,2,748752.673,4457000.942,293.165,Per,2670,0,1,0,17,1
4298,2,2006120001469,2,9,28,6,4,1,2,CV-18,8.6,8,6,0,1,5,3,2,3,4,2,2,2,1,1,1,7,7,8,1,1,1,9,14,3,1,1,NaN,1,NaN,30,29,NaN,,NaN,,NaN,NaN,NaN,NaN,1,4,2,1,1,1,1,1,1,1,1,1,1,1,1,1,1,1,1,2,2,1,749512.367,4420836.383,-2.253,Sec,12752,0,0,1,18,1
4300,2,2006120001475,2,9,29,6,5,1,2,CV-170,9,9,0,0,1,5,2,2,3,1,2,1,1,2,1,1,7,7,8,1,5,1,2,14,1,1,1,NaN,1,1,NaN,,NaN,,NaN,,NaN,NaN,NaN,NaN,1,4,2,1,1,1,1,1,2,1,1,1,1,1,1,1,1,1,1,2,2,1,742937.477,4456129.658,410.501,Cob,1135,0,1,1,22,5
4301,2,2006120001478,2,10,1,4,7,3,1,CV-195,9.8,9,8,1,1,5,2,3,3,1,2,1,1,1,1,1,7,7,8,1,1,1,9,13,1,1,3,NaN,2,NaN,NaN,,NaN,,NaN,,66,NaN,60,NaN,1,4,2,1,1,1,1,1,1,1,1,1,1,1,1,1,1,1,1,2,1,2,713651.668,4443601.851,755.752,Pri,869,0,0,1,11,1
4302,2,2006120001482,2,9,30,2,6,2,1,CV-10,4.7,4,7,1,1,2,3,2,3,4,2,2,2,1,2,1,7,7,8,1,3,1,9,14,3,1,1,NaN,1,NaN,NaN,,NaN,,NaN,,56,NaN,50,NaN,1,4,1,1,1,2,1,1,1,1,1,1,1,1,1,1,1,1,1,2,1,1,772961.798,4486200.933,306.473,Cob,26519,0,0,1,5,2
4306,2,2006120001498,2,10,1,3,7,3,1,CV-10,62.5,62,5,0,1,5,3,2,3,4,2,1,1,1,2,1,7,7,8,1,1,1,9,14,3,1,3,NaN,2,NaN,NaN,,NaN,,NaN,,NaN,52,50,NaN,1,4,2,1,1,1,1,1,1,1,1,1,1,1,1,1,1,1,1,2,1,1,764829.313,4466960.544,167.052,Cob,3326,0,0,0,9,1
4309,2,2006120001520,2,10,4,6,3,1,3,CV-20,0.9,0,9,1,1,5,3,2,3,3,2,2,1,1,2,2,7,7,8,1,1,1,9,14,1,1,1,NaN,2,5,NaN,,NaN,,NaN,,NaN,NaN,NaN,NaN,2,4,2,1,1,1,1,1,1,1,1,1,1,1,1,1,1,1,1,2,1,1,703693.147,4444052.746,581.097,Sec,14321,0,0,0,19,1
4312,2,2006120001524,2,10,5,1,4,1,1,CV-16,6.5,6,5,1,1,5,3,3,3,4,2,1,2,2,2,2,7,7,8,1,5,1,9,14,3,1,1,NaN,1,NaN,NaN,,21,24,NaN,,NaN,NaN,NaN,NaN,1,4,1,1,1,1,1,1,1,1,1,1,1,1,1,2,1,1,1,2,2,2,743591.651,4435049.547,146.38,Sec,20949,0,0,0,3,2
4314,2,2006120001529,2,10,5,3,4,1,2,CV-10,11.1,11,1,1,1,2,3,2,3,4,2,2,2,1,2,1,7,7,5,1,1,1,9,13,2,1,3,NaN,2,4,NaN,,NaN,,NaN,,NaN,NaN,NaN,NaN,3,4,2,1,1,1,1,1,2,1,1,1,1,1,1,1,1,1,1,2,1,1,769851.779,4482312.866,297.447,Sec,25730,0,0,0,7,1
4318,2,2006120001539,2,10,9,4,1,3,1,CV-195,9.5,9,5,1,1,5,2,3,3,1,2,1,2,2,2,2,7,7,8,1,1,1,9,14,2,1,1,NaN,1,NaN,NaN,,NaN,,NaN,,57,NaN,50,NaN,1,4,1,1,1,1,1,2,1,1,1,1,1,1,1,1,1,1,1,2,1,1,713797.46,4443786.591,773.096,Pri,869,0,0,1,12,4
4319,2,2006120001546,2,10,9,6,1,3,1,CV-18,6.8,6,8,0,1,5,3,2,3,3,2,1,1,1,1,1,7,7,8,1,5,1,2,14,3,1,3,NaN,2,NaN,NaN,,NaN,,NaN,,67,NaN,60,NaN,1,4,2,1,1,1,1,1,1,1,1,1,1,1,1,1,1,1,1,2,1,1,750371.571,4422262.503,0.494,Cob,14656,0,0,0,21,2
4322,2,2006120001551,2,10,10,5,2,1,2,CV-11,5.7,5,7,0,1,5,2,2,3,4,2,1,1,1,1,1,1,1,8,1,1,1,9,14,2,1,3,NaN,1,4,NaN,,NaN,,NaN,,NaN,NaN,NaN,NaN,1,4,2,1,1,1,1,2,1,1,1,1,1,1,1,1,1,1,1,2,1,1,782498.685,4495467.428,167.509,Cob,2086,0,0,0,16,6
4323,2,2006120001554,2,10,12,3,4,3,1,CV-10,47.3,47,3,0,1,5,3,2,3,3,2,1,1,1,1,1,7,7,8,1,2,1,9,14,3,1,1,NaN,2,NaN,NaN,,NaN,,NaN,,NaN,53,50,NaN,1,4,2,1,1,2,1,1,2,1,1,1,1,1,1,1,1,1,1,2,1,1,759345.511,4453777.551,264.742,Cob,4612,0,0,1,7,1