Id,Ano,Numero_Accidente,Provincia,Mes,Dia,Hora,Dia_Semana,Tipo_Dia,Vehiculos_Implicados,Carretera,Pk,Km,Hm,Sentido,Zona,Tipo_Via,Anchura_Calzada,Anchura_Carril,Marcas_Viales,Arcen,Arcen_Pavimentado,Mediana,Barrera_Seguridad,Paneles_Direccionales,Hitos_Arista,Captafaros,Interseccion_Tipo,Interseccion_Acondicionamiento,Prioridad_Regulada_por,Superficie,Luminosidad,Factores_Atmosfericos,Visibilidad_Restringida_por,Otras_Circunstancias,Senalizacion_Peligro,Aceras,Arboles,Arboles_Metros_Calzada,Visibilidad_Senalizacion_Vertical,Colision_Vehiculos_Marcha,Colision_Vehiculo_Obstaculo_1,Colision_Vehiculo_Obstaculo_2,Atropello_1,Atropello_2,Vuelco_1,Vuelco_2,Salida_Sin_Colision,Salida_Con_Colision,Lado_Salida,Otro,Circulacion,Circulacion_Medidas_Especiales,Distraccion,Inexperiencia_Conductor,Alcohol_Drogas,Cansancio_Sueno,Enfermedad,Velocidad_Inadecuada,Infraccion_Norma_Circulacion,Estado_Condicion_Via,Estado_Condicion_Senalizacion,Tramo_Obras,Mal_Estado_Vehiculo,Averia_Mecanica,Meteorologia_Adversa,Irrupcion_Animal,Circular_Sentido_Contrario,Otro_Factor,Sin_Opinion_Definida,Pendiente,Curvatura,Peralte,GPS_x,GPS_y,GPS_z,Tipo_Est,IMD,N_Muertos,N_Graves,N_Leves,Hora_Real,Fuera_o_Interseccion
4324,2,2006120001562,2,10,14,3,6,2,1,CV-230,23.6,23,6,0,1,5,3,2,3,4,2,1,2,1,2,1,7,7,8,1,2,1,9,14,1,1,1,NaN,2,NaN,NaN,,NaN,,NaN,,66,NaN,60,NaN,1,4,2,1,1,1,1,1,2,1,1,1,1,1,1,1,1,1,1,2,1,2,738258.806,4409067.298,56.66,Cob,11815,0,0,1,7,2
4325,2,2006120001565,2,10,13,6,5,4,1,CV-215,7.6,7,6,1,1,5,2,2,3,1,2,1,1,2,1,1,7,7,8,1,5,1,2,14,1,1,3,NaN,2,NaN,NaN,,NaN,,NaN,,NaN,63,60,NaN,1,4,1,1,1,1,1,2,2,1,1,1,1,1,1,1,1,1,1,2,1,1,724321.268,4421561.128,587.446,Cob,210,0,0,0,22,4
4328,2,2006120001578,2,10,14,3,6,2,2,CV-10,12,12,0,0,1,2,3,2,3,4,2,2,2,1,2,2,3,1,4,1,1,1,9,14,3,1,3,NaN,2,3,NaN,,NaN,,NaN,,NaN,NaN,NaN,NaN,1,4,2,1,1,1,1,1,2,1,1,1,1,1,1,1,1,1,1,2,1,1,741124.273,4426221.843,67.589,Sec,25730,0,0,0,10,6
4329,2,2006120001580,2,10,14,4,6,2,1,CV-245,34,34,0,1,1,5,1,3,2,1,2,1,1,2,1,1,7,7,8,1,1,1,9,14,2,1,1,NaN,1,NaN,NaN,,NaN,,NaN,,NaN,54,50,NaN,1,4,1,1,1,1,1,2,2,1,1,1,1,1,1,1,1,1,1,2,1,1,697585.852,4401083.805,369.138,Cob,1351,0,0,1,12,3
4332,2,2006120001599,2,10,20,5,5,1,2,CV-14,7.5,7,5,0,1,5,2,2,3,1,2,1,1,1,1,1,7,7,8,3,1,4,2,14,2,1,3,NaN,1,2,NaN,,NaN,,NaN,,NaN,NaN,NaN,NaN,1,4,1,1,1,1,1,2,1,1,1,1,1,1,1,1,1,1,1,2,1,1,740352.91,4503114.592,773.493,Sec,1282,0,0,0,15,3
4333,2,2006120001604,2,10,22,4,7,3,1,CV-190,55.7,55,7,0,1,5,3,2,3,1,2,1,2,2,1,1,7,7,8,1,1,1,9,14,3,1,1,NaN,1,NaN,NaN,,NaN,,NaN,,66,NaN,60,NaN,1,4,1,1,1,1,1,2,2,1,1,1,1,1,1,1,1,1,1,2,1,1,709894.968,4451187.5,1054.535,Cob,118,0,1,0,12,3
4335,2,2006120001606,2,10,23,2,1,4,2,CV-10,22.6,22,6,1,1,2,3,2,3,3,2,2,2,1,1,1,5,6,4,1,3,1,9,14,1,1,3,NaN,2,2,NaN,,NaN,,NaN,,NaN,NaN,NaN,NaN,1,4,1,1,1,1,1,1,2,1,1,1,1,1,1,1,1,1,1,2,1,2,766225.826,4471920.797,213.596,Pri,20526,0,0,0,5,6
4337,2,2006120001607,2,10,23,3,1,1,2,CV-15,28.6,28,6,0,1,5,2,3,3,3,2,1,1,1,1,1,7,7,8,1,1,1,9,14,1,1,1,NaN,2,3,NaN,,NaN,,NaN,,NaN,NaN,NaN,NaN,1,4,1,1,1,1,1,1,2,1,1,1,1,1,1,1,1,1,1,2,1,1,752619.787,4467615.952,533.381,Per,2670,0,0,0,8,1
4338,2,2006120001608,2,10,20,4,5,1,1,CV-11,14,14,0,0,1,5,2,2,3,4,2,1,1,1,1,1,7,7,8,3,1,4,3,14,3,1,1,NaN,1,NaN,NaN,,21,24,NaN,,NaN,NaN,NaN,NaN,1,4,1,1,1,1,1,1,1,1,1,1,1,1,2,2,1,1,1,2,1,1,785822.182,4498499.381,181.548,Sec,4218,0,0,0,14,1
4341,2,2006120001610,2,10,20,6,5,1,1,CV-16,9.3,9,3,1,1,5,2,2,3,3,2,1,2,1,1,1,7,7,8,3,4,4,8,9,2,1,3,NaN,2,NaN,30,32,NaN,,NaN,,NaN,NaN,NaN,NaN,1,4,1,1,1,1,1,1,1,2,1,1,1,1,1,1,1,1,1,2,1,1,745543.267,4433310.567,123.819,Sec,10954,0,0,0,19,1
4344,2,2006120001626,2,10,24,6,2,1,2,CV-16,3.7,3,7,0,1,4,2,3,3,2,2,2,2,1,1,1,2,3,3,1,3,1,9,14,2,1,3,NaN,2,4,NaN,,NaN,,NaN,,NaN,NaN,NaN,NaN,1,4,2,1,1,1,1,1,1,1,1,1,1,1,1,1,1,1,1,2,2,1,745979.106,4432922.886,108.69,Sec,20949,0,0,0,21,6
4345,2,2006120001630,2,10,27,6,5,1,1,CV-20,9.5,9,5,0,1,5,3,2,3,3,2,2,2,1,1,1,7,7,8,1,1,1,9,14,3,1,3,NaN,1,NaN,NaN,,NaN,,NaN,,NaN,54,50,NaN,1,4,2,1,1,1,1,1,2,1,1,1,1,1,1,1,1,1,1,2,1,1,736376.894,4427394.7,149.673,Pri,18602,0,1,0,18,1
4349,2,2006120001636,2,10,28,5,6,2,2,CV-222,2.8,2,8,1,1,5,2,3,3,4,2,1,1,1,1,1,7,7,8,1,1,1,9,14,3,1,3,NaN,2,3,NaN,,NaN,,NaN,,NaN,NaN,NaN,NaN,1,4,2,1,1,1,1,1,1,1,1,1,1,1,1,1,1,1,1,2,2,2,746026.863,4420970.416,18.507,Cob,6245,0,2,3,16,1
4352,2,2006120001641,2,10,28,3,6,2,1,CV-15,33.3,33,3,0,1,5,2,2,3,3,2,1,1,1,1,1,7,7,8,1,1,1,9,14,3,1,3,NaN,1,NaN,NaN,,NaN,,NaN,,NaN,NaN,NaN,71,1,4,1,1,1,1,1,1,1,1,1,1,1,2,1,1,1,1,1,2,1,1,753772.445,4471415.281,519.258,Sec,1889,0,0,0,10,1
4354,2,2006120001642,2,10,28,5,6,2,2,CV-190,7.3,7,3,0,1,5,2,2,3,3,2,1,1,1,1,1,7,7,8,1,1,1,2,14,1,1,3,NaN,2,2,NaN,,NaN,,NaN,,NaN,NaN,NaN,NaN,1,4,1,1,1,1,1,1,2,1,1,1,1,1,1,1,1,1,1,2,1,2,737757.925,4443973.188,319.472,Cob,2380,0,0,0,16,4
4355,2,2006120001643,2,10,30,3,1,4,1,CV-15,12.1,12,1,1,1,5,3,2,3,3,2,1,1,1,1,1,7,7,8,1,1,1,9,14,3,1,1,NaN,1,NaN,NaN,,21,24,NaN,,NaN,NaN,NaN,NaN,1,4,1,1,1,1,1,1,1,1,1,1,1,1,1,2,1,1,1,2,1,2,736800.284,4481413.049,1192.21,Cob,5721,0,0,0,7,1
4356,2,2006120001653,2,11,2,6,4,1,1,CV-11,9,9,0,1,1,5,3,2,3,4,2,1,1,1,2,1,7,7,8,1,5,1,9,14,3,1,3,NaN,2,NaN,NaN,,21,24,NaN,,NaN,NaN,NaN,NaN,1,4,1,1,1,1,1,1,1,1,1,1,1,1,1,2,1,1,1,2,1,1,784348.65,4499553.985,218.379,Cob,2086,0,0,0,21,1
4358,2,2006120001654,2,11,2,3,4,1,2,CV-21,12.6,12,6,1,1,5,3,2,3,3,2,1,1,1,1,1,1,1,8,1,1,1,9,14,1,1,1,NaN,2,1,NaN,,NaN,,NaN,,NaN,NaN,NaN,NaN,1,4,2,1,1,1,1,1,2,1,1,1,1,1,1,1,1,1,1,2,1,1,738973.232,4437182.637,175.675,Cob,5080,0,1,0,8,6
4359,2,2006120001662,2,11,3,6,5,1,1,CV-215,5.8,5,8,0,1,5,2,2,3,1,2,1,1,1,1,1,7,7,5,3,1,4,2,14,3,1,1,NaN,2,NaN,NaN,,NaN,,NaN,,NaN,61,60,NaN,1,4,2,1,2,1,1,1,1,1,1,1,1,1,1,1,1,1,1,1,1,1,722539.065,4421924.772,614.601,Cob,210,0,0,1,17,1
4360,2,2006120001663,2,11,2,6,4,1,1,CV-190,5.4,5,4,0,1,5,2,3,3,1,2,1,2,2,1,1,7,7,8,3,5,5,2,14,1,1,1,NaN,2,NaN,NaN,,NaN,,NaN,,NaN,63,60,NaN,1,4,1,1,1,1,1,2,1,1,1,1,1,1,1,1,1,1,1,2,1,2,738283.457,4442346.628,300.661,Cob,5270,0,0,1,19,4
4363,2,2006120001673,2,11,6,6,1,1,3,CV-135,20,20,0,1,1,5,2,2,4,1,2,1,1,1,1,1,7,7,8,1,1,1,9,14,3,1,3,NaN,1,2,NaN,,NaN,,NaN,,NaN,NaN,NaN,NaN,1,4,1,1,1,1,1,1,2,1,1,1,1,1,1,1,1,1,1,2,1,2,774979.177,4485260.103,264.345,Pri,3782,0,0,0,17,1
4365,2,2006120001688,2,11,7,6,2,1,2,CV-185,1.1,1,1,0,1,5,3,2,3,3,2,1,1,1,1,1,7,7,8,3,5,1,9,14,3,1,1,NaN,1,2,NaN,,NaN,,NaN,,NaN,NaN,NaN,NaN,2,4,1,1,1,1,1,1,2,1,1,1,1,1,1,1,1,1,1,2,1,1,748492.001,4423376.428,10.214,Sec,13064,0,0,1,18,1
4367,2,2006120001689,2,11,6,6,1,4,2,CV-18,11.6,11,6,1,1,5,3,2,3,3,2,2,1,1,1,1,5,6,4,1,5,1,9,14,1,1,3,NaN,2,3,NaN,,NaN,,NaN,,NaN,NaN,NaN,NaN,1,4,1,1,1,1,1,1,2,1,1,1,1,1,1,1,1,1,1,2,1,1,751204.298,4424470.658,14.209,Cob,7475,0,1,0,20,6
4370,2,2006120001709,2,11,9,6,4,1,2,CV-185,1.8,1,8,1,1,5,3,2,3,4,2,1,2,1,1,1,7,7,8,1,3,1,9,14,1,1,1,NaN,2,2,NaN,,NaN,,NaN,,NaN,NaN,NaN,NaN,1,4,2,1,1,1,1,1,2,1,1,1,1,1,1,1,1,1,1,2,1,1,749145.788,4421678.318,0.742,Sec,13064,0,0,3,18,1
4371,2,2006120001710,2,11,10,6,5,1,1,CV-160,7.5,7,5,0,1,5,2,2,2,1,2,1,2,2,1,1,7,7,8,1,4,1,9,14,1,1,1,NaN,2,NaN,NaN,,NaN,,NaN,,56,NaN,50,NaN,1,4,2,1,1,1,1,2,1,1,1,1,1,1,1,1,1,1,1,2,1,2,747125.482,4441407.564,244.968,Cob,1311,0,1,1,21,3
4372,2,2006120001714,2,11,11,6,6,2,1,CV-18,5.7,5,7,1,1,5,3,2,3,4,2,1,1,2,1,1,2,1,3,1,1,1,9,14,1,1,2,9,2,NaN,NaN,,NaN,,NaN,,NaN,63,60,NaN,1,4,2,1,1,1,1,1,1,1,1,1,1,1,1,1,1,1,1,2,1,1,748220.792,4419925.153,0.89,Cob,14656,0,1,0,17,6
4373,2,2006120001715,2,11,9,4,4,1,1,CV-12,14.4,14,4,0,1,5,2,2,3,1,2,1,1,2,1,1,7,7,8,1,1,1,9,14,2,1,3,NaN,2,NaN,NaN,,NaN,,NaN,,66,NaN,60,NaN,1,4,1,1,1,1,1,2,1,1,1,1,1,1,1,1,1,1,1,2,1,1,743534.001,4492776.223,908.656,Cob,1080,0,0,0,13,3
4374,2,2006120001721,2,11,10,5,5,1,1,CV-10,9.3,9,3,0,1,2,3,2,3,4,2,2,2,2,1,1,7,7,8,1,1,1,9,14,3,1,3,NaN,1,NaN,NaN,,NaN,,NaN,,NaN,63,60,NaN,1,4,2,1,1,2,1,1,1,1,1,1,1,1,1,1,1,1,1,2,1,1,740237.738,4423786.454,75.193,Sec,25730,0,0,0,15,2
4375,2,2006120001724,2,11,12,1,7,3,1,CV-18,8.6,8,6,0,1,3,3,2,3,4,2,2,2,2,1,1,5,1,4,1,4,1,2,14,1,1,1,NaN,1,NaN,NaN,,NaN,,NaN,,NaN,61,60,NaN,1,4,1,2,1,1,1,2,1,1,1,1,1,1,1,1,1,1,1,2,1,1,749613.346,4420855.328,-2.947,Sec,12752,0,0,0,3,6
4377,2,2006120001757,2,11,16,4,4,1,1,CV-10,14.8,14,8,1,1,2,3,2,3,4,2,2,2,1,2,1,7,7,8,1,1,1,9,14,3,1,1,NaN,1,NaN,NaN,,NaN,,NaN,,NaN,64,60,NaN,2,4,2,1,1,1,1,1,1,1,1,1,1,1,1,1,1,1,1,2,1,1,769180.458,4478906.195,300.469,Sec,25730,0,0,1,12,2
4382,2,2006120001768,2,11,18,4,6,2,1,CV-194,18.3,18,3,1,1,5,1,3,3,1,2,1,2,2,1,1,7,7,8,1,1,1,2,14,2,1,1,NaN,2,NaN,NaN,,NaN,,12,9,NaN,NaN,NaN,NaN,1,4,1,1,1,1,1,2,2,1,1,1,1,1,1,1,1,1,1,2,1,1,725867.631,4437118.498,306.239,Cob,271,0,0,1,12,4
4388,2,2006120001772,2,11,17,2,5,1,3,CV-160,16.1,16,1,0,1,5,3,2,3,3,2,1,1,1,2,2,7,7,8,3,2,5,4,8,1,1,1,NaN,2,2,NaN,,NaN,,NaN,,NaN,NaN,NaN,NaN,1,4,1,1,1,1,1,1,2,1,1,1,1,1,1,1,1,1,1,2,1,1,753672.573,4445787.452,241.886,Cob,2953,0,0,0,6,1
4390,2,2006120001785,2,11,23,6,4,1,1,CV-235,8.6,8,6,1,1,5,2,3,3,1,2,1,2,1,1,1,7,7,5,1,1,1,9,14,1,1,1,NaN,2,NaN,NaN,,21,24,NaN,,NaN,NaN,NaN,NaN,1,4,1,1,1,1,1,1,1,1,1,1,1,1,1,2,1,1,1,2,2,1,695752.656,4415334.621,949.812,Cob,883,0,0,1,17,2
4391,2,2006120001792,2,11,25,1,6,2,1,CV-16,7.5,7,5,0,1,5,3,2,3,4,2,2,2,2,2,2,5,1,4,1,1,1,9,14,1,1,1,NaN,2,NaN,NaN,,NaN,,NaN,,NaN,61,60,NaN,1,4,1,1,1,1,1,2,1,1,1,1,1,1,1,1,1,1,1,2,1,1,743329.162,4435276.625,149.516,Sec,20949,0,0,0,3,6
4392,2,2006120001794,2,11,25,2,6,2,1,CV-190,7.9,7,9,0,1,5,2,3,1,1,2,1,1,1,1,1,7,7,8,1,1,1,9,8,1,1,1,NaN,2,NaN,NaN,,NaN,,NaN,,NaN,63,60,NaN,1,4,2,1,1,1,1,1,1,1,1,1,1,1,1,1,1,1,1,2,1,1,737248.408,4444267.793,332.317,Cob,2380,0,0,0,5,1
4394,2,2006120001800,2,11,24,4,5,1,2,CV-151,2.1,2,1,0,1,5,3,2,3,3,2,2,2,1,1,1,5,1,8,1,1,1,9,14,3,1,3,NaN,2,3,NaN,,NaN,,NaN,,NaN,NaN,NaN,NaN,1,4,1,1,1,1,1,1,2,1,1,1,2,1,1,1,1,1,1,2,1,1,748490.266,4433478.29,101.63,NaN,0,0,0,0,12,6
4398,2,2006120001814,2,11,29,6,3,1,1,CV-10,5,5,0,1,1,2,3,2,3,4,2,2,2,1,2,2,7,7,8,1,3,1,9,14,3,1,3,NaN,1,NaN,NaN,,21,24,NaN,,NaN,NaN,NaN,NaN,1,4,1,1,1,1,1,1,1,1,1,1,1,1,1,2,1,1,1,2,1,1,772788.723,4485960.096,320.708,Sec,30102,0,0,0,20,1
4400,2,2006120001816,2,11,29,4,3,1,2,CV-15,20.3,20,3,0,1,5,3,2,3,3,2,1,1,2,1,1,2,1,3,1,1,1,9,14,1,1,3,NaN,2,2,NaN,,NaN,,NaN,,NaN,NaN,NaN,NaN,1,4,2,1,1,1,1,1,2,1,1,1,1,1,1,1,1,1,1,2,1,1,749229.887,4460882.279,366.915,Per,2670,0,0,0,11,6
4402,2,2006120001817,2,11,30,6,4,1,2,CV-10,22.8,22,8,1,1,2,3,2,3,3,2,2,2,1,1,2,5,2,4,1,4,1,9,14,1,1,3,NaN,2,2,NaN,,NaN,,NaN,,NaN,NaN,NaN,NaN,1,4,1,1,1,1,1,1,2,1,1,1,1,1,1,1,1,1,1,2,1,1,766205.814,4471823.981,212.214,Pri,20526,0,0,0,20,6
4404,2,2006120001818,2,12,1,1,5,1,2,CV-15,21.3,21,3,1,1,5,3,2,3,4,2,1,1,1,1,1,7,7,8,1,5,3,9,14,3,1,3,NaN,1,NaN,NaN,,NaN,,NaN,,NaN,NaN,NaN,71,1,4,2,1,1,1,1,1,1,1,1,1,1,1,1,1,1,1,1,2,1,1,742355.898,4481807.843,1055.96,Per,2670,0,0,0,0,1
4406,2,2006120001819,2,12,1,4,5,1,2,CV-10,23.1,23,1,1,1,2,1,2,3,3,2,1,2,1,1,1,5,1,4,1,1,1,9,14,1,1,1,NaN,2,4,NaN,,NaN,,NaN,,NaN,NaN,NaN,NaN,1,4,1,1,1,1,1,1,2,1,1,1,1,1,1,1,1,1,1,2,1,1,766000.889,4471615.529,204.711,Pri,20526,0,0,0,14,6
4408,2,2006120001823,2,12,1,3,5,1,2,CV-170,5.5,5,5,0,1,5,2,2,3,2,2,1,2,1,1,2,7,7,8,1,1,1,9,14,1,1,1,NaN,2,2,NaN,,NaN,,NaN,,NaN,NaN,NaN,NaN,1,4,1,1,1,1,1,1,2,1,1,1,1,1,1,1,1,1,1,2,1,1,745287.752,4455860.377,388.05,Cob,1135,0,1,0,9,5
4410,2,2006120001825,2,12,3,5,7,3,2,CV-245,37.2,37,2,0,1,5,2,3,3,2,2,1,1,2,1,1,7,7,8,1,1,1,2,14,1,1,3,NaN,2,2,NaN,,NaN,,NaN,,NaN,NaN,NaN,NaN,1,4,1,1,1,1,1,2,1,1,1,1,1,1,1,1,1,1,1,2,1,1,711331.969,4413614.014,444.116,Cob,1351,1,0,1,16,5
4412,2,2006120001827,2,12,4,4,1,4,1,CV-10,62.1,62,1,0,1,5,3,2,3,3,2,1,1,2,2,2,2,2,8,1,1,1,9,14,1,1,1,NaN,2,NaN,NaN,,21,21,NaN,,NaN,NaN,NaN,NaN,1,4,1,1,1,1,1,1,2,1,1,1,1,1,1,1,1,1,1,2,1,1,764646.937,4466608.122,168.127,Cob,3326,2,0,0,12,6
4413,2,2006120001830,2,12,4,2,1,4,1,CV-16,3.9,3,9,0,1,5,3,2,3,3,2,2,2,1,1,1,7,7,5,1,3,1,9,14,3,1,1,NaN,1,NaN,NaN,,21,24,NaN,,NaN,NaN,NaN,NaN,1,4,1,1,1,1,1,1,1,1,1,1,1,1,1,1,1,2,1,2,1,1,745826.748,4433027.957,112.85,Sec,20949,0,0,0,6,1
4416,2,2006120001835,2,12,2,3,6,2,2,CV-135,19.1,19,1,1,1,5,2,3,3,1,2,1,1,1,1,1,7,7,8,1,1,1,9,14,3,1,3,NaN,1,3,NaN,,NaN,,NaN,,NaN,NaN,NaN,NaN,1,4,1,1,1,1,1,1,2,1,1,1,1,1,1,1,1,1,1,2,1,1,775618.791,4484807.593,246.437,Pri,3782,0,0,1,7,1
4417,2,2006120001837,2,12,6,3,3,3,1,CV-14,20.1,20,1,0,1,5,2,2,3,1,2,1,1,1,1,1,7,7,8,3,1,4,2,2,1,1,3,NaN,2,NaN,NaN,,NaN,,NaN,,NaN,62,60,NaN,1,4,2,1,1,1,1,1,1,1,1,1,1,1,1,1,1,1,1,2,1,2,739249.204,4512584.858,597.56,Pri,849,0,0,1,9,2
4418,2,2006120001838,2,12,2,3,6,2,1,CV-10,74,74,0,1,1,5,3,2,3,3,2,1,1,1,2,1,7,7,8,1,1,1,9,14,3,1,1,NaN,1,NaN,NaN,,21,24,NaN,,NaN,NaN,NaN,NaN,1,4,1,1,1,1,1,1,1,1,1,1,1,1,1,2,1,1,1,2,1,1,744196.519,4429759.64,62.911,Pri,3094,0,0,0,9,1
4420,2,2006120001839,2,12,2,4,6,2,2,CV-14,21.5,21,5,1,1,5,2,2,4,1,2,1,1,1,1,1,7,7,8,1,1,1,9,14,3,1,1,NaN,1,2,NaN,,NaN,,NaN,,NaN,NaN,NaN,NaN,1,4,1,1,1,1,1,2,1,1,1,1,1,1,1,1,1,1,1,2,1,1,737797.628,4504423.132,705.023,Pri,849,0,0,0,11,2
4422,2,2006120001840,2,12,6,5,3,3,2,CV-10,57.6,57,6,0,1,5,3,2,3,3,2,1,1,1,2,1,7,7,8,1,1,1,9,14,3,1,1,NaN,2,NaN,NaN,,NaN,,NaN,,NaN,NaN,NaN,71,1,4,1,1,1,1,1,1,2,1,1,1,1,1,1,1,1,1,1,2,1,1,762690.703,4462669.137,226.883,Cob,4612,0,1,0,15,1
4425,2,2006120001843,2,12,6,6,3,3,2,CV-18,9.6,9,6,0,1,5,3,1,3,3,2,2,1,2,1,1,5,3,4,1,3,1,9,14,1,2,1,NaN,2,3,NaN,,NaN,,NaN,,NaN,NaN,NaN,NaN,1,4,2,1,1,1,1,2,2,1,1,1,1,1,1,1,1,1,1,2,1,1,748751.05,4420454.842,-2.1,Cob,7475,0,0,1,19,6
4426,2,2006120001845,2,12,8,1,5,1,1,CV-14,10,10,0,0,1,5,3,2,3,4,2,1,1,2,1,1,7,7,8,1,4,1,9,14,1,1,1,NaN,2,NaN,NaN,,NaN,,NaN,,55,NaN,50,NaN,1,4,1,1,1,1,1,2,1,1,1,1,1,1,1,1,1,1,1,2,1,2,738222.58,4504198.678,721.089,Sec,1282,0,0,0,0,4
4428,2,2006120001847,2,12,7,4,4,4,2,CV-10,22.6,22,6,0,1,7,3,2,3,3,2,2,2,1,2,2,5,1,4,1,1,1,9,14,1,1,1,NaN,1,2,NaN,,NaN,,NaN,,NaN,NaN,NaN,NaN,1,4,2,1,1,1,1,2,2,1,1,1,1,1,1,1,1,1,1,2,1,1,747986.402,4433430.078,89.656,Pri,20526,0,0,2,11,6
4429,2,2006120001848,2,12,8,4,5,1,1,CV-14,23,23,0,1,1,5,2,3,3,1,2,1,1,2,1,1,7,7,5,3,1,9,2,14,1,1,1,NaN,2,NaN,NaN,,NaN,,NaN,,NaN,63,60,NaN,1,4,1,1,1,1,1,2,1,1,1,1,1,1,1,1,1,1,1,2,1,2,739005.506,4503765.896,762.464,Pri,849,0,0,1,12,2
4430,2,2006120001850,2,12,9,4,6,2,1,CV-195,7,7,0,1,1,5,2,3,3,1,2,1,1,2,1,1,7,7,8,1,1,1,2,14,3,1,1,NaN,2,NaN,NaN,,NaN,,NaN,,66,NaN,60,NaN,1,4,1,1,1,1,1,2,2,1,1,1,1,1,1,1,1,1,1,2,1,2,716103.459,4443453.336,832.185,Pri,869,0,1,0,12,5
4432,2,2006120001856,2,12,11,4,1,1,2,CV-135,21,21,0,1,1,5,2,2,3,1,2,1,1,1,1,1,2,1,3,1,1,1,9,14,1,1,1,NaN,2,2,NaN,,NaN,,NaN,,NaN,NaN,NaN,NaN,1,4,1,1,1,1,1,1,2,1,1,1,1,1,1,1,1,1,1,2,1,2,774062.881,4485580.196,305.601,Pri,3782,0,0,0,13,6
4434,2,2006120001861,2,12,11,3,1,4,2,CV-160,0.1,0,1,1,1,5,3,2,3,3,2,1,1,1,1,1,1,1,3,1,1,1,9,14,1,1,1,NaN,2,2,NaN,,NaN,,NaN,,NaN,NaN,NaN,NaN,1,4,1,1,1,1,1,1,2,1,1,1,1,1,1,1,1,1,1,2,1,1,755148.192,4445577.969,258.472,Sec,6083,0,0,0,8,7
4441,2,2006120001881,2,12,14,4,4,1,2,CV-10,60,60,0,0,1,5,2,2,3,3,2,1,1,2,2,1,1,1,8,1,1,1,9,14,3,1,1,NaN,2,4,NaN,,NaN,,NaN,,NaN,NaN,NaN,NaN,1,4,2,1,1,1,1,1,1,1,1,1,1,1,1,1,1,1,1,2,1,1,763560.022,4464829.559,206.397,Cob,4612,0,0,3,14,6
4443,2,2006120001882,2,12,14,6,4,1,2,CV-190,1.6,1,6,1,1,5,3,2,3,3,2,2,1,1,1,1,1,1,8,1,3,1,9,14,1,1,3,NaN,2,2,NaN,,NaN,,NaN,,NaN,NaN,NaN,NaN,1,4,1,1,1,1,1,1,2,1,1,1,1,1,1,1,1,1,1,2,2,1,707643.944,4448920.223,816.174,Cob,5270,0,1,0,21,7
4444,2,2006120001889,2,12,17,1,7,3,1,CV-125,10.5,10,5,0,1,5,2,3,3,1,2,1,2,2,1,1,7,7,8,1,5,1,2,14,1,1,1,NaN,2,NaN,NaN,,NaN,,NaN,,55,NaN,50,NaN,1,4,1,1,1,1,1,2,1,1,1,1,1,1,1,1,1,1,1,2,1,1,737455.309,4496498.978,799.284,Cob,662,0,2,0,4,4
4445,2,2006120001897,2,12,18,1,1,4,1,CV-10,14.3,14,3,1,1,2,3,2,3,4,2,2,2,1,1,2,7,7,8,1,5,1,9,14,3,1,3,NaN,1,NaN,NaN,,21,24,NaN,,NaN,NaN,NaN,NaN,1,4,1,1,1,1,1,1,1,1,1,1,1,1,1,2,1,1,1,2,1,2,769261.691,4479391.187,304.346,Sec,25730,0,0,0,0,1
4451,2,2006120001904,2,12,19,6,2,1,1,CV-205,1.5,1,5,1,1,5,2,3,3,3,2,1,2,1,1,1,7,7,8,1,5,1,9,14,1,1,1,NaN,2,NaN,NaN,,NaN,,NaN,,NaN,63,60,NaN,1,4,2,1,1,1,1,1,1,1,1,1,1,1,1,1,1,1,1,2,1,1,721335.606,4432597.8,468.184,Cob,586,0,1,3,18,1
4453,2,2006120001906,2,12,20,3,3,1,2,CV-190,14.5,14,5,0,1,5,2,2,3,1,2,1,1,2,1,1,7,7,8,3,5,1,2,14,1,2,3,NaN,2,3,NaN,,NaN,,NaN,,NaN,NaN,NaN,NaN,1,4,1,1,1,1,1,1,2,1,1,1,1,1,1,1,1,1,1,2,1,1,732542.701,4446146.264,480.917,Cob,2380,0,0,2,7,5
4455,2,2006120001920,2,12,19,6,2,1,2,CV-10,45.3,45,3,1,1,5,3,2,3,4,2,1,1,1,1,1,2,2,3,1,5,9,2,14,1,1,1,NaN,2,2,NaN,,NaN,,NaN,,NaN,NaN,NaN,NaN,1,4,2,1,1,1,1,2,2,1,1,1,1,1,1,1,1,1,1,2,1,1,759263.711,4451799.165,253.196,Cob,4612,0,1,0,21,6
4456,2,2006120001929,2,12,23,3,6,2,1,CV-151,2.1,2,1,0,1,5,3,1,3,1,2,2,2,1,1,1,5,1,4,1,1,1,9,14,1,1,1,NaN,2,NaN,NaN,,NaN,,NaN,,NaN,53,50,NaN,1,4,2,1,1,1,1,2,1,1,1,1,1,1,1,1,1,1,1,2,1,1,748490.266,4433478.29,101.63,NaN,0,0,0,1,8,6
4458,2,2006120001934,2,12,21,5,4,1,2,CV-10,11,11,0,0,1,1,3,2,3,4,2,2,2,1,2,2,4,1,8,1,1,1,9,14,1,1,1,NaN,2,4,NaN,,NaN,,NaN,,NaN,NaN,NaN,NaN,1,4,2,1,1,1,1,1,2,1,1,1,1,1,1,1,1,1,1,2,1,1,740698.792,4425333.378,72.543,Sec,25730,0,0,0,15,6