Id,Ano,Numero_Accidente,Provincia,Mes,Dia,Hora,Dia_Semana,Tipo_Dia,Vehiculos_Implicados,Carretera,Pk,Km,Hm,Sentido,Zona,Tipo_Via,Anchura_Calzada,Anchura_Carril,Marcas_Viales,Arcen,Arcen_Pavimentado,Mediana,Barrera_Seguridad,Paneles_Direccionales,Hitos_Arista,Captafaros,Interseccion_Tipo,Interseccion_Acondicionamiento,Prioridad_Regulada_por,Superficie,Luminosidad,Factores_Atmosfericos,Visibilidad_Restringida_por,Otras_Circunstancias,Senalizacion_Peligro,Aceras,Arboles,Arboles_Metros_Calzada,Visibilidad_Senalizacion_Vertical,Colision_Vehiculos_Marcha,Colision_Vehiculo_Obstaculo_1,Colision_Vehiculo_Obstaculo_2,Atropello_1,Atropello_2,Vuelco_1,Vuelco_2,Salida_Sin_Colision,Salida_Con_Colision,Lado_Salida,Otro,Circulacion,Circulacion_Medidas_Especiales,Distraccion,Inexperiencia_Conductor,Alcohol_Drogas,Cansancio_Sueno,Enfermedad,Velocidad_Inadecuada,Infraccion_Norma_Circulacion,Estado_Condicion_Via,Estado_Condicion_Senalizacion,Tramo_Obras,Mal_Estado_Vehiculo,Averia_Mecanica,Meteorologia_Adversa,Irrupcion_Animal,Circular_Sentido_Contrario,Otro_Factor,Sin_Opinion_Definida,Pendiente,Curvatura,Peralte,GPS_x,GPS_y,GPS_z,Tipo_Est,IMD,N_Muertos,N_Graves,N_Leves,Hora_Real,Fuera_o_Interseccion
4460,2,2006120001946,2,12,24,4,7,3,2,CV-11,15.8,15,8,0,1,5,3,2,3,3,2,1,1,1,2,1,2,1,8,1,1,1,9,14,2,1,1,NaN,1,2,NaN,,NaN,,NaN,,NaN,NaN,NaN,NaN,1,4,1,1,1,1,1,1,2,1,1,1,1,1,1,1,1,1,1,2,1,1,787206.292,4497527.65,154.709,Sec,4218,0,0,0,12,6
4461,2,2006120001950,2,12,27,1,3,1,1,CV-20,64.2,64,2,1,1,5,1,3,3,1,2,1,1,2,1,1,7,7,8,1,4,1,9,14,1,1,1,NaN,2,NaN,NaN,,NaN,,NaN,,NaN,62,60,NaN,1,4,2,1,1,1,1,2,1,1,1,1,1,1,1,1,1,1,1,2,1,1,743843.817,4425920.009,53.125,Cob,404,0,0,1,23,2
4462,2,2006120001956,2,12,28,5,4,1,1,CV-16,3,3,0,0,1,5,3,2,3,3,2,1,1,1,1,1,5,1,5,1,1,1,9,14,1,1,1,NaN,2,NaN,NaN,,NaN,,12,9,NaN,NaN,NaN,NaN,1,4,1,1,1,1,1,2,2,1,1,1,1,1,1,1,1,1,1,2,1,1,746595.303,4432661.54,91.142,Sec,20949,0,0,0,15,6
4464,2,2006120001965,2,12,31,6,7,3,1,CV-135,19.6,19,6,0,1,5,3,2,3,1,2,1,1,1,1,1,7,7,8,1,1,1,9,14,1,1,1,NaN,2,NaN,NaN,,NaN,,NaN,,NaN,64,60,NaN,1,4,1,1,1,1,1,2,1,1,1,1,1,1,1,1,1,1,1,2,1,1,788151.47,4482180.112,24.843,Pri,3782,0,0,0,17,2
4470,2,2006460000001,3,1,1,3,7,3,3,CV-500,5.5,5,5,1,1,5,2,2,3,4,2,1,1,1,2,1,7,7,8,1,1,1,9,14,3,1,1,NaN,2,1,NaN,,NaN,,NaN,,NaN,NaN,NaN,NaN,1,4,1,2,1,1,1,1,2,1,1,1,1,1,1,1,1,1,1,2,1,1,734276.627,4347374.4,-16.295,Pri,16787,1,3,1,10,1
4480,2,2006460000011,3,1,2,5,1,4,4,CV-35,35.2,35,2,1,1,5,2,1,3,3,2,1,1,1,1,2,1,1,8,1,1,1,9,14,3,1,1,NaN,2,4,NaN,,NaN,,NaN,,NaN,NaN,NaN,NaN,1,4,2,1,1,1,1,1,2,1,1,1,1,1,1,1,1,1,1,2,1,1,669252.191,4404024.926,569.162,Per,11200,0,0,6,15,6
4483,1,2006460000014,3,12,31,6,6,2,2,CV-35,32.3,32,3,0,1,5,3,2,3,3,2,1,1,2,2,1,1,1,3,1,5,1,9,14,1,1,1,NaN,2,2,NaN,,NaN,,NaN,,NaN,NaN,NaN,NaN,1,4,1,1,1,1,1,1,2,1,1,1,1,1,1,1,1,1,1,2,1,1,700349.133,4393373.303,188.701,Per,10748,0,0,2,18,6
4488,2,2006460000022,3,1,3,3,2,1,2,CV-42,10.6,10,6,1,1,5,2,2,3,3,2,1,1,1,1,2,7,7,8,1,2,1,9,14,2,1,1,NaN,1,4,NaN,,NaN,,NaN,,NaN,NaN,NaN,NaN,1,4,2,1,1,1,1,1,1,1,1,1,1,1,1,1,1,1,1,2,1,1,722622.191,4344800.238,-11.182,Cob,12313,0,2,1,7,1
4494,2,2006460000037,3,1,4,4,3,1,2,CV-686,1.4,1,4,0,1,5,2,2,3,3,2,1,1,1,2,2,1,1,8,1,1,1,9,14,1,1,1,NaN,2,3,NaN,,NaN,,NaN,,NaN,NaN,NaN,NaN,1,4,1,1,1,1,1,1,2,1,1,1,1,1,1,1,1,1,1,2,1,1,742559.062,4314115.637,21.287,Cob,33010,0,1,0,12,7
4498,2,2006460000038,3,1,1,1,7,3,2,CV-42,14.6,14,6,1,1,5,3,2,3,3,2,1,1,1,2,2,2,1,3,1,3,1,9,14,1,1,1,NaN,1,2,NaN,,NaN,,NaN,,NaN,NaN,NaN,NaN,1,4,2,1,1,1,1,1,1,1,1,1,1,1,1,1,1,1,1,2,1,1,720114.393,4342537.827,2.325,Cob,12313,0,0,3,3,6
4500,2,2006460000039,3,1,1,4,7,3,2,CV-35,8.6,8,6,0,1,2,3,2,3,4,2,2,2,1,2,2,7,7,8,1,1,1,9,14,3,1,1,NaN,1,3,NaN,,NaN,,NaN,,NaN,NaN,NaN,NaN,1,4,2,1,1,1,1,1,1,1,1,1,1,1,1,1,1,1,1,2,1,1,717645.026,4380903.632,96.326,Per,76008,0,0,0,13,1
4505,2,2006460000048,3,1,1,5,7,3,4,CV-35,31,31,0,0,1,5,2,2,3,4,2,1,2,1,2,1,7,7,8,1,1,1,9,14,3,1,1,NaN,1,4,NaN,,NaN,,NaN,,NaN,NaN,NaN,NaN,2,4,1,2,1,1,1,1,1,1,1,1,1,1,1,1,1,1,1,2,1,1,701509.077,4392598.298,170.204,Per,11200,0,0,0,15,1
4510,2,2006460000072,3,1,7,2,6,2,1,CV-610,7.8,7,8,0,1,5,2,2,3,1,2,1,1,1,1,1,7,7,8,3,5,4,9,14,1,1,3,NaN,2,NaN,NaN,,NaN,,NaN,,57,NaN,50,NaN,1,4,1,1,1,1,1,2,1,1,1,1,1,1,1,1,1,1,1,2,1,2,721298.694,4317433.624,267.45,Cob,6672,0,0,0,6,5
4511,2,2006460000077,3,1,8,1,7,3,1,CV-40,5.9,5,9,0,1,5,2,2,3,2,2,1,1,1,1,1,7,7,8,3,4,4,9,14,2,1,3,NaN,1,NaN,NaN,,NaN,,NaN,,NaN,62,60,NaN,1,4,1,1,1,1,1,2,1,1,1,1,1,1,1,1,1,1,1,2,1,2,710991.761,4314815.428,138.249,Per,22981,0,0,0,2,2
4513,2,2006460000079,3,1,7,6,6,2,1,CV-50,0.1,0,1,1,1,5,3,2,3,1,2,2,1,2,1,1,7,7,8,3,2,5,2,14,1,1,1,NaN,2,NaN,NaN,,NaN,,NaN,,NaN,62,60,NaN,1,4,1,1,1,1,1,2,1,2,1,1,1,1,2,1,1,1,1,2,1,1,706947.054,4388898.52,131.365,Cob,24700,0,1,0,17,5
4514,2,2006460000107,3,1,10,1,2,1,1,CV-60,16.1,16,1,0,1,5,3,2,3,3,2,1,2,1,2,2,7,7,8,3,5,1,2,14,3,1,3,NaN,1,NaN,NaN,,NaN,,NaN,,NaN,53,50,NaN,1,4,2,1,1,1,1,1,1,1,1,1,1,1,1,1,1,1,1,2,1,1,725549.949,4306444.856,266.579,Cob,7193,0,0,1,0,2
4515,2,2006460000120,3,1,6,2,5,3,1,CV-33,1,1,0,0,1,5,2,2,3,1,2,1,1,1,1,1,5,1,4,1,3,1,9,14,1,1,1,NaN,2,NaN,NaN,,NaN,,NaN,,66,NaN,60,NaN,1,4,2,1,1,1,1,2,1,1,1,1,1,1,1,1,1,1,1,2,1,1,717224.896,4372019.47,35,Cob,20510,0,0,0,5,6
4516,2,2006460000126,3,1,7,4,6,4,1,CV-365,0.5,0,5,0,1,5,3,2,3,4,2,1,2,1,2,2,7,7,5,3,1,4,9,14,3,1,3,NaN,2,NaN,NaN,,NaN,,NaN,,NaN,62,60,NaN,1,4,1,1,1,1,1,2,1,1,1,1,1,1,1,1,1,1,1,2,1,2,721306.014,4376837.785,32.757,Cob,49600,0,0,0,11,2
4517,2,2006460000130,3,1,7,4,6,2,1,CV-36,3.8,3,8,0,1,2,3,2,3,4,2,2,2,2,2,2,7,7,5,1,1,1,9,8,1,1,3,NaN,2,NaN,NaN,,NaN,,NaN,,NaN,52,50,NaN,1,4,1,1,1,1,1,2,1,1,1,1,1,1,1,1,1,1,1,2,1,1,714420.386,4369229.958,51.665,Cob,34231,0,0,0,11,5
4518,2,2006460000132,3,1,5,6,4,2,1,CV-35,17,17,0,1,1,2,3,2,3,4,2,2,2,2,2,2,7,7,5,1,4,1,9,14,3,1,1,NaN,2,NaN,NaN,,NaN,,NaN,,66,NaN,60,NaN,1,4,2,1,1,1,1,1,1,1,1,1,1,1,1,1,1,1,1,2,1,1,662757.921,4416523.85,866.802,Per,43300,0,0,1,21,1
4520,2,2006460000142,3,1,4,4,3,1,2,CV-412,1,1,0,0,1,5,2,3,3,3,2,1,1,2,1,1,7,7,5,1,1,1,9,14,1,1,1,NaN,2,4,NaN,,NaN,,NaN,,NaN,NaN,NaN,NaN,1,4,2,1,1,1,1,1,1,1,1,1,1,1,1,1,1,1,1,2,1,1,725370.791,4366012.86,-13.814,NaN,0,0,0,1,14,1
4521,2,2006460000155,3,1,10,5,2,1,1,CV-660,27.5,27,5,1,1,5,2,2,3,2,1,1,1,1,1,1,7,7,8,3,1,4,9,14,1,1,3,NaN,2,NaN,NaN,,NaN,,NaN,,NaN,52,50,NaN,1,4,1,1,1,1,1,2,1,1,1,1,1,1,2,1,1,1,1,2,1,1,685076.785,4295884.396,578.673,Cob,3161,0,0,0,15,5
4528,2,2006460000211,3,1,5,5,4,1,2,CV-410,4,4,0,0,1,2,3,1,3,3,2,2,2,1,2,2,5,6,8,1,1,1,9,14,1,1,1,NaN,2,3,NaN,,NaN,,NaN,,NaN,NaN,NaN,NaN,1,4,2,1,1,1,1,1,1,1,1,1,1,1,1,1,1,1,1,2,2,1,717332.473,4372266.354,36.033,Pri,30864,0,0,1,15,6
4531,2,2006460000244,3,1,7,4,6,2,2,CV-36,3.8,3,8,0,1,2,2,2,3,1,2,2,2,2,2,2,7,7,8,3,1,4,2,8,1,1,1,NaN,2,NaN,30,29,NaN,,NaN,,NaN,NaN,NaN,NaN,1,4,1,1,1,1,1,2,1,1,1,1,1,1,1,1,1,1,1,2,1,1,714420.386,4369229.958,51.665,Cob,34231,0,0,0,11,5
4532,2,2006460000266,3,1,7,4,6,2,1,CV-36,3.8,3,8,0,1,5,3,2,3,1,2,2,2,2,2,2,7,7,8,3,1,4,4,8,1,1,1,NaN,2,NaN,NaN,,NaN,,NaN,,NaN,52,50,NaN,1,4,1,1,1,1,1,2,1,1,1,1,1,1,1,1,1,1,1,2,1,1,714420.386,4369229.958,51.665,Cob,34231,0,0,0,12,5
4556,2,2006460000318,3,1,10,6,2,1,10,CV-35,7,7,0,1,1,2,3,2,3,3,2,2,2,1,2,2,7,7,8,3,1,5,4,4,2,1,1,NaN,1,5,NaN,,NaN,,NaN,,NaN,NaN,NaN,NaN,2,4,1,1,1,1,1,1,2,1,1,1,1,1,1,1,1,1,1,2,1,1,657177.082,4422332.73,982.471,Per,91900,0,0,6,17,1
4562,2,2006460000637,3,1,15,5,7,3,2,CV-36,1.8,1,8,1,1,2,3,2,3,5,2,2,2,1,2,2,7,7,8,1,1,1,9,14,2,1,1,NaN,1,2,NaN,,NaN,,NaN,,NaN,NaN,NaN,NaN,1,4,1,1,1,1,1,1,2,1,1,1,1,1,1,1,1,1,1,2,1,2,718227.949,4369248.006,21.654,Pri,83400,0,1,0,16,1
4566,2,2006460000638,3,1,15,6,7,3,2,CV-25,2.9,2,9,1,1,5,3,2,3,1,2,1,1,1,1,1,5,1,4,1,2,1,9,14,1,1,1,NaN,2,2,NaN,,NaN,,NaN,,NaN,NaN,NaN,NaN,1,4,1,1,2,1,1,1,2,1,1,1,1,1,1,1,1,1,1,2,1,1,712074.36,4412954.459,391.853,Sec,7614,0,0,3,18,6
4569,2,2006460000741,3,1,8,3,7,3,3,CV-35,15.8,15,8,0,1,5,2,2,3,1,2,1,1,1,1,1,3,1,5,1,1,1,9,14,1,1,1,NaN,2,4,NaN,,NaN,,NaN,,NaN,NaN,NaN,NaN,1,4,1,1,1,1,1,1,2,1,1,1,1,1,1,1,1,1,1,2,1,1,711835.167,4384746.596,80.358,Per,76008,0,0,0,10,6
4570,2,2006460000744,3,1,8,5,7,3,1,CV-500,11,11,0,1,1,5,2,2,3,3,2,1,1,2,2,2,7,7,5,1,1,1,9,14,1,1,1,NaN,2,NaN,NaN,,NaN,,NaN,,57,NaN,50,NaN,1,4,2,1,1,1,1,1,1,1,1,1,1,1,1,1,1,1,1,2,1,1,734732.756,4351749.124,-16.937,Sec,11592,0,0,0,16,1
4573,2,2006460000755,3,1,9,6,1,1,2,CV-35,33.6,33,6,0,1,5,2,2,3,3,2,1,1,1,1,1,2,1,3,1,1,1,9,14,1,1,1,NaN,1,2,NaN,,NaN,,NaN,,NaN,NaN,NaN,NaN,1,4,1,1,1,1,1,1,2,1,1,1,1,1,1,1,1,1,1,2,1,1,699364.725,4394030.433,207.689,Per,11200,0,0,2,17,6
4574,2,2006460000757,3,1,9,6,1,1,1,CV-33,1,1,0,0,1,2,2,2,3,3,2,1,2,2,2,2,7,7,6,1,3,1,9,14,1,1,1,NaN,2,NaN,NaN,,21,21,NaN,,NaN,NaN,NaN,NaN,1,4,1,1,1,1,1,1,2,1,1,1,1,1,1,1,1,1,1,2,1,1,717224.896,4372019.47,35,Cob,20510,0,0,1,18,1
4575,2,2006460000760,3,1,9,1,1,1,1,CV-36,3.5,3,5,1,1,2,2,2,3,3,2,2,2,2,2,2,7,7,5,3,5,4,9,14,1,1,1,NaN,2,NaN,NaN,,NaN,,NaN,,NaN,52,50,NaN,1,4,1,1,1,1,1,2,1,1,1,1,1,1,1,1,1,1,1,2,1,1,719849.268,4369082.029,17.712,Cob,34231,0,0,1,23,2
4576,2,2006460000803,3,1,21,4,6,2,1,CV-500,13.1,13,1,1,1,5,3,2,3,3,2,1,1,1,2,2,1,4,8,1,1,1,9,14,1,1,1,NaN,2,NaN,NaN,,NaN,,12,9,NaN,NaN,NaN,NaN,1,4,2,1,1,1,1,1,1,1,1,1,1,1,1,1,1,1,1,2,1,1,733778.92,4353716.117,-19.227,Sec,11592,0,0,1,11,6
4580,2,2006460000804,3,1,21,4,6,2,2,CV-35,39.2,39,2,1,1,5,3,2,3,5,2,1,1,1,1,1,7,7,5,1,1,1,9,14,2,2,3,NaN,2,NaN,NaN,,21,21,NaN,,NaN,NaN,NaN,NaN,1,4,1,1,1,1,1,1,2,1,1,1,1,1,1,1,1,2,1,2,1,1,672142.579,4402044.796,461.72,Per,11200,4,1,1,14,1
4586,2,2006460000807,3,1,21,1,6,2,2,CV-35,10.8,10,8,1,1,2,2,2,2,3,2,2,2,2,2,2,7,7,5,1,5,1,9,14,3,1,1,NaN,1,NaN,30,29,NaN,,NaN,,NaN,NaN,NaN,NaN,1,4,2,1,1,1,1,1,1,2,1,1,1,1,1,1,1,1,1,2,1,1,660074.395,4420964.41,905.979,Per,76008,0,0,1,3,1
4588,2,2006460000809,3,1,21,1,6,2,1,CV-35,10.6,10,6,1,1,2,3,2,3,5,2,2,2,2,2,2,7,7,8,1,5,1,9,3,3,1,1,NaN,2,NaN,NaN,,NaN,,NaN,,NaN,64,60,NaN,1,4,2,1,1,1,1,2,1,1,1,1,1,1,1,1,1,1,1,2,2,3,659987.371,4421008.109,905.089,Per,76008,0,0,3,2,1
4589,2,2006460000821,3,1,20,4,5,1,1,CV-60,0.3,0,3,1,1,5,3,2,3,3,2,1,2,2,2,2,7,7,8,1,1,1,9,14,3,1,1,NaN,1,NaN,NaN,,NaN,,NaN,,NaN,52,50,NaN,1,4,2,1,2,1,1,1,1,1,1,1,1,1,1,1,1,1,1,2,1,1,743961.324,4312765.069,27.391,Cob,10539,0,1,0,14,2
4593,2,2006460000829,3,1,22,3,7,3,2,CV-60,17.5,17,5,0,1,5,3,2,2,4,2,1,1,1,1,1,7,7,8,1,2,1,2,14,2,1,1,NaN,2,1,NaN,,NaN,,NaN,,NaN,NaN,NaN,NaN,1,4,1,1,1,1,1,2,2,1,1,1,1,1,1,1,1,1,1,2,1,1,726720.939,4306769.901,263.473,Cob,7193,0,2,0,7,4
4597,2,2006460000850,3,1,10,3,2,1,2,CV-500,26.6,26,6,1,1,5,2,2,3,3,2,1,1,2,2,1,2,1,3,3,1,5,9,14,1,1,1,NaN,2,2,NaN,,NaN,,NaN,,NaN,NaN,NaN,NaN,1,4,1,1,1,1,1,1,2,1,1,1,1,1,1,1,1,1,1,2,1,1,729351.975,4365783.213,-20.057,Cob,7093,0,0,1,9,6
4598,2,2006460000857,3,1,10,3,2,1,1,CV-36,3.9,3,9,1,1,2,3,2,3,3,2,2,2,2,2,2,7,7,5,3,1,4,9,14,1,1,1,NaN,2,NaN,NaN,,NaN,,NaN,,NaN,54,50,NaN,1,4,1,1,1,1,1,2,1,1,1,1,1,1,1,1,1,1,1,2,1,1,720204.536,4368933.43,18.099,Cob,34231,0,0,0,9,5
4601,2,2006460000898,3,1,18,4,3,1,2,CV-400,2,2,0,0,1,5,2,2,3,3,2,2,1,1,1,1,5,2,4,1,1,1,9,14,1,1,1,NaN,2,3,NaN,,NaN,,NaN,,NaN,NaN,NaN,NaN,1,4,2,1,1,1,1,1,2,1,1,1,1,1,1,1,1,1,1,2,1,1,723626.268,4367795.379,-1.376,Pri,30986,0,0,1,13,6
4604,2,2006460000991,3,1,11,4,3,1,2,CV-36,3.7,3,7,0,1,2,2,2,3,3,2,2,2,1,2,1,3,1,5,1,1,1,9,8,1,1,1,NaN,2,3,NaN,,NaN,,NaN,,NaN,NaN,NaN,NaN,1,4,2,1,1,1,1,1,1,1,1,1,1,1,1,1,1,1,1,2,1,1,714519.169,4369237.988,52.307,Cob,34231,0,0,0,14,6
4605,2,2006460001004,3,1,16,4,1,4,1,CV-32,9,9,0,1,1,5,3,2,3,3,2,2,2,1,2,1,7,7,5,3,1,4,9,8,3,1,3,NaN,2,NaN,NaN,,NaN,,NaN,,68,NaN,60,NaN,1,4,2,1,1,1,1,1,1,1,1,1,1,1,1,1,1,1,1,2,1,1,731301.502,4381942.596,-16.349,NaN,0,0,0,2,11,1
4608,2,2006460001006,3,1,10,4,2,1,3,CV-35,3.8,3,8,1,1,2,3,2,3,3,2,2,2,1,2,2,7,7,8,3,1,4,9,14,3,1,1,NaN,1,4,NaN,,NaN,,NaN,,NaN,NaN,NaN,NaN,3,4,2,1,1,1,1,1,1,2,1,1,1,1,2,1,1,1,1,2,2,1,654684.717,4423088.273,919.616,Per,129800,0,0,0,14,1
4609,2,2006460001094,3,1,12,3,4,1,1,CV-35,8.8,8,8,1,1,7,2,3,3,3,2,2,2,2,2,2,1,1,5,1,1,1,9,13,3,1,1,NaN,2,NaN,NaN,,NaN,,NaN,,NaN,54,50,NaN,1,4,1,1,1,1,1,1,1,1,1,1,1,1,1,1,1,2,1,2,1,1,658339.434,4421872.019,968.336,Per,76008,0,0,0,9,6
4612,2,2006460001100,3,1,12,6,4,1,3,CV-35,11.8,11,8,0,1,2,3,2,3,4,2,2,2,2,2,2,7,7,5,1,3,2,9,14,2,1,1,NaN,2,5,NaN,,NaN,,NaN,,NaN,NaN,NaN,NaN,1,4,2,1,1,1,1,1,1,1,1,1,1,1,1,1,1,1,1,2,1,1,715023.109,4382394.354,91.616,Per,76008,0,0,0,20,1
4615,2,2006460001174,3,1,13,5,5,1,2,CV-35,15.8,15,8,0,1,2,3,2,3,3,2,2,2,2,2,2,1,1,5,1,1,1,9,14,2,1,1,NaN,2,4,NaN,,NaN,,NaN,,NaN,NaN,NaN,NaN,1,4,2,2,1,1,1,1,1,1,1,1,1,1,1,1,1,1,1,2,1,1,711835.167,4384746.596,80.358,Per,76008,0,0,0,16,6
4617,2,2006460001175,3,1,13,6,5,1,2,CV-35,4.9,4,9,1,1,2,3,2,3,3,2,2,2,2,2,2,7,7,5,1,2,1,9,12,1,1,1,NaN,2,4,NaN,,NaN,,NaN,,NaN,NaN,NaN,NaN,1,4,2,1,1,1,1,1,1,1,1,1,1,1,1,1,1,1,1,2,1,1,655612.797,4422957.061,938.301,Per,129800,0,0,0,18,1
4619,2,2006460001176,3,1,13,6,5,1,2,CV-35,12.1,12,1,0,1,2,3,2,3,4,2,2,2,2,2,2,7,7,5,1,2,1,9,14,2,1,1,NaN,2,4,NaN,,NaN,,NaN,,NaN,NaN,NaN,NaN,1,4,2,1,1,1,1,1,1,1,1,1,1,1,1,1,1,1,1,2,1,1,714721.037,4382658.595,95.384,Per,76008,0,0,1,18,1
4620,2,2006460001178,3,1,14,3,6,2,1,CV-35,15.5,15,5,0,1,2,3,2,3,4,2,2,2,2,2,2,7,7,5,1,2,1,3,14,3,1,1,NaN,2,NaN,NaN,,21,24,NaN,,NaN,NaN,NaN,NaN,1,4,1,1,1,1,1,1,1,1,1,1,1,1,1,2,1,1,1,2,1,1,712061.948,4384555.19,87.592,Per,76008,0,0,0,7,1
4621,2,2006460001179,3,1,14,4,6,2,1,CV-35,60,60,0,1,1,5,2,2,3,2,2,1,2,2,1,1,7,7,8,1,1,1,9,14,1,1,3,NaN,2,NaN,NaN,,NaN,,NaN,,NaN,64,60,NaN,1,4,2,1,1,1,1,1,2,1,1,1,1,1,1,1,1,1,1,2,1,1,689233.703,4397095.733,397.06,Sec,2257,0,0,0,13,4
4623,2,2006460001197,3,1,16,5,1,1,2,CV-35,11,11,0,0,1,7,1,1,3,3,2,1,2,2,2,1,7,7,8,8,1,4,2,13,2,1,1,NaN,1,4,NaN,,NaN,,NaN,,NaN,NaN,NaN,NaN,1,4,1,1,1,1,1,1,1,2,1,1,1,1,2,1,1,1,1,2,1,1,715598.038,4381852.54,86.348,Per,76008,0,0,1,15,3
4625,2,2006460001204,3,1,17,3,2,1,2,CV-365,2,2,0,1,1,5,3,2,3,3,2,2,2,1,2,1,7,7,8,1,1,1,9,14,2,1,1,NaN,1,4,NaN,,NaN,,NaN,,NaN,NaN,NaN,NaN,1,4,2,1,1,1,1,1,1,1,1,1,1,1,1,1,1,1,1,2,1,1,720143.618,4376641.604,59.452,Sec,40951,0,0,2,9,1
4627,2,2006460001211,3,1,17,4,2,1,2,CV-35,11.8,11,8,0,1,2,3,2,3,4,2,2,2,2,2,2,7,7,8,1,1,1,9,14,3,1,3,NaN,1,2,NaN,,NaN,,NaN,,NaN,NaN,NaN,NaN,1,4,1,1,1,1,1,1,1,1,1,1,1,1,1,1,1,2,1,2,1,1,715023.109,4382394.354,91.616,Per,76008,0,0,0,14,1
4629,2,2006460001247,3,1,17,6,2,1,2,CV-35,27.3,27,3,1,1,5,2,2,3,3,2,1,1,1,2,1,1,1,3,1,2,1,2,14,2,1,1,NaN,2,2,NaN,,NaN,,NaN,,NaN,NaN,NaN,NaN,1,4,1,1,1,1,1,1,2,1,1,1,1,1,1,1,1,1,1,2,2,3,662966.334,4407984.019,768.229,Per,11200,0,0,0,17,6
4633,2,2006460001343,3,1,27,6,5,1,2,CV-35,30.5,30,5,0,1,5,3,2,3,3,2,1,1,1,2,2,2,6,3,1,1,1,4,14,1,1,3,NaN,2,2,NaN,,NaN,,NaN,,NaN,NaN,NaN,NaN,1,4,2,1,1,1,1,1,2,1,1,1,1,1,1,1,1,1,1,2,1,1,701921.705,4392323.484,163.988,Per,11200,0,0,3,18,6
4635,2,2006460001349,3,1,17,6,2,1,2,CV-35,17.5,17,5,0,1,7,3,2,3,3,2,2,1,2,2,2,5,1,4,1,5,1,9,14,1,1,1,NaN,1,2,NaN,,NaN,,NaN,,NaN,NaN,NaN,NaN,1,4,1,1,1,1,1,1,2,1,1,1,1,1,1,1,1,1,1,2,1,1,711018.896,4386174.461,104.662,Per,43300,0,0,0,20,6
4638,2,2006460001372,3,1,19,1,4,1,2,CV-35,5,5,0,1,1,2,3,2,3,4,2,2,2,2,2,2,7,7,8,1,4,1,9,14,3,1,1,NaN,1,4,NaN,,NaN,,NaN,,NaN,NaN,NaN,NaN,1,4,2,1,1,1,1,1,1,1,1,1,1,1,1,1,1,1,1,2,1,1,655684.852,4423022.859,935.81,Per,129800,0,0,0,23,1
4640,2,2006460001393,3,1,29,6,7,3,1,CV-42,0.3,0,3,1,1,5,2,3,3,3,2,1,1,1,1,2,7,7,8,1,3,1,9,14,2,1,1,NaN,1,NaN,NaN,,NaN,,NaN,,67,NaN,60,NaN,1,4,2,1,1,1,1,1,1,1,1,1,1,1,1,1,1,1,1,2,1,2,723815.017,4354644.383,-7.814,Sec,12043,0,0,1,18,1
4645,2,2006460001493,3,1,22,6,7,3,3,CV-500,9.8,9,8,0,1,5,3,2,3,4,2,1,2,1,2,2,7,7,8,1,1,1,9,14,3,1,1,NaN,1,5,NaN,,NaN,,NaN,,NaN,NaN,NaN,NaN,1,4,2,1,1,1,1,1,1,1,1,1,1,1,1,1,1,1,1,2,1,1,730358.947,4360575.319,-15.925,Cob,16787,0,0,0,17,1
4647,2,2006460001507,3,1,23,5,1,4,2,CV-31,2.9,2,9,0,1,2,3,2,3,4,2,2,2,2,2,2,7,7,8,1,1,1,9,14,2,1,1,NaN,1,4,NaN,,NaN,,NaN,,NaN,NaN,NaN,NaN,1,4,1,1,1,1,1,1,2,1,1,1,1,1,1,1,1,1,1,2,1,2,720752.887,4377134.296,35.019,Cob,30893,0,0,1,16,2
4648,2,2006460001513,3,1,24,3,2,1,1,CV-32,7,7,0,0,1,5,3,2,3,4,2,1,2,1,2,2,7,7,8,1,1,1,9,8,1,1,1,NaN,1,NaN,NaN,,NaN,,NaN,,NaN,54,50,NaN,2,4,1,1,1,1,1,1,1,1,1,2,1,2,1,1,1,1,1,2,1,1,727337.107,4385191.302,8.72,Sec,11800,0,0,0,9,1
4651,2,2006460001519,3,1,23,3,1,4,2,CV-35,34.3,34,3,0,1,5,3,2,3,3,2,1,1,1,2,2,3,2,3,1,1,1,9,14,1,1,1,NaN,1,2,NaN,,NaN,,NaN,,NaN,NaN,NaN,NaN,1,4,1,1,1,1,1,1,1,1,1,1,1,1,1,1,1,1,2,2,1,1,698704.209,4394471.594,221.75,Per,11200,0,0,0,9,6
4653,2,2006460001650,3,1,27,6,5,1,2,CV-412,0.8,0,8,0,1,5,3,2,3,4,2,1,1,1,2,2,7,7,8,1,3,1,9,14,3,1,1,NaN,1,2,NaN,,NaN,,NaN,,NaN,NaN,NaN,NaN,1,4,1,1,1,1,1,1,2,1,1,1,1,1,1,1,1,1,1,2,2,1,725530.918,4365993.352,-15.183,NaN,0,0,0,0,20,1
4654,2,2006460001655,3,1,30,4,1,1,1,CV-35,5.5,5,5,1,1,2,3,2,3,3,2,2,2,2,2,2,7,7,8,3,1,5,4,14,3,1,1,NaN,2,NaN,NaN,,NaN,,NaN,,NaN,53,50,NaN,1,4,1,1,1,1,1,1,1,2,1,1,1,1,2,1,1,1,1,2,1,1,656155.285,4423077.166,942.697,Per,129800,0,0,0,13,2