Id,Ano,Numero_Accidente,Provincia,Mes,Dia,Hora,Dia_Semana,Tipo_Dia,Vehiculos_Implicados,Carretera,Pk,Km,Hm,Sentido,Zona,Tipo_Via,Anchura_Calzada,Anchura_Carril,Marcas_Viales,Arcen,Arcen_Pavimentado,Mediana,Barrera_Seguridad,Paneles_Direccionales,Hitos_Arista,Captafaros,Interseccion_Tipo,Interseccion_Acondicionamiento,Prioridad_Regulada_por,Superficie,Luminosidad,Factores_Atmosfericos,Visibilidad_Restringida_por,Otras_Circunstancias,Senalizacion_Peligro,Aceras,Arboles,Arboles_Metros_Calzada,Visibilidad_Senalizacion_Vertical,Colision_Vehiculos_Marcha,Colision_Vehiculo_Obstaculo_1,Colision_Vehiculo_Obstaculo_2,Atropello_1,Atropello_2,Vuelco_1,Vuelco_2,Salida_Sin_Colision,Salida_Con_Colision,Lado_Salida,Otro,Circulacion,Circulacion_Medidas_Especiales,Distraccion,Inexperiencia_Conductor,Alcohol_Drogas,Cansancio_Sueno,Enfermedad,Velocidad_Inadecuada,Infraccion_Norma_Circulacion,Estado_Condicion_Via,Estado_Condicion_Senalizacion,Tramo_Obras,Mal_Estado_Vehiculo,Averia_Mecanica,Meteorologia_Adversa,Irrupcion_Animal,Circular_Sentido_Contrario,Otro_Factor,Sin_Opinion_Definida,Pendiente,Curvatura,Peralte,GPS_x,GPS_y,GPS_z,Tipo_Est,IMD,N_Muertos,N_Graves,N_Leves,Hora_Real,Fuera_o_Interseccion
4658,2,2006460001669,3,1,30,1,1,4,2,CV-500,0.5,0,5,1,1,2,3,2,3,4,2,2,2,1,2,2,4,1,8,3,3,1,9,14,1,1,1,NaN,2,4,NaN,,NaN,,NaN,,NaN,NaN,NaN,NaN,1,4,2,1,2,1,1,1,1,1,1,1,1,1,1,1,1,1,1,2,1,1,731901.605,4343419.533,-9.565,Pri,16787,0,0,0,1,6
4662,2,2006460001758,3,2,1,6,3,1,2,CV-35,8.6,8,6,0,1,2,3,2,3,5,2,2,2,2,2,2,7,7,8,1,3,1,9,14,3,1,1,NaN,2,4,NaN,,NaN,,NaN,,NaN,NaN,NaN,NaN,1,4,1,1,1,1,1,1,2,1,1,1,1,1,1,1,1,1,1,2,1,1,717736.843,4380866.117,95.105,Per,76008,0,0,2,21,1
4668,2,2006460001759,3,2,1,6,3,1,2,CV-35,8.4,8,4,0,1,2,2,2,3,4,2,2,2,2,2,2,7,7,8,1,3,1,8,13,3,1,1,NaN,2,4,NaN,,NaN,,NaN,,NaN,NaN,NaN,NaN,2,4,1,1,1,1,1,1,2,2,1,1,1,1,1,1,1,1,1,2,1,1,717914.119,4380777.131,92.825,Per,91900,0,0,5,21,1
4673,2,2006460001890,3,1,27,1,5,1,3,CV-35,4.5,4,5,1,1,2,3,2,3,4,2,2,2,1,2,2,7,7,8,3,4,4,9,14,1,1,1,NaN,2,5,NaN,,NaN,,NaN,,NaN,NaN,NaN,NaN,2,4,2,1,1,1,1,1,2,1,1,1,1,1,2,1,1,1,1,2,1,1,655246.047,4422938.623,943.174,Per,129800,0,0,0,23,1
4676,2,2006460001892,3,1,28,4,6,2,3,CV-36,3.8,3,8,0,1,2,3,2,3,3,2,2,2,2,2,2,7,7,8,1,1,1,9,14,1,1,1,NaN,1,NaN,NaN,,NaN,,NaN,,NaN,52,50,NaN,1,4,1,1,1,1,1,1,1,1,1,1,1,1,1,1,1,1,2,2,1,1,714420.386,4369229.958,51.665,Cob,34231,0,0,1,14,5
4677,2,2006460001893,3,1,28,3,6,3,1,CV-35,4.3,4,3,1,1,2,3,2,3,4,2,2,2,1,2,2,7,7,8,3,4,4,9,14,1,1,1,NaN,2,NaN,NaN,,NaN,,NaN,,NaN,52,50,NaN,1,4,2,1,1,1,1,2,1,1,1,1,1,1,1,1,1,1,1,2,1,1,655056.332,4422979.715,944.805,Per,129800,0,0,0,7,1
4680,2,2006460001948,3,1,29,4,7,3,3,CV-35,37.7,37,7,0,1,5,2,2,3,3,2,1,1,1,2,1,7,7,8,1,1,1,9,14,3,1,1,NaN,1,4,NaN,,NaN,,NaN,,NaN,NaN,NaN,NaN,3,4,2,1,1,1,1,1,1,1,1,1,1,1,1,1,1,1,1,2,2,1,696449.663,4396958.945,294.299,Per,11200,0,0,1,12,1
4682,2,2006460001975,3,1,30,3,1,4,2,CV-32,0.2,0,2,0,1,5,3,2,3,3,2,1,1,2,2,2,5,1,8,1,1,1,9,13,3,1,1,NaN,2,3,NaN,,NaN,,NaN,,NaN,NaN,NaN,NaN,1,4,1,1,1,1,1,1,2,1,1,1,1,1,1,1,1,1,1,2,2,1,732392.066,4381689.679,-16.771,Per,31800,0,0,0,10,6
4690,2,2006460002034,3,2,3,6,5,1,2,CV-41,15.9,15,9,1,1,5,3,2,3,4,2,1,1,1,2,1,1,1,8,1,5,1,9,14,1,1,1,NaN,2,1,NaN,,NaN,,NaN,,NaN,NaN,NaN,NaN,1,4,1,1,1,1,1,1,2,1,1,1,1,1,1,1,1,1,1,2,1,1,719354.121,4332560.5,-0.016,Cob,8833,0,0,8,19,6
4694,2,2006460002043,3,2,3,6,5,1,2,CV-645,2,2,0,1,1,5,3,2,3,3,2,1,1,1,1,1,7,7,8,1,5,1,9,14,2,1,1,NaN,1,2,NaN,,NaN,,NaN,,NaN,NaN,NaN,NaN,1,4,2,1,1,1,1,1,1,1,1,1,1,1,1,1,1,1,1,2,1,1,713334.276,4318489.56,93.914,Cob,12622,0,0,4,19,2
4697,2,2006460002065,3,1,31,3,2,1,3,CV-31,1,1,0,0,1,2,3,2,3,4,2,2,2,1,2,2,7,7,8,1,1,1,9,14,3,1,1,NaN,1,NaN,NaN,,NaN,,NaN,,NaN,NaN,NaN,71,1,4,1,1,1,1,1,1,2,1,1,1,1,1,1,1,1,1,1,2,1,1,721210.824,4375335.056,8.333,Sec,50897,0,0,0,8,1
4698,2,2006460002066,3,1,31,5,2,1,1,CV-35,6.9,6,9,1,1,2,3,2,3,4,2,2,2,2,2,2,4,6,8,3,1,4,4,14,2,1,1,NaN,1,NaN,NaN,,NaN,,NaN,,NaN,53,50,NaN,1,4,1,1,1,1,1,2,2,2,1,1,1,1,1,1,1,1,1,2,1,1,657229.749,4422414.726,979.812,Per,91900,0,0,0,15,6
4699,2,2006460002157,3,1,31,6,2,1,1,CV-40,23.1,23,1,1,1,2,3,2,3,4,2,2,2,1,1,2,7,7,8,3,5,4,9,14,2,1,3,NaN,2,NaN,NaN,,NaN,,NaN,,NaN,63,60,NaN,1,4,1,1,1,1,1,1,1,1,1,1,1,1,1,2,1,1,1,2,1,1,710246.355,4317772.335,109.575,Cob,18451,0,0,0,18,2
4704,2,2006460002217,3,2,4,3,6,2,2,CV-60,25.5,25,5,1,1,5,2,2,3,3,2,1,2,1,1,1,7,7,5,1,2,1,9,8,1,1,1,NaN,2,3,NaN,,NaN,,NaN,,NaN,NaN,NaN,NaN,1,4,1,1,1,1,1,1,2,1,1,1,1,1,1,1,1,1,1,2,1,1,722701.802,4307578.068,178.759,Cob,14874,0,0,0,7,1
4706,2,2006460002223,3,2,1,1,3,1,2,CV-25,2.2,2,2,0,1,5,3,2,3,3,2,1,1,1,1,1,7,7,8,1,1,1,9,14,2,1,1,NaN,1,3,NaN,,NaN,,NaN,,NaN,NaN,NaN,NaN,1,4,1,1,1,1,1,2,1,1,1,1,1,1,1,1,1,1,1,2,1,2,708042.952,4392211.887,167.432,Sec,7614,0,0,0,23,2
4708,2,2006460002233,3,2,2,1,4,1,2,CV-35,15.5,15,5,1,1,2,3,2,3,3,2,2,2,1,2,2,7,7,8,1,1,1,9,14,3,1,3,NaN,1,4,NaN,,NaN,,NaN,,NaN,NaN,NaN,NaN,1,4,2,1,1,1,1,1,1,1,1,1,1,1,1,1,1,1,1,2,1,1,662674.839,4417997.185,903.866,Per,76008,0,0,0,2,1
4712,2,2006460002321,3,2,2,4,4,1,2,CV-35,31.5,31,5,1,1,5,3,2,3,3,2,1,1,1,1,1,1,1,5,1,1,1,9,14,3,1,3,NaN,1,3,NaN,,NaN,,NaN,,NaN,NaN,NaN,NaN,1,4,2,1,1,1,1,1,1,1,1,1,1,1,1,1,1,1,1,2,1,1,666273.522,4405868.175,611.061,Per,11200,0,0,1,12,6
4718,2,2006460002326,3,2,3,1,5,1,3,CV-300,3.5,3,5,0,1,5,3,2,3,3,2,1,1,1,2,2,7,7,8,1,3,1,9,14,2,1,1,NaN,1,4,NaN,,NaN,,NaN,,NaN,NaN,NaN,NaN,1,4,2,1,1,1,1,1,1,1,1,1,1,1,1,1,1,1,1,2,1,1,730276.332,4385887.287,12.298,Cob,14570,0,0,3,1,1
4721,2,2006460002439,3,2,3,4,5,1,2,CV-300,5.5,5,5,0,1,2,3,2,3,4,2,2,1,1,2,2,3,1,8,1,1,1,9,14,1,1,1,NaN,1,4,NaN,,NaN,,NaN,,NaN,NaN,NaN,NaN,1,4,2,1,1,1,1,2,1,1,1,1,1,1,1,1,1,1,1,2,1,1,729756.599,4384045.873,14.685,Cob,14570,0,0,0,14,6
4725,2,2006460002460,3,2,6,5,1,4,2,CV-30,1.2,1,2,0,1,2,3,2,3,4,2,2,2,1,2,2,7,7,8,1,1,1,9,14,2,1,1,NaN,2,4,NaN,,NaN,,NaN,,NaN,NaN,NaN,NaN,2,4,2,1,1,1,1,1,1,1,1,1,1,1,1,1,1,1,1,2,1,1,721284.102,4374830.758,9.154,Pri,55989,0,0,0,15,1
4729,2,2006460002469,3,2,6,3,1,4,4,CV-365,0.7,0,7,0,1,2,3,2,3,4,2,2,2,1,2,2,7,7,8,1,2,1,9,14,3,1,3,NaN,1,5,NaN,,NaN,,NaN,,NaN,NaN,NaN,NaN,1,4,2,1,1,1,1,1,1,1,1,1,1,1,1,1,1,1,1,2,1,1,721126.189,4376760.014,35.44,Cob,49600,0,0,1,7,1
4730,2,2006460002482,3,2,10,4,5,1,1,CV-60,6.5,6,5,1,1,5,3,2,3,4,2,1,1,1,2,1,5,1,8,1,1,1,9,14,3,1,1,NaN,2,NaN,NaN,,NaN,,NaN,,NaN,54,50,NaN,1,4,2,1,1,2,1,1,1,1,1,1,1,1,1,1,1,1,1,2,1,1,738737.024,4313441.116,56.879,Cob,9673,0,0,1,12,6
4732,2,2006460002504,3,2,10,4,5,1,2,CV-35,48.3,48,3,0,1,5,3,2,3,4,2,1,1,1,2,2,2,6,3,1,1,1,9,14,1,1,1,NaN,1,2,NaN,,NaN,,NaN,,NaN,NaN,NaN,NaN,1,4,1,1,1,1,1,1,2,1,1,1,1,1,1,1,1,1,1,2,1,1,686072.116,4396884.226,388.624,Per,3690,0,1,1,13,6
4739,2,2006460002529,3,2,10,3,5,1,1,CV-50,47.5,47,5,0,1,5,3,2,3,1,2,1,1,1,1,1,7,7,8,1,5,1,9,14,2,1,1,NaN,2,NaN,NaN,,NaN,,NaN,,NaN,63,60,NaN,2,4,2,1,1,1,1,1,2,1,1,1,1,1,1,1,1,1,1,2,1,1,708132.437,4356082.012,88.518,Pri,2819,0,0,1,7,1
4740,2,2006460002531,3,2,8,4,3,1,1,CV-35,5.5,5,5,1,1,2,3,2,3,4,2,2,2,1,2,2,7,7,8,1,1,1,9,14,2,1,3,NaN,2,NaN,NaN,,NaN,,NaN,,NaN,54,50,NaN,1,4,1,1,1,1,1,1,1,1,1,1,1,1,1,1,1,2,1,2,1,1,656155.285,4423077.166,942.697,Per,129800,0,0,0,13,2
4747,2,2006460002537,3,2,8,6,3,1,5,CV-35,7,7,0,0,1,2,3,2,3,4,2,2,2,2,2,2,7,7,8,1,4,1,9,14,2,1,3,NaN,2,5,NaN,,NaN,,NaN,,NaN,NaN,NaN,NaN,3,4,2,1,1,1,1,1,1,1,1,1,1,1,1,1,1,1,1,2,1,1,719044.781,4379971.63,80.6,Per,91900,0,0,1,20,1
4748,2,2006460002552,3,2,9,3,4,1,1,CV-35,2.8,2,8,0,1,2,3,2,3,4,2,2,2,1,2,2,7,7,5,1,5,1,9,14,3,1,1,NaN,2,NaN,NaN,,NaN,,NaN,,66,NaN,60,NaN,1,4,1,1,1,1,1,2,1,1,1,1,1,1,1,1,1,1,1,2,1,1,721486.729,4376620.807,35.401,NaN,0,0,0,1,7,2
4751,2,2006460002558,3,2,10,3,5,1,3,CV-31,4,4,0,1,1,5,3,2,3,3,2,1,1,1,1,1,7,7,8,1,2,1,9,14,3,1,3,NaN,2,2,NaN,,NaN,,NaN,,NaN,NaN,NaN,NaN,1,4,2,1,1,1,1,1,2,1,1,1,1,1,1,1,1,1,1,2,1,1,721334.08,4375138.45,11.412,Cob,30893,0,0,0,7,2
4755,2,2006460002689,3,2,14,6,2,1,2,CV-36,1.6,1,6,1,1,2,3,2,3,4,2,2,2,2,2,2,7,7,5,1,3,1,9,14,3,1,1,NaN,2,4,NaN,,NaN,,NaN,,NaN,NaN,NaN,NaN,1,4,1,1,1,1,1,1,2,1,1,1,1,1,1,1,1,1,1,2,1,2,718031.149,4369269.92,24.137,Pri,83400,0,0,1,21,1
4756,2,2006460002690,3,2,15,1,3,1,1,CV-60,3.5,3,5,1,1,6,1,3,3,3,2,1,1,1,1,2,5,1,4,1,5,2,4,14,2,1,1,NaN,2,NaN,NaN,,NaN,,NaN,,56,NaN,50,NaN,1,4,2,1,2,1,1,1,1,1,1,1,1,1,1,1,1,1,1,2,1,2,741316.129,4313294.091,28.054,Cob,9114,0,0,1,3,6
4757,2,2006460002694,3,2,12,3,7,3,1,CV-42,0,0,0,0,1,7,1,1,4,4,2,1,2,1,2,2,7,7,8,3,1,1,9,14,1,1,1,NaN,1,NaN,NaN,,NaN,,NaN,,NaN,63,60,NaN,1,4,1,1,1,1,1,1,2,1,1,1,1,1,1,1,1,1,1,2,2,1,720765.041,4338229.032,-5.742,Sec,12043,0,0,0,8,5
4758,2,2006460002699,3,2,12,6,7,3,1,CV-36,4,4,0,1,1,2,3,2,3,3,2,2,2,1,2,2,7,7,8,1,5,1,9,14,2,1,1,NaN,2,NaN,NaN,,NaN,,NaN,,NaN,52,50,NaN,1,4,1,1,1,1,1,1,2,1,1,1,1,1,1,1,1,1,1,2,1,1,720265.294,4368854.916,20.896,Cob,34231,0,0,0,21,2
4760,2,2006460002719,3,2,13,6,1,4,1,CV-32,3,3,0,0,1,2,3,2,3,3,2,2,2,2,2,2,5,1,8,1,1,1,9,14,3,1,1,NaN,1,NaN,NaN,,NaN,,12,9,NaN,NaN,NaN,NaN,1,4,1,1,1,1,1,1,2,1,1,1,1,1,1,1,1,2,1,2,1,1,729875.744,4382671.875,-10.574,Cob,11800,0,0,0,17,6
4762,2,2006460002720,3,2,16,4,4,1,2,CV-410,4.9,4,9,0,1,5,3,2,3,4,2,2,2,1,2,1,5,6,8,1,1,1,9,14,1,1,3,NaN,2,2,NaN,,NaN,,NaN,,NaN,NaN,NaN,NaN,1,4,1,1,1,1,1,1,2,1,1,1,1,1,1,1,1,1,1,2,2,1,716668.986,4372685.935,40.386,Pri,30864,0,0,2,14,6
4765,2,2006460002750,3,2,16,4,4,1,2,CV-35,10.6,10,6,1,1,2,3,2,3,4,2,2,2,2,2,2,7,7,5,1,1,8,9,14,3,1,1,NaN,2,4,NaN,,NaN,,NaN,,NaN,NaN,NaN,NaN,1,4,2,1,1,1,1,1,2,1,1,1,1,1,1,1,1,1,1,2,1,2,659887.903,4421001.511,904.29,Per,76008,0,0,1,13,1
4770,2,2006460002754,3,2,13,6,1,4,5,CV-32,8,8,0,0,1,5,3,2,3,3,2,1,1,1,2,1,7,7,5,1,5,1,9,8,1,1,1,NaN,2,5,NaN,,NaN,,NaN,,NaN,NaN,NaN,NaN,2,4,2,1,1,1,1,1,1,1,1,1,1,1,1,1,1,1,1,2,1,1,726818.617,4386024.26,27.037,NaN,0,0,0,0,19,1
4771,2,2006460002767,3,2,18,2,6,2,1,CV-35,5.5,5,5,1,1,2,3,2,3,4,2,2,2,1,2,2,7,7,8,1,5,1,9,14,2,1,1,NaN,2,NaN,NaN,,NaN,,NaN,,NaN,64,60,NaN,1,4,1,1,2,1,1,1,2,1,1,1,1,1,1,1,1,1,1,2,1,1,656155.285,4423077.166,942.697,Per,129800,0,0,0,5,1
4773,2,2006460002807,3,2,20,4,1,4,1,CV-35,28.6,28,6,0,1,5,3,2,3,4,2,1,1,1,2,1,7,7,8,1,1,1,9,14,3,1,1,NaN,1,NaN,NaN,,NaN,,NaN,,NaN,63,60,NaN,1,4,2,1,1,1,1,1,1,1,1,1,1,1,1,1,1,1,1,2,1,1,703398.812,4391335.425,156.302,Per,11200,0,1,0,13,1
4780,2,2006460002833,3,2,20,3,1,1,3,CV-35,12.5,12,5,1,1,2,3,2,3,3,2,2,2,2,2,2,7,7,5,1,2,1,9,14,3,1,1,NaN,1,5,NaN,,NaN,,NaN,,NaN,NaN,NaN,NaN,3,4,2,1,1,1,1,1,2,1,1,1,1,1,1,1,1,1,1,2,1,1,661600.094,4420410.72,886.686,Per,76008,0,0,0,7,1
4786,2,2006460002843,3,2,20,6,1,1,3,CV-407,2.9,2,9,0,1,5,2,2,3,3,1,1,1,1,1,1,5,1,4,1,3,1,9,14,3,1,1,NaN,1,4,NaN,,NaN,,NaN,,NaN,NaN,NaN,NaN,1,4,2,1,1,1,1,1,1,1,1,1,1,1,1,1,1,1,1,2,1,1,723617.342,4368355.224,-1.395,Cob,16223,0,0,2,20,6
4787,2,2006460002853,3,2,20,4,1,1,1,CV-35,4,4,0,1,1,2,3,2,3,4,2,2,2,2,2,2,7,7,8,1,1,1,9,13,1,1,1,NaN,2,NaN,30,32,NaN,,NaN,,NaN,NaN,NaN,NaN,1,2,2,1,1,1,1,1,1,1,1,1,1,1,1,1,1,1,1,2,2,2,654769.303,4422941.759,930.62,Per,129800,0,1,0,12,1
4793,2,2006460002860,3,2,18,5,6,2,2,CV-369,1.5,1,5,0,1,5,3,2,3,3,2,1,1,1,1,1,2,5,3,1,1,1,9,14,1,1,1,NaN,2,3,NaN,,NaN,,NaN,,NaN,NaN,NaN,NaN,1,4,1,1,1,1,1,1,2,1,1,1,1,1,1,1,1,1,1,2,1,2,709111.078,4387404.444,97.308,NaN,0,0,0,6,16,6
4794,2,2006460002862,3,2,22,6,3,1,1,CV-610,10.5,10,5,0,1,5,2,2,3,1,2,1,1,2,1,1,7,7,8,3,1,4,9,14,1,1,1,NaN,2,NaN,NaN,,NaN,,NaN,,NaN,53,50,NaN,1,4,1,1,1,1,1,2,1,1,1,1,1,1,1,1,1,1,1,2,1,1,723062.874,4316070.605,186.199,Cob,6672,0,0,1,17,2
4796,2,2006460002871,3,2,22,3,3,1,1,CV-50,72.2,72,2,0,1,5,3,2,3,3,2,1,1,1,2,2,7,7,8,1,1,1,9,14,2,1,3,NaN,2,NaN,NaN,,NaN,,NaN,,66,NaN,60,NaN,1,4,1,1,1,1,1,2,1,1,1,1,1,1,1,1,1,1,1,2,1,1,698430.141,4371417.319,217.278,Sec,5550,0,0,1,8,2
4798,2,2006460002873,3,2,22,3,3,1,2,CV-35,11.1,11,1,1,1,2,3,2,3,4,2,2,2,1,2,2,7,7,8,1,1,1,9,14,3,1,1,NaN,2,3,NaN,,NaN,,NaN,,NaN,NaN,NaN,NaN,1,4,2,1,1,1,1,1,2,1,1,1,1,1,1,1,1,1,1,2,1,1,660434.567,4420811.591,905.245,Per,76008,0,0,0,8,1
4800,2,2006460002877,3,2,23,5,4,1,2,CV-32,7.6,7,6,1,1,5,3,2,3,4,2,1,1,1,1,1,1,5,3,1,1,1,9,14,3,1,1,NaN,2,2,NaN,,NaN,,NaN,,NaN,NaN,NaN,NaN,1,4,1,1,1,1,1,1,2,1,1,1,1,1,1,1,1,1,1,2,1,1,730067.869,4382578.321,-7.731,Cob,11800,0,0,1,16,6
4805,2,2006460002897,3,2,23,6,4,1,3,CV-35,4.8,4,8,1,1,2,3,2,3,4,2,2,2,1,2,2,7,7,8,1,3,1,9,14,3,1,3,NaN,2,5,NaN,,NaN,,NaN,,NaN,NaN,NaN,NaN,2,4,2,1,2,1,1,1,1,1,1,1,1,1,1,1,1,1,1,2,1,1,655525.386,4422910.006,940.595,Per,129800,0,0,1,19,1
4809,2,2006460002898,3,2,25,1,6,1,2,CV-500,3.9,3,9,0,1,2,3,2,3,5,2,2,2,2,2,2,7,7,8,1,5,1,9,14,2,1,3,NaN,2,NaN,NaN,,NaN,,NaN,,NaN,62,60,NaN,1,4,2,1,1,1,1,1,1,1,1,1,1,1,1,1,1,1,1,2,1,1,728977.298,4366605.464,-17.061,Pri,16787,0,1,0,1,1
4812,2,2006460002910,3,2,26,3,7,3,1,CV-35,6,6,0,1,1,2,3,2,3,4,2,2,2,1,2,2,7,7,8,3,1,5,4,14,2,1,1,NaN,2,NaN,NaN,,NaN,,NaN,,66,NaN,60,NaN,1,4,2,1,1,1,1,1,1,1,1,1,1,1,1,1,1,1,1,2,1,1,656613.793,4422984.476,951.347,Per,91900,0,1,0,7,1
4814,2,2006460002914,3,2,19,1,7,3,1,CV-60,30,30,0,1,1,5,3,2,3,4,2,2,2,1,1,2,7,7,8,1,4,1,9,14,2,1,3,NaN,3,NaN,NaN,,NaN,,NaN,,NaN,63,60,NaN,1,4,2,1,1,2,1,2,1,1,1,1,1,1,1,1,1,1,1,2,1,1,718320.383,4308179.768,150.524,Cob,14874,0,1,0,23,2
4816,2,2006460002916,3,2,27,3,1,4,2,CV-35,94,94,0,1,1,5,1,3,4,1,2,1,2,1,1,1,7,7,8,5,1,1,2,14,3,1,3,NaN,2,3,NaN,,NaN,,NaN,,NaN,NaN,NaN,NaN,1,4,1,1,1,1,1,1,2,2,1,1,1,1,1,1,1,1,1,2,1,1,715444.172,4381964.952,83.591,Cob,469,0,0,1,8,2
4820,2,2006460002950,3,2,28,4,2,1,2,CV-50,88,88,0,1,1,5,3,2,3,3,2,1,1,2,1,1,2,6,3,1,1,1,9,14,1,1,1,NaN,2,2,NaN,,NaN,,NaN,,NaN,NaN,NaN,NaN,1,4,1,1,1,1,1,1,2,1,1,1,1,1,1,1,1,1,1,2,1,1,733764.057,4327758.028,15.874,Cob,8799,0,0,2,12,6
4824,2,2006460002989,3,3,1,4,3,1,2,CV-35,31.5,31,5,0,1,4,2,2,3,3,2,1,1,1,1,1,7,7,8,1,1,1,9,14,3,1,3,NaN,1,4,NaN,,NaN,,NaN,,NaN,NaN,NaN,NaN,2,4,2,1,1,1,1,1,2,1,1,1,1,1,1,1,1,1,1,2,1,1,701090.156,4392878.143,177.161,Per,11200,0,0,0,11,1
4826,2,2006460002995,3,3,1,6,3,1,2,CV-365,1,1,0,0,1,2,3,2,3,3,2,2,2,1,2,2,3,1,8,1,1,1,9,14,3,1,3,NaN,1,3,NaN,,NaN,,NaN,,NaN,NaN,NaN,NaN,1,4,2,1,1,1,1,1,1,1,1,1,1,1,1,1,1,1,1,2,1,1,720863.867,4376619.819,39.486,Sec,40951,0,0,1,19,6
4837,2,2006460003015,3,2,26,3,7,3,2,CV-403,0,0,0,0,1,5,3,2,3,3,2,1,1,1,1,1,7,7,8,1,4,1,9,14,1,1,1,NaN,1,3,NaN,,NaN,,NaN,,NaN,NaN,NaN,NaN,1,4,1,1,1,1,1,1,2,1,1,1,1,1,2,1,1,1,1,2,1,1,721005.828,4372378.658,17.626,Cob,17579,0,2,7,7,2
4838,2,2006460003036,3,3,2,3,4,1,1,CV-35,11.8,11,8,0,1,2,3,2,3,4,2,2,2,1,2,2,7,7,5,1,2,1,9,14,3,1,3,NaN,2,NaN,NaN,,NaN,,NaN,,NaN,63,60,NaN,1,4,2,1,1,2,1,1,1,1,1,1,1,1,1,1,1,1,1,2,1,1,715023.109,4382394.354,91.616,Per,76008,0,0,1,7,1
4843,2,2006460003040,3,3,2,4,4,1,2,CV-400,1,1,0,1,1,5,3,2,3,4,2,1,2,1,2,2,7,7,5,1,1,1,9,14,3,1,3,NaN,2,3,NaN,,NaN,,NaN,,NaN,NaN,NaN,NaN,1,4,2,1,1,1,1,1,2,1,1,1,1,1,1,1,1,1,1,2,2,2,722559.872,4364771.622,-7.809,Sec,43714,0,0,0,13,1
4845,2,2006460003043,3,3,2,6,4,1,2,CV-40,16,16,0,1,1,2,3,2,3,4,2,2,2,1,2,2,7,7,8,1,1,1,9,14,3,1,3,NaN,2,4,NaN,,NaN,,NaN,,NaN,NaN,NaN,NaN,1,4,1,1,1,1,2,1,1,1,1,1,1,1,1,1,1,1,1,2,1,1,710382.668,4311867.706,327.881,Cob,21403,0,0,1,17,1
4846,2,2006460003092,3,3,4,4,6,2,1,CV-36,3.8,3,8,0,1,2,3,2,3,4,2,2,2,2,2,2,7,7,8,1,1,1,9,8,1,1,3,NaN,2,NaN,NaN,,NaN,,NaN,,NaN,54,50,NaN,1,4,2,1,2,1,1,1,1,1,1,1,1,1,1,1,1,1,1,2,1,1,714420.386,4369229.958,51.665,Cob,34231,0,0,0,13,5
4853,2,2006460003106,3,3,6,1,1,4,2,CV-32,9.5,9,5,0,1,5,3,2,3,4,2,1,1,1,1,1,5,2,8,1,1,1,9,14,1,1,1,NaN,2,2,NaN,,NaN,,NaN,,NaN,NaN,NaN,NaN,1,4,2,1,1,1,1,1,2,1,1,1,1,1,1,1,1,1,1,2,1,2,725431.461,4386465.417,39.511,NaN,0,0,0,1,0,6
4859,2,2006460003109,3,3,7,1,2,1,1,CV-35,8.9,8,9,1,1,2,3,2,3,5,2,2,2,2,2,2,7,7,8,1,3,1,8,14,1,1,3,NaN,2,NaN,NaN,,NaN,,NaN,,NaN,52,50,NaN,1,4,1,1,1,1,1,2,1,1,1,1,1,1,1,1,1,1,1,2,1,2,658410.698,4421805.429,963.433,Per,76008,1,6,0,2,5
4865,2,2006460003137,3,3,7,3,2,1,3,CV-35,13.9,13,9,1,1,2,3,2,3,4,2,2,2,2,2,2,7,7,8,1,1,1,9,14,2,1,3,NaN,2,4,NaN,,NaN,,NaN,,NaN,NaN,NaN,NaN,1,4,1,1,1,1,1,1,2,1,1,1,1,1,1,1,1,1,1,2,2,2,662389.589,4419482.388,889.91,Per,76008,0,0,0,8,1
4868,2,2006460003139,3,3,7,3,2,1,3,CV-407,1,1,0,0,1,5,3,2,3,3,2,1,1,2,2,1,7,7,5,1,1,1,9,14,3,1,1,NaN,2,5,NaN,,NaN,,NaN,,NaN,NaN,NaN,NaN,1,4,2,1,1,1,1,2,2,1,1,2,1,1,1,1,1,1,1,2,1,1,721841.753,4368490.903,8.827,Cob,16223,0,0,0,10,1
4870,2,2006460003145,3,3,3,6,5,1,1,CV-32,0,0,0,0,1,7,3,2,3,3,2,1,1,2,1,1,5,1,5,1,3,8,9,14,1,1,1,NaN,2,NaN,NaN,,NaN,,12,9,NaN,NaN,NaN,NaN,1,4,1,1,1,1,1,2,1,1,1,1,1,1,2,1,1,1,1,2,1,1,732496.164,4381670.375,-18.685,Per,31800,0,0,1,20,6
4877,2,2006460003203,3,3,8,6,3,1,2,CV-33,3.8,3,8,0,1,5,3,2,3,4,2,2,2,1,2,2,7,7,8,1,4,1,9,14,2,1,1,NaN,2,4,NaN,,NaN,,NaN,,NaN,NaN,NaN,NaN,1,4,2,1,1,1,1,1,1,1,1,1,1,1,1,1,1,1,1,2,1,1,721534.019,4365252.894,2.945,Sec,25041,0,0,1,19,1
4879,2,2006460003208,3,3,8,3,3,1,2,CV-31,0.2,0,2,1,1,3,3,2,3,3,2,2,2,2,2,2,3,1,8,1,1,1,9,14,3,1,1,NaN,2,3,NaN,,NaN,,NaN,,NaN,NaN,NaN,NaN,1,4,1,1,1,1,1,1,2,1,1,1,1,1,1,1,1,1,1,2,1,1,721527.956,4378377.107,35.051,Cob,58530,0,0,0,9,6
4883,2,2006460003212,3,3,8,4,3,1,2,CV-50,32,32,0,1,1,5,2,2,3,4,2,1,1,1,1,1,7,7,8,1,1,1,9,14,2,1,1,NaN,1,4,NaN,,NaN,,NaN,,NaN,NaN,NaN,NaN,1,4,1,1,1,1,1,1,1,1,1,1,1,1,1,1,1,1,2,2,1,1,697971.688,4361788.504,231.584,Cob,15692,0,0,1,11,1