Id,Ano,Numero_Accidente,Provincia,Mes,Dia,Hora,Dia_Semana,Tipo_Dia,Vehiculos_Implicados,Carretera,Pk,Km,Hm,Sentido,Zona,Tipo_Via,Anchura_Calzada,Anchura_Carril,Marcas_Viales,Arcen,Arcen_Pavimentado,Mediana,Barrera_Seguridad,Paneles_Direccionales,Hitos_Arista,Captafaros,Interseccion_Tipo,Interseccion_Acondicionamiento,Prioridad_Regulada_por,Superficie,Luminosidad,Factores_Atmosfericos,Visibilidad_Restringida_por,Otras_Circunstancias,Senalizacion_Peligro,Aceras,Arboles,Arboles_Metros_Calzada,Visibilidad_Senalizacion_Vertical,Colision_Vehiculos_Marcha,Colision_Vehiculo_Obstaculo_1,Colision_Vehiculo_Obstaculo_2,Atropello_1,Atropello_2,Vuelco_1,Vuelco_2,Salida_Sin_Colision,Salida_Con_Colision,Lado_Salida,Otro,Circulacion,Circulacion_Medidas_Especiales,Distraccion,Inexperiencia_Conductor,Alcohol_Drogas,Cansancio_Sueno,Enfermedad,Velocidad_Inadecuada,Infraccion_Norma_Circulacion,Estado_Condicion_Via,Estado_Condicion_Senalizacion,Tramo_Obras,Mal_Estado_Vehiculo,Averia_Mecanica,Meteorologia_Adversa,Irrupcion_Animal,Circular_Sentido_Contrario,Otro_Factor,Sin_Opinion_Definida,Pendiente,Curvatura,Peralte,GPS_x,GPS_y,GPS_z,Tipo_Est,IMD,N_Muertos,N_Graves,N_Leves,Hora_Real,Fuera_o_Interseccion
4884,2,2006460003213,3,3,8,6,3,1,1,CV-35,23.6,23,6,0,1,2,3,2,3,4,2,2,2,1,2,2,7,7,8,1,1,1,9,14,3,1,1,NaN,2,NaN,NaN,,NaN,,NaN,,67,NaN,60,NaN,1,4,1,1,1,1,1,1,1,1,1,1,1,2,1,1,1,1,1,2,1,2,707708.591,4390318.212,158.253,Per,43300,0,0,1,18,1
4896,2,2006460003220,3,3,5,2,7,3,2,CV-35,17.8,17,8,0,1,2,3,2,3,4,2,2,2,1,2,2,1,6,5,1,5,1,9,14,3,1,1,NaN,2,3,NaN,,NaN,,NaN,,NaN,NaN,NaN,NaN,1,4,2,1,1,2,1,2,2,1,1,1,1,1,1,1,1,1,1,2,1,2,710974.066,4386467.164,111.745,Per,43300,0,2,8,6,6
4898,2,2006460003221,3,3,5,3,7,3,1,CV-500,20.1,20,1,0,1,5,3,2,3,3,2,1,2,1,2,2,5,1,4,3,1,1,9,14,1,1,3,NaN,2,NaN,NaN,,NaN,,NaN,,NaN,64,60,NaN,1,4,1,1,2,1,1,2,1,1,1,1,1,1,1,1,1,1,1,2,2,2,735289.542,4350320.15,-14.661,Cob,10998,0,0,1,8,7
4901,2,2006460003222,3,3,8,6,3,1,3,CV-369,0,0,0,0,1,5,3,2,3,3,2,1,1,2,1,1,7,7,5,1,3,1,9,14,3,1,1,NaN,2,3,NaN,,NaN,,NaN,,NaN,NaN,NaN,NaN,1,4,2,1,1,1,1,1,1,1,1,1,1,1,1,1,1,1,1,2,1,1,709759.59,4388102.653,124.837,NaN,0,0,0,0,20,1
4902,2,2006460003270,3,3,10,2,5,1,1,CV-35,5,5,0,1,1,2,3,2,3,3,2,2,2,1,2,2,7,7,5,1,5,1,9,14,3,1,3,NaN,2,NaN,NaN,,NaN,,NaN,,NaN,64,60,NaN,1,4,1,1,1,2,1,1,1,1,1,1,1,1,1,1,1,1,1,2,1,1,655684.852,4423022.859,935.81,Per,129800,0,0,0,6,1
4903,2,2006460003276,3,3,10,3,5,1,1,CV-333,4,4,0,1,1,5,2,2,3,3,2,1,1,1,1,1,5,1,4,1,1,1,9,14,1,1,3,NaN,2,NaN,NaN,,NaN,,NaN,,56,NaN,50,NaN,1,4,2,1,1,1,1,1,1,1,1,1,1,1,1,1,1,1,1,2,1,1,712782.339,4393155.759,176.376,Pri,4637,0,0,1,9,6
4907,2,2006460003301,3,3,11,5,6,1,2,CV-400,1.4,1,4,0,1,5,3,2,3,4,2,1,2,1,2,2,5,1,5,1,1,1,9,14,3,1,3,NaN,2,3,NaN,,NaN,,NaN,,NaN,NaN,NaN,NaN,1,4,1,1,1,1,1,1,2,1,1,1,1,1,1,1,1,1,1,2,1,1,723880.809,4368299.599,-2.574,Pri,30986,0,0,0,16,6
4908,2,2006460003303,3,3,12,2,7,3,1,CV-35,19.1,19,1,1,1,2,3,2,3,4,2,2,2,2,2,2,7,7,8,1,5,1,9,14,3,1,1,NaN,1,NaN,NaN,,NaN,,NaN,,NaN,64,60,NaN,1,4,2,1,1,1,1,1,1,1,1,1,1,1,1,1,1,1,1,2,2,2,663850.224,4415118.644,822.084,Per,43300,0,0,1,5,2
4909,2,2006460003307,3,3,12,1,7,3,1,CV-35,16.5,16,5,1,1,2,3,2,3,4,2,2,2,2,2,2,7,7,8,1,5,1,9,14,2,1,3,NaN,2,NaN,NaN,,NaN,,NaN,,NaN,52,50,NaN,1,4,1,1,1,1,1,1,2,1,1,1,1,1,1,1,1,1,1,2,1,1,662703.191,4417016.833,872.346,Per,43300,0,0,0,4,2
4912,2,2006460003324,3,3,16,6,4,1,1,CV-81,6.8,6,8,1,1,5,3,2,3,3,2,1,2,1,1,1,7,7,8,1,1,1,2,14,1,1,1,NaN,2,NaN,NaN,,NaN,,12,9,NaN,NaN,NaN,NaN,1,4,1,1,1,1,1,1,2,1,1,1,1,1,1,1,1,2,1,2,1,1,679362.294,4278348.216,467.441,Cob,3706,0,1,0,18,5
4913,2,2006460003334,3,3,15,4,3,1,1,CV-35,17.3,17,3,1,1,2,3,2,3,4,2,2,2,1,2,1,7,7,8,1,1,1,9,14,3,1,1,NaN,1,NaN,NaN,,NaN,,NaN,,NaN,62,60,NaN,1,4,1,1,1,1,1,2,1,1,1,1,1,1,1,1,1,1,1,1,3,3,662914.571,4416305.395,853.182,Per,43300,0,0,0,13,2
4916,2,2006460003335,3,3,5,6,7,3,2,CV-500,0.5,0,5,1,1,2,3,2,3,4,2,2,2,1,2,1,7,7,8,1,3,1,9,14,3,1,1,NaN,1,NaN,NaN,,NaN,,NaN,,NaN,NaN,NaN,71,1,4,1,1,1,1,1,1,1,1,1,1,1,1,1,1,1,2,1,2,1,1,731901.605,4343419.533,-9.565,Pri,16787,0,0,0,21,1
4919,2,2006460003343,3,3,18,5,6,2,2,CV-590,61.3,61,3,0,1,5,2,3,3,1,2,1,1,1,1,1,1,1,3,3,1,4,9,14,1,1,1,NaN,2,4,NaN,,NaN,,NaN,,NaN,NaN,NaN,NaN,1,4,1,1,1,1,1,1,2,1,1,1,1,1,1,1,1,1,1,2,1,1,710364.296,4320960.01,100.498,Sec,6955,0,0,2,15,6
4920,2,2006460003389,3,3,16,1,4,1,1,CV-400,1.8,1,8,0,1,3,3,2,3,3,2,2,2,2,2,2,7,7,8,1,3,1,9,14,1,1,1,NaN,1,NaN,NaN,,NaN,,NaN,,67,NaN,60,NaN,1,4,2,1,1,1,1,1,1,1,1,1,1,1,1,1,1,1,1,2,1,1,723712.433,4367972.093,-2.858,Pri,30986,0,0,1,4,1
4921,2,2006460003394,3,3,17,3,5,1,1,CV-35,12.1,12,1,1,1,7,3,2,3,3,2,1,2,2,2,2,7,7,8,1,3,1,9,14,1,1,3,NaN,2,NaN,NaN,,NaN,,NaN,,NaN,64,60,NaN,1,4,2,1,1,1,1,1,1,1,1,1,1,1,1,1,1,1,1,2,1,1,661373.306,4420591.212,894.761,Per,76008,0,0,0,7,5
4923,2,2006460003411,3,3,19,3,7,3,2,CV-365,0.2,0,2,0,1,2,3,2,3,3,2,2,2,1,2,2,7,7,4,3,1,9,2,14,1,1,1,NaN,2,4,NaN,,NaN,,NaN,,NaN,NaN,NaN,NaN,1,4,1,1,1,1,1,1,2,1,1,1,1,1,1,1,1,1,1,2,1,1,721501.627,4376617.573,36.809,Cob,49600,0,0,1,8,2
4925,2,2006460003466,3,3,18,3,6,2,1,CV-36,2.1,2,1,1,1,2,3,2,3,4,2,1,2,1,2,2,7,7,8,3,1,4,9,14,2,1,3,NaN,2,NaN,NaN,,NaN,,NaN,,NaN,52,50,NaN,1,4,1,1,1,1,1,2,1,1,1,1,1,1,1,1,1,1,1,2,1,2,718509.917,4369348.345,14.33,Pri,83400,0,0,0,10,2
4926,2,2006460003472,3,3,21,6,2,1,1,CV-50,75,75,0,1,1,5,3,2,3,3,2,1,1,1,1,1,7,7,8,1,4,1,9,14,2,1,3,NaN,2,NaN,NaN,,21,24,NaN,,NaN,NaN,NaN,NaN,1,4,1,1,1,1,1,1,1,1,1,1,1,1,1,2,1,1,1,2,1,1,723682.034,4334673.244,7.337,Cob,4852,0,0,0,20,1
4935,2,2006460003504,3,3,22,6,3,1,2,CV-412,1.9,1,9,0,1,5,2,2,3,1,2,1,2,1,1,1,7,7,5,1,5,1,9,14,3,2,1,NaN,2,1,NaN,,NaN,,NaN,,NaN,NaN,NaN,NaN,1,4,2,1,1,1,1,1,2,1,1,1,1,1,1,1,1,1,1,2,1,1,724532.745,4366180.394,-0.403,NaN,0,0,0,6,20,1
4937,2,2006460003516,3,3,25,4,6,3,2,CV-590,59.8,59,8,1,1,5,3,2,3,3,2,1,1,1,1,1,1,4,3,1,1,1,9,14,1,1,3,NaN,2,2,NaN,,NaN,,NaN,,NaN,NaN,NaN,NaN,1,4,1,1,1,1,1,1,2,1,1,1,1,1,1,1,1,1,1,2,2,2,670729.614,4324060.203,590.604,Sec,6955,0,0,1,14,6
4939,2,2006460003523,3,3,25,6,6,2,1,CV-35,16.1,16,1,1,1,2,3,2,3,4,2,2,2,2,2,2,7,7,8,1,2,1,9,14,3,1,1,NaN,2,NaN,NaN,,NaN,,NaN,,56,NaN,50,NaN,1,4,1,1,1,1,2,1,1,1,1,1,1,1,1,1,1,1,1,2,1,1,662701.077,4417314.829,867.675,Per,43300,0,0,1,20,1
4948,2,2006460003534,3,3,24,3,5,1,2,CV-35,4,4,0,1,1,2,3,2,3,3,2,2,2,1,2,2,7,7,8,1,1,1,9,14,2,1,1,NaN,1,4,NaN,,NaN,,NaN,,NaN,NaN,NaN,NaN,1,4,2,1,1,1,1,1,1,1,1,1,1,1,1,1,1,1,1,2,2,2,654769.303,4422941.759,930.62,Per,129800,0,0,1,9,1
4950,2,2006460003538,3,3,24,6,5,1,2,CV-400,2.9,2,9,0,1,6,3,2,3,3,2,1,1,1,2,2,2,3,5,1,1,1,6,14,3,2,1,NaN,2,2,NaN,,NaN,,NaN,,NaN,NaN,NaN,NaN,1,4,2,1,1,1,1,1,1,1,1,1,1,1,1,1,1,1,1,2,1,1,723522.624,4366928.637,-3.152,Cob,26543,0,0,1,18,6
4952,2,2006460003542,3,3,26,6,7,3,2,CV-515,1.1,1,1,1,1,5,2,2,3,3,2,1,1,1,1,1,1,1,3,1,1,1,9,14,2,1,1,NaN,2,2,NaN,,NaN,,NaN,,NaN,NaN,NaN,NaN,1,4,2,1,1,1,1,1,2,1,1,1,1,1,1,1,1,1,1,2,1,1,730939.925,4343456.921,-2.365,Cob,5959,0,0,1,18,6
4956,2,2006460003543,3,3,27,5,1,4,2,CV-60,17.8,17,8,1,1,5,3,2,3,3,2,1,1,1,2,2,7,7,8,1,1,1,9,14,3,1,1,NaN,2,2,NaN,,NaN,,NaN,,NaN,NaN,NaN,NaN,1,4,2,1,1,1,1,1,1,1,1,1,1,1,1,1,1,1,1,2,1,1,729519.484,4308202.057,251.49,Cob,7193,0,1,2,16,1
4957,2,2006460003550,3,3,28,1,2,1,1,CV-550,6.5,6,5,1,1,5,3,2,3,3,2,1,1,1,2,1,7,7,8,1,5,1,9,14,3,1,1,NaN,1,NaN,NaN,,NaN,,NaN,,56,NaN,50,NaN,1,4,1,1,1,1,1,1,1,1,1,1,1,1,1,1,1,2,1,2,1,1,715341.82,4334284.643,-6.202,Cob,12529,0,0,1,2,1
4958,2,2006460003553,3,3,28,1,2,1,1,CV-42,18.1,18,1,0,1,5,3,1,3,4,2,2,2,2,2,2,5,3,4,1,3,1,9,14,1,1,3,NaN,2,NaN,NaN,,NaN,,NaN,,NaN,53,50,NaN,1,4,2,1,2,1,1,2,1,1,1,1,1,1,1,1,1,1,1,2,1,1,723421.308,4353666.458,-6.406,Cob,13538,0,0,1,23,6
4959,2,2006460003554,3,3,29,1,3,1,1,CV-40,7.8,7,8,1,1,2,3,2,3,4,2,2,2,1,2,2,7,7,8,1,5,1,9,4,1,1,1,NaN,2,NaN,NaN,,NaN,,NaN,,66,NaN,60,NaN,1,4,2,1,2,1,1,1,1,1,1,1,1,1,1,1,1,1,1,2,1,1,710958.379,4304040.24,304.623,Per,22981,0,0,1,3,2
4961,2,2006460003555,3,3,28,6,2,1,2,CV-650,1.7,1,7,1,1,5,2,2,3,3,2,1,1,1,1,1,1,1,8,1,1,1,9,14,1,1,1,NaN,2,4,NaN,,NaN,,NaN,,NaN,NaN,NaN,NaN,1,4,1,1,2,1,1,1,2,1,1,1,1,1,1,1,1,1,1,2,1,1,708885.848,4301584.473,306.868,Cob,7768,0,0,1,19,6
4964,2,2006460003558,3,3,28,3,2,1,1,CV-31,1.2,1,2,1,1,2,3,2,3,4,2,2,2,1,2,2,7,7,5,1,1,1,9,14,2,1,1,NaN,1,NaN,NaN,,NaN,,NaN,,56,NaN,50,NaN,1,4,1,1,1,1,1,2,1,1,1,1,1,1,1,1,1,1,1,2,1,1,721165.48,4377581.704,28.962,Sec,50897,0,0,2,8,1
4965,2,2006460003570,3,3,29,4,3,1,1,CV-50,88.9,88,9,0,1,5,3,2,3,4,2,1,1,1,2,2,7,7,8,1,1,1,9,14,3,1,3,NaN,2,NaN,NaN,,NaN,,NaN,,65,NaN,60,NaN,1,4,1,2,1,1,1,1,1,1,1,1,1,1,1,1,1,1,1,2,1,2,705058.823,4385081.293,114.443,Cob,8799,0,0,2,14,2
4966,2,2006460003575,3,3,29,6,3,1,1,CV-40,7.8,7,8,1,1,2,3,2,3,4,2,1,1,1,2,2,7,7,8,1,2,1,9,14,3,1,1,NaN,1,NaN,NaN,,NaN,,NaN,,NaN,63,60,NaN,1,4,2,1,1,1,1,1,1,1,1,1,1,1,1,1,1,1,1,2,1,1,710958.379,4304040.24,304.623,Per,22981,0,0,1,20,2
4967,2,2006460003586,3,3,31,4,5,1,1,CV-35,6,6,0,1,1,2,3,2,3,4,2,2,2,1,2,2,7,7,8,1,1,1,9,14,3,1,3,NaN,1,NaN,NaN,,NaN,,NaN,,NaN,NaN,NaN,71,2,4,1,1,1,1,1,1,1,1,1,1,1,2,1,1,1,1,1,2,1,1,656613.793,4422984.476,951.347,Per,91900,0,0,1,13,1
4968,2,2006460003608,3,3,30,5,4,1,1,CV-500,14.5,14,5,0,1,5,2,2,3,3,2,1,2,1,2,2,7,7,8,1,1,1,9,14,2,1,1,NaN,2,NaN,NaN,,NaN,,NaN,,NaN,62,60,NaN,1,4,1,1,1,2,1,1,1,1,1,1,1,1,1,1,1,1,1,2,1,1,731883.355,4356663.349,-14.511,Sec,11592,0,0,0,15,1
4971,2,2006460003611,3,3,31,6,5,1,2,CV-35,19,19,0,0,1,2,3,2,3,3,2,2,2,1,2,2,7,7,8,1,1,1,9,14,3,1,1,NaN,2,3,NaN,,NaN,,NaN,,NaN,NaN,NaN,NaN,1,4,1,1,1,1,1,1,2,1,1,1,1,1,1,1,1,1,1,2,1,1,710348.832,4387468.225,116.85,Per,43300,0,0,1,17,1
4973,2,2006460003612,3,4,1,4,6,2,2,CV-50,15,15,0,1,1,5,2,2,3,3,2,1,1,1,1,1,7,7,8,1,1,1,9,3,3,1,3,NaN,2,4,NaN,,NaN,,NaN,,NaN,NaN,NaN,NaN,3,4,2,1,1,1,1,1,1,1,1,1,1,1,1,1,1,1,1,2,1,1,700276.978,4376596.265,198.667,Cob,12744,0,0,2,14,1
4976,2,2006460003626,3,4,3,6,1,1,2,CV-35,80.5,80,5,0,1,5,2,2,3,2,2,1,2,2,1,1,7,7,8,1,1,1,2,14,2,1,3,NaN,2,2,NaN,,NaN,,NaN,,NaN,NaN,NaN,NaN,1,4,2,1,1,1,1,2,1,1,1,1,1,1,1,1,1,1,1,2,1,3,663025.819,4410263.913,910.682,Cob,860,0,0,0,17,3
4977,2,2006460003630,3,4,1,3,6,2,1,CV-245,17.3,17,3,0,1,5,2,3,3,1,2,1,1,1,1,1,7,7,8,1,1,1,9,14,1,1,1,NaN,2,NaN,NaN,,NaN,,NaN,,NaN,53,50,NaN,1,4,1,1,1,1,1,2,1,1,1,1,1,1,1,1,1,1,1,2,1,2,697696.564,4408835.699,793.564,Cob,740,0,1,0,10,2
4982,2,2006460003632,3,4,4,3,2,1,4,CV-686,2.1,2,1,1,1,5,3,2,3,3,2,1,1,1,2,2,7,7,8,1,1,1,9,14,3,1,1,NaN,2,5,NaN,,NaN,,NaN,,NaN,NaN,NaN,NaN,2,4,2,1,1,1,1,1,1,1,1,1,1,1,1,1,1,1,1,2,1,1,742543.217,4314096.723,22.007,Cob,33010,0,0,2,8,1
4984,2,2006460003633,3,4,2,2,7,3,1,CV-500,13.1,13,1,0,1,5,3,2,2,3,2,1,1,2,2,2,1,4,4,2,5,1,9,14,3,1,1,NaN,1,NaN,NaN,,NaN,,NaN,,NaN,51,50,NaN,1,4,2,1,2,2,1,1,1,1,1,1,1,1,1,1,1,1,1,2,1,1,731357.7,4357820.96,-15.01,Sec,11592,0,2,1,6,6
4986,2,2006460003634,3,4,2,3,7,3,1,CV-500,14.9,14,9,0,1,5,2,2,3,3,2,1,2,2,2,2,5,3,4,1,1,1,9,14,1,1,1,NaN,1,NaN,NaN,,NaN,,NaN,,NaN,63,60,NaN,1,4,2,1,2,2,1,1,1,1,1,1,1,1,1,1,1,1,1,2,1,1,732050.04,4356277.381,-13.865,Sec,11592,0,0,1,8,6
4987,2,2006460003638,3,4,4,5,2,1,1,CV-40,20.6,20,6,0,1,2,3,2,3,3,2,1,2,1,1,1,7,7,8,1,1,1,9,14,2,1,3,NaN,1,NaN,NaN,,NaN,,NaN,,NaN,NaN,NaN,71,1,4,1,2,1,1,1,1,1,1,1,1,1,1,1,1,1,1,1,2,1,1,711502.215,4301426.452,318.634,Cob,18451,0,0,0,16,2
4988,2,2006460003639,3,4,3,4,1,1,1,CV-500,3.9,3,9,0,1,2,3,2,3,4,2,2,2,2,2,2,7,7,5,1,1,1,9,14,3,1,1,NaN,2,NaN,NaN,,NaN,,NaN,,NaN,54,50,NaN,1,4,1,2,1,1,1,1,1,1,1,1,1,1,1,1,1,1,1,2,1,1,728977.298,4366605.464,-17.061,Pri,16787,0,0,0,11,1
4992,2,2006460003641,3,4,2,6,7,3,2,CV-500,11.5,11,5,1,1,5,2,2,3,3,2,1,1,2,2,1,7,7,5,1,1,1,9,14,3,1,1,NaN,2,4,NaN,,NaN,,NaN,,NaN,NaN,NaN,NaN,1,4,1,1,1,1,1,1,2,1,1,1,1,1,1,1,1,1,1,2,1,1,734517.125,4352194.044,-17.53,Sec,11592,0,0,0,18,1
4998,2,2006460003648,3,4,4,3,2,1,2,CV-650,4,4,0,0,1,5,2,2,3,3,2,1,1,1,1,1,1,1,8,1,1,1,9,14,3,1,1,NaN,1,2,NaN,,NaN,,NaN,,NaN,NaN,NaN,NaN,1,4,1,1,1,1,1,1,2,1,1,1,1,1,1,1,1,1,1,2,1,1,708916.72,4301682.348,309.474,NaN,0,0,1,0,10,7
4999,2,2006460003649,3,4,5,6,3,1,1,CV-650,3.5,3,5,0,1,5,2,2,3,1,2,1,1,1,1,1,7,7,8,1,1,1,9,14,3,1,1,NaN,2,NaN,NaN,,NaN,,NaN,,NaN,64,60,NaN,1,4,2,1,1,1,1,1,1,1,1,1,1,1,1,1,1,1,1,2,1,2,709098.593,4302141.864,315.016,Cob,7768,0,0,1,19,1
5004,2,2006460003672,3,4,4,6,2,1,1,CV-50,78.4,78,4,0,1,5,3,2,3,4,2,1,2,1,2,2,7,7,6,1,2,1,9,13,3,1,3,NaN,4,NaN,NaN,,NaN,,NaN,,NaN,64,60,NaN,1,4,1,1,1,1,1,1,1,1,1,1,1,1,1,1,1,2,1,2,1,1,700220.872,4376590.474,201.19,Cob,4852,0,0,2,20,2
5006,2,2006460003679,3,4,5,4,3,1,2,CV-35,25.5,25,5,1,1,2,3,2,2,4,2,1,2,1,2,2,7,7,7,1,1,1,9,14,3,1,1,NaN,1,3,NaN,,NaN,,NaN,,NaN,NaN,NaN,NaN,1,4,1,1,1,1,1,1,1,1,1,1,1,1,1,1,1,1,2,2,1,1,662953.818,4409514.333,869.65,Per,43300,0,0,1,14,2
5007,2,2006460003684,3,4,6,6,4,1,1,CV-35,36.2,36,2,1,1,5,3,2,3,4,2,1,1,2,2,2,7,7,8,1,1,1,9,14,1,1,1,NaN,2,NaN,NaN,,NaN,,NaN,,NaN,64,60,NaN,1,4,2,1,2,1,1,1,1,1,1,1,1,1,1,1,1,1,1,2,1,1,669907.925,4403243.508,515.449,Per,11200,0,0,1,19,5
5009,2,2006460003694,3,4,6,6,4,1,2,CV-35,31.3,31,3,0,1,5,3,2,3,4,2,1,1,1,2,2,7,7,8,1,1,1,9,14,3,1,3,NaN,2,3,NaN,,NaN,,NaN,,NaN,NaN,NaN,NaN,1,4,2,1,1,1,1,1,1,1,1,1,1,1,1,1,1,1,1,2,1,1,701172.621,4392823.131,175.557,Per,11200,0,0,0,18,1
5010,2,2006460003699,3,4,8,1,6,1,1,CV-610,14,14,0,0,1,5,1,1,3,2,2,1,1,1,1,1,7,7,8,1,5,1,9,14,1,1,3,NaN,2,NaN,NaN,,NaN,,NaN,,55,NaN,50,NaN,1,4,1,1,1,1,1,2,1,1,1,1,1,1,1,1,1,1,1,2,1,1,725745.412,4314240.333,205.857,Cob,4292,0,0,0,3,4
5016,2,2006460003701,3,4,8,4,6,2,2,CV-50,18.8,18,8,1,1,5,3,2,3,3,2,1,1,1,2,1,7,7,8,1,1,1,9,14,3,1,1,NaN,1,4,NaN,,NaN,,NaN,,NaN,NaN,NaN,NaN,1,4,1,1,1,1,1,1,2,1,1,1,1,1,1,1,1,1,1,2,1,1,698723.933,4373527.627,195.485,Cob,15153,0,0,5,11,1
5034,2,2006460003709,3,4,8,6,6,2,3,CV-41,16.6,16,6,1,1,5,3,2,3,3,2,1,1,1,1,1,7,7,8,1,5,1,9,14,1,1,3,NaN,1,1,NaN,,NaN,,NaN,,NaN,NaN,NaN,NaN,2,4,2,1,1,1,1,2,1,1,1,1,1,1,1,1,1,1,1,2,1,1,719707.208,4333257.438,-0.679,Cob,8833,0,5,5,21,4
5036,2,2006460003714,3,4,7,5,5,1,2,CV-81,0,0,0,0,1,5,3,2,3,1,2,1,1,1,1,1,5,1,8,1,1,1,9,14,3,1,3,NaN,2,2,NaN,,NaN,,NaN,,NaN,NaN,NaN,NaN,1,4,1,1,1,1,1,1,2,1,1,1,1,1,1,1,1,1,1,2,1,1,712115.176,4301150.611,318.053,Cob,18782,0,0,1,15,6
5037,2,2006460003721,3,4,7,6,5,1,1,CV-35,14.4,14,4,0,1,2,2,2,3,3,2,2,2,2,2,2,7,7,5,1,1,1,9,14,1,1,1,NaN,1,NaN,NaN,,NaN,,NaN,,NaN,53,50,NaN,2,4,2,1,1,1,1,1,1,1,1,1,1,1,1,1,1,1,1,2,1,1,712932.067,4383895.886,88.951,Per,76008,0,0,1,19,1
5041,2,2006460003724,3,4,10,3,1,1,2,CV-41,9.5,9,5,1,1,5,3,1,3,2,2,1,1,1,1,1,5,1,8,1,1,1,9,14,1,1,3,NaN,2,4,NaN,,NaN,,NaN,,NaN,NaN,NaN,NaN,1,4,1,1,1,1,1,1,2,1,1,1,1,1,1,1,1,1,1,2,1,1,717718.452,4327072.508,18.824,Sec,5773,0,1,0,10,6
5043,2,2006460003729,3,4,10,4,1,4,1,CV-412,1.3,1,3,0,1,5,3,2,3,4,2,1,1,1,2,2,7,7,8,1,1,1,9,14,1,1,3,NaN,2,NaN,NaN,,NaN,,NaN,,NaN,64,60,NaN,2,4,2,1,1,1,1,1,1,1,1,1,1,1,1,1,1,1,1,2,1,1,725085.216,4366083.488,-12.036,NaN,0,0,0,3,14,1
5045,2,2006460003735,3,4,8,2,6,2,1,CV-500,14.5,14,5,0,1,5,3,2,3,1,2,1,2,2,2,2,7,7,5,1,5,1,3,13,1,1,1,NaN,2,NaN,NaN,,NaN,,NaN,,NaN,64,60,NaN,1,4,1,1,2,2,1,2,1,1,1,1,1,1,1,1,1,1,1,2,1,1,731883.355,4356663.349,-14.511,Sec,11592,0,0,0,5,5
5046,2,2006460003736,3,4,9,2,7,3,1,CV-500,21.1,21,1,1,1,5,3,2,3,1,2,1,1,1,1,1,7,7,8,1,5,1,9,14,3,1,3,NaN,1,NaN,NaN,,NaN,,NaN,,NaN,62,60,NaN,1,4,2,1,2,1,1,1,1,1,1,1,1,1,1,1,1,1,1,2,1,1,730356.388,4360616.537,-21.131,Cob,10998,0,0,1,5,2
5049,2,2006460003747,3,4,10,3,1,4,2,CV-60,34.5,34,5,1,1,2,3,2,3,3,2,2,2,1,2,2,7,7,8,1,1,1,9,14,3,1,1,NaN,1,4,NaN,,NaN,,NaN,,NaN,NaN,NaN,NaN,1,4,2,1,1,1,1,1,2,1,1,1,1,1,1,1,1,1,1,2,1,1,713928.896,4308470.541,191.852,Sec,9188,0,0,0,8,1
5051,2,2006460003754,3,4,11,6,2,1,2,CV-400,0.9,0,9,1,1,2,3,2,3,4,2,2,2,1,2,2,7,7,8,1,1,1,9,14,3,1,1,NaN,1,3,NaN,,NaN,,NaN,,NaN,NaN,NaN,NaN,1,4,1,1,2,1,1,1,2,1,1,1,1,1,1,1,1,1,1,2,2,1,722510.758,4364710.111,-7.465,Sec,43714,0,0,0,18,1
5053,2,2006460003756,3,4,11,3,2,1,2,CV-35,34.1,34,1,1,1,2,3,2,3,3,2,1,1,1,1,1,2,5,3,1,1,1,9,14,2,1,3,NaN,2,2,NaN,,NaN,,NaN,,NaN,NaN,NaN,NaN,1,4,1,1,1,1,1,1,2,1,1,1,1,1,1,1,1,1,1,2,1,2,668431.703,4404654.102,601.834,Per,11200,0,0,1,8,6
5055,2,2006460003759,3,4,11,4,2,1,2,CV-31,2.9,2,9,1,1,2,3,2,3,4,2,2,2,2,2,2,4,1,5,1,1,1,9,14,2,1,3,NaN,2,3,NaN,,NaN,,NaN,,NaN,NaN,NaN,NaN,1,4,1,1,1,1,1,1,1,1,1,1,1,1,1,1,1,1,2,2,1,1,720913.852,4376138.531,21.864,Cob,30893,0,0,0,13,6
5056,2,2006460003762,3,4,11,4,2,1,1,CV-40,0,0,0,0,1,2,3,2,3,4,2,2,2,2,2,2,7,7,8,1,1,1,9,14,3,1,1,NaN,2,NaN,NaN,,NaN,,NaN,,56,NaN,50,NaN,1,4,2,1,1,1,1,1,1,1,1,1,1,1,1,1,1,1,1,2,1,1,709681.881,4319315.029,146.18,Cob,23028,0,0,1,12,2
5058,2,2006460003773,3,4,12,4,3,1,2,CV-35,9.5,9,5,1,1,2,3,2,3,4,2,2,2,2,2,2,4,1,5,1,1,1,9,14,3,1,1,NaN,2,4,NaN,,NaN,,NaN,,NaN,NaN,NaN,NaN,2,4,2,1,1,1,1,1,1,1,1,1,1,1,1,1,1,1,1,2,1,1,658933.246,4421525.484,942.048,Per,76008,0,0,0,13,6
5060,2,2006460003774,3,4,12,4,3,2,2,CV-32,4.9,4,9,0,1,5,3,2,3,3,2,1,1,2,1,1,1,5,3,1,1,1,9,14,1,1,1,NaN,2,2,NaN,,NaN,,NaN,,NaN,NaN,NaN,NaN,1,4,1,1,1,1,1,1,2,1,1,1,1,1,1,1,1,1,1,2,1,1,728155.267,4383364.017,-1.959,Cob,11800,0,0,1,12,6