Id,Ano,Numero_Accidente,Provincia,Mes,Dia,Hora,Dia_Semana,Tipo_Dia,Vehiculos_Implicados,Carretera,Pk,Km,Hm,Sentido,Zona,Tipo_Via,Anchura_Calzada,Anchura_Carril,Marcas_Viales,Arcen,Arcen_Pavimentado,Mediana,Barrera_Seguridad,Paneles_Direccionales,Hitos_Arista,Captafaros,Interseccion_Tipo,Interseccion_Acondicionamiento,Prioridad_Regulada_por,Superficie,Luminosidad,Factores_Atmosfericos,Visibilidad_Restringida_por,Otras_Circunstancias,Senalizacion_Peligro,Aceras,Arboles,Arboles_Metros_Calzada,Visibilidad_Senalizacion_Vertical,Colision_Vehiculos_Marcha,Colision_Vehiculo_Obstaculo_1,Colision_Vehiculo_Obstaculo_2,Atropello_1,Atropello_2,Vuelco_1,Vuelco_2,Salida_Sin_Colision,Salida_Con_Colision,Lado_Salida,Otro,Circulacion,Circulacion_Medidas_Especiales,Distraccion,Inexperiencia_Conductor,Alcohol_Drogas,Cansancio_Sueno,Enfermedad,Velocidad_Inadecuada,Infraccion_Norma_Circulacion,Estado_Condicion_Via,Estado_Condicion_Senalizacion,Tramo_Obras,Mal_Estado_Vehiculo,Averia_Mecanica,Meteorologia_Adversa,Irrupcion_Animal,Circular_Sentido_Contrario,Otro_Factor,Sin_Opinion_Definida,Pendiente,Curvatura,Peralte,GPS_x,GPS_y,GPS_z,Tipo_Est,IMD,N_Muertos,N_Graves,N_Leves,Hora_Real,Fuera_o_Interseccion
5066,2,2006460003788,3,4,14,5,5,3,1,CV-35,42,42,0,1,1,5,3,2,3,3,2,1,1,2,1,1,7,7,8,1,1,1,2,14,1,1,1,NaN,2,NaN,NaN,,NaN,,NaN,,NaN,54,50,NaN,1,4,1,1,1,1,1,2,1,1,1,1,1,1,1,1,1,1,1,2,1,1,674035.544,4400150.071,373.763,Per,3690,0,4,3,15,5
5070,2,2006460003804,3,4,16,6,7,3,2,CV-50,51,51,0,0,1,5,2,2,2,1,2,1,2,2,1,1,7,7,8,1,1,1,9,14,1,1,1,NaN,1,1,NaN,,NaN,,NaN,,NaN,NaN,NaN,NaN,1,4,1,1,1,1,1,2,2,1,1,1,1,1,1,1,1,1,1,2,2,1,705856.747,4357714.316,104.601,Cob,2013,0,1,5,19,5
5071,2,2006460003810,3,4,15,3,6,2,1,CV-31,2.7,2,7,1,1,3,2,2,3,3,2,2,2,2,2,2,7,7,8,3,2,4,9,14,3,1,1,NaN,1,NaN,NaN,,NaN,,NaN,,NaN,63,60,NaN,1,4,1,1,1,1,1,2,1,1,1,1,1,1,1,1,1,1,1,2,1,1,720836.571,4376321.894,24.312,Cob,35757,0,0,0,8,2
5073,2,2006460003822,3,4,12,3,3,1,2,CV-515,2.3,2,3,0,1,5,3,3,3,3,2,1,2,1,1,1,7,7,8,1,1,1,9,14,2,1,1,NaN,1,1,NaN,,NaN,,NaN,,NaN,NaN,NaN,NaN,1,4,1,1,1,1,1,1,2,1,1,1,1,1,1,1,1,1,1,2,1,1,724511.069,4342753.461,1.519,Cob,5959,0,1,1,8,2
5077,2,2006460003831,3,4,17,6,1,3,2,CV-25,0.8,0,8,0,1,5,3,2,3,4,2,1,1,1,1,1,2,5,3,3,2,4,9,14,1,1,3,NaN,2,2,NaN,,NaN,,NaN,,NaN,NaN,NaN,NaN,1,4,2,1,2,1,1,1,2,1,1,1,1,1,1,1,1,1,1,2,1,1,707427.814,4390977.764,155.773,Sec,7614,0,0,3,20,6
5078,2,2006460003832,3,4,18,4,2,4,1,CV-610,14.9,14,9,0,1,5,2,3,3,1,2,1,1,2,1,1,7,7,8,1,1,1,2,14,1,1,1,NaN,2,NaN,NaN,,NaN,,NaN,,56,NaN,50,NaN,1,4,2,1,2,1,1,1,1,1,1,1,1,1,1,1,1,1,1,2,1,2,726532.707,4314082.442,214.916,Cob,4292,0,0,1,11,5
5086,2,2006460003905,3,4,19,6,3,1,2,CV-369,1,1,0,0,1,5,3,2,3,4,2,1,1,1,2,2,5,1,3,1,1,1,9,14,1,1,3,NaN,2,4,NaN,,NaN,,NaN,,NaN,NaN,NaN,NaN,1,4,2,1,1,1,1,1,1,1,1,1,1,1,1,1,1,1,1,2,1,1,709336.99,4387844.482,117.413,NaN,0,0,0,1,19,6
5087,2,2006460003910,3,4,20,6,4,1,1,CV-50,89,89,0,0,1,5,3,2,3,4,2,1,1,1,2,2,7,7,8,1,2,1,9,14,3,1,3,NaN,2,NaN,NaN,,NaN,,NaN,,56,NaN,50,NaN,1,4,2,1,1,1,1,1,1,1,1,1,1,1,1,1,1,1,1,2,1,1,705078.398,4385178.345,117.376,Cob,8799,0,0,0,21,2
5092,2,2006460003927,3,4,21,4,5,1,4,CV-35,11.4,11,4,1,1,2,3,2,3,4,2,2,2,2,2,2,7,7,8,1,1,1,9,14,2,1,1,NaN,2,5,NaN,,NaN,,NaN,,NaN,NaN,NaN,NaN,1,4,2,1,1,1,1,2,1,1,1,1,1,1,1,1,1,1,1,2,1,1,660630.873,4420777.069,907.286,Per,76008,0,0,1,14,1
5094,2,2006460003932,3,4,22,3,6,2,2,CV-32,6.8,6,8,0,1,5,3,2,3,3,2,1,1,2,1,1,6,5,3,1,1,1,9,14,2,1,1,NaN,2,2,NaN,,NaN,,NaN,,NaN,NaN,NaN,NaN,1,4,1,1,1,1,1,1,2,1,1,1,1,1,1,1,1,1,1,2,1,1,727393.91,4385001.163,7.836,Sec,11800,0,0,1,10,6
5095,2,2006460003944,3,4,23,2,7,3,1,CV-33,1.5,1,5,0,1,2,3,2,3,4,2,2,2,1,2,1,7,7,8,1,4,1,9,14,3,1,1,NaN,1,NaN,NaN,,NaN,,NaN,,66,NaN,60,NaN,1,4,1,1,1,1,1,1,1,1,1,1,1,1,1,1,1,1,2,2,1,1,717251.566,4372390.591,35.442,Cob,20510,0,0,1,5,1
5096,2,2006460003946,3,4,23,2,7,3,1,CV-33,1.5,1,5,0,1,2,3,2,3,4,2,2,2,1,2,1,7,7,8,1,4,1,9,14,3,1,1,NaN,1,NaN,NaN,,NaN,,NaN,,NaN,64,60,NaN,1,4,1,1,1,1,1,1,1,1,1,1,1,1,1,1,1,2,1,2,1,1,717251.566,4372390.591,35.442,Cob,20510,0,0,1,5,1
5097,2,2006460003947,3,4,22,2,6,2,1,CV-36,1.7,1,7,0,1,2,3,2,3,4,2,2,2,2,2,2,7,7,8,1,3,1,9,14,2,1,1,NaN,2,NaN,NaN,,NaN,,NaN,,67,NaN,60,NaN,1,4,2,1,1,1,1,1,1,1,1,1,1,1,1,1,1,1,1,2,1,1,716470.829,4369373.087,37.999,Pri,83400,0,0,0,6,1
5102,2,2006460003955,3,4,23,3,7,3,2,CV-500,27.1,27,1,0,1,5,3,2,3,3,1,1,1,1,1,1,7,7,8,3,3,4,9,14,1,1,1,NaN,2,NaN,NaN,,NaN,,NaN,,NaN,64,60,NaN,1,4,1,1,1,1,1,2,1,1,1,1,1,1,2,1,1,1,1,2,1,1,732872.046,4344752.365,-9.455,Cob,7093,0,0,0,7,4
5103,2,2006460003988,3,4,25,4,2,1,1,CV-35,23.5,23,5,0,1,7,3,2,2,4,2,1,1,1,2,2,7,7,8,1,1,1,9,4,1,1,3,NaN,2,NaN,NaN,,NaN,,NaN,,NaN,NaN,NaN,71,1,3,2,1,1,1,1,1,2,1,1,1,1,1,1,1,1,1,1,2,1,2,707743.985,4390225.949,154.657,Per,43300,0,0,0,13,5
5104,2,2006460004004,3,4,26,6,3,1,1,CV-36,0.8,0,8,0,1,2,3,2,3,4,2,2,2,1,2,2,7,7,5,1,1,1,9,14,3,1,3,NaN,2,NaN,NaN,,NaN,,NaN,,67,NaN,60,NaN,1,4,1,1,1,1,1,1,2,1,1,1,1,1,1,1,1,1,1,2,1,1,717344.169,4369566.605,43.132,Pri,83400,0,0,1,18,1
5106,2,2006460004008,3,4,26,6,3,1,2,CV-512,0,0,0,0,1,5,2,2,3,1,2,1,1,1,1,1,2,1,8,1,1,1,9,14,1,1,3,NaN,2,2,NaN,,NaN,,NaN,,NaN,NaN,NaN,NaN,1,4,2,1,1,1,1,1,2,1,1,1,1,1,1,1,1,1,1,2,1,1,722675.945,4341399.427,-4.8,Cob,11704,0,0,1,18,6
5111,2,2006460004055,3,4,28,3,5,1,1,CV-550,4.9,4,9,1,1,5,2,2,3,3,2,1,1,1,1,1,7,7,8,1,2,1,9,14,3,1,1,NaN,2,NaN,NaN,,NaN,,NaN,,NaN,51,50,NaN,1,4,1,1,1,1,1,1,1,1,1,1,1,1,1,1,1,1,2,2,1,1,716826.223,4334618.315,-7.663,Cob,12529,0,0,0,9,1
5112,2,2006460004071,3,4,30,4,7,3,1,CV-410,1.3,1,3,0,1,7,3,2,3,3,2,1,2,1,2,2,5,1,8,7,1,1,9,14,1,1,3,NaN,2,NaN,NaN,,NaN,,12,9,NaN,NaN,NaN,NaN,1,4,1,1,1,1,1,1,1,2,1,1,1,1,1,1,1,1,1,2,2,1,717714.03,4369703.105,28.825,Cob,11943,0,0,1,13,6
5116,2,2006460004074,3,4,29,4,6,2,2,CV-515,1.1,1,1,0,1,5,3,2,3,4,2,1,2,1,1,1,2,6,3,1,1,1,9,14,1,1,1,NaN,2,2,NaN,,NaN,,NaN,,NaN,NaN,NaN,NaN,1,4,1,1,1,1,1,1,2,1,1,1,1,1,1,1,1,1,1,2,1,2,723590.413,4342340.203,5.787,Cob,5959,0,1,1,11,6
5118,2,2006460004118,3,4,24,6,1,3,1,CV-36,4.7,4,7,1,1,2,3,2,3,4,2,2,2,2,2,2,7,7,8,1,1,1,9,14,2,1,1,NaN,2,NaN,NaN,,NaN,,NaN,,NaN,63,60,NaN,1,2,2,1,2,1,1,1,1,1,1,1,1,1,1,1,1,1,1,2,1,1,720880.307,4368891.156,11.34,Cob,34231,0,0,1,18,2
5119,2,2006460004157,3,5,1,3,1,3,1,CV-35,5.5,5,5,0,1,2,3,2,3,3,2,2,2,2,2,2,7,7,5,1,1,1,9,13,3,1,1,NaN,2,NaN,NaN,,NaN,,NaN,,NaN,52,50,NaN,1,4,1,1,1,2,1,1,1,1,1,1,1,1,1,1,1,1,1,2,1,1,719911.89,4378769.129,63.204,Per,129800,0,0,1,7,2
5121,2,2006460004162,3,4,28,4,5,1,2,CV-369,2.5,2,5,0,1,5,3,2,3,3,2,1,1,1,1,1,2,1,8,1,1,1,9,14,1,1,1,NaN,1,2,NaN,,NaN,,NaN,,NaN,NaN,NaN,NaN,1,4,1,1,1,1,1,1,2,1,1,1,1,1,1,1,1,1,1,2,2,2,708387.173,4387611.107,102.383,NaN,0,0,0,1,13,6
5127,2,2006460004203,3,5,1,3,1,3,1,CV-35,17,17,0,0,1,2,3,2,3,4,2,2,2,2,2,1,7,7,8,1,1,1,9,14,3,1,1,NaN,1,NaN,NaN,,NaN,,NaN,,66,NaN,60,NaN,1,4,2,1,1,1,1,2,1,1,1,1,1,1,1,1,1,1,1,2,1,1,711149.502,4385700.71,92.42,Per,43300,0,0,5,10,5
5128,2,2006460004214,3,5,2,3,2,4,1,CV-35,13,13,0,1,1,2,3,2,3,4,2,2,2,2,2,2,7,7,8,1,1,1,9,14,3,1,1,NaN,1,NaN,NaN,,NaN,,NaN,,NaN,52,50,NaN,1,4,2,1,1,1,1,1,1,1,1,1,1,1,1,1,1,1,1,2,1,2,661885.067,4420024.045,879.951,Per,76008,0,0,0,7,1
5129,2,2006460004224,3,5,3,2,3,1,1,CV-36,2.1,2,1,0,1,2,3,2,3,4,2,2,2,1,2,2,7,7,8,1,3,1,9,14,3,1,3,NaN,2,NaN,NaN,,NaN,,NaN,,NaN,64,60,NaN,1,4,2,1,1,1,1,1,1,1,1,1,1,1,1,1,1,1,1,2,1,2,716083.29,4369297.802,35.462,Pri,83400,0,0,1,5,1
5135,2,2006460004247,3,5,4,5,4,1,2,CV-35,23,23,0,1,1,5,3,2,3,3,2,1,1,1,1,1,1,1,8,1,1,1,9,14,2,1,1,NaN,1,NaN,NaN,,NaN,,NaN,,NaN,NaN,NaN,71,1,4,1,1,1,1,1,2,1,1,1,1,1,1,1,1,1,1,1,2,1,2,663791.688,4411514.943,809.158,Per,43300,0,3,0,16,6
5136,2,2006460004248,3,5,5,1,5,1,1,CV-36,2.6,2,6,0,1,2,3,2,3,3,2,2,2,1,2,2,7,7,8,3,3,4,9,14,3,1,1,NaN,2,NaN,NaN,,NaN,,12,9,NaN,NaN,NaN,NaN,1,4,2,1,1,1,1,1,1,1,1,1,1,1,1,1,1,1,1,2,1,1,715594.271,4369367.494,41.338,Pri,83400,0,0,1,0,1
5137,2,2006460004265,3,5,4,2,4,1,1,CV-81,0,0,0,0,1,2,1,1,3,3,2,2,2,1,2,2,7,7,8,3,5,5,4,13,1,1,3,NaN,2,NaN,NaN,,NaN,,NaN,,58,NaN,50,NaN,1,4,1,1,1,1,1,2,1,1,1,1,1,1,1,1,1,1,1,2,1,1,712115.176,4301150.611,318.053,Cob,18782,0,0,0,5,5
5141,2,2006460004297,3,5,6,6,6,2,2,CV-412,0.9,0,9,1,1,5,3,3,3,4,2,1,1,1,2,2,7,7,8,1,1,1,9,14,3,1,1,NaN,1,3,NaN,,NaN,,NaN,,NaN,NaN,NaN,NaN,3,4,1,1,1,1,1,1,2,1,1,1,1,1,1,1,1,1,1,2,1,1,724692.295,4366152.494,-10.413,NaN,0,0,2,1,19,1
5146,2,2006460004305,3,5,5,6,5,1,2,CV-306,2.1,2,1,1,1,5,3,2,3,3,2,1,1,1,1,1,7,7,8,1,5,1,9,14,2,1,3,NaN,4,4,NaN,,NaN,,NaN,,NaN,NaN,NaN,NaN,1,4,1,1,1,1,1,1,2,1,1,1,1,1,1,1,1,1,1,2,1,1,730663.893,4387507.654,2.756,Cob,12775,0,3,1,22,1
5147,2,2006460004329,3,5,7,4,7,3,1,CV-60,26,26,0,1,1,5,3,2,3,4,2,1,1,1,2,2,7,7,8,1,1,1,9,14,3,1,3,NaN,1,NaN,NaN,,NaN,,NaN,,67,NaN,60,NaN,1,4,2,1,1,1,1,1,1,1,1,1,1,1,1,1,1,1,1,2,1,1,722210.943,4307641.43,172.759,Cob,14874,0,0,0,12,1
5153,2,2006460004337,3,5,8,5,1,1,3,CV-35,16,16,0,1,1,2,3,2,3,5,2,2,2,1,2,2,7,7,8,1,1,1,9,14,3,1,3,NaN,2,5,NaN,,NaN,,NaN,,NaN,NaN,NaN,NaN,2,4,1,1,1,1,1,1,2,1,1,1,1,1,1,1,1,1,1,2,1,1,662706.406,4417512.916,878.39,Per,43300,0,0,1,15,1
5157,2,2006460004359,3,5,8,1,1,1,2,CV-515,6,6,0,1,1,5,3,2,3,3,2,1,1,1,2,1,7,7,8,1,4,1,9,14,3,1,3,NaN,1,1,NaN,,NaN,,NaN,,NaN,NaN,NaN,NaN,1,4,1,1,1,1,1,1,2,1,1,1,1,1,1,1,1,1,1,2,1,2,726299.759,4342920.865,2.111,Cob,9095,1,0,1,23,2
5159,2,2006460004363,3,5,8,6,1,4,2,CV-590,61.1,61,1,1,1,5,3,2,3,1,2,1,1,1,1,1,1,6,4,1,1,1,9,14,1,1,1,NaN,2,NaN,NaN,,NaN,,NaN,,NaN,NaN,NaN,71,1,4,2,1,1,1,1,1,1,1,1,1,1,1,1,1,1,1,1,2,1,1,669766.851,4324507.321,560.321,Sec,6955,0,0,1,19,6
5165,2,2006460004369,3,5,4,3,4,1,3,CV-31,2.1,2,1,0,1,2,2,2,3,3,2,2,2,1,2,2,3,1,8,1,1,1,9,14,1,1,3,NaN,2,4,NaN,,NaN,,NaN,,NaN,NaN,NaN,NaN,2,4,2,1,1,1,1,1,1,1,1,1,1,1,1,1,1,1,1,2,1,1,720851.794,4376360.652,21.231,Cob,35757,0,0,0,8,6
5168,2,2006460004373,3,5,5,4,5,1,2,CV-35,3.5,3,5,1,1,2,3,2,3,3,2,2,2,1,2,2,7,7,8,1,1,1,9,14,3,1,3,NaN,1,3,NaN,,NaN,,NaN,,NaN,NaN,NaN,NaN,1,4,1,1,1,1,1,1,2,1,1,1,1,1,1,1,1,1,1,2,2,1,654507.777,4422863.684,906.357,Per,129800,0,0,0,11,1
5172,2,2006460004387,3,5,2,1,2,1,2,CV-35,13.4,13,4,1,1,2,2,2,3,4,2,2,2,1,2,2,7,7,8,1,4,1,9,14,3,1,3,NaN,1,NaN,NaN,,NaN,,NaN,,NaN,NaN,NaN,71,1,4,1,1,1,1,1,1,1,1,1,1,1,1,1,1,1,1,2,2,2,2,661996.928,4419774.555,875.461,Per,76008,0,0,2,1,1
5174,2,2006460004390,3,5,5,4,5,1,2,CV-365,3.3,3,3,0,1,5,2,1,4,2,2,1,2,1,1,1,1,1,3,1,1,1,9,14,1,2,3,NaN,2,4,NaN,,NaN,,NaN,,NaN,NaN,NaN,NaN,1,4,2,1,1,1,1,1,1,1,1,1,1,1,1,1,1,1,1,2,1,1,718758.358,4376596.248,42.226,NaN,0,0,0,1,14,6
5175,2,2006460004396,3,5,6,6,6,2,1,CV-245,11,11,0,1,1,5,2,2,3,3,2,1,1,2,1,1,7,7,8,1,1,1,9,14,1,1,1,NaN,2,NaN,NaN,,NaN,,NaN,,67,NaN,60,NaN,1,4,1,1,1,1,1,1,1,1,1,1,1,1,1,1,1,1,2,2,1,1,704383.128,4413197.329,825.578,Cob,740,0,0,1,17,2
5176,2,2006460004397,3,5,7,2,7,3,1,CV-500,10,10,0,1,1,5,3,2,3,3,2,1,1,2,2,1,1,4,4,1,4,1,9,14,1,1,1,NaN,2,NaN,NaN,,NaN,,NaN,,66,NaN,60,NaN,1,4,1,1,1,1,1,1,1,1,1,1,1,1,1,1,1,1,2,2,1,1,734985.396,4350911.502,-16.912,Cob,16787,0,0,0,5,6
5181,2,2006460004409,3,5,7,3,7,3,2,CV-500,12.9,12,9,0,1,5,3,2,3,4,2,1,1,1,2,2,7,7,8,1,1,1,9,14,3,1,3,NaN,2,4,NaN,,NaN,,NaN,,NaN,NaN,NaN,NaN,1,4,2,1,1,1,1,1,1,1,1,1,1,1,1,1,1,1,1,2,1,1,731212.644,4358065.565,-14.535,Sec,11592,0,0,0,8,1
5183,2,2006460004435,3,5,8,6,1,4,2,CV-35,11.5,11,5,1,1,2,3,2,3,5,2,2,2,1,2,2,7,7,8,1,1,1,9,14,3,1,3,NaN,2,4,NaN,,NaN,,NaN,,NaN,NaN,NaN,NaN,2,4,2,1,1,1,1,1,1,1,1,1,1,1,1,1,1,1,1,2,1,2,660727.898,4420761.226,907.118,Per,76008,0,0,0,18,1
5188,2,2006460004450,3,5,9,4,2,1,2,CV-41,2,2,0,0,1,5,3,2,3,4,2,1,1,2,2,1,5,1,4,1,1,1,2,14,1,1,1,NaN,2,2,NaN,,NaN,,NaN,,NaN,NaN,NaN,NaN,1,4,1,1,1,1,1,1,2,1,1,1,1,1,1,1,1,1,1,2,1,1,720786.465,4334710.644,3.152,Cob,14949,0,0,0,12,6
5194,2,2006460004465,3,5,9,6,2,1,3,CV-590,61.1,61,1,1,1,5,2,2,3,3,2,1,1,1,1,1,1,4,3,1,1,1,9,14,1,1,3,NaN,2,2,NaN,,NaN,,NaN,,NaN,NaN,NaN,NaN,1,4,2,1,1,1,1,1,2,1,1,1,1,1,1,1,1,1,1,2,1,1,669766.851,4324507.321,560.321,Sec,6955,0,3,0,19,6
5200,2,2006460004472,3,5,8,3,1,1,2,CV-50,35.5,35,5,1,1,5,3,1,3,4,2,1,1,1,1,1,7,7,8,1,2,1,9,14,3,1,1,NaN,1,3,NaN,,NaN,,NaN,,NaN,NaN,NaN,NaN,1,4,1,1,1,1,1,1,2,1,1,1,1,1,1,1,1,1,1,2,1,1,700281.081,4359860.849,185.789,Cob,4417,0,1,6,7,1
5201,2,2006460004476,3,5,7,1,7,3,1,CV-686,3.5,3,5,0,1,5,3,1,3,3,2,1,1,1,2,2,5,1,4,1,3,1,2,14,1,2,3,NaN,2,NaN,NaN,,21,21,NaN,,NaN,NaN,NaN,NaN,1,4,1,1,2,1,1,1,2,1,1,1,1,1,1,1,1,1,1,2,2,1,743608.789,4315901.824,7.837,Cob,33010,0,1,0,3,6
5203,2,2006460004478,3,5,9,3,2,1,2,CV-42,13.5,13,5,1,1,5,3,2,3,1,2,1,1,1,1,1,5,6,8,1,1,1,9,14,1,1,3,NaN,2,3,NaN,,NaN,,NaN,,NaN,NaN,NaN,NaN,1,4,1,1,1,1,1,1,2,1,1,1,1,1,1,1,1,1,1,2,1,1,720783.51,4343440.719,-4.22,Cob,12313,0,0,0,8,6
5205,2,2006460004605,3,5,14,1,7,3,1,CV-60,13.5,13,5,1,1,5,3,2,3,3,2,1,1,1,2,1,4,1,8,1,5,1,9,14,1,1,1,NaN,2,NaN,NaN,,NaN,,NaN,,67,NaN,60,NaN,1,4,2,1,2,1,1,1,1,1,1,1,1,1,1,1,1,1,1,2,1,1,733239.854,4309899.747,169.957,Cob,10045,0,1,0,4,6
5206,2,2006460004662,3,5,14,6,7,3,1,CV-585,2.8,2,8,0,1,5,2,2,3,3,2,1,1,1,1,1,7,7,8,1,1,1,9,14,1,1,3,NaN,2,NaN,NaN,,NaN,,NaN,,68,NaN,60,NaN,1,4,1,1,1,1,1,2,1,1,1,1,1,1,1,1,1,1,1,2,1,1,705344.898,4318717.82,233.451,Cob,3394,0,0,1,20,4
5208,2,2006460004679,3,5,11,3,4,1,2,CV-400,4,4,0,0,1,5,2,2,3,3,2,2,2,1,2,2,5,1,4,1,2,1,9,14,2,1,1,NaN,1,4,NaN,,NaN,,NaN,,NaN,NaN,NaN,NaN,1,4,1,1,1,1,1,1,2,1,1,1,1,1,1,1,1,1,1,2,1,1,723265.684,4365929.024,-2.294,Cob,22051,0,0,1,7,6
5211,2,2006460004681,3,5,10,6,3,1,3,CV-35,3,3,0,1,1,2,3,2,3,4,2,2,2,2,2,2,7,7,5,1,1,1,9,8,1,1,3,NaN,2,5,NaN,,NaN,,NaN,,NaN,NaN,NaN,NaN,2,4,2,1,1,1,1,2,1,1,1,2,1,1,1,1,1,1,1,2,1,1,654462.088,4422571.739,887.738,Per,129800,0,0,1,17,2
5214,2,2006460004688,3,5,13,2,6,2,1,CV-35,7.5,7,5,1,1,2,3,2,3,4,2,2,2,1,2,2,7,7,5,1,3,1,9,14,3,1,3,NaN,2,NaN,NaN,,NaN,,NaN,,NaN,51,50,NaN,1,4,1,1,1,1,1,1,1,1,1,1,1,1,1,1,1,2,1,2,1,1,657288.993,4422159.092,997.793,Per,91900,0,0,3,6,1
5216,2,2006460004691,3,5,11,6,4,1,2,CV-500,10.8,10,8,1,1,5,2,2,3,3,2,1,1,1,2,2,7,7,8,1,1,1,9,14,3,1,1,NaN,1,4,NaN,,NaN,,NaN,,NaN,NaN,NaN,NaN,1,4,1,1,1,1,1,1,1,1,1,1,1,1,1,1,1,1,2,2,1,1,734808.435,4351566.65,-16.14,Sec,11592,0,0,1,17,1
5218,2,2006460004699,3,5,11,6,4,1,1,CV-35,13,13,0,1,1,2,3,2,3,4,2,2,2,1,2,2,7,7,5,1,5,1,9,14,3,1,3,NaN,2,NaN,NaN,,NaN,,NaN,,NaN,54,50,NaN,1,4,2,1,1,1,1,1,1,1,1,1,1,1,1,1,1,1,1,2,1,2,661885.067,4420024.045,879.951,Per,76008,0,0,0,21,1
5220,2,2006460004763,3,5,16,6,2,1,2,CV-590,60.7,60,7,1,1,5,2,2,3,3,2,1,1,1,2,1,1,1,3,1,1,1,9,14,2,1,1,NaN,1,2,NaN,,NaN,,NaN,,NaN,NaN,NaN,NaN,1,4,2,1,1,1,1,1,2,1,1,1,1,1,1,1,1,1,1,2,1,1,670048.753,4324411.796,560.912,Sec,6955,0,0,1,18,6
5222,2,2006460004782,3,5,17,5,3,1,2,CV-567,0.6,0,6,1,1,5,1,3,1,1,2,1,1,1,1,1,7,7,8,1,1,1,2,14,2,1,1,NaN,1,1,NaN,,NaN,,NaN,,NaN,NaN,NaN,NaN,1,4,1,1,1,1,1,2,1,1,1,1,1,1,1,1,1,1,1,2,1,1,713190.073,4318320.097,89.633,Cob,1414,0,0,1,16,3
5223,2,2006460004850,3,5,19,3,5,1,1,CV-40,3,3,0,0,1,2,3,1,3,4,2,2,2,2,2,2,7,7,8,1,1,1,9,14,3,1,3,NaN,2,NaN,30,32,NaN,,NaN,,NaN,NaN,NaN,NaN,1,4,1,1,1,1,1,1,1,1,1,1,1,1,1,1,1,2,1,2,1,1,710604.876,4317426.977,99.116,Cob,23028,0,0,0,8,1
5224,2,2006460004856,3,5,18,3,4,1,1,CV-60,23.6,23,6,0,1,5,2,2,3,3,2,1,2,1,2,2,7,7,8,1,1,1,9,8,1,1,3,NaN,2,NaN,NaN,,NaN,,NaN,,66,NaN,60,NaN,1,4,1,1,1,1,1,1,1,1,1,1,1,2,1,1,1,1,1,2,1,1,732189.298,4309079.259,200.736,Cob,14874,0,0,0,7,1
5228,2,2006460004890,3,5,19,5,5,1,2,CV-41,17.6,17,6,0,1,5,2,2,3,3,2,1,1,1,1,1,7,7,8,1,1,1,9,14,2,1,3,NaN,2,2,NaN,,NaN,,NaN,,NaN,NaN,NaN,NaN,1,4,2,1,1,2,1,1,1,1,1,1,1,1,1,1,1,1,1,2,1,1,715446.548,4321698.748,56.415,Cob,8833,0,1,0,16,2
5229,2,2006460004897,3,5,13,1,6,2,1,CV-36,3.4,3,4,0,1,3,3,2,3,4,2,2,2,2,2,2,7,7,8,1,3,1,9,14,3,1,3,NaN,2,NaN,NaN,,NaN,,NaN,,NaN,52,50,NaN,1,4,1,1,1,1,1,2,1,1,1,1,1,1,1,1,1,1,1,2,1,1,714811.159,4369292.738,51.278,Pri,83400,0,0,1,4,2
5231,2,2006460004910,3,5,15,6,1,1,2,CV-410,3.6,3,6,0,1,2,3,2,3,2,2,2,2,2,2,1,5,1,4,1,1,1,9,14,1,1,3,NaN,2,4,NaN,,NaN,,NaN,,NaN,NaN,NaN,NaN,1,4,2,1,1,1,1,1,1,1,1,1,1,1,1,1,1,1,1,2,1,1,717220.62,4371900.231,33.883,Sec,22675,0,0,0,18,6
5232,2,2006460004922,3,5,21,6,7,3,1,CV-81,14.4,14,4,0,1,5,2,2,3,2,2,1,1,1,1,1,7,7,5,1,1,1,9,14,1,2,3,NaN,2,NaN,NaN,,NaN,,NaN,,NaN,54,50,NaN,1,4,1,1,1,1,1,2,1,1,1,1,1,1,1,1,1,1,1,2,2,1,707719.646,4293387.544,589.978,Pri,5155,0,1,1,17,2
5233,2,2006460004926,3,5,20,6,6,2,1,CV-50,6.8,6,8,1,1,5,2,2,3,3,2,1,2,2,2,1,7,7,8,1,5,1,9,14,1,1,3,NaN,2,NaN,NaN,,NaN,,NaN,,68,NaN,60,NaN,1,4,1,1,1,1,1,2,1,1,1,1,1,1,1,1,1,1,1,2,1,1,704164.671,4383074.125,87.428,Cob,12744,0,0,1,22,5
5237,2,2006460004962,3,5,21,5,7,3,2,CV-50,5.8,5,8,0,1,5,3,2,3,3,2,1,1,1,2,1,7,7,8,1,1,1,9,14,3,1,2,4,2,NaN,NaN,,NaN,,NaN,,NaN,NaN,NaN,71,1,4,2,1,1,1,1,2,1,1,1,1,1,1,1,1,1,1,1,2,1,1,733483.474,4327794.062,13.909,Sec,16705,0,1,2,16,2
5240,2,2006460004976,3,5,16,4,2,1,3,CV-35,5,5,0,1,1,2,3,2,2,4,2,2,2,1,2,2,7,7,8,1,1,1,9,14,2,1,1,NaN,2,5,NaN,,NaN,,NaN,,NaN,NaN,NaN,NaN,3,4,2,1,1,1,1,1,1,1,1,1,1,1,1,1,1,1,1,2,1,1,655684.852,4423022.859,935.81,Per,129800,0,0,0,14,1
5243,2,2006460005026,3,5,19,6,5,1,1,CV-412,0.5,0,5,0,1,5,3,2,3,3,2,1,1,2,2,2,5,1,4,1,3,1,9,14,1,1,3,NaN,2,NaN,NaN,,NaN,,NaN,,NaN,61,60,NaN,1,4,2,1,1,1,1,2,1,1,1,1,1,1,1,1,1,1,1,2,2,2,725804.075,4365871.982,-13.432,NaN,0,0,0,0,22,6