Id,Ano,Numero_Accidente,Provincia,Mes,Dia,Hora,Dia_Semana,Tipo_Dia,Vehiculos_Implicados,Carretera,Pk,Km,Hm,Sentido,Zona,Tipo_Via,Anchura_Calzada,Anchura_Carril,Marcas_Viales,Arcen,Arcen_Pavimentado,Mediana,Barrera_Seguridad,Paneles_Direccionales,Hitos_Arista,Captafaros,Interseccion_Tipo,Interseccion_Acondicionamiento,Prioridad_Regulada_por,Superficie,Luminosidad,Factores_Atmosfericos,Visibilidad_Restringida_por,Otras_Circunstancias,Senalizacion_Peligro,Aceras,Arboles,Arboles_Metros_Calzada,Visibilidad_Senalizacion_Vertical,Colision_Vehiculos_Marcha,Colision_Vehiculo_Obstaculo_1,Colision_Vehiculo_Obstaculo_2,Atropello_1,Atropello_2,Vuelco_1,Vuelco_2,Salida_Sin_Colision,Salida_Con_Colision,Lado_Salida,Otro,Circulacion,Circulacion_Medidas_Especiales,Distraccion,Inexperiencia_Conductor,Alcohol_Drogas,Cansancio_Sueno,Enfermedad,Velocidad_Inadecuada,Infraccion_Norma_Circulacion,Estado_Condicion_Via,Estado_Condicion_Senalizacion,Tramo_Obras,Mal_Estado_Vehiculo,Averia_Mecanica,Meteorologia_Adversa,Irrupcion_Animal,Circular_Sentido_Contrario,Otro_Factor,Sin_Opinion_Definida,Pendiente,Curvatura,Peralte,GPS_x,GPS_y,GPS_z,Tipo_Est,IMD,N_Muertos,N_Graves,N_Leves,Hora_Real,Fuera_o_Interseccion
5247,2,2006460005029,3,5,20,4,6,2,2,CV-400,2,2,0,0,1,5,2,2,3,3,2,1,1,1,1,1,5,1,4,1,1,1,9,14,1,1,1,NaN,2,2,NaN,,NaN,,NaN,,NaN,NaN,NaN,NaN,1,4,1,1,1,1,1,1,2,1,1,1,1,1,1,1,1,1,1,2,1,1,723626.268,4367795.379,-1.376,Pri,30986,0,0,4,11,6
5248,2,2006460005040,3,5,23,6,2,1,1,CV-81,4.5,4,5,1,1,5,3,2,3,3,2,1,1,2,1,1,7,7,5,1,1,1,9,14,3,1,1,NaN,2,NaN,NaN,,NaN,,12,9,NaN,NaN,NaN,NaN,1,4,2,1,1,1,1,1,1,1,1,1,1,1,1,1,1,1,1,2,1,1,677143.14,4277960.234,484.19,Sec,13255,0,0,1,17,5
5254,2,2006460005046,3,5,21,4,7,3,3,CV-500,14,14,0,0,1,5,2,2,3,3,2,1,1,1,2,1,1,1,5,1,1,1,9,14,3,1,3,NaN,2,5,NaN,,NaN,,NaN,,NaN,NaN,NaN,NaN,1,4,2,1,1,1,1,1,1,1,1,1,1,1,1,1,1,1,1,2,1,1,731770.96,4357139.431,-15.976,Sec,11592,0,0,4,14,6
5256,2,2006460005049,3,5,22,4,1,4,2,CV-35,5.8,5,8,1,1,2,3,2,3,4,2,2,2,1,2,2,7,7,8,1,1,1,9,14,3,1,3,NaN,2,3,NaN,,NaN,,NaN,,NaN,NaN,NaN,NaN,1,4,2,1,1,1,1,1,2,1,1,1,1,1,1,1,1,1,1,2,1,1,656419.085,4423018.996,946.871,Per,91900,0,0,2,11,1
5258,2,2006460005050,3,5,21,6,7,3,2,CV-500,10,10,0,1,1,5,2,2,3,3,2,1,1,1,2,2,7,7,8,1,1,1,9,14,3,1,1,NaN,1,4,NaN,,NaN,,NaN,,NaN,NaN,NaN,NaN,3,4,1,1,1,1,1,1,1,1,1,1,1,1,1,1,1,1,2,2,1,1,734985.396,4350911.502,-16.912,Cob,16787,0,0,0,18,1
5259,2,2006460005057,3,5,22,6,1,4,1,CV-35,36.2,36,2,1,1,5,3,2,3,4,2,1,1,1,2,2,7,7,8,1,1,1,9,8,1,1,1,NaN,2,NaN,NaN,,NaN,,NaN,,66,NaN,60,NaN,1,4,1,1,1,1,1,1,1,1,1,1,1,1,1,1,1,1,2,2,1,1,669907.925,4403243.508,515.449,Per,11200,0,0,1,18,2
5260,2,2006460005062,3,5,23,5,2,1,1,CV-50,68,68,0,1,1,5,3,2,3,3,2,1,2,1,2,2,7,7,8,1,1,1,9,14,2,1,1,NaN,1,NaN,NaN,,NaN,,NaN,,NaN,64,60,NaN,1,4,2,1,1,1,1,1,1,1,1,1,1,1,1,1,1,1,1,2,1,1,719122.408,4339033.731,-0.864,Sec,5550,0,0,1,15,2
5263,2,2006460005096,3,5,25,3,4,1,3,CV-660,24.8,24,8,1,1,5,2,3,3,2,2,1,1,1,1,1,7,7,8,1,1,1,9,14,2,1,3,NaN,2,3,NaN,,NaN,,NaN,,NaN,NaN,NaN,NaN,1,4,1,1,1,1,1,1,1,1,1,1,1,1,1,1,1,2,1,2,1,1,687138.812,4294715.698,600.257,Cob,1150,0,0,0,7,2
5265,2,2006460005113,3,5,25,6,4,1,2,CV-32,6.8,6,8,1,1,5,3,2,3,3,2,1,1,1,1,1,2,6,3,1,5,1,9,14,2,1,3,NaN,2,2,NaN,,NaN,,NaN,,NaN,NaN,NaN,NaN,1,4,2,1,1,1,1,1,1,1,1,1,1,1,1,1,1,1,1,2,1,1,729367.5,4382911.576,-5.017,Sec,11800,0,0,2,22,6
5268,2,2006460005121,3,5,22,4,1,4,3,CV-35,4.7,4,7,0,1,2,3,2,3,4,2,2,2,2,2,2,7,7,8,1,1,1,9,14,3,1,1,NaN,2,3,NaN,,NaN,,NaN,,NaN,NaN,NaN,NaN,1,4,1,1,1,1,1,1,1,1,1,1,1,1,1,1,1,1,2,2,1,1,720377.337,4378128.521,56.264,Per,129800,0,0,1,13,1
5271,2,2006460005128,3,5,25,6,4,1,3,CV-35,5,5,0,1,1,2,3,2,3,4,2,2,2,2,2,2,7,7,8,1,1,1,9,14,1,1,3,NaN,1,5,NaN,,NaN,,NaN,,NaN,NaN,NaN,NaN,2,4,2,1,1,1,1,1,1,1,1,1,1,1,1,1,1,1,1,2,1,1,655684.852,4423022.859,935.81,Per,129800,0,0,0,20,5
5277,2,2006460005132,3,5,24,3,3,1,2,CV-81,4.5,4,5,1,1,5,3,2,3,3,2,1,2,1,1,1,7,7,8,1,2,1,9,14,3,1,3,NaN,1,NaN,30,29,NaN,,NaN,,NaN,NaN,NaN,NaN,1,4,1,1,1,1,1,2,1,1,1,1,1,1,1,1,1,1,1,2,1,1,677143.14,4277960.234,484.19,Sec,13255,0,0,1,7,1
5278,2,2006460005136,3,5,27,5,6,2,1,CV-31,3.5,3,5,1,1,5,2,2,3,1,2,1,2,1,1,1,7,7,8,1,1,1,9,14,3,1,1,NaN,1,NaN,NaN,,NaN,,NaN,,NaN,63,60,NaN,1,4,2,1,1,1,1,1,1,1,1,1,1,1,1,1,1,1,1,2,1,1,721093.079,4375572.292,15.444,Cob,30893,0,0,1,15,1
5279,2,2006460005150,3,5,26,3,5,1,1,CV-35,6.2,6,2,1,1,2,3,2,3,4,2,2,2,1,2,2,7,7,8,1,1,1,9,14,3,1,3,NaN,2,NaN,NaN,,NaN,,NaN,,NaN,54,50,NaN,1,4,1,1,1,1,1,1,1,1,1,1,1,2,1,1,1,1,1,2,1,1,656793.605,4422904.285,955.766,Per,91900,0,0,0,10,1
5280,2,2006460005158,3,5,28,4,7,3,1,CV-35,15.5,15,5,0,1,2,3,2,3,4,2,2,2,1,2,2,7,7,8,1,1,1,9,14,3,1,3,NaN,2,NaN,NaN,,NaN,,NaN,,NaN,NaN,NaN,71,1,4,1,1,1,1,1,1,1,1,1,1,1,1,1,1,1,1,2,2,1,1,712061.948,4384555.19,87.592,Per,76008,0,0,0,11,1
5285,2,2006460005185,3,5,28,4,7,3,1,CV-50,15,15,0,0,1,5,3,2,3,3,2,1,1,1,2,1,7,7,8,1,1,1,9,14,1,1,1,NaN,2,NaN,NaN,,NaN,,NaN,,NaN,64,60,NaN,1,4,2,1,1,1,1,1,1,1,1,1,1,1,1,1,1,1,1,2,1,1,725773.795,4332427.854,24.574,Cob,12744,0,0,2,11,1
5297,2,2006460005187,3,5,25,3,4,1,6,CV-365,2.2,2,2,0,1,5,3,2,3,3,2,2,2,1,2,2,4,1,5,1,1,1,9,14,2,1,3,NaN,1,5,NaN,,NaN,,NaN,,NaN,NaN,NaN,NaN,2,4,2,1,1,1,1,2,2,1,1,1,1,1,1,1,1,1,1,2,1,1,719766.779,4376821.468,63.267,Sec,40951,0,0,2,9,6
5300,2,2006460005212,3,5,29,6,1,4,3,CV-35,3.5,3,5,1,1,2,3,2,3,3,2,2,2,1,1,1,7,7,8,3,1,5,4,8,1,1,3,NaN,2,5,NaN,,NaN,,NaN,,NaN,NaN,NaN,NaN,2,3,2,1,1,1,1,1,1,1,1,1,1,1,1,1,1,1,1,2,2,1,654507.777,4422863.684,906.357,Per,129800,0,0,0,17,2
5303,2,2006460005216,3,5,29,6,1,4,1,CV-31,2.5,2,5,0,1,2,3,2,3,3,2,1,2,1,1,1,7,7,8,3,1,4,9,14,2,1,3,NaN,2,NaN,NaN,,NaN,,NaN,,NaN,64,60,NaN,1,4,1,1,1,1,1,2,1,1,1,1,1,1,1,1,1,1,1,2,1,1,720801.149,4376748.262,22.782,Cob,35757,0,0,1,19,2
5304,2,2006460005225,3,5,29,6,1,4,1,CV-50,0,0,0,0,1,5,3,2,3,3,2,1,1,1,2,2,5,3,4,1,4,1,9,14,1,1,3,NaN,2,NaN,NaN,,NaN,,NaN,,58,NaN,50,NaN,1,4,2,1,1,2,2,2,1,1,1,1,1,1,1,1,1,1,1,2,1,1,738596.336,4329435.479,-17.638,Cob,24700,0,0,1,21,6
5306,2,2006460005226,3,5,28,4,7,3,2,CV-407,3,3,0,1,1,5,3,2,3,1,2,1,1,1,1,1,5,1,4,1,1,1,9,14,1,1,3,NaN,2,4,NaN,,NaN,,NaN,,NaN,NaN,NaN,NaN,1,4,1,1,1,1,1,1,2,1,1,1,1,1,1,1,1,1,1,2,1,1,722349.612,4368515.917,4.993,Sec,13813,0,0,0,12,6
5308,2,2006460005230,3,5,28,5,7,3,2,CV-500,8,8,0,1,1,5,3,2,3,3,2,1,1,2,2,2,7,7,8,1,1,1,9,14,3,1,3,NaN,2,4,NaN,,NaN,,NaN,,NaN,NaN,NaN,NaN,1,4,1,1,1,1,1,1,2,1,1,1,1,1,1,1,1,1,1,2,1,2,735813.645,4349045.653,-16.94,Cob,16787,0,0,0,15,1
5312,2,2006460005272,3,5,31,4,3,1,2,CV-610,1.9,1,9,0,1,5,3,2,3,4,2,1,1,2,2,2,7,7,8,3,1,5,4,14,2,1,1,NaN,1,2,NaN,,NaN,,NaN,,NaN,NaN,NaN,NaN,1,4,2,1,1,1,1,1,1,1,1,1,1,1,1,1,1,1,1,2,1,1,717193.035,4319001.662,68.187,Pri,8690,0,2,0,13,3
5314,2,2006460005275,3,5,27,1,6,2,2,CV-50,32.1,32,1,0,1,5,3,2,3,3,2,1,1,1,2,1,1,4,3,1,5,1,9,14,3,1,3,NaN,2,4,NaN,,NaN,,NaN,,NaN,NaN,NaN,NaN,1,4,2,1,2,1,1,1,1,1,1,1,1,1,1,1,1,1,1,2,1,1,714783.841,4343596.812,19.718,Cob,15692,0,0,0,23,6
5317,2,2006460005340,3,6,2,4,5,1,1,CV-660,16.8,16,8,1,1,5,2,3,3,1,2,1,1,2,1,1,7,7,8,1,1,1,9,14,3,1,3,NaN,2,NaN,NaN,,NaN,,NaN,,66,NaN,60,NaN,1,4,1,1,1,1,1,2,1,1,1,1,1,1,1,1,1,1,1,2,1,1,693702.627,4297182.254,611.893,Cob,1150,0,0,1,12,4
5321,2,2006460005342,3,6,2,3,5,1,3,CV-40,6.8,6,8,0,1,2,3,2,3,4,2,2,2,1,2,2,7,7,5,1,1,1,9,13,3,1,1,NaN,2,NaN,30,29,NaN,,NaN,,NaN,NaN,NaN,NaN,1,4,2,1,1,1,1,1,1,1,1,1,1,1,1,1,1,1,1,2,1,1,711622.783,4314303.888,165.034,Per,22981,0,3,1,10,2
5323,2,2006460005345,3,6,3,1,6,2,2,CV-645,1.8,1,8,0,1,5,2,2,3,3,2,1,1,1,1,1,5,1,4,1,4,1,9,14,3,1,3,NaN,2,3,NaN,,NaN,,NaN,,NaN,NaN,NaN,NaN,1,4,1,1,1,1,1,1,2,1,1,1,1,1,1,1,1,1,1,2,1,1,711999.339,4317285.163,106.477,Cob,12622,0,0,2,0,6
5326,2,2006460005356,3,6,4,3,7,3,1,CV-660,13,13,0,0,1,5,2,2,3,2,2,1,1,1,1,1,7,7,8,1,1,1,9,14,2,2,1,NaN,1,NaN,NaN,,NaN,,NaN,,56,NaN,50,NaN,1,4,2,1,1,1,1,1,1,1,1,1,1,1,1,1,1,1,1,2,1,2,694273.476,4297597.194,624.691,Cob,1150,0,0,1,9,1
5329,2,2006460005382,3,5,31,4,3,1,1,CV-36,0.8,0,8,0,1,2,3,2,3,3,2,2,2,1,2,2,7,7,8,1,1,1,9,14,3,1,3,NaN,1,NaN,NaN,,NaN,,NaN,,67,NaN,60,NaN,1,4,1,1,1,1,2,1,1,1,1,1,1,1,1,1,1,1,1,2,1,1,717344.169,4369566.605,43.132,Pri,83400,0,1,0,12,1
5340,2,2006460005413,3,6,1,3,4,1,7,CV-35,14.3,14,3,1,1,2,3,2,3,4,2,2,2,1,2,2,7,7,8,3,1,5,9,14,3,1,3,NaN,2,5,NaN,,NaN,,NaN,,NaN,NaN,NaN,NaN,3,4,2,1,1,1,1,1,1,1,1,1,1,1,2,1,1,1,1,2,1,1,662429.007,4419115.162,909.377,Per,76008,0,0,5,8,1
5341,2,2006460005417,3,6,5,3,1,4,1,CV-610,11.3,11,3,1,1,5,2,2,3,3,2,1,2,2,1,1,7,7,8,1,1,1,9,14,1,1,1,NaN,2,NaN,NaN,,NaN,,NaN,,NaN,51,50,NaN,1,4,1,1,1,1,1,2,1,1,1,1,1,1,1,1,1,1,1,2,1,1,725554.612,4314317.822,206.014,Cob,6672,0,0,1,10,5
5343,2,2006460005420,3,6,1,3,4,1,2,CV-50,54.5,54,5,0,1,5,2,2,3,4,2,1,1,1,1,1,7,7,8,1,1,1,9,14,3,1,3,NaN,2,3,NaN,,NaN,,NaN,,NaN,NaN,NaN,NaN,1,4,2,1,1,1,1,1,2,1,1,1,1,1,1,1,1,1,1,2,2,2,703067.343,4359341.56,169.376,Cob,2013,0,0,1,10,3
5345,2,2006460005429,3,6,3,1,6,2,2,CV-50,30.8,30,8,0,1,5,3,2,3,3,2,1,1,2,2,2,2,1,3,1,4,1,8,14,1,1,1,NaN,2,2,NaN,,NaN,,NaN,,NaN,NaN,NaN,NaN,1,4,1,1,1,1,1,1,2,1,1,1,1,1,1,1,1,1,1,2,1,1,715344.872,4342537.192,16.076,Cob,15692,0,0,1,4,6
5347,2,2006460005433,3,6,2,6,5,1,2,CV-35,8.5,8,5,0,1,2,3,2,3,3,2,2,2,2,2,2,7,7,5,1,2,1,4,14,3,1,1,NaN,2,4,NaN,,NaN,,NaN,,NaN,NaN,NaN,NaN,2,4,1,1,1,1,1,1,2,1,1,1,1,1,1,1,1,1,1,2,1,1,717826.914,4380824.516,93.928,Per,76008,0,0,0,21,1
5349,2,2006460005447,3,6,7,6,3,1,1,CV-33,6.8,6,8,1,1,2,3,2,3,4,2,2,2,2,2,2,7,7,5,1,1,1,9,8,1,1,1,NaN,2,NaN,NaN,,NaN,,NaN,,NaN,64,60,NaN,1,4,2,1,2,1,1,1,1,1,1,1,1,1,1,1,1,1,1,2,1,1,723756.107,4363366.517,-5.826,Pri,48920,0,1,0,18,2
5350,2,2006460005456,3,6,7,4,3,1,1,CV-715,3.1,3,1,0,1,5,3,2,3,4,2,1,1,1,1,1,7,7,8,1,1,1,9,14,3,1,1,NaN,1,NaN,NaN,,NaN,,NaN,,66,NaN,60,NaN,1,4,2,1,1,1,1,1,1,1,1,1,1,1,1,1,1,1,1,2,1,1,751408.853,4308943.313,4.262,Cob,5836,0,0,1,11,1
5352,2,2006460005459,3,6,6,3,2,1,1,CV-25,0.5,0,5,0,1,5,3,2,3,3,2,1,1,1,2,2,7,7,8,1,1,1,9,14,3,1,1,NaN,2,NaN,NaN,,21,24,NaN,,NaN,NaN,NaN,NaN,1,4,1,1,1,1,1,1,1,1,1,1,1,1,1,2,1,1,1,2,1,1,707237.782,4390748.198,154.724,Sec,7614,0,0,3,8,1
5354,2,2006460005460,3,6,6,4,2,1,1,CV-403,2.8,2,8,0,1,5,3,2,3,4,2,1,2,1,2,1,7,7,5,1,1,1,9,14,3,1,1,NaN,1,NaN,NaN,,NaN,,NaN,,56,NaN,50,NaN,1,4,1,1,1,1,2,1,1,1,1,1,1,1,1,1,1,1,1,2,1,1,719475.972,4370532.631,21.516,Sec,20988,0,1,0,11,2
5356,2,2006460005462,3,6,4,3,7,3,1,CV-42,18.5,18,5,0,1,5,3,2,3,3,2,2,2,2,2,2,7,7,8,1,1,1,9,14,1,1,3,NaN,1,NaN,NaN,,NaN,,NaN,,56,NaN,50,NaN,1,4,2,1,1,1,1,2,1,1,1,1,1,1,1,1,1,1,1,2,1,1,723461.505,4353960.604,-6.272,Cob,3196,0,0,2,9,5
5358,2,2006460005480,3,6,5,3,1,1,2,CV-35,3.9,3,9,1,1,2,3,2,3,4,2,2,2,2,2,2,7,7,5,1,1,1,9,14,3,1,1,NaN,2,4,NaN,,NaN,,NaN,,NaN,NaN,NaN,NaN,2,4,2,1,1,1,1,1,1,1,1,1,1,1,1,1,1,1,1,2,1,1,654724.114,4423023.536,924.752,Per,129800,0,0,1,8,1
5359,2,2006460005484,3,6,4,4,7,3,1,CV-500,4,4,0,1,1,2,3,2,3,3,2,2,2,1,2,2,7,7,8,1,1,1,9,14,3,1,1,NaN,2,NaN,NaN,,NaN,,NaN,,NaN,61,60,NaN,1,4,2,1,1,1,1,1,1,1,1,1,1,1,1,1,1,1,1,2,1,1,733432.631,4346145.792,-14.61,Pri,16787,0,0,0,11,1
5363,2,2006460005507,3,6,8,4,4,1,2,CV-35,30.5,30,5,1,1,5,3,2,3,3,2,1,1,1,1,1,2,1,3,1,1,1,9,14,1,1,3,NaN,2,2,NaN,,NaN,,NaN,,NaN,NaN,NaN,NaN,1,4,1,1,1,1,1,1,2,1,1,1,1,1,1,1,1,1,1,2,1,1,665453.186,4406438.209,636.429,Per,11200,0,1,3,14,6
5367,2,2006460005508,3,6,8,6,4,1,1,CV-36,6.5,6,5,1,1,7,3,2,3,5,2,2,2,2,1,1,7,7,8,1,1,1,9,14,1,1,3,NaN,2,NaN,NaN,,NaN,,NaN,,NaN,54,50,NaN,1,4,1,1,1,1,1,2,1,1,1,1,1,1,1,1,1,1,1,2,1,1,722355.894,4369781.271,2.243,Sec,20301,0,1,0,19,4
5369,2,2006460005513,3,6,6,3,2,1,2,CV-403,3,3,0,0,1,5,3,2,3,3,2,1,2,2,1,1,7,7,5,1,1,1,9,14,3,1,1,NaN,2,2,NaN,,NaN,,NaN,,NaN,NaN,NaN,NaN,1,4,2,1,1,1,1,1,1,1,1,1,1,1,1,1,1,1,1,2,1,2,719346.78,4370385.026,21.473,Sec,20988,0,0,2,10,2
5371,2,2006460005537,3,6,11,1,7,3,1,CV-400,4.9,4,9,0,1,5,3,1,3,1,2,1,2,2,2,2,5,2,8,1,3,1,9,14,1,1,3,NaN,2,NaN,NaN,,NaN,,NaN,,NaN,63,60,NaN,1,4,1,1,1,1,1,2,2,1,1,1,1,1,1,1,1,1,1,2,1,1,722791.43,4365195.46,-6.261,Cob,22051,0,3,0,1,6
5372,2,2006460005558,3,6,11,4,7,3,1,CV-40,0.2,0,2,0,1,2,3,2,3,4,2,2,2,2,2,2,3,1,5,1,1,1,2,14,1,1,1,NaN,2,NaN,NaN,,NaN,,NaN,,56,NaN,50,NaN,1,4,1,1,1,1,1,2,1,1,1,1,1,1,1,1,1,1,1,2,1,2,709562.067,4319153.073,154.413,Cob,23028,0,0,1,14,6
5373,2,2006460005563,3,6,11,1,7,3,1,CV-42,10.4,10,4,1,1,5,2,2,3,3,2,1,1,1,1,1,7,7,8,1,4,1,9,14,3,1,3,NaN,1,NaN,NaN,,NaN,,NaN,,NaN,64,60,NaN,1,4,2,1,1,1,1,1,1,1,1,1,1,1,1,1,1,1,1,2,1,1,722606.27,4345097.144,-10.655,Cob,12313,0,1,0,23,1
5377,2,2006460005570,3,6,7,3,3,1,2,CV-30,1,1,0,0,1,3,3,2,3,4,2,1,2,1,2,2,7,7,5,1,1,1,9,14,2,1,1,NaN,2,4,NaN,,NaN,,NaN,,NaN,NaN,NaN,NaN,1,4,2,1,1,1,1,1,1,1,1,1,1,1,1,1,1,1,1,2,1,1,721122.129,4374716.869,9.518,Pri,55989,0,0,1,9,1
5379,2,2006460005571,3,6,11,2,7,3,2,CV-500,23.8,23,8,0,1,5,3,2,3,3,2,1,2,1,2,2,7,7,5,1,5,1,9,14,2,1,3,NaN,2,4,NaN,,NaN,,NaN,,NaN,NaN,NaN,NaN,1,4,2,1,1,2,1,1,1,1,1,1,1,1,1,1,1,1,1,2,1,1,734369.493,4347520.785,-10.809,Cob,7093,0,0,2,5,1
5383,2,2006460005581,3,6,10,4,6,2,2,CV-333,7.5,7,5,1,1,5,3,2,3,3,2,1,1,1,2,2,1,4,3,3,1,4,9,14,3,1,3,NaN,2,1,NaN,,NaN,,NaN,,NaN,NaN,NaN,NaN,1,4,1,1,1,1,1,1,2,1,1,1,1,1,1,1,1,1,1,2,1,1,715066.884,4390952.043,131.555,Cob,2419,0,0,4,11,6
5386,2,2006460005625,3,6,11,4,7,3,1,CV-35,13.9,13,9,0,1,2,3,2,3,3,2,2,2,1,2,2,4,1,5,1,1,1,9,14,3,1,3,NaN,2,NaN,NaN,,NaN,,NaN,,67,NaN,60,NaN,1,4,2,1,2,2,1,1,1,1,1,1,1,1,1,1,1,1,1,2,1,1,713363.201,4383651.885,86.939,Per,76008,0,0,1,11,6
5396,2,2006460005626,3,6,11,4,7,3,5,CV-41,1.2,1,2,1,1,5,3,2,3,1,2,1,1,2,1,1,7,7,8,1,1,1,9,14,3,1,1,NaN,2,5,NaN,,NaN,,NaN,,NaN,NaN,NaN,NaN,1,4,2,1,1,1,1,1,1,1,1,1,1,1,1,1,1,1,1,2,1,1,715496.986,4319870.82,62.833,Cob,14949,0,2,2,11,2
5397,2,2006460005627,3,6,13,6,2,1,1,CV-667,5,5,0,0,1,5,2,2,3,1,2,1,1,1,1,1,7,7,8,1,1,1,9,14,3,1,1,NaN,1,NaN,NaN,,NaN,,NaN,,66,NaN,60,NaN,1,4,1,1,1,1,1,1,2,1,1,1,1,1,1,1,1,1,1,2,1,1,720581.458,4307122.819,185.193,Cob,2379,0,0,0,19,1
5399,2,2006460005631,3,6,13,4,2,1,2,CV-50,10,10,0,1,1,5,3,2,3,3,2,1,1,1,1,1,7,7,8,1,1,1,9,14,3,1,3,NaN,1,NaN,30,32,NaN,,NaN,,NaN,NaN,NaN,NaN,1,4,1,1,1,1,1,1,1,1,1,1,1,1,1,1,1,2,1,2,1,1,702613.562,4380432.534,123.404,Cob,12744,0,0,0,13,2
5403,2,2006460005680,3,6,12,6,1,4,2,CV-35,28.8,28,8,1,1,5,3,2,3,5,2,1,1,1,1,1,1,1,3,1,5,1,2,14,2,1,3,NaN,2,4,NaN,,NaN,,NaN,,NaN,NaN,NaN,NaN,1,4,1,1,2,1,1,1,2,1,1,1,1,1,1,1,1,1,1,2,1,1,664092.674,4407259.675,703.539,Per,11200,0,0,1,22,6
5404,2,2006460005686,3,6,11,3,7,3,1,CV-36,0,0,0,0,1,2,3,2,3,4,2,2,2,2,2,2,7,7,8,1,1,1,9,14,1,1,1,NaN,1,NaN,NaN,,NaN,,NaN,,66,NaN,60,NaN,1,4,2,1,1,1,1,1,1,1,1,1,1,1,1,1,1,1,1,2,1,2,718045.518,4369284.225,31.435,Pri,83400,0,0,1,7,2
5405,2,2006460005694,3,6,12,6,1,4,1,CV-400,3.9,3,9,0,1,5,3,2,3,3,2,1,1,1,1,1,7,7,6,1,1,1,9,14,1,1,1,NaN,1,NaN,NaN,,21,21,NaN,,NaN,NaN,NaN,NaN,1,4,1,1,1,1,1,1,2,1,1,1,1,1,1,1,1,1,1,2,1,1,723332.796,4366001.234,-1.318,Cob,26543,0,0,1,20,1
5407,2,2006460005698,3,6,13,4,2,1,2,CV-35,12,12,0,0,1,5,3,2,3,3,2,1,1,1,1,1,5,3,4,1,1,1,9,14,1,1,1,NaN,1,4,NaN,,NaN,,NaN,,NaN,NaN,NaN,NaN,1,4,2,1,1,1,1,1,1,1,1,1,1,1,1,1,1,1,1,2,1,1,714879.194,4382530.859,92.225,Per,76008,0,0,0,11,6
5412,2,2006460005707,3,6,14,5,3,1,4,CV-31,1.9,1,9,0,1,2,3,2,3,4,2,2,2,2,2,2,1,6,4,1,1,1,9,14,1,1,1,NaN,1,NaN,NaN,,NaN,,NaN,,NaN,NaN,NaN,71,1,4,1,1,1,1,1,1,1,1,1,1,1,1,1,1,1,1,2,2,1,1,720919.293,4376174.512,20.753,Cob,35293,0,0,0,15,6
5420,2,2006460005800,3,6,16,4,5,1,3,CV-686,0.8,0,8,1,1,5,3,2,3,3,2,1,1,1,1,1,7,7,8,1,1,1,9,14,2,1,1,NaN,2,5,NaN,,NaN,,NaN,,NaN,NaN,NaN,NaN,2,4,2,1,1,1,1,1,2,1,1,1,1,1,1,1,1,1,1,2,1,1,743178.538,4315218.74,14.844,Cob,33010,0,0,1,13,1
5421,2,2006460005817,3,6,18,1,7,3,1,CV-650,0.5,0,5,0,1,5,3,2,3,1,2,1,1,1,1,1,5,1,4,1,5,1,2,14,1,1,1,NaN,2,NaN,NaN,,NaN,,NaN,,NaN,63,60,NaN,1,4,2,1,2,1,1,1,1,1,1,1,1,1,1,1,1,1,1,2,1,1,710424.493,4304630.52,299.877,Cob,7768,0,0,0,23,6
5423,2,2006460005918,3,6,15,4,4,1,1,CV-35,5.5,5,5,0,1,2,3,2,3,4,2,2,2,2,2,2,7,7,5,1,1,1,9,14,3,1,1,NaN,2,NaN,NaN,,NaN,,12,9,NaN,NaN,NaN,NaN,1,4,1,1,1,1,1,1,1,1,1,1,1,1,1,1,1,1,2,2,1,1,719911.89,4378769.129,63.204,Per,129800,0,0,1,14,2
5425,2,2006460005932,3,6,17,3,6,2,2,CV-35,13,13,0,0,1,2,3,2,3,4,2,2,2,2,2,2,7,7,5,1,1,1,9,13,3,1,1,NaN,2,NaN,30,32,NaN,,NaN,,NaN,NaN,NaN,NaN,1,4,1,1,1,1,1,1,1,2,1,1,1,1,1,1,1,1,1,2,1,1,714102.074,4383155.325,100.375,Per,76008,0,0,0,10,1
5427,2,2006460005933,3,6,17,2,6,2,2,CV-35,11.8,11,8,0,1,2,3,2,3,4,2,2,2,1,2,2,7,7,8,1,4,1,9,14,3,1,3,NaN,2,4,NaN,,NaN,,NaN,,NaN,NaN,NaN,NaN,1,4,2,1,1,1,1,1,1,1,1,1,1,1,1,1,1,1,1,2,1,1,715023.109,4382394.354,91.616,Per,76008,0,0,0,5,1
5429,2,2006460005940,3,6,16,6,5,1,2,CV-400,1,1,0,0,1,2,3,2,3,4,2,1,2,2,2,2,7,7,5,1,1,1,9,14,3,1,1,NaN,2,4,NaN,,NaN,,NaN,,NaN,NaN,NaN,NaN,1,4,2,1,1,1,1,1,2,1,1,1,1,1,1,1,1,1,1,2,1,1,724053.199,4368653.32,-1.294,Sec,43714,0,0,0,20,1
5431,2,2006460005950,3,6,18,6,7,3,2,CV-500,3.5,3,5,1,1,2,3,2,3,4,2,2,1,1,2,2,7,7,5,1,1,1,9,14,3,1,3,NaN,1,3,NaN,,NaN,,NaN,,NaN,NaN,NaN,NaN,1,4,1,1,2,1,1,1,2,1,1,1,1,1,1,1,1,1,1,2,1,1,733227.716,4345694.313,-13.402,Pri,16787,0,0,0,19,1