Id,Ano,Numero_Accidente,Provincia,Mes,Dia,Hora,Dia_Semana,Tipo_Dia,Vehiculos_Implicados,Carretera,Pk,Km,Hm,Sentido,Zona,Tipo_Via,Anchura_Calzada,Anchura_Carril,Marcas_Viales,Arcen,Arcen_Pavimentado,Mediana,Barrera_Seguridad,Paneles_Direccionales,Hitos_Arista,Captafaros,Interseccion_Tipo,Interseccion_Acondicionamiento,Prioridad_Regulada_por,Superficie,Luminosidad,Factores_Atmosfericos,Visibilidad_Restringida_por,Otras_Circunstancias,Senalizacion_Peligro,Aceras,Arboles,Arboles_Metros_Calzada,Visibilidad_Senalizacion_Vertical,Colision_Vehiculos_Marcha,Colision_Vehiculo_Obstaculo_1,Colision_Vehiculo_Obstaculo_2,Atropello_1,Atropello_2,Vuelco_1,Vuelco_2,Salida_Sin_Colision,Salida_Con_Colision,Lado_Salida,Otro,Circulacion,Circulacion_Medidas_Especiales,Distraccion,Inexperiencia_Conductor,Alcohol_Drogas,Cansancio_Sueno,Enfermedad,Velocidad_Inadecuada,Infraccion_Norma_Circulacion,Estado_Condicion_Via,Estado_Condicion_Senalizacion,Tramo_Obras,Mal_Estado_Vehiculo,Averia_Mecanica,Meteorologia_Adversa,Irrupcion_Animal,Circular_Sentido_Contrario,Otro_Factor,Sin_Opinion_Definida,Pendiente,Curvatura,Peralte,GPS_x,GPS_y,GPS_z,Tipo_Est,IMD,N_Muertos,N_Graves,N_Leves,Hora_Real,Fuera_o_Interseccion
5435,2,2006460005951,3,6,21,1,3,1,2,CV-35,6.5,6,5,1,1,2,3,2,3,4,2,2,2,1,2,2,7,7,5,1,3,1,9,14,3,1,3,NaN,2,4,NaN,,NaN,,NaN,,NaN,NaN,NaN,NaN,1,4,2,1,1,2,1,1,1,1,1,1,1,1,1,1,1,1,1,2,1,1,657021.385,4422717.023,965.038,Per,91900,0,3,0,1,1
5437,2,2006460005966,3,6,21,3,3,1,2,CV-686,2.8,2,8,0,1,5,3,3,3,4,2,1,1,1,1,1,5,6,4,1,1,1,9,14,1,1,3,NaN,1,4,NaN,,NaN,,NaN,,NaN,NaN,NaN,NaN,1,4,2,1,1,1,1,1,1,1,1,1,1,1,1,1,1,1,1,2,1,1,743244.431,4315324.802,13.458,Cob,33010,0,1,0,8,6
5438,2,2006460005983,3,6,18,3,7,3,1,CV-35,31.3,31,3,1,1,5,3,2,3,3,2,1,1,1,2,1,7,7,8,1,1,1,9,8,3,1,1,NaN,2,NaN,NaN,,NaN,,NaN,,NaN,64,60,NaN,1,4,2,1,2,1,1,1,2,1,1,1,1,1,1,1,1,1,1,2,1,1,666186.559,4405928.634,613.341,Per,11200,0,0,0,10,1
5439,2,2006460005984,3,6,22,1,4,1,1,CV-40,2,2,0,0,1,2,3,2,3,4,2,2,2,1,2,2,7,7,5,1,5,1,9,14,3,1,3,NaN,1,NaN,30,32,NaN,,NaN,,NaN,NaN,NaN,NaN,1,4,1,1,1,1,1,1,1,1,1,1,1,1,1,1,1,2,1,2,1,1,709846.253,4318069.807,129.532,Cob,23028,0,0,0,0,1
5443,2,2006460006013,3,6,18,1,7,3,1,CV-33,6.4,6,4,1,1,5,2,2,3,1,2,1,2,1,2,2,7,7,8,1,3,1,9,8,1,1,1,NaN,2,NaN,30,32,NaN,,NaN,,NaN,NaN,NaN,NaN,1,4,2,1,1,1,1,1,1,1,2,1,1,1,1,1,1,1,1,2,1,1,723376.709,4363473.463,-13.328,Pri,48920,0,0,1,1,1
5446,2,2006460006015,3,6,18,3,7,3,1,CV-500,25.1,25,1,0,1,5,3,2,3,3,2,1,1,2,2,2,7,7,8,1,1,1,9,14,1,1,1,NaN,2,NaN,NaN,,NaN,,NaN,,67,NaN,60,NaN,1,4,1,1,2,1,1,2,1,1,1,1,1,1,1,1,1,1,1,2,1,1,733691.479,4346551.228,-10.965,Cob,7093,0,0,1,9,4
5448,2,2006460006034,3,6,23,1,5,1,1,CV-41,17,17,0,0,1,5,3,2,3,3,2,1,1,1,2,1,7,7,8,1,5,1,9,14,3,1,1,NaN,1,NaN,NaN,,NaN,,NaN,,56,NaN,50,NaN,1,4,2,1,1,1,1,1,1,1,1,1,1,1,1,1,1,1,1,2,1,1,715676.055,4322245.332,52.067,Cob,8833,0,0,1,0,1
5449,2,2006460006077,3,6,23,4,5,1,1,CV-40,9.8,9,8,0,1,2,2,2,3,4,2,2,2,2,2,2,7,7,8,1,1,1,9,14,3,1,3,NaN,2,NaN,30,30,NaN,,NaN,,NaN,NaN,NaN,NaN,1,4,2,1,1,1,1,1,1,1,1,1,1,1,1,1,1,1,1,2,1,2,710260.577,4311783.887,296.439,Per,22981,0,0,0,12,1
5453,2,2006460006079,3,6,21,1,3,1,1,CV-40,1.6,1,6,0,1,2,3,2,3,4,2,2,2,1,2,2,7,7,8,1,4,1,9,14,3,1,1,NaN,1,NaN,30,32,NaN,,NaN,,NaN,NaN,NaN,NaN,1,4,1,1,1,1,1,1,1,2,1,1,1,1,1,1,1,1,1,2,1,1,709513.017,4318273.76,138.866,Cob,23028,0,0,3,23,1
5455,2,2006460006081,3,6,19,4,1,4,2,CV-515,6,6,0,1,1,5,3,2,3,3,2,1,1,1,1,1,1,1,8,1,1,1,2,13,2,1,3,NaN,2,2,NaN,,NaN,,NaN,,NaN,NaN,NaN,NaN,1,4,1,1,1,1,1,1,1,1,1,1,1,1,1,1,1,1,2,2,1,2,726397.836,4342905.923,2.198,Cob,9095,0,0,1,11,6
5457,2,2006460006125,3,6,22,4,4,1,2,CV-410,4.9,4,9,0,1,2,3,2,2,3,2,2,2,2,2,2,5,1,8,1,1,1,9,14,3,1,3,NaN,2,3,NaN,,NaN,,NaN,,NaN,NaN,NaN,NaN,1,4,1,1,1,1,1,1,1,1,1,1,1,1,1,1,1,1,2,2,2,1,716668.986,4372685.935,40.386,Pri,30864,0,0,0,14,6
5458,2,2006460006136,3,6,25,3,7,3,1,CV-33,3.1,3,1,0,1,2,2,2,3,3,2,2,2,2,2,2,7,7,8,1,1,1,9,14,3,1,1,NaN,1,NaN,NaN,,NaN,,NaN,,NaN,52,50,NaN,1,4,2,1,2,2,1,1,1,1,1,1,1,1,1,1,1,1,1,2,1,1,721955.583,4364701.74,-1.381,Cob,20510,0,0,1,9,2
5461,2,2006460006152,3,6,23,3,5,1,3,CV-35,10,10,0,1,1,2,3,2,3,4,2,2,2,1,2,1,4,6,8,1,1,1,9,14,3,1,3,NaN,2,5,NaN,,NaN,,NaN,,NaN,NaN,NaN,NaN,2,4,2,1,1,1,1,1,2,1,1,1,1,1,1,1,1,1,1,2,1,1,659370,4421291.33,927.739,Per,76008,0,0,1,8,6
5463,2,2006460006154,3,6,26,3,1,1,1,CV-50,0.5,0,5,0,1,5,2,2,3,3,2,1,1,1,1,1,7,7,8,1,1,1,9,14,1,1,1,NaN,2,NaN,NaN,,NaN,,NaN,,NaN,63,60,NaN,1,4,2,1,1,1,1,1,1,1,1,1,1,1,1,1,1,1,1,2,1,1,738213.24,4329210.298,-15.443,Cob,24700,0,3,0,9,1
5464,2,2006460006167,3,6,25,3,7,3,1,CV-35,11.5,11,5,0,1,2,3,2,3,3,2,2,2,1,2,2,7,7,7,1,1,1,9,8,1,1,3,NaN,2,NaN,NaN,,NaN,,NaN,,NaN,62,60,NaN,1,4,2,1,1,1,1,1,1,1,1,1,1,1,1,1,1,1,1,2,1,1,715236.341,4382187.139,90.677,Per,76008,0,0,0,7,1
5466,2,2006460006173,3,6,26,1,1,4,1,CV-500,6.7,6,7,0,1,5,3,2,3,3,2,1,1,1,2,2,5,1,8,1,3,1,8,14,1,1,3,NaN,2,NaN,NaN,,NaN,,NaN,,68,NaN,60,NaN,1,4,2,1,1,1,1,1,1,1,1,1,1,1,1,1,1,1,1,2,1,1,729663.078,4363882.206,-18.11,Cob,16787,0,0,0,0,6
5467,2,2006460006178,3,6,26,1,1,1,1,CV-35,22.3,22,3,0,1,2,3,2,3,4,2,2,2,2,2,2,7,7,5,1,5,1,9,14,3,1,3,NaN,2,NaN,NaN,,NaN,,NaN,,NaN,54,50,NaN,1,4,1,1,1,2,1,1,1,1,1,1,1,1,1,1,1,1,1,2,1,1,707637.106,4389171.492,128.178,Per,43300,0,0,0,3,1
5469,2,2006460006184,3,6,27,3,2,1,2,CV-410,4.5,4,5,0,1,6,1,1,1,1,2,1,1,2,1,1,7,7,8,1,4,1,9,14,3,1,3,NaN,2,3,NaN,,NaN,,NaN,,NaN,NaN,NaN,NaN,1,4,1,1,1,1,1,2,1,1,1,1,1,1,1,1,1,1,1,2,1,1,717032.777,4372566.149,38.602,Pri,30864,0,0,1,8,2
5470,2,2006460006202,3,6,27,5,2,1,1,CV-590,58,58,0,1,1,5,2,3,3,3,2,1,2,1,1,2,7,7,5,1,1,1,9,14,2,1,1,NaN,2,NaN,NaN,,NaN,,NaN,,NaN,64,60,NaN,1,4,2,1,1,1,1,1,1,1,1,1,1,1,1,1,1,1,1,2,1,1,671458.363,4322627.964,685.529,Sec,6955,0,0,1,15,1
5472,2,2006460006206,3,5,5,6,5,1,2,CV-300,11,11,0,1,1,5,3,2,2,4,1,1,1,1,1,1,1,1,3,1,1,1,9,1,1,1,1,NaN,2,3,NaN,,NaN,,NaN,,NaN,NaN,NaN,NaN,2,4,1,1,1,1,1,1,2,1,1,1,1,1,1,1,1,1,1,2,1,1,728778.583,4387293.966,34.434,Cob,12084,0,0,1,19,7
5473,2,2006460006229,3,6,26,4,1,1,1,CV-333,12,12,0,1,1,5,2,2,3,3,2,1,1,1,2,2,7,7,8,1,1,1,9,14,3,1,1,NaN,2,NaN,NaN,,NaN,,NaN,,66,NaN,60,NaN,1,4,1,1,1,1,1,1,1,1,1,1,1,1,1,2,1,1,1,2,1,1,717716.718,4387409.29,88.995,Cob,2419,0,0,1,14,1
5475,2,2006460006236,3,6,26,4,1,1,2,CV-50,28.5,28,5,0,1,5,2,2,3,3,2,1,1,1,2,2,5,1,4,1,1,1,9,14,1,1,1,NaN,2,4,NaN,,NaN,,NaN,,NaN,NaN,NaN,NaN,1,4,2,1,1,1,1,1,1,1,1,1,1,1,1,1,1,1,1,2,1,1,716640.566,4340877.496,1.047,Cob,15692,0,0,1,13,6
5478,2,2006460006278,3,6,29,4,4,1,1,CV-35,23.1,23,1,1,1,2,3,2,3,4,2,2,1,1,2,2,7,7,8,1,1,1,9,14,3,1,3,NaN,2,NaN,NaN,,NaN,,NaN,,66,NaN,60,NaN,1,4,2,1,1,1,1,1,1,1,1,1,1,1,1,1,1,1,1,2,1,1,663700.487,4411477.777,814.806,Per,43300,0,1,0,14,1
5482,2,2006460006288,3,6,26,3,1,4,2,CV-35,16,16,0,1,1,2,3,2,3,4,2,2,1,1,2,1,3,1,8,1,1,1,9,14,1,1,3,NaN,2,2,NaN,,NaN,,NaN,,NaN,NaN,NaN,NaN,1,4,1,1,1,1,1,1,2,1,1,1,1,1,1,1,1,1,1,2,1,1,662706.406,4417512.916,878.39,Per,43300,0,0,0,7,6
5485,2,2006460006310,3,7,3,4,1,1,1,CV-610,14,14,0,0,1,5,3,2,3,3,2,1,1,2,1,1,7,7,8,1,1,1,2,14,1,1,2,5,2,NaN,NaN,,NaN,,NaN,,66,NaN,60,NaN,1,4,2,1,1,1,2,1,1,1,1,1,1,1,1,1,1,1,1,2,1,1,725745.412,4314240.333,205.857,Cob,4292,1,0,0,14,4
5486,2,2006460006316,3,7,3,5,1,4,1,CV-60,18,18,0,0,1,5,1,2,3,4,2,1,1,1,2,2,7,7,8,1,1,1,9,14,3,1,1,NaN,1,NaN,NaN,,NaN,,NaN,,NaN,52,50,NaN,1,4,2,1,1,1,1,1,1,1,1,1,1,1,1,1,1,1,1,2,1,1,727187.766,4306927.979,262.618,Cob,7193,0,0,1,15,1
5488,2,2006460006342,3,7,3,1,1,1,1,CV-42,5,5,0,1,1,5,3,2,3,3,2,1,2,2,2,2,5,1,4,1,1,1,9,14,1,1,1,NaN,2,NaN,NaN,,NaN,,NaN,,NaN,53,50,NaN,1,4,1,1,2,1,1,2,1,1,1,1,1,1,1,1,1,1,1,2,1,1,723083.652,4350355.611,-9.153,Cob,4758,0,0,2,3,6
5489,2,2006460006357,3,6,30,2,5,1,1,CV-400,2,2,0,1,1,5,3,2,3,3,2,1,2,1,2,2,7,7,8,1,1,1,9,14,3,1,3,NaN,2,NaN,NaN,,NaN,,NaN,,68,NaN,60,NaN,1,4,2,1,1,1,1,1,1,1,1,1,1,1,1,1,1,1,1,2,1,1,723067.319,4365593.946,-4.043,Pri,30986,0,0,1,5,1
5493,2,2006460006359,3,7,5,3,3,1,2,CV-36,1.5,1,5,1,1,2,3,2,3,4,2,2,2,1,1,1,7,7,8,1,1,1,9,14,3,1,3,NaN,2,NaN,NaN,,NaN,,NaN,,NaN,NaN,NaN,71,3,4,1,1,1,1,1,1,2,1,1,1,1,1,1,1,1,1,1,2,1,1,717944.192,4369319.25,25.347,Pri,83400,0,0,1,8,1
5495,2,2006460006372,3,7,4,6,2,1,2,CV-60,24.8,24,8,0,1,5,2,2,3,3,2,1,1,1,1,1,7,7,8,1,1,1,9,14,3,1,3,NaN,2,2,NaN,,NaN,,NaN,,NaN,NaN,NaN,NaN,1,4,2,1,1,2,1,1,1,1,1,1,1,1,1,1,1,1,1,2,1,1,733057.788,4309721.159,167.494,Cob,14874,0,0,2,19,2
5497,2,2006460006375,3,5,13,5,6,1,2,CV-31,4.7,4,7,0,1,5,3,2,3,1,2,1,1,2,1,1,2,4,3,1,1,1,9,14,1,1,1,NaN,2,2,NaN,,NaN,,NaN,,NaN,NaN,NaN,NaN,1,4,1,1,1,1,1,1,2,1,1,1,1,1,1,1,1,1,1,2,1,1,721683.388,4378388.233,28.301,Cob,30893,0,0,1,16,6
5501,2,2006460006396,3,7,6,5,4,1,2,CV-500,9.6,9,6,0,1,5,3,2,3,4,2,1,2,1,2,1,7,7,8,1,1,1,9,14,2,1,1,NaN,1,1,NaN,,NaN,,NaN,,NaN,NaN,NaN,NaN,1,4,2,1,1,1,1,1,1,1,1,1,1,1,1,1,1,1,1,2,1,1,730313.515,4360774.222,-16.338,Cob,16787,0,1,3,16,1
5511,2,2006460006487,3,7,4,6,2,1,1,CV-407,1.8,1,8,0,1,5,2,2,3,3,2,2,1,1,1,1,7,7,8,1,1,1,9,14,3,1,1,NaN,1,NaN,NaN,,NaN,,12,9,NaN,NaN,NaN,NaN,1,4,1,1,1,1,1,1,1,1,1,1,1,1,1,1,1,1,2,2,1,1,722629.393,4368559.563,10.752,Cob,16223,0,0,1,17,1
5513,2,2006460006497,3,7,5,6,3,1,2,CV-400,2,2,0,0,1,5,2,2,3,3,2,1,1,1,1,1,7,7,8,1,1,1,9,14,3,1,1,NaN,1,3,NaN,,NaN,,NaN,,NaN,NaN,NaN,NaN,1,4,1,1,1,1,1,1,1,1,1,1,1,1,1,1,1,1,2,2,1,1,723626.268,4367795.379,-1.376,Pri,30986,0,0,0,18,1
5515,2,2006460006502,3,7,9,6,7,3,1,CV-60,33.5,33,5,0,1,5,1,1,4,1,2,1,2,2,2,2,4,1,4,1,1,1,9,14,1,1,1,NaN,2,NaN,NaN,,NaN,,12,9,NaN,NaN,NaN,NaN,1,4,2,1,1,1,1,1,1,1,1,1,1,1,1,1,1,1,1,2,1,1,740066.674,4313916.393,48.785,Pri,16477,0,0,1,17,6
5519,2,2006460006539,3,7,3,5,1,1,4,CV-36,5,5,0,0,1,2,3,2,3,4,2,2,2,1,2,2,7,7,8,1,1,1,9,14,2,1,1,NaN,1,5,NaN,,NaN,,NaN,,NaN,NaN,NaN,NaN,1,4,1,1,1,1,1,1,2,1,1,1,1,1,1,1,1,1,1,2,1,1,713254.604,4369018.754,55.538,Cob,34231,0,0,1,15,1
5521,2,2006460006545,3,7,7,2,5,1,2,CV-36,2,2,0,1,1,2,3,2,3,3,2,2,2,2,2,2,7,7,8,1,2,1,9,14,1,1,1,NaN,2,NaN,30,32,NaN,,NaN,,NaN,NaN,NaN,NaN,1,4,1,1,1,1,1,1,1,2,1,1,1,1,1,1,1,1,1,2,1,1,718416.733,4369313.526,15.587,Pri,83400,0,0,0,6,1
5525,2,2006460006549,3,7,9,1,7,3,2,CV-35,32.5,32,5,0,1,5,3,2,3,3,2,1,1,1,1,1,2,5,3,1,5,1,9,14,1,1,1,NaN,1,3,NaN,,NaN,,NaN,,NaN,NaN,NaN,NaN,2,4,2,1,1,1,1,1,2,1,1,1,1,1,1,1,1,1,1,2,1,1,700266.905,4393428.66,189.832,Per,11200,2,0,4,23,6
5529,2,2006460006567,3,7,10,3,1,1,2,CV-50,91.5,91,5,0,1,5,3,2,3,3,2,1,1,1,1,1,1,1,3,1,1,1,9,14,2,1,1,NaN,2,2,NaN,,NaN,,NaN,,NaN,NaN,NaN,NaN,1,4,1,1,1,1,1,1,2,1,1,1,1,1,1,1,1,1,1,2,1,1,706075.57,4387481.051,127.666,Per,8799,0,1,0,8,6
5532,2,2006460006586,3,7,11,1,2,1,3,CV-686,3.3,3,3,1,1,7,2,3,3,2,2,1,1,1,1,1,1,1,4,1,1,1,9,14,1,1,1,NaN,1,4,NaN,,NaN,,NaN,,NaN,NaN,NaN,NaN,1,4,1,1,1,1,1,1,2,1,1,1,1,1,1,1,1,1,1,2,1,1,741671.288,4313336.367,30.309,Cob,33010,0,0,0,2,6
5534,2,2006460006599,3,7,13,3,4,1,2,CV-407,0.1,0,1,0,1,5,3,2,3,3,2,1,1,2,1,1,5,1,4,1,1,1,9,14,2,2,3,NaN,2,4,NaN,,NaN,,NaN,,NaN,NaN,NaN,NaN,1,4,2,1,1,1,1,1,1,1,1,1,1,1,1,1,1,1,1,2,2,1,721309.349,4368969.971,9.271,Cob,27694,0,0,1,9,6
5536,2,2006460006601,3,7,13,4,4,1,1,CV-686,3.5,3,5,0,1,7,2,1,3,3,2,1,2,1,1,2,3,1,8,1,1,1,9,14,2,1,1,NaN,1,NaN,NaN,,21,21,NaN,,NaN,NaN,NaN,NaN,1,4,1,1,1,1,1,1,2,1,1,1,1,1,1,1,1,1,1,2,2,1,743608.789,4315901.824,7.837,Cob,33010,0,2,0,11,6
5538,2,2006460006605,3,7,12,5,3,1,2,CV-32,0.2,0,2,0,1,5,3,2,3,3,2,2,2,1,2,2,3,1,4,1,1,1,9,14,1,1,1,NaN,2,4,NaN,,NaN,,NaN,,NaN,NaN,NaN,NaN,1,4,2,1,1,1,1,1,1,1,1,1,1,1,1,1,1,1,1,2,2,1,732392.066,4381689.679,-16.771,Per,31800,0,0,1,16,6
5540,2,2006460006616,3,7,9,6,7,3,1,CV-40,7.7,7,7,1,1,5,3,2,3,4,2,2,2,2,2,2,7,7,8,1,1,1,9,14,2,1,3,NaN,1,NaN,NaN,,NaN,,NaN,,NaN,62,60,NaN,1,4,2,1,1,1,1,1,1,1,1,1,1,1,1,1,1,1,1,2,1,2,710982.65,4303943.992,305.955,Per,22981,0,1,2,20,2
5541,2,2006460006617,3,2,12,1,7,3,1,CV-31,4.3,4,3,0,1,3,3,2,3,3,2,1,1,2,1,1,7,7,2,1,2,1,9,14,1,2,1,NaN,2,NaN,NaN,,21,21,NaN,,NaN,NaN,NaN,NaN,1,4,1,1,1,1,1,1,1,1,1,1,1,1,1,1,1,1,2,2,1,1,721298.019,4378288.089,47.878,Cob,30893,1,0,0,4,1
5543,2,2006460006621,3,5,4,1,4,1,2,CV-31,4.2,4,2,0,1,5,3,2,3,1,2,1,1,1,1,1,2,3,2,3,4,4,9,14,1,2,1,NaN,2,2,NaN,,NaN,,NaN,,NaN,NaN,NaN,NaN,1,4,1,1,1,1,1,1,1,1,1,1,1,1,1,1,1,1,2,2,1,2,721226.731,4378218.256,47.975,Cob,30893,0,0,1,23,6
5546,2,2006460006622,3,4,13,4,4,3,3,CV-31,4.7,4,7,0,1,5,3,2,3,1,2,1,2,2,1,1,4,4,3,1,1,1,9,14,1,1,1,NaN,2,2,NaN,,NaN,,NaN,,NaN,NaN,NaN,NaN,1,4,1,1,1,1,1,1,2,1,1,1,1,1,1,1,1,1,1,2,1,1,721683.388,4378388.233,28.301,Cob,30893,0,0,2,11,6
5550,2,2006460006626,3,4,17,6,1,3,2,CV-31,4.7,4,7,0,1,5,3,2,3,1,2,1,1,2,1,1,7,7,8,3,1,5,9,14,1,1,1,NaN,2,2,NaN,,NaN,,NaN,,NaN,NaN,NaN,NaN,1,4,1,2,1,1,1,2,1,1,1,1,1,1,2,1,1,1,1,2,1,1,721683.388,4378388.233,28.301,Cob,30893,0,0,6,18,5
5552,2,2006460006628,3,4,6,6,4,1,2,CV-31,4.2,4,2,1,1,5,3,2,3,1,2,1,1,1,1,1,2,1,2,1,1,1,9,14,1,1,1,NaN,2,2,NaN,,NaN,,NaN,,NaN,NaN,NaN,NaN,1,4,1,1,2,1,1,1,2,1,1,1,1,1,1,1,1,1,1,2,1,1,721473.218,4374993.384,14.077,Cob,30893,0,0,1,19,7
5554,2,2006460006629,3,4,8,6,6,1,2,CV-31,4.2,4,2,0,1,5,3,2,3,1,2,1,1,1,1,1,7,7,2,1,1,1,9,14,1,1,1,NaN,2,4,NaN,,NaN,,NaN,,NaN,NaN,NaN,NaN,2,4,2,1,1,1,1,1,2,1,1,1,1,1,1,1,1,1,1,2,1,2,721226.731,4378218.256,47.975,Cob,30893,0,0,1,17,1
5555,2,2006460006640,3,7,13,6,4,1,1,CV-50,6,6,0,1,1,5,3,2,3,3,2,1,1,1,1,1,7,7,8,1,5,1,9,14,2,1,3,NaN,2,NaN,NaN,,NaN,,NaN,,NaN,62,60,NaN,1,4,2,1,1,1,1,1,1,1,1,1,1,1,1,1,1,1,1,2,1,1,704322.911,4383737.539,81.788,Sec,16705,0,0,1,22,1
5556,2,2006460006698,3,7,11,5,2,1,1,CV-36,5.6,5,6,1,1,2,3,2,3,4,2,2,2,2,2,2,7,7,5,1,1,1,9,14,2,1,3,NaN,2,NaN,30,32,NaN,,NaN,,NaN,NaN,NaN,NaN,1,4,1,1,1,1,1,1,1,1,1,1,1,1,1,1,1,2,1,2,1,1,721684.898,4369192.001,7.19,Cob,34231,0,0,0,16,2
5558,2,2006460006703,3,7,11,4,2,1,2,CV-500,9.8,9,8,1,1,5,3,2,3,4,2,1,1,1,2,2,7,7,5,1,1,1,9,14,3,1,1,NaN,2,4,NaN,,NaN,,NaN,,NaN,NaN,NaN,NaN,1,4,2,1,1,1,1,1,1,1,1,1,1,1,1,1,1,1,1,2,1,1,735108.142,4350640.605,-16.956,Cob,16787,0,0,1,11,1
5560,2,2006460006781,3,7,18,1,2,4,1,CV-500,21.3,21,3,0,1,5,3,2,3,4,2,1,1,1,2,2,5,6,4,1,5,1,9,14,1,1,1,NaN,2,NaN,NaN,,NaN,,NaN,,NaN,63,60,NaN,1,4,2,1,1,1,1,1,1,1,1,1,1,1,1,1,1,1,1,2,1,1,735682.973,4349212.221,-13.174,Cob,10998,0,0,0,3,6
5562,2,2006460006819,3,7,14,3,5,1,2,CV-35,14,14,0,1,1,2,1,2,3,4,2,2,2,2,2,2,3,1,4,1,1,1,9,14,2,1,3,NaN,2,4,NaN,,NaN,,NaN,,NaN,NaN,NaN,NaN,1,4,2,1,1,1,1,1,1,1,1,1,1,1,1,1,1,1,1,2,1,1,662386.877,4419383.786,895.429,Per,76008,0,0,0,8,6
5563,2,2006460006823,3,7,15,3,6,2,1,CV-35,24,24,0,0,1,5,3,2,3,3,2,1,2,1,1,1,7,7,8,9,1,1,2,4,2,1,3,NaN,2,NaN,NaN,,NaN,,NaN,,NaN,52,50,NaN,1,4,1,1,1,1,1,1,1,2,1,1,1,1,1,1,1,1,1,2,1,1,707447.856,4390611.278,161.663,Per,43300,0,0,0,8,2
5564,2,2006460006831,3,7,15,4,6,2,1,CV-35,24,24,0,0,1,5,3,2,3,3,2,1,1,1,1,1,7,7,8,1,1,1,2,4,2,1,3,NaN,2,NaN,NaN,,NaN,,NaN,,66,NaN,60,NaN,1,4,1,1,1,1,1,2,1,1,1,1,1,1,1,1,1,1,1,2,1,1,707447.856,4390611.278,161.663,Per,43300,0,0,0,13,2
5576,2,2006460006905,3,7,20,4,4,1,6,CV-650,3,3,0,1,1,5,2,3,3,1,2,1,1,1,1,1,7,7,8,1,1,1,9,14,3,1,1,NaN,1,5,NaN,,NaN,,NaN,,NaN,NaN,NaN,NaN,2,4,1,1,1,1,1,1,1,1,1,1,1,1,1,1,1,2,1,2,1,2,709422.94,4302751.144,285.888,Cob,7768,0,0,4,13,1
5583,2,2006460006918,3,7,21,5,5,1,1,CV-660,22.5,22,5,0,1,5,2,3,3,2,2,1,1,1,1,1,7,7,8,1,1,1,2,14,1,1,3,NaN,2,NaN,NaN,,NaN,,NaN,,NaN,54,50,NaN,1,4,1,1,1,2,1,1,1,1,1,1,1,1,1,1,1,1,1,2,1,1,702322.897,4299136.437,456.124,Cob,1150,0,0,3,16,5
5591,2,2006460006940,3,7,24,3,1,4,2,CV-81,20.3,20,3,1,1,5,3,2,3,3,2,1,2,1,1,1,7,7,8,1,1,1,9,14,3,1,3,NaN,2,1,NaN,,NaN,,NaN,,NaN,NaN,NaN,NaN,1,4,2,1,1,2,1,1,2,1,1,1,1,1,1,1,1,1,1,2,1,1,689355.263,4282539.944,524.42,Pri,5155,3,2,0,7,1
5593,2,2006460006948,3,6,16,5,5,1,2,CV-35,11.1,11,1,1,1,2,3,2,3,4,2,2,2,1,2,2,7,7,8,1,1,1,9,14,3,1,1,NaN,1,4,NaN,,NaN,,NaN,,NaN,NaN,NaN,NaN,3,4,1,1,1,1,1,1,1,1,1,1,1,1,1,1,1,1,2,2,1,1,660434.567,4420811.591,905.245,Per,76008,0,0,1,15,1
5595,2,2006460006971,3,7,18,3,2,1,2,CV-35,15.8,15,8,1,1,2,3,2,3,4,2,2,2,1,2,1,3,1,4,1,1,1,9,8,1,1,3,NaN,2,2,NaN,,NaN,,NaN,,NaN,NaN,NaN,NaN,1,4,1,1,1,1,1,1,2,1,1,1,1,1,1,1,1,1,1,2,1,1,662702.081,4417709.364,890.782,Per,76008,0,0,0,8,6
5596,2,2006460006973,3,7,18,6,2,1,1,CV-500,8,8,0,1,1,5,3,2,3,3,2,1,1,1,1,1,7,7,8,1,1,1,9,14,2,1,1,NaN,1,NaN,NaN,,NaN,,NaN,,NaN,63,60,NaN,1,4,2,1,2,1,1,1,1,1,1,1,1,1,1,1,1,1,1,2,1,2,735739.188,4349110.551,-16.971,Cob,16787,0,0,1,20,3
5598,2,2006460006977,3,7,18,6,2,1,2,CV-33,0,0,0,0,1,5,3,2,3,1,2,1,2,2,2,2,5,1,4,1,1,1,9,14,1,1,1,NaN,2,3,NaN,,NaN,,NaN,,NaN,NaN,NaN,NaN,1,4,1,1,1,1,1,1,2,1,1,1,1,1,1,1,1,1,1,2,2,2,724144.931,4363213.599,-15.014,Cob,22855,0,0,0,19,6
5600,2,2006460006981,3,7,20,4,4,1,2,CV-31,2.5,2,5,1,1,5,3,2,3,3,2,1,2,1,2,2,7,7,8,1,1,1,9,14,2,1,1,NaN,2,4,NaN,,NaN,,NaN,,NaN,NaN,NaN,NaN,1,4,1,1,1,1,1,1,2,1,1,1,1,1,1,1,1,1,1,2,1,1,720788.191,4376506.447,23.135,Cob,35757,0,0,0,11,2
5601,2,2006460007007,3,7,21,4,5,1,1,CV-500,9.9,9,9,1,1,5,2,2,3,3,2,1,1,1,2,1,7,7,8,1,1,1,9,14,1,1,2,1,2,NaN,NaN,,NaN,,NaN,,66,NaN,60,NaN,1,4,2,1,1,1,1,1,1,1,1,1,1,1,1,1,1,1,1,2,1,1,735067.543,4350730.841,-17.006,Cob,16787,0,0,2,13,1
5602,2,2006460007009,3,7,21,6,5,1,1,CV-400,1.7,1,7,0,1,5,3,2,3,3,2,2,2,1,2,1,7,7,8,1,3,1,9,14,3,1,3,NaN,1,NaN,NaN,,NaN,,NaN,,66,NaN,60,NaN,1,4,2,1,1,1,1,1,1,1,1,1,1,1,1,1,1,1,1,2,1,1,723755.426,4368060.787,-3.64,Pri,30986,0,0,1,21,1