Id,Ano,Numero_Accidente,Provincia,Mes,Dia,Hora,Dia_Semana,Tipo_Dia,Vehiculos_Implicados,Carretera,Pk,Km,Hm,Sentido,Zona,Tipo_Via,Anchura_Calzada,Anchura_Carril,Marcas_Viales,Arcen,Arcen_Pavimentado,Mediana,Barrera_Seguridad,Paneles_Direccionales,Hitos_Arista,Captafaros,Interseccion_Tipo,Interseccion_Acondicionamiento,Prioridad_Regulada_por,Superficie,Luminosidad,Factores_Atmosfericos,Visibilidad_Restringida_por,Otras_Circunstancias,Senalizacion_Peligro,Aceras,Arboles,Arboles_Metros_Calzada,Visibilidad_Senalizacion_Vertical,Colision_Vehiculos_Marcha,Colision_Vehiculo_Obstaculo_1,Colision_Vehiculo_Obstaculo_2,Atropello_1,Atropello_2,Vuelco_1,Vuelco_2,Salida_Sin_Colision,Salida_Con_Colision,Lado_Salida,Otro,Circulacion,Circulacion_Medidas_Especiales,Distraccion,Inexperiencia_Conductor,Alcohol_Drogas,Cansancio_Sueno,Enfermedad,Velocidad_Inadecuada,Infraccion_Norma_Circulacion,Estado_Condicion_Via,Estado_Condicion_Senalizacion,Tramo_Obras,Mal_Estado_Vehiculo,Averia_Mecanica,Meteorologia_Adversa,Irrupcion_Animal,Circular_Sentido_Contrario,Otro_Factor,Sin_Opinion_Definida,Pendiente,Curvatura,Peralte,GPS_x,GPS_y,GPS_z,Tipo_Est,IMD,N_Muertos,N_Graves,N_Leves,Hora_Real,Fuera_o_Interseccion
5604,2,2006460007018,3,7,23,6,7,3,2,CV-35,17.5,17,5,1,1,2,3,2,3,4,2,2,2,1,2,2,7,7,8,1,1,1,9,14,2,1,3,NaN,2,4,NaN,,NaN,,NaN,,NaN,NaN,NaN,NaN,2,4,1,1,1,1,1,1,2,1,1,1,1,1,1,1,1,1,1,2,2,3,662972.859,4416229.276,847.183,Per,43300,0,0,1,19,1
5606,2,2006460007033,3,6,2,4,5,1,2,CV-42,0,0,0,1,2,5,3,1,3,3,2,2,1,1,1,1,1,6,3,1,1,1,9,14,2,2,1,NaN,2,2,NaN,,NaN,,NaN,,NaN,NaN,NaN,NaN,1,4,2,1,1,1,1,1,1,1,1,1,1,1,1,1,1,1,1,2,1,1,723747.985,4354934.964,-10.971,Sec,12043,0,0,1,14,7
5608,2,2006460007062,3,7,24,3,1,4,2,CV-35,10,10,0,0,1,2,3,2,3,3,2,1,1,1,2,1,4,4,3,1,1,1,9,14,3,1,3,NaN,2,2,NaN,,NaN,,NaN,,NaN,NaN,NaN,NaN,1,4,1,1,1,1,1,1,2,1,1,1,1,1,1,1,1,1,1,2,1,1,716435.035,4381334.63,85.823,Per,76008,0,0,1,8,6
5610,2,2006460007069,3,7,24,5,1,1,2,CV-500,18.3,18,3,0,1,5,2,2,3,3,2,1,2,2,1,2,7,7,8,1,1,1,9,14,3,1,1,NaN,1,4,NaN,,NaN,,NaN,,NaN,NaN,NaN,NaN,2,4,2,1,1,1,1,1,2,1,1,1,1,1,1,1,1,1,1,2,1,1,734586.347,4352036.09,-14.683,Sec,11592,0,0,1,15,2
5613,2,2006460007084,3,7,26,3,3,1,1,CV-60,18.5,18,5,1,1,5,3,2,3,4,1,1,2,1,2,2,7,7,8,1,1,1,9,14,3,1,1,NaN,2,NaN,NaN,,NaN,,NaN,,56,NaN,50,NaN,1,4,2,1,1,2,1,1,1,1,1,1,1,1,1,1,1,1,1,2,1,1,729025.929,4307738.719,275.13,Cob,7193,0,0,1,8,2
5617,2,2006460007087,3,7,28,6,5,1,2,CV-42,16.8,16,8,1,1,7,3,2,3,4,2,1,1,1,1,1,5,1,4,1,1,1,9,14,1,1,3,NaN,2,4,NaN,,NaN,,NaN,,NaN,NaN,NaN,NaN,1,4,2,1,2,1,1,1,1,1,1,1,1,1,1,1,1,1,1,2,1,1,720704.209,4340727.135,-5.013,Cob,13820,0,0,3,20,6
5619,2,2006460007093,3,7,28,5,5,1,2,CV-686,1,1,0,1,1,5,3,2,3,3,2,1,1,1,1,1,7,7,8,1,1,1,9,14,2,1,1,NaN,1,4,NaN,,NaN,,NaN,,NaN,NaN,NaN,NaN,1,4,2,1,1,1,1,1,1,1,1,1,1,1,1,1,1,1,1,2,1,1,743079.479,4315044.435,16.21,Cob,33010,0,0,0,16,2
5621,2,2006460007110,3,7,30,6,7,3,1,CV-50,8,8,0,1,1,5,3,2,3,3,2,1,2,2,2,1,7,7,8,1,1,1,9,14,3,1,2,-1,1,NaN,NaN,,NaN,,NaN,,NaN,51,50,NaN,2,4,1,1,1,1,1,2,1,1,1,1,1,1,1,1,1,1,1,2,1,1,703451.878,4382148.714,104.003,Cob,12744,1,0,0,20,1
5627,2,2006460007111,3,7,29,3,6,2,3,CV-50,67.7,67,7,1,1,5,3,2,3,4,2,1,1,1,1,1,7,7,8,1,1,1,9,14,2,1,3,NaN,2,1,NaN,,NaN,,NaN,,NaN,NaN,NaN,NaN,1,4,2,1,1,1,1,1,2,1,1,1,1,1,1,1,1,1,1,2,1,1,718936.002,4339261.598,-0.321,Sec,5550,0,1,4,8,1
5629,2,2006460007114,3,7,26,4,3,1,2,CV-35,3,3,0,1,1,2,3,2,3,3,2,2,2,1,2,2,7,7,8,1,1,1,9,14,3,1,3,NaN,1,4,NaN,,NaN,,NaN,,NaN,NaN,NaN,NaN,2,4,1,1,1,1,1,1,1,1,1,1,1,1,1,1,1,1,2,2,1,1,654462.088,4422571.739,887.738,Per,129800,0,0,0,13,2
5632,2,2006460007126,3,7,27,6,4,1,1,CV-500,1,1,0,0,1,2,3,2,3,3,2,2,2,2,2,2,3,1,5,3,1,5,9,14,3,1,3,NaN,2,NaN,NaN,,NaN,,NaN,,NaN,64,60,NaN,1,4,1,1,1,1,1,2,1,1,1,1,1,1,1,1,1,1,1,2,1,1,729098.117,4369437.274,-13.318,Pri,16787,0,0,1,19,6
5634,2,2006460007158,3,7,31,5,1,1,1,CV-81,6.8,6,8,1,1,5,3,2,3,3,1,1,1,1,1,1,7,7,8,1,1,1,2,14,1,1,1,NaN,2,NaN,NaN,,NaN,,12,9,NaN,NaN,NaN,NaN,1,4,1,1,1,1,1,1,1,1,1,1,1,1,1,1,1,2,1,2,1,1,679362.294,4278348.216,467.441,Cob,3706,0,0,1,16,5
5642,2,2006460007179,3,7,31,5,1,1,2,CV-33,2,2,0,0,1,5,3,2,3,3,2,2,2,1,2,2,7,7,5,1,1,1,9,14,2,1,3,NaN,2,NaN,30,29,NaN,,NaN,,NaN,NaN,NaN,NaN,1,4,2,1,1,1,1,1,1,1,1,1,1,1,1,1,1,1,1,2,1,1,716836.78,4372651.093,38.659,Cob,20510,0,1,0,16,2
5644,2,2006460007208,3,7,31,6,1,1,1,CV-35,43.5,43,5,0,1,5,3,2,3,4,2,1,1,1,1,1,7,7,8,1,1,1,9,8,1,1,2,2,2,NaN,NaN,,NaN,,NaN,,NaN,61,60,NaN,1,4,2,1,1,2,1,1,1,1,1,1,1,1,1,1,1,1,1,2,1,1,690915.076,4397270.5,431.953,Per,3690,0,0,1,19,1
5645,2,2006460007212,3,7,31,1,1,4,1,CV-500,2.5,2,5,0,1,2,2,2,3,4,2,2,2,1,2,2,7,7,8,1,5,1,9,14,3,1,1,NaN,1,NaN,NaN,,NaN,,NaN,,66,NaN,60,NaN,1,4,2,1,1,2,1,1,1,1,1,1,1,1,1,1,1,1,1,2,1,1,728925.122,4367989.322,-8.633,Pri,16787,0,0,1,23,1
5648,2,2006460007223,3,7,31,6,1,1,2,CV-50,30.6,30,6,1,1,5,3,2,3,3,2,1,1,1,2,2,1,1,8,1,1,1,9,14,2,1,1,NaN,2,4,NaN,,NaN,,NaN,,NaN,NaN,NaN,NaN,1,4,1,1,1,1,1,1,2,1,1,1,1,1,1,1,1,1,1,2,1,1,698299.23,4363115.923,235.221,Cob,15692,0,0,1,20,6
5651,2,2006460007243,3,7,30,1,7,3,2,CV-35,5,5,0,0,1,2,3,2,3,4,2,2,2,1,2,2,7,7,8,1,3,1,9,14,3,1,1,NaN,2,4,NaN,,NaN,,NaN,,NaN,NaN,NaN,NaN,1,4,2,1,1,1,1,1,1,1,1,1,1,1,1,1,1,1,1,2,1,1,720203.659,4378367.102,52.835,Per,129800,0,0,1,2,1
5652,2,2006460007264,3,8,1,3,2,1,1,CV-35,3,3,0,1,1,2,2,3,3,1,2,1,2,1,1,1,7,7,8,1,1,1,9,14,3,1,3,NaN,2,NaN,NaN,,NaN,,NaN,,NaN,54,50,NaN,1,4,2,1,1,1,1,1,1,1,1,1,1,1,1,1,1,1,1,2,1,1,654462.088,4422571.739,887.738,Per,129800,0,0,0,7,2
5655,2,2006460007296,3,8,5,1,6,3,1,CV-35,13.5,13,5,1,1,2,3,2,3,4,2,1,2,1,2,1,7,7,8,1,4,1,9,14,3,1,1,NaN,1,NaN,NaN,,NaN,,NaN,,66,NaN,60,NaN,1,4,2,1,2,1,1,1,1,1,1,1,1,1,1,1,1,1,1,2,2,1,662071.639,4419710.831,881.245,Per,76008,0,0,1,4,1
5657,2,2006460007317,3,8,6,6,7,3,1,CV-40,1.2,1,2,0,1,2,2,1,3,3,2,1,2,2,2,2,7,7,8,1,1,1,9,14,3,1,1,NaN,1,NaN,NaN,,NaN,,NaN,,55,NaN,50,NaN,1,4,1,1,1,1,1,2,1,1,1,1,1,1,1,1,1,1,1,2,1,1,709195.877,4318509.701,136.519,Cob,23028,0,1,1,17,5
5660,2,2006460007326,3,8,2,3,3,1,3,CV-32,8.5,8,5,0,1,3,3,2,3,3,2,1,2,1,2,2,7,7,5,1,1,1,9,8,3,1,3,NaN,2,4,NaN,,NaN,,NaN,,NaN,NaN,NaN,NaN,1,4,2,1,1,1,1,1,1,1,1,1,1,1,1,1,1,1,1,2,1,1,726404.973,4386257.256,40.175,NaN,0,0,0,0,7,1
5662,2,2006460007346,3,8,3,6,4,1,2,CV-500,9,9,0,1,1,5,3,2,3,3,2,1,1,1,1,1,1,1,8,1,1,1,9,14,2,1,1,NaN,2,3,NaN,,NaN,,NaN,,NaN,NaN,NaN,NaN,1,4,1,1,1,1,1,1,2,1,1,1,1,1,1,1,1,1,1,2,2,2,735451.379,4349951.161,-17.197,Cob,16787,0,0,1,18,6
5663,2,2006460007375,3,8,9,1,3,1,1,CV-610,14.9,14,9,0,1,5,3,2,3,3,1,1,1,1,1,1,7,7,8,1,5,1,2,14,1,1,1,NaN,2,NaN,NaN,,NaN,,NaN,,66,NaN,60,NaN,1,4,2,1,1,1,1,2,1,1,1,1,1,1,1,1,1,1,1,2,1,2,726532.707,4314082.442,214.916,Cob,4292,0,0,1,2,5
5668,2,2006460007402,3,8,9,6,3,1,3,CV-32,3.4,3,4,1,1,5,3,2,3,2,2,2,1,1,2,2,7,7,8,1,3,1,9,14,1,1,1,NaN,2,5,NaN,,NaN,,NaN,,NaN,NaN,NaN,NaN,1,4,2,1,2,1,1,1,1,1,1,1,1,1,1,1,1,1,1,2,1,1,727336.23,4385175.279,12.859,Cob,11800,0,0,1,21,1
5670,2,2006460007406,3,8,10,2,4,1,1,CV-610,2.7,2,7,1,1,5,3,2,3,4,2,1,1,1,1,1,7,7,8,1,1,1,2,14,1,1,1,NaN,2,NaN,NaN,,NaN,,NaN,,66,NaN,60,NaN,1,4,2,1,1,1,1,1,1,1,1,1,1,1,1,1,1,1,1,2,1,1,731120.499,4310617.103,191.903,Pri,8690,0,1,0,6,2
5671,2,2006460007430,3,8,6,6,7,3,1,CV-365,2,2,0,0,1,5,3,2,3,3,2,1,1,2,2,1,1,1,5,1,1,1,9,14,1,1,3,NaN,2,NaN,NaN,,NaN,,NaN,,56,NaN,50,NaN,1,4,2,1,1,1,1,1,1,1,1,1,2,1,1,1,1,1,1,2,1,1,719949.158,4376743.767,65.467,Sec,40951,0,0,1,21,6
5672,2,2006460007433,3,8,6,3,7,3,1,CV-235,24.1,24,1,1,1,5,2,3,3,3,2,1,1,2,1,1,7,7,5,1,1,1,9,14,1,1,3,NaN,2,NaN,NaN,,NaN,,NaN,,66,NaN,60,NaN,1,4,1,1,1,1,1,1,1,1,1,1,1,1,1,1,1,1,2,2,2,2,701949.729,4422140.38,667.892,Cob,241,0,0,1,10,2
5675,2,2006460007438,3,8,10,4,4,1,3,CV-610,24.1,24,1,0,1,5,3,1,3,1,2,1,1,1,1,1,7,7,8,1,1,1,9,14,3,1,1,NaN,1,4,NaN,,NaN,,NaN,,NaN,NaN,NaN,NaN,1,4,2,1,1,1,1,1,1,1,1,1,1,1,1,1,1,1,1,2,1,1,732678.548,4309913.829,155.514,Cob,3000,0,0,1,13,1
5676,2,2006460007439,3,8,10,4,4,1,1,CV-550,1.2,1,2,0,1,5,3,2,3,3,2,1,1,1,2,2,7,7,8,1,1,1,9,14,3,1,1,NaN,2,NaN,NaN,,NaN,,NaN,,65,NaN,60,NaN,1,4,2,1,1,1,1,1,1,1,1,1,1,1,1,1,1,1,1,2,1,1,715245.753,4334310.1,-3.078,Sec,7019,0,0,0,13,1
5679,2,2006460007459,3,8,11,6,5,1,1,CV-407,3.2,3,2,1,1,5,3,2,3,3,2,2,2,1,1,1,7,7,8,1,3,1,9,14,3,1,1,NaN,1,NaN,NaN,,NaN,,NaN,,66,NaN,60,NaN,1,4,2,1,1,1,1,1,1,1,1,1,1,1,1,1,1,1,1,2,1,1,722153.951,4368482.142,6.03,Sec,13813,0,1,0,20,1
5680,2,2006460007461,3,8,8,5,2,1,1,CV-33,3,3,0,0,1,2,3,2,3,4,2,2,2,1,2,1,7,7,8,1,1,1,9,14,2,1,3,NaN,2,NaN,30,32,NaN,,NaN,,NaN,NaN,NaN,NaN,1,4,2,1,1,1,1,1,1,1,1,1,1,1,1,1,1,1,1,2,1,1,721988.711,4364608.274,-0.925,Cob,20510,0,0,1,15,1
5681,2,2006460007477,3,8,13,2,7,3,1,CV-35,24.3,24,3,1,1,2,2,2,3,4,2,2,2,2,2,1,7,7,8,1,2,1,9,14,1,1,1,NaN,1,NaN,NaN,,NaN,,NaN,,NaN,54,50,NaN,1,4,2,1,2,1,1,2,1,1,1,2,1,1,1,1,1,1,1,2,1,1,662947.158,4410557.162,885.862,Per,43300,0,0,1,6,2
5683,2,2006460007479,3,8,14,3,1,2,2,CV-550,1.2,1,2,1,1,5,3,2,3,3,2,1,1,1,2,1,5,1,4,1,1,1,9,14,1,1,1,NaN,2,2,NaN,,NaN,,NaN,,NaN,NaN,NaN,NaN,1,4,1,1,1,1,1,1,2,1,1,1,1,1,1,1,1,1,1,2,1,1,719877.037,4336597.038,-7.418,Sec,7019,0,0,1,9,6
5684,2,2006460007492,3,8,9,6,3,1,1,CV-35,18.5,18,5,1,1,2,3,2,3,4,1,2,2,1,2,2,7,7,5,1,1,1,9,14,3,1,3,NaN,2,NaN,NaN,,NaN,,NaN,,NaN,64,60,NaN,1,4,2,1,1,2,1,1,1,1,1,1,1,1,1,1,1,1,1,2,2,2,663606.834,4415726.501,824.491,Per,43300,0,0,1,17,1
5686,2,2006460007523,3,8,11,6,5,1,2,CV-35,12.9,12,9,1,1,2,3,2,3,3,2,2,2,1,2,2,3,1,5,1,1,1,9,14,3,1,3,NaN,1,4,NaN,,NaN,,NaN,,NaN,NaN,NaN,NaN,1,4,1,1,1,1,1,1,1,1,1,1,1,1,1,1,1,2,1,2,1,1,661827.274,4420103.294,883.509,Per,76008,0,0,0,17,6
5689,2,2006460007526,3,8,11,6,5,1,2,CV-500,28.6,28,6,0,1,5,3,2,3,3,2,1,1,1,1,1,7,7,5,1,1,1,9,14,2,1,3,NaN,1,4,NaN,,NaN,,NaN,,NaN,NaN,NaN,NaN,1,4,2,1,1,1,1,1,1,1,1,1,1,1,1,1,1,1,1,2,1,1,732076.147,4343689.348,1.467,Cob,7093,0,0,2,18,1
5691,2,2006460007555,3,8,17,1,4,1,1,CV-590,57.8,57,8,0,1,5,3,3,3,3,1,1,1,1,1,1,7,7,8,1,5,1,9,14,3,1,3,NaN,2,NaN,NaN,,NaN,,NaN,,66,NaN,60,NaN,1,4,1,1,1,1,1,1,1,1,1,1,1,1,1,1,1,1,2,2,1,1,707209.842,4320989.004,139.759,Sec,6955,0,0,1,4,2
5693,2,2006460007566,3,8,18,6,5,1,1,CV-550,4,4,0,0,1,5,3,2,3,3,1,1,1,1,2,1,7,7,8,1,1,1,9,14,2,1,1,NaN,2,NaN,NaN,,NaN,,NaN,,66,NaN,60,NaN,1,4,2,1,1,1,1,1,1,1,1,1,1,1,1,1,1,1,1,2,1,1,717782.38,4335129.564,-5.033,Cob,12529,0,1,0,17,1
5696,2,2006460007570,3,8,18,6,5,1,2,CV-41,15.8,15,8,1,1,5,3,2,3,3,2,1,2,1,2,1,1,6,8,1,4,1,9,14,1,1,1,NaN,2,4,NaN,,NaN,,NaN,,NaN,NaN,NaN,NaN,1,4,2,1,1,1,1,1,2,1,1,1,1,1,1,1,1,1,1,2,1,1,719310.415,4332471.623,-0.182,Cob,8833,0,0,1,22,6
5697,2,2006460007574,3,8,18,3,5,1,1,CV-50,5.5,5,5,0,1,5,2,2,3,3,2,1,1,1,1,1,7,7,8,1,1,1,9,14,3,1,3,NaN,1,NaN,NaN,,NaN,,NaN,,66,NaN,60,NaN,1,4,1,1,1,2,1,1,1,1,1,1,1,1,1,1,1,1,1,2,1,1,733778.822,4327755.867,12.581,Sec,16705,0,0,1,8,1
5705,2,2006460007597,3,8,13,1,7,3,2,CV-35,28.5,28,5,1,1,2,2,2,3,3,2,1,2,2,1,1,7,7,8,1,5,1,9,14,3,1,1,NaN,1,1,NaN,,NaN,,NaN,,NaN,NaN,NaN,NaN,1,4,1,1,1,1,1,1,2,1,1,1,1,1,1,1,1,1,1,2,1,1,663831.425,4407399.249,716.766,Per,11200,0,0,1,2,3
5707,2,2006460007625,3,8,21,6,1,1,1,CV-610,11.3,11,3,1,1,5,2,2,3,3,2,1,2,2,1,2,7,7,8,1,4,1,9,14,1,1,1,NaN,2,NaN,NaN,,NaN,,NaN,,NaN,NaN,NaN,71,1,4,1,1,2,1,1,1,1,1,1,1,1,1,1,1,1,1,1,2,1,1,725554.612,4314317.822,206.014,Cob,6672,0,0,2,22,5
5708,2,2006460007631,3,8,15,3,2,3,1,CV-235,22.8,22,8,0,1,5,3,2,3,1,2,1,1,1,1,1,7,7,8,1,1,1,2,14,2,1,3,NaN,2,NaN,NaN,,NaN,,12,9,NaN,NaN,NaN,NaN,1,4,1,1,1,1,1,2,1,1,1,1,1,1,1,1,1,1,1,2,1,1,697220.387,4412982.648,958.876,Cob,241,0,0,1,10,3
5709,2,2006460007638,3,8,17,3,4,1,1,CV-35,26.5,26,5,1,1,5,2,2,2,1,2,2,1,2,1,1,7,7,8,1,1,1,9,8,2,1,1,NaN,2,NaN,NaN,,NaN,,NaN,,58,NaN,50,NaN,1,4,2,1,1,1,1,1,1,1,1,2,1,1,1,1,1,1,1,2,2,2,663047.744,4408637.582,816.362,Per,11200,0,0,1,7,2
5710,2,2006460007655,3,8,22,5,2,1,1,CV-36,5.9,5,9,1,1,2,3,2,3,4,2,2,2,1,2,2,7,7,8,1,1,1,9,14,3,1,1,NaN,2,NaN,NaN,,NaN,,12,9,NaN,NaN,NaN,NaN,1,4,1,1,1,1,1,1,1,1,1,1,2,1,1,1,1,1,1,2,1,1,721909.656,4369387.14,5.464,Cob,34231,0,0,1,16,2
5715,2,2006460007656,3,8,18,6,5,1,3,CV-500,8.6,8,6,1,1,5,3,2,3,4,2,1,1,1,2,2,7,7,8,1,1,1,9,14,3,1,1,NaN,2,5,NaN,,NaN,,NaN,,NaN,NaN,NaN,NaN,2,4,2,1,1,1,1,1,1,1,1,1,1,1,1,1,1,1,1,2,1,1,735557.62,4349564.794,-17.174,Cob,16787,0,0,2,18,1
5718,2,2006460007678,3,8,20,1,7,3,1,CV-407,2.5,2,5,1,1,3,3,2,3,3,2,2,2,2,1,1,7,7,8,1,3,1,9,14,3,1,1,NaN,1,NaN,NaN,,NaN,,NaN,,57,NaN,50,NaN,1,4,1,1,1,2,1,1,1,1,1,1,1,1,1,1,1,1,1,2,1,1,722836.224,4368597.805,4.722,Cob,16223,0,0,1,2,1
5724,2,2006460007691,3,8,23,3,3,1,1,CV-35,55.5,55,5,1,1,5,3,2,3,3,1,2,2,2,2,1,7,7,8,1,1,1,9,14,1,1,1,NaN,1,NaN,NaN,,NaN,,NaN,,66,NaN,60,NaN,1,4,1,1,1,1,1,1,1,1,1,1,1,1,1,1,1,1,2,2,1,1,684791.052,4396737.209,361.782,Sec,2257,0,0,1,8,1
5725,2,2006460007693,3,8,23,5,3,1,1,CV-35,61.2,61,2,0,1,5,2,2,2,1,2,1,1,1,1,1,7,7,8,1,1,1,9,14,2,1,1,NaN,1,NaN,NaN,,NaN,,NaN,,56,NaN,50,NaN,1,4,2,1,1,1,1,1,1,1,1,1,1,1,1,1,1,1,1,2,1,1,675094.828,4398660.688,324.068,Sec,2257,0,0,1,16,2
5727,2,2006460007748,3,8,27,1,7,3,1,CV-40,0.4,0,4,1,1,5,2,2,3,3,2,1,2,2,1,1,7,7,8,1,4,1,9,14,1,1,3,NaN,2,NaN,NaN,,NaN,,NaN,,NaN,54,50,NaN,1,4,1,1,2,1,1,1,1,1,1,1,1,1,1,1,1,1,1,2,1,3,715955.466,4301116.329,354.138,Cob,23028,0,0,1,1,5
5730,2,2006460007765,3,8,24,3,4,1,3,CV-35,37.7,37,7,1,1,5,3,2,3,3,2,1,1,2,1,1,1,1,5,1,1,1,9,8,1,1,3,NaN,2,5,NaN,,NaN,,NaN,,NaN,NaN,NaN,NaN,1,4,2,1,1,1,1,1,1,1,1,1,1,1,1,1,1,1,1,2,1,1,671019.922,4402679.481,470.431,Per,11200,0,0,0,8,6
5732,2,2006460007770,3,8,26,6,6,2,2,CV-35,29,29,0,0,1,5,3,2,3,4,2,1,1,1,2,2,7,7,8,9,1,1,9,9,1,1,3,NaN,2,NaN,NaN,,NaN,,NaN,,NaN,NaN,NaN,71,1,4,1,1,1,1,1,1,1,2,1,2,1,1,1,1,1,1,1,2,1,1,703151.521,4391500.931,158.246,Per,11200,0,0,0,18,1
5733,2,2006460007773,3,8,28,1,1,4,1,CV-550,5.4,5,4,0,1,5,2,2,3,3,2,1,1,1,1,1,7,7,8,1,1,1,9,14,2,1,1,NaN,1,NaN,NaN,,NaN,,NaN,,66,NaN,60,NaN,1,4,1,1,1,1,1,2,1,1,1,1,1,1,1,1,1,1,1,2,1,1,719000.116,4335782.434,-10.083,Cob,12529,0,0,1,0,1
5734,2,2006460007777,3,8,24,6,4,1,1,CV-35,26.1,26,1,0,1,2,3,2,3,3,2,2,2,2,2,2,4,1,5,1,1,1,9,14,1,1,3,NaN,2,NaN,NaN,,NaN,,NaN,,66,NaN,60,NaN,1,4,1,1,1,1,1,1,1,1,1,1,2,2,1,1,1,1,1,2,1,1,705523.529,4390369.949,146.102,Per,11200,0,0,0,19,6
5735,2,2006460007779,3,8,25,2,5,1,1,CV-32,4.5,4,5,0,1,5,3,2,3,3,2,1,1,2,2,2,5,1,4,1,3,1,9,14,1,1,3,NaN,2,NaN,NaN,,NaN,,NaN,,67,NaN,60,NaN,1,4,1,1,1,1,1,2,1,1,1,1,1,1,1,1,1,1,1,2,2,1,728533.018,4383244.931,-4.127,Cob,11800,0,0,1,5,6
5741,2,2006460007781,3,8,28,3,1,1,1,CV-60,33.7,33,7,0,1,2,3,2,3,4,2,2,2,2,1,1,7,7,8,1,2,1,9,14,3,1,1,NaN,2,NaN,NaN,,NaN,,12,9,NaN,NaN,NaN,NaN,1,4,1,1,1,2,1,1,1,1,1,1,1,1,1,1,1,1,1,2,1,1,740260.906,4313924.971,47.214,Pri,16477,0,0,2,7,2
5745,2,2006460007785,3,8,27,6,7,3,2,CV-60,9.3,9,3,1,1,5,3,2,3,4,2,1,2,1,2,2,7,7,8,1,1,1,9,14,3,1,1,NaN,2,1,NaN,,NaN,,NaN,,NaN,NaN,NaN,NaN,1,4,1,1,1,1,1,1,2,1,1,1,1,1,1,1,1,1,1,2,1,1,736633.803,4311727.076,144.486,Cob,8646,0,6,0,17,2
5746,2,2006460007799,3,8,25,3,5,1,1,CV-36,3.7,3,7,0,1,2,3,2,3,3,2,2,2,2,2,2,7,7,5,1,1,1,9,14,1,1,1,NaN,1,NaN,NaN,,NaN,,NaN,,NaN,63,60,NaN,1,4,2,1,1,1,1,1,1,1,1,1,1,1,1,1,1,1,1,2,1,1,714519.169,4369237.988,52.307,Cob,34231,0,0,1,8,1
5750,2,2006460007804,3,8,26,6,6,2,2,CV-36,2.5,2,5,0,1,2,2,2,3,3,2,2,2,2,1,1,5,1,4,1,1,1,9,14,1,1,1,NaN,1,4,NaN,,NaN,,NaN,,NaN,NaN,NaN,NaN,1,4,2,1,1,1,1,1,1,1,1,1,1,1,1,1,1,1,1,2,1,1,715691.706,4369349.42,39.923,Pri,83400,0,0,2,19,6
5754,2,2006460007805,3,8,25,4,5,1,4,CV-35,5.8,5,8,0,1,2,3,2,3,4,2,2,2,2,2,2,7,7,8,1,1,1,9,14,3,1,1,NaN,1,5,NaN,,NaN,,NaN,,NaN,NaN,NaN,NaN,1,4,1,1,1,1,1,1,1,2,1,1,1,1,1,1,1,1,1,2,1,1,719737.805,4379009.553,68.108,Per,91900,0,0,2,14,1
5755,2,2006460007811,3,8,28,4,1,1,1,CV-33,6,6,0,1,1,2,3,2,3,4,2,2,2,2,2,2,7,7,8,1,1,1,9,14,3,1,1,NaN,2,NaN,NaN,,NaN,,NaN,,NaN,54,50,NaN,1,4,1,1,1,1,1,1,1,1,1,1,1,1,1,2,1,1,1,2,1,1,723095.875,4363550.669,-10.857,Sec,25041,0,0,1,13,2
5757,2,2006460007815,3,8,28,6,1,1,1,CV-35,38.2,38,2,0,1,5,2,2,3,3,2,1,1,1,1,1,7,7,8,1,1,1,9,14,3,1,3,NaN,2,NaN,NaN,,NaN,,NaN,,68,NaN,60,NaN,1,4,2,1,1,1,1,1,1,1,1,1,1,1,1,1,1,1,1,2,1,1,695991.531,4396850.682,299.87,Per,11200,0,0,0,18,1
5759,2,2006460007834,3,8,29,6,2,1,2,CV-403,0.9,0,9,0,1,5,2,2,3,3,2,1,1,2,1,1,5,1,5,1,2,1,9,14,3,1,3,NaN,2,2,NaN,,NaN,,NaN,,NaN,NaN,NaN,NaN,1,4,1,1,1,1,1,1,1,1,1,1,1,1,1,1,1,1,2,2,1,1,720431.354,4371728.024,16.268,Cob,17579,0,0,1,20,6
5761,2,2006460007878,3,8,28,4,1,1,2,CV-686,3,3,0,1,1,5,3,2,3,3,2,1,2,2,1,1,7,7,5,1,1,1,9,14,3,1,1,NaN,2,3,NaN,,NaN,,NaN,,NaN,NaN,NaN,NaN,1,4,1,1,1,1,1,1,2,1,1,1,1,1,1,1,1,1,1,2,1,1,741918.955,4313482.697,28.93,Cob,33010,0,0,1,11,1
5762,2,2006460007883,3,9,3,1,7,3,1,CV-50,48.5,48,5,0,1,5,2,3,3,1,2,1,1,2,1,1,7,7,8,1,5,1,9,14,1,1,1,NaN,2,NaN,NaN,,NaN,,NaN,,NaN,62,60,NaN,1,4,2,1,1,1,1,1,1,1,1,1,1,1,1,1,1,1,1,2,1,1,707254.702,4356403.926,105.046,Pri,2819,0,0,2,3,1
5764,2,2006460007884,3,9,3,6,7,3,1,CV-645,1.5,1,5,1,1,5,3,2,3,3,2,1,1,1,1,1,7,7,8,1,4,1,9,14,3,1,1,NaN,2,NaN,NaN,,21,21,NaN,,NaN,NaN,NaN,NaN,1,4,1,1,1,1,1,1,2,1,1,1,1,1,1,1,1,1,1,2,1,1,713650.438,4318823.566,81.254,Cob,12622,0,0,3,21,1