Id,Ano,Numero_Accidente,Provincia,Mes,Dia,Hora,Dia_Semana,Tipo_Dia,Vehiculos_Implicados,Carretera,Pk,Km,Hm,Sentido,Zona,Tipo_Via,Anchura_Calzada,Anchura_Carril,Marcas_Viales,Arcen,Arcen_Pavimentado,Mediana,Barrera_Seguridad,Paneles_Direccionales,Hitos_Arista,Captafaros,Interseccion_Tipo,Interseccion_Acondicionamiento,Prioridad_Regulada_por,Superficie,Luminosidad,Factores_Atmosfericos,Visibilidad_Restringida_por,Otras_Circunstancias,Senalizacion_Peligro,Aceras,Arboles,Arboles_Metros_Calzada,Visibilidad_Senalizacion_Vertical,Colision_Vehiculos_Marcha,Colision_Vehiculo_Obstaculo_1,Colision_Vehiculo_Obstaculo_2,Atropello_1,Atropello_2,Vuelco_1,Vuelco_2,Salida_Sin_Colision,Salida_Con_Colision,Lado_Salida,Otro,Circulacion,Circulacion_Medidas_Especiales,Distraccion,Inexperiencia_Conductor,Alcohol_Drogas,Cansancio_Sueno,Enfermedad,Velocidad_Inadecuada,Infraccion_Norma_Circulacion,Estado_Condicion_Via,Estado_Condicion_Senalizacion,Tramo_Obras,Mal_Estado_Vehiculo,Averia_Mecanica,Meteorologia_Adversa,Irrupcion_Animal,Circular_Sentido_Contrario,Otro_Factor,Sin_Opinion_Definida,Pendiente,Curvatura,Peralte,GPS_x,GPS_y,GPS_z,Tipo_Est,IMD,N_Muertos,N_Graves,N_Leves,Hora_Real,Fuera_o_Interseccion
5768,2,2006460007899,3,8,30,2,3,1,4,CV-500,16.6,16,6,0,1,5,3,2,3,3,2,1,1,2,1,1,7,7,5,1,3,1,9,14,3,1,1,NaN,1,4,NaN,,NaN,,NaN,,NaN,NaN,NaN,NaN,1,4,2,1,1,1,1,1,1,1,1,1,1,1,1,1,1,1,1,2,1,1,733850.203,4353557.696,-16.537,Sec,11592,0,0,1,6,1
5769,2,2006460007929,3,9,3,3,7,3,1,CV-500,20.1,20,1,1,1,5,3,2,3,3,2,1,2,2,2,2,5,1,4,1,1,1,9,14,1,1,1,NaN,1,NaN,NaN,,NaN,,NaN,,66,NaN,60,NaN,1,4,1,1,2,1,1,1,1,1,1,1,1,1,1,1,1,1,1,2,1,1,730615.535,4359670.722,-23.472,Cob,10998,0,1,0,10,6
5770,2,2006460007930,3,9,5,6,2,1,1,CV-31,1,1,0,1,1,7,2,1,4,4,2,1,2,1,2,2,7,7,8,1,1,1,9,14,2,1,3,NaN,2,NaN,NaN,,NaN,,NaN,,NaN,52,50,NaN,1,4,1,1,2,1,1,2,1,1,1,1,1,1,1,1,1,1,1,2,1,1,721196.073,4377779.224,30.983,Sec,50897,0,0,1,18,5
5772,2,2006460007932,3,9,7,1,4,1,1,CV-50,35,35,0,0,1,5,3,2,3,3,2,1,1,2,1,1,7,7,8,1,5,1,9,14,2,1,1,NaN,2,NaN,NaN,,NaN,,NaN,,NaN,52,50,NaN,1,4,2,1,1,1,1,1,1,1,1,1,1,1,1,1,1,1,1,2,1,1,713285.349,4345971.111,34.089,Cob,4417,1,0,0,2,1
5775,2,2006460007958,3,9,7,6,4,1,3,CV-60,8.9,8,9,0,1,5,3,2,3,3,2,1,2,1,2,2,7,7,8,1,4,1,9,14,3,1,1,NaN,2,4,NaN,,NaN,,NaN,,NaN,NaN,NaN,NaN,1,4,2,1,1,1,1,1,1,1,1,1,1,1,1,1,1,1,1,2,1,1,718640.737,4308062.046,163.196,Cob,8646,1,0,0,21,1
5777,2,2006460007979,3,9,9,1,6,2,1,CV-50,6.9,6,9,1,1,5,3,2,3,3,2,1,2,2,2,1,7,7,8,1,4,1,2,14,1,1,2,8,2,NaN,NaN,,NaN,,NaN,,66,NaN,60,NaN,1,4,2,1,2,1,1,2,1,1,1,1,1,1,1,1,1,1,1,2,1,1,704139.162,4382980.468,90.309,Cob,12744,1,2,0,1,5
5778,2,2006460007986,3,9,8,6,5,1,1,CV-40,0,0,0,0,1,5,3,2,3,5,2,2,2,2,2,2,1,1,8,1,1,1,9,14,1,1,3,NaN,2,NaN,NaN,,NaN,,NaN,,NaN,54,50,NaN,1,4,1,1,1,1,1,2,1,1,1,1,1,1,1,1,1,1,1,2,1,1,709681.881,4319315.029,146.18,Cob,23028,0,0,1,20,6
5780,2,2006460007990,3,9,9,4,6,2,1,CV-333,3.5,3,5,0,1,5,3,1,4,2,2,1,1,2,1,1,5,1,4,1,1,1,9,14,1,1,1,NaN,2,NaN,NaN,,NaN,,12,9,NaN,NaN,NaN,NaN,1,4,1,1,1,1,1,2,1,1,1,1,1,1,1,1,1,1,1,2,1,1,716425.418,4389062.53,101.379,Pri,4637,0,0,1,12,6
5784,2,2006460007993,3,9,10,4,7,3,2,CV-50,6,6,0,1,1,5,3,2,3,3,2,1,1,1,2,1,1,1,8,1,1,1,9,14,3,1,1,NaN,2,NaN,NaN,,NaN,,NaN,,NaN,NaN,NaN,71,1,4,2,1,1,1,1,1,1,1,1,1,1,1,1,1,1,1,1,2,1,1,704346.475,4383833.58,81.38,Sec,16705,0,0,4,13,6
5787,2,2006460008009,3,9,2,5,6,2,3,CV-35,11,11,0,0,1,2,3,2,3,3,2,2,2,2,2,2,7,7,5,1,1,1,6,2,2,1,3,NaN,2,5,NaN,,NaN,,NaN,,NaN,NaN,NaN,NaN,1,4,2,1,1,1,1,1,1,1,1,1,1,1,1,1,1,1,1,2,1,1,715524.068,4381914.297,86.876,Per,76008,0,0,0,15,1
5788,2,2006460008013,3,9,3,4,7,3,1,CV-35,7.5,7,5,0,1,2,3,2,3,3,2,2,2,2,2,2,7,7,5,1,1,1,9,14,3,1,3,NaN,2,NaN,NaN,,NaN,,NaN,,NaN,62,60,NaN,1,4,2,1,1,1,1,2,1,1,1,1,1,1,1,1,1,1,1,2,1,1,718640.495,4380249.255,83.048,Per,91900,0,1,0,11,1
5789,2,2006460008015,3,9,3,5,7,3,1,CV-500,12.9,12,9,1,1,5,3,2,3,3,2,1,1,2,1,1,7,7,5,1,1,1,9,14,3,1,3,NaN,2,NaN,NaN,,NaN,,NaN,,NaN,64,60,NaN,1,4,2,1,1,1,1,1,1,1,1,1,1,1,1,1,1,1,1,2,1,1,733908.713,4353449.163,-18.956,Sec,11592,0,0,0,15,1
5795,2,2006460008027,3,9,10,6,7,3,1,CV-25,8.6,8,6,1,1,5,2,3,3,3,2,1,1,2,2,1,7,7,5,1,1,1,9,14,3,1,3,NaN,2,NaN,NaN,,NaN,,NaN,,NaN,64,60,NaN,1,4,2,1,2,1,1,1,1,1,1,1,1,1,1,1,1,1,1,2,2,2,712334.875,4409496.243,483.012,Cob,1497,0,0,2,19,1
5800,2,2006460008031,3,9,11,6,1,1,3,CV-645,3.4,3,4,0,1,5,2,2,3,3,2,1,1,1,1,1,5,6,8,3,2,4,9,14,1,1,3,NaN,2,1,NaN,,NaN,,NaN,,NaN,NaN,NaN,NaN,1,4,1,1,1,1,1,2,1,1,1,1,1,1,1,1,1,1,1,2,1,1,713138.555,4318070.669,102.159,Cob,12622,1,1,3,20,6
5801,2,2006460008032,3,9,11,5,1,1,1,CV-50,28.5,28,5,0,1,5,3,2,3,3,2,1,1,1,1,1,5,6,8,1,1,1,9,14,1,1,3,NaN,2,NaN,NaN,,NaN,,NaN,,NaN,64,60,NaN,1,4,2,1,2,1,1,1,1,1,1,1,1,1,1,1,1,1,1,2,1,1,716640.566,4340877.496,1.047,Cob,15692,0,0,0,16,6
5805,2,2006460008037,3,9,11,3,1,1,4,CV-686,2,2,0,0,1,5,3,2,3,3,2,1,1,1,1,1,7,7,8,1,1,1,9,14,2,1,1,NaN,1,4,NaN,,NaN,,NaN,,NaN,NaN,NaN,NaN,2,4,2,1,1,1,1,1,1,1,1,1,1,1,1,1,1,1,1,2,1,1,742853.868,4314638.887,19.998,Cob,33010,0,0,0,8,1
5810,2,2006460008047,3,9,11,6,1,1,2,CV-60,27,27,0,1,1,5,3,2,4,3,2,1,1,1,1,1,7,7,8,3,2,4,4,8,1,1,1,NaN,2,NaN,30,32,NaN,,NaN,,NaN,NaN,NaN,NaN,1,4,1,1,1,1,1,1,1,1,1,1,1,1,1,1,1,2,1,2,1,1,721219.441,4307729.237,182.859,Cob,14874,0,0,0,20,1
5811,2,2006460008074,3,9,13,1,3,1,1,CV-31,3.1,3,1,1,1,2,3,2,3,4,2,2,2,1,2,2,7,7,8,3,3,1,9,14,3,1,3,NaN,2,NaN,NaN,,NaN,,NaN,,NaN,54,50,NaN,1,4,1,1,1,1,1,2,1,1,1,1,1,1,1,1,1,1,1,2,1,1,720985.006,4375953.37,19.982,Cob,30893,0,0,0,2,2
5819,2,2006460008115,3,9,5,6,2,1,3,CV-35,8,8,0,0,1,5,3,2,3,3,2,2,2,1,2,1,7,7,8,1,3,1,9,14,3,1,1,NaN,1,5,NaN,,NaN,,NaN,,NaN,NaN,NaN,NaN,1,4,2,1,1,1,1,1,1,1,1,1,1,1,1,1,1,1,1,2,1,1,718236.963,4380535.666,87.354,Per,91900,0,0,1,20,1
5822,2,2006460008199,3,9,12,6,2,1,2,CV-550,0.5,0,5,0,1,5,2,2,3,3,2,1,1,1,1,1,7,7,8,1,1,1,9,14,3,1,1,NaN,2,2,NaN,,NaN,,NaN,,NaN,NaN,NaN,NaN,1,4,2,1,1,1,1,1,2,1,1,1,1,1,1,1,1,1,1,2,1,1,714584.173,4334505.456,6.011,Sec,7019,0,0,1,18,1
5828,2,2006460008207,3,9,15,3,5,1,2,CV-50,75,75,0,1,1,5,3,2,3,3,2,1,1,1,1,1,2,2,3,1,1,1,9,14,1,1,1,NaN,2,2,NaN,,NaN,,NaN,,NaN,NaN,NaN,NaN,1,4,1,1,1,1,1,1,2,1,1,1,1,1,1,1,1,1,1,2,1,1,723682.034,4334673.244,7.337,Cob,4852,0,1,1,7,7
5832,2,2006460008234,3,9,8,2,5,1,4,CV-50,87.5,87,5,0,1,5,3,2,3,3,2,1,1,1,1,1,7,7,8,1,5,1,9,14,3,1,3,NaN,1,5,NaN,,NaN,,NaN,,NaN,NaN,NaN,NaN,2,4,2,1,1,1,1,1,1,1,1,1,1,1,1,1,1,1,1,2,1,1,704357.11,4383893.308,82.621,Cob,8799,0,0,1,6,1
5834,2,2006460008245,3,9,8,4,5,1,2,CV-35,3.8,3,8,1,1,2,3,2,3,4,2,2,2,1,2,2,7,7,8,1,1,1,9,14,3,1,3,NaN,2,NaN,NaN,,NaN,,12,9,NaN,NaN,NaN,NaN,3,4,1,1,1,1,1,1,2,1,1,1,1,1,1,1,1,1,1,2,2,1,654684.717,4423088.273,919.616,Per,129800,0,0,1,14,1
5835,2,2006460008246,3,9,9,6,6,2,1,CV-400,5,5,0,1,1,5,3,2,3,3,2,2,2,2,2,2,7,7,8,1,1,1,9,14,3,1,1,NaN,1,NaN,NaN,,NaN,,NaN,,66,NaN,60,NaN,1,4,1,1,1,1,1,1,1,1,1,1,1,1,1,1,1,1,2,2,1,1,723915.634,4368347.232,-1.16,Cob,22051,0,0,1,19,1
5839,2,2006460008251,3,9,18,4,1,1,2,CV-50,71.9,71,9,0,1,5,3,2,3,4,2,1,1,1,1,1,2,6,3,1,1,1,9,14,1,1,3,NaN,2,2,NaN,,NaN,,NaN,,NaN,NaN,NaN,NaN,1,3,1,1,1,1,1,1,2,1,1,1,1,1,1,1,1,1,1,2,1,1,698387.175,4371023.223,222.989,Sec,5550,0,1,0,12,6
5840,2,2006460008266,3,9,12,6,2,1,1,CV-35,5.5,5,5,1,1,2,3,2,3,5,2,2,2,2,2,1,4,1,8,3,3,4,9,14,2,1,3,NaN,2,NaN,NaN,,NaN,,NaN,,NaN,64,60,NaN,1,4,2,1,1,1,1,2,2,1,1,1,1,1,2,1,1,1,1,2,1,1,656155.285,4423077.166,942.697,Per,129800,0,0,0,20,6
5844,2,2006460008271,3,9,11,6,1,1,2,CV-35,5.8,5,8,0,1,2,2,2,3,4,2,2,1,1,2,2,3,1,4,3,4,4,9,14,2,1,1,NaN,2,4,NaN,,NaN,,NaN,,NaN,NaN,NaN,NaN,1,4,1,1,1,1,1,1,2,1,1,1,1,1,1,1,1,1,1,2,1,1,719737.805,4379009.553,68.108,Per,91900,0,0,3,21,7
5848,2,2006460008282,3,9,21,4,4,1,2,CV-403,0.1,0,1,1,1,5,3,2,3,3,2,1,1,1,1,1,3,1,8,1,1,1,9,14,3,1,3,NaN,2,NaN,30,29,NaN,,NaN,,NaN,NaN,NaN,NaN,1,4,2,1,1,1,1,1,2,1,1,1,1,1,1,1,1,1,1,2,2,1,719164.73,4369207.985,23.651,Cob,17579,1,0,0,11,6
5849,2,2006460008285,3,9,21,6,4,1,1,CV-50,4.5,4,5,0,1,5,3,2,3,4,2,1,1,1,2,2,7,7,8,1,2,1,9,14,3,1,3,NaN,1,NaN,NaN,,NaN,,NaN,,NaN,62,60,NaN,1,4,2,1,1,1,1,1,1,1,1,1,1,1,1,1,1,1,1,2,1,1,734762.733,4327665.704,4.381,Sec,16705,0,0,0,20,1
5855,2,2006460008295,3,9,22,4,5,1,2,CV-500,9,9,0,0,1,5,2,2,3,4,2,1,1,1,2,2,1,1,3,1,1,1,9,14,1,1,3,NaN,2,2,NaN,,NaN,,NaN,,NaN,NaN,NaN,NaN,1,4,1,1,1,1,1,1,2,1,1,1,1,1,1,1,1,1,1,2,1,1,730146.66,4361418.837,-17.576,Cob,16787,0,0,3,13,6
5859,2,2006460008296,3,9,13,3,3,1,2,CV-410,4,4,0,0,1,5,3,2,3,2,2,1,1,1,1,1,5,1,4,1,1,1,9,14,1,1,3,NaN,2,4,NaN,,NaN,,NaN,,NaN,NaN,NaN,NaN,1,4,2,1,1,1,1,1,1,1,1,1,1,1,1,1,1,1,1,2,2,1,717357.644,4372352.465,36.388,Pri,30864,0,0,1,10,6
5860,2,2006460008299,3,9,19,5,2,1,1,CV-35,13,13,0,1,1,2,3,2,3,4,2,2,2,1,2,1,3,1,4,1,1,8,9,8,1,1,3,NaN,2,NaN,30,32,NaN,,NaN,,NaN,NaN,NaN,NaN,1,4,1,1,1,1,1,1,1,1,2,1,1,1,2,1,1,2,1,2,1,1,661906.072,4419925.584,876.743,Per,76008,0,0,0,16,6
5861,2,2006460008300,3,9,19,4,2,1,1,CV-36,0.5,0,5,0,1,2,3,2,3,4,2,2,2,1,2,1,7,7,8,1,1,1,9,14,3,1,3,NaN,1,NaN,NaN,,NaN,,NaN,,NaN,64,60,NaN,1,4,2,1,1,1,1,1,1,1,1,1,1,1,1,1,1,1,1,2,1,2,717637.83,4369557.553,41.95,Pri,83400,0,0,0,14,1
5863,2,2006460008312,3,9,22,4,5,1,2,CV-686,0.2,0,2,1,1,5,3,2,3,3,2,1,1,1,1,1,7,7,8,1,1,1,9,14,1,2,1,NaN,2,4,NaN,,NaN,,NaN,,NaN,NaN,NaN,NaN,2,4,2,1,1,1,1,1,1,1,1,1,1,1,1,1,1,1,1,2,1,1,743472.671,4315736.464,10.17,Cob,33010,0,0,0,13,1
5864,2,2006460008317,3,9,24,1,7,3,1,CV-550,4.8,4,8,1,1,5,3,2,3,3,2,1,1,1,1,1,7,7,8,3,5,1,9,14,3,1,1,NaN,1,NaN,NaN,,NaN,,NaN,,58,NaN,50,NaN,1,4,1,1,1,2,1,1,1,1,1,1,1,1,1,1,1,1,1,2,1,1,716913.199,4334664.982,-7.501,Cob,12529,0,0,1,0,1
5866,2,2006460008332,3,9,16,3,6,2,2,CV-407,0,0,0,0,1,2,3,2,3,3,2,2,1,1,2,2,5,6,4,1,3,1,9,14,1,1,1,NaN,2,2,NaN,,NaN,,NaN,,NaN,NaN,NaN,NaN,1,4,2,1,1,1,1,1,1,1,1,1,1,1,1,1,1,1,1,2,3,2,721308.779,4368887.036,9.198,Cob,27694,0,0,1,7,6
5868,2,2006460008339,3,9,13,6,3,1,2,CV-500,10.1,10,1,0,1,5,2,3,3,3,2,1,1,1,2,1,7,7,8,1,1,1,9,14,3,1,2,3,2,NaN,NaN,,NaN,,NaN,,NaN,NaN,NaN,71,1,4,2,1,1,1,1,1,1,1,1,1,1,1,1,1,1,1,1,2,1,1,730446.204,4360234.032,-15.328,Cob,16787,0,0,0,18,1
5869,2,2006460008341,3,9,24,1,7,3,1,CV-515,8.5,8,5,0,1,5,2,2,3,3,2,1,1,2,2,1,7,7,8,3,5,4,9,8,1,1,1,NaN,2,NaN,NaN,,NaN,,NaN,,NaN,63,60,NaN,1,4,2,1,1,1,1,2,1,1,1,1,1,1,1,1,1,1,1,2,1,1,730243.075,4343671.363,-5.772,Cob,9095,0,0,0,4,5
5873,2,2006460008342,3,9,24,1,7,3,2,CV-40,23.1,23,1,0,1,2,3,2,3,4,2,2,2,1,2,2,7,7,5,3,5,9,9,14,3,1,1,NaN,1,4,NaN,,NaN,,NaN,,NaN,NaN,NaN,NaN,1,4,2,1,1,1,1,1,1,1,1,1,1,1,1,1,1,1,1,2,1,1,713873.623,4300969.554,313.845,Cob,18451,0,2,2,3,1
5877,2,2006460008348,3,9,25,2,1,4,2,CV-60,32.7,32,7,0,1,5,3,2,3,4,2,2,2,1,2,2,7,7,8,1,5,1,9,14,3,1,1,NaN,1,4,NaN,,NaN,,NaN,,NaN,NaN,NaN,NaN,1,4,1,1,1,1,1,1,1,1,1,1,1,1,1,1,1,2,1,2,1,2,739387.103,4313801.796,54.345,Pri,16477,0,0,2,5,1
5881,2,2006460008350,3,9,21,4,4,1,2,CV-35,29.3,29,3,0,1,2,2,2,3,4,2,1,1,1,2,2,7,7,8,1,1,1,9,8,1,1,1,NaN,1,4,NaN,,NaN,,NaN,,NaN,NaN,NaN,NaN,1,4,2,1,1,1,1,2,2,1,1,1,1,1,1,1,1,1,1,2,1,1,702909.961,4391662.465,162.934,Per,11200,0,1,1,12,1
5884,2,2006460008354,3,9,25,3,1,1,3,CV-686,2.8,2,8,1,1,5,2,2,3,3,2,1,1,1,1,1,7,7,8,1,2,1,9,14,1,1,1,NaN,1,5,NaN,,NaN,,NaN,,NaN,NaN,NaN,NaN,2,4,2,1,1,1,1,1,1,1,1,1,1,1,1,1,1,1,1,2,1,1,742090.881,4313584.368,25.366,Cob,33010,0,0,1,10,1
5889,2,2006460008361,3,9,26,6,2,1,1,CV-81,10.4,10,4,1,1,5,3,2,3,1,2,1,2,1,2,1,7,7,8,1,1,1,9,14,1,1,3,NaN,2,NaN,NaN,,NaN,,NaN,,NaN,52,50,NaN,1,4,1,1,1,1,1,2,1,1,1,1,1,1,1,1,1,1,1,2,1,1,682853.622,4278398.271,487.684,Cob,3706,0,0,0,17,5
5894,2,2006460008372,3,9,20,3,3,1,3,CV-35,6,6,0,1,1,2,3,2,3,4,2,2,2,2,2,2,7,7,5,1,1,1,9,14,3,1,3,NaN,2,5,NaN,,NaN,,NaN,,NaN,NaN,NaN,NaN,2,4,2,1,1,1,1,1,1,1,1,1,1,1,1,1,1,1,1,2,1,1,656613.793,4422984.476,951.347,Per,91900,0,0,0,9,1
5895,2,2006460008379,3,9,22,6,5,1,1,CV-35,3.9,3,9,0,1,2,3,2,3,3,2,2,2,2,2,2,7,7,5,1,1,1,9,14,2,1,1,NaN,1,NaN,NaN,,NaN,,NaN,,NaN,53,50,NaN,1,4,1,1,1,1,1,2,2,2,1,1,1,1,1,1,1,1,1,2,1,1,720842.306,4377484.452,51.474,Per,129800,0,0,2,17,2
5896,2,2006460008381,3,9,27,2,3,1,1,CV-41,13.1,13,1,1,1,5,3,2,3,3,2,1,2,1,2,2,7,7,8,1,4,1,9,14,3,1,1,NaN,1,NaN,NaN,,21,24,NaN,,NaN,NaN,NaN,NaN,1,4,1,1,1,1,1,1,1,1,1,1,1,1,1,2,1,1,1,2,1,1,718087.027,4330300.307,5.265,Cob,8833,0,0,1,5,1
5898,2,2006460008388,3,9,22,4,5,1,2,CV-35,10.8,10,8,0,1,2,3,2,3,3,2,2,2,1,1,1,7,7,8,1,1,1,9,8,1,1,3,NaN,2,4,NaN,,NaN,,NaN,,NaN,NaN,NaN,NaN,2,4,2,1,1,1,1,1,2,1,1,1,1,1,1,1,1,1,1,2,1,1,715755.163,4381731.87,85.06,Per,76008,0,0,1,13,1
5900,2,2006460008396,3,9,23,5,6,1,1,CV-35,5.3,5,3,1,1,2,3,2,3,5,2,2,2,1,2,2,7,7,8,3,1,5,9,14,3,1,3,NaN,2,NaN,NaN,,NaN,,NaN,,NaN,64,60,NaN,1,4,1,1,1,1,1,2,1,1,1,1,1,1,2,1,1,1,1,2,1,1,655959.825,4423053.42,939.148,Per,129800,0,0,0,15,2
5901,2,2006460008401,3,9,24,4,7,3,1,CV-410,4,4,0,0,1,5,3,2,3,4,2,2,2,2,2,2,5,1,8,1,1,1,9,14,1,1,3,NaN,2,NaN,NaN,,NaN,,NaN,,66,NaN,60,NaN,1,4,1,1,1,1,1,2,2,1,1,1,1,1,1,1,1,1,1,2,2,1,717332.473,4372266.354,36.033,Pri,30864,0,0,1,14,6
5905,2,2006460008406,3,9,25,4,1,4,2,CV-369,2,2,0,1,1,5,3,3,3,3,2,1,1,1,1,1,5,1,5,1,1,1,9,14,3,1,3,NaN,2,3,NaN,,NaN,,NaN,,NaN,NaN,NaN,NaN,1,4,2,1,1,1,2,1,1,1,1,1,1,1,1,1,1,1,1,2,1,1,709309.6,4387792.073,115.968,NaN,0,0,0,1,12,6
5906,2,2006460008407,3,9,25,4,1,4,1,CV-33,5.5,5,5,0,1,2,3,2,3,5,2,2,2,2,2,2,7,7,8,1,1,1,9,14,1,1,3,NaN,2,NaN,NaN,,NaN,,NaN,,NaN,64,60,NaN,1,4,2,1,1,1,1,1,1,1,1,1,1,1,1,1,1,1,1,2,1,1,720385.118,4366476.28,12.048,Sec,25041,0,0,0,13,5
5908,2,2006460008409,3,9,28,3,4,1,2,CV-81,15.6,15,6,0,1,5,2,2,3,3,2,1,1,1,1,1,2,5,3,1,1,1,9,14,2,1,1,NaN,2,2,NaN,,NaN,,NaN,,NaN,NaN,NaN,NaN,1,4,1,1,1,1,1,1,2,1,1,1,1,1,1,1,1,1,1,2,1,1,706811.074,4292671.119,616.136,Pri,5155,0,0,1,9,6
5912,2,2006460008411,3,9,29,4,5,1,2,CV-35,4.2,4,2,1,1,2,3,2,3,3,2,2,2,1,2,1,7,7,8,1,1,1,9,14,3,1,1,NaN,2,4,NaN,,NaN,,NaN,,NaN,NaN,NaN,NaN,1,4,2,1,2,1,1,1,2,1,1,1,1,1,1,1,1,1,1,2,1,1,654959.5,4422955.086,941.17,Per,129800,0,0,1,14,1
5917,2,2006460008417,3,9,29,1,5,1,2,CV-400,2.1,2,1,0,1,5,3,2,3,2,2,2,1,1,1,1,7,7,8,1,3,1,9,14,1,1,3,NaN,2,4,NaN,,NaN,,NaN,,NaN,NaN,NaN,NaN,1,4,1,1,2,1,1,1,2,1,1,1,1,1,1,1,1,1,1,2,1,2,723583.457,4367706.338,-0.88,Cob,26543,0,0,2,23,1
5918,2,2006460008430,3,9,27,5,3,1,1,CV-36,3.8,3,8,1,1,2,2,2,3,3,2,2,2,2,2,2,7,7,8,1,1,1,9,14,3,1,1,NaN,1,NaN,NaN,,NaN,,NaN,,56,NaN,50,NaN,1,4,2,1,1,1,1,1,1,1,1,1,1,1,1,1,1,1,1,2,1,1,720130.517,4368999.513,13.527,Cob,34231,0,0,1,16,3
5924,2,2006460008446,3,9,29,4,5,1,2,CV-403,0.5,0,5,1,1,5,3,2,3,3,2,1,2,1,2,2,6,6,8,1,1,1,9,14,1,1,1,NaN,2,2,NaN,,NaN,,NaN,,NaN,NaN,NaN,NaN,1,4,2,1,1,1,1,1,1,1,1,1,1,1,1,1,1,1,1,2,1,1,719127.198,4369596.932,24.299,Cob,17579,0,0,1,14,7
5925,2,2006460008447,3,10,1,1,7,3,1,CV-36,2.8,2,8,0,1,2,3,2,3,4,2,2,2,1,2,2,7,7,8,1,4,1,9,14,3,1,3,NaN,2,NaN,NaN,,NaN,,NaN,,NaN,52,50,NaN,1,4,2,1,1,1,1,1,1,1,1,1,1,1,1,1,1,1,1,2,1,2,715397.048,4369384.869,43.933,Pri,83400,0,0,0,4,1
5926,2,2006460008450,3,10,1,1,7,3,1,CV-36,3,3,0,0,1,2,2,2,3,3,2,2,2,2,2,2,7,7,8,1,3,1,9,14,3,1,1,NaN,1,NaN,NaN,,NaN,,NaN,,NaN,63,60,NaN,1,4,1,1,1,1,1,2,1,1,1,1,1,1,1,1,1,1,1,2,1,2,715198.934,4369376.425,46.492,Pri,83400,0,0,0,4,1
5928,2,2006460008451,3,9,30,4,6,2,2,CV-245,10,10,0,0,1,5,2,2,3,2,2,1,2,2,1,1,7,7,8,1,1,1,9,14,1,1,1,NaN,1,4,NaN,,NaN,,NaN,,NaN,NaN,NaN,NaN,1,4,2,1,1,1,1,1,1,1,1,1,1,1,1,1,1,1,1,2,1,1,696913.493,4403339.652,621.162,Cob,740,0,0,1,12,4
5934,2,2006460008463,3,10,2,6,1,1,3,CV-610,13.8,13,8,1,1,5,2,2,3,3,1,1,1,1,1,1,1,1,8,1,1,1,9,14,3,1,3,NaN,2,5,NaN,,NaN,,NaN,,NaN,NaN,NaN,NaN,1,4,2,1,1,1,1,1,1,1,1,1,1,1,1,1,1,1,1,2,1,1,723530.497,4315494.925,182.772,Cob,4292,0,0,0,18,7
5936,2,2006460008464,3,10,2,3,1,4,2,CV-60,25.3,25,3,1,1,5,2,3,3,3,2,1,1,1,2,2,7,7,8,1,2,3,9,14,3,1,3,NaN,2,4,NaN,,NaN,,NaN,,NaN,NaN,NaN,NaN,2,4,2,1,1,1,1,1,2,1,1,1,1,1,1,1,1,1,1,2,1,1,722800.444,4307568.53,182.148,Cob,14874,0,0,0,8,1
5938,2,2006460008468,3,10,2,5,1,1,2,CV-369,0.3,0,3,0,1,5,2,2,3,3,2,1,2,1,1,1,7,7,5,1,1,1,9,13,1,2,3,NaN,2,4,NaN,,NaN,,NaN,,NaN,NaN,NaN,NaN,1,4,2,1,2,1,1,1,1,1,1,1,1,1,1,1,1,1,1,2,1,1,709520.107,4388279.309,125.315,NaN,0,0,0,0,15,1
5939,2,2006460008469,3,9,26,6,2,1,1,CV-40,22.1,22,1,1,1,2,3,2,3,3,2,2,2,1,2,2,7,7,8,1,1,1,9,14,3,1,1,NaN,2,NaN,NaN,,21,24,NaN,,NaN,NaN,NaN,NaN,1,4,1,1,1,1,1,1,1,1,1,1,1,1,1,2,1,1,1,2,1,1,710979.249,4316966.484,106.56,Cob,18451,0,0,1,19,2
5940,2,2006460008470,3,9,26,6,2,1,1,CV-40,22.1,22,1,1,1,2,3,2,3,3,2,2,2,1,2,2,7,7,8,1,1,1,9,14,3,1,3,NaN,2,NaN,NaN,,21,24,NaN,,NaN,NaN,NaN,NaN,1,4,1,1,1,1,1,1,1,1,1,1,1,1,1,2,1,1,1,2,1,1,710979.249,4316966.484,106.56,Cob,18451,0,0,0,19,2
5942,2,2006460008476,3,10,4,3,3,1,2,CV-60,34,34,0,0,1,5,3,2,3,3,2,1,2,2,2,2,5,1,4,1,5,1,9,14,3,1,3,NaN,1,2,NaN,,NaN,,NaN,,NaN,NaN,NaN,NaN,1,4,2,1,1,1,1,1,1,1,1,1,1,1,1,1,1,1,1,2,1,2,740560.423,4313934.767,43.657,Pri,16477,0,0,1,7,6
5945,2,2006460008481,3,10,2,3,1,1,2,CV-35,9.8,9,8,0,1,2,3,2,3,4,2,2,2,2,2,2,7,7,8,1,1,1,9,8,1,1,3,NaN,2,4,NaN,,NaN,,NaN,,NaN,NaN,NaN,NaN,3,4,2,1,1,1,1,1,1,1,1,1,1,1,1,1,1,1,1,2,1,1,716623.496,4381272.934,87.746,Per,76008,0,0,1,9,1
5949,2,2006460008489,3,10,3,5,2,1,2,CV-31,0.5,0,5,1,1,5,2,2,3,3,2,1,2,2,2,2,1,1,8,1,1,1,9,14,3,1,1,NaN,2,3,NaN,,NaN,,NaN,,NaN,NaN,NaN,NaN,1,4,1,1,1,1,1,1,2,1,1,1,1,1,1,1,1,1,1,2,1,2,721254.597,4378257.454,48.227,Cob,58530,0,0,1,16,6