Id,Ano,Numero_Accidente,Provincia,Mes,Dia,Hora,Dia_Semana,Tipo_Dia,Vehiculos_Implicados,Carretera,Pk,Km,Hm,Sentido,Zona,Tipo_Via,Anchura_Calzada,Anchura_Carril,Marcas_Viales,Arcen,Arcen_Pavimentado,Mediana,Barrera_Seguridad,Paneles_Direccionales,Hitos_Arista,Captafaros,Interseccion_Tipo,Interseccion_Acondicionamiento,Prioridad_Regulada_por,Superficie,Luminosidad,Factores_Atmosfericos,Visibilidad_Restringida_por,Otras_Circunstancias,Senalizacion_Peligro,Aceras,Arboles,Arboles_Metros_Calzada,Visibilidad_Senalizacion_Vertical,Colision_Vehiculos_Marcha,Colision_Vehiculo_Obstaculo_1,Colision_Vehiculo_Obstaculo_2,Atropello_1,Atropello_2,Vuelco_1,Vuelco_2,Salida_Sin_Colision,Salida_Con_Colision,Lado_Salida,Otro,Circulacion,Circulacion_Medidas_Especiales,Distraccion,Inexperiencia_Conductor,Alcohol_Drogas,Cansancio_Sueno,Enfermedad,Velocidad_Inadecuada,Infraccion_Norma_Circulacion,Estado_Condicion_Via,Estado_Condicion_Senalizacion,Tramo_Obras,Mal_Estado_Vehiculo,Averia_Mecanica,Meteorologia_Adversa,Irrupcion_Animal,Circular_Sentido_Contrario,Otro_Factor,Sin_Opinion_Definida,Pendiente,Curvatura,Peralte,GPS_x,GPS_y,GPS_z,Tipo_Est,IMD,N_Muertos,N_Graves,N_Leves,Hora_Real,Fuera_o_Interseccion
5953,2,2006460008499,3,10,6,3,5,1,2,CV-715,2.7,2,7,1,1,5,3,2,3,3,2,1,1,1,1,1,7,7,8,1,1,1,9,14,3,1,1,NaN,1,2,NaN,,NaN,,NaN,,NaN,NaN,NaN,NaN,1,4,1,1,1,1,1,1,2,1,1,1,1,1,1,1,1,1,1,2,1,1,751631.161,4306187.214,-18.328,Cob,5836,0,1,1,9,1
5955,2,2006460008502,3,10,6,4,5,1,2,CV-50,28.5,28,5,0,1,2,3,2,3,3,2,1,2,1,2,2,5,6,8,1,1,1,9,14,1,1,1,NaN,2,4,NaN,,NaN,,NaN,,NaN,NaN,NaN,NaN,1,4,1,1,1,1,1,1,1,1,1,1,1,1,1,1,1,1,2,2,1,1,716640.566,4340877.496,1.047,Cob,15692,0,0,1,14,6
5956,2,2006460008506,3,10,7,4,6,2,1,CV-410,4.9,4,9,0,1,2,3,1,3,3,2,2,2,1,2,2,5,1,8,9,1,1,9,14,1,1,1,NaN,2,NaN,NaN,,NaN,,12,9,NaN,NaN,NaN,NaN,2,4,1,1,1,1,1,1,1,2,1,1,1,1,1,1,1,1,1,2,2,1,716668.986,4372685.935,40.386,Pri,30864,0,0,1,11,6
5960,2,2006460008508,3,10,7,6,6,2,2,CV-35,9,9,0,0,1,7,1,1,4,3,2,2,2,1,1,1,3,1,4,1,1,1,9,8,1,1,3,NaN,2,4,NaN,,NaN,,NaN,,NaN,NaN,NaN,NaN,1,4,2,1,1,1,1,1,1,1,1,1,1,1,1,1,1,1,1,2,1,1,717369.299,4381014.853,95.977,Per,76008,0,0,0,17,6
5962,2,2006460008511,3,10,8,4,7,3,2,CV-500,12,12,0,1,1,5,3,2,3,3,2,1,1,1,1,1,7,7,8,1,1,1,9,14,2,1,1,NaN,1,4,NaN,,NaN,,NaN,,NaN,NaN,NaN,NaN,1,4,1,1,1,1,1,1,2,1,1,1,1,1,1,1,1,1,1,2,1,1,734300.408,4352641.819,-18.077,Sec,11592,0,0,1,14,1
5963,2,2006460008517,3,10,8,4,7,3,1,CV-660,16,16,0,0,1,5,1,3,3,1,2,1,1,1,1,1,7,7,8,1,1,1,9,14,2,1,3,NaN,1,NaN,NaN,,NaN,,NaN,,67,NaN,60,NaN,1,4,2,1,1,1,1,1,1,1,1,1,1,1,1,1,1,1,1,2,1,1,697087.222,4298414.772,573.997,Cob,1150,0,0,1,12,3
5967,2,2006460008545,3,10,7,5,6,2,2,CV-36,2,2,0,1,1,7,3,2,3,3,2,2,2,1,2,2,1,1,8,1,1,1,9,14,3,1,3,NaN,1,3,NaN,,NaN,,NaN,,NaN,NaN,NaN,NaN,1,4,2,1,2,1,1,1,1,1,1,1,1,1,1,1,1,1,1,2,1,1,718416.733,4369313.526,15.587,Pri,83400,0,0,1,16,6
5970,2,2006460008549,3,10,13,2,5,4,2,CV-715,1.5,1,5,1,1,5,3,2,3,3,1,1,1,1,1,1,1,1,8,1,2,1,9,14,2,1,1,NaN,1,2,NaN,,NaN,,NaN,,NaN,NaN,NaN,NaN,1,4,1,1,1,1,1,1,2,1,1,1,1,2,1,1,1,1,1,2,1,1,751133.992,4305123.586,-12.479,Cob,5836,0,0,0,6,6
5974,2,2006460008564,3,10,6,6,5,1,2,CV-42,18,18,0,0,1,2,3,2,3,3,2,1,1,1,2,2,7,7,8,1,1,1,9,14,1,1,3,NaN,2,4,NaN,,NaN,,NaN,,NaN,NaN,NaN,NaN,1,4,1,1,1,1,1,1,2,1,1,1,1,1,1,1,1,1,1,2,1,1,723388.374,4353473.235,-6.841,Cob,13538,0,0,0,17,2
5977,2,2006460008565,3,10,10,1,2,4,1,CV-567,0.8,0,8,0,1,5,2,3,2,1,2,1,1,1,1,1,7,7,8,1,4,1,9,14,2,1,1,NaN,1,NaN,NaN,,NaN,,NaN,,66,NaN,60,NaN,1,4,1,1,2,1,1,2,1,1,1,1,1,1,1,1,1,1,1,2,1,1,710553.097,4318082.724,104.806,Cob,1414,0,0,4,3,2
5981,2,2006460008567,3,10,6,6,5,1,3,CV-35,4.5,4,5,1,1,2,3,2,3,4,2,2,2,2,2,2,7,7,8,1,1,1,8,14,2,1,3,NaN,2,4,NaN,,NaN,,NaN,,NaN,NaN,NaN,NaN,2,4,2,1,1,1,1,2,1,2,1,1,1,1,1,1,1,1,1,2,1,1,655246.047,4422938.623,943.174,Per,129800,0,0,1,18,2
5983,2,2006460008570,3,10,12,3,4,3,1,CV-500,12.1,12,1,1,1,5,2,2,3,3,2,1,1,1,2,1,7,7,8,1,1,1,9,14,3,1,2,2,1,NaN,NaN,,NaN,,NaN,,NaN,51,50,NaN,1,4,2,1,1,1,1,1,1,1,1,1,1,1,1,1,1,1,1,2,1,1,734213.633,4352820.194,-18.372,Sec,11592,0,1,0,9,1
5984,2,2006460008581,3,10,8,3,7,3,1,CV-42,18.8,18,8,0,1,3,3,2,3,3,2,1,1,2,2,2,5,1,4,1,3,1,9,14,1,1,3,NaN,2,NaN,NaN,,NaN,,NaN,,NaN,53,50,NaN,1,4,1,2,1,1,1,2,1,1,1,1,1,1,1,1,1,1,1,2,1,2,723557.373,4354253.458,-5.882,Cob,3196,0,0,0,7,6
5986,2,2006460008587,3,10,10,1,2,1,1,CV-35,26.1,26,1,1,1,5,3,2,3,4,2,1,2,2,2,2,7,7,5,1,5,1,9,8,1,1,3,NaN,2,NaN,NaN,,21,24,NaN,,NaN,NaN,NaN,NaN,1,4,1,1,1,1,1,1,1,1,1,1,1,1,1,2,1,1,1,2,2,3,663018.188,4408902.019,832.628,Per,11200,0,0,0,0,1
5987,2,2006460008588,3,10,14,4,6,2,1,CV-50,3.5,3,5,1,1,5,2,2,3,1,2,1,1,1,1,1,7,7,8,1,1,1,9,14,3,1,1,NaN,1,NaN,NaN,,NaN,,NaN,,68,NaN,60,NaN,1,4,1,1,1,1,1,1,1,1,1,1,1,1,1,1,1,1,2,2,1,1,705263.615,4386083.11,130.062,Sec,16705,0,0,1,12,1
5988,2,2006460008593,3,10,10,6,2,4,1,CV-407,2.3,2,3,0,1,2,3,2,3,2,2,2,2,1,2,2,5,1,8,1,1,1,9,14,3,1,1,NaN,1,NaN,NaN,,21,21,NaN,,NaN,NaN,NaN,NaN,1,4,1,1,1,1,1,1,2,1,1,1,1,1,1,1,1,1,1,2,1,1,723122.412,4368617.291,0.689,Cob,16223,0,0,1,18,6
5991,2,2006460008606,3,10,17,3,2,1,1,CV-60,0.2,0,2,1,1,5,3,2,3,4,2,1,1,1,2,2,7,7,8,1,1,1,9,14,1,1,3,NaN,2,NaN,NaN,,NaN,,NaN,,NaN,62,60,NaN,1,4,2,1,1,1,1,1,1,1,1,1,1,1,1,1,1,1,1,2,2,2,743987.347,4312863.719,26.826,Cob,10539,0,0,2,8,1
5997,2,2006460008621,3,10,15,4,7,3,2,CV-35,31.1,31,1,1,1,5,2,3,3,2,2,1,1,1,2,1,7,7,7,1,1,1,9,8,1,1,3,NaN,2,4,NaN,,NaN,,NaN,,NaN,NaN,NaN,NaN,1,3,2,1,1,1,1,1,2,1,1,1,1,1,1,1,1,1,1,2,1,1,666023.207,4406042.226,615.338,Per,11200,0,0,0,12,1
5998,2,2006460008631,3,10,18,4,3,1,1,CV-30,2,2,0,0,1,5,3,2,3,4,2,2,2,2,2,2,7,7,8,1,1,1,9,14,3,1,3,NaN,2,NaN,NaN,,NaN,,NaN,,NaN,64,60,NaN,1,4,1,1,2,1,1,1,1,1,1,1,1,1,1,1,1,1,1,2,1,1,721978.379,4375192.588,7.519,Sec,30440,0,0,0,14,2
6001,2,2006460008646,3,10,18,4,3,1,2,CV-686,1,1,0,1,1,5,2,2,3,3,2,1,1,1,1,1,1,1,8,1,1,1,2,14,2,1,1,NaN,1,4,NaN,,NaN,,NaN,,NaN,NaN,NaN,NaN,1,4,2,1,1,1,1,1,1,1,1,1,1,1,1,1,1,1,1,2,1,1,743079.479,4315044.435,16.21,Cob,33010,0,0,0,12,6
6003,2,2006460008654,3,10,19,1,4,1,1,CV-41,17.3,17,3,0,1,5,3,2,3,3,2,1,1,1,2,2,7,7,8,1,4,1,8,14,3,1,1,NaN,2,NaN,NaN,,21,21,NaN,,NaN,NaN,NaN,NaN,1,4,1,1,1,1,1,1,2,1,1,1,1,1,1,1,1,1,1,2,1,1,715541.16,4321979.851,52.02,Cob,8833,2,0,1,23,2
6007,2,2006460008663,3,10,16,3,1,1,2,CV-25,0.8,0,8,0,1,5,3,2,3,1,2,1,1,2,1,1,6,5,3,1,1,1,8,14,3,1,3,NaN,2,2,NaN,,NaN,,NaN,,NaN,NaN,NaN,NaN,1,4,1,1,1,1,1,1,2,1,1,1,1,1,1,1,1,1,1,2,1,1,707427.814,4390977.764,155.773,Sec,7614,0,0,3,9,6
6015,2,2006460008669,3,10,16,4,1,1,4,CV-35,16,16,0,0,1,2,3,2,3,4,2,2,2,2,2,2,3,1,5,3,1,4,9,8,1,1,3,NaN,2,5,NaN,,NaN,,NaN,,NaN,NaN,NaN,NaN,2,4,2,1,1,1,1,1,1,1,1,1,1,1,1,1,1,1,1,2,1,1,711685.092,4384877.705,80.474,Per,43300,0,0,5,11,6
6023,2,2006460008679,3,10,20,6,5,1,3,CV-403,1.1,1,1,0,1,5,3,2,3,4,2,1,2,1,2,2,7,7,8,1,3,1,9,14,3,1,3,NaN,2,1,NaN,,NaN,,NaN,,NaN,NaN,NaN,NaN,1,4,1,1,1,1,1,1,2,1,1,1,1,1,1,1,1,1,1,2,1,1,720250.919,4371692.759,17.915,Cob,17579,0,1,2,22,1
6029,2,2006460008682,3,10,22,3,7,3,1,CV-60,14.9,14,9,0,1,5,3,2,3,4,2,1,1,1,2,2,7,7,8,1,2,1,9,14,3,1,1,NaN,2,NaN,NaN,,NaN,,NaN,,66,NaN,60,NaN,1,4,2,1,1,2,1,1,1,1,1,1,1,1,1,1,1,1,1,2,1,1,724376.033,4306952.271,212.901,Cob,10045,0,4,3,7,2
6035,2,2006460008704,3,10,19,4,4,1,2,CV-400,3.5,3,5,0,1,5,3,2,3,3,2,1,2,1,2,1,5,1,4,1,1,1,9,14,1,1,3,NaN,2,4,NaN,,NaN,,NaN,,NaN,NaN,NaN,NaN,1,4,2,1,1,1,1,1,1,1,1,1,1,1,1,1,1,1,1,2,1,1,723486.311,4366345.482,-3.693,Cob,26543,0,0,1,11,6
6044,2,2006460008735,3,10,21,4,6,2,3,CV-35,30,30,0,1,1,5,2,3,3,3,2,1,1,1,2,1,7,7,8,1,1,1,9,8,1,1,3,NaN,2,5,NaN,,NaN,,NaN,,NaN,NaN,NaN,NaN,1,4,2,1,1,1,1,1,2,1,1,1,1,1,1,1,1,1,1,2,1,1,665033.178,4406639.193,658.385,Per,11200,0,0,0,12,1
6046,2,2006460008751,3,10,19,4,4,1,2,CV-410,0.8,0,8,1,1,7,3,2,3,3,2,1,1,1,1,1,7,7,8,1,1,1,9,14,3,1,3,NaN,2,2,NaN,,NaN,,NaN,,NaN,NaN,NaN,NaN,1,4,1,1,1,1,1,1,1,1,1,1,1,1,1,1,1,1,2,2,1,1,716770.417,4372652.885,39.882,Cob,11943,0,0,2,13,2
6050,2,2006460008753,3,10,24,6,2,1,2,CV-35,9,9,0,1,1,7,3,2,3,4,2,2,2,1,2,2,3,1,8,1,3,1,9,14,1,1,3,NaN,2,4,NaN,,NaN,,NaN,,NaN,NaN,NaN,NaN,2,4,2,1,1,1,1,1,1,1,1,1,1,1,1,1,1,1,1,2,1,1,658497.987,4421757.959,958.721,Per,76008,0,0,0,20,6
6053,2,2006460008758,3,10,21,5,6,2,2,CV-500,6.8,6,8,0,1,5,3,2,3,4,2,1,1,1,2,1,7,7,8,1,1,1,9,14,3,1,3,NaN,2,1,NaN,,NaN,,NaN,,NaN,NaN,NaN,NaN,1,4,1,1,1,2,1,1,1,1,1,1,1,1,1,1,1,1,1,2,2,1,729666.549,4363646.254,-18.203,Cob,16787,0,0,2,16,1
6054,2,2006460008762,3,10,21,4,6,2,1,CV-500,3.3,3,3,1,1,2,3,2,3,4,2,2,2,1,2,2,7,7,8,1,1,1,9,14,3,1,1,NaN,2,NaN,NaN,,NaN,,NaN,,66,NaN,60,NaN,1,4,2,1,1,1,1,1,1,1,1,1,1,1,1,1,1,1,1,2,1,1,733154.332,4345509.933,-12.797,Pri,16787,0,0,1,12,1
6055,2,2006460008763,3,10,22,5,7,3,1,CV-400,4.5,4,5,0,1,5,3,2,2,4,2,2,2,1,2,2,7,7,8,1,1,1,9,14,3,1,3,NaN,2,NaN,NaN,,NaN,,NaN,,56,NaN,50,NaN,1,4,1,2,1,1,1,1,1,1,1,1,1,1,1,1,1,1,1,2,1,1,723001.281,4365530.878,-5.622,Cob,22051,0,0,1,15,1
6057,2,2006460008766,3,10,23,4,1,4,2,CV-500,26.8,26,8,1,1,5,3,2,3,4,2,1,1,1,2,1,2,5,3,1,1,1,9,14,2,1,1,NaN,2,3,NaN,,NaN,,NaN,,NaN,NaN,NaN,NaN,1,4,1,1,1,1,1,1,2,1,1,1,1,1,1,1,1,1,1,2,1,1,729278.55,4365967.793,-19.791,Cob,7093,0,0,1,14,6
6059,2,2006460008772,3,10,23,6,1,1,2,CV-369,1.5,1,5,0,1,5,3,2,3,3,2,1,2,2,2,2,1,1,3,1,1,1,9,14,1,1,1,NaN,2,2,NaN,,NaN,,NaN,,NaN,NaN,NaN,NaN,1,4,1,1,1,1,1,1,2,1,1,1,1,1,1,1,1,1,1,2,1,2,709111.078,4387404.444,97.308,NaN,0,0,0,2,18,6
6060,2,2006460008779,3,10,25,5,3,1,1,CV-512,0.5,0,5,0,1,5,3,2,3,3,2,1,1,1,1,1,7,7,8,1,1,1,9,14,3,1,3,NaN,1,NaN,NaN,,NaN,,NaN,,66,NaN,60,NaN,1,4,2,1,1,1,1,1,1,1,1,1,1,1,1,1,1,1,1,2,1,2,723160.515,4341279.703,-4.925,Cob,11704,0,0,2,15,1
6063,2,2006460008823,3,10,24,5,2,1,2,CV-36,0.3,0,3,0,1,2,3,2,3,4,2,2,2,2,2,2,1,1,8,1,1,1,9,14,1,1,1,NaN,1,4,NaN,,NaN,,NaN,,NaN,NaN,NaN,NaN,1,4,1,1,1,1,1,1,2,1,1,1,1,1,1,1,1,1,1,2,1,1,717808.219,4369460.162,37.566,Pri,83400,0,0,0,15,6
6071,2,2006460008837,3,10,30,4,1,1,4,CV-35,17.3,17,3,1,1,2,2,2,3,3,2,2,2,2,2,2,3,1,4,1,1,1,9,8,1,1,3,NaN,2,5,NaN,,NaN,,NaN,,NaN,NaN,NaN,NaN,1,4,1,1,1,1,1,1,2,1,1,1,1,1,1,1,1,1,1,2,2,3,662829.275,4416255.821,858.516,Per,43300,0,1,1,14,6
6074,2,2006460008846,3,10,26,3,4,1,3,CV-32,5,5,0,1,1,5,2,2,3,3,2,1,2,2,2,1,7,7,5,1,2,1,9,14,3,1,3,NaN,2,5,NaN,,NaN,,NaN,,NaN,NaN,NaN,NaN,1,4,2,1,1,1,1,1,1,1,1,1,1,1,1,1,1,1,1,2,1,1,727798.883,4383645.777,0.996,Cob,11800,0,0,3,8,2
6076,2,2006460008860,3,10,30,5,1,4,2,CV-36,2.9,2,9,1,1,2,3,2,3,3,2,2,2,1,2,2,5,1,8,9,1,1,9,13,1,1,3,NaN,2,NaN,NaN,,NaN,,NaN,,NaN,NaN,NaN,71,1,4,1,1,1,1,1,1,1,2,1,1,1,1,1,1,1,1,1,2,1,1,719253.795,4369148.076,17.197,Pri,83400,0,0,0,15,6
6079,2,2006460008865,3,11,1,3,3,3,1,CV-40,21.6,21,6,0,1,2,3,2,3,4,2,2,2,2,2,2,7,7,8,1,1,1,9,14,3,1,3,NaN,2,NaN,NaN,,NaN,,NaN,,NaN,54,50,NaN,1,4,2,1,1,2,1,1,1,1,1,1,1,1,1,1,1,1,1,2,1,1,712403.652,4301108.985,307.641,Cob,18451,0,1,0,7,1
6084,2,2006460008873,3,10,26,4,4,1,3,CV-35,3,3,0,0,1,2,3,2,3,4,2,2,2,1,2,2,7,7,5,1,1,1,9,8,1,1,3,NaN,2,4,NaN,,NaN,,NaN,,NaN,NaN,NaN,NaN,2,4,1,1,1,1,1,1,2,1,1,1,1,1,1,1,1,1,1,2,1,1,721342.935,4376757.345,36.184,Per,129800,0,0,0,14,1
6086,2,2006460008877,3,10,27,6,5,1,2,CV-403,0,0,0,0,1,5,3,2,3,3,2,1,2,2,2,2,5,1,4,1,5,1,9,14,1,1,3,NaN,2,4,NaN,,NaN,,NaN,,NaN,NaN,NaN,NaN,1,4,1,1,1,1,1,1,2,1,1,1,1,1,1,1,1,1,1,2,1,1,721005.828,4372378.658,17.626,Cob,17579,0,0,0,22,6
6087,2,2006460008906,3,11,1,3,3,3,1,CV-300,6,6,0,1,1,2,3,2,3,3,2,2,2,1,2,2,5,1,8,1,1,1,2,14,1,2,1,NaN,2,NaN,NaN,,NaN,,NaN,,NaN,53,50,NaN,1,4,2,1,2,1,1,1,1,1,1,1,1,1,1,1,1,1,1,2,1,1,729533.666,4383255.038,-1.979,Cob,14570,0,0,0,9,6
6090,2,2006460008912,3,11,3,6,5,1,1,CV-585,5.6,5,6,1,1,5,2,3,3,1,2,1,2,2,1,2,7,7,8,3,1,4,9,14,2,1,1,NaN,2,NaN,NaN,,NaN,,NaN,,66,NaN,60,NaN,1,4,1,1,1,1,1,2,1,1,1,1,1,1,1,1,1,1,1,2,1,1,704616.833,4319251.606,220.789,Cob,3394,0,0,2,18,4
6092,2,2006460008918,3,11,3,5,5,1,2,CV-390,38.1,38,1,0,1,5,2,3,2,1,2,1,1,1,1,1,7,7,8,3,1,4,4,14,3,1,3,NaN,1,2,NaN,,NaN,,NaN,,NaN,NaN,NaN,NaN,1,4,1,1,1,1,1,1,2,1,1,1,1,1,1,1,1,1,1,2,1,1,657736.756,4389570.191,980.164,Cob,258,0,0,3,16,2
6094,2,2006460008935,3,10,28,3,6,2,1,CV-35,17.5,17,5,1,1,7,1,2,3,3,2,2,2,1,2,2,5,1,8,1,1,1,9,14,1,1,1,NaN,2,NaN,NaN,,NaN,,12,9,NaN,NaN,NaN,NaN,1,4,1,1,1,1,1,1,1,1,1,1,1,1,1,1,1,1,2,2,2,3,662972.859,4416229.276,847.183,Per,43300,0,0,1,10,6
6099,2,2006460008940,3,10,28,4,6,2,3,CV-35,39,39,0,0,1,5,2,2,3,3,2,1,1,1,2,1,7,7,8,1,1,1,9,14,1,1,3,NaN,2,4,NaN,,NaN,,NaN,,NaN,NaN,NaN,NaN,1,4,1,1,1,1,1,1,2,1,1,1,1,1,1,1,1,1,1,2,1,1,695299.279,4396904.527,317.012,Per,11200,0,0,0,11,1
6101,2,2006460008957,3,11,4,3,6,2,1,CV-50,28.3,28,3,0,1,5,2,2,3,2,2,1,2,2,2,2,5,6,4,3,1,4,9,13,1,1,1,NaN,2,NaN,NaN,,NaN,,NaN,,NaN,54,50,NaN,1,4,1,1,1,1,1,2,1,1,1,1,1,1,1,1,1,1,1,2,1,1,716685.832,4340783.902,0.714,Sec,22320,0,0,0,8,6
6106,2,2006460008969,3,10,28,4,6,2,1,CV-50,37,37,0,0,1,5,3,2,3,4,2,1,1,1,1,1,7,7,8,1,1,1,9,14,3,1,3,NaN,2,NaN,NaN,,21,24,NaN,,NaN,NaN,NaN,NaN,1,4,1,1,1,1,1,1,1,1,1,1,1,1,1,2,1,1,1,2,1,1,711835.1,4347297.08,47.174,Cob,4417,0,0,0,11,1
6107,2,2006460008974,3,10,30,5,1,4,1,CV-407,0.2,0,2,0,1,5,3,2,3,2,2,1,1,1,1,1,5,1,4,9,1,1,9,14,3,1,1,NaN,2,NaN,NaN,,NaN,,NaN,,NaN,61,60,NaN,1,4,1,1,1,1,1,1,1,1,1,1,1,1,1,1,1,1,2,2,2,1,721249.956,4368916.815,8.939,Cob,27694,0,0,1,15,6
6109,2,2006460008976,3,10,30,6,1,4,2,CV-400,4,4,0,0,1,2,3,2,3,3,2,2,2,2,2,2,5,3,8,1,4,1,9,14,1,1,1,NaN,1,3,NaN,,NaN,,NaN,,NaN,NaN,NaN,NaN,1,4,1,1,1,1,1,1,2,1,1,1,1,1,1,1,1,1,1,2,1,1,723265.684,4365929.024,-2.294,Cob,22051,0,0,1,18,6
6112,2,2006460008984,3,10,31,6,2,2,1,CV-50,44.2,44,2,0,1,5,3,2,3,4,2,1,1,1,1,1,7,7,8,1,5,1,9,14,3,1,3,NaN,2,NaN,NaN,,21,24,NaN,,NaN,NaN,NaN,NaN,1,4,1,1,1,1,1,1,1,1,1,1,1,1,1,2,1,1,1,2,1,1,708975.459,4353150.81,81.622,Pri,2819,0,0,4,19,1
6114,2,2006460008991,3,11,6,3,1,4,2,CV-50,28.5,28,5,0,1,5,2,2,3,2,2,1,2,1,1,1,5,6,4,1,1,1,9,14,1,1,1,NaN,2,4,NaN,,NaN,,NaN,,NaN,NaN,NaN,NaN,1,4,1,1,1,1,1,1,2,1,1,1,1,1,1,1,1,1,1,2,1,1,716640.566,4340877.496,1.047,Cob,15692,0,0,1,10,6
6115,2,2006460008994,3,11,3,6,5,1,1,CV-400,2,2,0,0,1,3,3,2,3,3,2,2,1,1,2,1,5,1,8,3,4,4,3,13,1,1,3,NaN,2,NaN,NaN,,21,21,NaN,,NaN,NaN,NaN,NaN,1,4,1,2,1,1,1,2,2,1,1,1,1,1,2,1,1,1,1,2,1,1,723626.268,4367795.379,-1.376,Pri,30986,0,0,1,19,6
6117,2,2006460008998,3,10,31,5,2,1,2,CV-410,4,4,0,0,1,2,3,2,3,3,2,2,2,1,2,1,5,1,8,1,1,1,9,14,1,1,3,NaN,2,3,NaN,,NaN,,NaN,,NaN,NaN,NaN,NaN,1,4,1,1,1,1,1,1,2,1,1,1,1,1,1,1,1,1,1,2,2,1,717332.473,4372266.354,36.033,Pri,30864,0,0,0,16,6
6121,2,2006460009016,3,10,31,4,2,1,4,CV-35,30,30,0,0,1,5,3,2,3,3,2,1,1,1,1,1,7,7,8,1,1,1,9,14,3,1,1,NaN,1,5,NaN,,NaN,,NaN,,NaN,NaN,NaN,NaN,1,4,1,1,1,1,1,1,2,1,1,1,1,1,1,1,1,1,1,2,1,1,702332.486,4392047.598,159.709,Per,11200,0,0,0,14,1
6123,2,2006460009021,3,11,1,5,3,3,2,CV-50,92,92,0,0,1,5,3,2,3,3,2,1,1,1,1,1,1,1,8,1,1,1,9,14,3,1,1,NaN,1,2,NaN,,NaN,,NaN,,NaN,NaN,NaN,NaN,1,4,1,1,1,1,1,1,1,1,1,1,1,1,1,1,1,1,2,2,1,1,706326.04,4387908.486,129.059,Per,8799,0,0,1,16,7
6126,2,2006460009039,3,11,6,6,1,1,2,CV-35,6,6,0,1,1,2,3,2,3,3,2,2,2,2,2,2,7,7,5,1,3,1,9,14,1,1,3,NaN,2,4,NaN,,NaN,,NaN,,NaN,NaN,NaN,NaN,2,4,2,1,1,1,1,1,1,1,1,1,1,1,1,1,1,1,1,2,1,1,656707.138,4422952.053,954.364,Per,91900,0,0,0,19,1
6128,2,2006460009057,3,11,3,4,5,1,1,CV-42,0,0,0,1,1,7,3,2,3,4,2,2,2,2,2,1,3,1,8,3,1,4,9,14,1,1,3,NaN,2,NaN,NaN,,NaN,,NaN,,56,NaN,50,NaN,1,4,2,1,1,1,1,2,1,1,1,1,1,1,1,1,1,1,1,2,1,1,723747.985,4354934.964,-10.971,Sec,12043,0,0,1,11,6
6130,2,2006460009063,3,11,3,4,5,1,2,CV-36,3,3,0,1,1,2,3,2,3,4,2,2,2,2,2,2,7,7,5,3,1,4,9,14,3,1,3,NaN,2,NaN,NaN,,NaN,,NaN,,NaN,54,50,NaN,1,4,1,1,1,1,1,2,1,1,1,1,1,1,2,1,1,1,1,2,1,1,719350.227,4369121.098,19.23,Pri,83400,0,0,2,11,1
6135,2,2006460009064,3,11,3,5,5,1,4,CV-35,17.6,17,6,0,1,2,3,2,3,3,2,2,2,2,2,2,7,7,5,3,1,4,4,8,1,1,3,NaN,2,5,NaN,,NaN,,NaN,,NaN,NaN,NaN,NaN,1,4,2,1,1,1,1,1,1,1,1,1,1,1,1,1,1,1,1,2,1,2,710999.36,4386371.118,110.056,Per,43300,0,0,0,15,1
6138,2,2006460009087,3,11,10,4,5,1,3,CV-50,11,11,0,0,1,5,3,2,3,3,2,1,1,1,1,1,7,7,8,1,1,1,9,14,2,1,3,NaN,2,4,NaN,,NaN,,NaN,,NaN,NaN,NaN,NaN,1,4,1,1,1,1,1,1,1,1,1,1,1,1,1,1,1,1,2,2,1,1,729208.762,4330246.509,61.844,Cob,12744,0,0,1,12,1
6141,2,2006460009106,3,11,4,4,6,1,1,CV-50,85,85,0,1,1,6,3,2,3,1,2,1,1,1,1,1,7,7,8,3,1,5,9,14,1,1,3,NaN,2,NaN,NaN,,NaN,,NaN,,NaN,61,60,NaN,1,4,2,1,1,1,1,1,1,1,1,1,1,1,1,1,1,1,1,2,1,1,731352.797,4328791.775,82.056,Cob,4852,0,0,1,14,1
6145,2,2006460009123,3,11,6,6,1,4,3,CV-36,5,5,0,1,1,2,3,2,3,4,2,2,1,1,2,2,7,7,8,1,5,1,9,14,2,1,3,NaN,2,5,NaN,,NaN,,NaN,,NaN,NaN,NaN,NaN,3,4,1,1,1,1,1,1,2,1,1,1,1,1,1,1,1,1,1,2,1,1,721176.572,4368907.926,5.196,Cob,34231,0,0,2,19,2
6147,2,2006460009134,3,11,13,6,1,4,2,CV-410,4.9,4,9,1,1,2,3,2,3,3,2,2,2,1,2,2,5,1,8,1,1,1,9,13,1,1,3,NaN,2,3,NaN,,NaN,,NaN,,NaN,NaN,NaN,NaN,1,4,1,1,1,1,1,1,2,1,1,1,1,1,1,1,1,1,1,2,2,3,718317.793,4369767.015,25.361,Pri,30864,0,0,2,17,6
6149,2,2006460009154,3,11,7,6,2,1,2,CV-33,4,4,0,0,1,2,3,2,3,3,2,2,2,2,2,2,3,1,4,3,4,4,9,14,1,1,1,NaN,1,4,NaN,,NaN,,NaN,,NaN,NaN,NaN,NaN,1,4,2,2,1,1,1,1,1,2,1,1,1,1,1,1,1,1,1,2,1,1,721347.365,4365484.315,5.098,Sec,25041,0,0,1,17,6