Id,Ano,Numero_Accidente,Provincia,Mes,Dia,Hora,Dia_Semana,Tipo_Dia,Vehiculos_Implicados,Carretera,Pk,Km,Hm,Sentido,Zona,Tipo_Via,Anchura_Calzada,Anchura_Carril,Marcas_Viales,Arcen,Arcen_Pavimentado,Mediana,Barrera_Seguridad,Paneles_Direccionales,Hitos_Arista,Captafaros,Interseccion_Tipo,Interseccion_Acondicionamiento,Prioridad_Regulada_por,Superficie,Luminosidad,Factores_Atmosfericos,Visibilidad_Restringida_por,Otras_Circunstancias,Senalizacion_Peligro,Aceras,Arboles,Arboles_Metros_Calzada,Visibilidad_Senalizacion_Vertical,Colision_Vehiculos_Marcha,Colision_Vehiculo_Obstaculo_1,Colision_Vehiculo_Obstaculo_2,Atropello_1,Atropello_2,Vuelco_1,Vuelco_2,Salida_Sin_Colision,Salida_Con_Colision,Lado_Salida,Otro,Circulacion,Circulacion_Medidas_Especiales,Distraccion,Inexperiencia_Conductor,Alcohol_Drogas,Cansancio_Sueno,Enfermedad,Velocidad_Inadecuada,Infraccion_Norma_Circulacion,Estado_Condicion_Via,Estado_Condicion_Senalizacion,Tramo_Obras,Mal_Estado_Vehiculo,Averia_Mecanica,Meteorologia_Adversa,Irrupcion_Animal,Circular_Sentido_Contrario,Otro_Factor,Sin_Opinion_Definida,Pendiente,Curvatura,Peralte,GPS_x,GPS_y,GPS_z,Tipo_Est,IMD,N_Muertos,N_Graves,N_Leves,Hora_Real,Fuera_o_Interseccion
6499,3,2007030000151,1,1,11,6,4,1,3,CV-95,6.2,6,2,0,1,5,3,2,3,3,2,1,2,2,1,1,7,7,8,1,3,1,9,14,1,1,3,NaN,2,4,NaN,,NaN,,NaN,,NaN,NaN,NaN,NaN,1,4,2,1,1,1,1,1,2,1,1,1,1,1,1,1,1,1,1,2,1,1,685674.921,4214874.202,11.351,Cob,11670,0,0,0,19,1
6503,3,2007030000154,1,1,10,3,3,1,4,CV-905,4.5,4,5,1,1,5,3,2,3,3,2,2,2,2,2,2,7,7,5,1,1,1,9,14,3,1,3,NaN,1,5,NaN,,NaN,,NaN,,NaN,NaN,NaN,NaN,2,4,2,1,1,1,1,1,1,1,1,1,1,1,1,1,1,1,1,2,1,1,701692.851,4210728.621,-14.79,Cob,27935,0,0,0,8,1
6504,2,2007030000156,1,12,17,6,7,3,1,CV-773,7.3,7,3,0,1,5,2,2,3,3,2,1,1,1,1,1,7,7,3,1,3,1,9,14,1,1,1,NaN,2,NaN,NaN,,21,21,NaN,,NaN,NaN,NaN,NaN,1,4,2,1,1,1,1,1,2,1,1,1,1,1,1,1,1,1,1,2,1,1,724929.406,4262263.815,267.268,Cob,3713,0,0,1,19,2
6506,3,2007030000162,1,1,13,4,6,2,2,CV-790,3.6,3,6,1,1,5,2,3,3,1,2,1,1,2,1,1,1,1,8,1,1,1,9,14,1,1,1,NaN,2,NaN,30,29,NaN,,NaN,,NaN,NaN,NaN,NaN,1,4,2,1,2,1,1,1,1,1,1,1,1,1,1,1,1,1,1,2,1,1,724902.031,4289618.874,458.801,Cob,1969,0,0,0,14,7
6508,3,2007030000169,1,1,14,3,7,3,2,CV-715,33.8,33,8,0,1,5,1,3,3,1,2,1,2,2,1,1,7,7,5,2,1,1,2,4,1,1,1,NaN,2,NaN,NaN,,NaN,,NaN,,NaN,53,50,NaN,1,4,1,1,1,1,1,2,2,1,1,1,1,1,1,1,1,1,1,2,1,2,752961.451,4286285.322,397.459,Cob,500,0,0,1,10,4
6518,3,2007030000182,1,1,15,5,1,1,2,CV-903,2.4,2,4,1,1,5,2,3,2,1,2,1,1,1,1,1,7,7,8,1,1,1,9,14,3,1,1,NaN,1,1,NaN,,NaN,,NaN,,NaN,NaN,NaN,NaN,1,4,2,1,1,1,1,1,1,1,1,1,1,1,1,1,1,1,1,2,1,1,699304.511,4219071.773,-12.006,Cob,0,0,1,0,16,1
6519,3,2007030000184,1,1,15,6,1,1,1,CV-825,1.2,1,2,0,1,5,2,3,3,3,2,1,1,1,1,1,7,7,8,1,5,1,9,14,3,1,3,NaN,2,NaN,NaN,,NaN,,NaN,,65,NaN,60,NaN,1,4,2,1,2,1,1,1,1,1,1,1,1,1,1,1,1,1,1,2,1,1,695723.414,4247776.141,193.341,Sec,4747,0,0,0,18,1
6521,3,2007030000187,1,1,16,6,2,1,2,CV-70,48.2,48,2,0,1,5,3,1,4,2,2,2,1,1,1,1,5,6,5,1,3,1,9,14,3,1,1,NaN,2,3,NaN,,NaN,,NaN,,NaN,NaN,NaN,NaN,1,4,1,1,1,1,1,1,2,1,1,1,1,1,1,1,1,1,1,2,1,1,749857.861,4272950.771,131.341,Per,32000,0,0,1,18,6
6523,3,2007030000190,1,1,14,4,7,3,2,CV-95,26,26,0,0,1,5,3,2,3,3,2,1,1,1,2,2,5,3,4,1,1,1,9,14,1,1,1,NaN,2,4,NaN,,NaN,,NaN,,NaN,NaN,NaN,NaN,1,4,2,1,1,1,1,1,1,1,1,1,1,1,1,1,1,1,1,2,1,1,700356.33,4204352.1,-5.576,Cob,24587,0,0,2,14,6
6525,3,2007030000194,1,1,16,5,2,1,2,CV-820,19.6,19,6,0,1,5,3,2,3,3,2,1,2,2,2,1,2,4,3,1,1,1,9,14,1,1,3,NaN,2,2,NaN,,NaN,,NaN,,NaN,NaN,NaN,NaN,1,4,2,1,1,1,1,1,2,1,1,1,1,1,1,1,1,1,1,2,1,1,696971.384,4251961.516,209.449,Pri,3589,0,0,3,16,6
6528,3,2007030000197,1,1,17,3,3,1,2,CV-870,0.3,0,3,1,1,5,3,2,3,3,2,1,2,2,1,1,1,1,3,1,4,1,9,14,1,1,3,NaN,2,2,NaN,,NaN,,NaN,,NaN,NaN,NaN,NaN,1,4,1,1,1,1,1,1,2,1,1,1,1,1,1,1,1,1,1,2,1,1,675768.139,4228860.458,113.617,Cob,16399,0,0,2,7,6
6529,3,2007030000203,1,1,3,1,3,1,1,CV-865,11,11,0,0,1,5,2,2,3,3,2,1,1,1,2,2,7,7,5,1,5,1,9,14,3,1,3,NaN,1,NaN,NaN,,NaN,,NaN,,57,NaN,50,NaN,1,4,1,1,1,2,1,1,1,1,1,1,1,1,1,1,1,1,1,2,1,1,712018.609,4231557.049,-13.634,Sec,17758,0,0,0,1,1
6531,3,2007030000204,1,1,3,3,3,1,2,CV-855,15.8,15,8,0,1,5,2,2,3,3,2,1,1,1,1,1,1,1,3,1,1,1,9,14,2,1,1,NaN,1,2,NaN,,NaN,,NaN,,NaN,NaN,NaN,NaN,1,4,1,1,1,1,1,1,2,1,1,1,1,1,1,1,1,1,1,2,1,1,696928.076,4223901.574,-18.163,Cob,4942,0,0,0,10,6
6534,3,2007030000211,1,1,14,1,7,3,3,CV-920,15.5,15,5,0,1,5,2,2,3,1,2,1,1,1,1,1,7,7,8,1,3,1,9,14,1,2,1,NaN,2,4,NaN,,NaN,,NaN,,NaN,NaN,NaN,NaN,1,4,2,1,2,1,1,1,1,1,1,1,1,1,1,1,1,1,1,2,2,2,698716.21,4217517.7,-5.384,Cob,6989,0,0,1,1,1
6537,3,2007030000222,1,1,19,6,5,1,1,CV-913,1.2,1,2,0,1,5,2,3,3,3,2,1,1,1,1,1,7,7,8,1,1,1,9,14,1,1,1,NaN,2,NaN,NaN,,21,21,NaN,,NaN,NaN,NaN,NaN,1,4,1,1,1,1,1,1,2,1,1,1,1,1,1,1,1,1,1,2,1,1,688261.73,4222674.435,-13.976,Sec,7690,0,3,0,18,2
6539,3,2007030000224,1,1,16,6,2,1,2,CV-905,3.1,3,1,1,1,5,3,3,3,3,2,2,1,2,2,1,5,1,4,1,1,1,9,14,1,1,1,NaN,2,4,NaN,,NaN,,NaN,,NaN,NaN,NaN,NaN,1,4,2,1,1,1,1,2,1,1,1,1,1,1,1,1,1,1,1,2,1,1,702476.878,4209615.902,-18.316,Pri,26822,0,0,1,17,6
6541,3,2007030000229,1,1,18,6,4,1,2,CV-865,2,2,0,0,1,1,3,2,3,4,2,1,1,1,1,2,2,2,3,1,2,1,9,14,1,1,1,NaN,2,2,NaN,,NaN,,NaN,,NaN,NaN,NaN,NaN,1,4,2,1,1,1,1,1,2,1,1,1,1,1,1,1,1,1,1,2,1,1,704836.575,4236725.116,36.878,Cob,15503,0,1,0,19,6
6543,3,2007030000230,1,1,20,6,6,2,2,CV-941,0.8,0,8,0,1,1,3,2,3,3,2,1,2,1,2,2,5,3,4,1,1,1,9,14,1,1,1,NaN,2,NaN,NaN,,NaN,,12,9,NaN,NaN,NaN,NaN,1,4,1,1,1,1,1,1,1,2,1,1,1,1,1,1,1,1,1,2,1,1,696244.043,4196595.136,28.283,Sec,4094,0,1,1,17,6
6546,3,2007030000231,1,1,9,4,2,1,1,CV-820,7,7,0,1,1,5,3,2,3,3,2,1,1,2,1,1,7,7,8,1,1,1,9,14,1,1,1,NaN,1,NaN,NaN,,NaN,,NaN,,66,NaN,60,NaN,1,4,1,2,1,1,1,1,1,1,1,1,1,1,1,1,1,1,1,2,1,1,701783.929,4255072.28,295.033,Cob,7904,0,0,1,13,4
6548,3,2007030000232,1,1,15,1,1,4,1,CV-800,0.3,0,3,1,1,5,3,2,3,4,2,2,2,2,2,2,4,1,8,1,5,1,9,14,1,1,1,NaN,2,NaN,NaN,,NaN,,NaN,,NaN,62,60,NaN,1,4,2,1,1,2,1,1,1,1,1,1,1,1,1,1,1,1,1,2,2,1,719661.217,4281184.115,771.423,Cob,20572,0,0,1,2,6
6549,3,2007030000243,1,1,21,4,7,3,1,CV-86,7.8,7,8,1,1,5,2,2,3,3,2,2,1,1,1,1,5,5,4,1,1,1,9,14,1,1,3,NaN,2,NaN,NaN,,NaN,,NaN,,NaN,54,50,NaN,1,4,2,1,2,1,1,1,1,1,1,1,1,1,1,1,1,1,1,2,1,1,711522.27,4242103.442,58.613,Sec,11011,0,0,0,11,6
6553,3,2007030000252,1,1,22,3,1,1,2,CV-81,46.7,46,7,1,1,5,3,2,3,3,2,1,1,2,1,1,7,7,8,1,2,1,9,14,1,1,1,NaN,2,1,NaN,,NaN,,NaN,,NaN,NaN,NaN,NaN,1,4,2,1,1,2,1,1,1,1,1,1,1,1,1,1,1,1,1,2,2,1,708834.086,4296474.06,467.493,Cob,5714,0,4,0,7,5
6557,3,2007030000278,1,1,25,4,4,1,2,CV-95,12,12,0,0,1,5,3,2,3,3,2,1,2,2,1,1,1,1,3,1,1,1,2,14,1,1,3,NaN,2,3,NaN,,NaN,,NaN,,NaN,NaN,NaN,NaN,1,4,1,1,1,1,1,1,2,1,1,1,1,1,1,1,1,1,1,2,1,1,689718.239,4211275.255,88.897,Cob,11670,0,1,0,12,6
6559,3,2007030000284,1,1,20,3,6,2,2,CV-91,1.5,1,5,0,1,5,3,2,3,3,2,1,1,1,1,1,2,1,3,1,1,1,9,14,1,1,1,NaN,2,1,NaN,,NaN,,NaN,,NaN,NaN,NaN,NaN,1,4,1,1,1,1,1,1,2,1,1,1,1,1,1,1,1,1,1,2,1,1,682430.833,4217941.787,-8.091,Cob,11107,0,0,0,10,7
6560,3,2007030000294,1,1,19,3,5,1,1,CV-845,14.6,14,6,0,1,5,1,2,3,3,2,1,1,1,1,1,7,7,8,1,1,1,9,14,3,1,1,NaN,2,NaN,NaN,,NaN,,NaN,,NaN,63,60,NaN,1,4,2,1,1,1,1,2,1,1,1,1,1,1,1,1,1,1,1,2,1,1,682001.283,4238910.109,395.106,Cob,4139,0,0,0,9,1
6566,3,2007030000302,1,1,26,6,5,1,2,CV-725,0.1,0,1,0,1,5,3,3,3,3,2,1,1,1,1,1,2,4,3,1,2,1,9,14,1,1,1,NaN,2,2,NaN,,NaN,,NaN,,NaN,NaN,NaN,NaN,1,4,1,1,1,1,1,1,2,1,1,1,1,1,1,1,1,1,1,2,1,1,762819.278,4301134.686,18.077,Pri,21767,0,0,0,18,6
6567,3,2007030000303,1,1,27,1,6,2,1,CV-912,2.3,2,3,1,1,5,2,2,2,3,2,1,2,2,1,2,7,7,8,3,3,4,2,14,1,1,1,NaN,2,NaN,NaN,,NaN,,NaN,,NaN,64,60,NaN,1,4,2,1,2,1,1,2,1,1,1,1,1,1,1,1,1,1,1,2,1,1,692161.625,4222081.137,-17.378,Cob,3150,0,0,1,0,5
6568,3,2007030000305,1,1,27,1,6,2,1,CV-725,5,5,0,0,1,5,2,2,3,4,2,1,2,1,2,2,7,7,8,3,4,5,9,14,3,1,3,NaN,2,NaN,NaN,,NaN,,NaN,,NaN,64,60,NaN,1,4,1,1,2,1,1,1,1,1,1,1,1,1,2,1,1,1,1,2,1,1,766327.98,4303125.461,-0.675,Cob,31801,0,0,0,1,2
6569,3,2007030000307,1,1,27,6,6,2,1,CV-95,12.3,12,3,1,1,5,3,2,3,3,2,1,1,1,1,1,7,7,8,1,5,1,9,14,1,1,2,2,2,NaN,NaN,,NaN,,NaN,,NaN,61,60,NaN,1,4,1,1,1,1,1,1,2,1,1,1,1,1,1,1,1,1,1,2,1,1,691857.642,4209041.132,47.946,Cob,11670,0,0,1,22,1
6570,3,2007030000318,1,1,19,3,5,1,1,CV-913,1.7,1,7,0,1,5,3,3,3,3,2,1,1,1,1,1,7,7,8,1,1,1,9,14,3,1,1,NaN,2,NaN,NaN,,21,24,NaN,,NaN,NaN,NaN,NaN,1,4,1,1,1,1,1,1,1,1,1,1,1,1,1,2,1,1,1,2,1,1,688659.684,4222966.515,-14.904,Sec,7690,0,0,0,9,1
6572,3,2007030000320,1,1,28,6,7,3,2,CV-91,19.3,19,3,1,1,5,2,2,3,3,2,1,2,1,2,2,7,7,8,1,2,1,9,14,3,1,3,NaN,2,2,NaN,,NaN,,NaN,,NaN,NaN,NaN,NaN,1,4,1,1,1,1,1,1,2,1,1,1,1,1,1,1,1,1,1,2,1,1,686827.394,4218245.034,-17.538,Cob,9526,0,0,1,18,1
6574,3,2007030000326,1,1,21,3,7,3,2,CV-821,4.4,4,4,0,1,5,3,2,3,3,2,2,2,2,2,2,5,3,5,1,1,1,9,14,1,2,3,NaN,2,3,NaN,,NaN,,NaN,,NaN,NaN,NaN,NaN,1,4,1,1,1,1,1,1,2,1,1,1,1,1,1,1,1,1,1,2,1,1,720034.449,4253278.358,49.021,Sec,30587,0,0,1,10,6
6578,3,2007030000340,1,1,29,6,1,1,2,CV-915,5,5,0,1,1,5,2,2,3,1,2,1,1,1,1,1,5,2,4,3,3,4,9,14,1,2,3,NaN,2,2,NaN,,NaN,,NaN,,NaN,NaN,NaN,NaN,1,4,1,1,1,1,1,1,2,1,1,1,1,1,1,1,1,1,1,2,1,1,679088.567,4216858.878,1.456,Sec,9567,0,0,0,21,7
6580,3,2007030000346,1,1,19,6,5,1,1,CV-855,11.9,11,9,0,1,5,3,2,3,3,2,1,2,2,2,1,7,7,5,1,2,1,9,14,1,1,3,NaN,2,NaN,NaN,,NaN,,NaN,,56,NaN,50,NaN,1,4,2,2,1,1,1,1,1,1,1,1,1,1,1,1,1,1,1,2,1,1,700414.226,4225367.422,-20.825,Cob,4942,0,0,0,18,1
6582,3,2007030000349,1,1,19,4,5,1,1,CV-806,1.7,1,7,1,1,5,3,2,3,3,2,1,2,2,2,1,7,7,8,4,1,1,9,14,1,1,3,NaN,2,NaN,NaN,,21,24,NaN,,NaN,NaN,NaN,NaN,1,4,1,1,1,1,1,1,1,1,1,1,1,1,1,1,1,2,1,2,1,1,709240.302,4277283.419,670.068,Cob,3755,0,0,0,11,1
6586,3,2007030000352,1,1,24,3,3,1,2,CV-799,9.4,9,4,1,1,5,3,2,3,2,2,1,1,1,1,2,7,7,5,1,5,1,9,14,1,1,3,NaN,2,4,NaN,,NaN,,NaN,,NaN,NaN,NaN,NaN,1,4,2,1,1,1,1,1,2,1,1,1,1,1,1,1,1,1,1,2,1,1,691500.602,4278341.158,556.305,Cob,4260,0,0,0,7,1
6590,3,2007030000353,1,2,1,4,4,1,2,CV-821,7,7,0,0,1,5,3,2,3,3,2,2,1,1,2,2,5,1,4,1,1,1,9,14,1,2,3,NaN,2,2,NaN,,NaN,,NaN,,NaN,NaN,NaN,NaN,1,4,1,1,1,1,1,1,2,1,1,1,1,1,1,1,1,1,1,2,1,1,722046.478,4253767.462,27.231,Cob,14837,0,0,1,13,6
6594,3,2007030000357,1,2,1,5,4,1,2,CV-914,2.6,2,6,1,1,5,2,3,3,1,2,1,1,1,1,1,1,1,8,1,1,1,9,14,1,1,1,NaN,2,2,NaN,,NaN,,NaN,,NaN,NaN,NaN,NaN,1,4,1,1,1,1,1,1,2,1,1,1,1,1,1,1,1,1,1,2,1,1,691603.697,4218944.974,-17.03,Cob,4540,0,0,1,15,7
6598,3,2007030000362,1,2,1,4,4,1,2,CV-870,6,6,0,0,1,5,3,2,3,4,2,1,1,1,1,1,2,1,8,1,1,1,9,14,3,1,1,NaN,2,3,NaN,,NaN,,NaN,,NaN,NaN,NaN,NaN,1,4,1,1,1,1,1,1,2,1,1,1,1,1,1,1,1,1,1,2,1,1,678654.826,4225018.828,32.687,Cob,5967,0,0,3,13,7
6600,3,2007030000368,1,2,2,3,5,1,1,CV-70,49,49,0,1,1,5,3,2,3,3,2,2,1,1,1,1,5,2,5,1,1,1,9,14,1,1,1,NaN,2,NaN,NaN,,NaN,,NaN,,NaN,53,50,NaN,1,4,1,1,1,1,1,1,2,1,1,1,1,1,1,1,1,1,1,2,2,2,722245.837,4285856.787,758.977,Per,32000,0,0,0,8,6
6604,3,2007030000371,1,2,1,6,4,1,2,CV-912,4.4,4,4,0,1,5,2,2,3,1,2,1,1,1,1,1,2,1,8,1,1,1,9,14,2,1,1,NaN,1,3,NaN,,NaN,,NaN,,NaN,NaN,NaN,NaN,1,4,1,1,1,1,1,1,2,1,1,1,1,1,1,1,1,1,1,2,1,1,691276.193,4222073.171,-19.961,Cob,3150,0,0,0,17,6
6608,3,2007030000372,1,1,30,6,2,1,2,CV-900,10.5,10,5,1,1,5,3,2,3,3,2,1,2,1,2,2,7,7,8,1,2,1,9,14,3,1,1,NaN,2,3,NaN,,NaN,,NaN,,NaN,NaN,NaN,NaN,1,4,1,1,2,1,1,1,1,1,1,1,1,1,1,1,1,1,1,2,1,1,684272.061,4220401.029,-11.026,Cob,7276,0,0,3,18,1
6610,3,2007030000374,1,1,26,2,5,1,1,CV-84,2.8,2,8,1,1,5,2,2,3,3,2,2,2,2,2,2,5,1,5,3,4,4,9,14,1,1,3,NaN,1,NaN,NaN,,NaN,,12,9,NaN,NaN,NaN,NaN,1,4,1,1,1,1,1,2,1,1,1,1,1,1,1,1,1,1,1,2,1,1,695960.188,4244269.405,260.518,Sec,20142,0,0,0,6,6
6612,3,2007030000383,1,2,3,3,6,2,1,CV-870,1.9,1,9,1,1,5,3,2,3,3,2,1,1,2,1,1,7,7,8,3,2,1,9,14,1,1,1,NaN,2,NaN,NaN,,NaN,,NaN,,NaN,54,50,NaN,1,4,2,1,1,1,1,2,1,1,1,1,1,1,1,1,1,1,1,2,1,1,677197.346,4228199.204,86.817,Cob,16399,0,0,0,7,5
6624,3,2007030000389,1,2,3,1,6,2,1,CV-900,2.5,2,5,1,1,5,2,2,3,1,2,1,1,1,1,1,1,1,8,1,3,1,9,14,1,1,1,NaN,2,NaN,NaN,,NaN,,NaN,,NaN,64,60,NaN,1,4,1,1,1,1,1,2,1,1,1,1,1,1,1,1,1,1,1,2,1,1,685609.788,4224945.095,-7.003,Cob,10636,0,0,9,3,7
6626,3,2007030000401,1,2,2,6,5,1,1,CV-775,2.2,2,2,1,1,5,2,3,3,3,2,1,1,2,1,1,7,7,8,1,1,1,2,14,1,1,1,NaN,2,NaN,NaN,,NaN,,NaN,,57,NaN,50,NaN,1,4,1,1,1,1,1,2,1,1,1,1,1,1,1,1,1,1,1,2,1,1,737154.545,4273630.523,346.938,Cob,2210,0,1,0,18,4
6630,3,2007030000414,1,2,1,6,4,1,2,CV-825,0,0,0,0,1,5,3,3,3,3,2,1,1,1,1,1,1,1,3,1,1,1,9,14,3,1,1,NaN,1,2,NaN,,NaN,,NaN,,NaN,NaN,NaN,NaN,1,4,1,1,1,1,1,1,2,1,1,1,1,1,1,1,1,1,1,2,1,1,694955.854,4247206.404,207.701,Sec,4747,0,0,0,18,6
6638,3,2007030000422,1,2,6,3,2,1,2,CV-870,10.5,10,5,1,1,5,2,2,3,3,2,1,2,1,1,1,2,1,8,1,1,1,9,14,3,1,1,NaN,2,NaN,NaN,,NaN,,NaN,,NaN,NaN,NaN,71,1,4,1,2,1,1,1,1,2,1,1,1,1,1,1,1,1,1,1,2,1,1,680440.67,4221147.765,7.036,Cob,5967,0,0,0,9,6
6642,3,2007030000423,1,2,6,6,2,1,2,CV-70,44.8,44,8,1,1,5,3,2,3,2,2,2,2,2,2,2,5,3,4,1,3,1,9,13,1,2,3,NaN,2,2,NaN,,NaN,,NaN,,NaN,NaN,NaN,NaN,1,4,2,2,2,1,1,1,2,1,1,1,1,1,1,1,1,1,1,2,2,2,725065.787,4286666.073,619.152,Per,32000,0,0,0,21,6
6644,3,2007030000426,1,2,3,6,6,2,1,CV-865,5.9,5,9,0,1,5,3,2,3,3,2,1,1,1,1,1,7,7,5,1,5,1,9,14,2,1,1,NaN,1,NaN,NaN,,21,23,NaN,,NaN,NaN,NaN,NaN,1,4,1,1,1,1,1,1,1,1,1,1,1,1,1,2,1,1,1,2,1,1,708084.045,4234635.026,3.18,Cob,15503,0,0,3,21,1
6648,3,2007030000432,1,2,8,4,4,1,2,CV-840,12.5,12,5,0,1,5,2,2,3,3,2,1,2,2,1,1,7,7,8,1,1,1,9,14,3,1,1,NaN,2,1,NaN,,NaN,,NaN,,NaN,NaN,NaN,NaN,1,4,1,1,1,1,1,1,2,1,1,1,1,1,1,1,1,1,1,2,1,1,682965.546,4247714.938,441.41,Sec,3345,0,1,0,13,2
6656,3,2007030000449,1,2,7,5,3,1,2,CV-855,9,9,0,0,1,5,3,2,3,3,2,1,1,1,1,2,2,1,3,1,1,1,9,14,1,1,1,NaN,2,2,NaN,,NaN,,NaN,,NaN,NaN,NaN,NaN,1,4,2,1,1,1,1,1,2,1,1,1,1,1,1,1,1,1,1,2,1,1,701382.288,4227722.157,-19.899,Cob,10434,0,2,0,16,6
6660,3,2007030000451,1,2,10,6,6,2,2,CV-720,49.2,49,2,0,1,5,2,3,3,2,2,1,1,1,1,1,1,1,8,1,1,1,9,14,1,1,1,NaN,2,2,NaN,,NaN,,NaN,,NaN,NaN,NaN,NaN,1,4,1,1,1,1,1,1,2,1,1,1,1,1,1,1,1,1,1,2,2,2,762042.149,4297322.701,88.899,Cob,3543,0,0,1,17,7
6664,3,2007030000457,1,2,10,6,6,2,1,CV-91,3,3,0,1,1,5,3,2,3,3,2,1,2,2,1,1,5,6,4,1,3,1,9,14,1,1,3,NaN,2,NaN,NaN,,NaN,,NaN,,68,NaN,60,NaN,1,4,1,1,2,1,1,2,1,1,1,1,1,1,1,1,1,1,1,2,1,1,702356.193,4219249.485,-25.984,Sec,13040,0,0,0,19,6
6666,3,2007030000460,1,2,11,4,7,3,1,CV-715,42.8,42,8,1,1,5,3,2,3,3,2,1,2,2,2,2,7,7,5,1,1,1,9,14,1,1,1,NaN,2,NaN,NaN,,NaN,,NaN,,NaN,64,60,NaN,1,4,2,1,1,1,1,1,1,1,1,1,1,1,1,1,1,1,1,2,1,1,753160.065,4301656.663,123.803,Cob,500,0,1,0,11,5
6668,3,2007030000461,1,2,11,4,7,3,1,CV-715,42.8,42,8,1,1,5,2,3,3,2,1,1,2,2,1,1,7,7,8,1,1,1,9,14,2,1,1,NaN,1,NaN,NaN,,NaN,,NaN,,NaN,63,60,NaN,1,4,2,1,1,1,1,1,1,1,1,1,1,1,1,1,1,1,1,2,1,1,753160.065,4301656.663,123.803,Cob,500,0,0,1,11,5
6670,3,2007030000465,1,2,8,6,4,1,1,CV-805,11.5,11,5,1,1,5,2,2,3,2,2,1,1,1,1,1,7,7,8,3,4,4,9,14,1,1,3,NaN,2,NaN,NaN,,NaN,,NaN,,NaN,64,60,NaN,1,4,1,1,1,1,1,2,1,2,1,1,1,1,2,1,1,1,1,2,1,1,709632.694,4275775.859,631.86,Cob,1990,0,0,0,18,3
6672,3,2007030000469,1,2,3,6,6,1,1,CV-845,11.6,11,6,1,1,5,2,2,3,3,2,1,1,1,2,2,5,1,4,3,1,1,9,14,1,1,1,NaN,2,NaN,NaN,,NaN,,NaN,,58,NaN,50,NaN,1,4,2,1,1,1,1,1,1,1,1,1,1,1,1,1,1,1,1,2,1,1,687326.47,4242506.116,342.942,Cob,4139,0,0,1,17,6
6674,3,2007030000471,1,2,11,4,7,3,1,CV-95,13.4,13,4,0,1,5,3,2,3,3,2,1,2,1,1,1,2,1,3,1,1,1,9,14,3,1,1,NaN,2,NaN,NaN,,21,19,NaN,,NaN,NaN,NaN,NaN,1,4,1,1,1,1,1,1,2,1,1,1,1,1,1,1,1,1,1,2,1,1,690736.847,4210531.355,59.794,Pri,10151,0,2,0,11,7
6678,3,2007030000478,1,2,12,4,1,1,2,CV-83,26.1,26,1,1,1,5,3,2,3,3,2,1,1,1,1,1,1,4,3,1,1,1,9,14,1,1,3,NaN,2,2,NaN,,NaN,,NaN,,NaN,NaN,NaN,NaN,1,4,1,1,1,1,1,2,2,1,1,1,1,1,1,1,1,1,1,2,1,1,690542.429,4257118.201,308.956,Cob,3065,0,0,1,12,6
6682,3,2007030000488,1,2,11,4,7,3,2,CV-865,7.3,7,3,0,1,5,2,2,3,3,2,1,1,1,1,1,2,2,3,1,1,1,9,14,1,1,1,NaN,1,2,NaN,,NaN,,NaN,,NaN,NaN,NaN,NaN,1,4,2,1,1,1,1,1,2,1,1,1,1,1,1,1,1,1,1,2,1,1,709228.922,4233862.604,-9.334,Cob,15503,0,1,0,11,6
6684,3,2007030000490,1,2,14,1,3,1,1,CV-911,2.2,2,2,1,1,5,2,3,3,1,2,1,1,1,1,1,7,7,8,1,4,1,9,14,3,1,1,NaN,1,NaN,NaN,,NaN,,NaN,,NaN,54,50,NaN,1,4,2,1,1,1,1,1,1,1,1,1,1,1,1,1,1,1,1,2,1,1,687389.356,4219864.584,-10.973,Cob,9449,0,0,1,23,1
6688,3,2007030000493,1,2,9,2,5,1,2,CV-865,5,5,0,1,1,5,3,2,3,4,2,1,1,1,2,2,7,7,8,1,1,1,9,14,1,1,1,NaN,2,4,NaN,,NaN,,NaN,,NaN,NaN,NaN,NaN,1,4,2,1,1,1,1,1,1,1,1,1,1,1,1,1,1,1,1,2,1,1,709281.941,4233830.47,-11.103,Cob,15503,0,0,0,6,1
6689,3,2007030000494,1,2,11,1,7,3,1,CV-855,1.5,1,5,0,1,5,2,3,3,1,2,1,1,2,1,2,7,7,8,1,4,1,9,14,2,1,1,NaN,1,NaN,NaN,,NaN,,NaN,,66,NaN,60,NaN,1,4,1,1,1,1,1,2,1,1,1,1,1,1,1,1,1,1,1,2,1,1,701364.682,4235111.815,28.449,Pri,7022,0,0,2,0,2
6691,3,2007030000495,1,2,11,6,7,3,1,CV-700,35.2,35,2,0,1,5,2,3,3,1,2,1,1,1,1,1,7,7,5,9,5,8,9,14,3,1,2,2,1,NaN,NaN,,NaN,,NaN,,NaN,63,60,NaN,1,4,1,1,1,1,1,1,1,2,1,1,1,1,1,1,1,1,1,2,1,3,734981.692,4299160.004,566.075,Cob,694,0,0,1,19,1
6695,3,2007030000498,1,2,16,3,5,1,2,CV-900,13.3,13,3,0,1,5,3,2,3,3,2,1,1,2,2,2,1,1,3,1,1,1,9,14,1,1,1,NaN,2,4,NaN,,NaN,,NaN,,NaN,NaN,NaN,NaN,1,4,1,1,1,1,1,1,2,1,1,1,1,1,1,1,1,1,1,2,1,2,685067.285,4226147.28,-9.849,NaN,0,0,0,1,7,6
6699,3,2007030000502,1,2,10,6,6,2,2,CV-915,4,4,0,0,1,5,2,2,3,3,2,1,1,1,2,2,4,3,4,1,3,1,9,14,1,1,1,NaN,2,4,NaN,,NaN,,NaN,,NaN,NaN,NaN,NaN,1,4,2,1,1,1,1,1,1,1,1,1,1,1,1,1,1,1,1,2,1,1,677075.654,4215096.705,4.222,Sec,9567,0,0,0,21,6