Id,Ano,Numero_Accidente,Provincia,Mes,Dia,Hora,Dia_Semana,Tipo_Dia,Vehiculos_Implicados,Carretera,Pk,Km,Hm,Sentido,Zona,Tipo_Via,Anchura_Calzada,Anchura_Carril,Marcas_Viales,Arcen,Arcen_Pavimentado,Mediana,Barrera_Seguridad,Paneles_Direccionales,Hitos_Arista,Captafaros,Interseccion_Tipo,Interseccion_Acondicionamiento,Prioridad_Regulada_por,Superficie,Luminosidad,Factores_Atmosfericos,Visibilidad_Restringida_por,Otras_Circunstancias,Senalizacion_Peligro,Aceras,Arboles,Arboles_Metros_Calzada,Visibilidad_Senalizacion_Vertical,Colision_Vehiculos_Marcha,Colision_Vehiculo_Obstaculo_1,Colision_Vehiculo_Obstaculo_2,Atropello_1,Atropello_2,Vuelco_1,Vuelco_2,Salida_Sin_Colision,Salida_Con_Colision,Lado_Salida,Otro,Circulacion,Circulacion_Medidas_Especiales,Distraccion,Inexperiencia_Conductor,Alcohol_Drogas,Cansancio_Sueno,Enfermedad,Velocidad_Inadecuada,Infraccion_Norma_Circulacion,Estado_Condicion_Via,Estado_Condicion_Senalizacion,Tramo_Obras,Mal_Estado_Vehiculo,Averia_Mecanica,Meteorologia_Adversa,Irrupcion_Animal,Circular_Sentido_Contrario,Otro_Factor,Sin_Opinion_Definida,Pendiente,Curvatura,Peralte,GPS_x,GPS_y,GPS_z,Tipo_Est,IMD,N_Muertos,N_Graves,N_Leves,Hora_Real,Fuera_o_Interseccion
6701,3,2007030000504,1,2,12,1,1,1,1,CV-945,5.4,5,4,1,1,5,2,2,3,3,2,1,2,1,1,1,5,1,8,1,5,1,9,14,1,1,1,NaN,1,NaN,NaN,,NaN,,NaN,,NaN,51,50,NaN,1,4,1,1,2,1,1,1,1,1,1,1,1,1,1,1,1,1,1,2,1,1,695787.053,4211132.308,-2.205,Cob,6197,0,0,0,0,6
6703,3,2007030000517,1,2,17,6,6,2,1,CV-919,0.8,0,8,0,1,5,3,2,3,3,2,1,1,1,1,1,7,7,8,1,3,1,9,14,1,1,1,NaN,1,NaN,NaN,,NaN,,NaN,,57,NaN,50,NaN,1,4,2,1,2,1,1,1,1,1,1,1,1,1,1,1,1,1,1,2,1,1,684079.002,4219967.731,-6.768,Cob,3141,0,0,0,21,5
6707,3,2007030000518,1,2,16,6,5,1,2,CV-91,3.2,3,2,0,1,5,2,3,3,1,2,1,1,1,1,1,7,7,8,1,4,1,9,14,1,2,1,NaN,2,4,NaN,,NaN,,NaN,,NaN,NaN,NaN,NaN,1,4,2,1,1,1,1,1,2,1,1,1,1,1,1,1,1,1,1,2,2,1,684108.111,4218059.144,-13.102,Sec,13040,0,0,1,19,1
6711,3,2007030000519,1,2,18,1,7,3,4,CV-700,65.2,65,2,0,1,5,2,2,3,1,2,1,2,2,1,1,7,7,5,1,5,1,2,14,2,1,1,NaN,2,1,NaN,,NaN,,NaN,,NaN,NaN,NaN,NaN,1,4,1,1,1,1,1,1,2,1,1,1,1,1,1,1,1,1,1,2,1,2,757627.25,4304882.361,-15.448,Cob,6528,1,0,3,3,2
6715,3,2007030000543,1,2,19,3,1,1,2,CV-845,14.3,14,3,0,1,5,2,2,3,3,2,1,1,2,2,2,7,7,8,1,2,1,9,14,3,1,1,NaN,1,1,NaN,,NaN,,NaN,,NaN,NaN,NaN,NaN,1,4,1,1,1,1,1,1,2,1,1,1,1,1,1,1,1,1,1,2,1,1,682235.491,4239229.899,400.472,Cob,4139,0,0,2,7,1
6721,3,2007030000545,1,2,19,6,1,4,2,CV-905,9.5,9,5,0,1,5,3,2,3,3,2,2,1,1,1,1,7,7,5,1,3,1,9,14,1,1,1,NaN,1,3,NaN,,NaN,,NaN,,NaN,NaN,NaN,NaN,1,4,2,1,2,1,1,1,1,1,1,1,1,1,1,1,1,1,1,2,1,2,702834.91,4208361.738,-17.75,Cob,30384,0,0,0,21,1
6727,3,2007030000554,1,2,18,6,7,3,2,CV-913,3.9,3,9,0,1,5,2,3,3,3,2,1,1,2,1,1,7,7,8,1,5,1,2,14,1,1,1,NaN,2,1,NaN,,NaN,,NaN,,NaN,NaN,NaN,NaN,1,4,1,2,2,1,1,2,1,1,1,1,1,1,1,1,1,1,1,2,1,1,690167.523,4224480.008,-17.071,Sec,7690,0,0,4,21,4
6728,3,2007030000561,1,2,22,2,4,1,1,CV-773,5.4,5,4,1,1,5,2,2,3,3,2,1,2,2,1,1,7,7,8,1,5,1,9,14,1,1,1,NaN,2,NaN,NaN,,NaN,,NaN,,NaN,52,50,NaN,1,4,1,1,2,1,1,2,1,1,1,1,1,1,1,1,1,1,1,2,2,2,725319.477,4262689.991,319.428,Cob,4339,0,0,1,6,4
6730,3,2007030000562,1,2,17,4,6,2,1,CV-800,33.7,33,7,1,1,5,3,2,3,4,2,1,1,1,1,2,7,7,5,1,1,1,9,14,1,1,3,NaN,2,NaN,NaN,,NaN,,NaN,,67,NaN,60,NaN,1,4,2,1,1,1,1,1,1,1,1,1,1,1,1,1,1,1,1,2,1,1,723280.077,4256945.955,60.663,Cob,2777,0,0,0,13,2
6736,3,2007030000566,1,2,5,1,1,4,2,CV-840,7,7,0,0,1,5,3,2,3,1,2,1,1,1,1,1,1,1,8,3,5,1,9,8,1,1,1,NaN,2,3,NaN,,NaN,,NaN,,NaN,NaN,NaN,NaN,1,4,2,1,1,1,1,1,2,1,1,1,2,1,1,1,1,1,1,2,1,1,687874.658,4248799.094,364.333,Cob,4751,0,1,0,0,6
6740,3,2007030000569,1,2,18,1,7,3,1,CV-905,3.9,3,9,1,1,5,3,2,3,3,2,2,1,1,1,1,5,1,4,1,4,1,9,14,1,1,1,NaN,2,NaN,NaN,,NaN,,NaN,,NaN,63,60,NaN,1,4,2,1,1,1,1,1,1,1,1,1,1,1,1,1,1,1,1,2,1,1,702096.191,4210296.286,-16.369,Cob,27935,0,0,1,4,6
6742,3,2007030000570,1,2,19,1,1,1,1,CV-905,4.9,4,9,0,1,5,3,2,3,3,2,2,1,1,1,1,5,1,4,2,5,1,9,14,1,1,1,NaN,2,NaN,NaN,,NaN,,NaN,,NaN,63,60,NaN,1,4,2,1,1,1,1,1,1,1,1,1,1,1,1,1,1,1,1,2,1,1,700561.381,4212153.74,-16.403,Cob,30384,0,0,3,1,6
6745,3,2007030000571,1,2,17,3,6,2,3,CV-835,5,5,0,1,1,5,2,2,3,1,2,1,1,1,1,1,7,7,5,1,1,1,9,14,3,1,1,NaN,2,NaN,NaN,,NaN,,NaN,,NaN,NaN,NaN,71,1,4,1,1,1,1,1,1,2,1,1,1,1,1,1,1,1,1,1,2,1,1,691640.646,4260971.448,355.516,Sec,3860,0,0,0,9,2
6749,3,2007030000574,1,2,21,6,3,1,2,CV-95,12.6,12,6,0,1,5,3,2,3,3,2,1,2,1,2,2,1,4,3,1,1,1,9,14,1,1,1,NaN,2,2,NaN,,NaN,,NaN,,NaN,NaN,NaN,NaN,1,4,1,1,1,1,1,1,2,1,1,1,1,1,1,1,1,1,1,2,1,1,690151.355,4210887.111,79.918,Cob,11670,0,0,2,18,6
6753,3,2007030000575,1,2,19,4,1,4,2,CV-736,6.7,6,7,0,1,5,2,3,2,1,2,1,2,1,1,1,7,7,8,1,1,1,2,14,1,1,1,NaN,2,3,NaN,,NaN,,NaN,,NaN,NaN,NaN,NaN,1,4,1,1,1,1,1,1,2,1,1,1,1,1,1,1,1,1,1,2,1,1,774431.549,4299576.434,160.943,Cob,4859,0,0,1,14,5
6761,3,2007030000577,1,2,20,4,2,1,4,CV-95,5,5,0,1,1,5,3,2,3,3,2,1,1,1,1,1,1,3,2,1,1,1,9,14,1,1,1,NaN,2,5,NaN,,NaN,,NaN,,NaN,NaN,NaN,NaN,2,4,2,1,1,1,1,2,2,1,1,1,1,1,1,1,1,1,1,2,1,2,697429.643,4205484.402,14.311,Cob,14091,0,0,4,12,7
6763,3,2007030000589,1,2,18,6,7,3,1,CV-80,9.1,9,1,0,1,2,3,2,3,4,2,2,2,2,2,2,7,7,5,1,5,5,9,14,3,1,1,NaN,1,NaN,30,32,NaN,,NaN,,NaN,NaN,NaN,NaN,1,4,1,1,1,1,1,2,1,1,1,1,1,1,1,1,1,1,1,2,1,2,696622.659,4274244.643,698.719,Cob,7169,0,0,0,21,2
6764,3,2007030000590,1,2,21,3,3,1,1,CV-805,11.3,11,3,1,1,5,3,2,3,3,2,1,2,2,2,2,7,7,5,3,1,4,9,14,1,1,1,NaN,1,NaN,NaN,,NaN,,NaN,,NaN,54,50,NaN,1,4,1,1,1,1,1,2,1,1,1,1,1,1,1,1,1,1,1,2,1,1,709494.596,4275634.041,631.079,Cob,1990,0,0,1,10,4
6768,3,2007030000591,1,2,23,2,5,1,2,CV-870,0.3,0,3,0,1,5,3,2,3,3,2,1,2,2,1,1,1,1,3,1,4,1,9,14,1,1,3,NaN,2,2,NaN,,NaN,,NaN,,NaN,NaN,NaN,NaN,1,4,1,1,1,1,1,1,2,1,1,1,1,1,1,1,1,1,1,2,1,1,681226.761,4220487.852,4.621,Cob,16399,0,0,0,6,6
6769,3,2007030000603,1,2,24,1,6,2,1,CV-914,3.1,3,1,1,1,5,2,3,3,1,2,1,1,1,1,1,7,7,8,1,4,1,9,14,3,2,3,NaN,1,NaN,NaN,,NaN,,NaN,,66,NaN,60,NaN,1,4,2,1,2,1,1,1,1,1,1,1,1,1,1,1,1,1,1,2,1,1,691144.241,4218762.759,-16.481,Cob,4540,0,0,1,0,1
6770,3,2007030000605,1,2,24,6,6,3,1,CV-800,23.5,23,5,1,1,5,3,2,3,3,2,1,2,2,2,2,7,7,8,1,1,1,9,14,1,1,3,NaN,2,NaN,NaN,,NaN,,NaN,,NaN,62,60,NaN,1,4,1,1,1,1,1,2,1,1,1,1,1,1,1,1,1,1,1,2,1,3,719465.798,4265830.092,293.983,Cob,2777,0,1,0,17,2
6772,3,2007030000608,1,2,25,4,7,3,1,CV-715,31.5,31,5,0,1,5,1,3,3,1,2,1,2,2,2,2,7,7,8,1,1,1,9,14,3,1,1,NaN,2,NaN,NaN,,NaN,,NaN,,66,NaN,60,NaN,1,4,2,1,1,1,1,1,1,1,1,1,1,1,1,1,1,1,1,2,1,1,752510.135,4287237.061,522.772,Cob,500,0,1,0,11,1
6774,3,2007030000619,1,2,27,1,2,1,1,CV-905,8.5,8,5,1,1,5,3,2,3,3,2,2,2,2,2,2,7,7,8,1,4,1,9,14,3,1,1,NaN,1,NaN,NaN,,NaN,,NaN,,56,NaN,50,NaN,1,4,2,2,2,1,1,1,2,1,1,1,1,1,1,1,1,1,1,2,1,1,699820.305,4214100.054,3.879,Cob,30384,0,0,0,3,1
6778,3,2007030000625,1,2,24,3,6,2,2,CV-865,2.1,2,1,1,1,5,3,2,3,3,2,1,1,1,2,1,1,5,3,1,1,1,9,14,1,1,3,NaN,2,2,NaN,,NaN,,NaN,,NaN,NaN,NaN,NaN,1,4,2,1,1,1,1,1,2,1,1,1,1,1,1,1,1,1,1,2,1,1,711439.058,4231970.134,-15.27,Cob,15503,0,0,1,10,6
6781,3,2007030000637,1,2,23,6,5,1,1,CV-835,8,8,0,1,1,5,2,2,3,3,2,1,1,2,1,1,7,7,8,1,1,1,9,14,1,1,1,NaN,1,NaN,NaN,,NaN,,NaN,,57,NaN,50,NaN,1,4,2,1,2,2,1,2,2,1,1,1,1,1,1,1,1,1,1,2,2,1,691003.673,4258160.011,320.822,Sec,3860,0,0,0,17,5
6782,3,2007030000644,1,2,28,6,3,1,1,CV-905,2.5,2,5,0,1,5,3,1,3,3,2,2,1,1,2,2,5,1,8,1,3,1,9,14,1,1,3,NaN,2,NaN,NaN,,NaN,,NaN,,NaN,61,60,NaN,1,4,2,1,2,1,1,1,1,1,1,1,1,1,1,1,1,1,1,2,1,1,699709.655,4214353.571,4.293,Pri,26822,0,0,0,20,7
6786,3,2007030000652,1,2,16,6,5,1,2,CV-799,6,6,0,0,1,5,3,2,3,3,2,1,1,1,1,2,1,1,8,1,4,1,9,14,2,1,1,NaN,2,3,NaN,,NaN,,NaN,,NaN,NaN,NaN,NaN,1,4,2,1,1,1,1,1,2,1,1,1,1,1,1,1,1,1,1,2,1,1,693295.12,4278273.776,612.651,Pri,4563,0,0,0,20,6
6792,3,2007030000654,1,3,2,3,5,1,3,CV-755,13.1,13,1,0,1,5,3,2,3,3,2,1,1,1,1,1,1,1,3,1,1,1,9,14,1,1,1,NaN,2,2,NaN,,NaN,,NaN,,NaN,NaN,NaN,NaN,1,4,1,1,1,1,1,1,2,1,1,2,1,1,1,1,1,1,1,1,1,1,751192.119,4281738.437,175.136,Cob,3481,0,0,1,8,6
6794,3,2007030000662,1,3,2,6,5,1,1,CV-715,16.6,16,6,0,1,5,3,2,3,4,2,1,1,1,1,1,7,7,6,1,1,1,6,6,1,2,1,NaN,3,NaN,NaN,,21,21,NaN,,NaN,NaN,NaN,NaN,1,4,1,1,1,1,1,1,2,1,1,1,1,1,1,1,1,1,1,2,1,1,754906.686,4292718.135,245.05,Cob,3457,0,2,0,17,1
6795,3,2007030000663,1,2,25,1,7,3,1,CV-941,4.2,4,2,1,1,5,2,3,3,3,2,1,1,2,1,1,7,7,8,1,5,1,2,14,1,1,1,NaN,2,NaN,NaN,,NaN,,NaN,,NaN,63,60,NaN,1,4,1,1,1,1,1,2,1,1,1,1,1,1,1,1,1,1,1,2,1,1,693974.952,4202385.988,121.554,Sec,4094,0,0,0,3,5
6796,3,2007030000665,1,3,2,1,5,1,1,CV-920,3.2,3,2,0,1,5,3,2,3,3,2,1,2,2,2,2,7,7,8,1,5,1,9,14,1,1,1,NaN,2,NaN,NaN,,NaN,,NaN,,NaN,52,50,NaN,1,4,1,1,1,1,1,2,1,1,1,1,1,1,1,1,1,1,1,2,1,1,688370.179,4215538.885,-0.609,Pri,7211,0,0,1,0,2
6797,3,2007030000672,1,3,4,3,7,3,1,CV-800,23.1,23,1,1,1,5,3,2,3,3,2,1,1,2,1,1,7,7,8,1,1,1,9,14,1,1,1,NaN,2,NaN,NaN,,NaN,,12,9,NaN,NaN,NaN,NaN,1,4,1,1,1,1,1,2,1,1,1,1,1,1,1,1,1,1,1,2,1,1,719215.889,4266127.915,308.089,Cob,2777,0,1,0,10,5
6799,3,2007030000673,1,3,4,4,7,3,2,CV-950,4.8,4,8,0,1,5,2,3,3,3,2,1,2,1,1,1,7,7,8,1,1,1,9,14,1,1,1,NaN,2,2,NaN,,NaN,,NaN,,NaN,NaN,NaN,NaN,1,4,1,1,1,1,1,2,2,1,1,1,1,1,1,1,1,1,1,2,1,1,686495.245,4211767.042,80.973,Cob,482,0,2,0,11,1
6800,3,2007030000675,1,3,4,6,7,3,1,CV-905,6.8,6,8,0,1,5,3,2,3,4,2,2,1,2,1,1,5,6,4,1,4,1,9,14,1,1,3,NaN,2,NaN,NaN,,NaN,,NaN,,NaN,63,60,NaN,1,4,2,1,2,1,1,2,2,1,1,1,1,1,1,1,1,1,1,2,1,1,701701.897,4210703.67,-15.131,Cob,30384,0,0,1,19,6
6802,3,2007030000676,1,3,5,3,1,1,2,CV-700,63,63,0,1,1,5,2,3,3,2,2,1,1,1,1,1,7,7,8,1,1,1,9,14,2,1,1,NaN,1,1,NaN,,NaN,,NaN,,NaN,NaN,NaN,NaN,1,4,2,1,1,1,1,1,2,1,1,1,1,1,1,1,1,1,1,2,2,2,713714.633,4295203.99,611.353,Cob,6528,0,0,1,8,2
6804,3,2007030000688,1,2,25,3,7,3,2,CV-70,9.3,9,3,0,1,5,1,3,3,3,2,1,1,2,2,2,1,1,3,1,1,1,9,14,3,1,1,NaN,1,NaN,NaN,,NaN,,NaN,,NaN,NaN,NaN,71,1,4,1,1,1,1,1,1,2,1,1,1,1,1,1,1,1,1,1,2,1,1,728194.499,4286866.54,538.8,Cob,1130,0,1,0,10,6
6805,3,2007030000693,1,3,4,4,7,3,1,CV-912,3.9,3,9,1,1,5,2,3,3,3,2,1,2,2,1,2,7,7,5,1,1,1,9,14,1,1,1,NaN,2,NaN,NaN,,NaN,,NaN,,NaN,64,60,NaN,1,4,2,1,2,1,1,2,1,1,1,1,1,1,1,1,1,1,1,2,1,1,690695.066,4221784.299,-17.961,Cob,3150,0,0,1,13,5
6806,3,2007030000695,1,3,5,5,1,4,1,CV-905,6,6,0,0,1,5,2,3,3,3,2,2,1,1,1,2,7,7,8,1,1,1,9,14,3,1,1,NaN,1,NaN,NaN,,21,21,NaN,,NaN,NaN,NaN,NaN,1,4,1,1,1,1,1,1,1,1,1,1,1,1,1,1,1,2,1,2,1,1,701137.262,4211247.224,-8.921,Cob,30384,0,1,0,15,1
6807,3,2007030000703,1,2,24,6,6,2,1,CV-800,12,12,0,1,1,5,3,2,3,3,2,1,1,2,1,1,7,7,8,1,3,1,9,14,3,1,1,NaN,2,NaN,NaN,,NaN,,NaN,,57,NaN,50,NaN,1,4,1,1,1,1,1,2,1,1,1,1,1,1,1,1,1,1,1,2,1,1,717257.919,4272813.769,712.538,Sec,6002,0,0,0,22,5
6810,3,2007030000708,1,3,1,3,4,1,2,CV-945,7.9,7,9,0,1,5,2,3,3,3,2,1,1,1,1,1,1,1,8,1,1,1,9,14,2,1,1,NaN,1,3,NaN,,NaN,,NaN,,NaN,NaN,NaN,NaN,1,4,2,1,1,1,1,1,2,1,1,1,1,1,1,1,1,1,1,2,1,1,693222.774,4210854.678,17.255,Cob,5472,0,0,2,9,6
6812,3,2007030000711,1,3,6,3,2,1,2,CV-773,3.4,3,4,0,1,5,2,2,3,2,2,1,1,1,1,1,1,1,3,1,1,1,9,14,1,1,3,NaN,2,2,NaN,,NaN,,NaN,,NaN,NaN,NaN,NaN,1,4,2,1,1,1,1,1,2,1,1,1,1,1,1,1,1,1,1,2,1,1,723069.752,4259630.904,119.691,Cob,4339,0,0,2,9,7
6813,3,2007030000718,1,3,4,4,7,3,1,CV-800,8.6,8,6,1,1,5,3,2,3,3,2,1,2,2,2,2,7,7,5,1,1,1,9,14,1,1,3,NaN,2,NaN,NaN,,NaN,,NaN,,56,NaN,50,NaN,1,4,1,1,1,1,1,1,1,1,1,1,1,1,1,1,1,2,1,2,1,1,717914.06,4274034.203,885.202,Sec,6002,0,0,1,12,5
6815,3,2007030000719,1,3,1,6,4,1,2,CV-790,4.8,4,8,0,1,5,3,2,3,3,2,1,2,2,2,2,7,7,5,1,5,1,9,14,1,1,1,NaN,2,2,NaN,,NaN,,NaN,,NaN,NaN,NaN,NaN,1,4,1,1,1,1,1,1,2,1,1,1,1,1,1,1,1,1,1,2,2,2,724709.148,4289925.827,415.947,Cob,3423,0,0,1,20,1
6819,3,2007030000720,1,3,7,6,3,1,3,CV-734,6.3,6,3,0,1,5,2,2,3,3,2,1,2,1,2,2,7,7,8,3,1,8,9,14,1,1,1,NaN,2,1,NaN,,NaN,,NaN,,NaN,NaN,NaN,NaN,1,4,1,1,1,1,1,2,1,1,1,1,1,1,1,1,1,1,1,2,1,1,772982.266,4296745.831,10.15,Sec,12492,1,4,0,17,1
6821,3,2007030000721,1,3,4,6,7,3,2,CV-905,5.5,5,5,1,1,5,3,2,3,2,2,2,2,2,2,2,7,7,5,1,5,1,9,14,1,1,1,NaN,2,4,NaN,,NaN,,NaN,,NaN,NaN,NaN,NaN,1,4,2,1,1,1,1,2,2,1,1,1,1,1,1,1,1,1,1,2,1,1,701029.811,4211425.036,-7.194,Cob,30384,0,0,0,22,1
6823,3,2007030000724,1,3,7,6,3,1,2,CV-70,47.6,47,6,0,1,5,2,3,3,2,2,2,1,1,1,1,7,7,8,1,1,1,9,14,3,2,1,NaN,2,4,NaN,,NaN,,NaN,,NaN,NaN,NaN,NaN,2,4,1,1,1,1,1,1,2,1,1,1,1,1,1,1,1,1,1,2,2,1,750086.761,4273600.464,147.972,Per,32000,0,1,0,22,1
6826,3,2007030000735,1,3,7,6,3,1,3,CV-865,7.4,7,4,0,1,5,2,2,3,3,2,1,1,1,2,1,7,7,8,1,1,1,9,14,3,1,1,NaN,1,5,NaN,,NaN,,NaN,,NaN,NaN,NaN,NaN,1,4,1,1,1,1,1,1,2,1,1,1,1,1,1,1,1,1,1,2,1,1,709308.898,4233804.494,-10.397,Cob,15503,0,0,0,18,1
6827,3,2007030000741,1,3,8,6,4,1,1,CV-919,0.7,0,7,0,1,5,2,3,3,1,2,1,1,2,1,1,7,7,8,1,5,8,9,14,1,1,1,NaN,2,NaN,NaN,,NaN,,NaN,,NaN,51,50,NaN,1,4,2,1,1,1,1,1,1,1,1,1,1,1,1,1,1,1,1,2,1,1,684051.84,4220061.969,-5.991,Cob,3141,0,0,2,18,5
6828,3,2007030000752,1,3,11,4,7,3,1,CV-950,4,4,0,0,1,5,2,3,3,3,2,1,1,2,1,1,7,7,8,1,1,1,9,14,1,1,1,NaN,2,NaN,NaN,,NaN,,12,9,NaN,NaN,NaN,NaN,1,4,1,1,1,1,1,2,1,1,1,1,1,1,1,1,1,1,1,2,1,1,687059.279,4211722.731,81.569,Cob,482,0,1,0,11,4
6832,3,2007030000753,1,3,10,6,6,2,2,CV-913,1.2,1,2,0,1,5,2,3,3,1,2,1,1,1,1,1,1,1,8,1,3,1,9,14,1,2,1,NaN,2,2,NaN,,NaN,,NaN,,NaN,NaN,NaN,NaN,1,4,1,1,1,1,1,1,2,1,1,1,1,1,1,1,1,1,1,2,1,1,688261.73,4222674.435,-13.976,Sec,7690,0,0,2,20,7
6834,3,2007030000761,1,3,12,5,1,1,2,CV-70,35.7,35,7,1,1,5,2,3,3,4,2,1,1,2,1,1,7,7,5,3,1,4,2,14,1,1,1,NaN,2,1,NaN,,NaN,,NaN,,NaN,NaN,NaN,NaN,1,4,1,1,1,1,1,2,1,1,1,1,1,1,1,1,1,1,1,2,1,2,733055.657,4285802.784,729.31,Cob,1917,0,0,1,16,5
6836,3,2007030000768,1,3,13,3,2,1,1,CV-724,3.3,3,3,0,1,5,2,3,3,2,2,1,1,1,1,1,7,7,8,1,1,1,9,13,2,1,1,NaN,3,NaN,30,32,NaN,,NaN,,NaN,NaN,NaN,NaN,1,4,1,1,1,1,1,1,1,1,1,1,1,1,1,1,1,2,1,2,1,1,764465.479,4301560.528,1.827,Sec,6467,0,0,0,7,2
6837,3,2007030000769,1,3,13,3,2,1,1,CV-920,7.5,7,5,1,1,5,2,3,3,1,2,1,1,1,1,1,7,7,8,1,1,1,9,14,2,1,1,NaN,1,NaN,NaN,,NaN,,12,9,NaN,NaN,NaN,NaN,1,4,1,1,1,1,1,1,1,1,1,1,1,1,1,1,1,2,1,2,1,1,699088.695,4218774.152,-17.528,Cob,3839,0,0,1,10,1
6840,3,2007030000773,1,3,12,6,1,4,3,CV-820,17.8,17,8,0,1,5,2,3,3,3,2,1,2,2,2,1,2,1,3,1,5,1,9,14,1,1,1,NaN,2,2,NaN,,NaN,,NaN,,NaN,NaN,NaN,NaN,1,4,2,1,1,1,1,1,2,1,1,1,1,1,1,1,1,1,1,2,1,2,698409.817,4252979.447,240.751,Pri,3589,0,0,2,19,6
6842,3,2007030000781,1,3,8,5,4,1,2,CV-941,10.5,10,5,0,1,5,3,2,3,3,2,1,1,1,1,1,1,1,3,1,1,1,9,14,1,1,3,NaN,2,2,NaN,,NaN,,NaN,,NaN,NaN,NaN,NaN,1,4,1,1,1,1,1,1,2,1,1,1,1,1,1,1,1,1,1,2,1,1,694072.182,4204646.086,98.064,Sec,4094,0,0,0,16,6
6845,3,2007030000782,1,3,14,4,3,1,3,CV-821,6,6,0,0,1,5,3,2,3,3,2,1,1,1,1,1,2,1,4,1,1,1,9,14,1,2,1,NaN,2,4,NaN,,NaN,,NaN,,NaN,NaN,NaN,NaN,1,4,1,1,1,1,1,1,2,1,1,1,1,1,1,1,1,1,1,2,1,1,721301.285,4254176.069,37.678,Cob,14837,0,0,1,13,6
6846,3,2007030000785,1,3,14,3,3,1,1,CV-913,1.8,1,8,0,1,5,3,2,3,3,2,1,1,1,1,1,7,7,8,1,1,1,9,14,1,1,1,NaN,2,NaN,NaN,,NaN,,NaN,,NaN,61,60,NaN,1,4,2,1,1,1,1,1,1,1,1,1,1,1,1,1,1,1,1,2,1,1,688745.386,4223016.459,-14.666,Sec,7690,0,0,1,10,1
6847,3,2007030000790,1,3,11,3,7,3,1,CV-900,2.4,2,4,0,1,5,2,2,3,3,2,1,1,2,2,2,5,6,4,1,1,1,9,14,1,2,1,NaN,1,NaN,NaN,,NaN,,NaN,,NaN,53,50,NaN,1,4,2,1,2,2,1,1,1,1,1,1,1,1,1,1,1,1,1,2,1,1,683105.307,4220042.896,-1.836,Cob,10636,0,0,0,9,6
6849,3,2007030000802,1,3,17,3,6,2,2,CV-900,6.9,6,9,0,1,5,2,3,3,3,2,1,1,1,1,1,7,7,8,1,2,1,9,14,3,1,1,NaN,2,2,NaN,,NaN,,NaN,,NaN,NaN,NaN,NaN,1,4,1,1,1,1,1,1,2,1,1,1,1,1,1,1,1,1,1,2,1,1,686887.825,4220755.726,-8.479,Sec,10621,0,0,0,7,1
6852,3,2007030000810,1,3,18,4,7,3,1,CV-95,12.5,12,5,0,1,5,2,2,3,3,2,1,1,2,1,1,7,7,8,1,1,1,9,8,1,1,1,NaN,2,NaN,NaN,,NaN,,NaN,,66,NaN,60,NaN,1,4,2,1,1,2,1,2,2,1,1,1,1,1,1,1,1,1,1,2,1,1,689987.022,4210990.678,87.335,Cob,11670,2,0,2,13,5
6854,3,2007030000811,1,3,18,3,7,3,2,CV-855,9.3,9,3,1,1,5,2,3,3,3,2,1,1,1,1,1,7,7,8,1,1,1,9,14,3,1,3,NaN,2,4,NaN,,NaN,,NaN,,NaN,NaN,NaN,NaN,1,4,2,1,2,1,1,1,1,1,1,1,1,1,1,1,1,1,1,2,2,2,701409.152,4228502.811,-15.955,Cob,10434,0,1,0,10,1
6858,3,2007030000814,1,3,19,4,1,3,3,CV-820,1.2,1,2,0,1,5,3,2,1,1,2,1,2,1,2,1,1,6,8,1,1,9,9,14,3,1,1,NaN,2,NaN,30,32,NaN,,NaN,,NaN,NaN,NaN,NaN,1,4,1,1,1,1,1,1,2,1,1,1,1,1,1,1,1,2,1,2,1,1,712907.706,4254363.452,125.848,Cob,7904,0,0,1,12,7
6868,3,2007030000824,1,3,19,4,1,3,1,CV-895,4.2,4,2,0,1,5,3,2,3,3,2,1,1,2,1,1,5,6,4,1,1,1,9,14,3,1,3,NaN,2,NaN,NaN,,NaN,,NaN,,NaN,63,60,NaN,1,4,1,1,1,1,1,2,2,1,1,1,1,1,1,1,1,1,1,2,1,1,703119.919,4215494.111,5.062,Cob,9017,0,0,11,11,6
6869,3,2007030000829,1,3,20,5,2,4,1,CV-70,37.6,37,6,0,1,5,2,3,3,4,2,1,2,1,2,2,7,7,8,1,1,1,9,14,1,1,1,NaN,2,NaN,NaN,,NaN,,NaN,,NaN,63,60,NaN,1,4,1,1,1,1,1,1,1,1,1,1,1,2,1,1,1,1,1,1,1,3,746799.548,4281270.08,418.107,Cob,1917,0,0,1,15,2
6875,3,2007030000833,1,3,16,4,5,1,2,CV-821,5.9,5,9,0,1,5,2,2,3,3,2,2,1,1,1,1,5,6,4,1,1,1,9,14,1,1,3,NaN,2,3,NaN,,NaN,,NaN,,NaN,NaN,NaN,NaN,1,4,1,1,1,1,1,1,2,1,1,1,1,1,1,1,1,1,1,2,1,1,721224.47,4254113.659,37.896,Sec,30587,0,0,0,13,6
6878,3,2007030000852,1,3,13,5,2,1,3,CV-821,8.6,8,6,0,1,5,3,2,3,3,2,2,2,2,1,1,5,1,8,1,1,1,9,14,3,1,1,NaN,2,5,NaN,,NaN,,NaN,,NaN,NaN,NaN,NaN,1,4,2,1,1,1,1,1,1,1,1,1,1,1,1,1,1,1,1,2,1,1,723245.697,4252655.877,8.564,Cob,14837,0,0,0,16,6