Id,Ano,Numero_Accidente,Provincia,Mes,Dia,Hora,Dia_Semana,Tipo_Dia,Vehiculos_Implicados,Carretera,Pk,Km,Hm,Sentido,Zona,Tipo_Via,Anchura_Calzada,Anchura_Carril,Marcas_Viales,Arcen,Arcen_Pavimentado,Mediana,Barrera_Seguridad,Paneles_Direccionales,Hitos_Arista,Captafaros,Interseccion_Tipo,Interseccion_Acondicionamiento,Prioridad_Regulada_por,Superficie,Luminosidad,Factores_Atmosfericos,Visibilidad_Restringida_por,Otras_Circunstancias,Senalizacion_Peligro,Aceras,Arboles,Arboles_Metros_Calzada,Visibilidad_Senalizacion_Vertical,Colision_Vehiculos_Marcha,Colision_Vehiculo_Obstaculo_1,Colision_Vehiculo_Obstaculo_2,Atropello_1,Atropello_2,Vuelco_1,Vuelco_2,Salida_Sin_Colision,Salida_Con_Colision,Lado_Salida,Otro,Circulacion,Circulacion_Medidas_Especiales,Distraccion,Inexperiencia_Conductor,Alcohol_Drogas,Cansancio_Sueno,Enfermedad,Velocidad_Inadecuada,Infraccion_Norma_Circulacion,Estado_Condicion_Via,Estado_Condicion_Senalizacion,Tramo_Obras,Mal_Estado_Vehiculo,Averia_Mecanica,Meteorologia_Adversa,Irrupcion_Animal,Circular_Sentido_Contrario,Otro_Factor,Sin_Opinion_Definida,Pendiente,Curvatura,Peralte,GPS_x,GPS_y,GPS_z,Tipo_Est,IMD,N_Muertos,N_Graves,N_Leves,Hora_Real,Fuera_o_Interseccion
6881,3,2007030000854,1,3,9,1,5,1,1,CV-865,1.5,1,5,1,1,5,3,2,3,3,2,1,1,1,2,1,7,7,8,1,5,1,9,14,3,1,1,NaN,2,NaN,NaN,,21,24,NaN,,NaN,NaN,NaN,NaN,1,4,1,1,1,1,1,1,1,1,1,1,1,1,1,2,1,1,1,2,1,1,711926.317,4231628.724,-15.275,Cob,15503,0,0,0,3,1
6883,3,2007030000856,1,3,17,3,6,2,2,CV-805,12.4,12,4,0,1,5,3,3,3,3,2,1,2,1,2,2,1,1,5,1,1,1,9,14,3,1,1,NaN,1,3,NaN,,NaN,,NaN,,NaN,NaN,NaN,NaN,1,4,2,1,1,1,1,1,1,1,1,1,1,1,1,1,1,1,1,2,1,2,708476.51,4267097.375,566.971,Cob,1990,0,0,0,10,6
6888,3,2007030000867,1,3,7,4,3,1,2,CV-805,7,7,0,0,1,5,2,3,3,3,2,1,1,1,1,1,7,7,5,1,1,1,9,14,3,1,3,NaN,1,2,NaN,,NaN,,NaN,,NaN,NaN,NaN,NaN,1,4,2,1,1,1,1,1,1,1,1,1,1,1,1,1,1,1,1,2,1,1,708336.621,4271690.456,543.987,Cob,1990,0,0,0,12,1
6889,3,2007030000868,1,3,24,3,6,2,1,CV-905,6.8,6,8,1,1,3,2,3,3,3,2,2,1,1,2,2,7,7,8,1,5,1,9,14,2,1,3,NaN,1,NaN,NaN,,NaN,,NaN,,NaN,61,60,NaN,1,4,2,1,1,1,1,1,1,1,1,1,1,1,1,1,1,1,1,2,1,1,700423.915,4212536.385,-16.796,Cob,30384,2,0,0,7,1
6891,3,2007030000871,1,3,24,3,6,2,2,CV-855,13.9,13,9,0,1,5,2,3,3,3,2,1,2,1,1,2,2,1,3,1,1,1,9,14,1,1,3,NaN,2,2,NaN,,NaN,,NaN,,NaN,NaN,NaN,NaN,1,4,2,1,1,1,1,1,2,1,1,1,1,1,1,1,1,1,1,2,1,1,698722.098,4224346.4,-20.25,Cob,4942,0,1,0,10,6
6894,3,2007030000872,1,3,24,4,6,2,3,CV-734,3.8,3,8,1,1,5,3,2,3,3,2,1,1,1,1,1,7,7,8,1,1,1,9,14,3,1,1,NaN,2,5,NaN,,NaN,,NaN,,NaN,NaN,NaN,NaN,1,4,2,1,1,1,1,1,2,1,1,1,1,1,1,1,1,1,1,2,1,1,770482.938,4296796.786,24.643,Sec,12492,0,2,2,13,1
6895,3,2007030000873,1,3,23,1,5,1,1,CV-900,9.5,9,5,1,1,5,3,2,3,4,2,1,2,1,1,1,7,7,8,1,5,1,9,14,3,1,1,NaN,2,NaN,NaN,,21,24,NaN,,NaN,NaN,NaN,NaN,1,4,1,1,1,1,1,1,1,1,1,1,1,1,1,2,1,1,1,2,1,1,685166.007,4220793.531,-9.971,Sec,10621,0,0,0,4,1
6896,3,2007030000874,1,3,25,2,7,3,1,CV-900,2.3,2,3,0,1,5,3,2,3,3,2,1,1,1,1,1,7,7,8,1,4,1,9,14,1,1,1,NaN,2,NaN,NaN,,21,21,NaN,,NaN,NaN,NaN,NaN,1,4,1,2,2,1,1,1,1,1,1,1,1,1,1,1,1,1,1,2,1,1,683020.186,4219991.99,-1.71,Cob,10636,0,0,1,6,1
6898,3,2007030000877,1,3,24,5,6,2,2,CV-700,60.7,60,7,1,1,5,3,2,3,3,2,1,1,1,1,1,2,5,3,1,1,1,9,14,1,1,1,NaN,2,2,NaN,,NaN,,NaN,,NaN,NaN,NaN,NaN,1,4,1,1,1,1,1,1,2,1,1,1,1,1,1,1,1,1,1,2,2,1,715452.467,4295694.803,640.806,Cob,6528,0,0,1,15,6
6899,3,2007030000884,1,3,24,3,6,2,1,CV-821,7.6,7,6,1,1,5,3,2,3,2,2,2,2,2,2,2,7,7,8,1,1,1,9,14,3,1,1,NaN,2,NaN,NaN,,NaN,,NaN,,NaN,51,50,NaN,1,4,1,1,1,1,1,2,1,1,1,1,1,1,1,1,1,1,1,2,1,3,717985.752,4252364.425,67.512,Cob,14837,0,1,0,8,2
6901,3,2007030000888,1,3,15,3,4,1,2,CV-825,8,8,0,0,1,5,3,2,3,3,2,1,1,1,1,1,2,1,3,1,1,1,9,14,1,1,1,NaN,2,2,NaN,,NaN,,NaN,,NaN,NaN,NaN,NaN,1,4,1,1,1,1,1,1,2,1,1,1,1,1,1,1,1,1,1,2,1,1,700185.714,4252487.002,219.502,Cob,2336,0,0,0,9,6
6905,3,2007030000908,1,3,11,6,7,3,2,CV-70,42.2,42,2,1,1,5,2,3,3,2,2,2,1,1,1,1,1,1,3,1,3,1,9,14,3,2,1,NaN,2,NaN,NaN,,NaN,,12,9,NaN,NaN,NaN,NaN,1,4,1,1,1,1,1,1,2,1,1,1,1,1,1,1,1,1,1,2,1,1,727235.558,4286807.568,488.529,Cob,0,0,1,0,21,7
6906,3,2007030000912,1,3,26,1,1,4,1,CV-905,6.4,6,4,0,1,5,3,2,3,3,2,2,1,2,1,1,5,3,4,3,3,4,9,14,1,1,1,NaN,2,NaN,NaN,,NaN,,NaN,,NaN,53,50,NaN,1,4,2,1,2,1,1,2,2,1,1,1,1,1,1,1,1,1,1,2,1,1,701412.206,4210953.765,-11.362,Cob,30384,0,0,1,4,6
6907,3,2007030000915,1,3,27,6,2,1,1,CV-715,22.5,22,5,0,1,5,2,3,3,1,2,1,2,2,1,1,7,7,5,3,2,4,2,14,1,1,3,NaN,2,NaN,NaN,,NaN,,NaN,,NaN,62,60,NaN,1,4,2,1,1,1,1,1,1,1,1,1,1,1,1,1,1,1,1,2,1,2,755453.002,4290524.576,560.223,Cob,3457,0,0,0,19,4
6909,3,2007030000920,1,3,27,6,2,1,2,CV-91,0.1,0,1,0,1,5,3,2,3,3,2,1,2,2,1,1,7,7,8,3,1,4,2,14,1,1,1,NaN,2,3,NaN,,NaN,,NaN,,NaN,NaN,NaN,NaN,1,4,1,1,1,1,1,2,2,1,1,1,1,1,2,1,1,1,1,2,3,1,681122.304,4217692.111,-7.772,Cob,11107,0,1,0,17,5
6913,3,2007030000924,1,3,26,6,1,4,4,CV-83,18.1,18,1,0,1,5,3,3,3,3,2,1,2,1,2,2,7,7,8,1,2,1,9,14,3,1,1,NaN,1,5,NaN,,NaN,,NaN,,NaN,NaN,NaN,NaN,1,4,2,1,1,1,1,1,2,1,1,1,1,1,1,1,1,1,1,2,1,1,677425.232,4254413.953,538.732,Cob,5881,0,0,0,19,1
6914,3,2007030000932,1,3,27,4,2,1,1,CV-81,48.6,48,6,1,1,5,2,2,3,3,2,1,2,2,2,2,7,7,8,3,1,4,9,14,3,1,1,NaN,2,NaN,NaN,,NaN,,NaN,,NaN,53,50,NaN,1,4,2,1,1,1,1,2,1,1,1,1,1,1,1,1,1,1,1,2,2,3,708175.396,4297110.001,396.548,Cob,5714,0,0,2,13,4
6918,3,2007030000933,1,3,24,4,6,2,2,CV-915,5.3,5,3,0,1,5,2,2,3,3,2,1,1,1,1,1,7,7,8,1,1,1,9,14,2,2,3,NaN,1,4,NaN,,NaN,,NaN,,NaN,NaN,NaN,NaN,1,4,2,1,1,1,1,1,1,1,1,1,1,1,1,1,1,1,1,2,1,1,676357.503,4214071.091,3.813,Sec,9567,0,0,4,11,1
6920,3,2007030000937,1,3,29,4,4,1,2,CV-870,5.9,5,9,1,1,5,2,3,3,2,2,1,1,2,1,1,7,7,8,1,1,1,2,14,1,1,3,NaN,2,3,NaN,,NaN,,NaN,,NaN,NaN,NaN,NaN,1,4,2,1,2,1,1,1,2,1,1,1,1,1,1,1,1,1,1,2,1,1,678649.731,4225063.133,32.698,Cob,5967,0,0,0,14,5
6924,3,2007030000938,1,3,16,6,5,1,2,CV-821,3.5,3,5,1,1,3,2,2,3,1,2,2,2,1,2,2,5,2,4,1,1,1,9,14,1,1,1,NaN,1,3,NaN,,NaN,,NaN,,NaN,NaN,NaN,NaN,1,4,1,1,1,1,1,1,2,1,1,1,1,1,1,1,1,1,1,2,1,1,721374.884,4254255.378,39.161,Sec,30587,0,1,2,18,6
6929,3,2007030000950,1,3,30,4,5,1,2,CV-905,5,5,0,0,1,5,2,2,3,4,2,2,1,2,1,1,7,7,8,1,1,1,9,14,3,1,3,NaN,2,NaN,30,29,NaN,,NaN,,NaN,NaN,NaN,NaN,2,4,2,1,1,1,1,1,1,1,1,1,1,1,1,1,1,1,1,2,1,1,700603.148,4212062.826,-15.523,Cob,30384,0,0,0,11,1
6930,3,2007030000952,1,3,31,2,6,2,1,CV-825,2,2,0,0,1,5,3,2,3,3,2,1,1,1,1,1,7,7,8,1,5,1,9,14,3,1,1,NaN,1,NaN,NaN,,NaN,,NaN,,NaN,53,50,NaN,1,4,2,1,2,1,1,1,1,1,1,1,1,1,1,1,1,1,1,2,1,1,696286.513,4248317.025,184.351,Sec,4747,0,0,0,5,1
6934,3,2007030000958,1,3,27,3,2,1,3,CV-95,25.3,25,3,0,1,5,3,3,3,3,2,2,1,1,1,1,5,1,4,3,1,4,4,13,3,1,3,NaN,2,5,NaN,,NaN,,NaN,,NaN,NaN,NaN,NaN,2,4,2,1,1,2,1,2,1,1,1,1,1,1,2,1,1,1,1,2,1,1,699786.788,4204473.061,1.3,Cob,24587,0,0,0,8,7
6935,3,2007030000961,1,4,1,2,7,3,1,CV-949,5.8,5,8,1,1,5,2,3,3,3,2,1,1,2,1,1,7,7,8,3,5,1,9,14,1,1,3,NaN,2,NaN,NaN,,NaN,,NaN,,NaN,63,60,NaN,1,4,2,1,2,1,1,1,1,1,1,1,1,1,1,1,1,1,1,2,1,1,684160.612,4209372.157,73.095,Cob,740,0,0,0,6,1
6936,3,2007030000965,1,3,31,5,6,2,1,CV-855,2.2,2,2,1,1,5,3,2,3,4,2,2,1,1,1,2,5,1,4,1,1,1,9,14,1,1,1,NaN,2,NaN,NaN,,NaN,,NaN,,NaN,52,50,NaN,1,4,1,1,1,1,1,2,2,1,1,1,1,1,1,1,1,1,1,2,1,1,697326.921,4224001.764,-14.886,Pri,7022,0,1,0,16,6
6938,3,2007030000970,1,4,1,6,7,3,2,CV-95,12.5,12,5,0,1,5,3,2,3,3,2,1,1,2,1,1,7,7,5,1,1,1,9,8,1,1,1,NaN,2,4,NaN,,NaN,,NaN,,NaN,NaN,NaN,NaN,1,4,2,1,1,1,1,1,1,1,1,1,1,1,2,1,1,1,1,2,1,1,689987.022,4210990.678,87.335,Cob,11670,0,0,0,17,2
6940,3,2007030000981,1,3,30,4,5,1,2,CV-905,5,5,0,0,1,5,3,2,3,4,2,2,2,1,2,2,7,7,8,1,1,1,9,14,3,1,1,NaN,1,3,NaN,,NaN,,NaN,,NaN,NaN,NaN,NaN,1,4,1,1,1,1,1,1,2,1,1,1,1,1,1,1,1,1,1,2,1,1,700603.148,4212062.826,-15.523,Cob,30384,0,0,0,11,1
6941,3,2007030000986,1,3,31,4,6,2,1,CV-905,2,2,0,0,1,5,1,3,3,2,1,1,1,1,1,1,7,7,5,1,1,1,9,14,2,1,1,NaN,1,NaN,30,32,NaN,,NaN,,NaN,NaN,NaN,NaN,1,4,2,1,1,1,1,1,1,1,1,1,1,1,1,1,1,1,1,2,1,1,699529.564,4214818.459,12.821,Pri,26822,0,1,0,12,1
6943,3,2007030000987,1,4,3,4,2,1,2,CV-870,0.8,0,8,0,1,5,2,2,3,3,2,1,2,2,1,1,7,7,5,1,1,1,9,13,1,1,1,NaN,2,4,NaN,,NaN,,NaN,,NaN,NaN,NaN,NaN,2,4,2,1,1,1,1,1,1,1,1,1,1,1,1,1,1,1,1,2,1,1,680827.729,4220697.88,5.538,Cob,16399,0,0,2,14,1
6945,3,2007030000993,1,4,2,4,1,4,2,CV-915,4.5,4,5,0,1,5,2,2,2,1,2,1,1,1,1,1,7,7,8,1,1,1,9,14,1,1,1,NaN,1,2,NaN,,NaN,,NaN,,NaN,NaN,NaN,NaN,1,4,2,1,1,1,1,1,2,1,1,1,1,1,1,1,1,1,1,2,1,1,676871.251,4214667.425,3.683,Sec,9567,0,0,1,12,2
6947,3,2007030001007,1,3,30,4,5,1,2,CV-860,3.2,3,2,1,1,5,3,2,3,3,2,1,1,2,1,1,1,1,8,1,1,1,9,14,3,1,1,NaN,2,4,NaN,,NaN,,NaN,,NaN,NaN,NaN,NaN,1,4,2,1,1,1,1,1,2,1,1,1,1,1,1,1,1,1,1,2,1,1,700400.458,4221710.299,-15.3,Cob,4316,0,0,0,12,6
6948,3,2007030001009,1,4,4,4,3,1,1,CV-70,45.7,45,7,0,1,5,2,3,3,2,2,2,1,1,1,1,5,3,6,1,1,1,2,14,1,2,3,NaN,2,NaN,NaN,,21,21,NaN,,NaN,NaN,NaN,NaN,1,4,1,1,1,1,1,1,2,1,1,1,1,1,1,1,1,1,1,2,2,1,750461.592,4275312.519,163.864,Per,32000,0,1,0,13,6
6952,3,2007030001021,1,4,4,5,3,1,1,CV-941,7.4,7,4,0,1,5,3,2,3,3,2,1,1,2,1,1,7,7,8,1,1,9,2,14,1,1,1,NaN,2,NaN,NaN,,NaN,,NaN,,NaN,52,50,NaN,1,4,2,1,1,1,1,2,2,1,1,1,1,1,1,1,1,1,1,2,1,1,694005.139,4201607.826,93.337,Sec,4094,0,4,1,16,5
6953,3,2007030001026,1,4,6,4,5,3,1,CV-840,3.8,3,8,1,1,5,2,3,3,3,2,1,1,2,1,1,7,7,8,1,1,1,9,14,1,1,1,NaN,2,NaN,NaN,,NaN,,NaN,,NaN,63,60,NaN,1,4,2,1,2,1,1,1,1,1,1,1,1,1,1,1,1,1,1,2,1,1,672896.956,4246117.532,492.379,Cob,4751,0,0,1,14,4
6956,3,2007030001032,1,4,4,4,3,2,3,CV-925,27,27,0,1,1,5,3,2,3,3,2,1,1,1,1,1,7,7,8,1,1,1,9,14,1,1,1,NaN,2,2,NaN,,NaN,,NaN,,NaN,NaN,NaN,NaN,1,4,2,1,1,1,1,1,2,1,1,1,1,1,1,1,1,1,1,2,1,1,683635.67,4212898.004,55.672,Sec,5202,0,0,1,14,1
6958,3,2007030001035,1,4,6,6,5,3,2,CV-736,6.7,6,7,0,1,5,2,2,3,1,2,1,1,2,2,2,7,7,8,1,2,1,9,14,2,1,1,NaN,1,2,NaN,,NaN,,NaN,,NaN,NaN,NaN,NaN,1,4,1,1,1,1,1,2,1,1,1,1,1,1,1,1,1,1,1,2,1,1,774431.549,4299576.434,160.943,Cob,4859,0,0,1,19,1
6964,3,2007030001036,1,3,23,6,5,1,2,CV-820,15,15,0,0,1,5,2,3,3,3,2,1,1,1,2,1,7,7,5,1,1,1,9,14,3,1,1,NaN,1,4,NaN,,NaN,,NaN,,NaN,NaN,NaN,NaN,1,4,1,1,1,1,1,1,2,1,1,1,1,1,1,1,1,1,1,2,1,1,700716.535,4254423.507,275.537,Pri,3589,0,0,0,19,1
6967,3,2007030001039,1,4,10,2,2,4,3,CV-91,5.5,5,5,1,1,5,2,3,3,4,2,1,2,1,2,1,7,7,8,1,5,1,9,14,1,1,1,NaN,2,3,NaN,,NaN,,NaN,,NaN,NaN,NaN,NaN,1,4,1,1,1,1,1,2,1,1,1,1,1,1,1,1,1,1,1,2,1,1,700050.019,4219220.639,-22.204,Sec,13040,0,1,2,6,5
6972,3,2007030001045,1,4,8,6,7,3,1,CV-95,5.6,5,6,0,1,5,3,2,3,3,2,1,2,1,1,1,7,7,8,3,2,4,9,14,2,1,2,1,1,NaN,NaN,,NaN,,NaN,,NaN,64,60,NaN,1,4,2,1,1,2,1,1,1,1,1,1,1,1,1,2,1,1,1,2,1,1,685311.68,4215227.548,13.25,Cob,14091,0,0,1,19,1
6973,3,2007030001047,1,4,9,6,1,3,1,CV-940,7.5,7,5,0,1,5,3,2,3,3,2,1,1,2,1,1,7,7,8,1,1,1,2,14,1,1,1,NaN,2,NaN,NaN,,NaN,,NaN,,68,NaN,60,NaN,1,4,2,1,1,1,1,2,2,1,1,1,1,1,1,1,1,1,1,2,1,1,696766.719,4212715.644,32.209,Cob,5829,0,0,0,18,5
6974,3,2007030001055,1,4,11,6,3,1,1,CV-81,52.2,52,2,1,1,5,3,2,3,3,2,1,1,1,2,1,7,7,8,1,5,1,9,14,3,1,1,NaN,1,NaN,NaN,,NaN,,NaN,,66,NaN,60,NaN,1,4,1,2,1,1,1,1,1,1,1,1,1,1,1,2,1,1,1,2,1,1,708450.584,4299497.604,349.839,Cob,5714,0,0,1,21,1
6976,3,2007030001056,1,4,12,1,4,1,1,CV-913,1.2,1,2,0,1,5,2,3,3,3,2,1,1,1,1,1,1,1,2,1,3,1,9,14,1,2,1,NaN,2,NaN,NaN,,NaN,,NaN,,NaN,61,60,NaN,1,4,1,1,1,1,2,1,1,1,1,1,1,1,1,1,1,1,1,2,1,1,688261.73,4222674.435,-13.976,Sec,7690,0,1,0,1,7
6978,3,2007030001058,1,4,11,3,3,1,2,CV-900,6.5,6,5,1,1,5,3,2,3,3,2,1,1,1,1,1,5,6,4,1,4,1,9,14,1,1,1,NaN,2,2,NaN,,NaN,,NaN,,NaN,NaN,NaN,NaN,1,4,1,1,1,1,1,1,2,1,1,1,1,1,1,1,1,1,1,2,1,1,687222.345,4221538.188,-12.406,Sec,10621,0,0,1,7,6
6982,3,2007030001060,1,4,7,6,6,2,2,CV-905,0.5,0,5,0,1,5,3,2,3,3,2,1,2,1,2,2,5,3,8,1,5,1,9,14,1,1,1,NaN,2,2,NaN,,NaN,,NaN,,NaN,NaN,NaN,NaN,1,4,1,1,1,1,1,1,2,1,1,1,1,1,1,1,1,1,1,2,1,1,698441.32,4215342.775,0.089,Pri,26822,0,0,0,21,6
6983,3,2007030001061,1,4,9,1,1,3,1,CV-913,1.3,1,3,0,1,5,2,3,3,3,2,1,1,1,2,2,7,7,8,1,5,1,9,14,2,1,1,NaN,1,NaN,NaN,,NaN,,NaN,,NaN,64,60,NaN,1,4,2,1,1,1,1,1,1,1,1,1,1,1,1,1,1,1,1,2,1,1,688342.704,4222730.403,-14.048,Sec,7690,0,0,1,3,2
6984,3,2007030001064,1,4,13,2,5,1,1,CV-904,6.3,6,3,0,1,5,3,2,3,3,2,1,1,2,1,1,5,1,4,1,3,1,9,14,1,1,1,NaN,2,NaN,NaN,,NaN,,NaN,,NaN,53,50,NaN,1,4,1,1,1,1,1,2,1,1,1,1,1,1,1,1,1,1,1,2,1,1,692250.044,4227866.262,-15.317,Cob,5395,0,0,0,6,6
6986,3,2007030001068,1,4,13,3,5,1,1,CV-913,1.2,1,2,0,1,5,2,3,3,3,2,1,2,2,1,1,7,7,8,1,1,1,2,13,1,2,1,NaN,2,NaN,NaN,,21,21,NaN,,NaN,NaN,NaN,NaN,1,4,1,1,1,1,1,1,2,1,1,1,1,1,1,1,1,1,1,2,1,1,688261.73,4222674.435,-13.976,Sec,7690,0,2,0,9,1
6989,3,2007030001069,1,4,13,6,5,1,1,CV-715,20.3,20,3,0,1,4,2,2,3,1,2,1,1,1,1,2,2,1,5,1,5,1,9,14,1,1,3,NaN,2,NaN,NaN,,21,21,NaN,,NaN,NaN,NaN,NaN,1,4,1,1,1,1,1,1,2,1,1,1,1,1,1,1,1,1,1,2,1,1,754427.948,4291262.249,433.122,Cob,3457,3,0,0,21,6
6990,3,2007030001071,1,4,9,3,1,4,1,CV-95,15,15,0,0,1,5,3,2,3,3,2,1,1,1,2,1,7,7,8,3,1,4,9,14,3,1,1,NaN,2,NaN,NaN,,NaN,,NaN,,NaN,63,60,NaN,1,4,2,1,1,2,1,1,1,1,1,1,1,1,1,1,1,1,1,2,1,1,691672.026,4209259.863,52.574,Pri,10151,0,0,0,8,1
6992,3,2007030001074,1,4,11,4,3,1,2,CV-821,2.4,2,4,0,1,5,3,2,3,1,2,2,2,2,2,2,5,6,4,1,1,1,9,14,3,2,1,NaN,1,3,NaN,,NaN,,NaN,,NaN,NaN,NaN,NaN,1,4,2,1,1,1,1,1,1,1,1,1,1,1,1,1,1,1,1,2,1,1,718453.338,4252335.157,61.84,Sec,30587,0,0,1,12,6
6994,3,2007030001075,1,4,15,3,7,3,2,CV-763,4.2,4,2,0,1,5,2,3,3,2,2,1,2,1,1,2,7,7,5,3,1,1,9,14,1,1,1,NaN,2,2,NaN,,NaN,,NaN,,NaN,NaN,NaN,NaN,1,4,2,1,2,1,1,1,1,1,1,1,1,1,1,1,1,1,1,2,1,1,750939.554,4275506.507,145.76,Cob,10087,0,0,1,7,2
6997,3,2007030001084,1,4,15,6,7,3,2,CV-95,21.3,21,3,0,1,5,2,2,3,3,2,1,1,1,2,2,7,7,8,1,1,1,9,14,2,1,3,NaN,1,3,NaN,,NaN,,NaN,,NaN,NaN,NaN,NaN,1,4,1,1,2,1,1,1,2,1,1,1,1,1,1,1,1,1,1,2,1,1,696304.662,4205318.603,15.115,Cob,9367,0,0,0,18,1
6999,3,2007030001090,1,4,2,3,1,1,2,CV-800,12.4,12,4,0,1,5,3,2,3,3,2,1,1,2,2,1,7,7,8,1,1,1,2,14,1,1,3,NaN,1,NaN,NaN,,NaN,,NaN,,NaN,64,60,NaN,1,4,2,1,1,1,1,1,1,1,1,1,1,1,1,1,1,1,1,2,2,1,719815.489,4278661.792,876.786,Sec,6002,0,0,0,9,2
7001,3,2007030001095,1,4,2,5,1,4,2,CV-840,3,3,0,0,1,5,2,3,3,3,2,1,1,1,1,1,1,1,8,1,1,1,9,14,3,1,3,NaN,1,3,NaN,,NaN,,NaN,,NaN,NaN,NaN,NaN,1,4,2,1,1,1,2,1,1,1,1,1,1,1,1,1,1,1,1,2,1,1,691743.933,4249563.855,271.175,Cob,4751,0,0,0,15,6
7002,3,2007030001105,1,4,15,3,7,3,1,CV-91,11.8,11,8,0,1,5,3,2,3,3,2,1,1,1,2,2,7,7,7,1,1,1,9,14,3,1,3,NaN,2,NaN,NaN,,NaN,,NaN,,56,NaN,50,NaN,1,4,2,1,1,2,1,1,1,1,1,1,1,1,1,1,1,1,1,2,1,1,692362.685,4218481.759,-10.853,Pri,14034,0,0,1,10,1
7005,3,2007030001107,1,4,16,6,1,4,3,CV-91,7.8,7,8,1,1,5,3,2,3,3,2,1,1,1,1,1,7,7,8,1,2,1,9,14,1,1,1,NaN,2,4,NaN,,NaN,,NaN,,NaN,NaN,NaN,NaN,1,4,2,1,1,1,1,1,2,1,1,1,1,1,1,1,1,1,1,2,1,1,697801.433,4219291.607,-26.912,Sec,13040,0,0,2,19,1
7007,3,2007030001108,1,4,7,3,6,1,2,CV-820,7.4,7,4,0,1,5,3,2,3,3,2,1,2,2,2,1,2,1,8,3,1,4,4,13,1,1,1,NaN,2,4,NaN,,NaN,,NaN,,NaN,NaN,NaN,NaN,1,4,2,1,1,1,1,1,1,1,1,1,1,1,1,1,1,1,1,2,1,1,707130.208,4256183.602,253.813,Cob,7904,0,0,0,8,6
7009,3,2007030001110,1,4,14,4,6,2,2,CV-84,2.9,2,9,1,1,5,3,2,3,3,2,1,1,1,1,1,5,1,4,3,1,4,2,14,1,1,1,NaN,2,NaN,NaN,,NaN,,NaN,,NaN,NaN,NaN,71,1,4,2,1,1,1,1,2,1,1,1,1,1,1,2,1,1,1,1,2,1,1,696035.531,4244204.863,257.999,Sec,20142,0,0,0,14,6
7011,3,2007030001118,1,4,18,6,3,1,1,CV-912,3.3,3,3,1,1,5,2,3,3,3,2,1,2,2,1,1,7,7,8,1,1,1,2,14,1,1,1,NaN,2,NaN,NaN,,NaN,,NaN,,NaN,51,50,NaN,1,4,2,1,1,1,1,1,1,1,1,1,1,1,1,1,1,1,1,2,1,1,691166.555,4222073.999,-18.08,Cob,3150,0,0,1,18,5
7014,3,2007030001120,1,4,17,6,2,1,3,CV-91,15.5,15,5,1,1,5,3,2,3,3,2,1,2,2,2,1,7,7,8,1,2,1,5,14,1,1,3,NaN,2,5,NaN,,NaN,,NaN,,NaN,NaN,NaN,NaN,2,4,2,1,1,1,1,1,1,1,1,1,1,1,1,1,1,2,1,2,1,1,690618.2,4218010.092,-20.743,Cob,10394,0,0,0,19,1
7017,3,2007030001135,1,4,20,4,5,1,3,CV-95,4.5,4,5,1,1,5,3,2,4,3,2,1,2,1,2,2,2,1,2,1,1,1,9,14,3,1,3,NaN,2,5,NaN,,NaN,,NaN,,NaN,NaN,NaN,NaN,2,4,2,1,1,1,1,1,1,1,1,1,1,1,1,1,1,1,1,2,1,2,697859.257,4205261.103,1.2,Cob,14091,0,0,2,13,7
7018,3,2007030001139,1,4,21,2,6,2,1,CV-820,10.1,10,1,0,1,5,2,3,3,3,2,1,1,1,1,1,7,7,8,1,5,1,9,14,3,1,3,NaN,2,NaN,NaN,,21,21,NaN,,NaN,NaN,NaN,NaN,1,4,1,1,1,1,1,1,2,1,1,1,1,1,1,1,1,1,1,2,1,1,704925.495,4256519.574,285.85,Cob,6336,1,0,0,5,1
7020,3,2007030001140,1,4,20,6,5,1,2,CV-91,3.6,3,6,0,1,5,3,2,3,3,2,1,1,1,1,1,2,1,3,1,1,1,9,14,1,2,1,NaN,2,2,NaN,,NaN,,NaN,,NaN,NaN,NaN,NaN,1,4,2,1,1,1,1,1,2,1,1,1,1,1,1,1,1,2,1,2,1,1,684491.677,4218127.459,-11.203,Sec,13040,0,0,1,18,7
7023,3,2007030001142,1,4,21,4,6,2,2,CV-830,20.5,20,5,0,1,5,2,3,3,3,2,1,2,1,1,1,7,7,8,1,1,1,9,14,3,1,3,NaN,1,2,NaN,,NaN,,NaN,,NaN,NaN,NaN,NaN,1,4,1,1,1,1,1,1,2,1,1,1,1,1,1,1,1,1,1,2,2,2,690426.09,4269080.59,472.946,Cob,4891,0,1,1,11,1
7029,3,2007030001148,1,4,22,6,7,3,2,CV-914,3.2,3,2,0,1,5,3,2,3,3,2,1,1,1,1,1,7,7,8,1,1,1,9,14,3,1,1,NaN,1,4,NaN,,NaN,,NaN,,NaN,NaN,NaN,NaN,1,4,2,1,1,1,1,1,1,1,1,1,1,1,1,1,1,1,1,2,1,1,691768.487,4219007.359,-10.649,Cob,4540,0,0,5,17,1
7035,3,2007030001164,1,4,13,3,5,1,2,CV-820,0.1,0,1,0,1,5,3,2,3,3,2,1,1,1,1,1,5,6,4,1,1,1,9,14,1,1,1,NaN,1,2,NaN,,NaN,,NaN,,NaN,NaN,NaN,NaN,1,4,1,1,1,1,1,1,2,1,1,1,1,1,1,1,1,1,1,2,2,1,713915.575,4254027.279,117.114,Cob,7904,0,0,0,7,7