Id,Ano,Numero_Accidente,Provincia,Mes,Dia,Hora,Dia_Semana,Tipo_Dia,Vehiculos_Implicados,Carretera,Pk,Km,Hm,Sentido,Zona,Tipo_Via,Anchura_Calzada,Anchura_Carril,Marcas_Viales,Arcen,Arcen_Pavimentado,Mediana,Barrera_Seguridad,Paneles_Direccionales,Hitos_Arista,Captafaros,Interseccion_Tipo,Interseccion_Acondicionamiento,Prioridad_Regulada_por,Superficie,Luminosidad,Factores_Atmosfericos,Visibilidad_Restringida_por,Otras_Circunstancias,Senalizacion_Peligro,Aceras,Arboles,Arboles_Metros_Calzada,Visibilidad_Senalizacion_Vertical,Colision_Vehiculos_Marcha,Colision_Vehiculo_Obstaculo_1,Colision_Vehiculo_Obstaculo_2,Atropello_1,Atropello_2,Vuelco_1,Vuelco_2,Salida_Sin_Colision,Salida_Con_Colision,Lado_Salida,Otro,Circulacion,Circulacion_Medidas_Especiales,Distraccion,Inexperiencia_Conductor,Alcohol_Drogas,Cansancio_Sueno,Enfermedad,Velocidad_Inadecuada,Infraccion_Norma_Circulacion,Estado_Condicion_Via,Estado_Condicion_Senalizacion,Tramo_Obras,Mal_Estado_Vehiculo,Averia_Mecanica,Meteorologia_Adversa,Irrupcion_Animal,Circular_Sentido_Contrario,Otro_Factor,Sin_Opinion_Definida,Pendiente,Curvatura,Peralte,GPS_x,GPS_y,GPS_z,Tipo_Est,IMD,N_Muertos,N_Graves,N_Leves,Hora_Real,Fuera_o_Interseccion
7039,3,2007030001170,1,4,13,6,5,1,2,CV-84,1.6,1,6,1,1,5,2,2,3,3,2,1,1,1,2,2,7,7,8,1,4,1,9,14,3,1,1,NaN,2,NaN,30,30,NaN,,NaN,,NaN,NaN,NaN,NaN,1,4,2,1,1,1,1,1,1,1,1,1,1,1,1,1,1,1,1,2,1,1,694928.045,4244812.806,266.923,Sec,20142,0,0,0,22,1
7040,3,2007030001171,1,4,14,1,6,2,1,CV-835,1.2,1,2,0,1,5,2,3,3,3,2,1,2,1,1,1,7,7,8,1,5,1,9,14,3,1,1,NaN,2,NaN,NaN,,21,24,NaN,,NaN,NaN,NaN,NaN,1,4,1,1,1,1,1,1,1,1,1,1,1,1,1,2,1,1,1,2,1,1,693858.35,4250836.725,242.776,Sec,3860,0,0,0,0,1
7042,3,2007030001172,1,4,23,5,1,1,2,CV-95,4.9,4,9,1,1,5,3,2,3,3,2,1,1,1,1,1,2,1,2,1,1,1,9,14,1,1,1,NaN,2,2,NaN,,NaN,,NaN,,NaN,NaN,NaN,NaN,1,4,1,1,1,1,1,1,2,1,1,1,1,1,1,1,1,1,1,2,1,2,697524.255,4205457.822,11.557,Cob,14091,0,0,2,15,7
7048,3,2007030001174,1,4,14,3,6,2,2,CV-865,8.5,8,5,0,1,5,3,2,3,1,2,1,1,1,1,1,5,2,8,1,1,1,9,14,2,1,1,NaN,2,2,NaN,,NaN,,NaN,,NaN,NaN,NaN,NaN,1,4,1,1,1,1,1,2,2,1,1,1,1,1,1,1,1,1,1,2,1,1,710191.706,4233166.132,-18.54,Cob,15503,0,0,0,10,6
7049,3,2007030001179,1,4,16,6,1,4,1,CV-895,5.3,5,3,0,1,5,3,2,3,3,2,1,2,1,1,2,7,7,8,1,5,1,9,14,3,1,1,NaN,1,NaN,NaN,,NaN,,NaN,,66,NaN,60,NaN,1,4,1,1,1,1,1,2,1,1,1,1,1,1,1,1,1,1,1,2,1,1,704193.883,4215507.32,1.013,Cob,9017,0,0,0,22,1
7051,3,2007030001182,1,4,21,4,6,2,2,CV-70,4,4,0,0,1,5,2,2,3,4,2,1,1,1,1,1,7,7,8,1,1,1,9,14,3,1,1,NaN,2,2,NaN,,NaN,,NaN,,NaN,NaN,NaN,NaN,1,4,2,1,1,1,1,1,2,1,1,1,1,1,1,1,1,1,1,2,1,1,723845.369,4287015.734,683.212,Cob,688,0,0,0,11,2
7053,3,2007030001183,1,3,13,6,2,1,2,CV-915,0,0,0,0,1,5,2,2,3,3,2,1,1,2,1,1,7,7,8,1,1,1,9,14,3,2,1,NaN,1,2,NaN,,NaN,,NaN,,NaN,NaN,NaN,NaN,1,4,1,1,1,1,1,1,1,1,1,1,1,1,1,1,1,1,2,2,1,1,679766.173,4217267.358,3.073,Sec,9567,0,0,2,17,1
7055,3,2007030001186,1,4,21,4,6,2,2,CV-815,2,2,0,1,1,5,3,2,3,1,2,1,2,2,2,2,5,1,5,1,1,1,9,14,3,1,1,NaN,1,4,NaN,,NaN,,NaN,,NaN,NaN,NaN,NaN,1,4,1,1,1,1,1,1,2,1,1,1,1,1,1,1,1,1,1,2,1,1,703456.087,4274141.292,647.354,Cob,4195,0,0,0,12,6
7057,3,2007030001194,1,4,9,6,1,4,2,CV-845,15.3,15,3,0,1,5,3,1,3,3,2,1,2,2,1,1,1,1,3,3,1,9,9,14,2,2,1,NaN,2,2,NaN,,NaN,,NaN,,NaN,NaN,NaN,NaN,1,4,1,1,1,1,1,1,2,1,1,1,1,1,1,1,1,1,1,2,1,1,681576.153,4238508.349,390.728,Cob,1931,0,0,0,17,6
7059,3,2007030001204,1,4,25,4,3,1,2,CV-900,4,4,0,0,1,5,3,3,3,3,2,1,1,1,1,1,1,1,8,1,1,1,9,14,1,2,1,NaN,2,4,NaN,,NaN,,NaN,,NaN,NaN,NaN,NaN,1,4,2,1,1,1,1,1,2,1,1,1,1,1,1,1,1,1,1,2,1,1,684556.189,4220465.138,-5.303,Cob,8028,0,0,0,12,7
7060,3,2007030001206,1,4,21,2,6,2,1,CV-91,14.8,14,8,0,1,5,3,2,3,3,2,1,1,1,1,1,5,2,4,3,5,4,9,14,1,1,1,NaN,2,NaN,NaN,,NaN,,NaN,,NaN,53,50,NaN,1,4,2,1,2,1,1,2,1,1,1,1,1,1,1,1,1,1,1,2,1,2,695235.091,4218980.082,-17.289,Pri,14034,0,0,0,5,6
7062,3,2007030001207,1,4,15,6,7,3,2,CV-95,21.3,21,3,1,1,5,2,2,3,3,2,1,1,1,2,1,7,7,8,1,5,1,2,3,1,1,1,NaN,2,NaN,NaN,,NaN,,NaN,,NaN,64,60,NaN,1,4,1,1,1,1,1,1,2,1,1,1,1,1,1,1,1,1,1,2,1,1,685672.135,4214883.399,0.087,Cob,9367,0,2,0,21,1
7063,3,2007030001208,1,4,21,5,6,2,1,CV-800,12,12,0,0,1,5,3,2,3,3,2,1,1,1,1,1,7,7,8,1,1,1,9,14,3,1,1,NaN,1,NaN,NaN,,NaN,,NaN,,66,NaN,60,NaN,1,4,1,1,1,1,1,2,1,1,1,1,1,1,1,1,1,1,1,2,1,2,719583.093,4278350.449,895.719,Sec,6002,0,0,0,16,2
7065,3,2007030001209,1,4,13,6,5,1,2,CV-91,15,15,0,0,1,5,3,1,3,1,2,1,1,1,1,1,5,6,7,1,3,1,9,14,1,1,1,NaN,2,3,NaN,,NaN,,NaN,,NaN,NaN,NaN,NaN,1,4,1,1,1,1,1,1,2,1,1,1,1,1,1,1,1,1,1,2,1,1,695386.935,4219107.869,-17.886,Cob,10394,0,0,0,20,6
7067,3,2007030001218,1,4,26,4,4,1,2,CV-860,1.5,1,5,0,1,5,2,2,3,3,2,1,1,1,1,1,1,1,3,1,1,4,9,14,2,1,3,NaN,1,2,NaN,,NaN,,NaN,,NaN,NaN,NaN,NaN,1,4,2,1,2,1,1,1,2,1,1,1,1,1,1,1,1,1,1,2,1,1,701218.448,4224811.654,-16.954,Cob,4316,0,0,0,12,6
7068,3,2007030001220,1,4,24,6,2,1,1,CV-905,4,4,0,1,1,5,3,2,3,3,2,2,2,2,1,1,5,6,4,8,1,1,9,14,1,1,3,NaN,2,NaN,NaN,,NaN,,NaN,,68,NaN,60,NaN,1,4,1,1,1,1,1,1,1,2,1,1,1,1,1,1,1,1,1,2,1,1,702046.833,4210382.556,-15.776,Cob,27935,0,0,0,19,6
7069,3,2007030001227,1,4,29,3,7,3,1,CV-870,0.4,0,4,1,1,5,2,2,3,3,2,1,1,2,1,1,7,7,8,1,1,1,9,14,1,1,3,NaN,2,NaN,NaN,,NaN,,NaN,,66,NaN,60,NaN,1,4,2,1,1,1,1,1,1,1,1,1,1,1,1,1,1,1,1,2,1,1,675859.176,4228821.114,112.752,Cob,16399,0,0,0,10,5
7070,3,2007030001234,1,4,29,1,7,3,1,CV-870,2,2,0,1,1,5,2,2,3,3,2,1,1,2,1,1,7,7,5,1,5,1,2,14,1,1,1,NaN,2,NaN,NaN,,NaN,,NaN,,66,NaN,60,NaN,1,4,1,1,2,1,1,2,1,1,1,1,1,1,1,1,1,1,1,2,1,1,677286.181,4228153.406,87.549,Cob,16399,0,0,0,23,5
7072,3,2007030001240,1,4,25,6,3,1,2,CV-820,20.5,20,5,1,1,5,3,2,3,3,2,1,2,2,2,1,1,1,8,1,1,1,8,14,2,2,3,NaN,1,2,NaN,,NaN,,NaN,,NaN,NaN,NaN,NaN,1,4,1,1,1,1,1,1,2,1,1,1,1,1,1,1,1,1,1,2,1,1,713734.893,4254045.583,115.694,Cob,17500,0,0,0,19,7
7076,3,2007030001245,1,4,27,1,5,1,2,CV-91,10,10,0,0,1,5,3,2,3,3,2,1,1,1,2,2,7,7,8,1,5,1,9,14,3,1,1,NaN,2,2,NaN,,NaN,,NaN,,NaN,NaN,NaN,NaN,1,4,1,1,2,1,1,1,2,1,1,1,1,1,1,1,1,1,1,2,1,1,690787.294,4218002.011,-11.419,Pri,14034,0,1,4,23,2
7077,3,2007030001246,1,4,30,6,1,4,1,CV-900,7.4,7,4,0,1,5,2,2,3,3,2,1,1,1,1,1,7,7,8,1,3,1,9,14,2,2,1,NaN,2,NaN,NaN,,NaN,,NaN,,NaN,64,60,NaN,1,4,1,1,1,1,1,2,1,1,1,1,1,1,1,1,1,1,1,2,1,1,687133.159,4221184.437,-6.566,Sec,10621,0,1,0,21,3
7079,3,2007030001250,1,4,29,6,7,3,2,CV-870,2.1,2,1,0,1,5,2,2,3,3,2,1,1,1,2,2,1,1,8,1,5,1,9,14,3,1,1,NaN,1,3,NaN,,NaN,,NaN,,NaN,NaN,NaN,NaN,1,4,1,1,1,1,1,1,2,1,1,1,1,1,1,1,1,1,1,2,1,2,680158.334,4221700.941,10.156,Cob,16399,0,0,0,21,6
7080,3,2007030001251,1,4,27,6,5,1,1,CV-935,1.2,1,2,0,1,5,3,1,3,3,2,1,1,2,2,2,7,7,8,1,1,1,9,14,3,1,3,NaN,2,NaN,NaN,,NaN,,NaN,,65,NaN,60,NaN,1,4,2,1,1,1,1,1,1,1,1,1,1,1,1,1,1,1,1,2,1,1,693464.829,4219637.096,-17.653,Cob,7385,0,1,0,19,1
7087,3,2007030001256,1,5,2,4,3,4,3,CV-91,4.5,4,5,0,1,5,2,3,3,4,2,1,1,1,1,1,2,1,8,1,1,1,9,14,3,1,3,NaN,2,1,NaN,,NaN,,NaN,,NaN,NaN,NaN,NaN,1,4,1,1,1,1,1,1,2,1,1,1,1,1,1,1,1,1,1,2,1,1,685374.68,4218203.412,-12.635,Sec,13040,0,1,5,14,7
7088,3,2007030001257,1,4,17,6,2,1,1,CV-820,4,4,0,0,1,5,3,2,3,3,2,1,1,1,2,2,7,7,8,1,2,1,9,14,3,1,1,NaN,2,NaN,NaN,,21,21,NaN,,NaN,NaN,NaN,NaN,1,4,1,1,1,1,1,1,2,1,1,1,1,1,1,1,1,1,1,2,1,1,710254.061,4255088.934,166.835,Cob,7904,0,1,0,19,1
7089,3,2007030001262,1,4,29,1,7,3,1,CV-920,0.1,0,1,0,1,5,2,2,3,3,2,1,1,2,1,1,7,7,8,3,5,4,9,14,3,1,3,NaN,1,NaN,NaN,,NaN,,NaN,,68,NaN,60,NaN,1,4,2,2,2,1,1,1,2,1,1,1,1,1,2,1,1,1,1,2,1,1,685629.797,4214979.598,-0.298,Pri,7211,0,0,0,4,1
7090,3,2007030001266,1,4,30,4,1,4,1,CV-821,3.3,3,3,1,1,5,3,2,3,3,2,2,2,2,2,2,7,7,8,1,1,1,9,14,3,1,1,NaN,1,NaN,NaN,,NaN,,NaN,,NaN,63,60,NaN,1,4,2,1,1,1,1,1,1,1,1,1,1,1,1,1,1,1,1,2,2,1,721548.33,4254320.922,38.679,Sec,30587,0,0,0,13,2
7094,3,2007030001270,1,4,29,4,7,3,2,CV-70,3.1,3,1,0,1,5,3,2,3,3,2,1,2,2,2,2,7,7,5,1,1,1,9,14,1,1,1,NaN,1,3,NaN,,NaN,,NaN,,NaN,NaN,NaN,NaN,1,4,1,1,1,1,1,1,1,1,1,1,1,1,1,1,1,1,2,2,2,3,723282.231,4286499.802,736.778,Cob,688,0,0,0,12,5
7102,3,2007030001277,1,5,1,3,2,1,2,CV-827,0,0,0,0,1,5,2,2,3,1,2,1,2,1,1,1,5,3,4,1,1,1,9,14,1,1,3,NaN,2,2,NaN,,NaN,,NaN,,NaN,NaN,NaN,NaN,1,4,2,1,1,1,1,1,2,1,1,1,1,1,1,1,1,1,1,1,1,1,709162.558,4264108.555,586.176,Cob,433,0,0,0,10,6
7103,3,2007030001278,1,4,29,4,7,3,1,CV-70,15,15,0,0,1,5,3,2,3,3,2,1,2,1,1,1,7,7,8,1,1,1,9,14,1,1,3,NaN,2,NaN,NaN,,NaN,,NaN,,NaN,62,60,NaN,1,4,1,1,1,1,1,2,1,1,1,1,1,1,1,1,1,1,1,2,1,2,733255.465,4285834.791,745.775,Sec,744,0,0,0,13,2
7104,3,2007030001281,1,5,2,6,3,3,1,CV-821,4.5,4,5,0,1,5,2,2,3,3,2,1,1,1,1,1,7,7,5,1,1,1,9,14,3,1,1,NaN,1,NaN,NaN,,NaN,,NaN,,NaN,63,60,NaN,1,4,2,1,1,1,1,1,1,1,1,1,1,1,1,1,1,1,1,2,1,1,720111.512,4253340.597,49.367,Sec,30587,0,0,1,17,2
7109,3,2007030001289,1,5,4,6,5,1,2,CV-912,6.2,6,2,0,1,5,2,3,3,4,2,1,1,2,1,1,1,1,8,1,1,1,9,14,3,1,1,NaN,2,3,NaN,,NaN,,NaN,,NaN,NaN,NaN,NaN,1,4,1,2,1,1,1,1,2,1,1,1,1,1,1,1,1,1,1,2,1,2,692980.855,4221845.069,-22.716,Cob,3150,0,0,1,17,6
7110,3,2007030001290,1,5,5,4,6,2,1,CV-70,19,19,0,0,1,5,2,2,3,3,2,1,2,2,2,2,7,7,8,1,1,1,9,14,1,1,1,NaN,1,NaN,NaN,,NaN,,12,9,NaN,NaN,NaN,NaN,1,4,1,1,1,1,1,2,1,1,1,1,1,1,1,1,1,1,1,2,1,1,735295.569,4287084.763,928.609,Sec,744,0,0,2,13,1
7111,3,2007030001291,1,5,1,3,2,3,1,CV-91,5.5,5,5,0,1,5,3,2,3,4,2,1,1,1,1,1,7,7,8,1,1,1,9,14,1,1,1,NaN,2,NaN,NaN,,NaN,,NaN,,NaN,51,50,NaN,1,4,2,1,1,1,1,2,2,1,1,1,1,1,1,1,1,1,1,2,1,1,686360.013,4218290.057,-14.497,Sec,13040,0,0,0,9,5
7113,3,2007030001292,1,4,27,6,5,1,2,CV-95,24.5,24,5,0,1,5,3,2,3,1,2,1,1,1,1,1,5,3,4,1,1,1,9,14,1,1,1,NaN,2,4,NaN,,NaN,,NaN,,NaN,NaN,NaN,NaN,1,4,2,1,1,1,1,2,2,1,1,1,1,1,1,1,1,1,1,2,1,1,698945.449,4204750.803,4.259,Cob,24587,0,0,0,19,6
7114,3,2007030001293,1,4,29,3,7,3,1,CV-941,2,2,0,0,1,5,3,2,3,1,2,1,1,2,1,1,7,7,8,1,1,1,9,14,1,1,1,NaN,2,NaN,NaN,,NaN,,NaN,,NaN,63,60,NaN,1,4,2,2,1,1,1,1,2,1,1,1,1,1,1,1,1,1,1,2,1,1,695191.339,4197073.886,42.18,Sec,4094,0,0,0,9,2
7115,3,2007030001295,1,5,5,5,6,2,1,CV-800,12.4,12,4,1,1,5,3,2,3,4,2,1,1,1,1,1,7,7,5,1,1,1,2,3,1,1,3,NaN,2,NaN,NaN,,NaN,,NaN,,NaN,63,60,NaN,1,4,2,1,1,1,1,2,1,1,1,1,1,1,1,1,1,1,1,2,1,2,717199.218,4272683.274,697.165,Sec,6002,0,1,0,16,5
7117,3,2007030001306,1,5,6,6,7,3,2,CV-95,5,5,0,0,1,5,2,2,3,3,2,1,1,1,1,1,2,1,2,1,3,1,9,14,1,1,3,NaN,2,4,NaN,,NaN,,NaN,,NaN,NaN,NaN,NaN,1,4,2,1,1,2,1,1,2,1,1,1,1,1,1,1,1,1,1,2,1,1,684726.385,4215265.891,12.675,Cob,14091,0,0,1,22,7
7119,3,2007030001310,1,5,7,4,1,1,2,CV-83,13.1,13,1,0,1,5,3,2,3,3,2,1,1,1,1,1,7,7,8,1,1,1,9,8,1,1,3,NaN,2,4,NaN,,NaN,,NaN,,NaN,NaN,NaN,NaN,1,4,2,1,1,1,1,1,1,1,1,1,1,1,1,1,1,1,1,2,1,1,681883.453,4256121.11,480.107,Cob,5881,0,0,1,11,1
7121,3,2007030001317,1,5,5,4,6,2,2,CV-945,8.6,8,6,0,1,5,2,3,3,3,2,1,1,1,1,1,1,1,3,1,1,1,9,14,1,1,1,NaN,2,4,NaN,,NaN,,NaN,,NaN,NaN,NaN,NaN,1,4,2,1,1,1,1,1,2,1,1,1,1,1,1,1,1,1,1,2,1,1,692440.344,4210750.252,21.626,Cob,5472,0,0,3,12,7
7125,3,2007030001324,1,5,6,4,7,3,1,CV-821,7.2,7,2,0,1,5,3,2,3,4,2,2,1,1,1,2,7,7,8,1,1,1,9,14,3,1,1,NaN,2,NaN,NaN,,NaN,,NaN,,NaN,63,60,NaN,1,4,2,1,1,1,1,1,1,1,1,1,1,1,1,1,1,1,1,2,1,2,722179.226,4253621.282,25.464,Cob,14837,0,2,0,11,1
7127,3,2007030001331,1,5,5,1,6,2,2,CV-95,13.1,13,1,0,1,5,3,2,3,3,2,1,1,1,1,1,1,2,3,1,5,1,9,14,1,1,1,NaN,2,2,NaN,,NaN,,NaN,,NaN,NaN,NaN,NaN,1,4,2,1,1,1,1,1,2,1,1,1,1,1,1,1,1,1,1,2,1,1,690595.648,4210670.451,64.072,Cob,11670,0,0,2,23,6
7130,3,2007030001332,1,5,6,6,7,3,2,CV-865,7.4,7,4,0,1,5,3,2,3,3,2,1,1,1,2,2,6,5,3,1,5,1,9,14,1,1,1,NaN,1,2,NaN,,NaN,,NaN,,NaN,NaN,NaN,NaN,1,4,1,1,1,1,1,1,2,1,1,1,1,1,1,1,1,1,1,2,1,1,709308.898,4233804.494,-10.397,Cob,15503,0,0,3,22,6
7131,3,2007030001335,1,5,9,5,3,1,1,CV-84,0,0,0,1,1,7,1,2,3,3,2,2,2,2,2,2,7,7,5,1,1,1,9,14,1,1,1,NaN,2,NaN,NaN,,NaN,,NaN,,NaN,NaN,NaN,71,1,4,1,1,1,1,1,1,2,1,1,1,1,1,1,1,1,1,1,2,1,1,694095.218,4246092.13,222.686,Sec,20142,0,0,1,16,2
7132,3,2007030001347,1,5,9,6,3,1,1,CV-821,3.5,3,5,0,1,5,3,2,3,3,2,2,2,2,2,2,7,7,8,1,2,1,9,14,3,1,1,NaN,1,NaN,NaN,,NaN,,NaN,,NaN,54,50,NaN,1,4,2,1,2,1,1,1,1,1,1,1,1,1,1,1,1,1,1,2,1,1,719324.93,4252803.54,49.862,Sec,30587,0,0,0,20,2
7134,3,2007030001349,1,5,10,6,4,1,2,CV-70,48,48,0,0,1,5,2,3,3,2,2,2,1,1,1,1,1,1,3,1,3,1,9,14,2,2,3,NaN,1,2,NaN,,NaN,,NaN,,NaN,NaN,NaN,NaN,1,4,1,1,1,1,1,1,2,1,1,1,1,1,1,1,1,1,1,2,1,1,749948.176,4273233.133,143.466,Per,32000,0,0,1,22,7
7135,3,2007030001353,1,5,6,4,7,3,1,CV-827,3,3,0,0,1,5,2,3,2,1,2,1,2,1,1,1,7,7,8,1,1,1,9,14,3,1,3,NaN,2,NaN,NaN,,NaN,,NaN,,66,NaN,60,NaN,1,4,1,1,1,1,1,2,1,1,1,1,1,1,1,1,1,1,1,2,2,3,707491.974,4262491.994,597.819,Cob,433,0,0,1,14,2
7141,3,2007030001354,1,5,8,6,2,1,2,CV-773,0,0,0,0,1,5,3,2,3,1,2,1,2,1,1,1,7,7,8,1,2,1,9,14,3,2,3,NaN,2,4,NaN,,NaN,,NaN,,NaN,NaN,NaN,NaN,2,4,2,1,1,1,1,1,1,1,1,1,1,1,1,1,1,1,1,2,1,1,722634.711,4256604.099,73.409,Cob,4339,0,0,1,21,1
7143,3,2007030001358,1,5,9,3,3,1,2,CV-913,3.6,3,6,1,1,5,2,3,3,4,2,1,1,1,1,1,7,7,8,1,1,1,9,14,1,1,3,NaN,2,NaN,NaN,,NaN,,NaN,,NaN,64,60,NaN,1,4,1,1,1,2,1,1,1,1,1,1,1,1,1,1,1,1,1,2,1,1,689993.53,4224256.12,-18.146,Sec,7690,0,0,0,9,2
7145,3,2007030001386,1,5,9,5,3,1,2,CV-821,2.5,2,5,1,1,5,2,2,3,3,2,2,1,1,1,1,5,6,8,1,1,1,9,14,3,1,1,NaN,2,3,NaN,,NaN,,NaN,,NaN,NaN,NaN,NaN,1,4,2,1,1,1,1,1,1,1,1,1,1,1,1,1,1,1,1,2,1,1,722079.127,4253748.072,27.791,Sec,30587,0,0,1,16,6
7147,3,2007030001390,1,5,13,6,7,3,2,CV-800,1.5,1,5,0,1,5,3,2,3,3,2,1,2,2,2,1,1,6,3,1,2,1,9,14,1,1,3,NaN,2,3,NaN,,NaN,,NaN,,NaN,NaN,NaN,NaN,1,4,2,1,1,1,1,1,2,1,1,1,1,1,1,1,1,1,1,2,1,1,724877.167,4256005.826,37.094,Cob,20572,0,0,1,19,6
7150,3,2007030001396,1,5,15,3,2,1,3,CV-91,3.5,3,5,0,1,5,3,2,3,4,2,1,1,1,1,1,1,1,8,1,1,1,5,13,2,2,1,NaN,1,2,NaN,,NaN,,NaN,,NaN,NaN,NaN,NaN,1,4,1,1,1,1,1,1,2,1,2,1,1,1,1,1,1,1,1,2,1,1,684394.44,4218113.272,-11.179,Sec,13040,0,0,1,7,7
7152,3,2007030001407,1,5,15,5,2,1,2,CV-865,3.9,3,9,1,1,5,3,2,3,3,2,1,2,1,2,2,6,6,5,1,1,1,9,14,1,1,1,NaN,2,4,NaN,,NaN,,NaN,,NaN,NaN,NaN,NaN,1,4,2,1,1,1,1,1,1,1,1,1,1,1,1,1,1,1,1,2,1,1,710165.93,4233190.318,-18.947,Cob,15503,0,0,0,15,6
7155,3,2007030001412,1,5,5,3,6,2,1,CV-800,32.2,32,2,1,1,5,3,2,3,3,2,1,1,2,1,2,7,7,8,1,1,1,9,14,1,1,1,NaN,2,NaN,NaN,,NaN,,NaN,,66,NaN,60,NaN,1,4,2,1,1,1,1,1,1,1,1,1,1,1,1,1,1,1,1,2,1,2,722070.92,4257754.379,74.448,Cob,2777,0,0,1,10,4
7157,3,2007030001418,1,5,17,3,4,1,2,CV-70,45.7,45,7,1,1,5,3,2,3,2,2,2,1,1,1,2,5,1,5,1,1,1,9,14,1,2,3,NaN,2,3,NaN,,NaN,,NaN,,NaN,NaN,NaN,NaN,2,4,1,1,1,1,1,1,2,1,1,1,1,1,1,1,1,1,1,2,2,3,724300.245,4286805.984,668.776,Per,32000,0,0,1,8,7
7158,3,2007030001419,1,5,17,1,4,1,1,CV-70,46.7,46,7,1,1,5,2,3,3,2,2,2,1,1,1,1,5,1,5,1,3,1,9,14,1,2,3,NaN,2,NaN,NaN,,NaN,,NaN,,NaN,64,60,NaN,1,4,1,1,1,1,1,2,1,1,1,1,1,1,1,1,1,1,1,2,1,1,723675.981,4286886.656,699.366,Per,32000,0,0,0,23,7
7162,3,2007030001420,1,5,12,6,6,2,1,CV-95,22.8,22,8,0,1,5,2,2,3,3,2,1,2,2,2,2,7,7,8,1,1,1,2,14,1,1,1,NaN,2,NaN,NaN,,NaN,,NaN,,NaN,53,50,NaN,1,4,2,1,2,1,1,2,2,1,1,1,1,1,1,1,1,1,1,2,1,1,697614.916,4205400.502,11.39,Cob,9367,0,0,0,17,5
7164,3,2007030001421,1,5,8,4,2,1,2,CV-95,16.1,16,1,0,1,5,3,2,3,3,2,1,1,1,1,1,1,1,3,1,1,1,9,14,2,1,1,NaN,1,4,NaN,,NaN,,NaN,,NaN,NaN,NaN,NaN,1,4,1,1,1,1,1,1,2,1,1,1,1,1,1,1,1,1,1,2,1,1,692384.2,4208450.939,43.358,Pri,10151,0,0,0,12,6
7167,3,2007030001425,1,5,12,3,6,2,2,CV-845,1.6,1,6,0,1,5,2,3,3,3,2,1,1,1,1,1,2,1,3,1,1,1,9,14,2,1,3,NaN,2,2,NaN,,NaN,,NaN,,NaN,NaN,NaN,NaN,1,4,1,1,1,1,1,1,2,1,1,1,1,1,1,1,1,1,1,2,1,1,692878.886,4244418.192,247.846,Sec,6220,0,0,2,8,6
7171,3,2007030001426,1,5,17,6,4,1,4,CV-95,26.1,26,1,0,1,5,3,2,3,3,2,1,1,1,1,1,7,7,8,1,1,1,9,8,1,1,1,NaN,2,5,NaN,,NaN,,NaN,,NaN,NaN,NaN,NaN,3,4,2,1,1,1,1,1,1,1,1,1,1,1,1,1,1,1,1,2,2,1,700550.91,4204307.758,-9.303,Cob,24587,0,0,1,17,1
7172,3,2007030001428,1,5,18,3,5,1,1,CV-773,2.7,2,7,1,1,5,2,2,3,2,2,1,2,2,2,1,7,7,5,1,1,1,2,4,1,1,3,NaN,2,NaN,30,32,NaN,,NaN,,NaN,NaN,NaN,NaN,1,4,1,1,1,1,1,1,1,2,1,1,1,1,1,1,1,2,1,2,1,1,727376.495,4263711.346,306.292,Cob,4339,0,1,0,8,5
7174,3,2007030001430,1,5,18,3,5,1,2,CV-736,4.8,4,8,0,1,5,2,3,3,2,1,1,2,1,1,1,7,7,5,1,1,1,9,14,1,1,1,NaN,2,3,NaN,,NaN,,NaN,,NaN,NaN,NaN,NaN,1,4,1,1,1,1,1,1,2,1,1,1,1,1,1,1,1,1,1,2,1,1,773525.996,4300963.55,135.53,Cob,4859,0,0,0,10,2
7176,3,2007030001435,1,5,14,6,1,4,2,CV-905,1.5,1,5,0,1,5,3,2,3,3,2,2,1,1,2,2,5,6,4,1,1,1,9,14,1,1,1,NaN,2,2,NaN,,NaN,,NaN,,NaN,NaN,NaN,NaN,1,4,1,1,1,1,1,1,2,1,1,1,1,1,1,1,1,1,1,2,1,1,699307.625,4215249.126,20.936,Pri,26822,0,0,0,20,6
7184,3,2007030001439,1,5,17,6,4,1,3,CV-95,26.3,26,3,0,1,5,2,2,3,3,2,1,1,2,2,2,7,7,8,1,1,1,9,14,3,1,3,NaN,2,5,NaN,,NaN,,NaN,,NaN,NaN,NaN,NaN,2,4,2,1,1,1,1,1,1,1,1,1,1,1,1,1,1,1,1,2,1,2,700635.351,4204294.853,-10.117,Cob,24587,0,0,0,20,1
7186,3,2007030001440,1,5,11,6,5,1,2,CV-945,2,2,0,0,1,5,2,3,3,1,2,1,1,1,1,1,7,7,5,1,1,1,9,14,3,1,1,NaN,2,3,NaN,,NaN,,NaN,,NaN,NaN,NaN,NaN,1,4,1,1,1,1,1,1,2,1,1,1,1,1,1,1,1,1,1,2,1,1,698870.725,4211660.481,-17.315,Sec,12415,0,0,0,18,1
7188,3,2007030001443,1,5,18,3,5,1,1,CV-83,7,7,0,1,1,5,3,2,3,3,2,1,1,1,1,1,7,7,8,1,1,1,9,14,3,1,1,NaN,1,NaN,NaN,,NaN,,NaN,,NaN,63,60,NaN,1,4,1,1,1,1,2,1,1,1,1,1,1,1,1,1,1,1,1,2,1,1,672958.498,4253104.865,568.836,Cob,6914,0,0,0,8,1
7190,3,2007030001445,1,5,15,4,2,1,2,CV-95,26,26,0,0,1,5,3,2,3,3,2,1,1,1,1,1,7,7,8,1,1,1,9,14,2,1,1,NaN,2,4,NaN,,NaN,,NaN,,NaN,NaN,NaN,NaN,2,4,2,1,1,1,1,1,2,1,1,1,1,1,1,1,1,1,1,2,1,1,700356.33,4204352.1,-5.576,Cob,24587,0,0,1,12,1