Id,Ano,Numero_Accidente,Provincia,Mes,Dia,Hora,Dia_Semana,Tipo_Dia,Vehiculos_Implicados,Carretera,Pk,Km,Hm,Sentido,Zona,Tipo_Via,Anchura_Calzada,Anchura_Carril,Marcas_Viales,Arcen,Arcen_Pavimentado,Mediana,Barrera_Seguridad,Paneles_Direccionales,Hitos_Arista,Captafaros,Interseccion_Tipo,Interseccion_Acondicionamiento,Prioridad_Regulada_por,Superficie,Luminosidad,Factores_Atmosfericos,Visibilidad_Restringida_por,Otras_Circunstancias,Senalizacion_Peligro,Aceras,Arboles,Arboles_Metros_Calzada,Visibilidad_Senalizacion_Vertical,Colision_Vehiculos_Marcha,Colision_Vehiculo_Obstaculo_1,Colision_Vehiculo_Obstaculo_2,Atropello_1,Atropello_2,Vuelco_1,Vuelco_2,Salida_Sin_Colision,Salida_Con_Colision,Lado_Salida,Otro,Circulacion,Circulacion_Medidas_Especiales,Distraccion,Inexperiencia_Conductor,Alcohol_Drogas,Cansancio_Sueno,Enfermedad,Velocidad_Inadecuada,Infraccion_Norma_Circulacion,Estado_Condicion_Via,Estado_Condicion_Senalizacion,Tramo_Obras,Mal_Estado_Vehiculo,Averia_Mecanica,Meteorologia_Adversa,Irrupcion_Animal,Circular_Sentido_Contrario,Otro_Factor,Sin_Opinion_Definida,Pendiente,Curvatura,Peralte,GPS_x,GPS_y,GPS_z,Tipo_Est,IMD,N_Muertos,N_Graves,N_Leves,Hora_Real,Fuera_o_Interseccion
7193,3,2007030001446,1,5,20,4,7,3,3,CV-865,6.3,6,3,0,1,5,2,2,3,3,2,1,1,1,1,2,7,7,8,1,1,1,9,14,3,1,1,NaN,1,NaN,NaN,,21,24,NaN,,NaN,NaN,NaN,NaN,1,4,1,1,1,1,1,1,1,1,1,1,1,1,1,2,1,1,1,2,1,1,708412.657,4234422.202,0.457,Cob,15503,0,0,2,14,1
7195,3,2007030001451,1,5,20,4,7,3,2,CV-865,7.4,7,4,0,1,5,3,2,3,3,2,1,2,1,2,2,6,6,3,1,1,1,9,14,1,1,3,NaN,2,2,NaN,,NaN,,NaN,,NaN,NaN,NaN,NaN,1,4,2,1,1,1,1,1,2,1,1,1,1,1,1,1,1,1,1,2,1,1,709308.898,4233804.494,-10.397,Cob,15503,0,0,1,14,6
7197,3,2007030001467,1,5,20,6,7,3,2,CV-940,0,0,0,0,1,5,1,1,3,2,2,1,1,1,1,1,5,1,4,1,1,1,9,14,3,1,1,NaN,2,3,NaN,,NaN,,NaN,,NaN,NaN,NaN,NaN,1,4,1,1,1,1,1,1,2,1,1,1,1,1,1,1,1,1,1,2,1,1,694590.879,4206216.18,41.071,Cob,6192,0,0,0,19,6
7199,3,2007030001472,1,5,17,6,4,1,2,CV-840,9.5,9,5,1,1,5,2,2,3,3,2,1,1,2,2,2,1,1,5,1,2,1,9,14,1,1,1,NaN,2,3,NaN,,NaN,,NaN,,NaN,NaN,NaN,NaN,1,4,1,1,2,1,1,2,2,1,1,1,1,1,1,1,1,1,1,2,1,1,678096.456,4246474.277,594.116,Cob,4751,0,0,1,19,6
7201,3,2007030001474,1,5,10,3,4,1,2,CV-700,8.3,8,3,0,1,5,2,2,3,1,2,1,1,1,1,1,7,7,5,1,1,1,9,14,1,1,1,NaN,2,1,NaN,,NaN,,NaN,,NaN,NaN,NaN,NaN,1,4,2,1,1,1,1,1,1,1,1,1,1,1,1,1,1,1,1,2,1,1,715790.724,4296058.15,631.978,Cob,1776,0,0,0,10,5
7206,3,2007030001480,1,5,14,4,1,1,3,CV-825,7.3,7,3,1,1,5,3,2,3,3,2,1,2,2,2,2,1,6,5,7,1,1,9,14,1,1,1,NaN,2,NaN,NaN,,NaN,,NaN,,56,NaN,50,NaN,1,4,2,1,1,1,1,2,2,2,1,1,1,1,1,1,1,1,1,2,1,1,697442.755,4249165.72,188.134,Cob,2336,0,0,0,11,6
7210,3,2007030001484,1,5,22,6,2,1,2,CV-865,0.8,0,8,0,1,5,3,2,3,3,2,1,1,1,1,1,1,1,5,1,1,1,9,14,1,1,1,NaN,2,4,NaN,,NaN,,NaN,,NaN,NaN,NaN,NaN,1,4,2,1,1,1,1,1,2,1,1,1,1,1,1,1,1,1,1,2,1,1,703841.128,4237363.73,44.729,Cob,15503,0,0,0,18,6
7212,3,2007030001495,1,5,25,6,5,1,2,CV-905,0,0,0,0,1,5,3,2,3,3,2,2,2,1,2,2,5,1,8,1,1,1,9,14,1,1,1,NaN,2,3,NaN,,NaN,,NaN,,NaN,NaN,NaN,NaN,1,4,1,1,1,1,1,1,2,1,1,1,1,1,1,1,1,1,1,2,2,3,698062.729,4215016.961,1.517,Pri,26822,0,0,0,18,6
7215,3,2007030001500,1,5,26,4,6,2,3,CV-70,42.7,42,7,1,1,5,3,2,3,2,2,2,2,2,2,2,5,1,5,1,1,1,9,14,3,2,1,NaN,2,NaN,NaN,,NaN,,12,9,NaN,NaN,NaN,NaN,1,4,1,1,1,1,1,1,1,1,1,1,1,1,1,1,1,2,1,2,2,3,726733.821,4286969.929,482.909,Cob,0,0,1,1,14,7
7219,3,2007030001504,1,5,26,4,6,2,2,CV-700,60.7,60,7,0,1,5,2,2,3,3,2,1,1,1,2,2,2,1,3,1,1,1,9,14,1,1,1,NaN,1,2,NaN,,NaN,,NaN,,NaN,NaN,NaN,NaN,1,4,1,1,1,1,1,1,2,1,1,1,1,1,1,1,1,1,1,2,1,1,753465.365,4304153.864,0.353,Cob,6528,0,0,2,14,6
7220,3,2007030001506,1,5,25,6,5,1,1,CV-715,21.1,21,1,1,1,5,3,2,3,1,2,1,1,2,1,1,7,7,5,1,1,1,2,14,3,1,3,NaN,2,NaN,NaN,,NaN,,NaN,,NaN,54,50,NaN,1,4,1,1,1,1,1,2,1,1,1,1,1,1,1,1,1,1,1,2,2,2,753980.693,4289371.936,502.143,Cob,3457,0,0,1,19,2
7222,3,2007030001507,1,5,26,4,6,2,2,CV-755,17.6,17,6,1,1,5,2,3,3,1,2,1,1,1,1,1,2,1,5,1,1,1,2,14,2,1,3,NaN,2,2,NaN,,NaN,,NaN,,NaN,NaN,NaN,NaN,1,4,1,1,1,1,1,1,2,1,1,1,1,1,1,1,1,1,1,2,2,2,745553.728,4283856.241,351.238,Cob,3481,0,0,2,11,6
7223,3,2007030001511,1,5,27,3,7,3,1,CV-700,39.7,39,7,1,1,5,1,3,2,1,2,1,1,2,1,1,7,7,5,1,1,1,9,14,1,1,1,NaN,1,NaN,NaN,,NaN,,NaN,,NaN,64,60,NaN,1,4,2,1,1,2,1,1,1,1,1,1,1,1,1,1,1,1,1,2,1,1,732154.776,4296380.051,457.19,Cob,694,0,0,1,10,3
7224,3,2007030001513,1,5,27,4,7,3,1,CV-912,3.9,3,9,1,1,5,2,2,3,1,2,1,2,2,1,2,1,1,8,1,1,1,2,14,1,1,3,NaN,2,NaN,NaN,,NaN,,12,9,NaN,NaN,NaN,NaN,1,4,2,1,1,1,1,2,1,1,1,1,1,1,1,1,1,1,1,2,1,1,690695.066,4221784.299,-17.961,Cob,3150,0,0,1,13,6
7226,3,2007030001515,1,5,26,6,6,2,2,CV-950,0.9,0,9,1,1,5,2,3,3,1,2,1,1,1,1,1,7,7,8,1,1,1,9,14,2,1,1,NaN,1,NaN,NaN,,NaN,,NaN,,66,NaN,60,NaN,1,4,1,1,1,1,1,1,2,1,1,1,1,1,1,1,1,1,1,2,1,1,685663.249,4210561.583,84.297,Cob,482,0,0,1,17,1
7228,3,2007030001523,1,5,19,3,6,2,2,CV-91,24.1,24,1,0,1,5,2,2,3,3,2,1,1,1,1,1,7,7,8,1,1,1,9,14,1,1,1,NaN,1,NaN,NaN,,NaN,,NaN,,57,NaN,50,NaN,1,4,2,2,2,2,1,2,2,1,1,1,1,1,1,1,1,1,1,2,1,1,704075.391,4219209.401,-27.135,Cob,9526,0,0,0,7,2
7234,3,2007030001532,1,5,17,4,4,1,2,CV-91,15,15,0,0,1,5,3,2,3,4,2,1,1,2,1,2,5,1,4,1,1,1,9,14,1,1,1,NaN,2,2,NaN,,NaN,,NaN,,NaN,NaN,NaN,NaN,1,4,2,1,1,1,1,1,2,1,1,1,1,1,1,1,1,1,1,2,1,1,695386.935,4219107.869,-17.886,Cob,10394,0,0,0,12,6
7235,3,2007030001538,1,5,28,4,1,1,1,CV-845,8.4,8,4,1,1,5,3,2,3,3,2,1,1,2,2,1,7,7,8,1,1,1,9,14,1,1,1,NaN,1,NaN,NaN,,NaN,,NaN,,NaN,53,50,NaN,1,4,1,1,1,1,1,2,1,1,1,1,1,1,1,1,1,1,1,2,1,1,684533.643,4241425.49,387.989,Cob,4139,0,0,1,13,4
7236,3,2007030001548,1,5,19,5,6,2,1,CV-720,15,15,0,0,1,5,1,3,3,2,2,1,1,2,1,1,7,7,8,1,1,1,9,14,3,1,1,NaN,1,NaN,NaN,,NaN,,NaN,,NaN,64,60,NaN,1,4,2,1,1,1,1,1,1,1,1,1,1,1,1,1,1,1,1,2,1,1,738558.079,4290997.057,695.794,Cob,128,0,0,0,15,4
7237,3,2007030001549,1,5,25,5,5,1,1,CV-83,4.5,4,5,0,1,5,2,2,3,2,2,1,1,2,1,1,5,6,8,1,1,1,9,14,3,1,1,NaN,2,NaN,NaN,,NaN,,NaN,,NaN,64,60,NaN,1,4,2,1,1,1,1,1,1,1,1,1,1,1,1,1,1,1,1,2,1,1,690095.875,4256924.817,328.07,Sec,4999,0,0,0,15,6
7239,3,2007030001550,1,5,24,4,4,1,2,CV-820,17.8,17,8,1,1,5,2,3,3,3,2,1,1,1,1,1,2,6,3,9,1,1,9,9,1,1,3,NaN,2,2,NaN,,NaN,,NaN,,NaN,NaN,NaN,NaN,1,4,2,1,1,1,1,1,2,1,1,1,1,1,1,1,1,1,1,2,1,2,711323.453,4254949.52,146.161,Pri,3589,0,0,0,14,6
7240,3,2007030001551,1,5,29,6,2,1,1,CV-70,45.8,45,8,1,1,5,2,2,3,2,2,2,1,1,1,1,7,7,8,1,3,1,9,14,2,1,1,NaN,1,NaN,NaN,,21,24,NaN,,NaN,NaN,NaN,NaN,1,4,1,1,1,1,1,1,1,1,1,1,1,1,1,2,1,1,1,2,1,1,724200.833,4286794.879,670.065,Per,32000,0,0,0,22,1
7245,3,2007030001569,1,5,29,3,2,1,3,CV-715,6.2,6,2,0,1,5,2,3,3,3,2,1,1,1,1,1,1,4,5,1,1,1,9,14,1,1,1,NaN,2,5,NaN,,NaN,,NaN,,NaN,NaN,NaN,NaN,1,4,2,1,1,1,1,1,2,1,1,1,1,1,1,1,1,1,1,2,1,1,751626.508,4306064.686,-5.931,Cob,5497,0,0,0,9,6
7248,3,2007030001570,1,5,29,3,2,1,3,CV-840,3.3,3,3,0,1,5,2,2,3,3,2,1,1,1,1,1,7,7,8,1,1,1,9,14,3,1,1,NaN,2,4,NaN,,NaN,,NaN,,NaN,NaN,NaN,NaN,1,4,2,1,1,1,1,1,1,1,1,1,1,1,1,1,1,1,1,2,1,1,691450.838,4249526.308,279.903,Cob,4751,0,0,2,9,1
7250,3,2007030001573,1,5,25,6,5,1,2,CV-715,24.8,24,8,1,1,5,1,1,3,2,2,1,1,1,1,1,1,1,8,1,1,1,9,14,1,1,1,NaN,1,2,NaN,,NaN,,NaN,,NaN,NaN,NaN,NaN,1,4,1,1,1,1,1,1,2,1,1,1,1,1,1,1,1,1,1,2,1,2,754976.3,4290674.418,521.072,Cob,500,0,0,1,18,7
7252,3,2007030001577,1,5,31,6,4,1,2,CV-821,6,6,0,0,1,5,3,2,3,1,2,2,1,1,1,1,5,1,8,1,3,1,9,14,1,1,1,NaN,2,2,NaN,,NaN,,NaN,,NaN,NaN,NaN,NaN,1,4,1,1,1,1,1,1,2,1,1,1,1,1,1,1,1,1,1,2,1,1,721301.285,4254176.069,37.678,Cob,14837,0,0,0,22,6
7256,3,2007030001578,1,5,1,4,2,1,4,CV-84,1.6,1,6,1,1,6,1,2,4,1,2,1,2,1,1,1,7,7,5,1,1,1,9,14,3,1,1,NaN,1,1,NaN,,NaN,,NaN,,NaN,NaN,NaN,NaN,1,4,1,1,1,1,1,1,2,1,1,1,1,1,1,1,1,1,1,2,1,1,694928.045,4244812.806,266.923,Sec,20142,0,1,1,14,2
7262,3,2007030001580,1,5,31,3,4,1,2,CV-941,10.6,10,6,1,1,5,3,2,3,3,2,1,1,1,1,1,1,1,5,1,1,1,9,14,2,1,1,NaN,2,2,NaN,,NaN,,NaN,,NaN,NaN,NaN,NaN,1,4,1,1,1,1,1,1,2,1,1,1,1,1,1,1,1,1,1,2,1,1,695363.614,4196987.476,43.245,Sec,4094,0,0,0,8,6
7263,3,2007030001582,1,5,31,4,4,1,1,CV-945,5.4,5,4,0,1,5,3,2,3,3,2,1,1,1,1,1,7,7,8,1,1,1,9,14,1,1,1,NaN,2,NaN,NaN,,NaN,,NaN,,NaN,63,60,NaN,1,4,2,1,1,1,1,1,1,1,1,1,1,1,1,1,1,1,1,2,1,1,695605.992,4211063.024,-0.082,Cob,6197,0,0,1,11,1
7276,3,2007030001588,1,6,2,3,6,2,2,CV-865,11,11,0,0,1,5,2,2,3,3,2,2,1,1,1,2,7,7,8,1,1,1,9,14,1,1,3,NaN,2,4,NaN,,NaN,,NaN,,NaN,NaN,NaN,NaN,1,4,1,1,1,1,1,1,2,1,1,1,1,1,1,1,1,1,1,2,1,1,712018.609,4231557.049,-13.634,Sec,17758,0,0,1,9,2
7278,3,2007030001590,1,6,2,4,6,2,2,CV-900,7.3,7,3,0,1,5,2,2,3,4,2,1,2,2,2,1,7,7,8,1,1,1,9,14,1,1,3,NaN,1,3,NaN,,NaN,,NaN,,NaN,NaN,NaN,NaN,1,4,1,1,1,1,1,1,2,1,1,1,1,1,1,1,1,1,1,2,1,1,687091.702,4221094.984,-6.488,Sec,10621,0,0,2,14,2
7285,3,2007030001592,1,6,2,4,6,3,2,CV-720,41.7,41,7,0,1,5,2,2,3,2,2,1,1,2,1,1,7,7,5,1,1,1,9,14,1,1,1,NaN,2,1,NaN,,NaN,,NaN,,NaN,NaN,NaN,NaN,1,4,1,1,1,1,1,2,1,1,1,1,1,1,1,1,1,1,1,2,1,1,757110.044,4293436.298,191.402,Cob,3543,0,3,6,12,4
7287,3,2007030001599,1,6,3,5,7,3,2,CV-941,4.2,4,2,0,1,5,2,2,3,1,2,1,1,2,1,1,7,7,8,1,1,1,2,14,1,1,3,NaN,2,1,NaN,,NaN,,NaN,,NaN,NaN,NaN,NaN,1,4,2,1,1,1,1,1,2,1,1,1,1,1,1,1,1,1,1,2,1,2,694831.445,4198765.164,31.665,Sec,4094,0,0,1,15,5
7288,3,2007030001601,1,6,3,5,7,3,1,CV-925,3.7,3,7,0,1,5,2,2,3,1,2,1,1,1,1,1,7,7,8,1,1,1,9,14,2,1,3,NaN,1,NaN,NaN,,NaN,,NaN,,NaN,64,60,NaN,1,4,2,1,1,1,1,1,1,1,1,1,1,1,1,1,1,1,1,2,1,1,682718.367,4214330.622,8.847,Cob,1480,0,0,1,16,1
7290,3,2007030001603,1,5,29,4,2,1,2,CV-800,0,0,0,1,1,7,2,3,4,3,2,2,2,2,2,2,7,7,8,1,1,1,2,4,1,1,1,NaN,2,1,NaN,,NaN,,NaN,,NaN,NaN,NaN,NaN,1,4,2,1,1,1,1,1,1,1,1,1,1,1,1,1,1,1,1,2,1,1,719874.556,4281305.054,754.335,Cob,20572,0,0,1,11,4
7294,3,2007030001606,1,5,29,4,2,1,2,CV-715,19,19,0,0,1,5,2,3,3,3,2,1,1,1,1,1,7,7,5,1,1,1,9,14,1,1,1,NaN,2,4,NaN,,NaN,,NaN,,NaN,NaN,NaN,NaN,1,4,1,1,1,1,1,1,2,1,1,1,1,1,1,1,1,1,1,2,1,1,754996.972,4291199.587,364.747,Cob,3457,0,0,1,13,1
7295,3,2007030001608,1,6,4,5,1,4,1,CV-945,1.9,1,9,0,1,5,2,3,3,3,2,1,1,1,1,1,7,7,6,1,1,1,6,14,2,1,1,NaN,2,NaN,NaN,,21,21,NaN,,NaN,NaN,NaN,NaN,1,4,1,1,1,1,1,1,2,1,1,1,1,1,1,1,1,1,1,2,1,1,698969.507,4211671.307,-18.785,Sec,12415,0,0,1,15,2
7296,3,2007030001611,1,6,3,3,7,3,1,CV-84,3.2,3,2,1,1,5,2,2,2,3,2,1,1,2,2,2,5,6,4,1,1,1,9,14,1,1,1,NaN,2,NaN,NaN,,NaN,,NaN,,57,NaN,50,NaN,1,4,2,1,1,1,1,1,2,1,1,1,1,1,1,1,1,1,1,2,1,2,696292.021,4244062.668,242.278,Sec,20142,0,1,0,10,6
7297,3,2007030001612,1,6,4,4,1,4,1,CV-700,55.2,55,2,1,1,5,3,2,3,3,2,1,1,1,1,1,7,7,8,1,1,1,9,14,3,1,1,NaN,1,NaN,NaN,,21,21,NaN,,NaN,NaN,NaN,NaN,1,4,1,1,1,1,1,1,2,1,1,1,1,1,1,1,1,1,1,2,1,1,719693.334,4296888.187,464.181,Pri,3093,0,0,1,14,2
7298,3,2007030001613,1,6,4,5,1,4,1,CV-70,48.8,48,8,1,1,5,3,2,3,4,2,2,1,1,1,2,7,7,8,1,1,1,9,14,3,1,1,NaN,1,NaN,NaN,,NaN,,NaN,,66,NaN,60,NaN,3,4,2,1,1,1,1,1,2,1,1,1,1,1,1,1,1,1,1,2,2,2,722342.092,4285880.178,757.4,Per,32000,0,0,2,15,1
7299,3,2007030001616,1,6,3,5,7,3,1,CV-821,6.9,6,9,1,1,5,2,3,3,2,2,2,1,1,1,1,7,7,8,1,1,1,9,13,1,2,3,NaN,2,NaN,NaN,,NaN,,NaN,,NaN,53,50,NaN,1,4,1,1,2,1,1,2,1,1,1,1,1,1,1,1,1,1,1,2,1,1,718668.927,4252337.888,65.023,Cob,14837,0,0,1,16,1
7303,3,2007030001617,1,5,31,5,4,1,2,CV-905,1,1,0,1,1,5,3,2,3,3,2,2,2,2,2,2,5,6,4,1,1,1,9,14,2,1,3,NaN,2,4,NaN,,NaN,,NaN,,NaN,NaN,NaN,NaN,1,4,2,1,1,1,1,1,1,1,1,1,1,1,1,1,1,1,1,2,3,1,703065.797,4207654.617,-15.445,Pri,26822,0,0,1,16,6
7304,3,2007030001627,1,6,1,1,5,1,1,CV-905,9,9,0,0,1,5,3,2,3,3,2,2,1,2,2,2,5,1,4,1,3,1,9,14,1,1,1,NaN,2,NaN,NaN,,NaN,,NaN,,NaN,64,60,NaN,1,4,2,1,1,1,1,1,1,1,1,1,1,1,1,1,1,1,1,2,1,1,702704.304,4208839.843,-19.001,Cob,30384,0,0,0,1,6
7305,3,2007030001631,1,6,6,3,3,1,1,CV-70,38.1,38,1,0,1,5,3,2,3,4,2,1,2,2,1,1,7,7,5,1,1,1,9,14,1,1,1,NaN,2,NaN,NaN,,NaN,,NaN,,66,NaN,60,NaN,1,4,1,1,1,1,1,2,1,1,1,1,1,1,1,1,1,1,1,1,1,1,747113.02,4281030.547,354.712,Cob,1917,0,0,1,7,5
7309,3,2007030001638,1,6,3,4,7,3,2,CV-81,36.1,36,1,1,1,5,3,2,3,3,2,1,1,1,2,1,7,7,8,1,1,1,9,14,1,1,1,NaN,1,2,NaN,,NaN,,NaN,,NaN,NaN,NaN,NaN,1,4,2,1,1,1,1,1,1,1,1,1,1,1,1,1,1,1,1,2,1,1,702631.899,4289958.397,658.941,Cob,6790,0,0,5,12,1
7312,3,2007030001640,1,5,30,6,3,1,3,CV-95,25,25,0,0,1,5,3,2,3,1,2,2,1,1,1,1,7,7,6,1,1,1,9,14,1,1,1,NaN,2,4,NaN,,NaN,,NaN,,NaN,NaN,NaN,NaN,1,4,2,1,1,1,1,1,1,1,1,1,1,1,1,1,1,1,1,2,2,3,699402.984,4204557.633,5.172,Cob,24587,0,0,0,20,1
7316,3,2007030001644,1,6,7,5,4,1,2,CV-70,45.7,45,7,0,1,5,3,3,3,2,2,2,2,1,1,1,7,7,5,1,1,1,9,14,1,1,1,NaN,2,1,NaN,,NaN,,NaN,,NaN,NaN,NaN,NaN,1,4,1,1,1,1,1,2,1,1,1,1,1,1,1,1,1,2,1,2,2,1,750461.592,4275312.519,163.864,Per,32000,0,0,1,15,2
7318,3,2007030001649,1,6,3,1,7,3,2,CV-91,17.5,17,5,1,1,5,3,1,3,3,2,1,1,1,1,2,7,7,8,1,5,1,9,14,2,1,3,NaN,2,3,NaN,,NaN,,NaN,,NaN,NaN,NaN,NaN,1,4,1,1,1,1,1,1,2,1,1,1,1,1,1,1,1,1,1,2,1,2,688673.823,4218160.274,-19.153,Cob,10394,0,0,0,0,1
7320,3,2007030001652,1,6,6,4,3,1,2,CV-81,42.1,42,1,0,1,5,2,2,3,3,2,1,1,1,2,2,5,6,8,1,1,1,9,14,3,1,1,NaN,2,3,NaN,,NaN,,NaN,,NaN,NaN,NaN,NaN,1,4,1,1,1,1,1,1,2,1,1,1,1,1,1,1,1,1,1,2,2,1,685193.53,4280289.202,477.407,Cob,5714,0,0,1,12,7
7322,3,2007030001655,1,6,5,6,2,1,1,CV-773,1.4,1,4,1,1,5,3,2,3,2,2,1,2,2,2,2,7,7,8,1,1,1,9,14,1,1,1,NaN,2,NaN,NaN,,NaN,,NaN,,NaN,63,60,NaN,1,4,1,1,1,1,1,2,1,1,1,1,1,1,1,1,1,1,1,2,1,1,728262.303,4263625.852,298.003,Cob,4339,0,0,0,18,4
7326,3,2007030001658,1,6,4,4,1,4,2,CV-815,0.9,0,9,1,1,5,3,1,3,4,2,1,1,1,1,1,1,1,8,1,1,1,9,14,2,1,1,NaN,1,4,NaN,,NaN,,NaN,,NaN,NaN,NaN,NaN,1,4,2,1,1,1,1,2,1,1,1,1,1,1,1,1,1,1,1,2,1,1,704085.678,4273244.733,647.839,Cob,7351,0,0,0,13,7
7328,3,2007030001659,1,6,4,4,1,4,2,CV-790,6,6,0,1,1,5,3,2,3,3,2,1,1,2,1,1,7,7,8,1,1,1,9,14,2,1,1,NaN,2,1,NaN,,NaN,,NaN,,NaN,NaN,NaN,NaN,1,4,1,1,1,1,1,2,1,1,1,1,1,1,1,1,1,1,1,2,1,1,725479.449,4288004.111,511.707,Cob,3423,0,0,0,13,5
7331,3,2007030001663,1,6,8,6,5,1,2,CV-95,19.8,19,8,0,1,5,3,2,3,3,2,1,1,1,1,1,1,1,3,1,1,1,2,3,1,1,1,NaN,2,2,NaN,,NaN,,NaN,,NaN,NaN,NaN,NaN,1,4,1,1,1,1,1,1,2,1,1,1,1,1,1,1,1,1,1,2,1,1,694899.648,4205744.872,43.968,Cob,9367,1,0,3,20,7
7332,3,2007030001666,1,6,9,3,6,2,1,CV-912,4,4,0,0,1,5,2,2,3,1,2,1,1,2,1,2,7,7,8,1,1,1,9,14,1,1,3,NaN,2,NaN,NaN,,NaN,,NaN,,66,NaN,60,NaN,1,4,2,1,1,1,1,1,1,1,1,1,1,1,1,1,1,1,1,2,1,1,690921.785,4221991.253,-19.812,Cob,3150,0,1,0,9,1
7334,3,2007030001671,1,6,9,5,6,2,2,CV-95,4.5,4,5,0,1,5,3,2,3,3,2,1,2,2,1,1,2,1,2,1,1,1,9,14,1,1,3,NaN,1,2,NaN,,NaN,,NaN,,NaN,NaN,NaN,NaN,1,4,1,1,1,1,1,1,2,1,2,1,1,1,1,1,1,1,1,2,1,1,684232.145,4215249.318,12.28,Cob,14091,0,0,0,16,7
7337,3,2007030001682,1,6,3,4,7,3,3,CV-865,7.5,7,5,0,1,5,2,2,3,3,2,1,1,2,2,2,7,7,8,1,1,1,9,14,3,1,1,NaN,2,4,NaN,,NaN,,NaN,,NaN,NaN,NaN,NaN,2,4,1,1,1,1,1,1,2,1,1,1,1,1,1,1,1,1,1,2,1,1,709389.012,4233746.444,-11.27,Cob,15503,0,0,3,14,1
7339,3,2007030001729,1,6,9,6,6,2,2,CV-905,8,8,0,1,1,5,3,2,3,3,2,2,1,2,2,2,7,7,8,1,1,1,9,14,3,1,2,6,1,3,NaN,,NaN,,NaN,,NaN,NaN,NaN,NaN,1,4,1,1,1,1,1,1,2,1,1,1,1,1,1,1,1,1,1,2,1,1,699962.191,4213727.753,-2.888,Cob,30384,0,0,0,18,1
7341,3,2007030001730,1,6,10,6,7,3,2,CV-904,1.5,1,5,1,1,5,2,2,3,3,2,1,2,2,2,1,5,6,4,1,5,1,9,14,1,1,3,NaN,2,3,NaN,,NaN,,NaN,,NaN,NaN,NaN,NaN,1,4,1,1,1,1,1,1,2,1,1,1,1,1,1,1,1,1,1,2,1,1,692082.587,4228505.758,-17.455,Cob,5395,0,0,0,21,6
7342,3,2007030001740,1,6,8,4,5,1,1,CV-820,12.8,12,8,1,1,5,2,2,3,3,2,1,1,1,1,1,7,7,8,1,1,1,9,14,3,1,1,NaN,2,NaN,NaN,,NaN,,NaN,,NaN,63,60,NaN,1,4,1,1,1,1,1,1,1,1,1,1,1,1,1,1,1,2,1,2,1,1,706705.397,4256577.38,257.806,Cob,6336,0,0,1,11,1
7344,3,2007030001745,1,6,6,4,3,1,2,CV-835,14.3,14,3,0,1,5,2,2,3,3,2,1,1,1,1,1,6,1,8,1,1,1,9,14,3,1,3,NaN,2,1,NaN,,NaN,,NaN,,NaN,NaN,NaN,NaN,1,4,1,1,1,1,1,1,2,1,1,1,1,1,1,1,1,1,1,2,1,1,691116.025,4259093.425,345.287,Cob,10449,0,0,1,13,7
7348,3,2007030001749,1,6,14,4,4,1,2,CV-870,0.1,0,1,0,1,5,2,2,2,1,2,1,2,2,2,2,1,2,3,1,1,1,9,14,1,1,1,NaN,1,4,NaN,,NaN,,NaN,,NaN,NaN,NaN,NaN,1,4,2,1,1,1,1,1,1,1,1,1,1,1,1,1,1,1,1,2,1,1,681309.387,4220347.242,3.89,Cob,16399,0,0,0,12,6
7350,3,2007030001762,1,6,16,4,6,2,2,CV-70,49.2,49,2,1,1,5,1,2,3,2,2,2,1,1,1,2,5,3,4,1,1,1,9,14,1,2,1,NaN,2,4,NaN,,NaN,,NaN,,NaN,NaN,NaN,NaN,1,4,2,1,1,1,1,1,1,1,1,1,1,1,1,1,1,1,1,2,1,1,722180.558,4285665.911,745.675,Per,32000,0,0,2,14,6
7351,3,2007030001769,1,6,17,3,7,3,1,CV-950,4.9,4,9,1,1,5,2,2,3,3,2,1,2,2,1,1,7,7,8,1,1,1,9,14,1,1,3,NaN,2,NaN,NaN,,NaN,,NaN,,NaN,64,60,NaN,1,4,1,1,1,1,1,2,1,1,1,1,1,1,1,1,1,1,1,2,2,2,688100.578,4211405.301,85.264,Cob,482,0,1,0,10,5
7352,3,2007030001772,1,6,16,5,6,2,1,CV-800,19.8,19,8,0,1,5,3,2,3,3,2,1,1,2,2,2,7,7,8,1,1,1,9,14,1,1,1,NaN,2,NaN,NaN,,NaN,,NaN,,NaN,62,60,NaN,1,4,1,2,1,1,1,1,1,1,1,1,1,1,1,1,1,1,1,2,1,1,717588.618,4270087.547,470.773,Cob,2777,0,0,1,16,4
7354,3,2007030001774,1,6,6,4,3,1,2,CV-940,1.5,1,5,0,1,5,3,1,3,3,2,1,1,1,1,1,7,7,8,1,1,1,9,14,3,1,1,NaN,1,3,NaN,,NaN,,NaN,,NaN,NaN,NaN,NaN,1,4,1,1,1,1,1,1,2,1,1,1,1,1,1,1,1,1,1,2,1,1,695043.527,4207265.249,16.56,Cob,6192,0,0,1,12,1
7356,3,2007030001782,1,6,17,1,7,3,2,CV-70,48.7,48,7,0,1,5,3,2,3,1,2,2,1,1,1,1,5,1,4,1,3,1,9,14,1,1,1,NaN,2,3,NaN,,NaN,,NaN,,NaN,NaN,NaN,NaN,1,4,1,1,1,1,1,1,2,1,1,1,1,1,1,1,1,1,1,2,2,1,749785.501,4272564.544,114.891,Per,32000,0,0,1,2,6