Id,Ano,Numero_Accidente,Provincia,Mes,Dia,Hora,Dia_Semana,Tipo_Dia,Vehiculos_Implicados,Carretera,Pk,Km,Hm,Sentido,Zona,Tipo_Via,Anchura_Calzada,Anchura_Carril,Marcas_Viales,Arcen,Arcen_Pavimentado,Mediana,Barrera_Seguridad,Paneles_Direccionales,Hitos_Arista,Captafaros,Interseccion_Tipo,Interseccion_Acondicionamiento,Prioridad_Regulada_por,Superficie,Luminosidad,Factores_Atmosfericos,Visibilidad_Restringida_por,Otras_Circunstancias,Senalizacion_Peligro,Aceras,Arboles,Arboles_Metros_Calzada,Visibilidad_Senalizacion_Vertical,Colision_Vehiculos_Marcha,Colision_Vehiculo_Obstaculo_1,Colision_Vehiculo_Obstaculo_2,Atropello_1,Atropello_2,Vuelco_1,Vuelco_2,Salida_Sin_Colision,Salida_Con_Colision,Lado_Salida,Otro,Circulacion,Circulacion_Medidas_Especiales,Distraccion,Inexperiencia_Conductor,Alcohol_Drogas,Cansancio_Sueno,Enfermedad,Velocidad_Inadecuada,Infraccion_Norma_Circulacion,Estado_Condicion_Via,Estado_Condicion_Senalizacion,Tramo_Obras,Mal_Estado_Vehiculo,Averia_Mecanica,Meteorologia_Adversa,Irrupcion_Animal,Circular_Sentido_Contrario,Otro_Factor,Sin_Opinion_Definida,Pendiente,Curvatura,Peralte,GPS_x,GPS_y,GPS_z,Tipo_Est,IMD,N_Muertos,N_Graves,N_Leves,Hora_Real,Fuera_o_Interseccion
7358,3,2007030001792,1,6,18,5,1,4,2,CV-95,24.3,24,3,0,1,5,2,2,3,1,2,2,2,2,1,1,5,6,3,1,1,1,9,14,1,1,1,NaN,2,2,NaN,,NaN,,NaN,,NaN,NaN,NaN,NaN,1,4,1,1,1,1,1,1,2,1,1,1,1,1,1,1,1,1,1,2,1,1,698853.183,4204787.973,4.315,Cob,24587,0,0,1,15,7
7361,3,2007030001798,1,6,18,6,1,1,2,CV-725,0.6,0,6,1,1,7,2,2,3,4,2,2,2,2,2,2,3,2,8,1,1,1,9,14,2,1,1,NaN,2,1,NaN,,NaN,,NaN,,NaN,NaN,NaN,NaN,1,4,2,1,1,1,1,1,2,1,1,1,1,1,1,1,2,1,1,2,1,2,768380.315,4303559.593,-11.337,Pri,21767,0,5,0,18,6
7363,3,2007030001803,1,6,18,6,1,4,2,CV-820,19.5,19,5,1,1,5,3,2,3,1,2,1,1,1,1,1,2,4,3,1,1,1,9,14,1,1,3,NaN,2,2,NaN,,NaN,,NaN,,NaN,NaN,NaN,NaN,2,4,1,1,1,1,1,1,2,1,1,1,1,1,1,1,1,1,1,2,1,1,712813.275,4254393.299,123.01,Pri,3589,0,1,0,20,6
7365,3,2007030001806,1,6,19,5,2,1,2,CV-835,8.5,8,5,1,1,5,3,2,3,3,2,1,1,1,1,1,7,7,8,1,1,1,9,14,3,1,1,NaN,2,2,NaN,,NaN,,NaN,,NaN,NaN,NaN,NaN,1,4,1,1,1,1,1,1,2,1,1,1,1,1,1,1,1,1,1,2,1,1,690888.423,4258014.885,312.448,Sec,3860,1,0,0,15,1
7366,3,2007030001808,1,6,16,4,6,2,1,CV-820,12,12,0,1,1,5,3,2,3,3,2,1,1,1,1,1,7,7,8,1,1,1,9,14,1,1,1,NaN,2,NaN,NaN,,NaN,,NaN,,NaN,62,60,NaN,1,4,1,1,1,1,1,2,1,1,1,1,1,1,1,1,1,1,1,2,2,3,706234.899,4257061.442,280.483,Cob,6336,0,0,1,12,4
7368,3,2007030001819,1,6,19,4,2,1,2,CV-715,11,11,0,0,1,5,2,3,3,2,2,1,1,1,1,2,7,7,3,1,1,1,9,14,1,1,1,NaN,2,2,NaN,,NaN,,NaN,,NaN,NaN,NaN,NaN,1,4,2,1,1,1,1,1,1,1,1,1,1,1,1,1,1,1,1,2,1,1,754953.82,4296434.169,131.007,Cob,3457,0,0,1,12,1
7369,3,2007030001823,1,6,13,6,3,1,1,CV-836,12.5,12,5,0,1,5,3,2,3,3,2,1,2,2,2,1,7,7,8,1,1,1,9,14,1,1,3,NaN,2,NaN,NaN,,NaN,,NaN,,68,NaN,60,NaN,1,4,2,1,1,1,1,2,2,1,1,1,1,1,1,1,1,1,1,2,1,1,670577.894,4247182.696,542.097,Cob,2315,0,0,0,17,1
7371,3,2007030001824,1,6,21,5,4,1,2,CV-763,0,0,0,1,1,5,1,2,3,3,2,1,1,1,1,1,1,1,4,1,1,1,9,14,1,1,1,NaN,1,4,NaN,,NaN,,NaN,,NaN,NaN,NaN,NaN,1,4,2,1,1,1,1,1,1,1,1,1,1,1,1,1,1,1,1,2,1,1,750561.734,4275764.631,174.284,Cob,10087,0,0,1,15,6
7375,3,2007030001830,1,6,20,5,3,1,2,CV-700,45.6,45,6,1,1,5,2,3,3,1,2,1,2,1,1,1,7,7,5,1,1,1,2,14,3,1,3,NaN,2,2,NaN,,NaN,,NaN,,NaN,NaN,NaN,NaN,1,4,1,1,1,1,1,2,1,1,1,1,1,1,1,1,1,1,1,2,2,1,727670.3,4296380.986,367.542,Cob,694,0,0,2,16,2
7378,3,2007030001831,1,6,20,6,3,1,3,CV-935,4.3,4,3,0,1,5,2,3,3,3,2,1,2,2,1,1,1,1,8,1,1,1,9,14,3,1,1,NaN,2,5,NaN,,NaN,,NaN,,NaN,NaN,NaN,NaN,1,4,1,1,1,1,1,1,2,1,1,1,1,1,1,1,1,1,1,2,1,1,693968.485,4216802.527,39.229,Sec,2479,0,0,3,18,7
7380,3,2007030001839,1,6,21,4,4,1,2,CV-900,2.5,2,5,1,1,5,2,2,3,1,2,1,1,1,1,1,5,3,4,1,1,1,9,14,1,1,1,NaN,1,3,NaN,,NaN,,NaN,,NaN,NaN,NaN,NaN,1,4,2,1,1,1,1,1,2,1,1,1,1,1,1,1,1,1,1,2,1,1,685609.788,4224945.095,-7.003,Cob,10636,0,1,0,14,7
7382,3,2007030001841,1,6,23,5,6,2,2,CV-900,6,6,0,0,1,5,2,2,3,4,2,1,2,1,1,1,7,7,8,1,1,1,9,14,3,1,1,NaN,1,4,NaN,,NaN,,NaN,,NaN,NaN,NaN,NaN,1,4,1,1,1,1,1,1,2,1,1,1,1,1,1,1,1,1,1,2,1,1,686329.729,4220945.414,-6.908,Cob,8028,0,0,2,15,1
7383,3,2007030001844,1,6,19,3,2,1,1,CV-91,9.6,9,6,0,1,5,3,2,3,3,2,1,2,2,2,2,7,7,8,1,1,1,9,14,3,1,1,NaN,1,NaN,NaN,,NaN,,NaN,,66,NaN,60,NaN,1,4,2,1,1,1,1,1,1,1,1,1,1,1,1,1,1,1,1,2,1,1,690293.251,4218023.449,-10.977,Pri,14034,0,0,1,10,1
7387,3,2007030001846,1,6,20,3,3,1,2,CV-941,6.8,6,8,1,1,5,3,2,3,3,2,1,1,1,1,1,1,1,8,1,1,1,9,8,1,1,1,NaN,2,2,NaN,,NaN,,NaN,,NaN,NaN,NaN,NaN,1,4,1,1,1,1,1,1,2,1,1,1,1,1,1,1,1,1,1,2,1,1,694613.04,4199940.659,47.599,Sec,4094,0,3,0,7,7
7389,3,2007030001847,1,6,24,4,7,3,2,CV-736,5.3,5,3,1,1,5,2,2,2,1,2,1,1,2,1,1,7,7,5,1,1,1,2,14,1,1,1,NaN,3,3,NaN,,NaN,,NaN,,NaN,NaN,NaN,NaN,1,4,1,1,1,1,1,1,2,1,1,1,1,1,1,1,1,1,1,2,2,1,773221.96,4301488.721,48.191,Cob,4859,0,1,0,14,4
7390,3,2007030001850,1,6,24,1,7,3,1,CV-912,5.8,5,8,1,1,5,2,2,3,1,2,1,1,1,1,1,7,7,8,1,5,1,9,14,3,1,1,NaN,1,NaN,NaN,,NaN,,NaN,,NaN,63,60,NaN,1,4,1,1,2,1,1,1,1,1,1,1,1,1,1,1,1,1,1,2,1,1,689451.602,4220510.358,-17.633,Cob,3150,0,0,0,4,1
7393,3,2007030001858,1,6,25,5,1,1,1,CV-70,46.2,46,2,0,1,5,2,2,3,2,2,2,1,1,1,1,5,3,5,1,1,1,9,14,1,2,3,NaN,2,NaN,NaN,,NaN,,NaN,,66,NaN,60,NaN,1,4,1,1,1,1,1,1,1,2,1,1,1,1,1,1,1,1,1,2,1,2,750354.467,4274754.873,164.724,Per,32000,0,1,1,15,6
7395,3,2007030001867,1,6,24,1,7,3,1,CV-855,6.8,6,8,0,1,5,2,3,3,3,2,2,2,2,1,1,7,7,5,1,5,1,9,14,3,1,1,NaN,1,NaN,NaN,,NaN,,NaN,,NaN,63,60,NaN,1,4,1,1,1,1,1,1,2,1,1,1,1,1,1,2,1,1,1,2,1,1,701428.746,4229977.916,-7.61,Pri,7022,0,0,1,4,1
7397,3,2007030001874,1,6,26,3,2,1,2,CV-736,6.3,6,3,0,1,5,2,3,3,1,2,1,2,2,1,1,7,7,5,3,1,4,9,14,2,1,1,NaN,2,2,NaN,,NaN,,NaN,,NaN,NaN,NaN,NaN,1,4,1,1,1,1,1,2,1,1,1,1,1,1,1,1,1,1,1,2,2,1,774322.56,4299813.017,191.003,Cob,4859,0,0,0,8,3
7401,3,2007030001876,1,6,26,5,2,1,3,CV-95,4.9,4,9,0,1,5,3,2,3,1,2,1,1,2,1,1,2,3,2,1,1,1,1,14,1,2,1,NaN,2,2,NaN,,NaN,,NaN,,NaN,NaN,NaN,NaN,1,4,1,1,1,1,1,1,2,1,1,1,1,1,1,1,1,1,1,2,1,1,684627.148,4215269.462,12.043,Cob,14091,0,1,3,15,7
7402,3,2007030001878,1,6,24,6,7,3,1,CV-900,7.7,7,7,0,1,5,3,2,3,3,2,1,2,1,1,1,7,7,8,1,4,1,9,14,3,1,3,NaN,1,NaN,NaN,,NaN,,NaN,,NaN,53,50,NaN,1,4,2,1,1,1,1,1,1,1,1,1,1,1,1,1,1,1,1,2,1,1,687211.527,4221463.055,-15.482,Sec,10621,0,0,0,22,1
7403,3,2007030001880,1,6,21,4,4,1,1,CV-940,2.2,2,2,0,1,5,3,1,3,3,2,1,1,1,1,1,5,3,4,1,1,1,9,14,1,1,1,NaN,2,NaN,NaN,,NaN,,NaN,,67,NaN,60,NaN,1,4,2,1,1,1,1,1,2,1,1,1,1,1,1,1,1,1,1,2,1,1,695312.316,4207876.95,9.405,Cob,6192,0,0,0,14,6
7404,3,2007030001883,1,6,20,1,3,1,1,CV-95,10,10,0,0,1,5,2,2,3,3,2,1,2,2,1,1,7,7,8,1,5,1,9,14,1,1,1,NaN,2,NaN,NaN,,NaN,,NaN,,NaN,54,50,NaN,1,4,2,1,1,1,1,1,1,1,1,1,1,1,1,1,1,1,1,2,1,1,688321.452,4212581.72,54.376,Cob,11670,0,0,0,2,5
7405,3,2007030001890,1,6,13,4,3,1,1,CV-949,2.3,2,3,1,1,5,2,2,3,2,2,1,2,2,2,1,7,7,8,1,1,1,2,14,1,1,1,NaN,2,NaN,NaN,,NaN,,NaN,,65,NaN,60,NaN,1,4,2,1,1,1,1,1,1,1,1,1,1,1,1,1,1,1,1,2,1,1,681014.225,4208576.884,87.251,Cob,740,0,2,0,14,5
7407,3,2007030001891,1,6,18,3,1,4,2,CV-84,1.6,1,6,1,1,5,3,2,3,3,2,2,1,1,2,1,5,1,5,1,1,1,9,14,3,1,1,NaN,2,4,NaN,,NaN,,NaN,,NaN,NaN,NaN,NaN,2,4,1,1,1,1,1,1,1,1,1,1,1,1,1,1,1,2,1,2,1,1,694928.045,4244812.806,266.923,Sec,20142,0,0,0,7,6
7410,3,2007030001904,1,6,10,3,7,3,2,CV-95,4.9,4,9,0,1,5,3,2,3,3,2,1,1,1,2,2,2,2,2,3,1,4,9,14,1,2,2,2,2,4,NaN,,NaN,,NaN,,NaN,NaN,NaN,NaN,1,4,1,1,1,1,1,1,2,1,1,1,1,1,1,1,1,1,1,2,1,1,684627.148,4215269.462,12.043,Cob,14091,0,0,5,8,7
7412,3,2007030001906,1,6,22,4,5,1,2,CV-900,6.9,6,9,0,1,5,3,2,3,4,2,1,1,1,1,1,7,7,8,1,1,1,9,14,3,2,1,NaN,1,2,NaN,,NaN,,NaN,,NaN,NaN,NaN,NaN,1,4,1,1,1,1,1,1,2,1,1,1,1,1,1,1,1,1,1,2,1,1,686887.825,4220755.726,-8.479,Sec,10621,0,1,1,14,1
7414,3,2007030001907,1,6,22,5,5,1,2,CV-941,8.6,8,6,1,1,5,2,2,3,2,2,1,1,1,2,1,7,7,8,1,1,1,9,14,3,1,1,NaN,2,NaN,NaN,,NaN,,NaN,,NaN,64,60,NaN,1,4,1,1,1,1,1,1,2,1,1,1,1,1,1,1,1,1,1,2,1,1,694844.044,4198457.343,40.583,Sec,4094,0,0,1,16,4
7416,3,2007030001908,1,6,9,6,6,2,2,CV-95,11.6,11,6,0,1,5,3,2,3,3,2,1,1,1,2,2,7,7,8,1,1,1,9,14,3,1,1,NaN,2,4,NaN,,NaN,,NaN,,NaN,NaN,NaN,NaN,1,4,1,1,1,1,1,1,2,1,1,1,1,1,1,1,1,1,1,2,1,1,689402.48,4211513.633,79.43,Cob,11670,0,1,1,19,1
7417,3,2007030001916,1,6,28,6,4,1,1,CV-70,45.1,45,1,0,1,5,3,2,3,2,2,2,2,1,1,2,7,7,5,1,1,1,9,14,1,1,1,NaN,2,NaN,NaN,,NaN,,NaN,,NaN,63,60,NaN,1,4,2,1,1,1,1,1,1,1,1,1,1,1,1,1,1,1,1,2,1,1,750330.992,4275855.884,186.166,Per,32000,0,0,1,20,2
7419,3,2007030001928,1,6,28,6,4,1,2,CV-821,5,5,0,1,1,5,2,2,3,3,2,1,1,2,1,1,5,5,4,1,1,1,9,14,1,1,3,NaN,2,4,NaN,,NaN,,NaN,,NaN,NaN,NaN,NaN,1,4,1,1,1,1,1,1,2,1,1,1,1,1,1,1,1,1,1,2,2,1,720172.311,4253413.654,53.459,Sec,30587,0,0,1,19,6
7420,3,2007030001934,1,7,1,1,7,3,1,CV-870,2.1,2,1,1,1,5,2,2,3,3,2,1,1,1,1,1,7,7,8,1,5,1,9,14,3,1,1,NaN,2,NaN,NaN,,NaN,,NaN,,68,NaN,60,NaN,1,4,2,1,2,1,1,1,1,1,1,1,1,1,1,1,1,1,1,2,1,1,677376.573,4228115.8,86.648,Cob,16399,0,0,0,23,1
7421,3,2007030001946,1,6,24,5,7,3,1,CV-825,6.7,6,7,1,1,5,3,2,3,3,2,1,1,1,1,1,7,7,7,1,1,1,9,14,3,1,1,NaN,2,NaN,NaN,,NaN,,NaN,,66,NaN,60,NaN,1,4,2,1,1,2,1,2,1,1,1,1,1,1,1,1,1,1,1,2,1,1,697861.454,4249583.187,189.741,Cob,2336,0,0,0,15,1
7423,3,2007030001952,1,6,26,3,2,1,2,CV-945,1.1,1,1,0,1,5,2,3,3,3,2,1,1,1,1,1,7,7,8,1,1,1,9,14,2,1,1,NaN,1,2,NaN,,NaN,,NaN,,NaN,NaN,NaN,NaN,1,4,1,1,1,1,1,1,2,1,1,1,1,1,1,1,1,1,1,2,1,1,699757.243,4211759.094,-23.266,Sec,12415,0,0,0,9,1
7424,3,2007030001953,1,7,1,4,7,3,1,CV-945,4,4,0,0,1,5,3,3,3,3,2,1,1,2,2,2,5,1,4,1,1,1,9,14,1,1,1,NaN,1,3,NaN,,NaN,,NaN,,NaN,NaN,NaN,NaN,2,4,1,1,1,1,1,1,2,1,1,1,1,1,1,1,1,1,1,2,1,1,696933.707,4211380.555,-5.016,Sec,12415,0,0,0,12,6
7428,3,2007030001979,1,6,29,5,5,1,2,CV-840,0.1,0,1,0,1,5,3,2,3,3,2,1,1,1,1,1,7,7,8,1,1,1,9,14,3,1,1,NaN,2,NaN,NaN,,NaN,,NaN,,NaN,54,50,NaN,1,4,1,1,1,1,1,1,2,1,1,1,1,1,1,1,1,1,1,2,1,1,694243.557,4250785.602,236.453,Cob,4751,0,0,0,15,2
7434,3,2007030001980,1,6,24,4,7,3,2,CV-905,0.5,0,5,1,1,5,3,2,3,3,2,2,2,2,2,2,5,6,4,1,1,1,9,14,3,1,3,NaN,2,2,NaN,,NaN,,NaN,,NaN,NaN,NaN,NaN,1,4,1,1,1,1,1,1,2,1,1,1,1,1,1,1,1,1,1,2,2,1,703219.683,4207196.456,-8.368,Pri,26822,0,0,1,14,7
7438,3,2007030001982,1,7,4,4,3,1,2,CV-734,6,6,0,1,1,5,2,2,3,3,2,1,1,1,1,2,7,7,8,1,1,1,9,14,1,1,1,NaN,2,3,NaN,,NaN,,NaN,,NaN,NaN,NaN,NaN,1,4,1,1,1,1,1,1,2,1,1,1,1,1,1,1,1,1,1,2,1,1,768427.999,4297503.953,48.969,Sec,12492,0,0,1,13,1
7442,3,2007030001985,1,6,30,3,6,2,2,CV-763,3.8,3,8,1,1,5,2,3,3,2,2,1,1,1,1,1,7,7,5,1,1,1,9,14,1,1,1,NaN,2,NaN,NaN,,NaN,,12,9,NaN,NaN,NaN,NaN,1,4,1,2,1,1,1,1,1,1,1,1,1,1,1,1,1,1,1,2,2,2,752836.844,4273467.106,38.356,Cob,10087,0,0,1,10,4
7444,3,2007030001986,1,7,3,5,2,1,2,CV-715,8.9,8,9,1,1,5,2,3,3,3,2,1,1,1,1,1,7,7,5,1,1,1,9,14,1,1,1,NaN,2,NaN,NaN,,NaN,,12,9,NaN,NaN,NaN,NaN,1,4,1,1,1,1,1,1,2,1,1,1,1,1,1,1,1,1,1,2,1,1,751540.794,4284853.063,176.648,Cob,3457,0,1,0,15,2
7445,3,2007030001988,1,7,3,6,2,1,1,CV-95,13,13,0,1,1,4,3,2,3,3,2,1,2,2,2,2,7,7,8,1,2,1,9,14,1,1,1,NaN,2,NaN,NaN,,NaN,,NaN,,67,NaN,60,NaN,1,4,2,1,2,1,1,1,1,1,1,1,1,1,1,1,1,1,1,2,1,1,691432.877,4209588.105,51.58,Cob,11670,0,0,2,17,5
7446,3,2007030001992,1,6,29,6,5,1,1,CV-80,4,4,0,0,1,6,2,3,2,3,2,1,1,1,1,1,7,7,8,1,1,1,9,14,3,1,1,NaN,1,NaN,NaN,,NaN,,NaN,,NaN,52,50,NaN,1,4,1,1,1,1,1,2,1,1,1,1,1,1,1,1,1,1,1,2,1,1,692490.422,4271447.482,552.497,Sec,8476,0,0,0,18,2
7448,3,2007030001993,1,7,4,3,3,1,2,CV-83,19.6,19,6,0,1,5,3,2,3,4,2,1,2,2,1,1,1,6,3,1,1,1,2,3,1,1,3,NaN,2,2,NaN,,NaN,,NaN,,NaN,NaN,NaN,NaN,1,4,2,1,1,1,1,1,2,1,1,1,1,1,1,1,1,1,1,2,1,1,675858.087,4254601.89,567.219,Cob,5881,0,1,0,8,6
7450,3,2007030001995,1,7,1,3,7,3,1,CV-715,26.8,26,8,1,1,5,1,3,3,1,2,1,1,1,1,1,7,7,8,1,1,1,9,14,3,1,1,NaN,2,NaN,NaN,,NaN,,NaN,,56,NaN,50,NaN,1,4,2,1,1,1,1,1,1,1,1,1,1,1,1,1,1,1,1,2,2,2,754454.707,4291620.402,395.654,Cob,500,0,0,1,7,2
7454,3,2007030001996,1,7,1,3,7,3,2,CV-700,66,66,0,0,1,5,3,2,3,3,2,1,1,1,1,1,3,1,4,1,1,1,9,14,1,1,1,NaN,2,2,NaN,,NaN,,NaN,,NaN,NaN,NaN,NaN,1,4,2,1,1,1,1,1,2,1,1,1,1,1,1,1,1,1,1,2,1,2,758454.194,4304873.121,-14.88,Cob,6528,0,0,0,10,6
7456,3,2007030001998,1,7,4,4,3,1,2,CV-800,1.1,1,1,0,1,5,2,2,3,3,2,1,2,1,1,1,7,7,8,1,1,1,9,14,3,1,1,NaN,1,4,NaN,,NaN,,NaN,,NaN,NaN,NaN,NaN,1,4,2,1,1,1,1,2,2,1,1,1,1,1,1,1,1,1,1,2,1,1,725037.335,4255716.973,33.705,Cob,20572,0,0,2,14,1
7458,3,2007030002000,1,6,30,6,6,2,2,CV-84,1.6,1,6,0,1,5,2,2,3,3,2,2,2,2,1,1,5,1,8,1,1,1,9,14,1,1,1,NaN,1,2,NaN,,NaN,,NaN,,NaN,NaN,NaN,NaN,1,4,2,1,1,1,1,2,2,1,1,1,1,1,1,1,1,1,1,2,1,1,697887.118,4241555.735,160.066,Sec,20142,0,0,0,19,6
7461,3,2007030002009,1,7,1,6,7,3,1,CV-935,8.3,8,3,0,1,5,2,3,3,3,2,1,1,1,1,1,7,7,8,1,1,1,9,14,1,1,1,NaN,1,NaN,NaN,,NaN,,NaN,,66,NaN,60,NaN,1,4,1,1,1,1,1,1,2,1,1,1,1,1,1,1,1,1,1,2,1,1,695269.355,4213209.462,69.387,Sec,2479,0,0,1,18,4
7462,3,2007030002011,1,7,7,1,6,2,1,CV-811,5.6,5,6,0,1,5,3,2,3,3,2,1,1,1,1,2,7,7,8,1,4,1,2,14,1,1,1,NaN,1,NaN,NaN,,NaN,,NaN,,NaN,62,60,NaN,1,4,2,1,1,1,1,1,1,1,1,1,1,1,1,1,1,1,1,2,1,1,702338.28,4275030.525,661.173,Cob,832,0,2,0,1,4
7464,3,2007030002022,1,7,7,6,6,2,2,CV-95,4.6,4,6,1,1,5,2,2,3,3,2,1,2,2,1,1,7,7,8,1,1,1,9,14,1,1,1,NaN,2,4,NaN,,NaN,,NaN,,NaN,NaN,NaN,NaN,2,4,2,1,2,1,1,1,1,1,1,1,1,1,1,1,1,1,1,2,1,1,697768.442,4205293.096,6.443,Cob,14091,0,0,2,19,1
7465,3,2007030002024,1,7,1,3,7,3,1,CV-860,6.2,6,2,0,1,5,1,2,3,3,2,2,2,2,2,2,5,6,4,1,1,1,9,14,1,1,1,NaN,2,NaN,NaN,,NaN,,NaN,,NaN,64,60,NaN,1,4,1,1,1,1,1,2,1,1,1,1,1,1,1,1,1,1,1,2,1,1,699629.728,4221029.412,-17.367,Cob,7253,0,0,2,9,6
7467,3,2007030002026,1,7,5,4,4,1,2,CV-895,1.3,1,3,0,1,5,3,2,3,3,2,1,2,1,2,2,6,5,3,1,1,1,9,14,1,1,1,NaN,2,2,NaN,,NaN,,NaN,,NaN,NaN,NaN,NaN,2,4,1,1,1,1,1,1,2,1,1,1,1,1,1,1,1,1,1,2,1,1,701006.464,4213844.621,-13.671,Cob,9017,0,0,0,12,6
7468,3,2007030002029,1,7,7,4,6,2,1,CV-925,14,14,0,0,1,5,3,2,3,3,2,1,1,1,2,1,7,7,8,1,1,1,9,14,3,1,1,NaN,1,NaN,NaN,,NaN,,NaN,,NaN,NaN,NaN,71,1,4,2,1,1,1,1,1,1,1,1,1,1,1,1,1,1,1,1,2,1,1,687623.673,4206856.457,91.308,Cob,1245,0,0,0,11,1
7475,3,2007030002031,1,7,6,6,5,1,3,CV-945,1,1,0,0,1,5,3,2,3,1,2,1,1,1,2,1,7,7,8,1,1,1,9,14,3,1,1,NaN,1,3,NaN,,NaN,,NaN,,NaN,NaN,NaN,NaN,1,4,1,1,1,1,1,1,2,1,1,1,1,1,1,1,1,1,1,2,1,1,699856.207,4211770.701,-22.844,Sec,12415,0,0,0,21,1
7477,3,2007030002042,1,6,30,2,6,2,2,CV-91,10,10,0,1,1,5,3,2,3,3,2,1,2,1,2,2,7,7,8,1,5,1,9,14,3,1,1,NaN,1,1,NaN,,NaN,,NaN,,NaN,NaN,NaN,NaN,1,4,2,1,2,1,1,1,2,1,1,1,1,1,1,1,1,1,1,2,1,1,695635.771,4219276.794,-25.758,Pri,14034,0,0,3,5,1
7479,3,2007030002045,1,7,8,6,7,3,2,CV-860,6,6,0,1,1,5,2,2,3,1,2,1,1,1,2,2,5,6,8,1,1,1,9,14,1,1,1,NaN,2,3,NaN,,NaN,,NaN,,NaN,NaN,NaN,NaN,1,4,1,1,1,1,1,1,2,1,1,1,1,1,1,1,1,1,1,2,1,1,701499.049,4224026.613,-14.298,Cob,4734,0,0,0,17,6
7483,3,2007030002053,1,7,10,5,2,1,2,CV-70,43.2,43,2,1,1,5,3,2,3,3,2,2,1,2,2,2,5,1,8,1,1,1,9,14,1,1,1,NaN,1,3,NaN,,NaN,,NaN,,NaN,NaN,NaN,NaN,1,4,1,1,1,1,1,1,2,1,1,1,1,1,1,1,1,1,1,2,2,3,726264.582,4286956.607,517.133,Cob,0,0,0,1,15,6
7487,3,2007030002056,1,7,8,4,7,3,2,CV-95,6,6,0,0,1,5,3,2,3,1,2,1,2,1,1,2,5,3,4,1,1,1,9,14,1,1,1,NaN,2,2,NaN,,NaN,,NaN,,NaN,NaN,NaN,NaN,1,4,2,1,2,1,1,1,2,1,1,1,1,1,1,1,1,1,1,2,1,2,685653.325,4215064.235,11.258,Cob,11670,0,0,2,12,7
7488,3,2007030002057,1,7,9,4,1,4,1,CV-911,1.7,1,7,1,1,5,2,2,3,1,2,1,2,1,1,1,7,7,8,1,1,1,9,14,3,1,1,NaN,1,NaN,NaN,,NaN,,NaN,,NaN,61,60,NaN,1,4,1,1,1,1,2,1,1,1,1,1,1,1,1,1,1,1,1,2,1,1,687745.526,4219532.977,-10.93,Cob,9449,0,0,0,13,1
7490,3,2007030002058,1,7,8,3,7,3,2,CV-800,30.8,30,8,1,1,5,3,2,3,4,2,1,2,1,2,1,7,7,8,1,1,1,9,14,1,1,1,NaN,2,4,NaN,,NaN,,NaN,,NaN,NaN,NaN,NaN,1,4,1,1,1,1,1,2,1,1,1,1,1,1,1,1,1,1,1,2,1,1,721316.856,4258904.752,103.601,Cob,2777,0,0,0,9,5
7491,3,2007030002061,1,7,8,3,7,3,1,CV-900,5.9,5,9,0,1,5,3,2,3,3,2,1,2,1,2,2,7,7,8,1,1,1,9,14,3,1,1,NaN,2,NaN,NaN,,NaN,,NaN,,NaN,51,50,NaN,1,4,2,1,1,1,1,1,1,1,1,1,1,1,1,1,1,1,1,2,1,1,686165.531,4221048.65,-3.618,Cob,8028,0,0,0,7,1
7492,3,2007030002065,1,7,9,4,1,1,1,CV-81,51,51,0,1,1,5,3,2,3,3,2,1,2,2,2,1,7,7,8,1,1,1,9,14,1,1,1,NaN,2,NaN,NaN,,NaN,,NaN,,56,NaN,50,NaN,1,4,1,1,1,1,1,2,1,1,1,1,1,1,1,1,1,1,1,2,1,1,707671.52,4298731.107,368.525,Cob,5714,0,1,0,14,4
7495,3,2007030002070,1,7,3,3,2,1,2,CV-800,12,12,0,1,1,5,3,2,3,3,2,1,2,2,2,2,7,7,8,1,1,1,9,14,3,1,1,NaN,1,4,NaN,,NaN,,NaN,,NaN,NaN,NaN,NaN,1,4,1,1,1,1,1,1,2,1,1,1,1,1,1,1,1,1,1,2,1,1,717257.919,4272813.769,712.538,Sec,6002,0,0,0,9,1
7499,3,2007030002072,1,7,1,3,7,3,2,CV-84,0.8,0,8,1,1,5,3,2,3,3,2,2,2,1,1,1,5,5,4,1,1,1,9,14,1,1,3,NaN,2,3,NaN,,NaN,,NaN,,NaN,NaN,NaN,NaN,1,4,2,1,1,1,1,1,2,1,1,1,1,1,1,1,1,1,1,2,1,1,694407.285,4245383.995,246.593,Sec,20142,0,0,0,9,6
7500,3,2007030002076,1,7,11,3,3,1,1,CV-865,7.8,7,8,0,1,5,3,2,3,4,2,1,1,1,2,2,7,7,8,1,1,1,9,14,3,1,1,NaN,2,NaN,NaN,,NaN,,NaN,,NaN,63,60,NaN,1,4,2,1,1,1,1,1,2,1,1,1,1,1,1,1,1,1,1,2,1,1,709629.525,4233572.408,-13.967,Cob,15503,0,0,1,10,1
7504,3,2007030002084,1,7,8,4,7,3,2,CV-905,3.9,3,9,0,1,5,3,2,3,3,2,2,1,1,2,2,5,1,8,1,1,1,9,14,1,1,1,NaN,1,3,NaN,,NaN,,NaN,,NaN,NaN,NaN,NaN,1,4,1,1,1,1,1,1,2,1,1,1,1,1,1,1,1,1,1,2,1,1,700205.597,4213072.338,-18.23,Cob,27935,0,0,0,13,6
7506,3,2007030002086,1,7,13,4,5,1,2,CV-715,5.7,5,7,0,1,5,3,2,3,3,2,1,1,2,2,2,7,7,8,1,1,1,2,14,1,1,3,NaN,2,2,NaN,,NaN,,NaN,,NaN,NaN,NaN,NaN,1,4,1,1,1,1,1,2,2,1,1,1,1,1,1,1,1,1,1,2,1,1,751735.447,4306527.828,-12.605,Cob,5497,0,0,2,14,5