Id,Ano,Numero_Accidente,Provincia,Mes,Dia,Hora,Dia_Semana,Tipo_Dia,Vehiculos_Implicados,Carretera,Pk,Km,Hm,Sentido,Zona,Tipo_Via,Anchura_Calzada,Anchura_Carril,Marcas_Viales,Arcen,Arcen_Pavimentado,Mediana,Barrera_Seguridad,Paneles_Direccionales,Hitos_Arista,Captafaros,Interseccion_Tipo,Interseccion_Acondicionamiento,Prioridad_Regulada_por,Superficie,Luminosidad,Factores_Atmosfericos,Visibilidad_Restringida_por,Otras_Circunstancias,Senalizacion_Peligro,Aceras,Arboles,Arboles_Metros_Calzada,Visibilidad_Senalizacion_Vertical,Colision_Vehiculos_Marcha,Colision_Vehiculo_Obstaculo_1,Colision_Vehiculo_Obstaculo_2,Atropello_1,Atropello_2,Vuelco_1,Vuelco_2,Salida_Sin_Colision,Salida_Con_Colision,Lado_Salida,Otro,Circulacion,Circulacion_Medidas_Especiales,Distraccion,Inexperiencia_Conductor,Alcohol_Drogas,Cansancio_Sueno,Enfermedad,Velocidad_Inadecuada,Infraccion_Norma_Circulacion,Estado_Condicion_Via,Estado_Condicion_Senalizacion,Tramo_Obras,Mal_Estado_Vehiculo,Averia_Mecanica,Meteorologia_Adversa,Irrupcion_Animal,Circular_Sentido_Contrario,Otro_Factor,Sin_Opinion_Definida,Pendiente,Curvatura,Peralte,GPS_x,GPS_y,GPS_z,Tipo_Est,IMD,N_Muertos,N_Graves,N_Leves,Hora_Real,Fuera_o_Interseccion
7508,3,2007030002096,1,7,14,6,6,2,2,CV-91,4.2,4,2,1,1,5,2,2,3,4,2,1,2,2,1,1,7,7,8,1,5,1,9,14,2,1,3,NaN,1,3,NaN,,NaN,,NaN,,NaN,NaN,NaN,NaN,1,4,1,1,2,1,1,1,2,1,1,1,1,1,1,1,1,1,1,2,1,1,701273.231,4218896.829,-24.405,Sec,13040,0,0,0,22,1
7510,3,2007030002105,1,7,13,6,5,1,2,CV-81,43.1,43,1,0,1,5,2,2,3,3,2,1,1,1,2,2,5,6,5,1,2,1,9,14,1,1,1,NaN,1,2,NaN,,NaN,,NaN,,NaN,NaN,NaN,NaN,1,4,2,1,1,1,1,1,1,1,1,1,1,1,1,1,1,1,1,2,1,1,684299.337,4280008.758,475.123,Cob,5714,0,0,1,21,6
7512,3,2007030002112,1,7,12,3,4,1,2,CV-70,47.1,47,1,1,1,5,2,3,3,3,2,2,2,2,2,2,7,7,8,1,1,1,9,14,3,2,1,NaN,2,4,NaN,,NaN,,NaN,,NaN,NaN,NaN,NaN,1,4,2,1,1,1,1,2,1,1,1,1,1,1,1,1,1,1,1,2,1,1,723443.823,4286612.21,723.495,Per,32000,0,0,1,9,1
7513,3,2007030002116,1,7,16,1,1,1,1,CV-945,4,4,0,1,1,5,3,2,3,3,2,1,1,1,2,2,7,7,8,1,5,1,9,14,3,1,1,NaN,3,NaN,NaN,,NaN,,NaN,,68,NaN,60,NaN,1,4,2,1,1,2,1,1,1,1,1,1,1,1,1,1,1,1,1,2,2,1,694474.018,4210977.086,12.623,Sec,12415,0,0,1,4,1
7516,3,2007030002121,1,7,16,6,1,1,3,CV-734,6,6,0,1,1,5,2,2,3,3,2,1,1,2,1,1,5,1,4,1,1,1,9,14,1,1,1,NaN,2,5,NaN,,NaN,,NaN,,NaN,NaN,NaN,NaN,1,4,2,1,1,1,1,1,1,1,1,1,1,1,1,1,1,1,1,2,1,1,768427.999,4297503.953,48.969,Sec,12492,0,0,0,17,6
7520,3,2007030002124,1,7,15,1,7,3,2,CV-725,2.8,2,8,0,1,5,3,2,3,3,2,1,2,1,2,2,7,7,8,1,5,1,9,14,3,1,3,NaN,1,3,NaN,,NaN,,NaN,,NaN,NaN,NaN,NaN,1,4,1,1,1,1,1,1,2,1,1,1,1,1,1,1,1,1,1,2,1,1,764277.21,4302695.341,7.059,Pri,21767,0,0,3,2,1
7522,3,2007030002129,1,7,18,5,3,1,2,CV-905,7,7,0,0,1,5,2,2,3,3,2,2,2,2,1,1,5,1,4,1,1,1,9,14,1,1,3,NaN,2,4,NaN,,NaN,,NaN,,NaN,NaN,NaN,NaN,1,4,2,1,2,1,1,1,1,1,1,1,1,1,1,1,1,1,1,2,1,1,701855.225,4210579.953,-15.982,Cob,30384,0,1,1,15,7
7526,3,2007030002133,1,7,16,1,1,4,2,CV-720,44.7,44,7,0,1,5,2,2,3,3,2,1,2,2,1,1,7,7,8,1,5,1,2,14,1,1,3,NaN,2,1,NaN,,NaN,,NaN,,NaN,NaN,NaN,NaN,1,4,1,1,2,1,1,2,2,1,1,1,1,1,1,1,1,1,1,2,1,1,758945.507,4295484.158,275.561,Cob,3543,0,1,3,0,5
7527,3,2007030002138,1,7,9,6,1,4,1,CV-865,8.9,8,9,1,1,5,3,2,3,3,2,1,1,1,2,1,7,7,8,1,1,1,9,14,3,1,1,NaN,1,NaN,NaN,,NaN,,12,9,NaN,NaN,NaN,NaN,1,4,2,1,1,1,1,1,1,1,1,1,1,1,1,1,1,1,1,2,1,1,706057.99,4235947.891,21.443,Sec,17758,0,0,0,20,1
7531,3,2007030002139,1,7,9,6,1,4,2,CV-799,4.3,4,3,0,1,5,3,2,3,3,2,1,1,1,1,1,1,1,8,1,1,1,9,14,2,1,1,NaN,1,4,NaN,,NaN,,NaN,,NaN,NaN,NaN,NaN,1,4,2,1,1,1,1,1,2,1,1,1,1,1,1,1,1,1,1,2,1,1,691612.806,4278332.247,556.649,Pri,4563,0,0,0,20,6
7532,3,2007030002140,1,7,13,3,5,1,1,CV-80,10,10,0,0,1,2,2,2,3,3,2,2,2,1,1,1,7,7,8,1,1,1,9,14,3,1,1,NaN,1,NaN,NaN,,NaN,,NaN,,57,NaN,50,NaN,1,4,2,1,1,1,1,2,2,1,1,1,1,2,1,1,1,1,1,2,1,2,697386.498,4274425.958,713.423,Cob,7169,0,0,0,9,1
7534,3,2007030002142,1,7,13,4,5,1,2,CV-805,5.5,5,5,0,1,5,2,2,3,3,2,1,1,1,1,1,7,7,8,1,1,1,9,14,3,1,1,NaN,1,4,NaN,,NaN,,NaN,,NaN,NaN,NaN,NaN,1,4,2,1,1,1,1,2,2,1,1,1,1,1,1,1,1,1,1,2,1,1,708533.741,4273162.087,576.703,Cob,1990,0,0,0,13,1
7536,3,2007030002166,1,7,13,6,5,1,2,CV-83,28.8,28,8,0,1,5,3,2,3,4,2,1,2,2,1,1,2,1,5,1,1,1,9,14,2,1,1,NaN,2,2,NaN,,NaN,,NaN,,NaN,NaN,NaN,NaN,1,4,1,1,1,1,1,1,2,1,1,1,1,1,1,1,1,1,1,2,1,1,668043.18,4252635.243,588.871,Cob,3065,0,0,0,18,7
7539,3,2007030002173,1,7,14,5,6,2,3,CV-865,1.2,1,2,0,1,5,3,2,3,4,2,1,1,1,1,1,7,7,5,1,1,1,9,14,3,1,1,NaN,1,NaN,NaN,,NaN,,NaN,,NaN,NaN,NaN,71,1,4,1,1,1,1,1,1,2,1,1,1,1,1,1,1,1,1,1,2,1,1,704174.108,4237149.886,42.841,Cob,15503,0,1,2,15,1
7540,3,2007030002174,1,7,20,2,5,1,1,CV-83,14.1,14,1,0,1,5,2,3,3,3,2,1,1,2,2,2,5,1,8,1,5,1,9,8,1,1,1,NaN,2,NaN,NaN,,NaN,,NaN,,56,NaN,50,NaN,1,4,2,1,2,1,1,1,1,1,1,1,1,1,1,1,1,1,1,2,1,1,680986.047,4255688.468,481.308,Cob,5881,0,0,0,5,6
7542,3,2007030002185,1,7,16,4,1,1,2,CV-900,1.6,1,6,0,1,5,2,3,3,3,2,1,1,1,2,1,1,1,8,1,1,1,9,14,2,1,1,NaN,1,2,NaN,,NaN,,NaN,,NaN,NaN,NaN,NaN,1,4,1,1,1,1,1,1,2,1,1,1,1,1,1,1,1,1,1,2,1,1,682460.334,4219607.299,-1.455,Cob,10636,0,0,1,11,7
7545,3,2007030002186,1,7,20,4,5,1,2,CV-95,17.5,17,5,1,1,5,2,3,3,3,2,1,1,1,2,1,1,1,8,1,1,1,9,14,2,1,1,NaN,2,4,NaN,,NaN,,NaN,,NaN,NaN,NaN,NaN,2,4,1,1,1,1,1,1,2,1,1,1,1,1,1,1,1,1,1,2,1,1,688320.886,4212587.721,50.678,Pri,10151,0,0,2,14,7
7546,3,2007030002187,1,7,20,6,5,1,1,CV-925,30.5,30,5,1,1,5,2,3,3,3,2,1,1,1,1,1,7,7,8,1,1,1,9,14,2,1,1,NaN,1,NaN,NaN,,21,21,NaN,,NaN,NaN,NaN,NaN,1,4,1,1,1,1,1,1,2,1,1,1,1,1,1,1,1,1,1,2,1,1,681619.884,4215371.901,-5.856,Sec,5202,0,1,1,20,1
7547,3,2007030002191,1,7,23,2,1,4,1,CV-91,2.9,2,9,1,1,5,3,2,3,3,2,1,1,1,1,1,7,7,8,1,4,1,9,14,1,1,1,NaN,2,NaN,NaN,,NaN,,NaN,,NaN,64,60,NaN,1,4,2,1,1,1,1,1,1,1,1,1,1,1,1,1,1,1,1,2,1,1,702453.13,4219229.133,-25.949,Cob,11107,0,0,1,5,1
7550,3,2007030002197,1,7,16,6,1,4,3,CV-95,26.5,26,5,0,1,5,3,2,3,3,2,1,2,1,2,2,7,7,8,1,1,1,9,14,1,1,1,NaN,2,4,NaN,,NaN,,NaN,,NaN,NaN,NaN,NaN,2,4,2,1,1,1,1,1,1,1,1,1,1,1,1,1,1,1,1,2,1,1,700832.136,4204278.471,-12.572,Cob,24587,0,0,1,17,1
7552,3,2007030002198,1,7,21,4,6,2,2,CV-900,2.1,2,1,1,1,5,3,2,3,3,2,1,1,1,1,2,7,7,8,1,1,1,9,14,3,1,1,NaN,1,4,NaN,,NaN,,NaN,,NaN,NaN,NaN,NaN,1,4,2,1,1,1,1,1,1,1,1,1,1,1,1,1,1,1,1,2,1,1,685504.738,4225316.739,-6.687,Cob,10636,0,0,1,11,1
7558,3,2007030002211,1,7,23,4,1,4,3,CV-95,25.1,25,1,0,1,5,3,2,3,3,2,1,1,1,2,1,7,7,8,1,1,1,9,14,3,1,1,NaN,1,4,NaN,,NaN,,NaN,,NaN,NaN,NaN,NaN,2,4,2,1,1,1,1,1,2,1,1,1,1,1,1,1,1,1,1,2,1,1,699496.681,4204536.152,4.696,Cob,24587,0,0,0,12,1
7562,3,2007030002214,1,7,24,6,2,1,2,CV-724,5.6,5,6,0,1,5,3,3,3,3,2,1,1,1,2,2,1,1,4,1,2,1,9,14,1,1,3,NaN,1,2,NaN,,NaN,,NaN,,NaN,NaN,NaN,NaN,1,4,1,1,1,1,1,1,2,1,1,1,1,1,1,1,1,1,1,2,2,3,766056.074,4302989.236,-4.475,Cob,3964,0,0,4,20,6
7565,3,2007030002231,1,7,25,4,3,1,3,CV-820,9.9,9,9,1,1,5,2,3,3,3,2,1,1,1,1,1,7,7,8,1,1,1,9,14,1,1,1,NaN,1,NaN,30,29,NaN,,NaN,,NaN,NaN,NaN,NaN,1,4,2,1,1,1,1,1,1,1,1,1,1,1,1,1,1,1,1,2,3,1,704267.725,4256289.546,281.57,Cob,6336,0,0,2,12,2
7568,3,2007030002238,1,7,18,3,3,1,3,CV-840,17,17,0,0,1,5,2,2,3,2,2,1,1,2,1,1,7,7,8,1,1,1,2,14,1,1,1,NaN,2,1,NaN,,NaN,,NaN,,NaN,NaN,NaN,NaN,1,4,1,1,1,1,1,2,1,1,1,1,1,1,1,1,1,1,1,2,1,1,679020.532,4246804.183,550.457,Sec,3345,0,2,1,8,5
7572,3,2007030002241,1,7,20,4,5,1,2,CV-806,4,4,0,0,1,5,3,2,3,3,2,1,2,2,2,2,7,7,8,1,1,1,9,14,3,1,1,NaN,1,4,NaN,,NaN,,NaN,,NaN,NaN,NaN,NaN,1,4,2,1,1,1,1,1,2,1,1,1,1,1,1,1,1,1,1,2,1,1,706745.267,4276242.512,670.472,Cob,3755,0,0,0,13,1
7574,3,2007030002246,1,7,25,3,3,1,2,CV-855,16.1,16,1,1,1,5,2,2,3,3,2,1,2,1,1,1,1,1,4,1,1,1,9,14,1,1,1,NaN,2,4,NaN,,NaN,,NaN,,NaN,NaN,NaN,NaN,1,4,1,1,1,1,1,1,2,1,1,1,1,1,1,1,1,1,1,2,1,1,701371.828,4235120.634,30.129,Cob,4942,0,0,1,8,7
7576,3,2007030002257,1,7,19,3,4,1,2,CV-865,1.2,1,2,0,1,5,3,2,3,3,2,1,1,1,2,2,1,1,5,1,1,1,9,14,3,1,1,NaN,1,2,NaN,,NaN,,NaN,,NaN,NaN,NaN,NaN,2,4,1,1,1,1,1,1,2,1,1,1,1,1,1,1,1,1,1,2,1,1,704174.108,4237149.886,42.841,Cob,15503,0,0,1,8,7
7578,3,2007030002269,1,7,28,3,6,2,1,CV-800,31.8,31,8,1,1,5,2,2,3,4,2,1,1,2,2,2,7,7,8,1,1,1,9,14,1,1,3,NaN,2,NaN,NaN,,NaN,,NaN,,NaN,63,60,NaN,1,4,1,1,1,1,1,2,1,1,1,1,1,1,1,1,1,1,1,2,1,1,721727.551,4258108.489,91.874,Cob,2777,0,1,0,9,4
7580,3,2007030002270,1,7,27,5,5,1,2,CV-820,17.6,17,6,1,1,5,2,2,3,3,2,1,2,2,1,2,2,1,3,1,1,1,9,14,2,1,1,NaN,1,2,NaN,,NaN,,NaN,,NaN,NaN,NaN,NaN,1,4,1,1,1,1,1,1,2,1,1,1,1,1,1,1,1,1,1,2,1,1,711032.681,4254988.581,149.806,Pri,3589,0,0,1,15,6
7581,3,2007030002272,1,7,24,3,2,1,1,CV-70,46.2,46,2,0,1,5,2,2,3,2,2,1,1,1,1,2,7,7,6,1,1,1,9,14,1,1,3,NaN,2,NaN,NaN,,21,21,NaN,,NaN,NaN,NaN,NaN,1,4,2,1,1,1,1,1,1,1,1,1,1,1,1,1,1,1,1,2,1,2,750354.467,4274754.873,164.724,Per,32000,0,1,0,10,3
7582,3,2007030002274,1,7,26,6,4,1,1,CV-845,9.6,9,6,0,1,5,2,3,3,3,2,1,1,1,1,1,7,7,8,1,5,1,9,14,3,1,1,NaN,2,NaN,NaN,,NaN,,NaN,,NaN,53,50,NaN,1,4,1,1,1,1,1,2,1,1,1,1,1,1,1,1,1,1,1,2,1,1,685630.729,4242325.378,368.215,Cob,4139,0,2,0,22,1
7583,3,2007030002278,1,7,28,2,6,2,1,CV-775,7,7,0,1,1,5,2,2,3,1,2,1,2,2,2,2,7,7,8,1,1,1,9,14,1,1,1,NaN,2,NaN,NaN,,NaN,,NaN,,67,NaN,60,NaN,1,4,1,1,2,1,1,1,1,1,1,1,1,1,1,1,1,1,1,2,2,2,734290.699,4274458.19,412.472,Cob,170,0,0,0,6,2
7584,3,2007030002280,1,7,28,2,6,2,1,CV-700,24.8,24,8,0,1,5,2,3,3,2,2,1,1,2,2,2,7,7,8,1,1,1,9,14,1,1,1,NaN,1,NaN,NaN,,NaN,,NaN,,NaN,63,60,NaN,1,4,1,1,2,1,1,1,1,1,1,1,1,1,1,1,1,1,1,2,1,1,729079.179,4296183.189,388.219,Cob,694,0,0,0,6,4
7585,3,2007030002287,1,7,29,3,7,3,1,CV-835,1.3,1,3,0,1,5,2,3,3,1,2,1,2,2,1,1,7,7,8,1,1,1,9,14,1,1,3,NaN,2,NaN,NaN,,NaN,,NaN,,NaN,64,60,NaN,1,4,2,1,2,1,1,1,1,1,1,1,1,1,1,1,1,1,1,2,1,1,693758.852,4250846.71,244.372,Sec,3860,0,0,1,9,5
7586,3,2007030002288,1,7,29,3,7,3,1,CV-820,15.5,15,5,0,1,5,2,3,2,1,2,1,1,1,1,1,7,7,8,1,1,1,9,14,3,1,3,NaN,1,NaN,NaN,,NaN,,NaN,,67,NaN,60,NaN,1,4,2,1,2,1,1,1,1,1,1,1,1,1,1,1,1,1,1,2,1,1,700242.838,4254288.824,277.132,Pri,3589,0,0,0,9,1
7588,3,2007030002289,1,7,29,3,7,3,1,CV-820,7,7,0,1,1,5,3,2,3,1,2,1,1,2,1,1,7,7,8,1,1,1,9,14,3,1,3,NaN,1,NaN,NaN,,NaN,,NaN,,NaN,61,60,NaN,1,4,2,1,1,1,1,2,1,1,1,1,1,1,1,1,1,1,1,2,1,1,701704.847,4255013.405,293.576,Cob,7904,0,0,3,7,2
7591,3,2007030002290,1,7,28,6,6,2,2,CV-800,21,21,0,0,1,5,2,2,3,4,2,1,2,2,2,2,7,7,8,1,1,1,9,14,1,1,3,NaN,1,1,NaN,,NaN,,NaN,,NaN,NaN,NaN,NaN,2,4,1,1,1,1,1,2,1,1,1,1,1,1,1,1,1,1,1,2,1,1,716948.991,4270906.835,510.813,Cob,2777,0,0,3,19,4
7595,3,2007030002292,1,7,29,5,7,3,2,CV-70,43.2,43,2,1,1,5,3,1,3,3,2,2,2,2,2,2,5,3,8,1,1,1,9,14,2,1,1,NaN,2,3,NaN,,NaN,,NaN,,NaN,NaN,NaN,NaN,1,4,1,1,1,1,1,1,2,1,1,1,1,1,1,1,1,1,1,2,2,3,726264.582,4286956.607,517.133,Cob,0,0,1,0,15,7
7596,3,2007030002303,1,7,26,3,4,1,1,CV-860,6,6,0,1,1,5,3,2,3,2,2,1,1,1,1,1,5,1,8,1,1,1,9,14,3,1,1,NaN,1,NaN,NaN,,NaN,,NaN,,NaN,61,60,NaN,1,4,2,1,1,2,1,1,1,1,1,1,1,1,1,1,1,1,1,2,1,1,701499.049,4224026.613,-14.298,Cob,4734,0,0,1,10,6
7598,3,2007030002309,1,7,29,3,7,3,1,CV-95,20,20,0,1,1,5,3,3,3,3,2,1,1,1,2,2,7,7,8,1,1,1,9,14,3,1,3,NaN,2,NaN,NaN,,NaN,,NaN,,66,NaN,60,NaN,1,4,2,1,1,1,1,1,1,1,1,1,1,1,1,1,1,1,1,2,1,1,686306.875,4213745.679,20.654,Cob,9367,0,0,1,8,1
7599,3,2007030002311,1,7,30,1,1,4,1,CV-905,5,5,0,1,1,5,3,2,3,3,2,1,1,1,2,2,5,1,8,1,4,1,9,14,1,1,1,NaN,2,NaN,NaN,,NaN,,NaN,,56,NaN,50,NaN,1,4,2,1,1,1,1,1,1,1,1,1,1,1,1,1,1,1,1,2,1,1,701342.458,4211044.175,-9.224,Cob,30384,0,0,1,0,6
7600,3,2007030002313,1,7,31,4,2,1,1,CV-81,48.7,48,7,1,1,5,2,2,3,3,2,1,2,2,1,1,7,7,8,1,1,1,9,14,1,1,1,NaN,2,NaN,30,30,NaN,,NaN,,NaN,NaN,NaN,NaN,1,4,2,1,1,1,1,1,1,1,1,1,1,1,1,1,1,1,1,2,1,1,707986.687,4297170.276,395.255,Cob,5714,0,0,1,14,5
7601,3,2007030002314,1,7,30,2,1,4,1,CV-800,1.6,1,6,0,1,5,3,2,3,3,2,1,2,1,2,2,7,7,5,1,5,1,9,14,2,1,1,NaN,2,NaN,NaN,,NaN,,NaN,,65,NaN,60,NaN,1,4,2,1,1,1,1,1,1,1,1,1,1,1,1,1,1,1,1,2,1,1,724785.742,4256045.087,34.709,Cob,20572,0,1,1,5,1
7603,3,2007030002319,1,7,31,6,2,1,2,CV-905,4,4,0,0,1,5,2,2,3,3,2,2,1,1,2,1,5,1,4,1,3,1,9,14,1,1,1,NaN,1,3,NaN,,NaN,,NaN,,NaN,NaN,NaN,NaN,1,4,1,1,1,1,1,1,2,1,1,1,1,1,1,1,1,1,1,2,2,3,700230.523,4212975.089,-19.5,Cob,27935,0,0,0,22,6
7604,3,2007030002324,1,7,29,1,7,3,1,CV-905,0.5,0,5,1,1,5,3,2,3,1,2,1,1,1,1,1,7,7,8,1,4,1,9,14,1,2,1,NaN,2,NaN,NaN,,NaN,,NaN,,68,NaN,60,NaN,1,4,2,1,2,1,1,1,1,1,1,1,1,1,1,1,1,1,1,2,2,1,703219.683,4207196.456,-8.368,Pri,26822,0,0,0,0,1
7606,3,2007030002325,1,8,1,4,3,1,2,CV-800,19.8,19,8,0,1,5,2,3,3,3,2,1,1,1,1,1,7,7,8,1,1,1,9,14,3,1,1,NaN,1,3,NaN,,NaN,,NaN,,NaN,NaN,NaN,NaN,1,4,2,1,1,1,1,1,1,1,1,1,1,1,1,1,1,1,1,2,1,1,717538.547,4270173.911,476.799,Cob,2777,0,0,0,13,1
7608,3,2007030002333,1,8,2,3,4,1,2,CV-70,49,49,0,1,1,5,2,2,3,3,2,1,1,1,1,1,5,1,5,1,1,1,9,14,1,1,1,NaN,2,2,NaN,,NaN,,NaN,,NaN,NaN,NaN,NaN,1,4,1,1,1,1,1,1,2,1,1,1,1,1,1,1,1,1,1,2,2,2,722245.837,4285856.787,758.977,Per,32000,0,0,1,8,6
7609,3,2007030002339,1,8,2,4,4,1,1,CV-836,1.1,1,1,0,1,5,3,2,3,3,2,1,2,2,1,1,7,7,5,1,1,1,2,14,1,1,3,NaN,2,NaN,NaN,,NaN,,12,9,NaN,NaN,NaN,NaN,1,4,2,1,1,1,1,2,2,1,1,1,1,1,1,1,1,1,1,2,1,1,669510.696,4257293.273,609.815,Cob,3046,0,0,1,13,5
7611,3,2007030002346,1,7,19,5,4,1,2,CV-845,5.5,5,5,1,1,5,3,2,3,3,2,1,2,2,1,1,7,7,8,1,1,1,2,14,1,1,1,NaN,1,2,NaN,,NaN,,NaN,,NaN,NaN,NaN,NaN,1,4,1,1,1,1,1,1,2,1,1,1,1,1,1,1,1,1,1,2,1,1,682441.653,4239503.331,404.665,Sec,6220,0,0,0,16,4
7613,3,2007030002347,1,7,23,4,1,1,2,CV-81,55.7,55,7,1,1,5,2,3,3,3,2,1,2,2,2,1,7,7,8,1,1,1,9,14,2,1,1,NaN,2,4,NaN,,NaN,,NaN,,NaN,NaN,NaN,NaN,2,4,2,1,1,1,1,1,1,1,1,1,1,1,1,1,1,1,1,2,1,1,711333.439,4301163.892,331.873,Cob,5714,0,0,0,12,1
7614,3,2007030002349,1,7,29,4,7,3,1,CV-845,11.8,11,8,0,1,5,2,2,3,3,2,1,2,2,2,2,5,6,4,7,1,1,9,14,3,1,3,NaN,2,NaN,NaN,,NaN,,12,9,NaN,NaN,NaN,NaN,1,4,1,1,1,1,1,2,1,1,1,1,1,1,1,1,1,1,1,2,1,1,683921.928,4240992.62,392.429,Cob,4139,0,0,2,13,6
7615,3,2007030002351,1,7,20,3,5,1,1,CV-905,4,4,0,0,1,5,3,2,3,3,2,2,2,2,2,2,5,6,4,1,4,1,9,14,1,1,1,NaN,2,NaN,NaN,,NaN,,NaN,,58,NaN,50,NaN,1,4,2,1,2,1,1,1,1,1,1,1,1,1,1,1,1,1,1,2,2,3,700230.523,4212975.089,-19.5,Cob,27935,0,0,0,7,6
7617,3,2007030002356,1,8,2,4,4,1,2,CV-903,2,2,0,0,1,5,2,2,3,1,2,1,1,1,1,1,1,1,3,1,1,1,9,14,1,1,3,NaN,2,2,NaN,,NaN,,NaN,,NaN,NaN,NaN,NaN,1,4,1,1,1,1,1,1,2,1,1,1,1,1,1,1,1,1,1,2,1,1,699487.901,4219827.064,-13.571,Cob,0,0,0,0,12,6
7618,3,2007030002360,1,8,3,4,5,1,1,CV-91,18,18,0,0,1,5,3,2,3,3,2,1,2,2,2,2,7,7,8,1,1,1,9,14,3,1,1,NaN,1,NaN,NaN,,NaN,,NaN,,NaN,51,50,NaN,1,4,2,1,1,1,1,1,2,1,1,1,1,1,1,1,1,1,1,2,1,1,698174.916,4219263.146,-21.238,Cob,10394,0,0,0,13,1
7620,3,2007030002364,1,8,1,4,3,1,2,CV-845,16.6,16,6,0,1,5,2,2,3,2,2,1,2,2,1,1,6,1,5,1,1,1,9,14,1,1,3,NaN,2,3,NaN,,NaN,,NaN,,NaN,NaN,NaN,NaN,1,4,2,1,2,1,1,1,2,1,1,1,1,1,1,1,1,1,1,2,1,1,680253.203,4238170.368,398.632,Cob,1931,0,0,1,11,6
7621,3,2007030002365,1,8,4,1,6,2,1,CV-715,13.9,13,9,1,1,5,3,2,3,1,2,1,2,2,2,2,7,7,8,1,4,1,9,14,1,1,1,NaN,1,NaN,NaN,,NaN,,NaN,,NaN,64,60,NaN,1,4,1,1,1,1,1,2,1,1,1,1,1,1,1,1,1,1,1,2,2,1,753203.398,4286387.514,453.952,Cob,3457,0,0,2,3,5
7623,3,2007030002366,1,8,3,6,5,1,1,CV-914,2.8,2,8,0,1,5,2,3,3,1,2,1,1,1,1,1,7,7,8,1,1,1,9,14,3,1,1,NaN,2,NaN,NaN,,21,21,NaN,,NaN,NaN,NaN,NaN,1,4,1,1,1,1,1,1,2,1,1,1,1,1,1,1,1,1,1,2,1,1,691396.464,4218859.425,-10.806,Cob,4540,0,0,0,19,1
7625,3,2007030002372,1,8,4,1,6,2,2,CV-941,6.8,6,8,0,1,5,2,2,3,3,2,1,1,1,2,1,1,2,3,1,5,1,9,14,1,1,1,NaN,2,4,NaN,,NaN,,NaN,,NaN,NaN,NaN,NaN,1,4,1,1,1,1,1,1,2,1,1,1,1,1,1,1,1,1,1,2,1,1,694160.958,4201027.879,78.415,Sec,4094,0,0,0,2,6
7626,3,2007030002376,1,8,4,2,6,2,1,CV-840,24.1,24,1,0,1,5,2,3,3,2,1,1,1,1,1,1,7,7,8,1,5,1,9,14,1,1,1,NaN,2,NaN,NaN,,NaN,,NaN,,NaN,51,50,NaN,1,4,2,1,1,1,1,1,1,1,1,1,1,1,1,1,1,1,1,2,1,1,672577.013,4246399.869,491.652,Sec,3345,0,0,1,6,1
7628,3,2007030002379,1,8,4,3,6,2,1,CV-91,17.5,17,5,1,1,5,3,2,3,3,2,1,1,1,2,1,7,7,8,1,1,1,9,14,3,1,1,NaN,1,NaN,NaN,,NaN,,NaN,,56,NaN,50,NaN,1,4,1,1,2,2,1,1,1,1,1,1,1,1,1,1,1,1,1,2,1,2,688673.823,4218160.274,-19.153,Cob,10394,0,1,0,7,1
7629,3,2007030002392,1,8,1,1,3,1,1,CV-84,6.3,6,3,1,1,5,3,2,3,3,2,1,2,1,1,1,7,7,8,1,5,1,9,14,3,1,1,NaN,2,NaN,NaN,,NaN,,NaN,,NaN,53,50,NaN,1,4,2,1,1,1,1,1,1,1,1,1,1,1,1,1,1,1,1,2,1,1,697846.193,4241601.899,157.95,Sec,10280,0,0,1,0,1
7630,3,2007030002393,1,8,4,6,6,2,1,CV-821,5.9,5,9,1,1,5,3,2,2,3,2,2,2,2,2,2,5,1,8,1,1,1,9,14,1,1,1,NaN,1,NaN,NaN,,NaN,,NaN,,NaN,63,60,NaN,1,4,2,1,2,1,1,1,1,1,1,1,1,1,1,1,1,1,1,2,2,2,719499.044,4252863.13,50.525,Sec,30587,0,0,0,20,6
7632,3,2007030002394,1,8,6,1,1,4,1,CV-905,5.6,5,6,0,1,5,3,2,3,3,2,2,1,1,2,2,7,7,8,1,5,1,9,14,3,1,1,NaN,1,NaN,NaN,,NaN,,NaN,,NaN,53,50,NaN,1,4,1,1,2,1,1,1,1,1,1,1,1,1,1,1,1,1,1,2,1,1,700918.815,4211577.495,-8.642,Cob,30384,0,0,3,1,1
7635,3,2007030002398,1,8,6,2,1,1,1,CV-95,16.1,16,1,1,1,5,3,2,3,3,2,1,2,1,2,2,7,7,8,1,2,1,9,14,3,1,1,NaN,1,NaN,NaN,,NaN,,NaN,,NaN,63,60,NaN,1,4,2,1,2,1,1,1,1,1,1,1,1,1,1,1,1,1,1,2,1,2,689133.983,4211627.922,70.948,Pri,10151,0,0,4,6,1
7637,3,2007030002399,1,7,1,3,7,3,2,CV-70,12.1,12,1,0,1,5,3,2,3,3,2,1,1,2,1,1,7,7,8,1,1,1,9,14,1,1,1,NaN,2,4,NaN,,NaN,,NaN,,NaN,NaN,NaN,NaN,1,4,2,1,1,1,1,1,2,1,1,1,1,1,1,1,1,1,1,2,1,1,730785.692,4286021.405,664.849,Cob,1130,0,2,0,10,1