Id,Ano,Numero_Accidente,Provincia,Mes,Dia,Hora,Dia_Semana,Tipo_Dia,Vehiculos_Implicados,Carretera,Pk,Km,Hm,Sentido,Zona,Tipo_Via,Anchura_Calzada,Anchura_Carril,Marcas_Viales,Arcen,Arcen_Pavimentado,Mediana,Barrera_Seguridad,Paneles_Direccionales,Hitos_Arista,Captafaros,Interseccion_Tipo,Interseccion_Acondicionamiento,Prioridad_Regulada_por,Superficie,Luminosidad,Factores_Atmosfericos,Visibilidad_Restringida_por,Otras_Circunstancias,Senalizacion_Peligro,Aceras,Arboles,Arboles_Metros_Calzada,Visibilidad_Senalizacion_Vertical,Colision_Vehiculos_Marcha,Colision_Vehiculo_Obstaculo_1,Colision_Vehiculo_Obstaculo_2,Atropello_1,Atropello_2,Vuelco_1,Vuelco_2,Salida_Sin_Colision,Salida_Con_Colision,Lado_Salida,Otro,Circulacion,Circulacion_Medidas_Especiales,Distraccion,Inexperiencia_Conductor,Alcohol_Drogas,Cansancio_Sueno,Enfermedad,Velocidad_Inadecuada,Infraccion_Norma_Circulacion,Estado_Condicion_Via,Estado_Condicion_Senalizacion,Tramo_Obras,Mal_Estado_Vehiculo,Averia_Mecanica,Meteorologia_Adversa,Irrupcion_Animal,Circular_Sentido_Contrario,Otro_Factor,Sin_Opinion_Definida,Pendiente,Curvatura,Peralte,GPS_x,GPS_y,GPS_z,Tipo_Est,IMD,N_Muertos,N_Graves,N_Leves,Hora_Real,Fuera_o_Interseccion
7639,3,2007030002402,1,8,6,3,1,1,2,CV-736,3.5,3,5,1,1,5,1,3,2,1,2,1,1,1,1,1,7,7,8,1,1,1,2,14,1,1,3,NaN,1,3,NaN,,NaN,,NaN,,NaN,NaN,NaN,NaN,1,4,1,1,1,1,1,1,2,1,1,1,1,1,1,1,1,1,1,2,1,1,773747.47,4300776.5,149.746,Cob,4859,0,0,0,10,3
7641,3,2007030002410,1,8,6,6,1,4,2,CV-91,2.4,2,4,1,1,5,3,2,3,3,2,1,1,1,2,2,2,1,8,1,1,1,9,14,1,1,3,NaN,2,1,NaN,,NaN,,NaN,,NaN,NaN,NaN,NaN,1,4,1,1,1,1,1,1,2,1,1,1,1,1,1,1,1,1,1,2,1,1,702941.424,4219125.202,-25.137,Cob,11107,0,1,1,20,6
7643,3,2007030002416,1,7,31,3,2,1,2,CV-83,9.6,9,6,1,1,4,3,1,3,3,2,1,2,1,2,2,7,7,8,1,1,1,9,14,3,1,1,NaN,2,4,NaN,,NaN,,NaN,,NaN,NaN,NaN,NaN,1,4,1,1,1,1,1,1,2,1,1,1,1,1,1,1,1,1,1,2,1,1,675020.279,4254460.577,575.669,Cob,6914,0,0,0,7,1
7645,3,2007030002418,1,8,7,4,2,1,2,CV-915,4.2,4,2,0,1,4,1,3,2,1,2,1,1,1,1,1,7,7,5,1,1,1,9,14,1,2,1,NaN,2,2,NaN,,NaN,,NaN,,NaN,NaN,NaN,NaN,1,4,2,1,1,1,1,1,1,1,1,1,1,1,1,1,1,1,1,2,1,3,676976.646,4214922.573,2.622,Sec,9567,0,0,1,13,1
7652,3,2007030002427,1,8,7,6,2,1,2,CV-895,1.2,1,2,1,1,4,3,3,3,3,2,1,1,1,1,1,1,2,3,1,1,1,9,14,1,1,1,NaN,2,1,NaN,,NaN,,NaN,,NaN,NaN,NaN,NaN,1,4,1,1,1,1,1,1,2,1,1,1,1,1,1,1,1,1,1,2,1,1,704731.77,4215516.827,2.744,Cob,9017,0,2,6,18,6
7656,3,2007030002436,1,7,21,6,6,2,1,CV-835,5.3,5,3,0,1,4,2,2,3,3,2,1,1,2,2,2,7,7,8,1,1,1,9,14,1,1,1,NaN,2,NaN,NaN,,NaN,,NaN,,67,NaN,60,NaN,1,4,2,1,1,1,1,1,1,1,1,1,1,1,1,1,1,1,1,2,1,1,691101.387,4253436.416,341.199,Sec,3860,0,0,4,19,4
7658,3,2007030002446,1,8,9,6,4,1,2,CV-840,1.2,1,2,0,1,4,2,2,3,3,2,1,2,2,2,1,7,7,8,1,1,1,9,14,1,1,1,NaN,2,1,NaN,,NaN,,NaN,,NaN,NaN,NaN,NaN,1,4,1,1,1,1,1,2,1,1,1,1,1,1,1,1,1,1,1,2,1,1,693345.728,4250259.683,253.509,Cob,4751,0,2,0,19,5
7660,3,2007030002447,1,8,9,6,4,1,2,CV-905,1.5,1,5,0,1,4,3,2,3,3,2,1,1,1,2,2,5,1,4,1,1,1,9,14,1,1,1,NaN,1,2,NaN,,NaN,,NaN,,NaN,NaN,NaN,NaN,1,4,1,1,1,1,1,1,2,1,1,1,1,1,1,1,1,1,1,2,1,1,699307.625,4215249.126,20.936,Pri,26822,0,0,1,20,7
7661,3,2007030002451,1,7,31,1,2,1,1,CV-83,13.5,13,5,0,1,4,3,2,3,2,2,1,1,2,1,2,5,1,4,1,4,1,2,8,1,1,1,NaN,3,NaN,NaN,,NaN,,NaN,,NaN,54,50,NaN,1,4,2,1,1,1,1,1,1,2,2,1,1,1,1,1,1,1,1,2,1,1,681616.049,4255991.667,476.665,Cob,5881,0,0,0,3,6
7663,3,2007030002456,1,7,21,1,6,3,2,CV-865,10.6,10,6,0,1,5,3,2,3,4,2,1,1,1,2,2,7,7,8,1,5,1,9,14,3,1,1,NaN,2,3,NaN,,NaN,,NaN,,NaN,NaN,NaN,NaN,1,4,1,1,1,1,1,1,2,1,1,1,1,1,1,1,1,1,1,2,1,1,711694.574,4231783.402,-13.145,Sec,17758,0,2,0,2,1
7665,3,2007030002457,1,8,11,1,6,2,2,CV-700,44.2,44,2,1,1,4,1,3,3,3,2,1,1,1,1,1,7,7,8,1,3,1,1,14,1,1,1,NaN,2,NaN,NaN,,NaN,,NaN,,NaN,NaN,NaN,71,1,4,2,1,1,1,1,1,2,1,1,1,1,1,1,1,1,1,1,2,2,3,728533.388,4296275.675,346.149,Cob,694,0,0,0,1,5
7666,3,2007030002461,1,8,12,2,7,3,1,CV-865,3,3,0,1,1,5,3,2,3,4,2,1,1,1,1,2,7,7,8,1,2,1,9,14,3,1,1,NaN,1,NaN,NaN,,NaN,,NaN,,NaN,53,50,NaN,1,4,2,1,1,1,1,1,1,1,1,1,1,1,1,1,1,1,1,2,1,1,710837.484,4232624.537,-20.254,Cob,15503,0,1,0,6,1
7668,3,2007030002462,1,8,12,4,7,3,2,CV-95,18,18,0,0,1,5,3,2,3,3,2,1,2,2,2,2,1,4,8,1,1,1,9,14,1,1,3,NaN,2,1,NaN,,NaN,,NaN,,NaN,NaN,NaN,NaN,1,3,2,1,1,1,1,2,2,1,1,1,1,1,1,1,1,1,1,2,1,1,693585.341,4207012.041,38.848,Pri,10151,1,0,1,11,6
7669,3,2007030002463,1,8,12,3,7,3,1,CV-911,1.8,1,8,0,1,5,2,3,3,3,2,1,1,1,2,2,7,7,8,1,1,1,9,14,3,1,3,NaN,1,NaN,NaN,,NaN,,NaN,,66,NaN,60,NaN,1,4,2,1,1,1,1,1,1,1,1,1,1,1,1,1,1,1,1,2,1,1,688021.294,4219270.667,-10.627,Cob,9449,0,1,1,9,1
7671,3,2007030002467,1,8,12,5,7,3,1,CV-95,12.5,12,5,0,1,4,3,3,3,3,2,1,1,1,1,1,7,7,5,1,1,8,8,8,1,1,3,NaN,2,NaN,30,32,NaN,,NaN,,NaN,NaN,NaN,NaN,1,4,1,1,1,1,1,1,1,1,1,2,1,1,1,1,1,1,1,2,1,1,689987.022,4210990.678,87.335,Cob,11670,0,0,0,15,1
7675,3,2007030002474,1,8,12,6,7,3,2,CV-755,19.1,19,1,0,1,4,2,3,4,3,2,1,1,1,1,1,7,7,8,1,1,1,9,14,3,1,1,NaN,1,4,NaN,,NaN,,NaN,,NaN,NaN,NaN,NaN,1,4,1,1,1,1,1,1,2,1,1,1,1,1,1,1,1,1,1,2,1,1,755970.179,4279954.251,39.476,Cob,3481,0,0,4,18,1
7677,3,2007030002477,1,8,13,3,1,4,2,CV-870,1.3,1,3,1,1,5,3,2,3,3,2,1,1,1,1,1,1,1,3,1,1,1,9,14,1,1,1,NaN,2,1,NaN,,NaN,,NaN,,NaN,NaN,NaN,NaN,1,4,2,1,1,1,1,1,2,1,1,1,1,1,1,1,1,1,1,2,1,1,676672.084,4228469.241,99.265,Cob,16399,0,0,3,8,6
7680,3,2007030002478,1,8,11,6,6,2,2,CV-925,8.1,8,1,1,1,5,2,2,3,3,2,1,1,2,1,1,7,7,8,1,5,1,9,14,1,1,3,NaN,2,NaN,NaN,,NaN,,NaN,,67,NaN,60,NaN,1,4,1,1,2,1,1,1,1,1,1,1,1,1,1,1,1,1,1,2,1,2,687374.14,4198639.913,171.709,Cob,1480,0,0,1,22,5
7682,3,2007030002480,1,8,6,2,1,1,2,CV-800,12.9,12,9,0,1,4,3,2,3,4,2,1,1,1,1,2,7,7,8,1,2,1,9,14,1,1,1,NaN,2,1,NaN,,NaN,,NaN,,NaN,NaN,NaN,NaN,1,4,2,1,1,1,1,1,1,1,1,1,1,1,1,1,1,1,1,2,1,1,720101.588,4279030.301,857.233,Sec,6002,0,1,0,6,2
7684,3,2007030002484,1,8,13,3,1,4,2,CV-870,9,9,0,1,1,4,2,2,3,3,2,1,1,1,1,1,7,7,5,1,1,1,9,14,3,1,1,NaN,1,2,NaN,,NaN,,NaN,,NaN,NaN,NaN,NaN,1,4,1,1,2,1,1,1,2,1,1,1,1,1,1,1,1,1,1,2,1,1,679926.693,4222325.484,14.788,Cob,5967,0,2,2,7,1
7686,3,2007030002485,1,8,14,3,2,2,2,CV-755,21.8,21,8,0,1,5,3,2,3,3,2,1,1,1,1,1,1,4,3,1,1,1,9,14,1,1,1,NaN,2,2,NaN,,NaN,,NaN,,NaN,NaN,NaN,NaN,1,4,1,1,1,1,1,1,2,1,1,1,1,1,1,1,1,1,1,2,1,1,758092.709,4279641.864,27.815,Cob,3481,0,0,0,10,6
7688,3,2007030002494,1,8,15,6,3,3,2,CV-91,2.4,2,4,0,1,5,3,2,3,3,2,1,1,2,1,1,2,1,8,1,1,1,9,14,1,1,1,NaN,2,2,NaN,,NaN,,NaN,,NaN,NaN,NaN,NaN,1,4,1,1,1,1,1,1,2,1,1,1,1,1,1,1,1,1,1,2,1,1,683321.289,4217969.41,-8.964,Cob,11107,1,0,1,20,6
7691,3,2007030002504,1,8,15,5,3,3,3,CV-925,28,28,0,0,1,5,2,2,3,1,2,1,1,2,1,1,1,1,3,1,1,1,9,14,1,1,3,NaN,2,3,NaN,,NaN,,NaN,,NaN,NaN,NaN,NaN,1,4,1,1,1,1,1,1,2,1,1,1,1,1,1,1,1,1,1,2,1,1,690051.512,4196468.845,96.712,Sec,5202,0,0,1,15,6
7693,3,2007030002511,1,8,10,6,5,1,2,CV-81,23.6,23,6,0,1,5,2,2,3,3,2,1,1,1,2,2,1,1,8,3,5,1,9,14,3,1,3,NaN,1,4,NaN,,NaN,,NaN,,NaN,NaN,NaN,NaN,1,4,1,1,1,1,1,1,2,1,1,1,1,1,1,1,1,1,1,2,1,1,699856.609,4288777.65,629.282,Cob,6609,0,0,1,21,6
7694,3,2007030002516,1,8,17,4,5,1,1,CV-941,1.9,1,9,0,1,4,3,2,3,3,2,1,1,1,1,1,7,7,8,1,1,4,9,14,1,1,1,NaN,2,NaN,NaN,,NaN,,NaN,,56,NaN,50,NaN,1,4,1,1,1,1,1,2,1,1,1,1,1,1,1,1,1,1,1,2,1,1,695281.452,4197030.749,40.196,Sec,4094,0,0,2,13,5
7695,3,2007030002518,1,8,17,5,5,1,1,CV-941,6,6,0,0,1,4,2,2,3,3,2,1,2,2,2,1,7,7,8,1,1,1,9,14,1,1,1,NaN,2,NaN,NaN,,NaN,,NaN,,NaN,54,50,NaN,1,4,2,1,1,1,1,1,1,1,1,1,1,1,1,1,1,1,1,2,1,1,694428.127,4200403.098,62.498,Sec,4094,0,0,0,16,5
7697,3,2007030002521,1,8,17,6,5,1,2,CV-70,46.7,46,7,1,1,5,3,2,3,3,2,1,1,1,1,1,5,1,8,1,1,1,9,14,3,2,1,NaN,2,2,NaN,,NaN,,NaN,,NaN,NaN,NaN,NaN,1,4,1,1,1,1,1,1,2,1,1,1,1,1,1,1,1,1,1,2,1,1,723614.384,4286811.711,706.647,Per,32000,0,0,1,18,6
7701,3,2007030002524,1,8,14,6,2,2,2,CV-95,25.6,25,6,0,1,4,3,2,3,3,2,1,2,1,2,2,7,7,5,1,3,1,9,14,1,1,1,NaN,2,1,NaN,,NaN,,NaN,,NaN,NaN,NaN,NaN,2,4,1,1,2,1,1,1,2,1,1,1,1,1,1,1,1,1,1,2,1,1,700074.62,4204411.112,-1.86,Cob,24587,0,0,4,22,1
7702,3,2007030002526,1,8,15,1,3,3,1,CV-70,43.8,43,8,1,1,4,3,2,3,3,2,2,1,1,1,1,7,7,8,1,3,1,9,14,3,1,1,NaN,2,NaN,NaN,,21,24,NaN,,NaN,NaN,NaN,NaN,1,4,1,1,1,1,1,1,2,1,1,1,1,1,1,2,1,1,1,2,2,2,725708.541,4286895.531,561.216,Cob,27911,0,0,1,2,2
7704,3,2007030002529,1,8,17,1,5,1,2,CV-95,20.5,20,5,0,1,4,3,2,3,3,2,1,2,2,2,2,7,7,8,1,4,1,9,14,1,1,1,NaN,2,NaN,NaN,,NaN,,NaN,,NaN,54,50,NaN,1,4,2,1,1,1,1,1,1,1,1,1,1,1,1,1,1,1,1,2,1,1,695446.453,4205518.946,37.773,Cob,9367,0,0,0,23,1
7705,3,2007030002530,1,8,18,3,6,2,1,CV-905,1.9,1,9,0,1,4,3,2,3,3,2,2,1,1,1,2,7,7,8,1,1,1,9,14,3,1,1,NaN,1,NaN,NaN,,NaN,,NaN,,67,NaN,60,NaN,1,4,2,1,1,1,1,1,1,1,1,1,1,1,1,1,1,1,1,2,1,1,699493.715,4214910.748,14.468,Pri,26822,0,0,0,7,1
7706,3,2007030002534,1,8,17,4,5,1,1,CV-700,48.7,48,7,0,1,4,3,1,3,3,2,1,2,1,2,2,7,7,8,3,1,5,9,14,1,1,3,NaN,1,NaN,NaN,,NaN,,NaN,,NaN,63,60,NaN,1,4,1,1,1,1,1,2,1,1,1,1,1,1,1,1,1,1,1,2,2,1,744044.982,4302690.34,195.874,Cob,694,0,0,0,12,4
7709,3,2007030002536,1,8,4,3,6,2,3,CV-800,12.4,12,4,0,1,4,3,2,3,3,2,1,1,2,2,2,7,7,8,1,1,1,9,14,1,1,1,NaN,2,NaN,NaN,,NaN,,NaN,,NaN,64,60,NaN,1,4,2,1,1,1,1,2,1,1,1,1,1,1,1,1,1,1,1,2,2,1,719815.489,4278661.792,876.786,Sec,6002,0,1,2,8,5
7710,3,2007030002537,1,8,6,6,1,4,1,CV-773,2.7,2,7,1,1,4,3,2,3,2,2,1,2,2,1,2,7,7,8,1,1,1,9,14,1,1,1,NaN,2,NaN,NaN,,NaN,,NaN,,NaN,63,60,NaN,1,4,1,1,1,1,1,2,1,1,1,1,1,1,1,1,1,1,1,2,1,1,727376.495,4263711.346,306.292,Cob,4339,0,0,1,19,5
7712,3,2007030002549,1,8,20,3,1,1,2,CV-725,0,0,0,0,1,5,2,2,3,3,2,1,1,1,2,2,1,1,3,1,1,1,9,14,3,1,1,NaN,1,4,NaN,,NaN,,NaN,,NaN,NaN,NaN,NaN,1,4,2,1,1,1,1,1,1,1,1,1,1,1,1,1,1,1,1,2,1,1,762761.476,4301216.335,19.674,Pri,21767,0,0,1,8,6
7714,3,2007030002552,1,8,19,4,7,3,2,CV-95,5.5,5,5,1,1,4,3,2,3,3,2,1,2,1,2,2,7,7,5,1,1,1,9,14,3,1,1,NaN,1,NaN,NaN,,NaN,,NaN,,NaN,54,50,NaN,1,4,1,1,1,1,1,2,2,1,1,1,1,1,1,1,1,1,1,2,1,1,696972.149,4205314.539,18.937,Cob,14091,0,0,0,12,1
7716,3,2007030002555,1,8,20,4,1,1,2,CV-70,44.8,44,8,1,1,4,2,2,3,2,2,2,1,1,1,1,5,1,5,1,1,1,9,14,1,1,1,NaN,2,2,NaN,,NaN,,NaN,,NaN,NaN,NaN,NaN,1,4,1,1,1,1,1,1,2,1,1,1,1,1,1,1,1,1,1,2,2,2,725065.787,4286666.073,619.152,Per,32000,0,0,0,14,6
7718,3,2007030002558,1,8,21,4,2,1,2,CV-763,0.3,0,3,1,1,4,2,2,3,3,2,1,1,1,1,1,7,7,8,1,1,1,9,14,1,1,1,NaN,2,2,NaN,,NaN,,NaN,,NaN,NaN,NaN,NaN,1,4,1,1,1,1,1,1,2,1,1,1,1,1,1,1,1,1,1,2,1,2,750485.341,4275793.567,179.179,Cob,10087,0,0,1,11,1
7721,3,2007030002569,1,8,22,2,3,1,1,CV-865,0.6,0,6,1,1,5,2,2,3,4,2,1,1,1,1,2,7,7,8,3,5,5,9,14,1,1,1,NaN,2,NaN,NaN,,21,24,NaN,,NaN,NaN,NaN,NaN,1,4,1,1,1,1,1,1,1,1,1,1,1,1,1,2,1,1,1,2,1,1,712680.828,4231179.757,-20.469,Cob,15503,0,1,0,6,1
7723,3,2007030002570,1,8,22,2,3,1,1,CV-905,3.9,3,9,0,1,4,3,1,3,3,2,2,1,2,1,2,5,2,8,1,5,4,9,14,1,1,3,NaN,2,NaN,NaN,,NaN,,NaN,,56,NaN,50,NaN,1,4,1,1,1,1,1,2,1,1,1,1,1,1,1,1,1,1,1,2,1,1,700205.597,4213072.338,-18.23,Cob,27935,0,0,3,6,7
7725,3,2007030002573,1,8,6,2,1,1,2,CV-800,0,0,0,0,1,4,1,1,4,4,2,1,2,1,2,2,7,7,8,1,1,1,9,14,3,1,1,NaN,1,4,NaN,,NaN,,NaN,,NaN,NaN,NaN,NaN,1,4,1,1,1,1,1,1,2,1,1,1,1,1,1,1,1,1,1,2,1,1,725419.036,4255124.771,18.18,Cob,20572,0,0,0,6,1
7727,3,2007030002576,1,8,3,6,5,1,2,CV-81,23.8,23,8,0,1,4,3,2,3,3,2,1,1,1,1,1,2,1,3,1,1,1,9,14,1,1,1,NaN,2,2,NaN,,NaN,,NaN,,NaN,NaN,NaN,NaN,1,4,2,1,1,1,1,1,2,1,1,1,1,1,1,1,1,1,1,2,1,1,699677.882,4288690.955,627.66,Cob,6609,0,0,0,19,6
7729,3,2007030002578,1,8,23,6,4,1,2,CV-911,2.1,2,1,0,1,4,2,3,3,1,2,2,1,1,2,2,5,1,4,1,1,1,9,14,1,1,1,NaN,2,NaN,NaN,,NaN,,NaN,,NaN,NaN,NaN,71,1,4,2,1,1,1,1,1,1,1,1,1,1,1,1,1,1,1,1,2,1,1,688214.06,4219054.421,-10.826,Cob,9449,0,0,2,19,6
7732,3,2007030002583,1,8,23,5,4,1,2,CV-895,3.2,3,2,0,1,4,3,2,3,3,2,1,1,1,2,2,7,7,8,1,1,1,9,14,1,1,1,NaN,2,4,NaN,,NaN,,NaN,,NaN,NaN,NaN,NaN,1,4,2,1,1,1,1,1,1,1,1,1,1,1,1,1,1,1,1,2,1,1,702188.023,4215278.992,7.87,Cob,9017,0,0,2,16,1
7735,3,2007030002591,1,8,24,4,5,1,3,CV-91,21,21,0,1,1,4,3,2,3,3,2,1,1,1,1,1,7,7,8,1,1,1,9,14,3,1,3,NaN,1,4,NaN,,NaN,,NaN,,NaN,NaN,NaN,NaN,1,4,1,1,1,1,1,1,2,1,1,1,1,1,1,1,1,1,1,2,1,1,685254.597,4218192.676,-17.975,Cob,9526,0,0,0,11,2
7737,3,2007030002599,1,8,24,6,5,1,2,CV-821,6.9,6,9,0,1,5,2,2,3,3,2,2,1,2,1,2,5,1,4,1,1,1,9,14,3,2,1,NaN,2,2,NaN,,NaN,,NaN,,NaN,NaN,NaN,NaN,1,4,1,1,1,1,1,1,2,1,1,1,1,1,1,1,1,1,1,2,1,1,721976.565,4253837.632,29.316,Cob,14837,0,1,0,20,6
7738,3,2007030002601,1,8,25,6,6,2,1,CV-736,1.8,1,8,1,1,4,3,2,3,3,2,1,2,2,2,2,7,7,8,3,5,4,9,14,1,1,1,NaN,1,NaN,NaN,,NaN,,NaN,,NaN,64,60,NaN,1,4,1,1,1,1,1,2,1,1,1,1,1,1,1,1,1,1,1,2,1,1,774411.274,4299520.288,156.295,Cob,4859,0,0,0,21,4
7739,3,2007030002602,1,8,25,6,6,2,1,CV-95,22.6,22,6,0,1,4,3,2,3,3,2,1,2,1,1,1,7,7,8,3,2,4,9,14,3,1,1,NaN,2,NaN,NaN,,NaN,,NaN,,NaN,64,60,NaN,1,4,1,2,1,1,1,1,1,1,1,1,1,1,1,1,1,1,1,2,1,2,697529.395,4205449.953,13.776,Cob,9367,0,0,1,20,4
7741,3,2007030002603,1,8,25,1,6,2,2,CV-821,6.8,6,8,1,1,4,2,2,3,3,2,2,1,1,2,2,5,6,8,1,3,1,9,14,3,1,1,NaN,2,3,NaN,,NaN,,NaN,,NaN,NaN,NaN,NaN,1,4,1,1,1,1,1,1,2,1,1,1,1,1,1,1,1,1,1,2,1,1,718737.071,4252410.453,66.053,Cob,14837,0,0,2,0,7
7742,3,2007030002607,1,8,24,1,5,1,1,CV-95,2.9,2,9,0,1,5,3,2,3,4,2,1,1,1,2,1,7,7,8,1,5,1,9,14,3,1,1,NaN,1,NaN,NaN,,NaN,,NaN,,NaN,52,50,NaN,1,4,1,1,1,1,1,1,1,1,1,1,1,1,1,2,1,1,1,2,1,1,682805.446,4215747.672,8.206,Cob,14091,0,0,0,1,1
7743,3,2007030002609,1,8,24,6,5,1,1,CV-821,7.6,7,6,0,1,4,3,2,3,2,2,2,2,2,2,2,7,7,8,1,3,1,9,14,3,1,1,NaN,2,NaN,NaN,,NaN,,12,9,NaN,NaN,NaN,NaN,1,4,2,1,1,1,1,1,1,1,1,1,1,1,1,1,1,1,1,2,2,2,722468.528,4253366.305,22.98,Cob,14837,0,1,0,21,1
7744,3,2007030002611,1,8,26,6,7,3,1,CV-700,67.2,67,2,0,1,4,2,2,3,1,2,1,1,1,1,1,5,1,4,1,5,1,9,14,1,1,1,NaN,2,NaN,NaN,,NaN,,12,9,NaN,NaN,NaN,NaN,1,4,1,1,1,1,1,2,1,1,1,1,1,1,1,1,1,1,1,2,1,1,759493.01,4305066.745,-11.044,Cob,6528,0,1,0,21,6
7746,3,2007030002628,1,8,27,4,1,4,2,CV-95,8.6,8,6,0,1,4,3,2,3,3,2,1,2,2,2,2,2,1,8,1,1,1,9,14,1,1,1,NaN,2,2,NaN,,NaN,,NaN,,NaN,NaN,NaN,NaN,1,4,1,1,1,1,1,1,2,1,1,1,1,1,1,1,1,1,1,2,1,1,687084.183,4213140.901,21.479,Cob,11670,0,0,2,12,7
7747,3,2007030002630,1,8,27,1,1,4,1,CV-715,5,5,0,0,1,4,2,2,3,3,2,1,1,1,2,2,7,7,8,1,5,1,9,14,1,1,3,NaN,1,NaN,NaN,,21,24,NaN,,NaN,NaN,NaN,NaN,1,4,1,1,1,1,1,1,1,1,1,1,1,1,1,2,1,1,1,2,1,2,751998.013,4307062.573,-18.076,Cob,5497,0,0,0,23,1
7748,3,2007030002635,1,8,26,6,7,3,1,CV-920,0.5,0,5,0,1,4,2,3,3,3,2,1,1,1,1,1,7,7,5,1,5,1,9,14,3,1,3,NaN,1,NaN,NaN,,NaN,,NaN,,NaN,54,50,NaN,1,4,2,1,2,1,1,1,1,1,1,1,1,1,1,1,1,1,1,2,1,1,686003.474,4214958.999,1.237,Pri,7211,0,0,0,22,1
7749,3,2007030002655,1,8,28,5,2,1,1,CV-70,25.8,25,8,0,1,4,2,3,3,3,2,1,1,2,1,1,7,7,8,1,1,1,9,14,1,1,1,NaN,2,NaN,NaN,,NaN,,NaN,,66,NaN,60,NaN,1,4,1,1,1,1,1,1,1,1,1,1,1,2,1,1,1,1,1,2,1,2,739754.969,4285789.497,628.844,Sec,744,0,0,2,16,2
7750,3,2007030002658,1,8,28,6,2,1,1,CV-95,12,12,0,1,1,5,3,2,3,3,2,1,2,2,1,1,7,7,8,1,5,1,9,14,3,1,1,NaN,1,NaN,NaN,,NaN,,NaN,,NaN,54,50,NaN,1,4,2,1,1,1,2,1,1,1,1,1,1,1,1,1,1,1,1,2,1,1,692087.997,4208856.01,45.554,Cob,11670,0,0,1,21,1
7751,3,2007030002687,1,8,12,6,7,3,1,CV-806,2.8,2,8,0,1,4,3,2,3,3,2,1,1,1,1,2,7,7,8,3,1,5,4,10,3,1,1,NaN,2,NaN,NaN,,NaN,,NaN,,68,NaN,60,NaN,1,4,1,1,1,1,1,2,1,1,1,1,1,1,2,1,1,1,1,2,1,1,705604.363,4276063.779,674.742,Cob,3755,0,0,0,17,1
7753,3,2007030002713,1,8,20,3,1,1,1,CV-845,9.8,9,8,0,1,4,3,2,3,3,2,1,1,1,1,2,1,1,3,1,2,1,2,14,1,1,1,NaN,2,NaN,NaN,,NaN,,NaN,,68,NaN,60,NaN,1,4,1,1,1,1,1,1,2,1,1,1,1,1,1,2,1,1,1,2,1,1,685484.56,4242191.469,370.638,Cob,4139,0,0,0,7,6
7754,3,2007030002718,1,8,25,6,6,2,1,CV-941,3.1,3,1,0,1,5,1,3,3,2,2,1,2,2,1,1,7,7,8,3,1,5,2,13,1,1,3,NaN,2,NaN,NaN,,NaN,,NaN,,NaN,64,60,NaN,1,4,1,1,1,1,1,1,1,2,1,1,2,1,2,1,1,1,1,2,1,1,695072.186,4198089.874,63.367,Sec,4094,0,0,0,18,5
7755,3,2007030002720,1,8,26,3,7,3,1,CV-95,24.1,24,1,0,1,5,3,2,3,2,2,1,2,1,2,2,5,3,4,1,2,1,9,14,1,1,3,NaN,2,NaN,NaN,,NaN,,NaN,,NaN,64,60,NaN,1,4,2,1,1,1,1,1,1,1,1,1,1,1,1,1,1,1,1,2,1,1,698579.066,4204899.704,3.219,Cob,24587,0,0,1,7,6
7756,3,2007030002723,1,8,27,6,1,4,1,CV-941,4.5,4,5,1,1,5,1,3,3,2,2,1,1,1,1,1,7,7,5,7,5,1,9,14,2,1,3,NaN,2,NaN,NaN,,NaN,,12,9,NaN,NaN,NaN,NaN,1,4,1,1,1,1,1,1,1,2,1,1,1,1,1,1,1,1,1,2,1,1,693970.802,4202091.61,108.9,Sec,4094,0,0,1,22,2
7758,3,2007030002724,1,8,28,3,2,1,2,CV-945,2,2,0,1,1,5,3,2,3,2,2,1,1,1,1,1,7,7,5,1,1,1,9,14,3,1,3,NaN,1,NaN,NaN,,NaN,,NaN,,NaN,62,60,NaN,1,4,2,1,1,1,1,1,1,1,1,1,1,1,1,1,1,1,1,2,1,1,692505.651,4210755.15,22.242,Sec,12415,0,0,0,8,1
7760,3,2007030002726,1,8,25,1,6,2,1,CV-915,4.3,4,3,1,1,4,2,2,2,1,2,1,1,1,1,1,7,7,8,1,3,1,9,14,1,1,1,NaN,2,NaN,NaN,,NaN,,NaN,,NaN,51,50,NaN,1,4,2,1,2,1,1,2,2,1,1,1,1,1,1,1,1,1,1,2,1,1,678425.39,4216482.36,1.931,Sec,9567,0,1,2,4,2
7761,3,2007030002752,1,8,28,5,2,1,1,CV-845,0.9,0,9,0,1,4,3,2,3,3,2,1,2,2,2,1,2,1,5,1,1,1,9,14,1,1,3,NaN,2,NaN,NaN,,NaN,,NaN,,NaN,63,60,NaN,1,4,1,1,1,1,1,1,1,1,1,1,1,2,1,1,1,1,1,2,1,1,693493.385,4244739.526,241.601,Sec,6220,0,0,2,16,6
7765,3,2007030002753,1,8,19,5,7,3,3,CV-905,1.6,1,6,1,1,5,3,2,3,3,2,1,1,1,2,1,1,1,8,1,1,1,9,14,3,1,1,NaN,2,5,NaN,,NaN,,NaN,,NaN,NaN,NaN,NaN,1,4,2,1,2,1,1,1,1,1,1,1,1,1,1,1,1,1,1,2,1,1,702903.715,4208200.895,-17.722,Pri,26822,0,1,2,15,7
7766,3,2007030002754,1,8,31,4,5,1,1,CV-900,6,6,0,0,1,5,2,2,3,2,2,2,1,2,2,2,5,3,8,3,1,4,9,14,1,1,1,NaN,2,NaN,NaN,,NaN,,NaN,,NaN,53,50,NaN,1,4,1,1,1,1,1,2,1,1,1,1,1,1,1,1,1,1,1,2,1,3,686241.512,4220987.654,-5.561,Cob,8028,0,0,0,12,6