Id,Ano,Numero_Accidente,Provincia,Mes,Dia,Hora,Dia_Semana,Tipo_Dia,Vehiculos_Implicados,Carretera,Pk,Km,Hm,Sentido,Zona,Tipo_Via,Anchura_Calzada,Anchura_Carril,Marcas_Viales,Arcen,Arcen_Pavimentado,Mediana,Barrera_Seguridad,Paneles_Direccionales,Hitos_Arista,Captafaros,Interseccion_Tipo,Interseccion_Acondicionamiento,Prioridad_Regulada_por,Superficie,Luminosidad,Factores_Atmosfericos,Visibilidad_Restringida_por,Otras_Circunstancias,Senalizacion_Peligro,Aceras,Arboles,Arboles_Metros_Calzada,Visibilidad_Senalizacion_Vertical,Colision_Vehiculos_Marcha,Colision_Vehiculo_Obstaculo_1,Colision_Vehiculo_Obstaculo_2,Atropello_1,Atropello_2,Vuelco_1,Vuelco_2,Salida_Sin_Colision,Salida_Con_Colision,Lado_Salida,Otro,Circulacion,Circulacion_Medidas_Especiales,Distraccion,Inexperiencia_Conductor,Alcohol_Drogas,Cansancio_Sueno,Enfermedad,Velocidad_Inadecuada,Infraccion_Norma_Circulacion,Estado_Condicion_Via,Estado_Condicion_Senalizacion,Tramo_Obras,Mal_Estado_Vehiculo,Averia_Mecanica,Meteorologia_Adversa,Irrupcion_Animal,Circular_Sentido_Contrario,Otro_Factor,Sin_Opinion_Definida,Pendiente,Curvatura,Peralte,GPS_x,GPS_y,GPS_z,Tipo_Est,IMD,N_Muertos,N_Graves,N_Leves,Hora_Real,Fuera_o_Interseccion
7767,3,2007030002757,1,8,27,6,1,1,1,CV-763,0.9,0,9,1,1,4,2,3,3,3,2,1,1,1,1,1,7,7,5,1,3,1,9,14,1,1,1,NaN,2,NaN,NaN,,NaN,,12,9,NaN,NaN,NaN,NaN,1,4,1,2,1,1,1,1,1,1,1,1,1,1,1,1,1,1,1,2,1,1,750980.758,4275497.249,142.471,Cob,10087,0,0,2,22,1
7768,3,2007030002758,1,8,27,1,1,4,1,CV-70,47.1,47,1,1,1,4,3,2,3,3,2,2,1,1,1,2,1,1,8,1,3,1,9,14,3,1,1,NaN,1,NaN,NaN,,NaN,,NaN,,NaN,63,60,NaN,1,4,2,1,2,1,1,1,1,1,1,1,1,1,1,1,1,1,1,2,1,1,723443.823,4286612.21,723.495,Per,32000,0,0,0,23,7
7770,3,2007030002760,1,9,1,3,6,2,2,CV-763,0.6,0,6,0,1,4,2,3,3,3,2,1,1,1,1,1,7,7,8,1,1,1,9,14,3,1,1,NaN,1,2,NaN,,NaN,,NaN,,NaN,NaN,NaN,NaN,1,4,1,1,1,1,1,1,2,1,1,1,1,1,1,1,1,1,1,2,1,1,753365.554,4273171.242,22.494,Cob,10087,0,0,2,10,1
7771,3,2007030002768,1,8,25,6,6,2,1,CV-84,1.8,1,8,0,1,4,2,2,3,3,2,2,2,1,2,2,5,3,4,1,1,4,9,14,3,1,1,NaN,1,NaN,NaN,,NaN,,NaN,,NaN,61,60,NaN,1,4,2,1,1,1,1,1,1,1,1,1,1,1,2,1,1,1,1,2,1,1,697794.772,4241721.765,158.556,Sec,20142,0,0,0,19,7
7772,3,2007030002794,1,8,29,1,3,1,1,CV-799,0,0,0,0,1,4,3,2,3,3,2,1,1,1,2,2,5,1,4,1,1,1,9,14,1,1,1,NaN,2,NaN,NaN,,NaN,,NaN,,NaN,62,60,NaN,1,4,1,2,1,1,1,2,1,1,1,1,1,1,1,1,1,2,1,1,1,1,687393.431,4278183.296,489.685,NaN,0,0,0,1,4,6
7774,3,2007030002810,1,9,4,6,2,1,2,CV-912,6,6,0,1,1,4,2,3,3,3,2,1,1,2,1,1,2,3,2,1,1,1,1,14,1,2,1,NaN,2,1,NaN,,NaN,,NaN,,NaN,NaN,NaN,NaN,1,4,1,1,1,1,1,1,2,1,1,1,1,1,1,1,1,1,1,2,1,1,689176.971,4220413.097,-16.979,Cob,3150,0,1,1,19,6
7775,3,2007030002821,1,9,4,2,2,1,1,CV-865,8.9,8,9,1,1,4,3,2,3,3,2,1,1,1,2,2,7,7,8,1,3,1,9,14,1,1,1,NaN,2,NaN,NaN,,NaN,,NaN,,NaN,61,60,NaN,1,4,2,1,2,1,1,1,1,1,1,1,1,1,1,1,1,1,1,2,1,1,706057.99,4235947.891,21.443,Sec,17758,0,0,0,5,1
7777,3,2007030002835,1,8,24,4,5,1,2,CV-700,11.5,11,5,1,1,4,2,3,3,1,2,1,2,2,1,1,7,7,5,3,1,4,9,14,2,1,1,NaN,1,3,NaN,,NaN,,NaN,,NaN,NaN,NaN,NaN,1,4,2,1,1,1,1,1,1,1,1,1,1,1,1,1,1,1,1,2,2,1,750098.348,4303583.679,48.491,Cob,1776,0,0,0,12,4
7779,3,2007030002843,1,9,3,4,1,4,2,CV-941,4,4,0,0,1,5,2,3,3,3,2,1,1,1,1,1,7,7,5,8,1,1,9,14,2,1,3,NaN,1,NaN,NaN,,NaN,,NaN,,NaN,NaN,NaN,71,1,4,1,1,1,1,1,1,2,1,1,1,2,1,1,1,1,1,1,2,1,2,694742.9,4198590.07,32.112,Sec,4094,0,0,0,11,3
7781,3,2007030002845,1,8,29,4,3,1,2,CV-865,7.2,7,2,0,1,5,3,2,3,4,2,1,1,2,2,2,1,6,3,1,1,1,9,14,3,1,1,NaN,2,2,NaN,,NaN,,NaN,,NaN,NaN,NaN,NaN,1,4,1,1,1,1,1,1,2,1,1,1,1,1,1,1,1,1,1,2,1,1,709148.166,4233921.414,-8.357,Cob,15503,0,0,0,13,6
7783,3,2007030002846,1,8,28,6,2,1,2,CV-84,0.8,0,8,1,1,4,3,2,3,3,2,1,1,2,1,2,5,1,4,1,2,1,9,14,1,1,1,NaN,2,3,NaN,,NaN,,NaN,,NaN,NaN,NaN,NaN,1,4,2,1,1,1,1,1,2,1,1,1,1,1,1,1,1,1,1,2,1,1,694407.285,4245383.995,246.593,Sec,20142,0,0,0,19,6
7785,3,2007030002857,1,9,6,4,4,1,2,CV-763,4,4,0,0,1,4,2,3,3,3,2,1,1,1,1,1,1,1,8,1,1,1,9,14,3,1,1,NaN,1,4,NaN,,NaN,,NaN,,NaN,NaN,NaN,NaN,1,4,1,1,1,1,1,1,2,1,1,1,1,1,1,1,1,1,1,2,1,1,751098.206,4275402.094,132.32,Cob,10087,0,0,2,11,6
7786,3,2007030002860,1,9,6,6,4,1,1,CV-700,14.6,14,6,1,1,4,2,3,3,1,2,1,1,1,1,1,7,7,5,1,1,1,9,14,3,1,1,NaN,1,NaN,NaN,,21,21,NaN,,NaN,NaN,NaN,NaN,1,4,1,1,1,1,1,1,2,1,1,1,1,1,1,1,1,1,1,2,1,1,747162.031,4304058.316,88.457,Cob,1776,1,0,0,18,1
7787,3,2007030002861,1,9,6,4,4,1,1,CV-724,4,4,0,1,1,4,3,2,3,3,2,1,1,2,2,2,7,7,8,1,1,1,2,14,2,1,1,NaN,1,NaN,NaN,,NaN,,NaN,,NaN,52,50,NaN,1,4,1,1,1,1,1,1,1,1,1,1,1,2,1,1,1,1,1,2,1,1,764938.187,4301811.885,11.412,Sec,6467,0,0,0,11,2
7789,3,2007030002867,1,9,7,3,5,1,2,CV-870,10.5,10,5,1,1,4,2,3,3,1,2,1,2,1,1,1,2,1,3,1,1,1,9,14,1,1,1,NaN,2,1,NaN,,NaN,,NaN,,NaN,NaN,NaN,NaN,1,4,2,1,1,1,1,1,2,1,1,1,1,1,1,1,1,1,1,2,1,1,680440.67,4221147.765,7.036,Cob,5967,1,0,0,10,6
7791,3,2007030002871,1,9,7,5,5,1,2,CV-905,9,9,0,0,1,5,3,1,3,2,2,2,2,2,2,2,5,2,8,1,1,1,9,14,1,2,3,NaN,2,3,NaN,,NaN,,NaN,,NaN,NaN,NaN,NaN,1,4,2,1,1,1,1,1,2,1,1,1,1,1,1,1,1,1,1,2,1,1,702732.153,4208745,-18.962,Cob,30384,0,0,1,15,7
7792,3,2007030002873,1,9,5,1,3,1,1,CV-865,11,11,0,1,1,4,3,2,3,3,2,1,1,1,2,2,1,1,8,1,5,1,9,14,1,1,1,NaN,2,NaN,NaN,,NaN,,NaN,,NaN,53,50,NaN,1,4,1,1,1,1,1,2,1,1,1,1,1,1,1,1,1,1,1,2,1,1,704314.183,4237064.415,36.895,Sec,17758,0,0,1,4,6
7793,3,2007030002874,1,9,4,1,2,1,1,CV-905,2,2,0,1,1,4,3,2,3,2,2,2,2,2,1,1,5,1,4,1,5,1,9,14,1,2,1,NaN,1,NaN,NaN,,NaN,,NaN,,NaN,63,60,NaN,1,4,2,1,2,1,1,1,1,1,1,1,1,1,1,1,1,1,1,2,1,1,702793.254,4208574.962,-19.375,Pri,26822,0,0,0,0,7
7794,3,2007030002875,1,9,8,2,6,2,1,CV-755,18.6,18,6,0,1,4,2,3,3,3,2,1,2,2,1,1,7,7,8,1,2,1,2,14,1,1,1,NaN,2,NaN,NaN,,NaN,,NaN,,66,NaN,60,NaN,1,4,2,1,2,1,1,2,2,1,1,1,1,1,1,1,1,1,1,2,1,1,755461.165,4280186.843,56.398,Cob,3481,0,0,0,6,4
7796,3,2007030002880,1,9,8,4,6,2,2,CV-905,6.9,6,9,0,1,5,3,3,3,3,2,1,1,1,2,1,7,7,8,1,1,1,9,14,3,1,1,NaN,1,4,NaN,,NaN,,NaN,,NaN,NaN,NaN,NaN,1,4,2,1,1,1,1,1,1,1,1,1,1,1,1,1,1,1,1,2,1,1,701778.412,4210642.209,-15.963,Cob,30384,0,0,2,11,1
7800,3,2007030002886,1,9,8,6,6,2,2,CV-720,39.8,39,8,1,1,5,2,2,2,1,2,1,1,2,1,1,7,7,8,1,1,1,2,14,1,1,1,NaN,2,3,NaN,,NaN,,NaN,,NaN,NaN,NaN,NaN,1,4,1,1,2,1,1,1,2,1,1,1,1,1,1,1,1,1,1,2,1,1,737410.363,4292572.49,709.644,Cob,3543,0,0,0,17,1
7802,3,2007030002889,1,9,10,3,1,4,2,CV-70,43.2,43,2,1,1,4,2,2,3,2,2,2,1,2,2,2,5,1,4,1,1,1,9,14,1,1,1,NaN,1,2,NaN,,NaN,,NaN,,NaN,NaN,NaN,NaN,1,4,1,1,1,1,1,1,2,1,1,1,1,1,1,1,1,1,1,2,2,1,726356.537,4286931.79,509.088,Cob,0,0,0,0,10,6
7805,3,2007030002890,1,9,10,4,1,4,2,CV-821,5.9,5,9,1,1,5,3,3,3,2,2,2,1,2,2,1,5,1,4,1,1,1,9,14,1,2,2,5,2,4,NaN,,NaN,,NaN,,NaN,NaN,NaN,NaN,1,4,2,1,1,1,1,1,2,1,1,1,1,1,1,1,1,1,1,2,2,2,719499.044,4252863.13,50.525,Sec,30587,0,0,3,13,6
7807,3,2007030002894,1,9,8,4,6,2,2,CV-95,6.9,6,9,0,1,5,3,2,3,3,2,1,1,1,1,1,7,7,8,1,1,1,9,14,3,1,3,NaN,2,4,NaN,,NaN,,NaN,,NaN,NaN,NaN,NaN,1,4,2,1,1,1,1,1,1,1,1,1,1,1,1,1,1,1,1,2,1,1,685817.078,4214225.227,26.357,Cob,11670,0,0,2,11,1
7808,3,2007030002895,1,9,8,1,6,2,1,CV-925,6.6,6,6,1,1,5,2,2,3,3,2,1,1,2,1,1,7,7,8,1,5,1,2,14,1,1,3,NaN,2,NaN,NaN,,NaN,,NaN,,NaN,63,60,NaN,1,4,2,1,1,1,1,2,1,1,1,1,1,1,1,1,1,1,1,2,1,1,688483.522,4197636.667,151.195,Cob,1480,0,0,1,1,5
7809,3,2007030002898,1,9,11,5,2,1,1,CV-920,2.7,2,7,1,1,5,2,3,3,3,2,1,1,2,1,1,2,1,5,1,1,1,2,14,1,1,1,NaN,2,NaN,NaN,,NaN,,NaN,,NaN,52,50,NaN,1,4,2,1,1,1,1,2,1,1,1,1,1,1,1,1,1,1,1,2,1,1,702832.186,4219882.645,-23.906,Pri,7211,1,0,0,16,6
7811,3,2007030002899,1,9,11,4,2,1,2,CV-913,0,0,0,0,1,5,3,1,3,1,2,1,1,1,2,2,5,3,4,1,1,1,9,14,1,1,3,NaN,2,2,NaN,,NaN,,NaN,,NaN,NaN,NaN,NaN,1,4,1,1,1,1,1,1,2,1,1,1,1,1,1,1,1,1,1,1,1,1,687236.537,4222152.116,-11.444,Sec,7690,0,0,0,11,6
7812,3,2007030002900,1,9,12,1,3,1,1,CV-70,48.6,48,6,1,1,4,3,2,3,3,2,1,1,1,2,2,5,1,4,1,5,1,9,14,1,1,1,NaN,2,NaN,NaN,,NaN,,NaN,,NaN,63,60,NaN,1,4,1,1,1,1,1,2,2,1,1,1,1,1,1,1,1,1,1,2,1,1,722557.973,4285960.064,739.689,Per,32000,0,0,0,0,6
7814,3,2007030002908,1,9,12,3,3,1,2,CV-900,1.4,1,4,0,1,4,2,3,3,3,2,1,2,2,1,1,2,1,4,1,1,1,2,14,1,2,1,NaN,2,2,NaN,,NaN,,NaN,,NaN,NaN,NaN,NaN,1,4,1,1,1,1,1,1,2,1,1,1,1,1,1,1,1,1,1,2,1,1,682290.022,4219504.087,-1.429,Cob,10636,0,1,0,7,7
7816,3,2007030002911,1,8,19,6,7,3,2,CV-820,3,3,0,1,1,5,2,2,3,3,2,1,1,1,1,1,7,7,8,1,5,1,9,8,1,1,3,NaN,2,4,NaN,,NaN,,NaN,,NaN,NaN,NaN,NaN,1,4,2,1,1,1,1,1,1,1,1,1,1,1,1,1,1,1,1,2,1,1,698486.176,4252979.261,244.345,Cob,7904,0,0,2,22,1
7818,3,2007030002912,1,8,23,6,4,1,2,CV-821,7.2,7,2,0,1,5,2,3,3,3,2,2,1,2,1,1,5,1,8,1,1,1,9,14,3,2,3,NaN,2,3,NaN,,NaN,,NaN,,NaN,NaN,NaN,NaN,1,4,1,1,1,1,1,1,2,1,1,1,1,1,1,1,1,1,1,2,1,2,722179.226,4253621.282,25.464,Cob,14837,0,0,0,21,6
7820,3,2007030002913,1,9,9,6,7,3,2,CV-941,10,10,0,1,1,5,2,3,3,3,2,1,1,1,2,1,2,1,8,1,5,1,9,14,2,1,3,NaN,2,2,NaN,,NaN,,NaN,,NaN,NaN,NaN,NaN,1,4,2,1,1,1,1,1,1,1,1,1,1,1,1,1,1,1,1,2,2,1,695036.284,4197423.027,52.525,Sec,4094,0,0,1,21,7
7822,3,2007030002916,1,9,12,4,3,1,2,CV-941,10.8,10,8,0,1,5,3,2,3,3,2,1,1,1,2,2,1,1,3,1,1,1,9,14,1,1,3,NaN,2,2,NaN,,NaN,,NaN,,NaN,NaN,NaN,NaN,1,4,2,1,1,1,1,1,2,1,1,1,1,1,1,1,1,1,1,2,1,1,694110.082,4204940.889,86.672,Sec,4094,0,0,3,13,6
7823,3,2007030002919,1,9,6,1,4,1,1,CV-80,15.5,15,5,0,1,2,3,2,3,4,2,2,2,2,2,2,7,7,8,1,5,1,9,14,3,1,1,NaN,2,NaN,NaN,,21,24,NaN,,NaN,NaN,NaN,NaN,1,4,1,1,1,1,1,1,1,1,1,1,1,1,1,2,1,1,1,2,1,1,702402.332,4276144.971,630.751,NaN,0,0,0,0,0,1
7825,3,2007030002921,1,9,13,4,4,1,2,CV-95,17.6,17,6,1,1,4,3,3,3,3,2,1,1,1,1,1,1,1,8,1,1,1,9,14,3,1,1,NaN,1,4,NaN,,NaN,,NaN,,NaN,NaN,NaN,NaN,1,4,2,1,1,1,1,1,1,1,1,1,1,1,1,1,1,1,1,2,1,1,688245.683,4212770.892,53.077,Pri,10151,0,1,1,14,6
7827,3,2007030002926,1,9,14,4,5,1,2,CV-70,49,49,0,1,1,5,3,3,3,2,2,2,1,1,1,2,5,3,5,1,1,1,9,14,1,2,3,NaN,2,3,NaN,,NaN,,NaN,,NaN,NaN,NaN,NaN,1,4,1,1,1,1,1,1,2,1,1,1,1,1,1,1,1,1,1,2,2,2,722245.837,4285856.787,758.977,Per,32000,0,0,2,11,6
7828,3,2007030002928,1,9,15,4,6,2,1,CV-70,19.6,19,6,0,1,4,2,3,4,2,2,1,2,2,1,1,7,7,8,1,1,1,2,14,1,1,1,NaN,2,NaN,NaN,,NaN,,NaN,,NaN,64,60,NaN,1,4,1,1,1,1,1,2,1,1,1,1,1,1,1,1,1,1,1,2,1,2,735766.234,4287114.558,888.078,Sec,744,0,1,0,12,5
7832,3,2007030002929,1,9,14,3,5,1,2,CV-81,37.3,37,3,1,1,4,3,2,3,3,2,1,1,1,1,1,1,1,8,1,1,1,9,14,1,1,3,NaN,2,2,NaN,,NaN,,NaN,,NaN,NaN,NaN,NaN,1,4,1,1,1,1,1,1,2,1,1,1,1,1,1,1,1,1,1,2,1,1,703828.341,4290448.91,680.635,Cob,6790,0,0,1,7,6
7833,3,2007030002940,1,9,16,6,7,3,1,CV-775,7,7,0,1,1,4,1,3,3,1,2,1,2,2,2,2,7,7,5,1,1,1,2,14,1,1,3,NaN,2,NaN,NaN,,NaN,,NaN,,NaN,63,60,NaN,1,4,2,1,1,1,1,1,1,1,1,1,1,1,1,1,1,1,1,2,2,2,734290.699,4274458.19,412.472,Cob,170,1,0,0,18,5
7834,3,2007030002941,1,9,16,6,7,3,1,CV-800,28.8,28,8,1,1,4,3,2,3,3,2,1,2,2,2,2,7,7,8,1,2,1,2,13,1,1,3,NaN,2,NaN,NaN,,NaN,,NaN,,66,NaN,60,NaN,1,4,1,1,1,1,1,2,1,1,1,1,1,1,1,1,1,1,1,2,1,1,720614.698,4260863.049,159.731,Cob,2777,1,0,0,20,5
7835,3,2007030002943,1,9,16,1,7,3,1,CV-736,1,1,0,0,1,4,2,3,3,2,2,1,1,1,1,1,1,1,8,1,3,1,9,14,1,1,3,NaN,2,NaN,NaN,,NaN,,NaN,,58,NaN,50,NaN,1,4,1,1,1,2,1,1,1,1,1,1,1,1,1,1,1,1,1,2,1,1,771720.005,4302984.866,-10.724,Cob,4859,0,0,0,4,6
7837,3,2007030002953,1,9,12,4,3,1,2,CV-830,13,13,0,0,1,4,3,2,3,1,2,1,1,1,1,1,1,1,8,1,1,1,9,14,2,1,1,NaN,1,3,NaN,,NaN,,NaN,,NaN,NaN,NaN,NaN,1,4,2,1,1,1,1,1,1,1,1,1,1,1,1,1,1,1,1,2,1,1,685291.816,4265366.258,500.142,Pri,3141,0,0,3,14,6
7838,3,2007030002955,1,9,18,4,2,1,1,CV-70,48.6,48,6,0,1,4,2,2,3,2,2,2,1,1,1,1,5,3,4,1,1,1,9,14,1,2,3,NaN,2,NaN,NaN,,NaN,,12,9,NaN,NaN,NaN,NaN,1,4,1,1,1,1,1,2,1,1,1,1,1,1,1,1,1,1,1,2,1,1,749816.415,4272656.594,112.878,Per,32000,0,0,1,11,6
7839,3,2007030002957,1,9,8,4,6,1,1,CV-83,22.1,22,1,0,1,5,3,2,3,4,2,1,2,1,2,2,7,7,8,1,1,1,9,14,3,1,1,NaN,1,NaN,NaN,,NaN,,NaN,,67,NaN,60,NaN,1,4,1,2,1,1,1,1,1,1,1,1,1,1,1,1,1,1,1,2,1,1,673666.091,4253599.018,573.328,Cob,5881,0,0,0,11,1
7841,3,2007030002994,1,9,20,4,4,1,2,CV-905,1.1,1,1,0,1,5,2,2,3,3,2,2,1,2,1,1,5,1,8,1,1,1,9,14,1,1,3,NaN,2,3,NaN,,NaN,,NaN,,NaN,NaN,NaN,NaN,1,4,2,1,1,1,1,1,1,1,1,1,1,1,1,1,1,1,1,2,1,1,699010.463,4215470.992,14.883,Pri,26822,0,0,1,14,6
7844,3,2007030002996,1,9,22,4,6,2,3,CV-905,9.9,9,9,0,1,5,3,2,3,1,2,2,2,2,2,2,7,7,5,3,1,4,9,14,2,1,3,NaN,2,5,NaN,,NaN,,NaN,,NaN,NaN,NaN,NaN,2,4,2,1,1,1,1,1,1,1,1,1,1,1,1,1,1,1,1,2,1,1,702947.678,4207986.408,-15.664,Cob,30384,0,0,2,13,1
7845,3,2007030003009,1,9,24,6,1,1,1,CV-800,17.5,17,5,0,3,7,1,2,3,3,2,1,2,2,1,1,4,1,8,1,1,1,9,14,1,1,1,NaN,1,NaN,NaN,,NaN,,NaN,,NaN,64,60,NaN,1,4,2,1,2,1,1,1,1,1,1,1,1,1,1,1,1,1,1,2,1,1,717875.425,4268387.228,384.224,Cob,4899,0,0,0,20,6
7846,3,2007030003010,1,9,24,6,1,4,1,CV-855,2.2,2,2,0,1,5,2,2,3,3,2,2,1,1,1,2,7,7,8,1,1,1,9,14,3,1,1,NaN,2,NaN,30,32,NaN,,NaN,,NaN,NaN,NaN,NaN,1,4,1,1,1,1,1,1,1,2,1,1,1,1,1,1,1,1,1,2,1,1,701368.818,4234420.988,21.689,Pri,7022,0,0,1,19,1
7847,3,2007030003031,1,9,9,4,7,3,1,CV-800,20.8,20,8,1,1,5,1,2,3,3,2,1,1,2,1,1,7,7,8,1,1,1,9,14,1,1,3,NaN,2,NaN,NaN,,NaN,,NaN,,NaN,64,60,NaN,1,4,1,1,1,1,1,2,1,1,1,1,1,1,1,1,1,1,1,2,1,1,718047.301,4267550.74,346.292,Cob,2777,0,0,0,13,2
7851,3,2007030003032,1,9,12,3,3,1,2,CV-700,18.1,18,1,0,1,5,3,2,3,3,2,1,1,1,1,1,7,7,5,3,1,1,9,14,1,1,3,NaN,2,2,NaN,,NaN,,NaN,,NaN,NaN,NaN,NaN,1,4,1,1,1,1,1,1,2,1,1,1,1,1,1,1,1,1,1,2,1,1,724275.251,4295958.815,350.562,Cob,3276,0,0,0,9,4
7853,3,2007030003038,1,9,17,6,1,1,2,CV-84,5.6,5,6,1,1,5,3,2,3,3,2,1,1,1,1,2,5,1,4,1,1,1,9,14,3,1,1,NaN,2,3,NaN,,NaN,,NaN,,NaN,NaN,NaN,NaN,1,4,2,1,1,1,1,1,2,1,1,1,1,1,1,1,1,2,1,2,1,2,697498.22,4242182.17,173.651,Sec,10280,0,0,0,18,6
7855,3,2007030003051,1,9,27,6,4,1,2,CV-70,47,47,0,1,1,5,3,2,3,2,2,2,1,1,1,2,5,1,5,1,1,1,9,14,1,1,1,NaN,2,2,NaN,,NaN,,NaN,,NaN,NaN,NaN,NaN,1,4,1,1,1,1,1,1,2,1,1,1,1,1,1,1,1,1,1,2,1,1,723463.516,4286708.498,718.618,Per,32000,0,0,0,19,6
7857,3,2007030003063,1,9,19,3,3,1,2,CV-83,20.8,20,8,1,1,5,3,2,3,3,2,1,1,2,1,1,7,7,5,1,2,1,9,14,3,1,1,NaN,2,4,NaN,,NaN,,NaN,,NaN,NaN,NaN,NaN,1,4,2,1,1,1,1,2,2,1,1,1,1,1,1,1,1,1,1,2,1,1,685484.907,4256996.388,460.98,Cob,5881,0,0,0,7,1
7858,3,2007030003066,1,9,28,4,5,1,1,CV-724,4.5,4,5,0,1,5,2,3,3,2,2,1,1,1,1,1,7,7,8,1,1,1,9,14,3,1,1,NaN,2,NaN,NaN,,NaN,,NaN,,NaN,64,60,NaN,1,4,2,1,1,1,1,1,1,1,1,1,1,1,1,1,1,1,1,2,1,1,765543.009,4302050.647,7.844,Sec,6467,0,0,1,13,2
7861,3,2007030003071,1,9,28,6,5,1,3,CV-91,8.9,8,9,0,1,5,3,2,3,3,2,1,2,2,2,2,7,7,8,1,5,4,9,14,3,1,3,NaN,2,NaN,NaN,,NaN,,NaN,,NaN,NaN,NaN,71,1,4,2,1,1,1,1,1,2,1,1,1,1,1,1,1,1,1,1,2,2,1,689608.734,4218047.303,-12.385,Pri,14034,1,0,1,20,1
7863,3,2007030003073,1,9,28,6,5,1,2,CV-91,8.9,8,9,0,1,5,2,2,2,4,2,1,1,1,2,2,7,7,8,1,5,4,9,14,3,1,3,NaN,1,4,NaN,,NaN,,NaN,,NaN,NaN,NaN,NaN,1,4,2,1,1,1,1,1,1,1,1,1,1,1,1,1,1,1,1,2,2,1,689608.734,4218047.303,-12.385,Pri,14034,0,0,1,20,1
7865,3,2007030003087,1,9,30,5,7,3,1,CV-827,3.8,3,8,1,1,5,2,2,3,3,2,1,2,2,1,1,7,7,8,1,1,1,9,14,3,1,1,NaN,2,NaN,NaN,,NaN,,NaN,,55,NaN,50,NaN,1,4,1,1,1,1,1,1,1,1,1,1,1,1,1,1,1,2,1,2,2,2,706128.607,4260193.397,423.937,Cob,433,1,0,0,15,3
7866,3,2007030003096,1,9,19,4,3,1,1,CV-80,16.5,16,5,0,1,2,3,2,3,4,2,2,2,2,2,2,7,7,8,1,1,1,9,14,3,1,1,NaN,1,NaN,NaN,,21,24,NaN,,NaN,NaN,NaN,NaN,1,4,1,1,1,1,1,1,1,1,1,1,1,1,1,2,1,1,1,2,1,1,703372.684,4276029.922,630.755,NaN,0,0,0,0,11,1
7868,3,2007030003102,1,9,20,6,4,1,2,CV-835,3.5,3,5,0,1,5,3,3,3,3,2,1,1,2,1,1,7,7,8,1,4,1,9,14,3,1,1,NaN,2,NaN,NaN,,NaN,,NaN,,68,NaN,60,NaN,1,4,1,1,1,1,1,2,1,1,1,1,1,1,1,1,1,2,1,2,1,1,691957.724,4251899.913,305.376,Sec,3860,0,0,0,21,1
7874,3,2007030003103,1,9,21,4,5,1,2,CV-800,1.6,1,6,0,1,5,3,2,3,3,2,1,1,1,1,2,1,6,3,1,1,1,9,14,3,1,1,NaN,1,2,NaN,,NaN,,NaN,,NaN,NaN,NaN,NaN,1,4,1,1,1,1,1,1,2,1,1,1,1,1,1,1,1,1,1,2,1,1,724785.742,4256045.087,34.709,Cob,20572,0,0,0,14,6
7875,3,2007030003104,1,9,22,1,6,2,1,CV-80,14.9,14,9,0,1,5,3,2,3,4,2,2,2,2,2,2,7,7,8,3,4,4,9,6,3,1,1,NaN,2,NaN,NaN,,NaN,,NaN,,NaN,62,60,NaN,1,4,1,1,1,1,1,1,1,1,1,1,1,1,2,1,1,1,1,2,1,1,701815.757,4276052.7,630.406,Sec,9790,0,0,0,0,1
7877,3,2007030003105,1,10,1,5,1,4,2,CV-941,6,6,0,0,1,5,2,3,3,1,2,1,2,2,1,1,7,7,8,1,1,1,2,14,1,1,1,NaN,2,3,NaN,,NaN,,NaN,,NaN,NaN,NaN,NaN,1,4,1,1,1,1,1,1,2,1,1,1,1,1,1,1,1,1,1,2,1,1,694428.127,4200403.098,62.498,Sec,4094,1,1,0,16,5
7878,3,2007030003109,1,9,28,1,5,1,1,CV-865,1.6,1,6,0,1,5,3,2,3,4,2,1,1,1,1,2,7,7,8,1,5,1,9,14,1,1,1,NaN,2,NaN,30,32,NaN,,NaN,,NaN,NaN,NaN,NaN,1,4,1,1,1,1,1,1,1,2,1,1,1,1,1,1,1,1,1,2,1,1,704503.109,4236938.514,41.162,Cob,15503,0,0,1,23,1
7880,3,2007030003117,1,9,24,4,1,4,2,CV-83,24.1,24,1,0,1,5,3,2,3,3,2,1,1,1,2,2,7,7,8,1,1,1,9,14,3,1,1,NaN,2,3,NaN,,NaN,,NaN,,NaN,NaN,NaN,NaN,1,4,2,1,1,1,1,1,1,1,1,1,1,1,1,1,1,1,1,2,1,1,671937.274,4252901.516,554.912,Cob,5881,0,0,0,12,1
7882,3,2007030003120,1,10,2,5,2,1,2,CV-95,19.5,19,5,0,1,5,3,2,3,3,2,1,1,2,1,1,1,4,2,1,1,1,9,14,1,1,1,NaN,2,1,NaN,,NaN,,NaN,,NaN,NaN,NaN,NaN,1,4,1,1,1,1,1,1,2,1,1,1,1,1,1,1,1,1,1,2,1,1,694711.356,4206086.169,39.622,Cob,9367,0,0,3,16,6
7885,3,2007030003122,1,9,9,2,7,3,1,CV-821,7,7,0,1,1,5,2,2,3,3,2,2,1,2,2,2,5,1,4,1,3,1,9,14,1,1,1,NaN,2,NaN,NaN,,NaN,,NaN,,NaN,64,60,NaN,1,4,2,1,2,1,1,1,1,1,1,1,1,1,1,1,1,1,1,2,1,1,718577.65,4252324.625,64.277,Cob,14837,0,1,3,5,6