Id,Ano,Numero_Accidente,Provincia,Mes,Dia,Hora,Dia_Semana,Tipo_Dia,Vehiculos_Implicados,Carretera,Pk,Km,Hm,Sentido,Zona,Tipo_Via,Anchura_Calzada,Anchura_Carril,Marcas_Viales,Arcen,Arcen_Pavimentado,Mediana,Barrera_Seguridad,Paneles_Direccionales,Hitos_Arista,Captafaros,Interseccion_Tipo,Interseccion_Acondicionamiento,Prioridad_Regulada_por,Superficie,Luminosidad,Factores_Atmosfericos,Visibilidad_Restringida_por,Otras_Circunstancias,Senalizacion_Peligro,Aceras,Arboles,Arboles_Metros_Calzada,Visibilidad_Senalizacion_Vertical,Colision_Vehiculos_Marcha,Colision_Vehiculo_Obstaculo_1,Colision_Vehiculo_Obstaculo_2,Atropello_1,Atropello_2,Vuelco_1,Vuelco_2,Salida_Sin_Colision,Salida_Con_Colision,Lado_Salida,Otro,Circulacion,Circulacion_Medidas_Especiales,Distraccion,Inexperiencia_Conductor,Alcohol_Drogas,Cansancio_Sueno,Enfermedad,Velocidad_Inadecuada,Infraccion_Norma_Circulacion,Estado_Condicion_Via,Estado_Condicion_Senalizacion,Tramo_Obras,Mal_Estado_Vehiculo,Averia_Mecanica,Meteorologia_Adversa,Irrupcion_Animal,Circular_Sentido_Contrario,Otro_Factor,Sin_Opinion_Definida,Pendiente,Curvatura,Peralte,GPS_x,GPS_y,GPS_z,Tipo_Est,IMD,N_Muertos,N_Graves,N_Leves,Hora_Real,Fuera_o_Interseccion
7887,3,2007030003124,1,9,26,3,3,1,2,CV-799,5.7,5,7,0,1,5,3,3,3,1,2,1,1,2,2,2,1,4,8,1,1,1,9,14,1,1,1,NaN,1,2,NaN,,NaN,,NaN,,NaN,NaN,NaN,NaN,1,4,2,1,1,1,1,2,2,1,1,1,1,1,1,1,1,1,1,2,1,1,692998.229,4278284.132,603.495,Pri,4563,0,0,0,10,6
7891,3,2007030003127,1,9,25,6,2,1,2,CV-865,8.8,8,8,0,1,5,2,2,3,3,2,1,1,1,2,1,7,7,5,1,1,1,9,14,3,1,1,NaN,1,3,NaN,,NaN,,NaN,,NaN,NaN,NaN,NaN,1,4,1,1,1,1,1,1,1,1,1,1,1,1,1,1,1,1,2,2,1,1,710431.943,4232991.667,-19.658,Sec,17758,0,0,0,18,1
7892,3,2007030003135,1,9,30,3,7,3,1,CV-700,12.6,12,6,1,1,5,2,3,3,1,2,1,1,1,1,1,7,7,8,1,5,1,2,14,3,1,1,NaN,2,NaN,NaN,,NaN,,NaN,,56,NaN,50,NaN,1,4,1,1,1,1,1,2,1,1,1,1,1,1,1,1,1,1,1,2,1,1,749063.832,4304110.315,47.349,Cob,1776,0,0,0,7,2
7893,3,2007030003139,1,10,4,5,4,1,1,CV-720,45.1,45,1,0,1,5,2,2,3,3,2,1,2,2,1,1,7,7,5,1,1,4,2,4,1,1,1,NaN,2,NaN,NaN,,NaN,,NaN,,NaN,64,60,NaN,1,4,1,1,1,1,1,2,1,1,1,1,1,1,1,1,1,1,1,2,1,1,759275.813,4295649.977,263.904,Cob,3543,0,0,1,16,5
7895,3,2007030003141,1,9,28,6,5,1,2,CV-81,49.7,49,7,0,1,5,3,3,3,4,2,1,1,1,1,1,7,7,8,1,5,1,9,13,2,1,3,NaN,1,NaN,NaN,,21,24,NaN,,NaN,NaN,NaN,NaN,1,4,1,1,1,1,1,1,1,1,1,1,1,1,1,1,1,2,1,2,1,1,679536.058,4278345.781,466.91,Cob,5714,0,0,1,21,1
7903,3,2007030003146,1,10,5,3,5,1,2,CV-725,3.9,3,9,0,1,5,3,2,3,3,2,1,2,1,2,1,7,7,5,1,1,1,5,14,3,1,3,NaN,1,4,NaN,,NaN,,NaN,,NaN,NaN,NaN,NaN,2,4,2,1,1,1,1,1,1,1,1,1,1,1,1,1,1,1,1,2,1,1,765237.081,4303154.431,-2.97,Pri,21767,0,0,6,8,1
7905,3,2007030003154,1,10,6,3,6,2,2,CV-865,2.1,2,1,0,1,5,3,2,3,3,2,1,1,1,2,2,2,5,3,1,1,1,9,14,1,1,1,NaN,2,2,NaN,,NaN,,NaN,,NaN,NaN,NaN,NaN,1,4,1,1,1,1,1,1,2,1,1,1,1,1,1,1,1,1,1,2,1,1,704919.808,4236671.646,36.043,Cob,15503,1,0,1,9,6
7906,3,2007030003155,1,10,6,5,6,2,1,CV-715,17.8,17,8,1,1,5,2,3,3,1,2,1,1,1,1,1,1,1,8,1,1,1,9,14,1,1,1,NaN,2,NaN,NaN,,NaN,,NaN,,NaN,61,60,NaN,1,4,1,1,1,1,1,1,2,1,1,1,1,1,1,1,1,1,1,2,2,1,751780.707,4288401.292,487.653,Cob,3457,0,0,1,15,7
7907,3,2007030003161,1,10,7,1,7,3,1,CV-700,65.2,65,2,1,1,5,2,2,3,3,2,1,2,2,2,2,7,7,8,1,5,1,2,14,1,1,1,NaN,2,NaN,NaN,,NaN,,NaN,,56,NaN,50,NaN,1,4,1,1,1,1,1,2,1,1,1,1,1,1,1,1,1,1,1,2,1,1,711923.784,4294825.029,550.244,Cob,6528,0,0,2,23,2
7909,3,2007030003162,1,10,5,4,5,1,2,CV-83,29.3,29,3,0,1,5,3,2,3,4,2,1,1,2,1,1,2,1,3,1,1,1,9,14,1,1,3,NaN,2,2,NaN,,NaN,,NaN,,NaN,NaN,NaN,NaN,1,4,1,1,1,1,1,2,2,1,1,1,1,1,1,1,1,1,1,2,1,1,667561.281,4252728.528,601.336,Cob,3065,0,0,3,13,6
7911,3,2007030003164,1,10,8,5,1,2,2,CV-715,10.6,10,6,0,1,5,2,2,3,3,2,1,1,1,1,1,7,7,5,1,1,1,9,14,2,1,1,NaN,3,NaN,NaN,,NaN,,NaN,,NaN,62,60,NaN,1,4,1,1,1,1,1,1,2,1,1,1,1,1,1,1,1,1,1,2,1,1,755038.164,4296804.026,114.56,Cob,3457,0,0,0,15,2
7913,3,2007030003165,1,10,9,3,2,3,2,CV-81,47.8,47,8,0,1,5,2,3,3,3,2,1,1,1,1,1,2,5,3,1,1,2,4,14,1,1,3,NaN,2,2,NaN,,NaN,,NaN,,NaN,NaN,NaN,NaN,1,4,1,1,1,1,1,1,2,1,1,1,1,1,1,1,1,1,1,2,1,1,681374.198,4278429.831,462.99,Cob,5714,1,0,0,9,6
7915,3,2007030003169,1,10,9,6,2,1,2,CV-915,5.2,5,2,1,1,5,3,1,3,3,2,1,1,1,1,1,5,6,4,1,1,1,9,14,1,2,1,NaN,2,3,NaN,,NaN,,NaN,,NaN,NaN,NaN,NaN,1,4,1,1,1,1,1,1,2,1,1,1,1,1,1,1,1,1,1,2,1,1,679175.65,4216905.415,1.298,Sec,9567,0,1,0,19,7
7917,3,2007030003171,1,10,10,6,3,4,2,CV-83,10.1,10,1,0,1,5,3,2,3,3,2,1,2,1,1,1,7,7,8,1,1,1,9,14,3,1,3,NaN,2,3,NaN,,NaN,,NaN,,NaN,NaN,NaN,NaN,1,4,2,1,1,1,1,1,1,1,1,1,1,1,1,1,1,1,1,2,1,1,684687.084,4257073.587,483.664,Cob,6914,1,0,0,19,1
7918,3,2007030003176,1,10,8,4,1,4,1,CV-900,2.8,2,8,1,1,5,2,2,3,3,2,1,1,1,2,2,1,1,8,1,1,1,9,14,1,1,1,NaN,2,NaN,NaN,,NaN,,NaN,,NaN,64,60,NaN,1,4,2,1,1,2,1,1,1,1,1,1,1,1,1,1,1,1,1,2,1,1,685683.106,4224659.66,-6.518,Cob,8028,0,0,1,11,7
7920,3,2007030003180,1,10,3,6,3,1,2,CV-941,4.5,4,5,0,1,5,2,3,4,1,2,1,1,1,1,1,7,7,8,1,1,1,2,14,1,1,1,NaN,2,2,NaN,,NaN,,NaN,,NaN,NaN,NaN,NaN,1,4,1,1,1,1,1,2,2,1,1,1,1,1,1,1,1,1,1,2,2,2,695037.807,4198971.367,36.747,Sec,4094,0,0,0,19,5
7922,3,2007030003181,1,10,5,6,5,1,2,CV-945,9.4,9,4,1,1,5,2,3,3,3,2,1,1,2,1,1,1,1,3,1,1,1,9,14,1,1,3,NaN,2,2,NaN,,NaN,,NaN,,NaN,NaN,NaN,NaN,1,4,2,1,1,1,1,1,2,1,1,1,1,1,1,1,1,1,1,2,1,1,699663.972,4211754.863,-22.351,Cob,5472,0,0,0,17,6
7924,3,2007030003182,1,10,4,3,4,1,2,CV-945,8,8,0,0,1,5,3,2,4,3,2,1,1,1,1,1,1,1,8,1,2,1,9,14,2,1,1,NaN,1,2,NaN,,NaN,,NaN,,NaN,NaN,NaN,NaN,2,4,1,1,1,1,1,1,2,1,1,1,1,1,1,1,1,1,1,2,1,1,693124.747,4210841.553,18.457,Cob,5472,0,0,0,7,7
7926,3,2007030003187,1,10,12,6,5,3,1,CV-920,7.5,7,5,0,1,5,2,3,3,3,2,1,1,1,1,1,7,7,8,3,1,4,4,14,2,1,1,NaN,1,NaN,NaN,,NaN,,NaN,,NaN,61,60,NaN,1,4,1,1,1,1,1,1,1,2,1,1,1,1,2,1,1,1,1,2,1,1,691322.113,4217491.628,-0.827,Cob,3839,0,0,2,17,1
7927,3,2007030003190,1,10,4,6,4,1,1,CV-91,4.6,4,6,0,1,5,3,2,3,3,2,1,1,1,1,1,2,1,8,3,4,5,9,14,3,1,1,NaN,2,NaN,NaN,,NaN,,NaN,,NaN,62,60,NaN,1,4,2,1,2,1,1,1,1,1,1,1,1,1,1,1,1,1,1,2,1,1,685473.583,4218212.15,-12.959,Sec,13040,0,0,1,20,7
7928,3,2007030003195,1,10,7,6,7,3,1,CV-95,25.5,25,5,0,1,5,1,3,3,3,2,1,1,2,1,1,5,2,8,1,3,1,9,14,1,1,1,NaN,2,NaN,NaN,,NaN,,NaN,,NaN,61,60,NaN,1,4,2,1,1,1,1,1,2,1,1,1,1,1,1,1,1,1,1,2,1,1,699883.134,4204452.203,0.71,Cob,24587,0,0,0,20,7
7930,3,2007030003197,1,10,5,2,5,1,2,CV-800,14.8,14,8,0,1,5,3,2,3,3,2,1,2,2,2,2,1,4,3,1,5,1,9,14,1,1,1,NaN,2,2,NaN,,NaN,,NaN,,NaN,NaN,NaN,NaN,1,4,2,1,1,1,1,1,2,1,1,1,1,1,1,1,1,1,1,2,1,1,718798.019,4266615.87,312,Sec,6002,0,1,0,5,6
7932,3,2007030003201,1,10,4,4,4,1,2,CV-95,19.8,19,8,0,1,5,3,2,3,3,2,1,1,1,1,1,2,5,3,3,1,4,9,14,1,1,1,NaN,1,4,NaN,,NaN,,NaN,,NaN,NaN,NaN,NaN,1,4,2,1,1,1,1,1,1,1,1,1,1,1,1,1,1,1,1,2,1,1,694864.848,4205837.175,42.122,Cob,9367,0,0,1,12,7
7934,3,2007030003202,1,9,29,6,6,2,2,CV-940,2.5,2,5,0,1,5,3,2,3,3,2,1,1,1,1,1,5,1,4,1,4,1,9,14,1,1,1,NaN,2,2,NaN,,NaN,,NaN,,NaN,NaN,NaN,NaN,1,4,1,1,1,1,1,1,1,1,1,1,1,1,1,1,1,1,2,2,1,1,695410.486,4208158.149,4.663,Cob,6192,0,0,0,21,6
7935,3,2007030003205,1,10,14,4,7,3,1,CV-700,39.2,39,2,0,1,5,2,3,3,3,2,1,2,1,2,2,7,7,8,6,1,1,9,13,2,1,1,NaN,1,NaN,NaN,,NaN,,12,9,NaN,NaN,NaN,NaN,1,4,1,1,1,1,1,2,1,2,1,1,1,1,1,1,1,1,1,2,1,1,737820.001,4300468.498,397.443,Cob,694,0,0,0,11,1
7936,3,2007030003207,1,10,14,3,7,3,1,CV-715,21.1,21,1,1,1,5,2,3,3,1,2,1,1,1,1,1,7,7,8,6,1,1,9,14,2,1,1,NaN,2,NaN,NaN,,NaN,,12,9,NaN,NaN,NaN,NaN,1,4,1,1,1,1,1,2,1,2,1,1,1,1,1,1,1,1,1,2,2,2,753980.693,4289371.936,502.143,Cob,3457,0,0,1,9,1
7937,3,2007030003213,1,10,14,4,7,3,1,CV-70,27,27,0,0,1,5,2,3,3,2,2,1,2,1,1,1,7,7,8,1,1,1,9,14,2,1,1,NaN,1,NaN,NaN,,NaN,,NaN,,66,NaN,60,NaN,1,4,1,1,1,1,1,2,1,1,1,1,1,1,1,1,1,1,1,2,1,2,740564.433,4285723.288,600.175,Sec,744,0,0,0,12,1
7940,3,2007030003215,1,10,11,4,4,2,2,CV-920,11.5,11,5,0,1,5,3,2,3,3,2,1,1,1,1,1,7,7,5,3,1,5,4,14,3,1,3,NaN,2,4,NaN,,NaN,,NaN,,NaN,NaN,NaN,NaN,1,4,1,1,1,1,1,1,2,1,1,1,1,1,2,1,1,1,1,2,1,1,695150.047,4217735.797,-5.657,Cob,2908,0,0,0,11,1
7942,3,2007030003216,1,10,10,6,3,1,2,CV-715,17.6,17,6,1,1,5,2,3,3,3,2,1,1,1,1,1,2,1,5,1,2,1,9,14,1,1,1,NaN,2,NaN,30,29,NaN,,NaN,,NaN,NaN,NaN,NaN,1,4,2,1,1,1,1,1,1,1,1,1,1,1,1,1,1,1,1,2,1,1,751594.161,4288367.596,500.023,Cob,3457,0,0,0,20,6
7943,3,2007030003217,1,10,5,6,5,1,1,CV-865,11.6,11,6,1,1,5,2,2,3,3,2,2,1,1,1,2,7,7,8,1,1,1,9,14,1,1,1,NaN,2,NaN,NaN,,NaN,,NaN,,58,NaN,50,NaN,1,4,1,1,1,1,2,1,1,1,1,1,1,1,1,1,1,1,1,2,1,1,703807.966,4237389.11,40.382,Sec,17758,0,0,2,18,1
7947,3,2007030003224,1,10,18,3,4,1,4,CV-83,15.5,15,5,1,1,5,3,2,3,3,2,1,2,2,2,1,7,7,5,3,5,4,9,14,1,1,3,NaN,2,1,NaN,,NaN,,NaN,,NaN,NaN,NaN,NaN,1,4,2,1,1,1,1,1,2,1,1,1,1,1,1,1,1,1,1,2,1,1,680560.075,4255478.892,480.916,Cob,5881,1,1,0,7,1
7949,3,2007030003225,1,10,13,1,6,2,2,CV-915,5.4,5,4,0,1,5,2,2,3,2,2,1,1,1,1,1,7,7,8,1,3,1,9,14,1,1,1,NaN,2,3,NaN,,NaN,,NaN,,NaN,NaN,NaN,NaN,1,4,2,1,2,1,1,1,2,1,1,1,1,1,1,1,1,1,1,2,1,2,676328.624,4213994.268,3.876,Sec,9567,0,0,0,23,1
7951,3,2007030003230,1,10,18,5,4,2,2,CV-935,5.3,5,3,0,1,5,2,3,3,1,2,1,1,2,1,1,7,7,8,3,1,4,4,14,2,1,3,NaN,1,4,NaN,,NaN,,NaN,,NaN,NaN,NaN,NaN,1,4,2,1,1,1,1,1,1,1,1,1,1,1,1,1,1,1,1,2,1,1,694449.336,4215950.54,63.803,Sec,2479,0,0,2,16,1
7953,3,2007030003232,1,10,14,6,7,3,2,CV-900,5.2,5,2,0,1,5,3,2,3,2,2,1,1,1,1,1,5,1,8,1,1,1,9,14,1,1,1,NaN,2,3,NaN,,NaN,,NaN,,NaN,NaN,NaN,NaN,1,4,1,1,2,1,1,1,2,1,1,1,1,1,1,1,1,1,1,2,1,1,685539.953,4221117.214,-5.516,Cob,8028,0,0,0,18,7
7955,3,2007030003236,1,9,19,4,3,1,2,CV-840,18.8,18,8,0,1,5,2,2,3,2,2,1,2,2,1,1,7,7,8,3,1,5,9,14,3,1,3,NaN,2,2,NaN,,NaN,,NaN,,NaN,NaN,NaN,NaN,1,4,1,1,1,1,1,2,1,1,1,1,1,1,1,1,1,1,1,2,1,2,677261.152,4246162.368,597.912,Sec,3345,0,1,0,12,2
7959,3,2007030003246,1,10,12,6,5,3,3,CV-95,9.1,9,1,0,1,5,3,2,3,3,2,1,1,1,1,1,7,7,8,3,1,5,4,14,3,1,1,NaN,2,5,NaN,,NaN,,NaN,,NaN,NaN,NaN,NaN,1,4,2,1,1,1,1,1,1,1,1,1,1,1,1,1,1,1,1,2,1,1,687653.03,4213057.826,38.623,Cob,11670,0,0,1,17,1
7960,3,2007030003248,1,10,16,1,2,1,1,CV-905,4.9,4,9,0,1,5,3,2,3,3,2,2,2,2,2,2,5,3,4,1,3,1,9,14,2,1,1,NaN,2,NaN,NaN,,NaN,,NaN,,66,NaN,60,NaN,1,4,1,1,1,1,1,2,1,1,1,1,1,1,1,1,1,1,1,2,1,1,700561.381,4212153.74,-16.403,Cob,30384,0,0,1,23,6
7964,3,2007030003258,1,10,22,5,1,4,2,CV-830,1.5,1,5,0,1,5,3,2,3,1,2,1,1,1,1,1,7,7,5,1,1,1,9,14,3,1,1,NaN,2,1,NaN,,NaN,,NaN,,NaN,NaN,NaN,NaN,1,4,2,1,1,1,1,1,2,1,1,1,1,1,1,1,1,1,1,2,1,1,683278.129,4258073.376,509.995,Cob,1020,1,3,0,16,1
7966,3,2007030003259,1,10,22,5,1,1,2,CV-700,64.9,64,9,1,1,5,3,2,3,3,2,1,1,2,1,1,1,1,8,1,1,1,3,14,2,1,1,NaN,1,2,NaN,,NaN,,NaN,,NaN,NaN,NaN,NaN,1,4,1,1,1,1,1,2,1,1,1,1,1,1,1,1,1,1,1,2,1,1,712191.999,4294741.87,550.282,Cob,6528,0,0,0,16,7
7967,3,2007030003264,1,10,16,6,2,2,1,CV-95,15.1,15,1,0,1,5,3,2,4,3,2,1,2,1,1,2,7,7,8,3,5,4,9,14,1,1,3,NaN,2,NaN,NaN,,NaN,,NaN,,67,NaN,60,NaN,1,4,1,1,1,1,1,2,1,1,1,1,1,1,1,1,1,1,1,2,1,1,691800.99,4209105.848,50.489,Pri,10151,0,0,0,22,2
7968,3,2007030003265,1,10,23,5,2,1,1,CV-949,7.2,7,2,1,1,5,2,3,3,3,2,1,1,1,1,1,7,7,8,1,1,1,9,14,1,1,3,NaN,2,NaN,NaN,,NaN,,NaN,,68,NaN,60,NaN,1,4,2,1,1,1,1,1,1,1,1,1,1,1,1,1,1,1,1,2,1,1,685207.325,4209560.402,87.153,Cob,740,1,0,0,15,4
7970,3,2007030003267,1,10,23,4,2,1,2,CV-945,0.4,0,4,1,1,5,2,3,3,3,2,1,2,2,1,2,1,1,8,1,1,1,9,14,1,1,1,NaN,1,2,NaN,,NaN,,NaN,,NaN,NaN,NaN,NaN,1,4,2,1,1,1,1,1,2,1,1,1,1,1,1,1,1,1,1,2,1,1,690947.189,4210547.806,46.082,Sec,12415,0,1,0,12,7
7971,3,2007030003268,1,10,6,1,6,2,1,CV-900,2.8,2,8,1,1,5,2,2,3,1,2,1,1,1,1,1,5,3,4,1,3,1,9,14,1,1,1,NaN,2,NaN,NaN,,NaN,,NaN,,NaN,61,60,NaN,1,4,2,1,1,1,1,2,2,1,1,1,1,1,1,1,1,1,1,2,1,1,685683.106,4224659.66,-6.518,Cob,8028,0,0,0,1,7
7974,3,2007030003278,1,10,23,4,2,1,1,CV-799,5,5,0,1,1,5,3,2,3,4,2,1,1,1,2,1,7,7,8,1,1,1,9,14,3,1,1,NaN,1,NaN,NaN,,NaN,,NaN,,NaN,61,60,NaN,1,4,2,1,1,1,1,1,1,1,1,1,1,1,1,1,1,1,1,2,1,1,695485.464,4278063.422,714.889,Pri,4563,0,1,0,11,1
7976,3,2007030003282,1,10,24,4,3,1,2,CV-920,6.3,6,3,1,1,5,3,2,3,3,2,1,1,1,1,1,5,6,4,3,1,4,9,14,1,1,1,NaN,2,3,NaN,,NaN,,NaN,,NaN,NaN,NaN,NaN,1,4,1,1,1,1,1,1,2,1,1,1,1,1,1,1,1,1,1,2,1,1,699612.856,4219335.832,-20.52,Cob,3839,0,1,0,14,6
7978,3,2007030003286,1,10,11,4,4,1,2,CV-773,7,7,0,1,1,5,2,2,3,1,2,1,1,2,2,2,7,7,8,3,1,1,9,14,2,1,1,NaN,1,1,NaN,,NaN,,NaN,,NaN,NaN,NaN,NaN,1,4,1,2,1,1,1,1,1,1,1,1,1,1,2,1,1,1,1,2,2,1,724902.361,4262384.979,258.877,Cob,4339,0,0,0,11,4
7979,3,2007030003287,1,10,8,3,1,1,1,CV-84,2.8,2,8,1,1,5,3,1,3,2,2,1,1,2,2,2,5,3,8,1,1,1,9,14,3,1,1,NaN,2,NaN,NaN,,NaN,,12,9,NaN,NaN,NaN,NaN,1,4,2,1,1,1,1,2,1,1,1,1,1,1,1,1,1,1,1,2,1,1,695960.188,4244269.405,260.518,Sec,20142,0,0,0,9,6
7983,3,2007030003303,1,10,25,4,4,1,2,CV-820,6.7,6,7,0,1,5,3,2,3,3,2,1,1,1,1,1,1,1,3,3,1,1,9,14,1,1,3,NaN,2,2,NaN,,NaN,,NaN,,NaN,NaN,NaN,NaN,1,4,1,1,1,1,1,1,2,1,1,1,1,1,1,1,1,1,1,2,1,1,707744.485,4255861.878,230.122,Cob,7904,0,0,1,13,7
7985,3,2007030003304,1,10,23,6,2,1,2,CV-775,2.4,2,4,0,1,5,2,2,3,3,2,1,2,2,1,2,7,7,8,1,1,1,2,14,3,1,3,NaN,2,NaN,NaN,,NaN,,NaN,,NaN,63,60,NaN,1,4,2,1,2,1,1,1,1,1,1,1,1,1,1,1,1,1,1,2,1,1,727918.763,4260037.397,56.322,Cob,2210,0,0,0,19,2
7989,3,2007030003308,1,10,14,4,7,3,2,CV-800,34,34,0,1,1,5,3,2,3,1,2,1,1,1,2,1,7,7,8,1,1,1,9,14,3,1,1,NaN,2,4,NaN,,NaN,,NaN,,NaN,NaN,NaN,NaN,1,4,1,1,1,1,1,1,2,1,1,1,1,1,1,1,1,1,1,2,1,1,723462.086,4256864.336,57.959,Cob,2777,0,0,0,11,1
7991,3,2007030003311,1,10,15,4,1,4,2,CV-940,10,10,0,0,1,5,2,3,3,1,2,1,1,1,1,1,7,7,4,7,1,1,9,14,1,1,3,NaN,1,4,NaN,,NaN,,NaN,,NaN,NaN,NaN,NaN,2,4,2,1,1,1,1,1,1,1,1,1,1,1,1,1,1,1,1,2,1,3,697839.623,4214972.111,2.17,Cob,1986,0,0,0,14,2
7993,3,2007030003312,1,10,9,6,2,3,2,CV-81,42.2,42,2,0,1,5,3,2,3,3,2,1,2,1,2,2,7,7,8,1,1,1,9,14,1,1,3,NaN,2,2,NaN,,NaN,,NaN,,NaN,NaN,NaN,NaN,1,4,2,1,1,1,1,1,1,1,1,1,1,1,1,1,1,1,1,2,1,1,685044.034,4280166.714,474.37,Cob,5714,0,0,0,18,2
7995,3,2007030003319,1,10,26,4,5,1,2,CV-821,4.6,4,6,0,1,5,3,2,3,3,2,2,1,1,2,2,7,7,8,1,1,1,9,14,1,2,1,NaN,2,4,NaN,,NaN,,NaN,,NaN,NaN,NaN,NaN,1,4,2,1,1,1,1,1,1,1,1,1,1,1,1,1,1,1,1,2,1,2,720188.654,4253392.708,50.236,Sec,30587,0,0,2,11,1
7998,3,2007030003322,1,10,26,6,5,1,2,CV-95,4.8,4,8,1,1,5,2,3,3,1,2,1,1,1,1,1,2,1,2,1,3,1,9,8,1,1,1,NaN,2,2,NaN,,NaN,,NaN,,NaN,NaN,NaN,NaN,1,4,1,1,1,1,1,1,2,1,1,1,1,1,1,1,1,1,1,2,1,1,697609.915,4205409.224,9.11,Cob,14091,0,0,1,19,7
8004,3,2007030003325,1,10,13,1,6,1,1,CV-800,18.5,18,5,1,1,5,3,2,4,3,2,1,2,1,1,1,7,7,7,3,4,9,2,14,1,1,1,NaN,2,NaN,NaN,,NaN,,NaN,,NaN,63,60,NaN,1,4,2,1,1,1,1,2,1,1,1,1,1,1,2,1,1,1,1,2,1,1,718326.686,4269360.505,421.35,Cob,2777,0,0,0,4,5
8007,3,2007030003328,1,10,28,3,7,3,1,CV-905,0.1,0,1,0,1,5,2,2,4,3,2,2,2,2,2,2,7,7,8,1,1,1,9,14,3,1,1,NaN,1,NaN,NaN,,NaN,,NaN,,NaN,51,50,NaN,1,4,1,1,2,1,1,2,1,1,1,1,1,1,1,1,1,1,1,2,1,1,698138.164,4215091.657,-0.836,Pri,26822,0,0,3,8,2
8008,3,2007030003341,1,10,18,1,4,1,1,CV-86,7.2,7,2,1,1,5,3,3,3,4,2,2,2,2,2,2,7,7,8,3,4,4,9,14,3,1,1,NaN,2,NaN,NaN,,NaN,,NaN,,NaN,62,60,NaN,1,4,2,1,2,1,1,1,1,1,1,1,1,1,1,1,1,1,1,2,1,1,710940.91,4242249.155,63.714,Sec,11011,0,0,0,1,1
8010,3,2007030003355,1,10,30,4,2,1,2,CV-905,6.5,6,5,1,1,5,2,2,2,3,2,2,1,1,2,2,7,7,8,1,1,1,9,14,2,1,3,NaN,1,4,NaN,,NaN,,NaN,,NaN,NaN,NaN,NaN,2,4,1,1,1,1,1,1,2,1,1,1,1,1,1,1,1,1,1,2,1,1,700530.868,4212259.195,-15.784,Cob,30384,0,0,1,13,1
8011,3,2007030003357,1,10,18,4,4,1,1,CV-905,5,5,0,1,1,5,3,3,3,2,2,2,1,2,2,2,5,6,8,3,1,5,4,14,1,1,1,NaN,2,NaN,NaN,,NaN,,NaN,,NaN,63,60,NaN,1,4,2,1,1,1,1,1,1,1,1,1,1,1,1,1,1,1,1,2,1,1,701342.458,4211044.175,-9.224,Cob,30384,0,0,1,12,6
8012,3,2007030003360,1,10,20,4,6,1,1,CV-700,30.5,30,5,1,1,5,2,2,3,3,2,1,2,2,2,2,7,7,8,3,1,1,9,14,1,1,1,NaN,2,NaN,NaN,,NaN,,NaN,,NaN,NaN,NaN,71,1,4,1,1,1,1,1,2,1,1,1,1,1,1,1,1,1,1,1,2,1,1,737005.458,4299676.258,444.03,Cob,694,0,0,0,11,5
8013,3,2007030003362,1,10,21,3,7,3,1,CV-800,12.8,12,8,1,1,5,3,2,3,1,2,1,1,2,2,2,7,7,8,1,4,1,9,14,2,1,1,NaN,1,NaN,NaN,,NaN,,NaN,,66,NaN,60,NaN,1,4,2,1,1,1,1,1,1,1,1,1,1,1,1,1,1,1,1,2,2,2,717526.666,4272783.764,678.667,Sec,6002,0,0,0,7,1
8015,3,2007030003371,1,10,31,6,3,2,2,CV-895,0,0,0,1,1,5,2,2,3,3,2,1,2,2,1,1,5,6,4,1,1,1,9,14,1,1,3,NaN,2,4,NaN,,NaN,,NaN,,NaN,NaN,NaN,NaN,1,4,2,1,2,1,1,1,1,1,1,1,1,1,1,1,1,1,1,3,3,2,705713.253,4215334.273,14.113,Cob,9017,0,0,0,17,6
8016,3,2007030003372,1,11,1,3,4,3,1,CV-70,47.8,47,8,0,1,5,3,2,3,2,2,2,1,1,1,2,5,1,4,1,1,1,9,14,1,2,3,NaN,2,NaN,NaN,,NaN,,NaN,,66,NaN,60,NaN,1,4,1,1,1,1,1,2,2,1,1,1,1,1,1,1,1,1,1,2,1,1,749985.66,4273324.834,145.778,Per,32000,0,0,1,9,7
8017,3,2007030003379,1,11,1,4,4,3,1,CV-70,25.1,25,1,0,1,5,2,3,3,2,2,1,2,2,1,1,7,7,5,1,1,1,9,14,1,1,3,NaN,2,NaN,NaN,,NaN,,NaN,,NaN,63,60,NaN,1,4,2,1,1,1,1,1,1,1,1,1,1,1,1,1,1,1,1,2,1,1,739154.777,4285954.751,662.093,Sec,744,0,0,1,12,2
8018,3,2007030003381,1,10,31,5,3,2,1,CV-941,5.9,5,9,1,1,5,2,2,3,3,2,1,2,1,1,1,7,7,5,1,1,1,9,14,1,1,1,NaN,2,NaN,NaN,,NaN,,NaN,,NaN,61,60,NaN,1,4,2,1,2,1,1,1,1,1,1,1,1,1,1,1,1,1,1,2,1,1,694272.292,4200746.599,64.334,Sec,4094,0,0,0,16,1
8019,3,2007030003390,1,10,30,2,2,1,1,CV-800,11,11,0,1,1,5,3,2,3,3,2,1,1,1,2,2,7,7,8,1,4,1,9,14,3,1,1,NaN,2,NaN,NaN,,NaN,,NaN,,66,NaN,60,NaN,1,4,2,1,1,1,1,1,1,1,1,1,1,1,1,1,1,1,1,2,1,2,717179.263,4272884.018,751.22,Sec,6002,0,0,0,6,1