Id,Ano,Numero_Accidente,Provincia,Mes,Dia,Hora,Dia_Semana,Tipo_Dia,Vehiculos_Implicados,Carretera,Pk,Km,Hm,Sentido,Zona,Tipo_Via,Anchura_Calzada,Anchura_Carril,Marcas_Viales,Arcen,Arcen_Pavimentado,Mediana,Barrera_Seguridad,Paneles_Direccionales,Hitos_Arista,Captafaros,Interseccion_Tipo,Interseccion_Acondicionamiento,Prioridad_Regulada_por,Superficie,Luminosidad,Factores_Atmosfericos,Visibilidad_Restringida_por,Otras_Circunstancias,Senalizacion_Peligro,Aceras,Arboles,Arboles_Metros_Calzada,Visibilidad_Senalizacion_Vertical,Colision_Vehiculos_Marcha,Colision_Vehiculo_Obstaculo_1,Colision_Vehiculo_Obstaculo_2,Atropello_1,Atropello_2,Vuelco_1,Vuelco_2,Salida_Sin_Colision,Salida_Con_Colision,Lado_Salida,Otro,Circulacion,Circulacion_Medidas_Especiales,Distraccion,Inexperiencia_Conductor,Alcohol_Drogas,Cansancio_Sueno,Enfermedad,Velocidad_Inadecuada,Infraccion_Norma_Circulacion,Estado_Condicion_Via,Estado_Condicion_Senalizacion,Tramo_Obras,Mal_Estado_Vehiculo,Averia_Mecanica,Meteorologia_Adversa,Irrupcion_Animal,Circular_Sentido_Contrario,Otro_Factor,Sin_Opinion_Definida,Pendiente,Curvatura,Peralte,GPS_x,GPS_y,GPS_z,Tipo_Est,IMD,N_Muertos,N_Graves,N_Leves,Hora_Real,Fuera_o_Interseccion
8021,3,2007030003393,1,10,26,4,5,1,1,CV-83,2.2,2,2,1,1,5,2,1,4,3,2,1,1,2,2,2,4,1,8,1,1,1,9,14,1,1,1,NaN,2,NaN,NaN,,NaN,,NaN,,56,NaN,50,NaN,1,4,1,1,1,1,1,2,1,1,1,1,1,1,1,1,1,1,1,2,1,1,669003.146,4252583.513,560.268,Cob,14054,0,0,1,14,6
8022,3,2007030003395,1,10,23,6,2,1,1,CV-900,8.5,8,5,0,1,5,2,2,4,3,2,1,2,1,1,2,5,1,4,1,1,1,9,14,1,1,1,NaN,2,NaN,NaN,,NaN,,NaN,,NaN,53,50,NaN,1,4,2,1,1,1,1,1,1,1,1,1,1,1,1,1,1,1,1,2,2,1,687236.96,4222248.528,-18.776,Sec,10621,0,1,0,18,7
8023,3,2007030003396,1,10,31,1,3,1,1,CV-80,2.8,2,8,0,1,2,3,2,3,4,2,1,2,1,1,1,7,7,8,1,4,1,9,14,2,1,1,NaN,1,NaN,NaN,,21,24,NaN,,NaN,NaN,NaN,NaN,1,4,1,1,1,1,1,1,1,1,1,1,1,1,1,1,1,1,1,2,1,1,691709.735,4270555.059,514.73,Sec,8476,0,0,0,0,1
8025,3,2007030003401,1,11,3,4,6,2,2,CV-775,30,30,0,1,1,5,2,3,3,2,2,1,2,2,1,1,7,7,8,1,1,1,2,14,1,1,1,NaN,2,1,NaN,,NaN,,NaN,,NaN,NaN,NaN,NaN,1,4,1,1,1,1,1,1,2,1,1,1,1,1,1,1,1,1,1,2,1,1,727764.835,4259012.181,30.599,Cob,978,0,0,1,12,2
8026,3,2007030003404,1,11,4,2,7,3,1,CV-70,45.7,45,7,0,1,5,3,1,3,3,2,2,1,1,1,1,5,1,4,1,3,1,9,14,1,1,1,NaN,2,NaN,NaN,,NaN,,NaN,,NaN,64,60,NaN,1,4,1,1,1,1,1,2,1,1,1,1,1,1,1,1,1,1,1,2,2,1,750467.22,4275228.996,163.385,Per,32000,0,0,0,5,6
8028,3,2007030003406,1,11,4,6,7,3,2,CV-773,1.7,1,7,0,1,5,2,3,3,3,2,1,2,2,1,1,7,7,5,1,1,1,9,14,1,1,1,NaN,2,3,NaN,,NaN,,NaN,,NaN,NaN,NaN,NaN,1,4,2,1,1,1,1,1,2,1,1,1,1,1,1,1,1,1,1,2,1,1,722876.916,4258070.972,81.863,Cob,4339,0,0,1,17,4
8029,3,2007030003413,1,10,21,6,7,3,1,CV-724,4.4,4,4,1,1,5,2,2,3,2,2,1,1,1,1,1,7,7,8,1,5,1,9,14,1,1,1,NaN,2,NaN,NaN,,NaN,,NaN,,NaN,62,60,NaN,1,4,2,1,2,1,1,1,2,1,1,1,1,1,1,1,1,1,1,2,1,1,764666.605,4301696.902,3.924,Sec,6467,0,0,0,22,4
8030,3,2007030003427,1,11,7,3,3,1,1,CV-70,45.6,45,6,0,1,5,2,3,3,2,2,2,1,1,1,1,7,7,8,1,1,1,9,13,3,1,1,NaN,2,NaN,NaN,,NaN,,12,9,NaN,NaN,NaN,NaN,1,4,1,1,1,1,1,1,1,1,1,1,1,1,1,1,1,2,1,2,1,1,750476.088,4275407.911,168.972,Per,32000,0,0,1,9,1
8032,3,2007030003428,1,11,6,6,2,1,2,CV-900,7.2,7,2,1,1,5,2,3,3,3,2,1,1,1,1,1,7,7,8,1,3,1,1,14,3,2,3,NaN,2,NaN,NaN,,NaN,,NaN,,NaN,54,50,NaN,1,4,2,1,1,1,1,1,1,1,1,1,1,1,1,1,1,1,1,2,1,1,686962.854,4220899.749,-12.545,Sec,10621,0,0,0,20,2
8033,3,2007030003432,1,11,3,1,6,2,1,CV-830,10.6,10,6,0,1,5,2,2,3,1,2,1,1,2,2,1,7,7,8,1,5,1,9,14,3,1,1,NaN,1,NaN,NaN,,NaN,,NaN,,NaN,63,60,NaN,1,4,1,1,2,1,1,2,1,1,1,1,1,1,1,1,1,1,1,2,1,1,682914.792,4265910.009,458.02,Pri,3141,0,1,0,3,2
8035,3,2007030003444,1,11,8,5,4,2,2,CV-734,5.3,5,3,0,1,5,3,3,4,3,2,1,1,1,1,1,1,1,8,1,1,1,9,14,2,1,3,NaN,3,4,NaN,,NaN,,NaN,,NaN,NaN,NaN,NaN,3,4,2,1,1,1,1,1,2,1,1,1,1,1,1,1,1,1,1,2,1,1,771990.92,4296693.81,19.284,Sec,12492,0,0,1,15,6
8037,3,2007030003445,1,10,31,6,3,2,2,CV-905,7,7,0,0,1,5,3,2,3,4,2,2,1,1,2,2,7,7,5,1,5,1,9,14,3,1,1,NaN,1,3,NaN,,NaN,,NaN,,NaN,NaN,NaN,NaN,1,4,2,1,1,1,1,1,1,1,1,1,1,1,1,1,1,1,1,2,1,1,701855.225,4210579.953,-15.982,Cob,30384,0,0,0,21,1
8039,3,2007030003446,1,11,8,3,4,1,2,CV-915,5.3,5,3,0,1,5,3,1,3,3,2,1,1,1,1,1,5,6,8,1,1,1,9,14,1,2,3,NaN,2,2,NaN,,NaN,,NaN,,NaN,NaN,NaN,NaN,1,4,1,1,1,1,1,1,2,1,1,1,1,1,1,1,1,1,1,2,1,1,676357.503,4214071.091,3.813,Sec,9567,0,0,0,8,7
8041,3,2007030003459,1,11,5,4,1,4,2,CV-905,1,1,0,1,1,5,3,2,3,3,2,2,2,1,1,1,7,7,8,1,1,1,9,14,3,1,1,NaN,2,3,NaN,,NaN,,NaN,,NaN,NaN,NaN,NaN,1,4,2,1,1,1,1,1,2,1,1,1,1,1,1,1,1,1,1,2,3,1,703065.797,4207654.617,-15.445,Pri,26822,0,0,0,12,2
8043,3,2007030003464,1,11,4,5,7,3,2,CV-940,8.6,8,6,0,1,5,2,3,3,3,2,1,1,1,1,1,7,7,8,1,1,1,9,14,3,1,1,NaN,2,1,NaN,,NaN,,NaN,,NaN,NaN,NaN,NaN,1,4,2,1,1,1,1,1,2,1,1,1,1,1,1,1,1,1,1,2,1,1,697396.139,4213696.549,26.877,Cob,5829,0,1,1,16,2
8045,3,2007030003471,1,11,5,3,1,4,2,CV-800,1,1,0,0,1,5,3,2,3,3,2,1,1,2,2,2,1,1,8,1,1,1,9,14,3,1,3,NaN,1,2,NaN,,NaN,,NaN,,NaN,NaN,NaN,NaN,1,4,1,1,1,1,1,1,2,1,1,1,1,1,1,1,1,1,1,2,1,2,724971.824,4255643.006,32.441,Cob,20572,0,0,1,8,7
8049,3,2007030003473,1,11,10,6,6,1,3,CV-855,13.6,13,6,1,1,5,2,2,3,2,2,1,1,1,2,1,2,1,3,1,1,1,9,14,3,1,1,NaN,2,2,NaN,,NaN,,NaN,,NaN,NaN,NaN,NaN,1,4,1,1,1,1,1,1,2,1,1,1,1,1,1,1,1,1,1,2,1,1,701696.95,4232710.052,6.696,Cob,4942,0,0,3,18,6
8053,3,2007030003490,1,11,2,3,5,1,2,CV-905,4.8,4,8,1,1,5,3,2,3,3,2,2,1,2,1,1,5,3,4,1,1,1,9,14,1,1,1,NaN,2,2,NaN,,NaN,,NaN,,NaN,NaN,NaN,NaN,1,4,2,1,1,1,1,1,2,1,1,1,1,1,1,1,1,1,1,2,1,1,701474.551,4210907.027,-10.225,Cob,27935,0,0,1,8,6
8055,3,2007030003495,1,11,12,6,1,4,2,CV-905,9,9,0,1,1,5,3,2,3,1,2,2,1,2,1,1,5,3,4,1,3,1,9,14,1,2,1,NaN,2,2,NaN,,NaN,,NaN,,NaN,NaN,NaN,NaN,1,4,1,1,1,1,1,1,2,1,1,1,1,1,1,1,1,1,1,2,1,1,699609.635,4214637.097,17.208,Cob,30384,0,0,1,20,6
8059,3,2007030003497,1,11,13,3,2,1,2,CV-70,49,49,0,0,1,5,2,2,3,3,2,2,1,2,2,2,5,1,4,1,1,1,9,14,1,1,1,NaN,1,2,NaN,,NaN,,NaN,,NaN,NaN,NaN,NaN,1,4,2,1,1,1,1,1,2,1,1,1,1,1,1,1,1,1,1,2,1,1,749851.52,4272284.053,101.778,Per,32000,0,0,1,7,6
8060,3,2007030003529,1,11,3,6,6,2,1,CV-840,10,10,0,0,1,5,3,3,3,1,2,1,1,2,2,2,5,6,5,1,1,1,9,14,1,1,1,NaN,2,NaN,NaN,,NaN,,12,9,NaN,NaN,NaN,NaN,1,4,1,1,1,1,1,2,1,2,1,1,1,1,1,1,1,1,1,2,1,1,685144.739,4248471.81,361.911,Cob,4751,0,0,0,17,6
8061,3,2007030003533,1,11,4,3,7,3,1,CV-790,1.9,1,9,1,1,5,3,2,3,1,2,1,1,1,1,1,7,7,8,1,1,1,9,14,2,1,1,NaN,1,NaN,NaN,,NaN,,NaN,,66,NaN,60,NaN,1,4,2,1,1,1,1,1,1,1,1,1,1,1,1,1,1,1,1,2,1,1,724001.883,4290572.367,414.492,Cob,1969,0,0,0,9,1
8062,3,2007030003543,1,11,15,3,4,1,1,CV-70,47.1,47,1,0,1,5,2,3,3,2,2,2,1,1,1,1,7,7,5,1,2,1,9,14,2,2,1,NaN,1,NaN,NaN,,21,24,NaN,,NaN,NaN,NaN,NaN,1,4,1,1,1,1,1,1,1,1,1,1,1,1,1,2,1,1,1,2,1,1,750170.608,4274053.169,154.19,Per,32000,0,0,1,7,1
8064,3,2007030003565,1,11,9,3,5,1,2,CV-821,9.1,9,1,0,1,3,3,2,3,4,2,2,2,2,2,2,7,7,8,1,1,1,9,14,3,1,1,NaN,2,4,NaN,,NaN,,NaN,,NaN,NaN,NaN,NaN,1,4,2,1,1,1,1,2,1,1,1,1,1,1,1,1,1,1,1,2,1,1,723641.99,4252377.536,4.367,NaN,0,0,0,0,8,1
8066,3,2007030003570,1,11,9,5,5,1,2,CV-905,9.5,9,5,1,1,5,3,2,3,2,2,2,1,1,1,1,7,7,8,1,1,1,9,14,3,2,1,NaN,2,4,NaN,,NaN,,NaN,,NaN,NaN,NaN,NaN,2,4,2,1,1,1,1,1,2,1,1,1,1,1,1,1,1,1,1,2,1,1,699463.486,4215015.562,23.56,Cob,30384,0,0,0,16,1
8068,3,2007030003579,1,11,15,6,4,1,2,CV-855,16.3,16,3,0,1,5,2,2,4,1,2,1,1,1,1,1,5,6,2,1,2,1,9,14,2,1,1,NaN,1,4,NaN,,NaN,,NaN,,NaN,NaN,NaN,NaN,1,4,2,1,1,1,1,1,1,1,1,1,1,1,1,1,1,1,1,2,1,1,696447.37,4223783.851,-18.467,Cob,4942,0,0,3,17,6
8069,3,2007030003584,1,11,17,4,6,2,1,CV-900,6.9,6,9,0,1,5,3,2,3,3,2,1,2,1,1,1,7,7,5,1,1,1,9,14,3,1,1,NaN,1,NaN,NaN,,NaN,,NaN,,NaN,54,50,NaN,1,4,1,1,1,1,2,1,1,1,1,1,1,1,1,1,1,1,1,2,1,1,686887.825,4220755.726,-8.479,Sec,10621,0,0,1,12,2
8070,3,2007030003585,1,11,17,2,6,2,1,CV-91,4,4,0,1,1,5,3,2,3,3,2,1,1,1,1,1,7,7,5,1,3,1,9,14,1,2,1,NaN,2,NaN,NaN,,NaN,,NaN,,NaN,64,60,NaN,1,4,2,1,2,1,1,1,2,1,1,1,1,1,1,1,1,1,1,2,1,2,701369.361,4218918.651,-24.299,Sec,13040,0,0,0,5,1
8072,3,2007030003593,1,11,18,6,7,3,2,CV-865,7.4,7,4,0,1,5,3,2,3,3,2,1,1,1,2,2,2,5,3,1,1,1,9,14,1,1,1,NaN,2,2,NaN,,NaN,,NaN,,NaN,NaN,NaN,NaN,1,4,2,1,1,1,1,1,2,1,1,1,1,1,1,1,1,1,1,2,1,1,709308.898,4233804.494,-10.397,Cob,15503,0,0,2,17,6
8074,3,2007030003616,1,11,20,3,2,1,2,CV-755,15.3,15,3,0,1,5,2,2,3,3,2,1,1,1,1,1,7,7,5,2,1,1,2,14,3,1,1,NaN,2,2,NaN,,NaN,,NaN,,NaN,NaN,NaN,NaN,1,4,1,1,1,1,1,2,1,1,1,1,1,1,1,1,1,1,1,2,1,1,752581.602,4280415.221,111.893,Cob,3481,0,0,2,8,4
8075,3,2007030003626,1,11,17,3,6,2,1,CV-895,4.3,4,3,0,1,5,3,2,3,3,2,1,1,1,1,1,5,3,4,1,1,1,9,14,1,1,1,NaN,2,NaN,NaN,,NaN,,NaN,,66,NaN,60,NaN,1,4,1,2,1,1,1,2,2,1,1,1,1,1,1,1,1,1,1,2,1,1,703219.441,4215495.11,3.798,Cob,9017,0,1,0,8,7
8077,3,2007030003632,1,11,13,3,2,1,2,CV-80,6.5,6,5,0,1,2,2,2,3,4,2,2,2,2,2,2,7,7,8,1,2,1,9,14,3,1,1,NaN,1,4,NaN,,NaN,,NaN,,NaN,NaN,NaN,NaN,1,4,1,1,1,2,1,1,1,1,1,1,1,1,1,1,1,1,1,2,1,1,694180.213,4273199.134,633.602,Sec,8476,0,1,1,7,1
8078,3,2007030003637,1,11,17,6,6,2,1,CV-840,25.3,25,3,0,1,5,2,2,3,3,2,1,1,2,1,1,7,7,8,1,5,1,9,14,1,1,1,NaN,1,NaN,NaN,,NaN,,NaN,,66,NaN,60,NaN,1,4,2,1,2,1,1,2,1,1,1,1,1,1,1,1,1,1,1,2,1,1,672320.088,4247538.877,503.606,Sec,3345,0,0,0,21,5
8081,3,2007030003640,1,11,14,3,3,1,3,CV-815,1.5,1,5,0,1,5,2,2,3,3,2,1,1,1,2,2,7,7,8,1,1,1,9,14,2,1,1,NaN,1,5,NaN,,NaN,,NaN,,NaN,NaN,NaN,NaN,3,4,2,1,1,1,1,1,1,1,1,1,1,1,1,1,1,1,1,2,1,1,703049.812,4276662.532,629.924,Cob,7351,0,0,0,8,1
8083,3,2007030003653,1,11,16,6,5,1,2,CV-840,18.8,18,8,0,1,5,3,1,3,3,2,1,1,1,1,1,7,7,5,1,2,1,9,14,1,1,1,NaN,1,2,NaN,,NaN,,NaN,,NaN,NaN,NaN,NaN,1,4,1,1,1,1,1,1,2,1,1,1,1,1,1,1,1,1,1,2,1,1,677348.945,4246209.267,599.923,Sec,3345,0,0,0,17,4
8084,3,2007030003654,1,11,19,3,1,4,1,CV-700,18.1,18,1,0,1,5,2,2,1,1,2,1,1,1,1,1,7,7,8,4,1,1,9,14,3,1,1,NaN,2,NaN,NaN,,NaN,,NaN,,57,NaN,50,NaN,1,4,1,1,1,1,1,1,1,2,1,1,1,1,2,1,1,1,1,2,1,1,724275.251,4295958.815,350.562,Cob,3276,0,0,0,7,2
8085,3,2007030003673,1,11,22,6,4,1,1,CV-912,6.2,6,2,1,1,5,2,2,3,1,2,1,1,1,1,1,7,7,5,3,3,5,4,14,1,1,2,1,2,NaN,NaN,,21,21,NaN,,NaN,NaN,NaN,NaN,1,4,2,1,1,1,1,1,2,1,1,1,1,1,1,1,1,1,1,2,1,1,689096.592,4220357.242,-16.821,Cob,3150,0,1,0,19,1
8086,3,2007030003676,1,11,24,1,6,1,1,CV-821,7,7,0,0,1,5,2,2,3,3,2,2,1,1,1,1,5,5,4,3,3,1,9,14,1,2,1,NaN,2,NaN,NaN,,NaN,,NaN,,NaN,61,60,NaN,1,4,2,1,2,1,1,2,1,1,1,1,1,1,1,1,1,1,1,2,1,1,722046.478,4253767.462,27.231,Cob,14837,0,0,0,1,6
8088,3,2007030003680,1,11,24,6,6,2,2,CV-91,4.9,4,9,0,1,5,2,3,3,4,2,1,1,1,1,1,7,7,8,1,2,4,9,14,1,2,3,NaN,2,2,NaN,,NaN,,NaN,,NaN,NaN,NaN,NaN,1,4,2,1,1,1,1,1,1,1,1,1,1,1,1,1,1,1,1,2,1,1,685769.385,4218238.969,-13.255,Sec,13040,0,0,1,17,1
8089,3,2007030003681,1,11,24,6,6,2,1,CV-724,6.8,6,8,0,1,5,3,2,3,3,2,1,1,1,1,1,7,7,8,3,5,1,9,14,2,1,1,NaN,1,NaN,NaN,,NaN,,NaN,,66,NaN,60,NaN,1,4,1,1,1,1,1,2,2,1,1,1,1,1,1,1,1,1,1,2,1,1,765766.208,4303976.862,-14.527,Cob,3964,0,0,2,19,2
8090,3,2007030003687,1,11,25,3,7,3,1,CV-905,1.1,1,1,1,1,5,3,2,3,1,2,2,1,2,1,1,5,1,4,3,1,4,9,14,1,1,1,NaN,2,NaN,NaN,,NaN,,NaN,,NaN,51,50,NaN,1,4,1,1,2,1,1,2,2,1,1,1,1,1,1,1,1,1,1,2,2,1,703036.114,4207728.116,-15.831,Pri,26822,0,0,1,9,6
8096,3,2007030003690,1,11,16,5,5,1,2,CV-840,1.5,1,5,0,1,5,2,3,3,3,2,1,1,2,2,1,1,1,3,1,1,1,9,14,3,1,1,NaN,1,4,NaN,,NaN,,NaN,,NaN,NaN,NaN,NaN,1,4,2,1,1,1,1,1,1,1,1,1,1,1,1,1,1,1,1,2,1,1,693081.39,4250158.995,246.247,Cob,4751,0,0,5,16,6
8099,3,2007030003691,1,11,20,3,2,1,1,CV-940,4.5,4,5,1,1,5,3,2,3,3,2,1,1,2,1,1,5,6,4,1,1,1,9,14,1,1,1,NaN,2,NaN,NaN,,NaN,,NaN,,68,NaN,60,NaN,1,4,2,1,1,1,1,1,1,1,1,1,1,1,1,1,1,1,1,2,1,1,697194.85,4213280.848,29.153,Cob,8870,0,0,0,8,6
8100,3,2007030003695,1,11,21,6,3,1,1,CV-845,7.5,7,5,0,1,5,2,3,3,3,2,1,1,1,1,1,7,7,8,1,5,1,9,14,3,1,1,NaN,2,NaN,NaN,,NaN,,NaN,,NaN,64,60,NaN,1,4,2,1,1,1,1,1,1,1,1,1,1,1,1,1,1,1,1,2,1,1,687557.227,4242485.906,344.664,Cob,4139,0,0,0,22,1
8101,3,2007030003698,1,11,26,6,1,4,1,CV-84,0,0,0,0,1,5,3,2,3,3,2,2,2,2,2,2,5,1,4,7,5,1,2,14,2,1,1,NaN,2,NaN,NaN,,NaN,,12,9,NaN,NaN,NaN,NaN,1,4,1,1,1,1,1,1,1,2,1,1,1,1,1,1,1,2,1,2,2,2,698967.69,4240521.084,137.921,Sec,20142,0,0,1,19,6
8105,3,2007030003706,1,11,17,4,6,2,2,CV-905,3.9,3,9,0,1,5,3,2,3,3,2,2,2,2,2,2,5,2,4,1,1,1,9,14,1,1,1,NaN,2,2,NaN,,NaN,,NaN,,NaN,NaN,NaN,NaN,1,4,1,1,1,1,1,1,2,1,1,1,1,1,1,1,1,1,1,2,1,1,700205.597,4213072.338,-18.23,Cob,27935,0,0,0,14,6
8107,3,2007030003722,1,11,27,3,2,1,2,CV-855,16.1,16,1,0,1,5,2,2,3,3,2,1,1,1,1,1,1,1,8,1,1,1,9,14,3,1,1,NaN,1,1,NaN,,NaN,,NaN,,NaN,NaN,NaN,NaN,1,4,2,1,1,1,1,1,2,1,1,1,1,1,1,1,1,1,1,2,1,1,696543.533,4223807.616,-18.4,Cob,4942,0,1,0,10,7
8109,3,2007030003737,1,11,25,1,7,3,2,CV-905,5.5,5,5,0,1,5,3,2,3,4,2,2,2,2,2,2,7,7,8,1,3,1,9,14,3,1,1,NaN,1,4,NaN,,NaN,,NaN,,NaN,NaN,NaN,NaN,1,4,2,1,2,1,1,1,1,1,1,1,1,1,1,1,1,1,1,2,1,1,700864.803,4211660.641,-8.977,Cob,30384,0,0,0,0,1
8111,3,2007030003738,1,11,4,4,7,3,1,CV-91,14.8,14,8,1,1,5,3,2,3,3,2,1,1,2,2,1,5,6,4,1,1,1,9,14,1,1,1,NaN,1,NaN,NaN,,NaN,,NaN,,NaN,53,50,NaN,1,4,1,1,2,1,1,2,1,1,1,1,1,1,1,1,1,1,1,2,1,1,691306.273,4218003.897,-18.561,Pri,14034,0,0,1,11,6
8114,3,2007030003739,1,11,27,6,2,1,3,CV-91,8.3,8,3,0,1,5,3,2,3,3,2,1,1,1,1,1,5,3,4,1,4,1,9,14,1,1,1,NaN,2,5,NaN,,NaN,,NaN,,NaN,NaN,NaN,NaN,2,4,2,1,1,1,1,2,2,1,1,1,1,1,1,1,1,1,1,2,1,1,689055.283,4218135.901,-13.379,Sec,13040,0,0,0,20,6
8115,3,2007030003750,1,11,27,5,2,1,1,CV-821,7.3,7,3,0,1,5,3,1,3,2,2,1,2,1,2,1,3,3,6,1,1,1,9,14,1,1,2,8,2,NaN,NaN,,21,21,NaN,,NaN,NaN,NaN,NaN,1,4,2,2,1,1,1,1,2,1,1,1,1,1,1,1,1,1,1,2,1,1,722253.027,4253557.591,26.361,Cob,14837,0,1,0,15,6
8117,3,2007030003757,1,11,29,4,4,1,2,CV-905,7.7,7,7,1,1,5,3,2,3,3,2,2,1,2,1,1,7,7,8,1,1,1,9,14,1,1,1,NaN,2,4,NaN,,NaN,,NaN,,NaN,NaN,NaN,NaN,1,4,2,1,2,1,1,1,1,1,1,1,1,1,1,1,1,1,1,2,1,1,700104.616,4213358.917,-9.631,Cob,30384,0,0,0,13,1
8119,3,2007030003758,1,11,26,3,1,4,2,CV-80,2.2,2,2,0,1,2,3,2,3,4,2,2,2,1,2,2,7,7,8,1,2,1,9,14,3,1,1,NaN,2,4,NaN,,NaN,,NaN,,NaN,NaN,NaN,NaN,1,4,2,1,1,2,1,1,1,1,1,1,1,1,1,1,1,1,1,2,1,1,691318.568,4270107.707,500.104,Sec,8476,0,0,2,7,1
8121,3,2007030003776,1,11,25,6,7,3,2,CV-70,16.5,16,5,0,1,5,2,2,3,1,2,1,1,2,1,1,7,7,8,1,3,1,9,14,1,1,1,NaN,2,2,NaN,,NaN,,NaN,,NaN,NaN,NaN,NaN,1,4,2,1,2,1,1,2,2,1,1,1,1,1,1,1,1,1,1,2,1,1,734091.064,4286321.516,810.461,Sec,744,0,0,3,20,5
8122,3,2007030003778,1,11,18,6,7,3,1,CV-81,39.7,39,7,1,1,5,3,2,3,3,2,2,2,2,2,2,5,3,4,1,3,1,9,14,1,1,1,NaN,2,NaN,NaN,,NaN,,NaN,,NaN,63,60,NaN,1,4,1,1,2,1,1,1,1,1,1,1,1,1,1,1,1,1,1,2,1,1,705680.81,4291777.191,641.808,Cob,6790,0,1,0,21,6
8124,3,2007030003790,1,12,1,4,6,2,2,CV-70,37,37,0,1,1,5,2,3,3,3,2,1,2,2,1,1,7,7,8,1,1,1,9,14,1,1,1,NaN,2,1,NaN,,NaN,,NaN,,NaN,NaN,NaN,NaN,1,4,1,1,1,1,1,2,1,1,1,1,1,1,1,1,1,1,1,2,2,2,731889.455,4285753.968,698.488,Cob,1917,0,0,1,11,5
8127,3,2007030003793,1,11,25,1,7,3,1,CV-825,4,4,0,0,1,5,2,2,3,3,2,1,1,1,2,2,7,7,8,1,4,1,9,14,3,1,1,NaN,1,NaN,NaN,,NaN,,NaN,,NaN,63,60,NaN,1,4,1,1,1,1,1,2,1,1,1,1,1,1,1,1,1,1,1,2,1,1,697884.72,4249601.384,186.004,Sec,4747,0,1,2,1,5
8129,3,2007030003798,1,11,30,3,5,1,2,CV-895,6.6,6,6,0,1,5,3,2,3,3,2,1,1,1,2,2,1,1,3,1,1,1,9,14,1,1,1,NaN,2,2,NaN,,NaN,,NaN,,NaN,NaN,NaN,NaN,1,4,1,1,1,1,1,1,2,1,1,1,1,1,1,1,1,1,1,2,1,1,705480.076,4215520.951,14.77,NaN,0,0,0,0,7,6
8133,3,2007030003799,1,11,30,3,5,1,2,CV-900,2.2,2,2,0,1,5,3,2,3,3,2,1,1,1,2,2,7,7,8,1,1,1,9,14,3,1,1,NaN,1,4,NaN,,NaN,,NaN,,NaN,NaN,NaN,NaN,2,4,2,1,1,1,1,1,1,1,1,1,1,1,1,1,1,1,1,2,1,1,682935.656,4219941.886,-1.622,Cob,10636,0,0,0,9,1
8135,3,2007030003805,1,11,27,4,2,1,2,CV-905,7,7,0,0,1,5,2,3,3,3,2,1,1,1,1,1,2,1,3,1,1,1,9,14,2,1,1,NaN,3,2,NaN,,NaN,,NaN,,NaN,NaN,NaN,NaN,1,4,1,1,1,1,1,1,2,1,1,1,1,1,1,1,1,1,1,2,1,1,701855.225,4210579.953,-15.982,Cob,30384,0,1,0,14,6
8138,3,2007030003810,1,11,29,4,4,1,3,CV-905,5.5,5,5,1,1,5,3,2,3,3,2,2,1,2,2,2,7,7,5,1,1,1,9,14,3,1,3,NaN,2,4,NaN,,NaN,,NaN,,NaN,NaN,NaN,NaN,1,4,2,1,1,1,1,1,2,1,1,1,1,1,1,1,1,1,1,2,1,1,701029.811,4211425.036,-7.194,Cob,30384,0,0,1,12,1
8139,3,2007030003823,1,11,25,4,7,3,1,CV-845,3.3,3,3,0,1,5,2,2,3,3,2,1,1,1,1,1,7,7,8,1,1,1,9,14,3,1,1,NaN,2,NaN,NaN,,NaN,,NaN,,67,NaN,60,NaN,1,4,1,1,1,1,2,1,1,1,1,1,1,1,1,1,1,1,1,2,1,1,691384.42,4243633.584,273.032,Sec,6220,0,0,0,14,1
8140,3,2007030003824,1,11,24,4,6,2,1,CV-790,6.6,6,6,0,1,5,2,2,3,3,2,1,1,1,1,1,7,7,8,3,1,9,9,14,1,1,1,NaN,2,NaN,NaN,,NaN,,NaN,,57,NaN,50,NaN,1,4,1,1,1,1,1,2,1,1,1,1,2,1,1,1,1,1,1,2,1,1,723538.432,4291118.469,394.443,NaN,0,0,0,0,12,2
8141,3,2007030003825,1,11,24,6,6,2,1,CV-805,6,6,0,0,1,5,2,2,3,3,2,1,1,1,1,1,7,7,8,1,4,1,9,14,3,1,1,NaN,1,NaN,NaN,,21,24,NaN,,NaN,NaN,NaN,NaN,1,4,1,1,1,1,1,1,1,1,1,1,1,1,1,2,1,1,1,2,1,1,708461.588,4272672.432,564.314,Cob,1990,0,0,0,21,1
8143,3,2007030003827,1,12,4,5,2,1,2,CV-70,47.2,47,2,1,1,5,3,2,3,4,2,1,1,1,1,1,7,7,4,1,1,1,9,14,1,2,1,NaN,2,4,NaN,,NaN,,NaN,,NaN,NaN,NaN,NaN,1,4,2,1,2,1,1,1,1,1,1,1,1,1,1,1,1,1,1,2,2,3,723361.084,4286470.836,728.934,Per,32000,0,0,0,16,1
8144,3,2007030003831,1,12,2,4,7,3,1,CV-950,3.3,3,3,0,1,5,2,3,3,3,2,1,2,2,1,2,7,7,8,1,1,1,9,14,1,1,3,NaN,3,NaN,NaN,,NaN,,12,9,NaN,NaN,NaN,NaN,1,4,1,1,1,1,1,2,2,1,1,1,1,1,1,1,1,1,1,2,1,1,687746.881,4211657.527,84.271,Cob,482,0,0,1,11,5