Id,Ano,Numero_Accidente,Provincia,Mes,Dia,Hora,Dia_Semana,Tipo_Dia,Vehiculos_Implicados,Carretera,Pk,Km,Hm,Sentido,Zona,Tipo_Via,Anchura_Calzada,Anchura_Carril,Marcas_Viales,Arcen,Arcen_Pavimentado,Mediana,Barrera_Seguridad,Paneles_Direccionales,Hitos_Arista,Captafaros,Interseccion_Tipo,Interseccion_Acondicionamiento,Prioridad_Regulada_por,Superficie,Luminosidad,Factores_Atmosfericos,Visibilidad_Restringida_por,Otras_Circunstancias,Senalizacion_Peligro,Aceras,Arboles,Arboles_Metros_Calzada,Visibilidad_Senalizacion_Vertical,Colision_Vehiculos_Marcha,Colision_Vehiculo_Obstaculo_1,Colision_Vehiculo_Obstaculo_2,Atropello_1,Atropello_2,Vuelco_1,Vuelco_2,Salida_Sin_Colision,Salida_Con_Colision,Lado_Salida,Otro,Circulacion,Circulacion_Medidas_Especiales,Distraccion,Inexperiencia_Conductor,Alcohol_Drogas,Cansancio_Sueno,Enfermedad,Velocidad_Inadecuada,Infraccion_Norma_Circulacion,Estado_Condicion_Via,Estado_Condicion_Senalizacion,Tramo_Obras,Mal_Estado_Vehiculo,Averia_Mecanica,Meteorologia_Adversa,Irrupcion_Animal,Circular_Sentido_Contrario,Otro_Factor,Sin_Opinion_Definida,Pendiente,Curvatura,Peralte,GPS_x,GPS_y,GPS_z,Tipo_Est,IMD,N_Muertos,N_Graves,N_Leves,Hora_Real,Fuera_o_Interseccion
8146,3,2007030003849,1,12,1,4,6,2,2,CV-905,9,9,0,1,1,5,3,2,3,3,2,1,1,1,1,1,5,6,8,1,1,1,9,14,3,1,1,NaN,2,2,NaN,,NaN,,NaN,,NaN,NaN,NaN,NaN,2,4,1,1,1,1,1,1,2,1,1,1,1,1,1,1,1,1,1,2,1,1,699643.91,4214548.928,15.344,Cob,30384,0,0,2,13,6
8147,3,2007030003855,1,11,27,3,2,1,1,CV-855,2.5,2,5,0,1,5,3,2,3,4,2,2,2,2,2,2,7,7,8,1,5,1,9,14,3,1,1,NaN,2,NaN,NaN,,NaN,,NaN,,NaN,63,60,NaN,1,4,2,1,1,2,1,1,1,1,1,1,1,1,1,1,1,1,1,2,1,1,701441.185,4234143.633,18.239,Pri,7022,0,1,0,7,2
8150,3,2007030003859,1,12,6,4,4,3,2,CV-734,6,6,0,1,1,5,2,3,3,2,2,1,2,2,1,1,7,7,8,1,1,1,2,14,1,1,1,NaN,2,1,NaN,,NaN,,NaN,,NaN,NaN,NaN,NaN,1,4,2,1,1,1,1,2,1,1,1,1,1,1,1,1,1,1,1,2,1,1,768330.936,4297523.12,50.114,Sec,12492,0,1,2,14,5
8152,3,2007030003862,1,11,30,5,5,1,2,CV-83,9.1,9,1,0,1,5,3,3,3,3,2,1,1,1,1,1,7,7,5,1,1,1,9,14,3,1,1,NaN,2,4,NaN,,NaN,,NaN,,NaN,NaN,NaN,NaN,1,4,2,1,1,1,1,1,1,1,1,1,1,1,1,1,1,1,1,2,1,1,685662.427,4257017.456,467.849,Cob,6914,0,0,0,16,1
8153,3,2007030003870,1,12,8,5,6,2,1,CV-95,16.6,16,6,0,1,5,3,2,3,3,2,1,2,2,2,1,7,7,8,1,1,1,9,14,3,1,1,NaN,1,NaN,NaN,,NaN,,NaN,,NaN,64,60,NaN,1,4,2,1,2,1,1,1,1,1,1,1,1,1,1,1,1,1,1,2,1,1,692713.001,4207954.802,42.504,Pri,10151,0,0,1,16,1
8155,3,2007030003878,1,12,9,6,7,3,2,CV-855,16,16,0,0,1,5,2,3,3,2,2,1,2,1,2,1,7,7,8,1,4,1,9,14,3,1,1,NaN,2,3,NaN,,NaN,,NaN,,NaN,NaN,NaN,NaN,1,4,2,1,2,1,1,1,1,1,1,1,1,1,1,1,1,1,1,2,1,1,696735.846,4223854.501,-18.819,Cob,4942,0,0,0,20,1
8157,3,2007030003889,1,12,10,3,1,4,2,CV-95,5,5,0,0,1,5,3,2,2,3,2,1,1,1,1,1,1,1,2,1,1,1,9,14,2,1,2,4,2,2,NaN,,NaN,,NaN,,NaN,NaN,NaN,NaN,1,4,1,1,1,1,1,1,2,1,1,1,1,1,1,1,1,1,1,2,1,1,684726.385,4215265.891,12.675,Cob,14091,0,0,0,10,7
8158,3,2007030003909,1,12,11,6,2,1,1,CV-773,2.6,2,6,0,1,5,2,3,3,2,2,1,1,1,1,1,7,7,8,1,1,1,9,14,2,1,1,NaN,2,NaN,NaN,,NaN,,NaN,,55,NaN,50,NaN,1,4,1,1,1,1,1,2,1,1,1,1,1,1,1,1,1,1,1,2,1,1,722825.301,4258918.44,100.51,Cob,4339,0,0,1,17,2
8159,3,2007030003910,1,12,12,6,3,1,1,CV-70,46.2,46,2,0,1,5,3,2,3,2,2,2,1,1,1,2,7,7,5,1,3,1,9,14,1,1,1,NaN,2,NaN,NaN,,NaN,,NaN,,NaN,64,60,NaN,1,4,2,1,1,1,1,1,1,1,1,1,1,1,1,1,1,1,1,2,1,2,750354.467,4274754.873,164.724,Per,32000,0,0,1,19,2
8161,3,2007030003913,1,12,12,5,3,1,2,CV-900,7.9,7,9,0,1,5,3,2,3,3,2,2,1,2,2,2,5,1,8,1,1,1,9,14,1,1,3,NaN,2,3,NaN,,NaN,,NaN,,NaN,NaN,NaN,NaN,1,4,1,1,1,1,1,1,2,1,1,1,1,1,1,1,1,1,1,2,1,1,687261.533,4221654.645,-16.461,Sec,10621,0,0,0,16,6
8162,3,2007030003916,1,12,11,4,2,1,1,CV-84,2.9,2,9,1,1,5,3,2,3,3,2,2,1,2,2,2,5,3,3,1,1,1,9,14,1,1,1,NaN,2,NaN,NaN,,NaN,,NaN,,57,NaN,50,NaN,1,4,1,1,1,1,1,2,1,1,1,1,1,1,1,1,1,1,1,2,1,1,696035.531,4244204.863,257.999,Sec,20142,0,0,1,14,6
8163,3,2007030003918,1,12,4,2,2,1,1,CV-905,0.6,0,6,1,1,5,3,2,3,3,2,2,2,1,1,1,5,1,4,1,5,1,9,14,1,1,1,NaN,2,NaN,NaN,,NaN,,NaN,,NaN,63,60,NaN,1,4,2,1,1,1,1,1,1,1,1,1,1,1,1,1,1,1,1,2,1,1,703168.679,4207278.851,-9.975,Pri,26822,0,0,0,5,6
8164,3,2007030003920,1,12,8,2,6,2,1,CV-827,5.7,5,7,0,1,5,2,2,3,2,2,1,1,2,1,1,7,7,8,1,1,1,9,14,1,1,1,NaN,2,NaN,NaN,,NaN,,NaN,,NaN,63,60,NaN,1,4,1,1,1,1,1,1,1,1,1,1,1,2,1,1,1,1,1,2,2,2,705673.775,4261580.463,500.853,Cob,433,0,1,0,5,5
8166,3,2007030003921,1,12,13,4,4,1,2,CV-70,23.8,23,8,0,1,5,3,2,3,3,2,1,2,2,1,1,7,7,8,4,1,1,2,14,1,1,1,NaN,2,1,NaN,,NaN,,NaN,,NaN,NaN,NaN,NaN,1,4,1,1,1,1,1,2,2,1,1,1,1,1,1,1,1,1,1,2,1,1,738322.998,4285402.414,705.093,Sec,744,0,0,0,12,5
8168,3,2007030003930,1,12,14,6,5,1,2,CV-840,22.8,22,8,1,1,5,2,2,3,1,2,1,1,1,2,1,7,7,8,1,5,1,9,14,3,1,1,NaN,2,4,NaN,,NaN,,NaN,,NaN,NaN,NaN,NaN,1,4,2,1,1,1,1,1,1,1,1,1,1,1,1,1,1,1,1,2,1,1,690131.374,4249320.099,323.636,Sec,3345,0,0,1,17,1
8171,3,2007030003931,1,12,15,6,6,2,2,CV-870,0.3,0,3,1,1,5,2,2,3,3,2,1,2,2,1,1,1,2,3,1,5,1,9,14,1,1,3,NaN,1,2,NaN,,NaN,,NaN,,NaN,NaN,NaN,NaN,1,4,1,1,1,1,1,1,2,1,1,1,1,1,1,1,1,1,1,2,1,1,675768.139,4228860.458,113.617,Cob,16399,0,0,4,20,6
8172,3,2007030003932,1,12,16,3,7,3,1,CV-905,2.5,2,5,1,1,5,3,2,3,3,2,2,2,2,2,1,5,5,4,1,1,1,9,14,1,1,3,NaN,2,NaN,NaN,,NaN,,NaN,,NaN,63,60,NaN,1,4,2,1,2,1,1,1,1,1,1,1,1,1,1,1,1,1,1,2,1,1,702654.927,4209047.6,-18.787,Pri,26822,0,0,0,9,7
8173,3,2007030003934,1,12,15,1,6,2,1,CV-724,7.5,7,5,0,1,5,3,2,3,3,2,1,1,1,1,1,1,1,3,1,5,1,9,14,1,1,1,NaN,2,NaN,NaN,,NaN,,NaN,,NaN,62,60,NaN,1,4,2,1,2,1,1,2,2,1,1,1,1,1,1,1,1,1,1,2,1,1,765651.044,4304670.422,-12.674,NaN,0,0,0,0,1,6
8175,3,2007030003936,1,12,15,5,6,3,2,CV-725,3.3,3,3,0,1,5,2,3,3,3,2,1,2,1,1,1,7,7,5,3,1,6,4,14,3,1,3,NaN,2,1,NaN,,NaN,,NaN,,NaN,NaN,NaN,NaN,1,4,1,1,1,1,1,2,1,1,1,1,1,1,1,1,1,1,1,2,1,1,764671.062,4302991.264,3.752,Pri,21767,0,0,3,15,1
8177,3,2007030003939,1,12,15,6,6,2,2,CV-865,2.1,2,1,0,1,5,3,2,3,4,2,1,1,1,2,2,2,5,3,1,1,1,9,14,1,1,1,NaN,2,2,NaN,,NaN,,NaN,,NaN,NaN,NaN,NaN,1,4,2,1,1,1,1,1,2,1,1,1,1,1,1,1,1,1,1,2,1,1,704919.808,4236671.646,36.043,Cob,15503,0,0,1,17,7
8178,3,2007030003945,1,12,17,4,1,1,1,CV-70,45.7,45,7,0,1,5,3,2,3,2,2,2,1,1,2,2,5,1,4,3,1,4,9,14,1,2,3,NaN,2,NaN,NaN,,NaN,,12,9,NaN,NaN,NaN,NaN,1,4,1,1,1,1,1,2,1,1,1,1,1,1,1,1,1,1,1,2,2,1,750461.592,4275312.519,163.864,Per,32000,0,0,1,13,7
8182,3,2007030003946,1,12,18,3,2,1,2,CV-949,4,4,0,1,1,5,2,3,3,3,2,1,1,2,1,1,7,7,8,1,5,1,9,14,2,1,3,NaN,1,4,NaN,,NaN,,NaN,,NaN,NaN,NaN,NaN,1,4,2,1,1,1,1,1,1,1,1,1,1,1,1,1,1,1,1,2,1,1,682744.54,4208671.785,101.85,Cob,740,0,0,2,7,1
8183,3,2007030003948,1,12,18,4,2,1,1,CV-95,20.1,20,1,0,1,5,3,2,3,3,2,1,1,1,1,1,5,6,4,1,1,1,9,14,1,1,1,NaN,2,NaN,NaN,,NaN,,NaN,,NaN,53,50,NaN,1,4,2,1,1,1,1,1,1,1,1,1,1,1,1,1,1,1,1,2,1,1,695068.2,4205646.794,45.645,Cob,9367,0,0,0,12,6
8187,3,2007030003949,1,12,7,6,5,4,2,CV-951,1.6,1,6,1,1,5,2,3,3,1,2,1,1,1,1,1,7,7,8,1,5,1,2,14,1,1,1,NaN,2,1,NaN,,NaN,,NaN,,NaN,NaN,NaN,NaN,1,4,2,1,2,1,1,1,2,1,1,1,1,1,1,1,1,1,1,2,1,1,689488.537,4206428.101,87.444,Cob,2040,0,0,6,18,2
8189,3,2007030003950,1,12,18,6,2,1,2,CV-870,9.4,9,4,0,1,5,3,2,3,3,2,1,1,1,1,1,7,7,8,1,1,1,9,14,1,1,1,NaN,2,4,NaN,,NaN,,NaN,,NaN,NaN,NaN,NaN,1,4,1,1,1,1,1,2,1,1,1,1,1,1,1,1,1,1,1,2,1,1,677834.76,4227982.375,86.114,Cob,5967,0,0,0,18,1
8191,3,2007030003952,1,12,17,4,1,4,2,CV-91,6.5,6,5,0,1,5,3,2,3,3,2,1,2,1,2,2,2,1,8,1,1,1,9,14,1,1,1,NaN,1,3,NaN,,NaN,,NaN,,NaN,NaN,NaN,NaN,1,4,1,1,1,1,1,1,2,1,1,1,1,1,1,1,1,1,1,2,1,1,687329.233,4218127.529,-16.316,Sec,13040,0,0,0,13,6
8193,3,2007030003954,1,12,14,3,5,1,2,CV-905,8.9,8,9,1,1,5,3,2,3,3,2,2,2,2,2,2,7,7,8,1,1,1,9,14,3,1,1,NaN,1,4,NaN,,NaN,,NaN,,NaN,NaN,NaN,NaN,1,4,2,1,1,1,1,1,1,1,1,1,1,1,1,1,1,1,1,2,1,1,699679.393,4214456.872,12.703,Cob,30384,0,0,0,8,1
8195,3,2007030003956,1,12,16,6,7,3,2,CV-905,0,0,0,0,1,5,3,2,3,4,2,2,2,2,2,2,5,3,3,1,5,1,9,14,3,1,1,NaN,1,3,NaN,,NaN,,NaN,,NaN,NaN,NaN,NaN,1,4,1,1,1,1,1,1,2,1,1,1,1,1,1,1,1,1,1,2,2,3,698062.729,4215016.961,1.517,Pri,26822,0,0,0,22,6
8196,3,2007030003957,1,12,14,3,5,1,1,CV-91,5.3,5,3,1,1,5,3,2,3,4,2,1,2,1,2,2,7,7,8,1,3,1,9,14,3,1,1,NaN,1,NaN,NaN,,NaN,,NaN,,NaN,61,60,NaN,1,4,2,1,1,1,1,1,1,1,1,1,1,1,1,1,1,1,1,2,1,1,700226.751,4219133.176,-25.42,Sec,13040,0,0,0,7,1
8199,3,2007030003958,1,12,14,4,5,1,2,CV-940,3.5,3,5,0,1,5,3,2,3,3,2,1,2,1,2,2,7,7,8,1,1,1,9,14,3,1,1,NaN,1,4,NaN,,NaN,,NaN,,NaN,NaN,NaN,NaN,1,4,2,1,1,1,1,1,1,1,1,1,1,1,1,1,1,1,1,2,1,1,695674.696,4209036.658,-0.979,Cob,8870,0,0,0,13,1
8200,3,2007030003963,1,12,15,6,6,2,1,CV-920,0.9,0,9,0,1,5,2,3,3,3,2,1,2,2,1,1,7,7,8,1,4,1,9,14,1,1,3,NaN,2,NaN,NaN,,NaN,,NaN,,NaN,64,60,NaN,1,4,1,1,2,1,1,2,1,1,1,1,1,1,1,1,1,1,1,2,1,1,686362.936,4214796.122,2.707,Pri,7211,0,0,2,22,4
8201,3,2007030003964,1,12,17,1,1,4,1,CV-860,6,6,0,0,1,5,3,2,3,3,2,1,2,1,2,2,7,7,8,1,5,1,9,14,3,1,3,NaN,2,NaN,NaN,,NaN,,NaN,,NaN,51,50,NaN,1,4,2,1,2,1,1,2,1,1,1,1,1,1,1,1,1,1,1,2,1,1,699746.626,4221195.776,-17.129,Cob,4734,0,0,0,1,2
8203,3,2007030003973,1,12,21,5,5,1,2,CV-941,4.3,4,3,1,1,5,2,2,3,2,2,1,1,2,1,1,7,7,8,1,1,1,9,14,1,1,1,NaN,2,3,NaN,,NaN,,NaN,,NaN,NaN,NaN,NaN,1,4,1,1,1,1,1,2,1,1,1,1,1,1,1,1,1,1,1,2,1,2,693976.1,4202286.039,118.589,Sec,4094,0,1,0,15,5
8205,3,2007030003987,1,12,23,3,7,3,2,CV-900,3.5,3,5,0,1,5,2,2,3,3,2,1,2,2,1,1,1,1,3,1,2,1,1,14,1,1,1,NaN,1,2,NaN,,NaN,,NaN,,NaN,NaN,NaN,NaN,1,4,1,1,1,1,1,1,2,1,1,1,1,1,1,1,1,1,1,2,1,1,684073.266,4220419.626,-4.33,Cob,8028,0,0,0,7,7
8206,3,2007030003989,1,12,23,6,7,3,1,CV-940,6.2,6,2,1,1,5,2,3,3,3,2,1,1,1,1,1,7,7,8,1,5,1,2,14,1,1,1,NaN,2,NaN,NaN,,NaN,,NaN,,NaN,63,60,NaN,1,4,2,1,1,1,1,2,2,1,1,1,1,1,1,1,1,1,1,2,1,1,696369.458,4211846.689,18.13,Cob,5829,0,1,0,19,4
8208,3,2007030003990,1,12,13,6,4,1,2,CV-905,1.6,1,6,1,1,5,2,3,3,3,2,2,2,2,2,2,7,7,8,1,5,1,2,14,1,1,1,NaN,2,2,NaN,,NaN,,NaN,,NaN,NaN,NaN,NaN,1,4,2,1,1,1,1,1,2,1,1,1,1,1,1,1,1,1,1,2,1,1,702903.715,4208200.895,-17.722,Pri,26822,0,1,1,21,3
8209,3,2007030004000,1,12,8,3,6,2,1,CV-800,20.1,20,1,0,1,5,3,3,3,3,2,1,2,1,1,1,7,7,8,1,1,1,9,14,1,1,1,NaN,2,NaN,NaN,,NaN,,NaN,,NaN,61,60,NaN,1,4,1,1,1,1,1,2,1,1,1,1,1,1,1,1,1,1,1,2,1,1,717388.418,4270432.492,492.453,Cob,2777,0,0,0,10,5
8210,3,2007030004001,1,12,8,4,6,2,1,CV-700,2,2,0,1,1,5,3,2,3,3,2,1,1,1,1,1,7,7,8,1,1,1,9,14,1,1,1,NaN,2,NaN,NaN,,NaN,,NaN,,NaN,52,50,NaN,1,4,2,1,1,1,1,1,1,1,1,1,1,1,1,1,1,1,1,2,1,1,758691.876,4305012.577,-16.924,Cob,1776,0,0,0,13,1
8211,3,2007030004002,1,12,16,2,7,3,1,CV-95,22.6,22,6,0,1,5,3,2,3,3,2,1,2,2,2,2,7,7,8,3,5,1,2,4,1,1,1,NaN,2,NaN,NaN,,NaN,,NaN,,66,NaN,60,NaN,1,4,2,1,1,1,1,2,1,1,1,1,1,1,1,1,1,1,1,2,1,2,697529.395,4205449.953,13.776,Cob,9367,0,1,0,6,5
8213,3,2007030004006,1,12,5,4,3,1,2,CV-705,4.2,4,2,0,1,5,3,3,3,3,2,1,1,1,1,1,7,7,8,1,1,1,9,14,3,1,1,NaN,2,NaN,30,29,NaN,,NaN,,NaN,NaN,NaN,NaN,1,4,1,1,1,1,1,1,2,1,1,1,1,1,1,1,1,2,1,2,1,2,724893.137,4298272.359,386.286,Cob,2195,0,0,0,13,1
8214,3,2007030004008,1,12,19,3,3,1,1,CV-821,7.6,7,6,0,1,5,3,2,3,4,2,2,1,2,1,1,7,7,8,1,1,1,9,14,3,1,1,NaN,1,NaN,NaN,,NaN,,NaN,,NaN,63,60,NaN,1,4,1,1,1,1,1,2,1,1,1,1,1,1,1,1,1,1,1,2,2,2,722468.528,4253366.305,22.98,Cob,14837,0,1,0,7,2
8216,3,2007030004009,1,12,21,6,5,1,2,CV-920,2.9,2,9,0,1,5,2,2,3,3,2,1,1,1,1,1,7,7,8,1,5,1,9,14,1,1,1,NaN,1,3,NaN,,NaN,,NaN,,NaN,NaN,NaN,NaN,1,4,1,1,2,1,1,1,1,1,1,1,1,1,1,1,1,1,1,2,1,1,688187.51,4215308.75,1.868,Pri,7211,0,0,0,21,2
8218,3,2007030004011,1,12,18,3,2,1,2,CV-905,0.1,0,1,0,1,5,3,2,3,3,2,2,1,1,2,2,5,1,4,1,1,1,9,14,1,1,1,NaN,2,4,NaN,,NaN,,NaN,,NaN,NaN,NaN,NaN,1,4,2,1,1,1,1,1,1,1,1,1,1,1,1,1,1,1,1,2,1,1,698138.164,4215091.657,-0.836,Pri,26822,0,0,1,7,6
8220,3,2007030004017,1,12,10,6,1,4,2,CV-80,15,15,0,0,1,2,3,1,3,4,2,2,2,2,2,2,7,7,8,1,2,1,9,14,3,1,1,NaN,1,4,NaN,,NaN,,NaN,,NaN,NaN,NaN,NaN,1,4,1,1,1,1,2,1,1,1,1,1,1,1,1,1,1,1,1,2,1,1,701913.318,4276070.014,629.947,Sec,9790,0,0,0,18,1
8221,3,2007030004020,1,12,28,1,5,1,1,CV-865,11,11,0,1,1,5,3,2,3,4,2,1,1,1,2,1,7,7,8,1,5,1,9,14,3,1,1,NaN,2,NaN,NaN,,NaN,,NaN,,55,NaN,50,NaN,1,4,2,1,2,1,1,1,1,1,1,1,1,1,1,1,1,1,1,2,1,1,704314.183,4237064.415,36.895,Sec,17758,0,0,0,0,2
8223,3,2007030004022,1,12,27,3,4,1,2,CV-835,4.3,4,3,1,1,5,3,2,3,2,2,1,1,2,1,1,7,7,8,1,1,1,9,14,3,1,1,NaN,1,1,NaN,,NaN,,NaN,,NaN,NaN,NaN,NaN,1,4,1,1,1,1,1,2,1,1,1,1,1,1,1,1,1,1,1,2,1,1,691573.52,4261553.205,381.139,Sec,3860,0,0,1,9,2
8225,3,2007030004026,1,12,12,6,3,1,2,CV-81,26.3,26,3,0,1,5,3,2,3,4,2,1,1,1,1,1,7,7,8,1,5,1,9,14,3,1,1,NaN,2,3,NaN,,NaN,,NaN,,NaN,NaN,NaN,NaN,1,4,2,1,1,1,1,1,2,1,1,1,1,1,1,1,1,2,1,2,1,1,697536.807,4287657.32,592.942,Cob,6609,0,0,0,19,1
8227,3,2007030004027,1,12,13,6,4,1,2,CV-835,4.5,4,5,1,1,5,3,1,3,1,2,1,1,1,1,1,7,7,8,1,1,1,9,14,3,1,1,NaN,2,1,NaN,,NaN,,NaN,,NaN,NaN,NaN,NaN,1,4,1,1,1,2,1,1,1,1,1,1,1,1,1,1,1,1,1,2,2,1,691627.692,4261370.569,364.736,Sec,3860,0,0,0,18,2
8232,3,2007030004029,1,12,20,6,4,1,2,CV-95,4.5,4,5,0,1,5,3,2,3,3,2,2,1,1,2,2,2,6,2,1,1,1,9,14,1,1,1,NaN,2,2,NaN,,NaN,,NaN,,NaN,NaN,NaN,NaN,1,4,1,1,1,1,1,1,1,1,1,1,1,1,1,1,1,1,2,2,1,1,684232.145,4215249.318,12.28,Cob,14091,0,0,6,17,7
8233,3,2007030004036,1,12,29,3,6,2,1,CV-835,8.4,8,4,1,1,5,2,3,3,2,2,1,2,2,2,2,7,7,8,1,1,1,9,14,3,1,1,NaN,1,NaN,NaN,,NaN,,NaN,,NaN,NaN,NaN,71,1,4,1,1,1,1,1,1,2,1,1,1,1,1,1,1,1,1,1,2,1,2,690973.831,4258062.158,312.9,Sec,3860,0,0,0,8,1
8235,3,2007030004045,1,12,6,4,4,1,1,CV-800,20.1,20,1,1,1,5,2,2,3,3,2,1,1,1,2,2,7,7,8,1,1,1,9,14,1,1,1,NaN,2,NaN,NaN,,NaN,,NaN,,56,NaN,50,NaN,1,4,1,1,1,1,1,1,1,1,1,1,1,1,1,1,1,1,2,2,1,2,717650.079,4267954.271,380.664,Cob,2777,0,0,0,12,5
8237,3,2007030004046,1,12,13,6,4,4,2,CV-84,2,2,0,1,1,5,3,1,3,4,2,2,2,2,2,2,7,7,8,1,1,1,9,14,3,1,3,NaN,2,4,NaN,,NaN,,NaN,,NaN,NaN,NaN,NaN,2,4,1,1,1,1,1,1,1,1,1,1,1,1,1,1,1,2,1,2,1,1,695289.149,4244637.529,268.224,Sec,20142,0,0,0,19,1
8240,3,2007030004048,1,12,18,6,2,1,3,CV-815,0.7,0,7,0,1,5,3,2,2,1,2,1,2,1,1,1,7,7,8,1,5,1,9,14,3,1,1,NaN,2,4,NaN,,NaN,,NaN,,NaN,NaN,NaN,NaN,1,4,2,1,1,1,1,1,1,1,1,1,1,1,1,1,1,1,1,2,1,1,702837.491,4277422.53,637.775,Cob,7351,0,0,0,19,1
8242,3,2007030004053,1,12,18,6,2,1,2,CV-790,3.5,3,5,0,1,5,3,2,2,2,2,1,1,2,1,1,7,7,8,3,5,3,2,14,1,1,1,NaN,2,2,NaN,,NaN,,NaN,,NaN,NaN,NaN,NaN,1,4,1,1,1,1,1,1,1,1,1,1,1,1,2,1,1,1,1,2,1,1,724956.092,4289067.616,495.754,Cob,1969,0,0,0,20,5
8248,3,2007120000015,2,1,3,6,3,1,2,CV-10,23,23,0,1,1,5,3,2,3,3,2,1,2,1,1,1,5,1,8,1,3,1,9,14,1,1,1,NaN,1,3,NaN,,NaN,,NaN,,NaN,NaN,NaN,NaN,1,4,1,1,1,1,1,1,1,1,1,1,1,1,1,1,1,1,2,2,1,1,766078.693,4471676.73,206.665,Pri,21988,0,0,0,18,6
8249,3,2007120000018,2,1,4,1,4,1,1,CV-18,3.1,3,1,1,1,5,3,1,3,4,2,1,2,1,2,1,5,6,4,1,5,1,9,14,1,1,2,8,2,NaN,30,32,NaN,,NaN,,NaN,NaN,NaN,NaN,1,4,2,1,2,1,1,2,1,1,1,1,1,1,1,1,1,1,1,2,1,1,746792.997,4417993.462,-5.321,Cob,16624,0,0,0,3,6
8251,3,2007120000023,2,1,7,6,7,3,2,CV-20,36.5,36,5,1,1,5,2,3,3,1,2,1,2,2,1,1,7,7,5,1,2,1,2,14,3,1,1,NaN,2,1,NaN,,NaN,,NaN,,NaN,NaN,NaN,NaN,1,4,1,1,1,1,1,1,2,1,1,1,1,1,1,1,1,1,1,2,1,2,724971.479,4435596.716,284.293,Cob,647,0,0,0,18,1
8255,3,2007120000038,2,1,9,6,2,1,2,CV-135,22.1,22,1,1,1,5,2,2,3,1,2,1,1,1,1,1,1,1,3,1,4,1,9,14,1,1,1,NaN,2,2,NaN,,NaN,,NaN,,NaN,NaN,NaN,NaN,1,4,1,1,1,1,1,1,2,1,1,1,1,1,1,1,1,1,1,2,1,2,773020.941,4485886.446,313.559,NaN,0,0,0,1,19,7
8257,3,2007120000059,2,1,10,3,3,1,2,CV-10,10.6,10,6,0,1,2,3,2,3,4,2,2,2,1,2,1,7,7,8,1,1,1,9,14,3,1,1,NaN,1,2,NaN,,NaN,,NaN,,NaN,NaN,NaN,NaN,1,4,1,1,1,1,1,1,2,1,1,1,1,1,1,1,1,1,1,2,1,1,740519.935,4425097.934,74.897,Sec,35935,0,0,1,9,2
8258,3,2007120000063,2,1,13,1,6,2,1,CV-230,17.6,17,6,0,1,5,3,2,3,3,2,1,1,2,1,1,7,7,8,2,5,1,2,14,3,1,1,NaN,2,NaN,NaN,,NaN,,NaN,,56,NaN,50,NaN,1,4,1,1,1,1,1,2,2,1,1,1,1,1,1,1,1,1,1,2,2,2,734513.878,4412441.483,147.408,Sec,2163,0,0,1,23,4
8260,3,2007120000071,2,1,14,6,7,3,2,CV-15,0,0,0,1,1,5,3,2,3,3,2,1,1,1,1,1,1,1,4,1,4,1,9,14,1,1,1,NaN,2,1,NaN,,NaN,,NaN,,NaN,NaN,NaN,NaN,1,4,2,1,1,1,1,1,2,1,1,1,1,1,1,1,1,1,1,2,1,1,727999.691,4482967.652,1112.531,Pri,10340,0,0,0,21,6
8261,3,2007120000088,2,1,17,3,3,1,1,CV-205,1.5,1,5,1,1,5,2,3,3,2,2,1,2,2,1,1,7,7,8,2,1,1,2,14,1,1,1,NaN,2,NaN,NaN,,NaN,,NaN,,NaN,63,60,NaN,1,4,1,1,1,1,1,2,2,1,1,1,1,1,1,1,1,1,1,2,1,1,721335.606,4432597.8,468.184,Cob,717,0,0,1,9,5
8263,3,2007120000089,2,1,18,4,4,1,2,CV-18,6.2,6,2,0,1,5,3,2,3,3,2,1,1,2,1,1,7,7,7,1,1,1,2,14,1,1,1,NaN,2,3,NaN,,NaN,,NaN,,NaN,NaN,NaN,NaN,1,4,1,1,1,1,1,1,2,1,1,1,1,1,1,1,1,1,1,2,1,1,750596.156,4422794.497,3.616,Cob,16624,0,0,1,13,2
8264,3,2007120000093,2,1,18,6,4,1,1,CV-190,1.1,1,1,1,1,5,3,1,4,1,2,2,1,1,1,1,5,1,4,1,3,1,9,14,2,1,1,NaN,2,NaN,NaN,,NaN,,NaN,,NaN,51,50,NaN,1,4,1,1,1,1,2,1,1,1,1,1,1,1,1,1,1,1,1,2,2,2,707411.252,4448914.081,787.377,Cob,4856,0,0,0,22,7
8265,3,2007120000102,2,1,20,1,6,2,1,CV-16,13.1,13,1,1,1,1,3,2,3,3,2,1,1,1,1,1,5,1,8,1,3,1,9,14,1,1,1,NaN,1,NaN,NaN,,NaN,,NaN,,NaN,63,60,NaN,1,4,1,1,2,1,1,1,1,1,1,1,1,1,1,1,1,1,1,2,1,1,748686.079,4431297.932,67.127,Sec,7470,0,0,0,0,6
8271,3,2007120000113,2,1,20,6,6,2,2,CV-222,6,6,0,0,1,1,3,3,3,4,2,1,1,1,1,1,7,7,8,1,2,1,9,14,1,1,1,NaN,2,4,NaN,,NaN,,NaN,,NaN,NaN,NaN,NaN,1,4,2,1,1,1,1,2,1,1,1,1,1,1,1,1,1,1,1,2,1,1,745184.321,4421373.042,29.352,Cob,7420,0,2,2,18,1
8273,3,2007120000114,2,1,21,6,7,3,1,CV-135,20.8,20,8,1,1,5,2,2,3,1,2,1,1,1,1,1,7,7,8,1,4,1,9,14,3,1,1,NaN,1,NaN,NaN,,NaN,,12,9,NaN,NaN,NaN,NaN,1,4,1,1,1,1,1,1,2,1,1,1,1,1,1,1,1,1,1,2,1,1,774159.574,4485560.593,302.621,Pri,3706,0,0,1,21,1