Id,Ano,Numero_Accidente,Provincia,Mes,Dia,Hora,Dia_Semana,Tipo_Dia,Vehiculos_Implicados,Carretera,Pk,Km,Hm,Sentido,Zona,Tipo_Via,Anchura_Calzada,Anchura_Carril,Marcas_Viales,Arcen,Arcen_Pavimentado,Mediana,Barrera_Seguridad,Paneles_Direccionales,Hitos_Arista,Captafaros,Interseccion_Tipo,Interseccion_Acondicionamiento,Prioridad_Regulada_por,Superficie,Luminosidad,Factores_Atmosfericos,Visibilidad_Restringida_por,Otras_Circunstancias,Senalizacion_Peligro,Aceras,Arboles,Arboles_Metros_Calzada,Visibilidad_Senalizacion_Vertical,Colision_Vehiculos_Marcha,Colision_Vehiculo_Obstaculo_1,Colision_Vehiculo_Obstaculo_2,Atropello_1,Atropello_2,Vuelco_1,Vuelco_2,Salida_Sin_Colision,Salida_Con_Colision,Lado_Salida,Otro,Circulacion,Circulacion_Medidas_Especiales,Distraccion,Inexperiencia_Conductor,Alcohol_Drogas,Cansancio_Sueno,Enfermedad,Velocidad_Inadecuada,Infraccion_Norma_Circulacion,Estado_Condicion_Via,Estado_Condicion_Senalizacion,Tramo_Obras,Mal_Estado_Vehiculo,Averia_Mecanica,Meteorologia_Adversa,Irrupcion_Animal,Circular_Sentido_Contrario,Otro_Factor,Sin_Opinion_Definida,Pendiente,Curvatura,Peralte,GPS_x,GPS_y,GPS_z,Tipo_Est,IMD,N_Muertos,N_Graves,N_Leves,Hora_Real,Fuera_o_Interseccion
8275,3,2007120000115,2,1,20,3,6,2,2,CV-16,2.9,2,9,1,1,5,3,2,3,3,2,2,1,1,1,1,5,3,5,1,1,1,9,14,3,1,3,NaN,2,3,NaN,,NaN,,NaN,,NaN,NaN,NaN,NaN,1,4,1,1,1,1,1,1,2,1,1,1,1,1,1,1,1,1,1,2,1,1,741625.711,4437189.499,126.502,Sec,23726,0,0,0,10,6
8276,3,2007120000120,2,1,19,5,5,1,1,CV-18,6,6,0,0,1,5,3,2,3,3,2,1,1,2,2,2,7,7,8,1,1,1,9,14,1,1,1,NaN,2,NaN,NaN,,NaN,,12,9,NaN,NaN,NaN,NaN,1,4,1,1,1,1,1,2,2,1,1,1,1,1,1,1,1,1,1,2,1,1,750656.537,4422873.83,3.928,Cob,16624,0,0,0,16,2
8277,3,2007120000121,2,1,23,4,2,1,1,CV-230,26.1,26,1,1,1,5,2,3,3,3,2,1,1,2,1,1,7,7,8,1,1,1,9,14,1,1,3,NaN,2,NaN,NaN,,NaN,,NaN,,NaN,53,50,NaN,1,4,2,1,1,1,1,1,2,1,1,1,1,1,1,1,1,1,1,2,1,1,721296.134,4411001.736,228.5,Cob,4421,0,0,1,13,5
8280,3,2007120000125,2,1,23,2,2,1,3,CV-15,11.1,11,1,1,1,5,3,2,3,3,2,1,1,1,1,1,7,7,8,1,5,1,9,14,2,1,1,NaN,1,NaN,NaN,,21,24,NaN,,NaN,NaN,NaN,NaN,1,4,1,1,1,1,1,1,2,1,1,1,1,1,1,1,1,1,1,2,1,1,735814.802,4481415.919,1163.945,Cob,6237,0,0,0,6,1
8281,3,2007120000126,2,1,23,6,2,1,1,CV-222,5.4,5,4,0,1,5,2,3,3,4,2,1,1,1,1,1,7,7,8,1,1,1,9,14,1,1,1,NaN,2,NaN,NaN,,NaN,,NaN,,NaN,51,50,NaN,1,4,2,1,1,1,1,2,1,1,1,1,1,1,1,1,1,1,1,2,1,1,744633.947,4421736.958,27.077,Cob,7420,0,0,0,17,2
8283,3,2007120000127,2,1,23,4,2,1,2,CV-15,0.9,0,9,0,1,5,3,2,3,4,2,1,1,1,1,1,7,7,8,1,2,1,9,14,3,1,1,NaN,1,3,NaN,,NaN,,NaN,,NaN,NaN,NaN,NaN,1,4,1,1,1,1,1,1,2,1,1,1,1,1,1,1,1,1,1,2,1,1,755941.511,4444914.616,264.929,Pri,10340,0,0,0,13,1
8284,3,2007120000136,2,1,25,3,4,1,1,CV-10,43.6,43,6,0,1,5,3,2,3,1,2,1,1,2,1,1,5,6,4,1,2,1,9,14,1,1,1,NaN,2,NaN,NaN,,NaN,,NaN,,NaN,NaN,NaN,71,1,4,2,1,1,1,1,1,1,1,1,1,1,1,1,1,1,1,1,2,1,1,759151.79,4450031.589,252.165,NaN,0,0,0,0,7,6
8287,3,2007120000137,2,1,25,3,4,1,3,CV-10,15,15,0,1,1,5,3,2,3,4,2,2,2,1,2,2,7,7,8,1,1,1,9,14,1,1,1,NaN,2,5,NaN,,NaN,,NaN,,NaN,NaN,NaN,NaN,1,4,1,1,1,1,1,1,2,1,1,1,1,1,1,1,1,1,1,2,1,1,769123.381,4478717.487,301.148,Cob,23749,0,0,0,8,2
8288,3,2007120000159,2,1,26,2,5,1,1,CV-195,38,38,0,1,1,5,1,3,3,3,2,1,1,2,2,2,7,7,5,1,4,7,4,13,2,1,1,NaN,3,NaN,NaN,,NaN,,NaN,,65,NaN,60,NaN,1,4,1,1,1,1,1,1,1,2,1,1,1,1,2,1,1,1,1,2,1,2,707753.389,4423454.047,551.685,Cob,283,0,0,0,5,2
8291,3,2007120000162,2,1,30,3,2,1,3,CV-16,3.1,3,1,0,1,5,3,2,3,3,2,2,1,1,1,1,7,7,8,1,5,1,9,14,3,1,1,NaN,1,5,NaN,,NaN,,NaN,,NaN,NaN,NaN,NaN,1,4,2,1,1,1,1,1,1,1,1,1,1,1,1,1,1,1,1,2,1,1,746510.015,4432715.151,94.425,Sec,23726,0,0,0,7,1
8295,3,2007120000163,2,1,29,3,1,1,4,CV-10,5,5,0,0,1,5,3,2,3,4,2,2,2,1,1,2,7,7,8,1,2,1,9,14,3,1,1,NaN,1,5,NaN,,NaN,,NaN,,NaN,NaN,NaN,NaN,1,4,2,1,1,1,1,1,2,1,1,1,1,1,1,1,1,1,1,2,1,2,739726.024,4419654.572,81.89,Sec,34199,0,0,0,7,1
8298,3,2007120000164,2,1,29,3,1,4,3,CV-10,4.9,4,9,0,1,5,3,2,3,4,2,2,2,1,2,2,7,7,8,1,2,1,9,14,3,1,3,NaN,1,5,NaN,,NaN,,NaN,,NaN,NaN,NaN,NaN,3,4,1,1,1,1,1,1,2,1,1,1,1,1,1,1,1,1,1,2,1,2,739744.782,4419557.463,79.23,Cob,30811,0,0,0,7,1
8299,3,2007120000172,2,1,30,6,2,1,1,CV-14,13.3,13,3,0,1,5,2,2,3,1,2,1,1,1,2,2,7,7,8,3,2,4,2,14,2,1,1,NaN,1,NaN,NaN,,NaN,,NaN,,67,NaN,60,NaN,1,4,2,1,1,1,1,1,1,1,1,1,1,1,1,1,1,1,1,2,1,2,737816.832,4507007.723,668.72,Pri,926,0,0,0,17,2
8301,3,2007120000179,2,2,1,3,4,1,2,CV-10,13.5,13,5,0,1,2,3,2,3,4,2,2,2,1,2,1,7,7,8,3,5,1,9,14,3,1,1,NaN,1,4,NaN,,NaN,,NaN,,NaN,NaN,NaN,NaN,1,4,1,1,1,1,1,1,2,1,1,1,1,1,1,1,1,1,1,2,1,2,742302.488,4427104.935,76.685,Sec,35935,0,0,0,7,1
8302,3,2007120000182,2,2,1,6,4,1,1,CV-16,0.7,0,7,0,1,3,3,2,3,4,2,2,1,1,1,1,7,7,8,1,5,1,9,14,3,1,3,NaN,1,NaN,NaN,,NaN,,NaN,,NaN,61,60,NaN,1,4,2,1,1,1,1,1,1,1,1,1,1,1,1,1,1,1,1,2,2,1,748454.023,4431449.422,69.556,Sec,16809,0,0,0,21,1
8303,3,2007120000184,2,2,3,3,6,2,1,CV-230,0.8,0,8,1,1,5,3,2,3,1,2,1,2,2,2,2,7,7,8,3,1,4,2,14,1,1,3,NaN,4,NaN,NaN,,NaN,,NaN,,NaN,54,50,NaN,1,4,1,1,1,1,1,2,2,1,1,1,1,1,1,1,1,1,1,2,1,1,740140.473,4407891.549,7.032,Cob,1054,0,0,0,9,4
8304,3,2007120000186,2,2,3,4,6,2,1,CV-10,40.2,40,2,1,1,5,3,2,3,4,2,1,1,1,1,1,7,7,8,1,1,5,9,14,3,1,2,8,1,NaN,NaN,,NaN,,NaN,,66,NaN,60,NaN,1,4,2,1,1,1,1,1,1,1,1,1,1,1,2,1,1,1,1,2,1,2,759394.319,4456806.992,304.175,NaN,0,0,0,1,13,1
8309,3,2007120000192,2,2,4,1,7,3,2,CV-10,56.3,56,3,0,1,5,3,2,3,3,2,1,1,1,2,2,7,7,8,3,4,2,4,14,3,1,1,NaN,2,4,NaN,,NaN,,NaN,,NaN,NaN,NaN,NaN,1,4,2,1,1,1,1,1,1,1,1,1,1,1,1,1,1,1,1,2,1,1,761874.716,4461805.502,236.286,Cob,5530,0,0,0,1,1
8310,3,2007120000197,2,2,4,6,7,3,1,CV-10,38.6,38,6,1,1,5,3,2,3,3,2,1,2,2,1,1,7,7,8,3,5,4,9,14,3,1,1,NaN,1,NaN,NaN,,21,24,NaN,,NaN,NaN,NaN,NaN,1,4,1,1,1,1,1,1,1,1,1,1,1,1,1,2,1,2,1,2,1,1,760149.301,4458309.101,285.07,Cob,8334,0,0,0,18,2
8311,3,2007120000198,2,2,4,6,7,3,1,CV-15,0,0,0,1,1,5,3,2,3,3,2,1,1,1,1,1,5,1,4,3,5,4,9,14,3,1,1,NaN,1,NaN,NaN,,NaN,,NaN,,NaN,NaN,NaN,71,1,4,2,2,1,1,1,1,1,1,1,1,1,1,1,1,1,1,1,2,1,1,727999.691,4482967.652,1112.531,Pri,10340,0,0,0,20,6
8312,3,2007120000199,2,2,5,4,1,1,1,CV-20,23.3,23,3,1,1,5,3,2,3,1,2,1,1,1,1,1,7,7,8,3,1,1,9,13,2,1,1,NaN,1,NaN,NaN,,NaN,,NaN,,66,NaN,60,NaN,1,4,1,1,1,1,1,1,1,2,1,1,1,1,1,1,1,1,1,2,1,1,716174.932,4437157.209,363.736,Cob,647,0,0,0,11,2
8313,3,2007120000202,2,2,4,2,7,3,1,CV-18,12,12,0,1,1,3,3,2,3,4,2,2,1,2,1,1,5,1,4,3,5,1,9,14,1,1,1,NaN,2,NaN,NaN,,NaN,,NaN,,66,NaN,60,NaN,1,4,1,1,1,1,1,2,1,1,1,1,1,1,1,1,1,1,1,2,1,1,751437.067,4424651.709,13.426,Cob,11846,0,0,1,5,6
8314,3,2007120000213,2,2,5,2,1,1,1,CV-190,5.3,5,3,0,1,5,2,2,3,3,2,1,2,2,1,1,7,7,8,1,4,1,9,14,1,1,1,NaN,2,NaN,NaN,,NaN,,NaN,,NaN,54,50,NaN,1,4,1,1,1,1,1,1,1,2,1,1,1,1,1,1,1,1,1,2,1,1,738347.876,4442271.689,294.848,Cob,4856,0,0,0,6,3
8316,3,2007120000220,2,2,7,5,3,3,2,CV-15,6.2,6,2,1,1,5,3,2,3,3,2,1,1,1,1,1,7,7,8,1,1,1,9,14,1,1,1,NaN,2,4,NaN,,NaN,,NaN,,NaN,NaN,NaN,NaN,1,4,1,1,1,1,1,2,1,1,1,1,1,1,1,1,1,1,1,2,1,1,732290.898,4479532.63,1119.635,Cob,5858,0,0,0,15,1
8320,3,2007120000221,2,2,7,3,3,1,2,CV-20,0.4,0,4,0,1,5,3,2,3,4,2,2,2,1,1,1,1,2,4,1,1,1,9,14,2,1,1,NaN,1,2,NaN,,NaN,,NaN,,NaN,NaN,NaN,NaN,1,4,2,1,1,1,1,1,2,1,1,1,1,1,1,1,1,1,1,2,1,1,745003.734,4425811.991,47.835,Sec,15381,0,0,0,7,6
8321,3,2007120000225,2,2,9,4,5,1,1,CV-20,8.8,8,8,0,1,5,2,2,3,1,2,1,1,1,1,1,5,1,4,1,1,1,9,14,2,1,1,NaN,2,NaN,NaN,,21,21,NaN,,NaN,NaN,NaN,NaN,1,4,1,1,1,1,1,1,2,1,1,1,1,1,1,1,1,2,1,2,1,1,737038.238,4427248.046,131.064,Pri,21516,0,0,1,14,6
8322,3,2007120000233,2,2,11,3,7,3,1,CV-10,71.4,71,4,1,1,5,3,2,3,4,2,1,2,1,2,2,7,7,8,1,1,1,9,14,2,1,3,NaN,1,NaN,NaN,,NaN,,NaN,,56,NaN,50,NaN,1,4,2,1,1,1,1,1,1,1,1,1,1,1,1,1,1,1,1,2,1,1,745982.787,4431322.242,68.874,Pri,3159,1,0,0,8,1
8327,3,2007120000241,2,2,9,3,5,1,2,CV-15,24.3,24,3,0,1,5,3,2,3,3,2,1,1,2,1,1,1,1,8,1,1,1,9,14,1,1,1,NaN,2,4,NaN,,NaN,,NaN,,NaN,NaN,NaN,NaN,1,4,2,1,1,1,1,1,1,1,1,1,1,1,1,1,1,1,1,2,1,1,751152.105,4464088.211,444.234,Per,4774,0,0,0,8,6
8328,3,2007120000248,2,2,11,6,7,3,1,CV-10,68.5,68,5,1,1,5,2,3,3,3,2,1,2,2,2,1,7,7,8,3,5,4,4,14,3,1,1,NaN,2,NaN,NaN,,NaN,,NaN,,NaN,62,60,NaN,1,4,1,1,1,1,1,2,1,1,1,1,1,1,1,1,1,1,1,2,1,1,747529.691,4433295.515,85.986,Pri,3159,0,0,0,19,2
8330,3,2007120000258,2,2,14,6,3,1,2,CV-18,3.1,3,1,1,1,5,3,2,3,3,2,1,1,1,1,1,5,1,4,1,1,1,9,14,1,1,1,NaN,2,3,NaN,,NaN,,NaN,,NaN,NaN,NaN,NaN,1,4,2,1,1,1,1,1,2,1,1,1,1,1,1,1,1,1,1,2,1,1,746792.997,4417993.462,-5.321,Cob,16624,0,0,1,17,6
8331,3,2007120000263,2,2,15,3,4,1,1,CV-10,49,49,0,0,1,5,3,2,3,3,2,1,1,1,1,1,7,7,8,1,1,1,9,14,3,1,1,NaN,1,NaN,NaN,,NaN,,NaN,,NaN,NaN,NaN,71,1,4,2,1,1,1,1,1,1,1,1,1,1,1,1,1,1,2,1,2,1,1,759228.684,4455351.19,281.292,Cob,5530,0,0,0,8,1
8333,3,2007120000264,2,2,15,4,4,1,2,CV-16,8.5,8,5,1,1,5,3,2,3,3,2,1,1,1,2,1,5,1,8,1,1,1,9,14,1,1,1,NaN,2,3,NaN,,NaN,,NaN,,NaN,NaN,NaN,NaN,1,4,1,1,1,1,1,1,2,1,1,1,1,1,1,1,1,1,1,2,1,1,745014.128,4433890.635,140.086,Sec,23726,0,0,0,14,6
8335,3,2007120000270,2,2,18,6,7,3,2,CV-10,22.8,22,8,1,1,5,3,1,3,4,2,2,2,1,2,1,5,6,4,3,1,4,4,14,1,1,3,NaN,2,4,NaN,,NaN,,NaN,,NaN,NaN,NaN,NaN,1,4,2,1,2,1,1,1,1,1,1,1,1,1,1,1,1,1,1,2,1,1,766205.814,4471823.981,212.214,Pri,21988,0,0,2,17,6
8336,3,2007120000271,2,2,18,4,7,3,1,CV-235,11.3,11,3,1,1,5,2,2,3,1,2,1,2,1,1,2,7,7,8,1,1,1,9,14,3,1,1,NaN,1,NaN,NaN,,NaN,,NaN,,NaN,64,60,NaN,1,4,2,1,1,1,1,1,1,1,1,1,1,1,1,1,1,1,1,2,1,1,695753.651,4417219.531,874.676,Cob,1023,0,0,0,13,2
8340,3,2007120000285,2,2,20,4,2,1,1,CV-11,6.3,6,3,1,1,5,2,3,3,3,2,1,2,1,2,2,7,7,8,1,1,1,9,14,2,1,1,NaN,1,NaN,NaN,,NaN,,NaN,,NaN,64,60,NaN,1,4,1,1,1,1,1,1,2,1,1,1,1,1,1,1,1,1,1,2,1,1,793566.117,4489118.71,18.808,Cob,1971,0,1,1,11,1
8342,3,2007120000295,2,2,20,4,2,1,2,CV-222,5,5,0,0,1,5,3,1,3,3,2,1,1,1,2,1,7,7,8,1,1,1,9,14,1,1,1,NaN,1,2,NaN,,NaN,,NaN,,NaN,NaN,NaN,NaN,1,4,1,1,1,1,1,1,2,1,1,1,1,1,1,1,1,1,1,2,1,1,744393.512,4421911.583,30.598,Cob,7420,0,0,1,12,1
8343,3,2007120000298,2,2,22,2,4,1,1,CV-191,1.2,1,2,1,1,5,3,2,3,3,2,1,1,1,1,1,1,1,8,1,5,1,9,14,1,1,1,NaN,2,NaN,NaN,,NaN,,NaN,,56,NaN,50,NaN,1,4,1,1,1,1,1,2,1,1,1,1,1,1,1,1,1,1,1,2,1,2,736605.222,4438901.411,271.243,Cob,5592,0,0,1,6,6
8345,3,2007120000302,2,2,21,5,3,1,2,CV-14,24.5,24,5,1,1,5,2,2,3,1,2,1,2,2,1,1,7,7,8,1,1,1,2,14,3,1,1,NaN,2,2,NaN,,NaN,,NaN,,NaN,NaN,NaN,NaN,1,4,2,1,1,1,1,1,1,1,1,1,1,1,1,1,1,1,1,2,1,1,740285.434,4503144.851,773.121,Cob,1128,0,0,0,16,2
8346,3,2007120000305,2,2,22,4,4,1,1,CV-12,18.5,18,5,0,1,5,2,3,3,1,2,1,1,1,1,1,7,7,8,1,1,1,9,14,3,1,1,NaN,2,NaN,NaN,,NaN,,NaN,,66,NaN,60,NaN,1,4,2,1,2,1,1,1,2,1,1,1,1,1,1,1,1,1,1,2,1,2,745458.28,4496063.263,915.313,Cob,1252,0,0,0,14,3
8348,3,2007120000313,2,2,24,3,6,2,2,CV-18,2.5,2,5,1,1,5,3,2,3,3,2,1,2,1,1,1,7,7,8,1,2,1,9,14,3,1,1,NaN,1,3,NaN,,NaN,,NaN,,NaN,NaN,NaN,NaN,1,4,1,1,1,1,1,1,2,1,1,1,1,1,1,1,1,1,1,2,1,1,746290.702,4417659.242,1.353,Cob,16624,0,0,0,7,1
8349,3,2007120000315,2,2,25,4,7,3,1,CV-190,56,56,0,0,1,5,2,3,3,1,2,1,2,2,1,1,7,7,8,1,1,1,9,14,1,1,1,NaN,1,NaN,NaN,,NaN,,NaN,,NaN,64,60,NaN,1,4,1,1,1,1,1,2,2,1,1,1,1,1,1,1,1,1,1,2,1,1,709699.938,4450982.91,1039.628,Cob,117,0,0,1,11,5
8350,3,2007120000316,2,2,25,6,7,3,1,CV-195,2.4,2,4,0,1,5,2,2,3,1,2,1,1,1,1,1,7,7,8,1,5,1,9,14,3,1,1,NaN,1,NaN,NaN,,NaN,,NaN,,NaN,62,60,NaN,1,4,2,1,2,1,1,1,1,1,1,1,1,1,1,1,1,1,1,2,1,1,707610.499,4423163.413,539.927,Cob,2579,0,0,0,20,1
8351,3,2007120000317,2,2,25,1,7,3,1,CV-223,4.7,4,7,1,1,5,2,2,2,3,2,1,2,2,1,1,7,7,8,1,5,1,9,14,1,1,1,NaN,2,NaN,NaN,,NaN,,NaN,,NaN,63,60,NaN,1,4,1,1,1,1,1,1,2,1,1,1,1,1,1,1,1,2,1,2,1,1,730241.773,4425854.112,203.274,Sec,4214,0,1,0,23,2
8353,3,2007120000336,2,2,26,3,1,4,2,CV-20,7.2,7,2,0,1,7,2,2,4,3,2,1,2,1,1,1,3,1,4,1,1,1,9,14,2,1,1,NaN,1,2,NaN,,NaN,,NaN,,NaN,NaN,NaN,NaN,3,4,1,1,1,1,1,1,2,1,1,1,1,1,1,1,1,1,1,2,1,1,738580.359,4426905.401,103.293,Pri,21516,0,0,0,10,6
8355,3,2007120000350,2,3,1,1,4,1,1,CV-191,1.9,1,9,0,1,5,2,2,3,3,2,1,1,1,1,1,7,7,8,1,5,1,9,14,3,1,1,NaN,1,NaN,NaN,,NaN,,NaN,,NaN,62,60,NaN,1,4,2,1,2,1,1,1,1,1,1,1,1,1,1,1,1,1,1,2,1,1,733220.478,4431086.099,206.175,Cob,5592,0,0,1,2,2
8357,3,2007120000356,2,3,1,3,4,1,2,CV-195,4.5,4,5,0,1,5,1,3,3,1,2,1,1,1,1,1,1,1,8,1,1,1,9,14,2,2,3,NaN,1,3,NaN,,NaN,,NaN,,NaN,NaN,NaN,NaN,1,4,2,1,2,1,1,1,1,1,2,1,1,1,1,1,1,1,1,2,1,1,707826.067,4425107.826,616.982,Cob,2579,0,0,1,8,7
8361,3,2007120000377,2,3,6,3,2,1,2,CV-135,20.5,20,5,0,1,5,2,3,3,1,2,1,1,1,1,1,1,1,8,1,1,1,9,14,2,1,3,NaN,1,2,NaN,,NaN,,NaN,,NaN,NaN,NaN,NaN,1,4,1,1,1,1,1,1,2,1,1,1,1,1,1,1,1,1,1,2,1,1,788757.421,4481689.115,15.632,Pri,3706,0,1,0,8,6
8363,3,2007120000387,2,3,7,4,3,1,2,CV-160,1.3,1,3,0,1,5,2,3,3,1,2,1,1,1,1,1,1,2,8,1,1,1,9,14,3,1,3,NaN,2,4,NaN,,NaN,,NaN,,NaN,NaN,NaN,NaN,1,4,2,2,1,1,1,1,1,1,1,1,1,1,1,1,1,1,1,2,1,1,743617.829,4437550.362,139.377,Sec,6504,0,1,0,14,6
8365,3,2007120000395,2,3,6,3,2,1,2,CV-11,17,17,0,0,1,5,3,2,3,3,2,1,1,1,1,1,2,1,3,1,1,1,9,14,1,1,1,NaN,2,2,NaN,,NaN,,NaN,,NaN,NaN,NaN,NaN,1,4,1,1,1,1,1,1,1,1,2,1,1,1,1,1,1,1,1,2,1,1,788140.07,4496802.072,136.338,Sec,4236,0,0,0,10,6
8367,3,2007120000407,2,3,9,5,5,1,1,CV-15,60.5,60,5,0,1,5,2,2,2,3,2,1,2,1,1,1,7,7,8,1,1,1,9,14,3,1,1,NaN,1,NaN,NaN,,NaN,,NaN,,NaN,63,60,NaN,1,4,2,1,1,2,1,1,1,1,1,1,1,1,1,1,1,1,1,2,1,1,737474.085,4481295.115,1174.239,Sec,1250,0,0,0,16,1
8368,3,2007120000409,2,3,11,3,7,3,1,CV-10,79.7,79,7,0,1,5,2,2,3,3,2,1,1,2,2,2,7,7,8,1,1,1,9,14,3,1,1,NaN,1,NaN,NaN,,NaN,,NaN,,57,NaN,50,NaN,1,4,2,1,1,1,1,1,1,1,1,1,1,1,1,1,1,1,1,2,1,2,769921.006,4482486.896,299.031,Pri,3159,0,0,1,9,1
8370,3,2007120000419,2,3,13,6,2,1,1,CV-10,81.9,81,9,1,1,5,3,2,3,3,2,1,1,2,1,1,5,1,8,1,1,1,9,14,1,1,1,NaN,2,NaN,NaN,,NaN,,NaN,,66,NaN,60,NaN,1,4,1,1,1,1,1,2,1,1,1,1,1,1,1,1,1,1,1,2,1,1,740095.738,4423455.743,73.651,Pri,3159,0,0,0,18,6
8372,3,2007120000421,2,3,13,6,2,1,2,CV-185,3,3,0,0,1,5,3,1,3,3,2,1,1,1,1,1,7,7,8,1,1,1,9,14,2,1,1,NaN,1,4,NaN,,NaN,,NaN,,NaN,NaN,NaN,NaN,1,4,2,1,1,1,1,1,2,1,1,1,1,1,1,1,1,1,1,2,1,1,749169.615,4421613.36,0.626,Sec,14155,0,0,1,17,2
8374,3,2007120000428,2,3,14,3,3,1,2,CV-185,1.1,1,1,0,1,5,3,2,3,4,2,1,2,1,1,1,7,7,3,1,1,1,9,14,3,1,1,NaN,2,3,NaN,,NaN,,NaN,,NaN,NaN,NaN,NaN,1,4,1,1,1,1,1,1,2,1,1,1,1,1,1,1,1,1,1,2,1,1,748492.001,4423376.428,10.214,Sec,14155,0,0,1,10,1
8376,3,2007120000434,2,3,15,6,4,1,2,CV-190,3,3,0,0,1,5,3,2,3,3,2,1,2,2,1,1,5,5,3,1,1,1,2,13,1,1,1,NaN,2,2,NaN,,NaN,,NaN,,NaN,NaN,NaN,NaN,1,4,1,1,1,1,1,1,2,1,1,1,1,1,1,1,1,1,1,2,1,1,738300.912,4440540.429,226.248,Cob,4856,0,1,0,18,7
8377,3,2007120000448,2,3,6,6,2,1,1,CV-14,3,3,0,0,1,5,2,2,3,4,2,1,1,2,2,2,7,7,8,1,5,1,9,14,1,1,1,NaN,1,NaN,NaN,,NaN,,NaN,,56,NaN,50,NaN,1,4,1,1,1,1,1,2,1,1,1,1,1,1,1,1,1,1,1,2,1,1,743493.715,4500233.539,761.974,Sec,1254,0,0,1,20,4
8378,3,2007120000477,2,3,24,4,6,2,1,CV-16,3.5,3,5,0,1,5,3,2,3,3,2,2,1,1,2,2,5,1,8,1,1,1,9,14,1,1,1,NaN,2,NaN,NaN,,NaN,,12,9,NaN,NaN,NaN,NaN,1,4,2,1,1,1,1,1,1,1,1,1,1,1,1,1,1,1,1,2,1,1,746163.949,4432848.13,102.849,Sec,23726,0,0,0,13,6
8379,3,2007120000480,2,3,23,6,5,1,1,CV-185,1.6,1,6,1,1,5,3,2,3,3,2,1,1,1,1,1,7,7,8,1,5,1,9,14,2,1,3,NaN,1,NaN,NaN,,NaN,,NaN,,NaN,64,60,NaN,1,4,1,1,1,1,1,1,1,1,1,1,1,1,1,1,1,2,1,2,1,1,749215.521,4421496.233,0.262,Sec,14155,0,0,1,19,1
8381,3,2007120000494,2,3,24,4,6,2,2,CV-10,22.5,22,5,0,1,5,3,2,3,3,2,1,1,1,1,1,5,1,4,1,1,1,9,14,3,1,1,NaN,1,4,NaN,,NaN,,NaN,,NaN,NaN,NaN,NaN,1,4,2,1,1,1,1,1,1,1,1,1,1,1,1,1,1,1,1,2,1,2,747805.451,4433348.119,89.682,Pri,21988,0,0,0,14,6
8382,3,2007120000501,2,3,26,3,1,4,1,CV-160,5.7,5,7,1,1,5,2,2,3,1,2,1,2,1,1,1,7,7,8,3,1,4,2,14,3,1,3,NaN,1,NaN,NaN,,NaN,,NaN,,56,NaN,50,NaN,1,4,1,1,1,1,1,2,1,2,1,1,1,1,1,1,1,1,1,2,1,1,750212.685,4444423.343,249.067,Cob,1647,0,0,0,9,3
8384,3,2007120000502,2,3,26,3,1,4,2,CV-20,19.1,19,1,0,1,5,3,2,3,2,2,1,1,1,1,1,7,7,5,3,1,4,2,14,2,1,1,NaN,1,2,NaN,,NaN,,NaN,,NaN,NaN,NaN,NaN,1,4,1,1,1,1,1,1,1,2,1,1,1,1,2,1,1,1,1,2,1,2,729901.344,4431269.49,245.64,Cob,3233,0,0,0,9,3
8389,3,2007120000507,2,3,28,4,3,1,1,CV-10,58.1,58,1,0,1,5,3,2,3,3,2,1,1,1,1,1,7,7,8,3,1,4,2,14,2,1,1,NaN,1,NaN,NaN,,NaN,,NaN,,NaN,51,50,NaN,1,4,1,1,1,1,1,2,1,1,1,1,1,1,1,1,1,1,1,2,1,1,763017.156,4463030.329,228.699,Cob,5530,1,0,0,12,3
8390,3,2007120000509,2,3,29,3,4,1,1,CV-148,2.8,2,8,1,1,5,1,3,4,1,2,1,1,2,1,1,7,7,8,3,1,4,9,4,3,1,1,NaN,2,NaN,NaN,,NaN,,NaN,,66,NaN,60,NaN,1,4,1,1,1,1,1,2,1,1,1,1,1,1,1,1,1,1,1,2,1,1,766696.611,4445700.744,7.972,Cob,761,0,0,0,10,3
8403,3,2007120000520,2,3,31,6,6,2,3,CV-141,1.2,1,2,0,1,5,3,2,3,3,2,1,1,1,2,1,7,7,8,1,1,1,9,14,3,1,1,NaN,1,5,NaN,,NaN,,NaN,,NaN,NaN,NaN,NaN,1,4,2,1,1,1,1,1,1,1,1,1,1,1,1,1,1,1,1,2,1,1,786355.565,4477085.554,28.779,Cob,8869,0,0,0,17,1
8404,3,2007120000522,2,3,31,6,6,2,1,CV-215,1.5,1,5,1,1,5,2,2,3,3,2,1,1,1,1,1,7,7,8,1,1,1,9,14,2,1,3,NaN,1,NaN,30,32,NaN,,NaN,,NaN,NaN,NaN,NaN,1,4,1,1,1,1,1,1,1,2,1,1,1,1,1,1,1,2,1,2,1,1,719595.189,4421453.069,458.855,Cob,193,0,0,0,18,1
8406,3,2007120000524,2,3,28,3,3,1,1,CV-230,18.1,18,1,0,1,5,2,2,3,3,2,1,2,2,2,2,7,7,8,3,1,4,9,14,2,1,3,NaN,1,NaN,NaN,,NaN,,NaN,,55,NaN,50,NaN,1,4,1,1,1,1,1,2,1,1,1,1,1,1,1,1,1,1,1,2,1,1,734926.263,4412266.273,148.393,Sec,2163,0,2,2,9,3