Id,Ano,Numero_Accidente,Provincia,Mes,Dia,Hora,Dia_Semana,Tipo_Dia,Vehiculos_Implicados,Carretera,Pk,Km,Hm,Sentido,Zona,Tipo_Via,Anchura_Calzada,Anchura_Carril,Marcas_Viales,Arcen,Arcen_Pavimentado,Mediana,Barrera_Seguridad,Paneles_Direccionales,Hitos_Arista,Captafaros,Interseccion_Tipo,Interseccion_Acondicionamiento,Prioridad_Regulada_por,Superficie,Luminosidad,Factores_Atmosfericos,Visibilidad_Restringida_por,Otras_Circunstancias,Senalizacion_Peligro,Aceras,Arboles,Arboles_Metros_Calzada,Visibilidad_Senalizacion_Vertical,Colision_Vehiculos_Marcha,Colision_Vehiculo_Obstaculo_1,Colision_Vehiculo_Obstaculo_2,Atropello_1,Atropello_2,Vuelco_1,Vuelco_2,Salida_Sin_Colision,Salida_Con_Colision,Lado_Salida,Otro,Circulacion,Circulacion_Medidas_Especiales,Distraccion,Inexperiencia_Conductor,Alcohol_Drogas,Cansancio_Sueno,Enfermedad,Velocidad_Inadecuada,Infraccion_Norma_Circulacion,Estado_Condicion_Via,Estado_Condicion_Senalizacion,Tramo_Obras,Mal_Estado_Vehiculo,Averia_Mecanica,Meteorologia_Adversa,Irrupcion_Animal,Circular_Sentido_Contrario,Otro_Factor,Sin_Opinion_Definida,Pendiente,Curvatura,Peralte,GPS_x,GPS_y,GPS_z,Tipo_Est,IMD,N_Muertos,N_Graves,N_Leves,Hora_Real,Fuera_o_Interseccion
8408,3,2007120000529,2,4,2,4,1,4,2,CV-133,5.7,5,7,0,1,5,2,3,4,1,2,1,1,2,1,1,7,7,8,3,1,4,2,14,2,1,1,NaN,2,1,NaN,,NaN,,NaN,,NaN,NaN,NaN,NaN,1,4,1,1,1,1,1,2,1,1,1,1,1,1,1,1,1,1,1,2,3,3,769585.378,4465878.325,215.49,Cob,864,0,0,0,13,3
8409,3,2007120000539,2,4,4,1,3,1,1,CV-20,4.7,4,7,1,1,5,3,2,3,3,2,2,2,1,1,1,5,2,4,1,3,1,9,14,1,1,3,NaN,2,NaN,NaN,,NaN,,NaN,,NaN,63,60,NaN,1,4,2,1,1,1,1,1,1,1,1,1,1,1,1,1,1,1,1,2,1,1,705902.111,4441952.569,625.472,Pri,21516,0,0,0,2,6
8411,3,2007120000560,2,4,5,2,4,2,1,CV-21,10.3,10,3,0,1,5,3,2,3,4,2,1,1,1,1,1,7,7,8,1,4,1,9,14,3,1,1,NaN,1,NaN,NaN,,21,24,NaN,,NaN,NaN,NaN,NaN,1,4,1,1,1,1,1,1,1,1,1,1,1,1,1,1,1,2,1,2,1,1,737725.813,4430690.179,138.624,Cob,5469,0,0,0,6,1
8414,3,2007120000584,2,4,14,1,6,2,1,CV-10,4.5,4,5,1,1,2,3,2,3,4,2,2,2,1,2,2,7,7,8,3,5,4,9,14,3,1,3,NaN,1,NaN,NaN,,NaN,,NaN,,56,NaN,50,NaN,1,4,2,2,1,1,1,1,1,1,1,1,1,1,1,1,1,1,1,2,1,1,773067.582,4486361.506,300.326,Cob,30811,0,0,0,2,1
8417,3,2007120000610,2,4,16,4,1,3,1,CV-245,22.1,22,1,0,1,5,3,2,2,1,2,1,1,1,1,1,7,7,8,1,1,1,2,4,1,1,1,NaN,2,NaN,NaN,,NaN,,NaN,,68,NaN,60,NaN,1,4,2,1,1,1,1,1,1,1,1,1,1,1,1,1,1,1,1,2,1,1,701700.336,4410577.803,822.843,Cob,1545,0,0,2,12,3
8423,3,2007120000628,2,4,20,6,5,1,2,CV-16,1.4,1,4,1,1,5,3,2,3,4,2,2,2,1,2,2,5,1,4,1,1,1,9,14,1,1,1,NaN,2,NaN,NaN,,NaN,,NaN,,NaN,63,60,NaN,1,4,1,1,1,1,1,1,2,1,1,1,1,1,1,1,1,1,1,2,1,1,740547.583,4438099.553,170.514,Sec,16809,0,0,0,17,6
8424,3,2007120000635,2,4,21,4,6,2,1,CV-135,11.8,11,8,1,1,5,2,3,3,1,2,1,1,2,1,1,7,7,8,1,1,1,9,14,3,1,1,NaN,2,NaN,NaN,,NaN,,NaN,,NaN,NaN,NaN,71,1,4,2,1,1,1,1,1,1,1,1,1,1,1,1,1,1,1,1,2,1,1,780726.269,4484239.395,157.514,Cob,850,0,0,1,11,1
8425,3,2007120000644,2,4,23,1,1,4,1,CV-10,14.5,14,5,1,1,2,3,2,3,4,2,2,2,1,1,1,7,7,8,1,5,1,9,14,2,1,1,NaN,1,NaN,NaN,,21,24,NaN,,NaN,NaN,NaN,NaN,1,4,1,1,1,1,1,1,1,1,1,1,1,1,1,2,1,2,1,2,1,1,769223.622,4479196.351,301.361,Sec,35935,0,0,0,4,1
8426,3,2007120000653,2,4,21,4,6,2,1,CV-195,2.7,2,7,0,1,5,2,2,3,1,2,1,1,2,1,1,7,7,8,1,1,1,2,14,3,1,1,NaN,2,NaN,NaN,,NaN,,NaN,,NaN,53,50,NaN,1,4,2,1,1,1,1,1,1,1,1,1,1,1,1,1,1,1,1,2,1,1,707737.765,4423426.376,553.621,Cob,2579,0,0,1,13,4
8427,3,2007120000655,2,4,25,1,3,1,1,CV-10,9.3,9,3,0,1,2,3,2,3,4,2,2,2,2,2,2,7,7,8,1,4,1,9,14,2,1,1,NaN,1,NaN,NaN,,NaN,,NaN,,NaN,64,60,NaN,1,4,2,1,1,2,1,1,2,1,1,1,1,1,1,1,1,1,1,2,1,1,740237.738,4423786.454,75.193,Sec,35935,0,0,1,23,2
8429,3,2007120000656,2,4,25,6,3,1,2,CV-141,3,3,0,1,1,5,3,2,3,3,2,1,1,1,2,1,7,7,8,1,1,1,9,14,3,1,1,NaN,2,2,NaN,,NaN,,NaN,,NaN,NaN,NaN,NaN,1,4,2,1,1,1,1,1,1,1,1,1,1,1,1,1,1,1,1,2,1,1,786941.966,4476474.517,21.205,Cob,8869,0,0,0,17,1
8431,3,2007120000658,2,4,24,4,2,1,2,CV-16,3.8,3,8,0,1,3,3,2,3,3,2,2,2,2,1,1,5,1,4,1,1,1,9,14,1,1,1,NaN,1,2,NaN,,NaN,,NaN,,NaN,NaN,NaN,NaN,1,4,1,1,1,1,1,1,2,1,1,1,1,1,1,1,1,1,1,2,2,2,745900.587,4432962.914,110.4,Sec,23726,0,0,0,14,6
8432,3,2007120000661,2,4,25,4,3,1,1,CV-10,15,15,0,1,1,2,3,2,3,4,2,1,2,1,2,2,7,7,8,1,1,1,9,14,3,1,1,NaN,1,NaN,30,32,NaN,,NaN,,NaN,NaN,NaN,NaN,1,4,1,1,1,1,1,1,1,1,1,1,1,1,1,1,1,2,1,2,1,1,769123.381,4478717.487,301.148,Cob,23749,0,0,0,13,1
8433,3,2007120000662,2,4,22,3,7,3,1,CV-10,32.7,32,7,1,1,2,3,2,3,4,2,2,2,1,2,2,7,7,8,1,1,1,9,14,3,1,3,NaN,2,NaN,NaN,,NaN,,NaN,,NaN,52,50,NaN,1,4,2,1,1,2,1,2,1,1,1,1,1,1,1,1,1,1,1,2,1,1,763010.835,4463034.96,224.215,Cob,15686,0,0,0,7,1
8434,3,2007120000679,2,4,28,3,6,2,1,CV-15,5.8,5,8,0,1,5,3,2,3,3,2,1,1,1,1,1,7,7,8,3,1,4,9,14,2,1,1,NaN,1,NaN,NaN,,NaN,,NaN,,55,NaN,50,NaN,1,4,2,1,1,2,1,2,2,1,1,1,1,1,2,1,1,1,1,2,1,1,754326.843,4449265.216,242.077,Cob,5858,0,0,2,8,1
8435,3,2007120000682,2,4,28,3,6,2,1,CV-10,26.1,26,1,1,1,2,3,2,3,4,2,2,2,1,2,1,7,7,8,3,1,5,4,14,2,1,3,NaN,1,NaN,NaN,,NaN,,NaN,,NaN,54,50,NaN,1,4,1,1,1,1,1,2,1,1,1,1,1,1,1,1,1,1,1,2,1,1,765827.456,4468871.955,179.722,Sec,17539,0,0,0,7,1
8436,3,2007120000683,2,4,29,4,7,3,1,CV-10,31,31,0,0,1,2,3,2,3,4,2,2,2,1,2,1,7,7,8,3,1,5,4,14,2,1,1,NaN,1,NaN,NaN,,NaN,,12,9,NaN,NaN,NaN,NaN,1,4,1,1,1,1,1,2,1,1,1,1,1,1,2,1,1,2,1,2,1,1,752969.759,4439452.33,201.466,Cob,15686,0,0,0,14,1
8438,3,2007120000685,2,5,1,3,2,3,2,CV-235,24.5,24,5,1,1,5,2,2,3,1,2,1,2,2,1,1,7,7,8,1,1,1,2,14,1,1,1,NaN,2,4,NaN,,NaN,,NaN,,NaN,NaN,NaN,NaN,1,4,2,1,1,1,1,1,2,1,1,1,1,1,1,1,1,1,1,2,1,1,701877.273,4422403.243,663.749,Cob,94,0,0,1,9,4
8441,3,2007120000687,2,5,1,4,2,3,3,CV-15,3.9,3,9,0,1,5,3,3,3,3,2,1,1,1,1,1,7,7,8,1,1,1,9,14,2,1,1,NaN,1,5,NaN,,NaN,,NaN,,NaN,NaN,NaN,NaN,1,4,2,1,1,1,1,1,2,1,1,1,1,1,1,1,1,1,1,2,1,1,754698.887,4447413.943,235.442,Cob,5858,0,0,2,11,1
8443,3,2007120000689,2,5,2,4,3,4,2,CV-20,1.7,1,7,1,1,5,3,2,3,3,2,1,1,1,1,1,5,1,4,1,1,1,9,14,1,1,1,NaN,2,3,NaN,,NaN,,NaN,,NaN,NaN,NaN,NaN,1,4,1,1,1,1,1,1,2,1,1,1,1,1,1,1,1,2,1,2,1,2,704168.265,4443469.37,590.361,Sec,15381,0,0,0,13,6
8444,3,2007120000690,2,5,2,5,3,4,1,CV-160,6.2,6,2,1,1,5,2,3,3,1,2,1,2,2,1,1,7,7,8,1,1,1,2,13,2,1,1,NaN,1,NaN,NaN,,NaN,,NaN,,NaN,64,60,NaN,1,4,1,1,1,1,2,1,1,1,1,1,1,1,1,1,1,2,1,2,2,3,749801.535,4444169.461,252.865,Cob,1647,0,1,0,16,3
8445,3,2007120000692,2,5,3,4,4,1,1,CV-15,7.9,7,9,1,1,5,2,2,3,3,2,1,1,1,1,1,7,7,8,3,1,5,4,14,3,1,1,NaN,1,NaN,NaN,,NaN,,NaN,,66,NaN,60,NaN,1,4,2,1,1,1,1,1,1,1,1,1,1,1,1,1,1,1,1,2,1,1,733382.369,4479704.768,1117.423,Cob,5858,0,0,1,13,1
8446,3,2007120000698,2,5,5,4,6,2,1,CV-195,9,9,0,1,1,5,3,2,3,1,2,1,2,2,1,1,7,7,8,1,1,1,9,14,1,1,1,NaN,2,NaN,NaN,,NaN,,NaN,,65,NaN,60,NaN,1,4,1,1,1,1,1,2,1,1,1,1,1,1,1,1,1,1,1,2,1,1,714288.678,4443747.586,779.982,Pri,843,0,1,0,11,5
8447,3,2007120000699,2,5,5,6,6,2,1,CV-18,11.9,11,9,1,1,3,3,2,3,3,2,2,2,2,1,1,5,1,4,1,5,1,9,14,1,1,1,NaN,2,NaN,NaN,,NaN,,NaN,,57,NaN,50,NaN,1,4,1,1,1,1,2,2,1,1,1,1,1,1,1,1,1,1,1,2,1,1,751358.795,4424591.24,15.45,Cob,11846,0,0,0,21,6
8450,3,2007120000701,2,5,6,3,7,3,3,CV-194,3.2,3,2,0,1,5,2,3,3,1,2,1,2,2,1,1,7,7,8,1,1,1,2,14,1,1,1,NaN,2,3,NaN,,NaN,,NaN,,NaN,NaN,NaN,NaN,1,4,1,1,1,1,1,1,2,1,1,1,1,1,1,1,1,1,1,2,1,1,728829.07,4434178.843,223.588,Cob,1538,0,0,2,9,5
8451,3,2007120000706,2,5,6,1,7,3,1,CV-20,23.3,23,3,0,1,5,3,2,3,2,1,1,1,2,1,1,7,7,8,1,5,1,9,14,1,1,1,NaN,2,NaN,NaN,,NaN,,NaN,,NaN,53,50,NaN,1,4,1,1,1,1,1,2,1,1,1,1,1,1,1,1,1,1,1,2,1,1,727946.715,4433527.976,236.394,Cob,647,0,0,1,4,2
8453,3,2007120000708,2,5,8,3,2,1,2,CV-10,79,79,0,0,1,5,3,2,3,4,2,1,1,2,2,2,7,7,8,1,1,1,2,14,1,1,3,NaN,2,2,NaN,,NaN,,NaN,,NaN,NaN,NaN,NaN,1,4,2,1,1,2,1,1,1,1,1,1,1,1,1,1,1,1,1,2,1,1,769741.605,4481833.702,299.936,Pri,3159,1,0,0,10,2
8456,3,2007120000709,2,5,8,6,2,1,3,CV-160,15.6,15,6,1,1,5,2,3,3,1,2,1,1,1,1,1,2,1,8,1,1,1,9,8,2,1,3,NaN,4,NaN,NaN,,NaN,,NaN,,NaN,64,60,NaN,1,4,1,1,1,1,1,1,1,1,1,1,1,1,1,1,1,1,2,2,1,1,744156.356,4438053.902,157.997,Cob,3058,0,0,1,17,7
8458,3,2007120000713,2,5,9,3,3,1,2,CV-10,10.3,10,3,0,1,5,3,2,3,4,2,2,2,1,1,2,7,7,5,1,1,1,9,14,3,1,1,NaN,1,2,NaN,,NaN,,NaN,,NaN,NaN,NaN,NaN,2,4,2,1,1,1,1,1,1,1,1,1,1,1,1,1,1,1,1,2,1,2,740319.071,4424763.099,76.795,Sec,35935,0,0,2,7,2
8459,3,2007120000715,2,5,10,6,4,1,1,CV-21,2.6,2,6,0,1,5,2,2,3,4,2,1,2,2,1,1,7,7,8,1,5,1,9,14,1,1,1,NaN,2,NaN,NaN,,NaN,,NaN,,NaN,61,60,NaN,1,4,1,1,1,1,1,2,1,1,1,1,1,1,1,1,1,1,1,2,1,1,738995.227,4436648.399,155.249,Sec,6884,0,0,1,22,4
8461,3,2007120000722,2,5,10,6,4,1,2,CV-18,4.8,4,8,1,1,5,3,2,3,3,2,1,1,1,1,1,7,7,5,1,1,1,9,14,3,1,1,NaN,1,3,NaN,,NaN,,NaN,,NaN,NaN,NaN,NaN,1,4,2,1,1,1,1,1,1,1,1,1,1,1,1,1,1,1,1,2,1,1,747738.149,4419192.248,1.847,Cob,16624,0,0,2,20,1
8463,3,2007120000726,2,5,13,3,7,3,1,CV-16,0.6,0,6,0,1,5,3,3,3,3,2,1,1,1,1,1,7,7,8,1,1,1,9,14,1,1,1,NaN,1,NaN,NaN,,NaN,,NaN,,NaN,51,50,NaN,1,4,2,1,1,2,1,1,1,1,1,1,1,1,1,1,1,1,1,2,1,1,748533.25,4431405.772,68.774,Sec,16809,0,0,0,8,1
8468,3,2007120000731,2,5,13,3,7,3,2,CV-20,13.5,13,5,0,1,5,3,2,3,2,2,1,1,1,1,1,1,4,3,1,1,1,9,14,2,1,1,NaN,2,2,NaN,,NaN,,NaN,,NaN,NaN,NaN,NaN,1,4,2,1,1,1,1,1,2,1,1,1,1,1,1,1,1,1,1,2,1,1,733572.511,4428983.317,171.227,Cob,3233,0,0,1,10,6
8470,3,2007120000735,2,5,11,4,5,1,2,CV-16,12.9,12,9,0,1,5,3,2,3,3,2,1,1,1,1,1,4,6,8,1,1,1,9,6,2,1,1,NaN,1,2,NaN,,NaN,,NaN,,NaN,NaN,NaN,NaN,1,4,2,1,1,1,1,1,1,1,1,1,1,1,1,1,1,1,1,2,1,1,740207.927,4438318.678,183.089,Sec,7470,0,0,0,12,6
8472,3,2007120000751,2,5,11,5,5,1,2,CV-16,3.4,3,4,1,1,5,3,2,3,3,2,2,1,1,1,1,5,6,4,1,1,1,9,14,1,1,1,NaN,2,4,NaN,,NaN,,NaN,,NaN,NaN,NaN,NaN,1,4,2,1,1,1,1,2,1,1,1,1,1,1,1,1,1,1,1,2,1,2,741926.653,4436864.324,127.315,Sec,23726,0,0,0,15,6
8474,3,2007120000771,2,5,16,6,3,1,2,CV-15,6,6,0,1,1,5,3,2,3,3,2,1,2,2,1,1,7,7,8,1,4,1,2,14,1,1,1,NaN,2,2,NaN,,NaN,,NaN,,NaN,NaN,NaN,NaN,1,4,2,1,1,1,1,2,2,1,1,1,1,1,1,1,1,1,1,2,1,1,732235.446,4479614.415,1116.188,Cob,5858,0,0,1,21,4
8477,3,2007120000775,2,5,16,6,3,1,3,CV-18,8,8,0,1,1,5,1,1,4,3,2,2,1,1,1,1,5,6,3,1,1,1,9,14,1,1,3,NaN,2,5,NaN,,NaN,,NaN,,NaN,NaN,NaN,NaN,1,4,2,1,2,1,1,2,2,1,1,1,1,1,1,1,1,1,1,2,1,1,750119.805,4421118.625,-1.374,Cob,16624,0,0,1,19,6
8478,3,2007120000776,2,5,17,6,4,1,1,CV-230,24,24,0,0,1,5,3,2,3,3,2,2,1,1,1,2,5,6,4,1,1,1,9,14,1,1,3,NaN,2,NaN,NaN,,NaN,,NaN,,57,NaN,50,NaN,1,4,1,1,2,1,1,1,1,1,1,1,1,1,1,1,1,1,1,2,1,1,738431.641,4408827.121,62.932,Cob,4421,0,0,0,17,6
8480,3,2007120000785,2,5,14,3,1,4,2,CV-215,7.3,7,3,0,1,5,2,2,3,1,2,1,2,2,1,1,7,7,8,7,1,1,2,13,1,1,3,NaN,2,2,NaN,,NaN,,NaN,,NaN,NaN,NaN,NaN,1,4,1,1,1,1,1,2,2,2,1,1,1,1,1,1,1,1,1,2,1,1,721605.882,4421110.967,523.138,Cob,193,0,0,1,7,3
8482,3,2007120000787,2,5,19,3,6,2,1,CV-170,14,14,0,0,1,5,2,3,3,1,2,1,2,2,1,1,7,7,8,1,1,1,9,14,1,1,1,NaN,1,NaN,NaN,,NaN,,NaN,,65,NaN,60,NaN,1,4,1,1,1,1,1,2,1,1,1,1,1,1,1,1,1,1,1,2,1,1,739796.91,4457977.3,453.616,Cob,494,0,0,1,9,4
8484,3,2007120000792,2,5,20,1,7,3,1,CV-191,5.9,5,9,1,1,5,3,1,3,3,2,1,1,2,1,1,7,7,8,1,5,1,9,14,1,1,3,NaN,2,NaN,NaN,,NaN,,NaN,,NaN,64,60,NaN,1,4,2,1,1,1,1,1,1,1,1,1,1,1,1,1,1,1,1,2,1,1,733483.973,4429684.385,168.38,Cob,5592,1,0,0,1,2
8485,3,2007120000797,2,5,20,1,7,3,1,CV-10,7,7,0,0,1,2,3,2,3,4,2,2,2,1,2,1,7,7,8,1,5,1,9,14,3,1,3,NaN,1,NaN,NaN,,NaN,,NaN,,NaN,64,60,NaN,1,4,2,1,1,1,1,1,1,1,1,1,1,1,1,1,1,1,1,2,1,1,739854.648,4421630.71,77.611,Sec,34199,0,0,0,1,1
8487,3,2007120000815,2,5,21,2,1,4,2,CV-10,10.8,10,8,0,1,5,3,2,3,4,2,2,2,1,1,1,7,7,8,1,5,1,9,14,3,1,1,NaN,1,NaN,30,32,NaN,,NaN,,NaN,NaN,NaN,NaN,1,4,1,1,1,1,1,1,1,1,1,1,1,1,1,1,1,2,1,2,1,1,740589.067,4425169.079,74.402,Sec,35935,0,0,0,5,2
8489,3,2007120000824,2,5,23,3,3,1,1,CV-190,13,13,0,1,1,5,2,2,3,1,2,1,1,2,1,1,7,7,8,3,1,4,9,14,3,1,3,NaN,2,NaN,30,30,NaN,,NaN,,NaN,NaN,NaN,NaN,1,4,1,1,1,1,1,1,1,1,1,1,1,1,1,1,1,2,1,2,1,1,713446.506,4449565.599,968.019,Cob,2321,0,0,0,9,3
8491,3,2007120000825,2,5,21,6,1,4,1,CV-16,1.3,1,3,0,1,5,3,2,3,1,2,2,2,2,1,1,5,1,8,1,1,1,9,14,1,1,3,NaN,2,NaN,NaN,,NaN,,12,9,NaN,NaN,NaN,NaN,1,4,1,1,1,1,1,2,2,1,1,1,1,1,1,1,1,1,1,2,1,1,747965.502,4431735.154,76.978,Sec,16809,0,0,0,17,6
8492,3,2007120000826,2,5,25,3,5,1,1,CV-17,1.8,1,8,1,1,5,3,2,3,4,2,1,2,1,1,1,7,7,8,1,1,1,9,14,3,1,3,NaN,1,NaN,NaN,,NaN,,NaN,,66,NaN,60,NaN,1,4,2,1,1,1,1,1,1,1,1,1,1,1,1,1,1,1,1,2,1,2,747077.294,4431120.127,68.109,Sec,21232,0,0,2,7,2
8493,3,2007120000830,2,5,24,6,4,1,1,CV-18,5.9,5,9,1,1,5,2,2,3,4,2,1,1,1,1,1,7,7,8,1,1,1,9,14,3,1,1,NaN,2,NaN,NaN,,NaN,,NaN,,NaN,62,60,NaN,1,4,1,1,2,1,1,1,1,1,1,1,1,1,1,1,1,1,1,2,1,1,748346.605,4420071.728,1.224,Cob,16624,0,0,1,17,1
8494,3,2007120000835,2,5,26,4,6,2,1,CV-195,37.5,37,5,1,1,5,2,2,3,1,2,1,2,2,1,1,7,7,8,1,1,1,9,14,1,1,1,NaN,1,NaN,NaN,,NaN,,NaN,,NaN,54,50,NaN,1,4,1,1,1,1,1,2,1,1,1,1,1,1,1,1,1,1,1,2,1,1,707718.919,4423953.255,565.419,Cob,283,0,1,0,12,4
8495,3,2007120000836,2,5,27,6,7,3,1,CV-235,8.9,8,9,1,1,5,2,2,3,1,2,1,2,2,1,1,7,7,8,1,1,1,9,14,1,1,1,NaN,1,NaN,NaN,,NaN,,NaN,,NaN,64,60,NaN,3,4,1,1,1,1,1,2,1,1,1,1,1,1,1,1,1,1,1,2,2,1,695815.702,4415511.678,932.687,Cob,1023,0,0,1,17,4
8501,3,2007120000841,2,5,26,1,6,2,2,CV-222,6.5,6,5,1,1,5,2,2,3,4,2,2,1,2,1,1,5,6,8,1,5,1,2,14,1,1,1,NaN,2,1,NaN,,NaN,,NaN,,NaN,NaN,NaN,NaN,1,4,1,1,1,1,1,1,2,1,1,1,1,1,1,1,1,1,1,2,1,1,742779.258,4422436.734,45.58,Cob,7420,0,0,8,3,6
8503,3,2007120000842,2,5,28,2,1,1,2,CV-20,12.3,12,3,1,1,5,2,2,3,4,2,1,1,2,1,1,1,1,2,1,5,1,3,14,1,1,1,NaN,2,2,NaN,,NaN,,NaN,,NaN,NaN,NaN,NaN,1,4,1,1,1,1,1,1,2,1,1,1,1,1,1,1,1,1,1,2,2,1,709890.558,4439802.931,502.024,Cob,6447,0,0,1,5,7
8505,3,2007120000847,2,5,29,6,2,1,2,CV-129,10,10,0,0,1,5,2,2,3,3,2,1,1,2,1,1,7,7,8,1,1,1,2,14,1,1,1,NaN,2,3,NaN,,NaN,,NaN,,NaN,NaN,NaN,NaN,1,4,1,1,1,1,1,1,2,1,1,1,1,1,1,1,1,1,1,2,1,1,759056.587,4472455.139,551.098,Cob,720,0,0,1,19,4
8507,3,2007120000854,2,5,30,3,3,1,2,CV-16,7.6,7,6,0,1,5,3,2,3,3,2,2,2,1,1,1,7,7,5,1,1,1,9,14,3,1,3,NaN,2,4,NaN,,NaN,,NaN,,NaN,NaN,NaN,NaN,2,4,1,1,1,1,1,1,2,1,1,1,1,1,1,1,1,1,1,2,1,1,743288.67,4435366.916,145.811,Sec,23726,0,0,0,7,2
8508,3,2007120000862,2,6,3,3,7,3,1,CV-195,26.1,26,1,0,1,5,2,2,3,3,2,1,1,2,1,1,7,7,8,1,1,1,9,14,3,1,1,NaN,1,NaN,NaN,,NaN,,NaN,,66,NaN,60,NaN,1,4,1,1,1,1,1,2,2,1,1,1,1,1,1,1,1,1,1,2,2,1,712630.989,4439812.083,503.552,Cob,283,1,0,0,10,4
8509,3,2007120000872,2,6,3,1,7,3,1,CV-20,1.7,1,7,1,1,3,3,2,3,3,2,1,2,2,2,2,5,5,4,1,4,1,9,14,1,1,1,NaN,2,NaN,NaN,,NaN,,NaN,,NaN,62,60,NaN,1,4,2,1,1,2,1,2,2,1,1,1,1,1,1,1,1,1,1,2,1,2,704168.265,4443469.37,590.361,Sec,15381,0,1,0,4,7
8511,3,2007120000885,2,6,6,4,3,1,2,CV-18,3.1,3,1,1,1,5,3,1,3,3,2,1,1,1,1,1,5,1,4,1,1,1,9,14,1,1,1,NaN,2,NaN,NaN,,NaN,,NaN,,NaN,NaN,NaN,71,1,4,2,1,1,1,1,1,2,1,1,1,1,1,1,1,1,1,1,2,1,1,746792.997,4417993.462,-5.321,Cob,16624,0,1,0,14,6
8513,3,2007120000886,2,6,2,3,6,2,2,CV-25,36.7,36,7,1,1,5,2,2,3,1,2,1,1,1,1,1,1,1,8,1,1,1,9,14,2,2,1,NaN,2,3,NaN,,NaN,,NaN,,NaN,NaN,NaN,NaN,1,4,2,1,1,1,1,1,1,1,1,1,1,1,1,1,1,1,1,2,2,2,707008.577,4390519.852,151.936,Pri,7896,0,0,1,9,6
8516,3,2007120000887,2,6,5,3,2,1,3,CV-151,0.2,0,2,1,1,3,3,2,3,4,2,2,2,1,2,1,7,7,8,3,1,4,9,14,3,1,3,NaN,1,5,NaN,,NaN,,NaN,,NaN,NaN,NaN,NaN,2,4,2,1,1,1,1,1,1,1,1,1,1,1,1,1,1,1,1,2,2,1,748315.507,4433593.063,102.834,Pri,26907,0,0,0,8,1
8517,3,2007120000890,2,6,5,3,2,1,1,CV-132,2.3,2,3,1,1,5,2,3,3,3,2,1,1,2,1,1,7,7,8,3,1,9,2,14,2,1,1,NaN,1,NaN,NaN,,NaN,,NaN,,56,NaN,50,NaN,1,4,1,1,1,1,1,1,1,1,1,1,1,1,1,1,1,1,1,2,1,1,768974.735,4487016.175,369.291,Sec,3676,0,0,0,10,2
8518,3,2007120000892,2,6,8,3,5,1,1,CV-222,5.9,5,9,1,1,5,2,3,3,3,2,1,1,1,1,1,7,7,8,1,1,1,9,14,1,1,1,NaN,2,NaN,NaN,,NaN,,NaN,,NaN,53,50,NaN,1,4,2,1,1,2,1,1,1,1,1,1,1,1,1,1,1,1,1,2,1,1,743352.671,4422301.133,40.338,Cob,7420,0,0,1,7,1
8520,3,2007120000897,2,6,8,2,5,1,2,CV-16,4.5,4,5,0,1,5,3,2,3,3,2,2,2,1,2,1,7,7,8,1,4,1,9,14,3,1,1,NaN,2,3,NaN,,NaN,,NaN,,NaN,NaN,NaN,NaN,1,4,2,1,1,1,1,1,2,1,1,1,1,1,1,1,1,1,1,2,1,1,745419.414,4433452.029,128.22,Sec,23726,0,0,0,5,1
8521,3,2007120000901,2,6,10,4,7,3,1,CV-190,1.5,1,5,1,1,5,3,2,3,4,2,1,1,1,1,1,7,7,8,1,1,1,9,14,3,1,3,NaN,2,NaN,NaN,,NaN,,NaN,,NaN,64,60,NaN,1,4,2,1,1,2,1,1,1,1,1,1,1,1,1,1,1,1,1,2,3,1,707610.993,4448976.687,809.632,Cob,4856,0,0,2,13,1
8523,3,2007120000902,2,6,9,2,6,2,2,CV-222,4.9,4,9,1,1,5,2,3,4,4,2,1,1,1,1,1,2,1,3,1,5,1,9,14,1,1,2,9,2,2,NaN,,NaN,,NaN,,NaN,NaN,NaN,NaN,1,4,1,1,2,1,1,1,2,1,1,1,1,1,1,1,1,1,1,2,1,1,744290.748,4421981.86,33.247,Cob,7420,0,0,1,5,6
8525,3,2007120000906,2,6,11,3,1,1,2,CV-11,11.9,11,9,0,1,5,2,2,3,3,2,1,1,1,2,2,1,1,8,1,1,1,9,14,2,1,1,NaN,1,2,NaN,,NaN,,NaN,,NaN,NaN,NaN,NaN,1,4,1,1,1,1,1,1,2,1,1,1,1,1,1,1,1,1,1,2,1,1,784120.813,4499826.462,216.566,Sec,4236,0,0,1,9,6
8527,3,2007120000914,2,6,8,4,5,1,2,CV-190,1.1,1,1,0,1,5,3,2,3,3,2,1,1,1,1,1,5,1,4,1,1,1,9,14,1,1,1,NaN,2,4,NaN,,NaN,,NaN,,NaN,NaN,NaN,NaN,1,4,1,1,1,1,1,1,2,1,1,1,1,1,1,1,1,1,1,2,1,1,738909.029,4439478.632,221.052,Cob,4856,0,0,0,12,6
8528,3,2007120000920,2,6,10,6,7,3,1,CV-20,3.5,3,5,1,1,5,3,2,3,3,2,1,1,1,1,1,5,1,4,1,1,1,9,14,1,1,1,NaN,1,NaN,NaN,,NaN,,NaN,,NaN,NaN,NaN,71,1,4,1,1,1,1,1,1,2,1,1,1,1,1,1,1,1,2,1,2,1,1,705165.998,4442251.1,596.779,Sec,15381,0,0,0,20,6
8530,3,2007120000925,2,6,13,6,3,1,2,CV-10,3.7,3,7,0,1,5,3,2,3,4,1,2,2,1,1,2,7,7,8,1,5,1,9,14,3,1,1,NaN,1,NaN,NaN,,NaN,,NaN,,NaN,54,50,NaN,1,4,2,1,1,1,1,1,1,1,1,1,1,1,1,1,1,1,1,2,1,1,740178.378,4418463.703,57.348,Cob,30811,0,1,0,22,1