Id,Ano,Numero_Accidente,Provincia,Mes,Dia,Hora,Dia_Semana,Tipo_Dia,Vehiculos_Implicados,Carretera,Pk,Km,Hm,Sentido,Zona,Tipo_Via,Anchura_Calzada,Anchura_Carril,Marcas_Viales,Arcen,Arcen_Pavimentado,Mediana,Barrera_Seguridad,Paneles_Direccionales,Hitos_Arista,Captafaros,Interseccion_Tipo,Interseccion_Acondicionamiento,Prioridad_Regulada_por,Superficie,Luminosidad,Factores_Atmosfericos,Visibilidad_Restringida_por,Otras_Circunstancias,Senalizacion_Peligro,Aceras,Arboles,Arboles_Metros_Calzada,Visibilidad_Senalizacion_Vertical,Colision_Vehiculos_Marcha,Colision_Vehiculo_Obstaculo_1,Colision_Vehiculo_Obstaculo_2,Atropello_1,Atropello_2,Vuelco_1,Vuelco_2,Salida_Sin_Colision,Salida_Con_Colision,Lado_Salida,Otro,Circulacion,Circulacion_Medidas_Especiales,Distraccion,Inexperiencia_Conductor,Alcohol_Drogas,Cansancio_Sueno,Enfermedad,Velocidad_Inadecuada,Infraccion_Norma_Circulacion,Estado_Condicion_Via,Estado_Condicion_Senalizacion,Tramo_Obras,Mal_Estado_Vehiculo,Averia_Mecanica,Meteorologia_Adversa,Irrupcion_Animal,Circular_Sentido_Contrario,Otro_Factor,Sin_Opinion_Definida,Pendiente,Curvatura,Peralte,GPS_x,GPS_y,GPS_z,Tipo_Est,IMD,N_Muertos,N_Graves,N_Leves,Hora_Real,Fuera_o_Interseccion
8532,3,2007120000940,2,6,18,3,1,4,1,CV-190,13.1,13,1,0,1,5,1,3,3,1,2,1,2,1,1,1,7,7,8,3,1,1,9,14,1,1,1,NaN,2,NaN,NaN,,NaN,,NaN,,NaN,64,60,NaN,1,4,2,1,1,2,1,1,1,1,1,1,1,1,1,1,1,1,1,2,2,2,732808.098,4445923.806,437.663,Cob,2321,0,1,0,7,1
8536,3,2007120000941,2,6,16,4,6,2,2,CV-133,4,4,0,1,1,5,2,3,4,1,2,1,1,2,1,1,7,7,8,3,1,4,2,4,2,1,3,NaN,1,2,NaN,,NaN,,NaN,,NaN,NaN,NaN,NaN,1,4,1,1,1,1,1,2,1,2,1,1,1,1,1,1,1,1,1,2,1,1,767690.8,4467169.707,230.166,Cob,864,0,0,0,11,3
8537,3,2007120000943,2,6,17,6,7,3,1,CV-223,27.6,27,6,1,1,5,2,3,4,2,2,1,1,1,1,1,7,7,8,1,1,1,9,14,3,1,1,NaN,1,NaN,NaN,,NaN,,NaN,,65,NaN,60,NaN,1,4,2,1,1,1,1,1,1,1,1,1,1,1,1,1,1,1,1,2,1,1,735233.701,4419548.259,217.909,Cob,4464,0,0,1,19,1
8538,3,2007120000947,2,6,19,6,2,1,1,CV-245,36.7,36,7,0,1,5,2,2,3,1,2,1,1,1,1,1,7,7,5,1,1,1,9,14,1,1,1,NaN,2,NaN,NaN,,NaN,,NaN,,56,NaN,50,NaN,1,4,2,1,1,1,1,1,1,1,1,1,1,1,1,1,1,1,1,2,1,1,710902.786,4413686.402,427.819,Cob,1545,0,0,0,17,3
8540,3,2007120000955,2,6,21,4,4,1,1,CV-16,6,6,0,1,1,5,3,2,3,3,2,2,2,2,2,2,5,1,8,1,1,1,9,14,3,1,1,NaN,1,NaN,NaN,,NaN,,NaN,,66,NaN,60,NaN,1,4,2,1,1,1,1,1,1,1,1,1,1,1,1,1,1,1,1,2,1,1,743302.266,4435304.679,149.45,Sec,23726,0,0,1,12,6
8542,3,2007120000962,2,6,21,3,4,1,2,CV-170,6,6,0,0,1,5,2,2,3,3,2,1,2,2,1,1,7,7,8,1,1,1,9,14,1,1,1,NaN,1,3,NaN,,NaN,,NaN,,NaN,NaN,NaN,NaN,1,4,1,1,1,1,1,1,2,1,1,1,1,1,1,1,1,1,1,2,1,1,744887.499,4456031.552,394.08,Cob,1811,0,0,0,10,4
8544,3,2007120000963,2,6,21,4,4,1,2,CV-10,13,13,0,0,1,2,3,2,3,4,2,2,2,1,2,2,7,7,8,1,1,1,9,14,1,1,1,NaN,2,NaN,30,32,NaN,,NaN,,NaN,NaN,NaN,NaN,1,4,1,1,1,1,1,1,2,1,1,1,1,1,1,1,1,1,1,2,1,1,741898.442,4426820.048,74.108,Sec,35935,0,0,0,12,1
8547,3,2007120000965,2,6,22,4,5,1,3,CV-20,5.6,5,6,1,1,5,2,2,3,3,2,2,2,2,2,2,7,7,8,1,1,1,9,14,3,1,1,NaN,1,5,NaN,,NaN,,NaN,,NaN,NaN,NaN,NaN,1,4,2,1,1,1,1,1,2,1,1,1,1,1,1,1,1,1,1,2,1,1,706629.866,4441824.441,643.612,Pri,21516,0,1,0,14,1
8549,3,2007120000968,2,6,21,6,4,1,2,CV-20,8.6,8,6,1,1,5,3,2,3,1,2,2,2,1,1,1,5,1,4,1,1,1,9,14,1,1,1,NaN,2,2,NaN,,NaN,,NaN,,NaN,NaN,NaN,NaN,1,4,1,1,1,1,1,2,2,1,1,1,1,1,1,1,1,1,1,2,1,1,707600.901,4440466.922,581.808,Pri,21516,0,0,2,17,6
8550,3,2007120000971,2,6,24,3,7,3,1,CV-11,6.9,6,9,1,1,5,2,2,3,1,2,1,2,1,2,1,7,7,8,1,1,1,9,14,3,1,1,NaN,1,NaN,NaN,,NaN,,NaN,,66,NaN,60,NaN,1,4,2,1,1,2,1,1,1,1,1,1,1,1,1,1,1,1,1,2,1,1,786117.742,4498279.773,184.253,Cob,1971,0,0,1,8,1
8554,3,2007120000982,2,6,26,1,2,1,1,CV-165,21.8,21,8,0,1,5,1,3,3,1,2,1,2,1,1,1,7,7,8,1,5,1,9,14,3,1,1,NaN,2,NaN,NaN,,NaN,,NaN,,NaN,54,50,NaN,1,4,1,1,1,2,1,1,1,1,1,1,1,1,1,1,1,1,1,2,1,1,749986.345,4472595.716,587.854,Cob,633,0,1,0,23,1
8555,3,2007120000983,2,6,26,2,2,1,1,CV-149,0.1,0,1,1,1,5,3,2,3,3,2,2,1,1,1,1,7,7,8,1,2,1,9,14,3,1,1,NaN,2,NaN,30,32,NaN,,NaN,,NaN,NaN,NaN,NaN,1,4,1,1,1,1,1,1,1,2,1,1,1,1,1,1,1,1,1,2,2,1,755892.264,4435153.589,4.724,Sec,13249,0,0,0,5,1
8557,3,2007120000986,2,6,26,5,2,1,2,CV-20,8.6,8,6,1,1,3,3,2,3,2,2,2,2,2,2,2,5,1,4,1,1,1,9,14,1,1,1,NaN,2,2,NaN,,NaN,,NaN,,NaN,NaN,NaN,NaN,1,4,2,1,1,1,1,1,2,1,1,1,1,1,1,1,1,1,1,2,1,1,707600.901,4440466.922,581.808,Pri,21516,0,0,1,15,6
8559,3,2007120000989,2,6,26,6,2,1,2,CV-222,9.1,9,1,0,1,5,2,3,3,3,2,1,2,1,1,1,7,7,8,1,1,1,9,14,2,1,1,NaN,1,4,NaN,,NaN,,NaN,,NaN,NaN,NaN,NaN,1,4,2,1,1,1,1,1,2,1,1,1,1,1,1,1,1,1,1,2,1,1,747928.816,4420622.688,8.704,Cob,11086,0,0,0,20,1
8561,3,2007120000993,2,6,26,1,2,1,1,CV-10,7.3,7,3,0,1,5,3,2,3,4,2,2,2,1,1,2,7,7,5,1,5,1,9,14,3,1,1,NaN,1,NaN,NaN,,NaN,,NaN,,67,NaN,60,NaN,1,4,1,1,1,2,1,1,1,1,1,1,1,1,1,1,1,1,1,2,1,1,739833.077,4421930.676,74.926,Sec,34199,0,1,0,3,1
8563,3,2007120001003,2,6,27,3,3,1,2,CV-16,3.5,3,5,0,1,2,3,2,3,4,2,2,2,2,1,1,5,1,8,1,1,1,9,14,1,1,1,NaN,2,3,NaN,,NaN,,NaN,,NaN,NaN,NaN,NaN,1,4,1,1,1,1,1,1,2,1,1,1,1,1,1,1,1,1,1,2,1,1,746163.949,4432848.13,102.849,Sec,23726,0,0,0,8,6
8564,3,2007120001006,2,6,24,4,7,3,1,CV-20,30,30,0,0,1,5,2,2,2,2,2,1,2,2,1,2,7,7,8,1,1,1,2,14,1,1,1,NaN,2,NaN,NaN,,NaN,,NaN,,NaN,63,60,NaN,1,4,2,1,1,1,1,1,1,1,1,1,1,1,1,1,1,2,1,2,1,2,724655.646,4435912.514,274.932,Cob,647,0,1,0,12,1
8565,3,2007120001009,2,6,29,6,5,1,1,CV-10,87.5,87,5,0,1,5,2,2,3,1,2,1,1,2,1,2,7,7,8,1,5,1,9,14,3,1,1,NaN,2,NaN,NaN,,NaN,,NaN,,NaN,61,60,NaN,1,4,2,1,1,1,1,1,1,1,1,1,1,1,1,1,1,1,1,2,1,2,773811.493,4487423.918,296.424,Cob,1363,0,0,2,22,1
8567,3,2007120001011,2,6,30,4,6,2,2,CV-10,84.5,84,5,1,1,5,2,3,3,1,2,1,1,2,1,1,7,7,8,1,1,1,9,14,1,1,1,NaN,1,2,NaN,,NaN,,NaN,,NaN,NaN,NaN,NaN,1,4,1,1,1,1,1,1,2,1,1,1,1,1,1,1,1,1,1,2,1,1,739792.326,4420980.047,76.796,Cob,1999,0,1,0,12,4
8569,3,2007120001014,2,6,28,4,4,1,2,CV-10,12.1,12,1,1,1,2,3,2,3,4,2,2,2,1,2,1,4,1,8,1,1,1,9,13,2,1,1,NaN,2,4,NaN,,NaN,,NaN,,NaN,NaN,NaN,NaN,3,4,1,1,1,1,1,1,2,1,1,1,1,1,1,1,1,1,1,2,1,1,769822.921,4481350.511,304.748,Sec,35935,0,0,0,13,6
8570,3,2007120001015,2,7,1,3,7,3,1,CV-194,4,4,0,0,1,5,3,2,3,1,2,1,2,2,1,1,7,7,8,1,1,1,2,14,1,1,3,NaN,2,NaN,NaN,,NaN,,NaN,,NaN,64,60,NaN,1,4,1,1,1,1,1,2,1,1,1,1,1,1,1,1,1,1,1,2,2,1,728409.315,4434867.785,227.961,Cob,1538,0,1,0,9,5
8571,3,2007120001031,2,7,2,4,1,4,1,CV-151,2.1,2,1,0,1,5,3,2,3,4,2,2,2,1,2,2,5,2,4,1,1,1,9,14,1,1,3,NaN,2,NaN,NaN,,NaN,,NaN,,NaN,53,50,NaN,1,4,1,1,1,1,1,2,1,1,1,1,1,1,1,1,1,1,1,2,1,1,748490.266,4433478.29,101.63,NaN,0,0,0,0,14,6
8573,3,2007120001035,2,7,2,3,1,1,2,CV-20,8.8,8,8,1,1,3,3,2,3,3,2,2,2,2,1,1,5,1,4,1,1,1,9,14,1,1,1,NaN,2,2,NaN,,NaN,,NaN,,NaN,NaN,NaN,NaN,2,4,1,1,1,1,1,1,2,1,1,1,1,1,1,1,1,1,1,2,1,1,707632.383,4440388.132,582.178,Pri,21516,0,1,0,8,6
8574,3,2007120001042,2,7,4,3,3,1,1,CV-205,0.4,0,4,1,1,5,2,3,3,3,2,1,2,2,1,1,7,7,8,1,1,1,2,14,1,1,1,NaN,2,NaN,NaN,,NaN,,NaN,,NaN,54,50,NaN,1,4,1,1,1,1,1,2,1,1,1,1,1,1,1,1,1,1,1,2,1,2,720497.27,4433237.033,481.715,Cob,717,0,0,0,8,5
8576,3,2007120001047,2,7,4,6,3,1,1,CV-16,6.2,6,2,1,1,5,3,2,3,4,2,2,2,1,2,2,7,7,8,1,4,1,9,14,1,1,1,NaN,2,NaN,NaN,,NaN,,NaN,,NaN,62,60,NaN,1,4,2,1,1,1,1,1,1,1,1,1,1,1,1,1,1,1,1,2,1,2,743351.351,4435218.127,152.566,Sec,23726,0,0,0,21,1
8577,3,2007120001050,2,7,6,2,5,1,1,CV-10,54.7,54,7,0,1,5,3,2,3,3,2,1,1,2,2,2,7,7,8,1,1,1,9,14,1,1,1,NaN,2,NaN,NaN,,NaN,,NaN,,NaN,63,60,NaN,1,4,2,1,1,1,1,1,1,1,1,1,1,1,1,2,1,1,1,2,1,1,761327.853,4460318.608,257.642,Cob,5530,0,0,1,5,1
8579,3,2007120001052,2,7,6,3,5,1,1,CV-148,10,10,0,1,1,5,2,3,1,1,2,1,1,2,1,1,7,7,8,1,1,1,3,14,1,1,1,NaN,2,NaN,NaN,,NaN,,12,9,NaN,NaN,NaN,NaN,1,4,1,1,1,1,1,2,1,1,1,1,1,1,1,1,1,1,1,2,1,1,761469.092,4444528.517,116.42,NaN,0,0,0,3,8,4
8580,3,2007120001055,2,7,6,4,5,1,1,CV-20,8.6,8,6,0,1,5,3,1,3,2,2,2,2,2,2,2,5,2,4,1,1,1,9,14,1,1,1,NaN,2,NaN,NaN,,NaN,,12,9,NaN,NaN,NaN,NaN,1,4,1,1,1,1,1,1,1,2,1,1,1,1,1,1,1,1,1,2,1,1,737135.378,4427226.242,131.067,Pri,21516,0,0,1,14,6
8582,3,2007120001058,2,7,3,3,2,1,1,CV-135,17.1,17,1,0,1,5,2,3,3,1,2,1,1,1,1,1,7,7,8,1,1,1,9,14,3,1,1,NaN,1,NaN,NaN,,NaN,,NaN,,NaN,61,60,NaN,1,4,2,1,1,1,1,1,1,1,1,1,1,1,1,1,1,1,1,2,1,1,786393.302,4483993.607,57.004,Pri,3706,0,0,2,9,2
8584,3,2007120001061,2,7,8,4,7,3,2,CV-11,15.9,15,9,0,1,5,3,2,3,3,2,1,1,2,1,2,7,7,8,1,1,1,9,14,3,1,1,NaN,1,4,NaN,,NaN,,NaN,,NaN,NaN,NaN,NaN,1,4,2,1,1,1,1,1,1,1,1,1,1,1,1,1,1,1,1,2,1,1,787286.663,4497469.09,152.952,Sec,4236,0,0,2,12,1
8586,3,2007120001066,2,7,7,3,6,2,2,CV-194,9,9,0,0,1,5,2,2,3,1,2,1,2,2,2,2,7,7,8,1,1,1,9,14,1,1,1,NaN,2,2,NaN,,NaN,,NaN,,NaN,NaN,NaN,NaN,1,4,1,1,1,1,1,2,2,1,1,1,1,1,1,1,1,1,1,2,1,2,725940.051,4436704.327,320.888,Cob,275,0,1,0,10,4
8587,3,2007120001072,2,7,9,4,1,4,1,CV-20,5.3,5,3,0,1,5,3,2,3,3,2,1,1,2,1,2,5,6,5,1,1,1,9,14,1,1,1,NaN,2,NaN,NaN,,NaN,,NaN,,NaN,NaN,NaN,71,1,4,1,1,1,1,1,1,1,1,1,1,1,1,1,1,1,2,1,2,1,1,740391.333,4426500.311,74.31,Pri,21516,0,0,0,11,6
8591,3,2007120001093,2,7,12,4,4,1,2,CV-10,84.7,84,7,0,1,5,2,2,3,3,2,1,1,2,2,1,7,7,8,1,1,1,9,14,1,1,1,NaN,1,1,NaN,,NaN,,NaN,,NaN,NaN,NaN,NaN,1,4,1,1,1,1,1,2,1,1,1,1,1,1,1,1,1,1,1,2,1,1,772297.263,4485581.007,295.441,Cob,1999,0,0,3,12,5
8593,3,2007120001094,2,7,12,6,4,1,2,CV-230,9.1,9,1,1,1,5,2,2,3,1,2,1,2,1,1,1,1,4,8,1,1,1,9,14,1,1,3,NaN,2,4,NaN,,NaN,,NaN,,NaN,NaN,NaN,NaN,1,4,1,1,1,1,1,2,2,1,1,1,1,1,1,1,1,1,1,2,2,2,734646.601,4412446.006,143.68,Cob,1054,0,0,1,18,6
8594,3,2007120001099,2,7,14,4,6,2,1,CV-222,4.8,4,8,0,1,5,2,3,3,3,2,1,1,1,1,1,7,7,8,1,1,1,9,14,3,1,3,NaN,1,NaN,NaN,,NaN,,NaN,,NaN,63,60,NaN,1,4,2,1,1,1,1,1,2,1,1,1,1,1,1,1,1,1,1,2,1,1,744127.453,4422038.576,33.92,Cob,7420,0,0,1,14,1
8595,3,2007120001106,2,7,16,1,1,4,1,CV-18,12.8,12,8,1,1,5,3,2,3,4,2,2,1,1,1,1,7,7,8,1,5,1,9,14,3,1,3,NaN,1,NaN,NaN,,NaN,,NaN,,NaN,64,60,NaN,1,4,1,1,1,1,1,1,1,1,1,1,1,1,1,2,1,2,1,2,1,1,751749.38,4425308.444,9.561,Cob,11846,0,0,0,0,1
8597,3,2007120001129,2,7,15,1,7,3,2,CV-190,3.2,3,2,0,1,5,3,2,3,1,2,1,2,2,2,2,7,7,8,1,5,1,2,14,1,1,1,NaN,2,1,NaN,,NaN,,NaN,,NaN,NaN,NaN,NaN,1,4,2,1,2,1,1,1,2,1,1,1,1,1,1,1,1,1,1,2,1,1,738305.486,4440727.798,226.867,Cob,4856,0,0,1,1,4
8599,3,2007120001137,2,7,18,3,3,1,2,CV-205,0.3,0,3,1,1,5,2,2,2,1,2,1,2,1,1,1,7,7,7,3,1,1,9,5,1,1,1,NaN,1,2,NaN,,NaN,,NaN,,NaN,NaN,NaN,NaN,1,4,1,1,1,1,1,2,1,1,1,1,1,1,1,1,1,1,1,2,1,1,720467.861,4433336.637,483.12,Cob,717,0,0,0,10,4
8601,3,2007120001140,2,7,19,6,4,1,2,CV-151,2,2,0,0,1,5,3,2,3,4,2,2,2,1,2,2,7,7,8,1,4,1,9,14,1,1,1,NaN,2,4,NaN,,NaN,,NaN,,NaN,NaN,NaN,NaN,1,4,2,1,1,1,1,1,1,1,1,1,1,1,1,1,1,1,1,2,1,1,748548.325,4433398.092,101.328,Pri,26907,0,0,0,22,2
8602,3,2007120001144,2,7,21,3,6,2,1,CV-132,1.6,1,6,1,1,5,3,2,3,4,2,1,1,2,2,2,7,7,8,3,1,4,9,14,2,1,1,NaN,1,NaN,NaN,,NaN,,NaN,,NaN,53,50,NaN,1,4,1,1,1,1,1,2,1,1,1,1,1,1,1,1,1,1,1,2,1,1,768761.435,4487667.504,376.045,Sec,3676,0,0,1,9,2
8603,3,2007120001145,2,7,21,3,6,2,1,CV-190,4.5,4,5,1,1,5,3,2,3,1,2,1,2,2,1,1,7,7,8,1,1,1,9,14,1,1,1,NaN,2,NaN,NaN,,NaN,,NaN,,NaN,54,50,NaN,1,4,1,1,1,1,1,2,1,1,1,1,1,1,1,1,1,1,1,2,1,1,708827.243,4450230.231,970.929,Cob,4856,0,0,0,7,5
8605,3,2007120001147,2,7,20,3,5,1,2,CV-20,15.1,15,1,0,1,5,3,2,3,1,2,1,1,1,1,1,7,7,5,1,1,1,9,14,3,1,1,NaN,1,4,NaN,,NaN,,NaN,,NaN,NaN,NaN,NaN,1,4,2,1,1,1,1,2,1,1,1,1,1,1,1,1,1,1,1,2,1,1,732705.659,4430348.842,209.546,Cob,3233,0,0,1,10,1
8606,3,2007120001148,2,7,19,3,4,1,1,CV-16,5.3,5,3,0,1,3,3,2,3,4,2,2,1,1,1,1,5,1,4,1,1,1,9,14,2,1,1,NaN,2,NaN,NaN,,NaN,,NaN,,67,NaN,60,NaN,1,4,1,1,1,1,1,2,1,1,1,1,1,1,1,1,1,1,1,2,1,1,744908.769,4434010.844,140.663,Sec,23726,0,0,0,10,6
8609,3,2007120001150,2,7,21,3,6,2,3,CV-245,27.1,27,1,1,1,5,2,3,3,3,2,1,2,2,1,2,7,7,8,1,1,1,2,14,1,1,3,NaN,2,NaN,NaN,,NaN,,12,9,NaN,NaN,NaN,NaN,1,4,2,1,1,1,1,1,1,1,1,1,1,1,1,1,1,1,1,2,1,1,697071.894,4404543.868,702.127,Cob,1545,0,0,1,10,4
8610,3,2007120001151,2,7,22,1,7,3,1,CV-10,43.7,43,7,1,1,5,3,2,3,2,2,1,1,2,1,1,5,6,4,1,3,1,9,14,1,1,1,NaN,2,NaN,NaN,,NaN,,NaN,,NaN,51,50,NaN,1,4,2,1,1,1,1,1,1,1,1,1,1,1,1,1,1,1,1,2,1,1,759337.525,4453477.321,255.161,NaN,0,0,0,1,0,6
8611,3,2007120001172,2,7,26,6,4,1,1,CV-15,4.5,4,5,1,1,5,3,2,4,3,2,1,1,1,1,2,7,7,8,1,1,1,9,14,3,1,1,NaN,1,NaN,NaN,,NaN,,NaN,,56,NaN,50,NaN,1,4,1,1,1,1,1,1,1,1,1,1,1,1,1,1,1,2,1,2,1,1,731315.158,4480849.15,1116.915,Cob,5858,0,0,1,22,1
8613,3,2007120001180,2,7,28,4,6,2,2,CV-15,0,0,0,1,1,5,3,2,3,3,2,1,1,1,1,1,7,7,8,1,1,1,9,14,3,1,3,NaN,2,1,NaN,,NaN,,NaN,,NaN,NaN,NaN,NaN,1,4,2,2,1,1,1,2,2,1,1,1,1,1,1,1,1,1,1,2,1,1,727999.691,4482967.652,1112.531,Pri,10340,0,0,0,12,2
8615,3,2007120001181,2,7,28,5,6,2,2,CV-17,0.6,0,6,1,1,5,3,2,3,4,2,1,2,2,2,2,7,7,8,1,1,1,9,14,1,1,1,NaN,2,2,NaN,,NaN,,NaN,,NaN,NaN,NaN,NaN,1,4,1,1,1,1,1,2,2,1,1,1,1,1,1,1,1,1,1,2,1,2,745919.303,4430926.647,80.428,Sec,21232,0,0,0,16,4
8617,3,2007120001186,2,7,29,6,7,3,2,CV-10,45.5,45,5,1,1,5,3,2,3,3,2,1,1,1,1,1,6,6,3,3,2,5,4,14,1,1,1,NaN,2,2,NaN,,NaN,,NaN,,NaN,NaN,NaN,NaN,1,4,1,1,1,1,1,1,2,1,1,1,1,1,1,1,1,1,1,2,1,1,759239.522,4451702.914,252.009,Cob,5530,0,1,1,20,6
8618,3,2007120001187,2,7,29,6,7,3,1,CV-222,0.3,0,3,0,1,5,3,2,3,3,2,1,1,1,1,1,7,7,8,1,5,1,9,14,3,1,1,NaN,1,NaN,NaN,,21,24,NaN,,NaN,NaN,NaN,NaN,1,4,1,1,1,1,1,1,1,1,1,1,1,1,1,2,1,1,1,2,2,1,740045.784,4423622.37,74.793,Cob,7420,0,0,0,21,2
8624,3,2007120001194,2,7,29,1,7,3,3,CV-10,47.2,47,2,0,1,5,3,2,3,3,2,1,2,1,2,2,7,7,8,1,5,1,9,14,3,1,1,NaN,2,4,NaN,,NaN,,NaN,,NaN,NaN,NaN,NaN,1,4,1,1,1,1,1,1,2,1,1,1,1,1,1,1,1,2,1,2,1,1,759343.453,4453579.384,263.443,Cob,5530,0,0,6,0,1
8625,3,2007120001197,2,8,1,2,3,1,1,CV-10,21,21,0,1,1,5,3,2,4,4,2,2,2,1,2,2,4,1,8,1,4,1,9,14,2,1,1,NaN,2,NaN,NaN,,NaN,,NaN,,56,NaN,50,NaN,1,4,1,1,1,1,1,2,1,1,1,1,1,1,1,1,1,1,1,2,1,1,766720.901,4473460.756,231.313,Pri,21988,0,0,0,5,6
8628,3,2007120001208,2,8,3,6,5,1,1,CV-191,2.3,2,3,1,1,5,2,2,3,4,2,1,1,2,1,1,7,7,8,1,4,1,2,14,1,1,1,NaN,2,NaN,NaN,,NaN,,NaN,,NaN,63,60,NaN,1,4,1,1,1,1,2,2,1,1,1,1,1,1,1,1,1,1,1,2,1,1,733135.537,4433087.947,163.158,Cob,5592,0,0,0,22,4
8630,3,2007120001210,2,8,4,3,6,2,2,CV-245,23.5,23,5,0,1,5,2,2,3,2,1,1,2,2,1,1,7,7,8,1,1,1,9,14,3,1,1,NaN,2,2,NaN,,NaN,,NaN,,NaN,NaN,NaN,NaN,1,4,1,1,1,1,1,2,2,1,1,1,1,1,1,1,1,1,1,2,1,2,702758.085,4410733.909,830.182,Cob,1545,0,1,1,9,4
8632,3,2007120001216,2,8,5,6,7,3,2,CV-235,8.3,8,3,0,1,5,2,3,2,1,2,1,2,1,1,1,7,7,5,3,1,5,4,14,1,1,3,NaN,2,2,NaN,,NaN,,NaN,,NaN,NaN,NaN,NaN,1,4,1,1,1,1,1,2,1,1,1,1,1,1,2,1,1,1,1,2,2,2,699705.219,4419217.367,613.405,Cob,1023,0,0,0,19,5
8633,3,2007120001217,2,8,6,3,1,4,1,CV-194,5.3,5,3,1,1,5,1,3,3,1,2,1,2,2,1,1,7,7,8,1,1,1,9,14,1,1,1,NaN,1,NaN,NaN,,NaN,,NaN,,NaN,63,60,NaN,1,4,2,1,1,1,1,2,1,1,1,1,1,1,1,1,1,1,1,2,1,1,723999.69,4442416.506,660.836,Cob,1538,0,0,0,8,5
8637,3,2007120001228,2,8,8,6,3,1,2,CV-16,6.5,6,5,1,1,5,3,1,1,3,2,2,2,2,1,2,5,6,8,9,1,1,2,14,1,1,1,NaN,2,3,NaN,,NaN,,NaN,,NaN,NaN,NaN,NaN,1,4,1,1,1,1,1,1,2,1,1,1,1,1,1,1,1,1,1,2,2,2,743591.651,4435049.547,146.38,Sec,23726,0,0,2,17,6
8638,3,2007120001231,2,8,9,4,4,1,1,CV-135,19.5,19,5,0,1,4,3,2,3,1,2,1,1,2,2,2,5,1,4,1,1,1,9,14,3,1,1,NaN,1,NaN,NaN,,NaN,,NaN,,NaN,63,60,NaN,1,4,1,1,1,1,2,1,1,1,1,1,1,1,1,1,1,1,1,2,1,1,788005.106,4482290.592,25.598,Pri,3706,0,0,1,12,6
8639,3,2007120001233,2,8,8,4,3,1,1,CV-18,5.9,5,9,0,1,4,3,2,3,3,2,1,1,1,1,1,7,7,5,1,1,1,9,14,3,1,1,NaN,1,NaN,NaN,,NaN,,NaN,,NaN,63,60,NaN,1,4,2,1,1,1,1,1,1,1,1,1,1,1,1,1,1,1,1,2,1,1,750723.212,4423058.587,4.813,Cob,16624,0,0,0,14,2
8640,3,2007120001235,2,8,9,4,4,1,1,CV-10,88.7,88,7,0,1,5,2,2,3,1,2,1,1,1,1,1,7,7,8,1,1,1,9,14,3,1,3,NaN,1,NaN,NaN,,NaN,,NaN,,NaN,53,50,NaN,1,4,2,1,1,2,1,1,1,1,1,1,1,1,1,1,1,1,1,2,1,1,774556.956,4488328.936,290.602,Cob,1363,0,1,0,14,1
8643,3,2007120001240,2,8,10,3,5,1,3,CV-245,35.2,35,2,1,1,5,2,2,3,1,2,1,1,2,1,1,1,1,8,1,1,1,9,14,3,1,1,NaN,1,1,NaN,,NaN,,NaN,,NaN,NaN,NaN,NaN,1,4,1,1,1,1,1,1,2,1,1,1,1,1,1,1,1,1,1,2,1,1,697402.605,4399992.822,334.975,Cob,1545,0,0,1,10,7
8644,3,2007120001243,2,8,11,4,6,2,1,CV-195,8,8,0,0,1,5,3,2,3,1,2,1,1,2,1,1,7,7,8,1,1,1,9,14,3,1,1,NaN,2,NaN,NaN,,NaN,,12,9,NaN,NaN,NaN,NaN,1,4,1,1,1,1,1,2,2,1,1,1,1,1,1,1,1,1,1,2,2,2,706699.524,4427322.386,746.906,Pri,843,0,0,1,11,5
8645,3,2007120001248,2,8,11,6,6,2,1,CV-141,1.5,1,5,1,1,5,3,2,3,3,2,1,1,1,1,1,7,7,8,1,1,1,9,14,2,1,1,NaN,1,NaN,NaN,,21,24,NaN,,NaN,NaN,NaN,NaN,1,4,1,1,1,1,1,1,1,1,1,1,1,1,1,2,1,1,1,2,1,1,787808.832,4475268.596,4.107,Cob,8869,0,0,0,17,1
8646,3,2007120001249,2,8,12,1,7,3,1,CV-18,14.6,14,6,0,1,4,3,2,3,4,2,2,2,2,2,2,5,1,4,1,3,1,9,3,1,1,1,NaN,2,NaN,NaN,,NaN,,NaN,,NaN,52,50,NaN,1,4,2,1,2,1,1,1,1,1,1,1,1,1,1,1,1,1,1,2,1,1,745245.842,4416983.605,-6.203,Cob,11846,0,0,0,2,6
8648,3,2007120001253,2,8,12,3,7,3,2,CV-20,20.8,20,8,0,1,4,2,3,3,3,2,1,2,2,2,2,1,2,3,1,1,1,9,14,1,1,1,NaN,2,2,NaN,,NaN,,NaN,,NaN,NaN,NaN,NaN,1,4,2,1,1,1,1,1,2,1,1,1,1,1,1,1,1,1,1,2,1,1,728957.73,4432165.889,271.559,Cob,3233,0,0,0,10,6
8651,3,2007120001259,2,8,14,3,2,1,2,CV-18,8,8,0,0,1,4,3,1,3,3,2,1,1,2,1,1,5,3,4,1,1,1,9,14,1,1,1,NaN,2,2,NaN,,NaN,,NaN,,NaN,NaN,NaN,NaN,1,4,2,1,1,1,1,1,2,1,1,1,1,1,1,1,1,1,1,2,1,1,750066.826,4421020.732,-5.674,Cob,16624,0,0,1,8,6