Id,Ano,Numero_Accidente,Provincia,Mes,Dia,Hora,Dia_Semana,Tipo_Dia,Vehiculos_Implicados,Carretera,Pk,Km,Hm,Sentido,Zona,Tipo_Via,Anchura_Calzada,Anchura_Carril,Marcas_Viales,Arcen,Arcen_Pavimentado,Mediana,Barrera_Seguridad,Paneles_Direccionales,Hitos_Arista,Captafaros,Interseccion_Tipo,Interseccion_Acondicionamiento,Prioridad_Regulada_por,Superficie,Luminosidad,Factores_Atmosfericos,Visibilidad_Restringida_por,Otras_Circunstancias,Senalizacion_Peligro,Aceras,Arboles,Arboles_Metros_Calzada,Visibilidad_Senalizacion_Vertical,Colision_Vehiculos_Marcha,Colision_Vehiculo_Obstaculo_1,Colision_Vehiculo_Obstaculo_2,Atropello_1,Atropello_2,Vuelco_1,Vuelco_2,Salida_Sin_Colision,Salida_Con_Colision,Lado_Salida,Otro,Circulacion,Circulacion_Medidas_Especiales,Distraccion,Inexperiencia_Conductor,Alcohol_Drogas,Cansancio_Sueno,Enfermedad,Velocidad_Inadecuada,Infraccion_Norma_Circulacion,Estado_Condicion_Via,Estado_Condicion_Senalizacion,Tramo_Obras,Mal_Estado_Vehiculo,Averia_Mecanica,Meteorologia_Adversa,Irrupcion_Animal,Circular_Sentido_Contrario,Otro_Factor,Sin_Opinion_Definida,Pendiente,Curvatura,Peralte,GPS_x,GPS_y,GPS_z,Tipo_Est,IMD,N_Muertos,N_Graves,N_Leves,Hora_Real,Fuera_o_Interseccion
8652,3,2007120001269,2,8,9,3,4,1,1,CV-215,4,4,0,1,1,5,2,3,3,1,2,1,1,2,1,1,7,7,8,1,1,1,9,14,1,1,1,NaN,2,NaN,NaN,,NaN,,NaN,,NaN,64,60,NaN,1,4,2,1,1,1,1,1,2,1,1,1,1,1,1,1,1,1,1,2,1,2,721745.959,4421198.738,531.339,Cob,193,0,0,1,9,5
8654,3,2007120001284,2,8,19,3,7,3,2,CV-16,2.9,2,9,1,1,4,3,1,3,2,2,2,2,1,2,2,1,1,4,1,1,1,9,14,1,1,1,NaN,2,3,NaN,,NaN,,NaN,,NaN,NaN,NaN,NaN,1,4,2,1,1,1,1,1,2,1,1,1,1,1,1,1,1,1,1,2,1,1,741625.711,4437189.499,126.502,Sec,23726,0,1,0,9,6
8656,3,2007120001286,2,8,19,1,7,3,2,CV-183,2,2,0,0,1,4,3,2,3,3,2,2,2,2,2,2,5,3,4,1,4,1,9,14,1,1,1,NaN,3,4,NaN,,NaN,,NaN,,NaN,NaN,NaN,NaN,1,4,2,1,2,1,1,1,1,1,1,1,1,1,1,1,1,1,1,2,1,1,753375.396,4426867.112,-2.877,Cob,6346,0,0,1,4,6
8658,3,2007120001290,2,8,20,4,1,1,2,CV-165,3.5,3,5,1,1,4,2,2,3,1,2,1,1,2,1,1,7,7,5,1,1,1,9,14,1,1,1,NaN,2,1,NaN,,NaN,,NaN,,NaN,NaN,NaN,NaN,1,4,1,1,1,1,1,2,1,1,1,1,1,1,1,1,1,1,1,2,1,1,741090.144,4452713.582,461.068,Cob,1992,0,0,1,12,4
8659,3,2007120001311,2,8,21,6,2,1,1,CV-20,8.8,8,8,1,1,5,3,2,3,1,2,1,1,1,2,1,7,7,8,1,1,1,9,14,1,1,1,NaN,1,NaN,NaN,,NaN,,12,9,NaN,NaN,NaN,NaN,1,4,2,1,1,1,1,1,1,1,1,1,1,1,1,1,1,1,1,2,1,1,707632.383,4440388.132,582.178,Pri,21516,0,0,2,20,5
8660,3,2007120001312,2,8,20,4,1,1,1,CV-222,8.5,8,5,0,1,5,3,2,3,3,2,2,2,1,1,1,7,7,5,1,1,1,9,14,3,1,1,NaN,1,NaN,NaN,,NaN,,NaN,,66,NaN,60,NaN,1,4,1,1,1,1,1,1,1,1,1,1,1,1,1,2,1,1,1,2,1,1,747291.287,4420760.661,8.797,Cob,11086,0,0,0,12,1
8662,3,2007120001318,2,8,23,4,4,1,2,CV-222,9.1,9,1,1,1,4,2,2,3,3,2,1,1,1,1,1,1,1,8,1,1,1,9,14,3,2,2,1,3,3,NaN,,NaN,,NaN,,NaN,NaN,NaN,NaN,1,4,2,1,1,1,1,1,2,1,1,1,1,1,1,1,1,1,1,2,1,1,740322.884,4423450.005,70.019,Cob,11086,0,1,0,14,7
8663,3,2007120001326,2,8,24,6,5,1,1,CV-132,2.5,2,5,1,1,4,3,2,3,4,2,1,1,2,1,1,7,7,8,3,1,4,2,4,1,1,3,NaN,2,NaN,NaN,,NaN,,NaN,,NaN,51,50,NaN,1,4,1,1,1,1,1,2,1,1,1,1,1,1,1,1,1,1,1,2,1,2,769036.462,4486826.999,367.316,Sec,3676,0,1,0,18,4
8665,3,2007120001331,2,8,24,6,5,1,2,CV-195,18.1,18,1,1,1,4,3,2,3,1,2,1,1,2,2,2,7,7,8,1,1,4,9,14,1,1,1,NaN,2,1,NaN,,NaN,,NaN,,NaN,NaN,NaN,NaN,1,4,1,1,1,1,1,2,1,1,1,1,1,1,1,1,1,1,1,2,1,1,710893.97,4438031.309,497.407,Pri,843,0,0,0,18,5
8666,3,2007120001332,2,8,25,4,6,2,1,CV-223,0.7,0,7,1,1,4,2,2,3,2,2,1,1,1,1,1,7,7,8,1,1,9,9,14,1,1,1,NaN,1,NaN,NaN,,NaN,,12,9,NaN,NaN,NaN,NaN,1,4,1,1,1,1,1,2,1,1,1,1,1,1,1,1,1,1,1,2,1,1,733382.055,4427678.559,168.643,Sec,4214,0,1,0,11,5
8667,3,2007120001334,2,8,24,6,5,1,1,CV-15,44.7,44,7,0,1,4,2,2,3,3,2,1,1,2,1,1,7,7,8,3,1,5,4,14,2,1,1,NaN,1,NaN,NaN,,NaN,,NaN,,66,NaN,60,NaN,1,4,1,1,1,1,1,1,2,1,1,1,1,1,1,1,1,1,1,2,1,2,744356.844,4476721.864,721.885,Cob,2084,0,0,0,18,3
8668,3,2007120001339,2,8,26,3,7,3,1,CV-230,0.8,0,8,1,1,4,3,2,3,3,2,1,2,2,1,1,7,7,8,1,1,1,2,14,3,1,1,NaN,2,NaN,NaN,,NaN,,NaN,,NaN,54,50,NaN,1,4,2,1,2,1,1,2,2,1,1,1,1,1,1,1,1,1,1,2,1,1,740140.473,4407891.549,7.032,Cob,1054,0,0,1,8,5
8669,3,2007120001393,2,8,30,5,4,1,1,CV-10,7.8,7,8,1,1,5,3,2,3,4,2,2,2,1,1,2,7,7,8,1,1,1,9,14,3,1,1,NaN,1,NaN,NaN,,NaN,,NaN,,57,NaN,50,NaN,1,4,1,1,1,1,1,1,1,1,1,1,1,2,1,1,1,1,1,2,1,1,771086.024,4484597.727,304.02,Sec,34199,0,0,0,15,2
8670,3,2007120001403,2,9,2,1,7,3,1,CV-135,17.5,17,5,1,1,4,2,2,3,1,2,1,1,1,1,1,7,7,8,1,5,1,9,14,3,1,1,NaN,2,NaN,NaN,,NaN,,NaN,,66,NaN,60,NaN,1,4,2,1,1,1,1,1,1,1,1,1,1,1,1,1,1,1,1,2,1,2,776733.059,4484032.917,278.49,Pri,3706,0,0,1,23,1
8672,3,2007120001439,2,9,8,4,6,2,2,CV-230,3.5,3,5,1,1,4,2,2,1,1,2,1,1,1,1,1,7,7,8,1,1,1,3,14,3,1,1,NaN,1,1,NaN,,NaN,,NaN,,NaN,NaN,NaN,NaN,1,4,1,1,1,1,1,1,2,1,1,1,1,1,1,1,1,1,1,2,2,2,738089.341,4409234.205,55.888,Cob,1054,0,1,0,14,3
8674,3,2007120001465,2,9,8,6,6,2,2,CV-230,23.1,23,1,0,1,4,3,2,3,3,2,1,2,1,1,1,7,7,8,1,1,1,9,14,3,1,1,NaN,1,4,NaN,,NaN,,NaN,,NaN,NaN,NaN,NaN,1,4,2,1,1,1,1,1,2,1,1,1,1,1,1,1,1,1,1,2,1,1,737975.215,4409512.935,54.147,Cob,13228,0,1,0,18,1
8676,3,2007120001469,2,9,11,3,2,1,2,CV-10,84.5,84,5,0,1,4,3,2,3,4,2,1,1,1,2,1,7,7,8,1,1,1,9,14,2,1,1,NaN,1,2,NaN,,NaN,,NaN,,NaN,NaN,NaN,NaN,1,4,1,1,1,1,1,1,2,1,1,1,1,1,1,1,1,1,1,2,1,1,772316.062,4485311.048,297.184,Cob,1999,0,0,0,8,3
8677,3,2007120001478,2,9,8,4,6,2,1,CV-151,0,0,0,1,1,5,3,2,3,3,2,1,1,1,1,1,5,1,4,1,1,1,9,13,1,1,1,NaN,2,NaN,NaN,,NaN,,12,9,NaN,NaN,NaN,NaN,1,4,1,1,1,1,1,1,1,2,1,1,1,1,1,1,1,1,1,2,2,1,748213.103,4433694.393,105.447,Pri,26907,0,0,0,13,6
8679,3,2007120001482,2,9,12,2,3,1,2,CV-10,37.7,37,7,0,1,5,3,2,3,4,2,1,2,1,1,1,7,7,5,1,5,1,9,14,2,1,1,NaN,1,4,NaN,,NaN,,NaN,,NaN,NaN,NaN,NaN,1,4,2,1,1,1,1,1,1,1,1,1,1,1,1,1,1,1,1,2,1,1,756802.294,4444736.556,263.805,Cob,8334,0,1,2,5,1
8680,3,2007120001484,2,9,14,1,5,1,1,CV-160,0.1,0,1,1,1,5,3,2,3,3,2,1,1,1,1,1,7,7,8,1,4,1,9,14,1,1,1,NaN,2,NaN,NaN,,NaN,,NaN,,NaN,53,50,NaN,1,4,2,1,2,1,1,1,2,1,1,1,1,1,1,1,1,1,1,2,1,1,755148.192,4445577.969,258.472,Sec,6504,0,0,1,2,2
8683,3,2007120001535,2,9,19,4,3,1,1,CV-20,41.7,41,7,1,1,5,1,3,3,1,2,1,2,1,1,2,7,7,8,1,1,1,9,14,3,1,1,NaN,2,NaN,NaN,,NaN,,NaN,,66,NaN,60,NaN,1,4,2,1,1,1,1,1,2,1,1,1,1,1,1,1,1,1,1,2,1,2,728347.068,4434250.454,272.5,Cob,647,0,0,1,11,1
8684,3,2007120001538,2,9,15,2,6,2,1,CV-141,0,0,0,1,1,5,3,2,3,3,2,1,1,1,1,2,5,6,4,1,3,1,9,14,1,1,3,NaN,2,NaN,NaN,,NaN,,NaN,,NaN,53,50,NaN,1,4,1,1,1,1,1,2,2,1,1,1,1,1,1,1,1,1,1,2,1,1,788413.217,4473920.958,-12.052,Cob,8869,0,0,0,5,6
8686,3,2007120001539,2,9,18,5,2,1,2,CV-16,0.8,0,8,0,1,5,3,2,3,3,2,1,1,2,2,2,5,6,5,1,1,1,9,14,3,1,1,NaN,2,3,NaN,,NaN,,NaN,,NaN,NaN,NaN,NaN,1,4,1,1,1,1,1,1,2,1,1,1,1,1,1,1,1,1,1,2,1,1,748363.365,4431456.237,69.13,Sec,16809,0,0,0,16,6
8688,3,2007120001556,2,9,22,3,6,2,2,CV-10,17.1,17,1,0,1,5,3,2,3,4,2,2,2,1,1,2,7,7,5,3,1,1,9,14,3,1,1,NaN,1,3,NaN,,NaN,,NaN,,NaN,NaN,NaN,NaN,1,4,2,1,1,1,1,1,1,1,1,1,1,1,1,1,1,1,1,2,1,1,744536.32,4429931.314,54.394,Cob,22490,0,0,0,10,1
8689,3,2007120001557,2,9,22,5,6,2,1,CV-195,9.5,9,5,1,1,5,3,2,3,1,2,1,1,2,1,1,7,7,8,3,1,4,9,14,3,1,1,NaN,2,NaN,NaN,,NaN,,NaN,,NaN,53,50,NaN,1,4,2,1,1,1,1,2,2,1,1,1,1,1,1,1,1,1,1,2,1,1,713797.46,4443786.591,773.096,Pri,843,0,0,0,15,2
8690,3,2007120001568,2,9,21,1,5,1,1,CV-16,6.2,6,2,0,1,5,3,2,3,4,2,2,2,1,2,2,7,7,8,1,4,1,9,14,1,1,1,NaN,2,NaN,NaN,,NaN,,NaN,,NaN,64,60,NaN,1,4,2,1,2,1,1,1,1,1,1,1,1,1,1,1,1,1,1,2,1,2,744102.365,4434359.515,155.997,Sec,23726,0,0,1,3,2
8691,3,2007120001601,2,9,29,3,6,2,1,CV-12,14,14,0,0,1,5,3,2,3,3,2,1,1,1,1,1,7,7,8,1,1,1,9,14,3,1,3,NaN,1,NaN,NaN,,NaN,,NaN,,58,NaN,50,NaN,1,4,1,1,1,1,1,2,1,1,1,1,1,1,1,1,1,1,1,2,1,1,743283.634,4492474.523,905.223,Cob,1252,0,1,1,10,3
8692,3,2007120001602,2,9,29,6,6,2,1,CV-14,10,10,0,1,1,5,2,3,3,3,2,1,1,1,1,1,7,7,8,1,1,1,9,14,2,1,1,NaN,1,NaN,NaN,,NaN,,NaN,,66,NaN,60,NaN,1,4,1,1,1,1,1,2,1,1,1,1,1,1,1,1,1,1,1,2,2,1,738563.992,4513900.553,617.01,Sec,1254,0,0,1,18,3
8696,3,2007120001603,2,9,30,2,7,3,1,CV-10,31,31,0,1,1,5,3,2,3,4,2,2,1,1,1,1,7,7,8,1,5,1,9,14,3,1,1,NaN,1,NaN,NaN,,NaN,,NaN,,66,NaN,60,NaN,1,4,1,1,1,2,1,1,1,1,1,1,1,1,1,1,1,1,1,2,1,1,763473.499,4464654.879,203.394,Cob,15686,0,0,5,5,1
8698,3,2007120001607,2,9,30,4,7,3,2,CV-141,2.7,2,7,1,1,5,3,2,3,3,2,1,1,1,1,1,7,7,8,1,1,1,9,14,2,1,1,NaN,1,4,NaN,,NaN,,NaN,,NaN,NaN,NaN,NaN,1,4,1,1,1,1,1,1,2,1,1,1,1,1,1,1,1,1,1,2,1,2,787125.62,4476242.351,11.902,Cob,8869,0,0,0,13,1
8699,3,2007120001610,2,9,28,3,5,1,1,CV-10,16.3,16,3,0,1,2,3,2,3,4,2,2,2,1,2,2,7,7,8,1,1,1,9,14,3,1,1,NaN,1,NaN,NaN,,21,24,NaN,,NaN,NaN,NaN,NaN,1,4,1,1,1,1,1,1,1,1,1,1,1,1,1,2,1,1,1,2,1,1,743809.558,4429416.976,76.74,Cob,23749,0,0,0,9,1
8700,3,2007120001613,2,9,29,5,6,2,1,CV-20,23.3,23,3,1,1,5,3,2,4,1,2,1,1,2,1,1,7,7,8,1,1,1,9,14,3,1,1,NaN,2,NaN,NaN,,NaN,,NaN,,NaN,64,60,NaN,1,4,1,1,1,1,1,2,1,1,1,1,1,1,1,1,1,1,1,2,1,1,716272.458,4437147.98,363.599,Cob,647,0,0,0,16,4
8705,3,2007120001619,2,9,28,6,5,1,3,CV-190,4.9,4,9,1,1,5,2,3,3,2,1,1,1,1,1,1,7,7,8,1,5,1,9,14,2,1,1,NaN,1,4,NaN,,NaN,,NaN,,NaN,NaN,NaN,NaN,1,4,2,1,1,1,1,2,2,1,1,1,1,1,1,1,1,1,1,2,1,1,708816.266,4450581.136,980.853,Cob,4856,0,1,2,21,1
8706,3,2007120001623,2,10,3,4,3,1,1,CV-195,8.9,8,9,0,1,5,1,3,3,1,2,1,1,2,2,1,7,7,8,3,1,3,9,14,1,1,1,NaN,2,NaN,NaN,,NaN,,NaN,,NaN,64,60,NaN,1,4,2,1,1,1,1,1,1,1,1,1,1,1,1,1,1,1,1,2,2,3,706702.288,4428048.348,791.188,Pri,843,0,0,0,11,2
8708,3,2007120001626,2,10,3,4,3,1,2,CV-10,19.8,19,8,0,1,2,3,2,3,4,2,2,2,1,2,2,3,1,8,1,1,1,9,14,3,1,1,NaN,1,3,NaN,,NaN,,NaN,,NaN,NaN,NaN,NaN,1,4,2,1,1,1,1,1,1,1,1,1,1,1,1,1,1,1,1,2,1,1,746109.054,4431660.478,77.754,Pri,21988,0,0,0,12,6
8710,3,2007120001630,2,10,4,5,4,1,2,CV-135,21.6,21,6,0,1,5,1,3,3,1,2,1,1,1,1,1,1,1,3,3,1,4,9,14,2,2,3,NaN,2,4,NaN,,NaN,,NaN,,NaN,NaN,NaN,NaN,1,4,1,1,1,1,1,1,2,1,1,1,1,1,1,1,1,1,1,2,1,1,789661.785,4480922.872,-3.755,Pri,3706,0,0,0,16,7
8714,3,2007120001631,2,10,4,3,4,1,2,CV-240,3.3,3,3,1,1,5,2,3,3,3,1,1,1,1,1,1,7,7,8,1,1,9,9,14,2,1,1,NaN,2,2,NaN,,NaN,,NaN,,NaN,NaN,NaN,NaN,1,4,2,1,1,1,1,1,1,1,1,1,1,1,1,1,1,1,1,2,1,1,695318.375,4429532.69,996.899,Cob,590,0,1,4,9,2
8717,3,2007120001637,2,10,4,6,4,1,1,CV-132,2.5,2,5,1,1,5,3,2,3,4,2,1,1,1,2,2,7,7,8,3,5,4,2,14,2,1,1,NaN,2,NaN,NaN,,NaN,,NaN,,66,NaN,60,NaN,1,4,1,1,1,1,1,2,1,1,1,1,1,1,1,1,1,1,1,2,1,2,769036.462,4486826.999,367.316,Sec,3676,0,0,4,19,2
8718,3,2007120001642,2,10,7,1,7,3,1,CV-10,72.2,72,2,1,1,5,2,2,3,3,2,1,1,2,2,2,7,7,8,1,5,1,2,14,1,1,1,NaN,2,NaN,NaN,,NaN,,NaN,,56,NaN,50,NaN,1,4,1,1,1,1,1,2,1,1,1,1,1,1,1,1,1,1,1,2,1,2,745698.715,4430467.397,65.205,Pri,3159,1,0,1,3,5
8719,3,2007120001650,2,10,7,1,7,3,1,CV-20,3.5,3,5,0,1,5,3,2,3,3,2,2,1,2,1,1,5,1,4,1,3,1,9,14,1,1,1,NaN,2,NaN,NaN,,NaN,,NaN,,NaN,53,50,NaN,1,4,1,1,1,1,1,2,1,1,1,1,1,1,1,1,1,1,1,2,1,1,741961.959,4426149.106,56.907,Sec,15381,0,1,0,23,6
8721,3,2007120001653,2,10,5,6,5,1,2,CV-149,0,0,0,1,1,5,3,2,3,3,2,2,2,1,2,1,5,6,4,1,2,1,9,14,1,1,3,NaN,2,4,NaN,,NaN,,NaN,,NaN,NaN,NaN,NaN,1,4,2,1,1,1,1,1,2,1,1,1,1,1,1,1,1,1,1,1,1,1,755886.247,4435216.17,5.323,Sec,13249,0,0,0,19,6
8722,3,2007120001658,2,10,5,3,5,1,1,CV-20,36.7,36,7,1,1,5,3,2,3,1,2,1,1,2,1,1,7,7,8,1,1,1,9,14,1,1,3,NaN,2,NaN,NaN,,NaN,,NaN,,NaN,53,50,NaN,1,4,2,1,1,1,1,1,1,1,1,1,1,1,1,1,1,1,1,2,1,1,724851.462,4435338.051,269.721,Cob,647,0,0,1,8,3
8724,3,2007120001667,2,10,11,4,4,2,1,CV-10,18.8,18,8,1,1,2,3,2,3,4,2,2,2,2,2,2,7,7,5,3,1,9,9,14,3,1,1,NaN,2,NaN,30,30,NaN,,NaN,,NaN,NaN,NaN,NaN,1,4,2,1,1,1,1,1,1,1,1,1,1,1,2,1,1,1,1,2,1,1,767220.42,4475476.702,245.093,Cob,22490,0,0,1,14,1
8728,3,2007120001674,2,10,12,5,5,3,2,CV-135,14.5,14,5,0,1,5,3,2,3,3,2,1,1,1,1,1,2,1,3,1,1,1,9,14,1,1,1,NaN,2,2,NaN,,NaN,,NaN,,NaN,NaN,NaN,NaN,1,4,1,1,1,1,1,1,2,1,1,1,1,1,1,1,1,1,1,2,1,1,784288.336,4483976.851,112.903,Pri,3706,0,0,4,16,6
8730,3,2007120001676,2,10,11,3,4,2,2,CV-16,0.5,0,5,0,1,5,3,2,3,3,2,2,2,2,1,1,5,1,5,1,3,1,9,14,1,1,1,NaN,1,3,NaN,,NaN,,NaN,,NaN,NaN,NaN,NaN,1,4,2,1,1,1,1,1,2,1,1,1,1,1,1,1,1,1,1,2,1,1,748618.25,4431352.715,67.607,Sec,16809,0,0,0,7,6
8731,3,2007120001678,2,10,12,2,5,3,1,CV-16,10.3,10,3,1,1,5,3,2,3,3,2,1,1,2,1,1,7,7,8,1,5,1,9,14,1,1,1,NaN,2,NaN,NaN,,NaN,,NaN,,NaN,64,60,NaN,1,4,1,1,1,1,1,2,1,1,1,1,1,1,1,1,1,1,1,2,1,1,746319.296,4432778.652,98.408,Sec,7470,0,0,0,5,4
8732,3,2007120001681,2,10,13,6,6,2,1,CV-10,53.1,53,1,0,1,5,2,2,3,1,2,1,2,2,1,1,7,7,5,1,1,1,9,14,2,1,1,NaN,1,NaN,NaN,,NaN,,NaN,,55,NaN,50,NaN,1,4,1,1,1,1,1,2,1,1,1,1,1,1,1,1,1,1,1,2,1,1,760234.762,4459193.459,270.536,Cob,5530,0,0,0,19,4
8733,3,2007120001702,2,10,14,6,7,3,1,CV-10,76.4,76,4,0,1,5,3,2,3,3,2,1,1,1,2,1,7,7,8,1,4,1,9,14,3,1,1,NaN,1,NaN,NaN,,NaN,,NaN,,NaN,NaN,NaN,71,1,4,1,1,1,1,1,1,1,1,1,1,1,1,1,1,1,2,1,2,1,1,769243.72,4479286.544,307.074,Pri,3159,0,0,0,22,2
8737,3,2007120001720,2,10,13,4,6,2,2,CV-10,36,36,0,0,1,2,3,2,3,4,2,2,2,2,2,2,7,7,8,1,1,1,9,14,3,1,1,NaN,1,4,NaN,,NaN,,NaN,,NaN,NaN,NaN,NaN,2,4,2,1,1,1,1,1,1,1,1,1,1,1,1,1,1,1,1,2,1,1,756071.943,4443229.472,276.299,Cob,15686,0,0,0,12,1
8738,3,2007120001725,2,10,18,6,4,1,1,CV-20,39,39,0,1,1,5,2,3,3,1,2,1,1,2,1,1,7,7,8,1,1,1,9,14,3,1,1,NaN,1,NaN,NaN,,NaN,,NaN,,66,NaN,60,NaN,1,4,1,1,1,1,1,2,1,1,1,1,1,1,1,1,1,2,1,2,1,2,726114.053,4434215.099,272.69,Cob,647,0,0,0,18,2
8740,3,2007120001726,2,10,18,6,4,1,2,CV-10,54.7,54,7,1,1,5,3,2,3,4,2,1,1,1,2,2,7,7,8,1,5,1,9,14,3,1,1,NaN,2,NaN,NaN,,21,24,NaN,,NaN,NaN,NaN,NaN,1,4,1,1,1,1,1,1,1,1,1,1,1,1,1,2,1,1,1,2,1,1,756067.206,4443267.042,274.388,Cob,5530,0,0,0,19,1
8741,3,2007120001727,2,10,19,6,5,1,1,CV-20,1.7,1,7,1,1,5,3,2,3,3,2,1,1,1,2,1,5,1,4,1,5,1,9,14,1,1,1,NaN,2,NaN,NaN,,NaN,,NaN,,NaN,NaN,NaN,71,1,4,2,1,2,1,1,1,2,1,1,1,1,1,1,1,1,1,1,2,1,2,704168.265,4443469.37,590.361,Sec,15381,0,0,1,20,6
8743,3,2007120001729,2,10,20,4,6,2,2,CV-235,19.3,19,3,1,1,5,2,2,3,1,2,1,2,2,2,1,7,7,8,1,1,1,9,14,1,1,1,NaN,2,4,NaN,,NaN,,NaN,,NaN,NaN,NaN,NaN,1,4,2,1,1,1,1,1,2,1,1,1,1,1,1,1,1,1,1,2,1,1,699970.744,4419485.678,611.46,Cob,77,0,0,1,12,5
8744,3,2007120001740,2,10,21,6,7,3,1,CV-149,2.5,2,5,1,1,5,3,2,3,4,2,2,2,1,2,2,7,7,8,1,5,1,9,14,1,1,1,NaN,2,NaN,NaN,,NaN,,NaN,,NaN,64,60,NaN,1,4,1,1,1,1,1,1,1,1,1,1,1,1,1,2,1,1,1,2,1,1,757900.943,4435632.867,-10.231,Sec,13249,0,0,0,22,1
8746,3,2007120001745,2,10,7,1,7,3,1,CV-10,23,23,0,0,1,5,3,2,4,3,2,1,2,2,2,2,5,1,4,1,3,1,9,14,2,1,1,NaN,2,NaN,NaN,,NaN,,NaN,,NaN,54,50,NaN,1,4,1,1,1,1,1,2,1,1,1,1,1,1,1,1,1,1,1,2,1,2,748230.862,4433595.044,92.248,Pri,21988,0,0,2,4,6
8748,3,2007120001748,2,10,23,6,2,1,2,CV-135,10.6,10,6,1,1,5,2,2,3,1,2,1,2,1,2,2,7,7,8,1,2,1,9,14,3,1,1,NaN,1,NaN,NaN,,NaN,,NaN,,NaN,64,60,NaN,1,4,1,1,1,1,1,1,1,1,1,1,1,1,1,1,1,2,1,2,1,1,781911.833,4484197.973,150.224,Cob,850,0,0,0,17,2
8750,3,2007120001750,2,10,23,6,2,1,2,CV-17,1.3,1,3,1,1,5,3,2,3,3,2,1,2,1,1,1,7,7,8,1,2,1,9,3,2,1,1,NaN,1,4,NaN,,NaN,,NaN,,NaN,NaN,NaN,NaN,3,4,2,1,1,1,1,1,2,1,1,1,1,1,1,1,1,1,1,2,1,1,746606.137,4430996.878,67.856,Sec,21232,0,0,0,19,3
8751,3,2007120001756,2,10,25,3,4,1,1,CV-133,5.8,5,8,0,1,5,1,3,4,1,2,1,2,1,1,2,7,7,8,3,1,4,9,14,3,1,3,NaN,1,NaN,NaN,,NaN,,12,9,NaN,NaN,NaN,NaN,1,4,1,1,1,1,1,2,1,1,1,1,1,1,2,1,1,1,1,2,1,1,769546.07,4465795.803,209.996,Cob,864,0,1,0,9,1
8753,3,2007120001759,2,10,24,3,3,1,2,CV-170,21.8,21,8,0,1,5,3,2,3,1,2,1,2,1,1,1,7,7,8,3,1,4,2,14,1,1,1,NaN,2,2,NaN,,NaN,,NaN,,NaN,NaN,NaN,NaN,1,4,1,1,1,1,1,1,2,1,1,1,1,1,1,1,1,1,1,2,2,2,735376.556,4461170.104,879.82,Cob,494,0,0,3,9,5
8755,3,2007120001761,2,10,24,6,3,1,2,CV-223,0,0,0,1,1,5,3,2,3,4,2,1,2,2,1,2,5,6,4,3,2,5,9,14,3,1,1,NaN,2,2,NaN,,NaN,,NaN,,NaN,NaN,NaN,NaN,1,4,1,1,1,1,1,1,2,1,1,1,1,1,1,1,1,1,1,2,1,1,733822.911,4427884.61,157.615,Sec,4214,0,0,0,19,6
8756,3,2007120001766,2,10,27,4,6,2,1,CV-20,31.5,31,5,1,1,5,2,2,3,3,2,1,2,2,1,1,7,7,8,1,1,1,2,14,1,1,1,NaN,2,NaN,NaN,,NaN,,NaN,,NaN,54,50,NaN,1,4,1,1,1,1,1,2,2,1,1,1,1,1,1,1,1,1,1,2,1,1,721113.338,4437575.294,338.609,Cob,647,1,0,0,11,5
8757,3,2007120001769,2,10,28,1,7,3,1,CV-10,27.1,27,1,1,1,5,3,2,3,4,2,2,2,2,2,2,7,7,7,1,5,1,9,14,3,1,1,NaN,2,NaN,NaN,,NaN,,NaN,,NaN,54,50,NaN,1,4,2,1,2,1,1,1,1,1,1,1,1,1,1,1,1,1,1,2,1,1,765496.25,4467945.363,164.733,Sec,17539,0,0,0,2,2
8758,3,2007120001775,2,10,28,6,7,3,1,CV-141,1.7,1,7,1,1,5,3,2,3,3,2,1,1,1,2,1,7,7,8,1,2,1,9,14,3,1,1,NaN,1,NaN,NaN,,21,24,NaN,,NaN,NaN,NaN,NaN,1,4,1,1,1,1,1,1,1,1,1,1,1,1,1,2,1,1,1,2,1,1,787742.611,4475455.758,7.648,Cob,8869,0,0,0,19,1
8759,3,2007120001782,2,10,25,6,4,1,1,CV-10,10.9,10,9,0,1,5,3,2,3,4,2,2,2,1,2,2,7,7,8,1,4,1,9,14,1,1,1,NaN,2,NaN,NaN,,NaN,,NaN,,NaN,54,50,NaN,1,4,1,1,1,1,1,1,1,1,1,1,1,1,1,2,1,1,1,2,1,1,740651.223,4425246.507,73.579,Sec,35935,0,0,0,20,1
8761,3,2007120001787,2,10,28,1,7,3,2,CV-151,0.8,0,8,1,1,5,3,2,4,3,2,2,2,1,2,2,7,7,8,1,3,1,9,14,1,1,1,NaN,2,NaN,NaN,,21,24,NaN,,NaN,NaN,NaN,NaN,1,4,1,1,1,1,1,1,1,1,1,1,1,1,1,2,1,1,1,2,1,1,748700.292,4433169.107,97.224,Pri,26907,0,0,0,23,1
8763,3,2007120001792,2,10,30,3,2,1,2,CV-20,8.6,8,6,1,1,5,3,2,3,3,2,1,2,1,1,2,4,1,4,1,1,1,9,14,2,1,1,NaN,2,2,NaN,,NaN,,NaN,,NaN,NaN,NaN,NaN,1,4,1,1,1,1,1,1,2,1,1,1,1,1,1,1,1,1,1,2,1,1,707600.901,4440466.922,581.808,Pri,21516,0,0,1,9,6