Id,Ano,Numero_Accidente,Provincia,Mes,Dia,Hora,Dia_Semana,Tipo_Dia,Vehiculos_Implicados,Carretera,Pk,Km,Hm,Sentido,Zona,Tipo_Via,Anchura_Calzada,Anchura_Carril,Marcas_Viales,Arcen,Arcen_Pavimentado,Mediana,Barrera_Seguridad,Paneles_Direccionales,Hitos_Arista,Captafaros,Interseccion_Tipo,Interseccion_Acondicionamiento,Prioridad_Regulada_por,Superficie,Luminosidad,Factores_Atmosfericos,Visibilidad_Restringida_por,Otras_Circunstancias,Senalizacion_Peligro,Aceras,Arboles,Arboles_Metros_Calzada,Visibilidad_Senalizacion_Vertical,Colision_Vehiculos_Marcha,Colision_Vehiculo_Obstaculo_1,Colision_Vehiculo_Obstaculo_2,Atropello_1,Atropello_2,Vuelco_1,Vuelco_2,Salida_Sin_Colision,Salida_Con_Colision,Lado_Salida,Otro,Circulacion,Circulacion_Medidas_Especiales,Distraccion,Inexperiencia_Conductor,Alcohol_Drogas,Cansancio_Sueno,Enfermedad,Velocidad_Inadecuada,Infraccion_Norma_Circulacion,Estado_Condicion_Via,Estado_Condicion_Senalizacion,Tramo_Obras,Mal_Estado_Vehiculo,Averia_Mecanica,Meteorologia_Adversa,Irrupcion_Animal,Circular_Sentido_Contrario,Otro_Factor,Sin_Opinion_Definida,Pendiente,Curvatura,Peralte,GPS_x,GPS_y,GPS_z,Tipo_Est,IMD,N_Muertos,N_Graves,N_Leves,Hora_Real,Fuera_o_Interseccion
8764,3,2007120001795,2,10,29,6,1,4,1,CV-16,2.4,2,4,0,1,5,3,2,3,4,2,2,1,2,1,2,7,7,8,1,2,1,9,14,3,1,1,NaN,2,NaN,NaN,,21,24,NaN,,NaN,NaN,NaN,NaN,1,4,1,1,1,1,1,1,1,1,1,1,1,1,1,2,1,1,1,2,1,1,747105.413,4432354.089,81.888,Sec,16809,0,0,0,17,1
8766,3,2007120001796,2,10,30,4,2,1,2,CV-16,3.7,3,7,1,1,5,3,2,3,3,2,2,2,2,2,2,5,1,4,1,1,1,9,14,3,1,1,NaN,2,3,NaN,,NaN,,NaN,,NaN,NaN,NaN,NaN,1,4,1,1,1,1,1,1,2,1,1,1,1,1,1,1,1,1,1,2,1,2,742079.614,4436616.873,129.226,Sec,23726,0,0,0,14,6
8768,3,2007120001797,2,10,31,4,3,2,2,CV-10,67,67,0,1,1,5,3,2,3,3,2,1,2,2,2,1,7,7,8,1,1,1,2,14,1,1,3,NaN,2,4,NaN,,NaN,,NaN,,NaN,NaN,NaN,NaN,1,4,2,1,1,1,1,1,1,1,1,1,1,1,1,1,1,1,1,2,1,1,748423.51,4434293.711,105.768,Cob,5054,0,0,1,13,5
8770,3,2007120001798,2,11,1,3,4,3,2,CV-183,2.3,2,3,0,1,5,3,2,3,3,2,1,1,2,1,1,5,1,4,1,1,1,9,14,1,1,1,NaN,2,2,NaN,,NaN,,NaN,,NaN,NaN,NaN,NaN,1,4,1,1,2,1,1,1,2,1,1,1,1,1,1,1,1,1,1,2,1,1,753634.278,4427013.005,-4.633,Cob,6346,0,0,1,9,6
8774,3,2007120001799,2,11,1,5,4,3,1,CV-135,18.5,18,5,0,1,5,2,3,3,1,2,1,1,1,2,2,7,7,8,1,1,1,9,14,3,1,1,NaN,2,NaN,NaN,,NaN,,NaN,,NaN,51,50,NaN,1,4,2,2,1,1,1,1,1,1,1,1,1,1,1,1,1,1,1,2,1,1,787350.041,4483011.747,36.305,Pri,3706,0,0,5,16,1
8775,3,2007120001801,2,11,1,6,4,3,1,CV-222,2.3,2,3,0,1,5,3,2,3,4,2,1,1,2,1,1,7,7,8,1,5,1,2,14,1,1,1,NaN,2,NaN,NaN,,NaN,,NaN,,NaN,62,60,NaN,1,4,1,1,2,1,1,2,1,1,1,1,1,1,1,1,1,1,1,2,1,1,741785.086,4422792.264,56.549,Cob,7420,0,0,0,17,4
8777,3,2007120001812,2,11,4,3,7,3,2,CV-20,36.5,36,5,0,1,5,3,2,3,1,2,1,2,2,2,2,7,7,8,1,1,1,9,14,1,1,3,NaN,2,NaN,NaN,,NaN,,NaN,,NaN,64,60,NaN,1,4,1,1,1,1,1,2,1,1,1,1,1,1,1,1,1,1,1,2,1,1,719691.899,4437780.349,329.528,Cob,647,0,1,1,10,4
8778,3,2007120001813,2,11,4,1,7,3,1,CV-10,55.7,55,7,1,1,5,3,2,3,3,2,1,1,2,2,2,7,7,8,1,5,1,9,14,3,1,1,NaN,1,NaN,NaN,,21,24,NaN,,NaN,NaN,NaN,NaN,1,4,1,1,1,1,1,1,1,1,1,1,1,1,1,2,1,1,1,2,1,1,755446.96,4442647.813,288.454,Cob,5530,0,0,0,23,1
8780,3,2007120001821,2,11,5,4,1,1,2,CV-10,66.9,66,9,0,1,5,2,2,3,4,2,1,1,1,2,2,7,7,8,1,1,1,9,14,2,1,1,NaN,2,2,NaN,,NaN,,NaN,,NaN,NaN,NaN,NaN,1,4,1,1,1,1,1,1,2,1,1,1,1,1,1,1,1,1,1,2,1,1,765609.165,4470993.973,204.04,Cob,5054,0,0,1,14,1
8781,3,2007120001828,2,11,3,1,6,2,1,CV-20,2.2,2,2,0,1,5,3,2,3,3,2,2,2,1,2,2,5,3,8,1,3,1,9,14,1,1,1,NaN,2,NaN,NaN,,NaN,,NaN,,NaN,53,50,NaN,1,4,1,1,1,1,1,2,1,1,1,1,1,1,1,1,1,1,1,2,1,1,743233.295,4425992.353,51.709,Sec,15381,0,0,0,23,6
8783,3,2007120001835,2,11,7,4,3,1,2,CV-11,16.8,16,8,1,1,5,3,2,3,3,2,1,1,1,1,2,2,1,8,1,1,1,9,14,2,1,1,NaN,2,3,NaN,,NaN,,NaN,,NaN,NaN,NaN,NaN,1,4,2,1,1,1,1,1,1,1,1,1,1,1,1,1,1,1,1,2,1,1,781741.836,4494566.458,193.256,Sec,4236,0,0,0,13,6
8784,3,2007120001836,2,11,8,5,4,1,1,CV-18,6,6,0,0,1,5,3,2,3,3,2,1,1,2,1,1,7,7,8,1,1,1,9,14,2,1,3,NaN,2,NaN,NaN,,NaN,,NaN,,NaN,63,60,NaN,1,4,2,1,1,1,1,1,2,1,1,1,1,1,1,1,1,1,1,2,1,2,750700.458,4422961.984,4.432,Cob,16624,0,1,0,15,1
8786,3,2007120001837,2,11,6,3,2,1,2,CV-135,21,21,0,1,1,5,2,3,3,1,2,1,1,1,1,1,1,1,8,1,1,1,9,14,2,1,1,NaN,2,4,NaN,,NaN,,NaN,,NaN,NaN,NaN,NaN,1,4,2,1,1,1,1,1,1,1,1,1,1,1,1,1,1,1,1,2,1,2,774062.881,4485580.196,305.601,Pri,3706,0,0,0,9,7
8787,3,2007120001842,2,11,10,1,6,2,1,CV-135,7.3,7,3,0,1,5,2,2,3,3,2,1,2,2,2,2,7,7,8,1,5,1,9,14,2,1,1,NaN,2,NaN,NaN,,NaN,,NaN,,65,NaN,60,NaN,1,4,2,1,1,1,1,1,1,1,1,1,1,1,1,1,1,1,1,2,1,2,777964.227,4483765.13,222.038,Cob,484,0,0,1,2,1
8788,3,2007120001844,2,11,10,5,6,2,1,CV-216,0,0,0,0,1,5,3,2,3,2,2,1,2,2,1,1,7,7,8,1,1,1,2,14,3,1,1,NaN,2,NaN,NaN,,NaN,,NaN,,66,NaN,60,NaN,1,4,1,1,1,1,1,2,2,1,1,1,1,1,1,1,1,1,1,2,1,1,714230.88,4415927.326,373.296,Cob,461,0,1,1,16,5
8789,3,2007120001846,2,11,11,3,7,3,1,CV-15,43.3,43,3,0,1,5,3,2,3,3,2,1,1,2,1,2,7,7,8,1,1,1,9,14,3,1,3,NaN,2,NaN,NaN,,NaN,,NaN,,56,NaN,50,NaN,1,4,1,1,1,1,1,2,2,1,1,1,1,1,1,1,1,1,1,2,1,1,745186.658,4475740.422,693.67,Cob,2084,1,0,0,10,2
8791,3,2007120001850,2,11,5,3,1,4,2,CV-20,4.7,4,7,0,1,5,3,2,3,3,2,1,2,2,1,2,5,6,4,1,1,1,9,14,3,1,1,NaN,1,3,NaN,,NaN,,NaN,,NaN,NaN,NaN,NaN,1,4,1,1,1,1,1,1,2,1,1,1,1,1,1,1,1,1,1,2,1,2,740875.225,4426225.953,67.702,Pri,21516,0,0,0,10,6
8793,3,2007120001855,2,11,6,4,2,1,2,CV-151,0,0,0,1,1,5,3,2,3,3,2,1,1,1,1,1,5,1,8,1,1,1,9,14,1,1,1,NaN,2,3,NaN,,NaN,,NaN,,NaN,NaN,NaN,NaN,1,4,1,1,1,1,1,1,1,1,1,1,1,1,1,1,1,1,2,2,2,1,748213.103,4433694.393,105.447,Pri,26907,0,0,0,14,6
8794,3,2007120001856,2,11,10,3,6,2,1,CV-223,1.3,1,3,1,1,5,3,2,3,3,2,1,1,1,1,1,7,7,8,1,1,1,9,14,3,1,1,NaN,2,NaN,NaN,,NaN,,NaN,,NaN,54,50,NaN,1,4,2,1,1,1,1,1,1,1,1,1,1,1,1,1,1,1,1,2,1,1,732860.57,4427482.707,193.912,Sec,4214,0,1,0,7,1
8796,3,2007120001858,2,11,8,4,4,1,2,CV-16,2.8,2,8,1,1,5,3,2,3,3,2,2,2,1,1,1,5,6,4,1,1,1,9,14,1,1,3,NaN,2,2,NaN,,NaN,,NaN,,NaN,NaN,NaN,NaN,1,4,1,1,1,1,1,1,2,1,1,1,1,1,1,1,1,1,1,2,1,1,741641.933,4437286.634,127.786,Sec,23726,0,0,0,13,6
8797,3,2007120001859,2,11,13,2,2,1,1,CV-222,0.5,0,5,1,1,5,2,2,3,4,2,1,1,2,1,1,7,7,8,1,5,1,2,14,1,1,1,NaN,2,NaN,NaN,,NaN,,NaN,,66,NaN,60,NaN,1,4,2,1,1,1,1,1,1,1,1,1,1,1,1,1,1,1,1,2,1,1,748144.25,4420489.969,3.029,Cob,7420,0,0,1,5,4
8798,3,2007120001861,2,11,9,6,5,1,1,CV-16,6.2,6,2,1,1,5,3,2,3,4,2,1,2,2,2,2,7,7,8,1,2,1,9,14,3,1,1,NaN,1,NaN,NaN,,21,24,NaN,,NaN,NaN,NaN,NaN,1,4,1,1,1,1,1,1,1,1,1,1,1,1,1,2,1,1,1,2,1,2,743351.351,4435218.127,152.566,Sec,23726,0,0,0,21,1
8799,3,2007120001865,2,11,9,3,5,1,1,CV-222,4.6,4,6,0,1,5,2,2,3,4,2,1,1,1,1,1,7,7,8,1,1,1,9,14,3,1,1,NaN,2,NaN,NaN,,NaN,,NaN,,NaN,53,50,NaN,1,4,2,1,1,1,1,1,1,1,1,1,1,1,1,1,1,1,1,2,1,1,743939.649,4422101.466,34.697,Cob,7420,0,0,0,10,1
8800,3,2007120001867,2,11,12,3,1,4,1,CV-11,1.3,1,3,0,1,5,3,2,3,3,2,1,1,1,1,2,7,7,8,1,2,1,9,14,3,1,1,NaN,2,NaN,NaN,,21,24,NaN,,NaN,NaN,NaN,NaN,1,4,1,1,1,1,1,1,1,1,1,1,1,1,1,2,1,1,1,2,1,1,793946.556,4488352.16,9.734,Cob,1971,0,0,0,7,1
8801,3,2007120001875,2,11,12,3,1,4,1,CV-20,7.4,7,4,1,1,5,3,2,3,3,2,2,1,1,1,1,5,1,4,1,1,1,9,14,1,1,1,NaN,2,NaN,NaN,,NaN,,12,9,NaN,NaN,NaN,NaN,1,4,1,1,1,1,1,2,2,1,1,1,1,1,1,1,1,1,1,2,1,1,707378.854,4441306.75,581.258,Pri,21516,0,0,1,8,6
8802,3,2007120001877,2,11,11,3,7,3,1,CV-10,4.7,4,7,0,1,5,3,2,3,4,2,2,2,1,1,1,7,7,8,1,2,1,9,14,3,1,1,NaN,1,NaN,NaN,,NaN,,NaN,,NaN,NaN,NaN,71,1,4,1,1,1,1,1,1,1,1,1,1,1,1,1,1,1,1,2,2,1,1,739813.763,4419371.514,75.374,Cob,30811,0,0,0,7,1
8803,3,2007120001879,2,11,13,4,2,1,1,CV-222,6.5,6,5,0,1,5,2,3,3,3,2,1,1,1,1,1,5,1,8,1,1,1,9,14,3,1,1,NaN,1,NaN,NaN,,NaN,,12,9,NaN,NaN,NaN,NaN,1,4,1,1,1,1,1,1,1,1,1,1,1,1,1,1,1,2,1,2,1,1,745524.64,4421179.57,21.325,Cob,7420,0,0,0,11,6
8805,3,2007120001891,2,11,15,5,4,1,2,CV-21,9,9,0,1,1,5,3,2,3,3,2,1,1,1,1,1,4,2,8,1,1,1,9,14,3,1,3,NaN,2,4,NaN,,NaN,,NaN,,NaN,NaN,NaN,NaN,1,4,2,1,1,1,1,1,1,1,1,1,1,1,1,1,1,1,1,2,1,2,739559.459,4433750.043,164.669,Cob,5469,0,0,0,16,6
8807,3,2007120001893,2,11,16,6,5,1,2,CV-16,11.4,11,4,1,1,5,2,2,3,3,2,1,1,1,1,1,7,7,8,1,5,1,9,14,3,1,1,NaN,2,2,NaN,,NaN,,NaN,,NaN,NaN,NaN,NaN,3,4,1,1,1,1,1,1,2,1,1,1,1,1,1,1,1,1,1,2,1,1,747243.304,4432268.249,81.504,Sec,7470,0,0,0,21,1
8808,3,2007120001897,2,11,17,5,6,2,1,CV-15,8,8,0,1,1,5,3,2,3,3,2,1,1,1,1,1,2,1,3,1,1,1,9,14,1,1,1,NaN,2,NaN,NaN,,NaN,,NaN,,NaN,53,50,NaN,1,4,1,1,1,1,1,1,2,1,1,1,1,1,1,1,1,1,1,2,1,1,733518.318,4479859.946,1120.478,Cob,5858,0,0,2,15,6
8809,3,2007120001899,2,11,17,3,6,2,1,CV-235,9,9,0,0,1,5,1,3,3,1,2,1,2,2,1,1,7,7,8,1,1,1,9,14,2,1,1,NaN,1,NaN,NaN,,NaN,,NaN,,67,NaN,60,NaN,1,4,2,2,1,1,1,2,1,1,1,1,1,1,1,1,1,1,1,2,1,1,699218.496,4418973.92,623.047,Cob,1023,0,0,1,10,2
8810,3,2007120001901,2,11,18,3,7,3,1,CV-190,1.5,1,5,0,1,5,3,2,3,3,2,1,1,1,1,1,7,7,8,1,5,1,9,14,3,1,1,NaN,2,NaN,NaN,,NaN,,NaN,,NaN,63,60,NaN,1,4,1,1,1,2,2,1,1,1,1,1,1,1,1,1,1,1,1,2,1,1,738530.972,4439554.385,228.441,Cob,4856,0,1,0,7,1
8812,3,2007120001905,2,11,15,6,4,1,2,CV-10,27,27,0,1,1,5,3,2,3,3,2,2,2,1,1,1,7,7,8,1,4,1,9,14,3,1,1,NaN,2,NaN,30,32,NaN,,NaN,,NaN,NaN,NaN,NaN,1,4,1,1,1,1,1,1,2,1,1,1,1,1,1,1,1,2,1,2,1,1,765539.328,4468034.673,167.838,Sec,17539,0,0,0,20,2
8814,3,2007120001906,2,11,17,3,6,2,2,CV-10,38.2,38,2,0,1,5,3,2,3,3,2,1,2,1,1,1,7,7,8,1,1,1,9,14,3,1,1,NaN,2,2,NaN,,NaN,,NaN,,NaN,NaN,NaN,NaN,1,4,1,1,1,1,1,1,1,1,1,1,1,2,1,1,1,2,1,2,1,1,757204.131,4445179.199,272.983,Cob,8334,0,0,1,10,1
8816,3,2007120001913,2,11,19,3,1,1,2,CV-10,39.5,39,5,0,1,5,3,2,3,4,2,1,1,1,1,1,7,7,8,1,1,1,9,14,1,1,1,NaN,2,3,NaN,,NaN,,NaN,,NaN,NaN,NaN,NaN,1,4,1,1,1,1,1,1,2,1,1,1,1,1,1,1,1,1,1,2,1,1,757782.371,4446214.744,266.908,Cob,8334,0,0,0,8,1
8819,3,2007120001914,2,11,21,3,3,1,3,CV-11,18.8,18,8,0,1,5,3,3,3,4,2,1,1,1,1,2,5,5,3,1,1,9,9,14,1,1,3,NaN,2,2,NaN,,NaN,,NaN,,NaN,NaN,NaN,NaN,1,4,1,1,1,1,1,1,2,1,1,1,1,1,1,1,1,1,1,2,1,1,789434.718,4495567.587,108.78,Sec,4236,1,2,0,8,6
8821,3,2007120001916,2,11,19,3,1,4,2,CV-10,13.8,13,8,0,1,5,3,2,3,4,2,2,2,2,1,2,7,7,8,1,1,1,9,14,3,1,1,NaN,2,4,NaN,,NaN,,NaN,,NaN,NaN,NaN,NaN,3,4,1,1,1,1,1,1,2,1,1,1,1,1,1,1,1,1,1,2,1,1,742466.091,4427352.139,77.921,Sec,35935,0,0,0,8,1
8822,3,2007120001929,2,11,24,3,6,2,1,CV-14,28.3,28,3,0,1,5,3,2,3,1,2,1,2,2,1,1,7,7,8,3,5,1,2,14,2,1,1,NaN,1,NaN,NaN,,NaN,,NaN,,NaN,54,50,NaN,1,4,1,1,1,1,1,2,1,1,1,1,1,1,1,1,1,1,1,2,1,1,739982.799,4517351.422,535.78,Cob,1128,0,0,0,7,3
8824,3,2007120001930,2,11,24,4,6,2,2,CV-15,21.3,21,3,1,1,5,3,3,3,3,2,1,2,2,1,1,7,7,8,1,1,1,2,14,1,1,1,NaN,2,2,NaN,,NaN,,NaN,,NaN,NaN,NaN,NaN,1,4,1,1,1,1,1,1,2,1,1,1,1,1,1,1,1,1,1,2,1,2,742434.937,4481748.25,1048.171,Per,4774,0,0,3,14,5
8825,3,2007120001932,2,11,25,4,7,3,1,CV-235,14,14,0,1,1,5,2,3,3,3,2,1,2,2,1,1,7,7,8,1,1,1,9,14,1,1,3,NaN,2,NaN,NaN,,NaN,,NaN,,66,NaN,60,NaN,1,4,2,1,1,1,1,1,2,1,1,1,1,1,1,1,1,1,1,1,1,2,696173.292,4419231.843,738.606,Cob,77,0,0,1,11,5
8827,3,2007120001935,2,11,26,3,1,4,2,CV-195,5,5,0,0,1,5,3,2,3,1,2,1,1,1,1,1,2,6,3,1,1,1,2,14,3,1,3,NaN,2,2,NaN,,NaN,,NaN,,NaN,NaN,NaN,NaN,1,4,1,1,1,1,1,1,2,1,1,1,1,1,1,1,1,1,1,2,1,1,707924.565,4425504.8,620.387,Cob,2579,0,1,0,8,6
8829,3,2007120001940,2,11,26,3,1,4,2,CV-133,3.1,3,1,0,1,5,1,3,3,1,2,1,1,2,1,1,7,7,8,1,1,1,2,14,1,1,1,NaN,2,3,NaN,,NaN,,NaN,,NaN,NaN,NaN,NaN,1,4,1,1,1,1,1,1,2,1,1,1,1,1,1,1,1,1,1,2,1,1,770951.102,4465958.965,243.443,Cob,864,0,1,0,10,5
8833,3,2007120001941,2,11,27,4,2,1,1,CV-21,1.7,1,7,0,1,5,3,2,3,3,2,1,1,1,1,1,7,7,8,1,1,1,9,14,3,1,3,NaN,2,NaN,NaN,,NaN,,NaN,,56,NaN,50,NaN,1,4,1,2,1,1,1,1,1,1,1,1,1,1,1,1,1,1,1,2,1,1,738953.149,4437542.782,187.055,Sec,6884,0,0,4,14,1
8835,3,2007120001948,2,11,28,4,3,1,2,CV-141,3,3,0,0,1,5,2,3,3,3,2,1,1,2,2,2,1,1,8,1,1,1,9,14,3,1,1,NaN,2,4,NaN,,NaN,,NaN,,NaN,NaN,NaN,NaN,1,4,1,1,1,1,1,1,2,1,1,1,1,1,1,1,1,1,1,2,1,1,787512.409,4475751.259,10.093,Cob,8869,0,0,0,11,6
8836,3,2007120001950,2,11,24,4,6,2,1,CV-235,8.9,8,9,1,1,5,3,2,3,1,2,1,2,2,1,1,7,7,8,1,1,1,9,14,1,1,3,NaN,2,NaN,NaN,,NaN,,NaN,,NaN,64,60,NaN,1,4,1,1,1,1,1,2,1,1,1,1,1,1,1,1,1,1,1,2,2,1,695815.702,4415511.678,932.687,Cob,1023,0,1,0,11,3
8837,3,2007120001954,2,11,27,1,2,1,1,CV-18,5.3,5,3,0,1,5,3,2,3,3,2,1,1,1,1,2,7,7,8,1,5,1,9,14,3,1,1,NaN,1,NaN,NaN,,NaN,,NaN,,NaN,63,60,NaN,1,4,1,1,1,2,1,1,1,1,1,1,1,1,1,1,1,1,1,2,1,1,750864.437,4423636.212,6.058,Cob,16624,0,0,0,3,1
8838,3,2007120001956,2,11,28,6,3,1,1,CV-15,19.8,19,8,1,1,5,3,2,3,3,2,1,1,1,1,1,7,7,8,1,2,1,9,14,3,1,1,NaN,1,NaN,NaN,,NaN,,NaN,,57,NaN,50,NaN,1,4,1,1,1,1,1,1,1,1,1,1,1,1,1,1,1,2,1,2,1,1,742436.07,4482309.063,1126.229,Per,4774,0,0,0,19,1
8839,3,2007120001957,2,11,29,6,4,1,1,CV-18,14.6,14,6,0,1,5,3,2,3,4,2,2,2,2,2,2,5,1,4,1,5,1,9,14,1,1,1,NaN,2,NaN,NaN,,NaN,,NaN,,NaN,52,50,NaN,1,4,1,1,2,1,1,2,1,1,1,1,1,1,1,1,1,1,1,2,1,1,745329.186,4417038.874,-6.349,Cob,11846,0,0,0,18,6
8840,3,2007120001960,2,11,30,6,5,1,1,CV-15,16.5,16,5,1,2,5,3,3,3,1,2,1,1,1,1,1,7,7,6,1,3,1,9,14,1,2,3,NaN,2,NaN,NaN,,21,21,NaN,,NaN,NaN,NaN,NaN,1,4,1,1,1,1,1,1,2,1,1,1,1,1,1,1,1,1,1,2,1,1,739975.329,4482139.379,1033.584,Per,4774,1,0,0,19,1
8841,3,2007120001962,2,11,30,6,5,1,1,CV-20,3.5,3,5,1,1,5,3,2,3,3,2,2,1,1,1,1,5,1,4,1,5,1,9,14,1,1,1,NaN,2,NaN,NaN,,NaN,,NaN,,NaN,62,60,NaN,1,4,1,1,2,1,1,1,2,1,1,1,1,1,1,1,1,1,1,2,1,1,705165.998,4442251.1,596.779,Sec,15381,0,0,1,21,6
8845,3,2007120001967,2,12,1,4,6,2,4,CV-222,2.3,2,3,1,1,5,2,3,3,4,2,1,1,1,1,1,2,1,8,1,1,1,9,14,1,1,1,NaN,2,5,NaN,,NaN,,NaN,,NaN,NaN,NaN,NaN,1,4,2,1,1,1,1,1,2,1,1,1,1,1,1,1,1,1,1,2,1,1,746498.437,4420915.125,19.857,Cob,7420,0,1,0,12,6
8846,3,2007120001969,2,12,3,3,1,1,1,CV-191,1.5,1,5,0,1,5,3,2,3,3,2,1,1,2,1,1,7,7,8,1,1,1,9,14,3,1,2,3,2,NaN,NaN,,NaN,,NaN,,NaN,62,60,NaN,1,4,2,1,1,1,1,1,1,1,1,1,1,1,1,1,1,1,1,2,1,1,733168.545,4430698.161,193.402,Cob,5592,0,1,0,10,2
8848,3,2007120001973,2,12,4,6,2,1,2,CV-18,8,8,0,1,1,7,3,1,3,1,2,2,1,1,1,1,5,1,4,1,4,1,9,14,1,1,1,NaN,2,4,NaN,,NaN,,NaN,,NaN,NaN,NaN,NaN,1,4,2,1,1,1,1,1,2,1,1,1,1,1,1,1,1,1,1,2,1,1,750119.805,4421118.625,-1.374,Cob,16624,0,0,0,19,6
8849,3,2007120001977,2,12,4,3,2,1,1,CV-160,1.3,1,3,0,1,5,2,2,3,1,2,1,2,1,1,1,7,7,8,1,2,1,9,14,3,1,1,NaN,2,NaN,NaN,,NaN,,NaN,,NaN,64,60,NaN,1,4,2,1,1,1,1,1,1,1,1,1,1,1,1,1,1,1,1,2,1,1,743617.829,4437550.362,139.377,Sec,6504,0,1,0,7,1
8852,3,2007120001978,2,12,5,6,3,2,3,CV-11,20.1,20,1,0,1,5,2,3,3,3,2,1,1,2,2,2,7,7,8,1,1,1,9,2,1,1,1,NaN,2,NaN,NaN,,NaN,,NaN,,NaN,64,60,NaN,1,4,1,1,1,1,1,1,2,1,1,1,1,1,1,1,1,1,1,2,1,1,790252.842,4494577.751,90.461,Sec,4236,0,0,1,17,1
8853,3,2007120001979,2,12,6,3,4,3,1,CV-10,1.2,1,2,0,1,5,3,2,3,3,2,1,1,1,1,1,7,7,8,1,1,1,9,14,3,1,2,3,1,NaN,NaN,,NaN,,NaN,,NaN,52,50,NaN,1,4,1,1,1,1,2,1,1,1,1,1,1,1,1,1,1,1,1,2,1,2,741958.68,4416871.039,13.117,Sec,29961,0,0,0,8,1
8857,3,2007120001982,2,12,1,5,6,1,2,CV-10,48.7,48,7,0,1,5,3,2,3,3,2,1,1,1,1,1,7,7,8,1,1,1,9,14,3,1,1,NaN,2,NaN,30,29,NaN,,NaN,,NaN,NaN,NaN,NaN,1,4,1,1,1,1,1,1,2,1,1,1,1,1,1,1,1,1,1,2,1,1,759261.483,4455055.259,278.128,Cob,5530,0,0,2,15,1
8858,3,2007120001986,2,12,7,6,5,1,1,CV-11,15.5,15,5,1,1,5,2,2,3,3,2,1,1,1,1,1,7,7,7,1,2,1,9,14,2,1,1,NaN,1,NaN,NaN,,21,24,NaN,,NaN,NaN,NaN,NaN,1,4,1,1,1,1,1,1,1,1,1,1,1,1,1,2,1,1,1,2,1,2,782629.949,4495636.091,184.998,Sec,4236,0,0,0,19,1
8859,3,2007120001988,2,12,8,3,6,3,1,CV-215,2.1,2,1,1,1,5,2,3,3,1,2,1,2,2,1,1,7,7,8,1,1,1,9,14,1,1,3,NaN,2,NaN,NaN,,NaN,,NaN,,66,NaN,60,NaN,1,4,1,1,1,1,1,2,2,1,1,1,1,1,1,1,1,1,1,2,1,1,720165.38,4421421.662,465.95,Cob,193,0,0,1,10,4
8860,3,2007120001989,2,12,8,3,6,2,1,CV-129,8.6,8,6,0,1,5,3,2,3,3,2,1,2,2,1,1,7,7,8,7,1,1,9,14,1,1,3,NaN,2,NaN,NaN,,NaN,,NaN,,NaN,63,60,NaN,1,4,1,1,1,1,1,2,1,1,1,1,1,1,1,1,1,1,1,2,1,1,760298.003,4472272.737,523.51,Cob,720,0,1,0,9,4
8862,3,2007120001990,2,12,8,4,6,3,2,CV-10,9,9,0,1,1,5,3,2,3,4,2,2,2,1,2,2,7,7,8,1,1,1,9,14,3,1,1,NaN,1,3,NaN,,NaN,,NaN,,NaN,NaN,NaN,NaN,1,4,1,1,1,1,1,1,2,1,1,1,1,1,1,1,1,1,1,2,1,2,770240.442,4484351.126,293.437,Sec,35935,0,0,0,11,1
8863,3,2007120001991,2,12,9,2,7,3,1,CV-10,89,89,0,1,1,5,2,3,3,1,2,1,1,2,1,1,7,7,8,1,5,1,9,14,3,1,1,NaN,2,NaN,NaN,,NaN,,NaN,,NaN,63,60,NaN,1,4,1,1,2,1,1,1,1,1,1,1,1,1,1,1,1,1,1,2,1,1,741468.051,4417071.227,15.468,Cob,1363,0,0,0,6,1
8864,3,2007120001992,2,12,9,3,7,3,1,CV-10,30,30,0,0,1,5,3,2,3,4,2,2,2,1,2,2,7,7,8,1,1,1,9,14,3,1,3,NaN,1,NaN,NaN,,NaN,,NaN,,NaN,64,60,NaN,1,4,2,1,1,1,1,1,1,1,1,1,1,1,1,1,1,1,1,2,1,1,752382.314,4438660.904,195.701,Sec,17539,0,0,0,7,1
8865,3,2007120001993,2,12,9,4,7,3,1,CV-195,6,6,0,1,1,5,3,2,3,1,2,1,1,2,2,1,7,7,8,1,1,1,9,14,1,1,1,NaN,2,NaN,NaN,,NaN,,NaN,,67,NaN,60,NaN,1,4,1,1,1,1,1,2,1,1,1,1,1,1,1,1,1,1,1,2,1,1,716687.95,4443873.178,829.437,Pri,843,0,0,1,12,2
8866,3,2007120002002,2,12,10,3,1,4,1,CV-10,64.4,64,4,0,1,5,3,2,3,4,2,1,1,1,1,2,7,7,8,1,2,8,9,14,3,1,1,NaN,2,NaN,NaN,,21,24,NaN,,NaN,NaN,NaN,NaN,1,4,1,1,1,1,1,1,1,1,1,1,1,1,1,2,1,1,1,2,1,1,765756.374,4468585.528,177.525,Cob,5054,0,0,0,7,1
8868,3,2007120002010,2,12,10,3,1,4,2,CV-222,6.5,6,5,1,1,5,3,1,4,3,2,1,1,1,1,1,5,2,3,6,1,1,5,14,1,2,1,NaN,2,2,NaN,,NaN,,NaN,,NaN,NaN,NaN,NaN,1,4,1,1,1,1,1,1,2,1,1,1,1,1,1,1,1,1,1,2,1,1,742779.258,4422436.734,45.58,Cob,7420,0,0,1,9,7
8870,3,2007120002019,2,12,3,6,1,4,2,CV-16,8,8,0,0,1,5,2,2,4,1,2,1,2,1,1,1,4,1,3,1,4,1,9,14,2,1,1,NaN,2,3,NaN,,NaN,,NaN,,NaN,NaN,NaN,NaN,1,4,1,1,1,1,1,1,2,1,1,1,1,1,1,1,1,1,1,2,1,1,743161.612,4435729.893,135.62,Sec,23726,0,0,0,18,6