Id,Ano,Numero_Accidente,Provincia,Mes,Dia,Hora,Dia_Semana,Tipo_Dia,Vehiculos_Implicados,Carretera,Pk,Km,Hm,Sentido,Zona,Tipo_Via,Anchura_Calzada,Anchura_Carril,Marcas_Viales,Arcen,Arcen_Pavimentado,Mediana,Barrera_Seguridad,Paneles_Direccionales,Hitos_Arista,Captafaros,Interseccion_Tipo,Interseccion_Acondicionamiento,Prioridad_Regulada_por,Superficie,Luminosidad,Factores_Atmosfericos,Visibilidad_Restringida_por,Otras_Circunstancias,Senalizacion_Peligro,Aceras,Arboles,Arboles_Metros_Calzada,Visibilidad_Senalizacion_Vertical,Colision_Vehiculos_Marcha,Colision_Vehiculo_Obstaculo_1,Colision_Vehiculo_Obstaculo_2,Atropello_1,Atropello_2,Vuelco_1,Vuelco_2,Salida_Sin_Colision,Salida_Con_Colision,Lado_Salida,Otro,Circulacion,Circulacion_Medidas_Especiales,Distraccion,Inexperiencia_Conductor,Alcohol_Drogas,Cansancio_Sueno,Enfermedad,Velocidad_Inadecuada,Infraccion_Norma_Circulacion,Estado_Condicion_Via,Estado_Condicion_Senalizacion,Tramo_Obras,Mal_Estado_Vehiculo,Averia_Mecanica,Meteorologia_Adversa,Irrupcion_Animal,Circular_Sentido_Contrario,Otro_Factor,Sin_Opinion_Definida,Pendiente,Curvatura,Peralte,GPS_x,GPS_y,GPS_z,Tipo_Est,IMD,N_Muertos,N_Graves,N_Leves,Hora_Real,Fuera_o_Interseccion
8871,3,2007120002022,2,12,12,1,3,1,1,CV-18,8,8,0,1,1,5,2,2,3,3,2,2,1,1,1,2,5,1,4,1,3,1,9,14,1,1,1,NaN,2,NaN,NaN,,NaN,,NaN,,NaN,51,50,NaN,1,4,2,1,2,1,1,2,1,1,1,1,1,1,1,1,1,1,1,2,1,1,750119.805,4421118.625,-1.374,Cob,16624,0,0,0,23,6
8872,3,2007120002023,2,12,11,5,2,1,1,CV-10,10.5,10,5,0,1,5,3,2,3,4,2,2,2,1,2,2,7,7,5,1,1,1,9,14,3,1,3,NaN,2,NaN,NaN,,NaN,,12,9,NaN,NaN,NaN,NaN,1,4,2,1,1,1,1,2,1,1,1,1,1,1,1,1,1,1,1,2,1,2,740393.283,4424945.891,76.615,Sec,35935,0,0,1,16,2
8873,3,2007120002030,2,12,11,6,2,1,1,CV-18,12,12,0,1,1,5,3,2,3,4,2,2,2,2,1,2,7,7,8,1,2,1,9,14,3,1,1,NaN,2,NaN,NaN,,NaN,,NaN,,NaN,52,50,NaN,1,4,2,1,1,1,1,1,1,1,1,1,1,1,1,1,1,1,1,2,1,1,751514.857,4424712.863,11.667,Cob,11846,0,0,0,19,1
8874,3,2007120002032,2,12,13,3,4,1,1,CV-10,25.5,25,5,1,1,5,1,3,4,1,2,1,2,1,1,1,7,7,8,1,5,1,9,14,3,1,3,NaN,2,NaN,NaN,,21,21,NaN,,NaN,NaN,NaN,NaN,1,4,1,1,1,1,1,1,2,1,1,1,1,1,1,1,1,1,1,2,1,1,765871.828,4469471.134,186.756,Sec,17539,0,1,1,7,1
8876,3,2007120002033,2,12,3,4,1,4,2,CV-10,26.8,26,8,1,1,5,3,2,3,4,2,2,2,1,2,2,7,7,8,1,1,1,9,14,2,1,3,NaN,1,2,NaN,,NaN,,NaN,,NaN,NaN,NaN,NaN,1,4,1,1,1,1,1,1,2,1,1,1,1,1,1,1,1,1,1,2,1,1,765610.693,4468220.026,168.356,Sec,17539,0,0,0,12,1
8878,3,2007120002034,2,12,5,5,3,2,2,CV-20,7.3,7,3,0,1,5,3,2,3,1,2,2,1,1,1,1,5,1,8,1,1,1,9,14,3,1,3,NaN,2,3,NaN,,NaN,,NaN,,NaN,NaN,NaN,NaN,1,4,2,1,1,1,1,1,1,1,1,1,1,1,1,1,1,1,1,2,1,1,738477.602,4426928.754,105.151,Pri,21516,0,0,0,16,6
8879,3,2007120002036,2,12,8,1,6,2,1,CV-10,9.3,9,3,0,1,5,3,2,3,3,2,2,2,1,2,1,7,7,5,1,5,1,9,14,2,1,1,NaN,1,NaN,NaN,,NaN,,NaN,,NaN,64,60,NaN,1,4,1,1,1,1,1,1,1,1,1,1,1,2,1,1,1,1,1,2,1,1,740237.738,4423786.454,75.193,Sec,35935,0,0,0,0,2
8880,3,2007120002040,2,12,14,6,5,1,1,CV-135,2,2,0,1,1,5,2,3,3,1,2,1,1,2,2,2,7,7,8,1,5,1,9,14,3,1,1,NaN,1,NaN,NaN,,NaN,,NaN,,67,NaN,60,NaN,1,4,2,1,1,1,1,1,1,1,1,1,1,1,1,1,1,1,1,2,1,1,788781.62,4481674.626,15.722,Cob,484,0,0,0,20,1
8882,3,2007120002047,2,12,4,6,2,1,2,CV-10,21.5,21,5,0,1,5,3,2,3,3,2,1,2,2,2,2,4,6,8,1,5,1,9,14,3,1,1,NaN,2,4,NaN,,NaN,,NaN,,NaN,NaN,NaN,NaN,3,4,2,1,1,1,1,1,2,1,1,1,1,1,1,1,1,1,1,2,1,1,746837.381,4433114.142,92.606,Pri,21988,0,0,0,18,6
8883,3,2007120002057,2,12,17,6,1,4,1,CV-160,0.1,0,1,0,1,5,3,2,3,3,2,1,1,1,1,1,7,7,5,3,4,1,9,14,3,1,1,NaN,1,NaN,NaN,,NaN,,NaN,,NaN,63,60,NaN,1,4,2,1,1,1,1,1,1,1,1,1,1,1,1,1,1,1,1,2,1,1,743157.248,4436656.413,116.939,Sec,6504,0,0,0,19,1
8884,3,2007120002061,2,12,13,3,4,1,1,CV-15,46.7,46,7,0,1,5,3,2,3,3,2,1,1,1,1,1,7,7,8,1,5,1,9,14,2,1,1,NaN,1,NaN,NaN,,21,24,NaN,,NaN,NaN,NaN,NaN,1,4,1,1,1,1,1,1,1,1,1,1,1,1,1,2,1,1,1,2,1,1,743183.625,4478227.182,768.032,Cob,2084,0,0,0,7,1
8886,3,2007120002063,2,12,16,4,7,3,2,CV-18,7,7,0,1,1,5,3,2,3,3,2,1,1,1,1,1,7,7,8,1,1,1,9,14,3,1,3,NaN,1,NaN,NaN,,NaN,,NaN,,56,NaN,50,NaN,1,4,1,1,1,1,1,1,1,1,1,1,1,1,1,1,1,1,2,2,1,1,749321.479,4420710.365,2.441,Cob,16624,0,0,0,14,2
8887,3,2007120002074,2,12,17,3,1,1,1,CV-16,5.5,5,5,1,1,5,3,2,3,3,2,1,1,1,1,1,5,1,5,1,1,1,9,14,1,1,1,NaN,2,NaN,NaN,,NaN,,NaN,,66,NaN,60,NaN,1,4,1,1,1,1,1,1,1,1,1,1,1,1,1,1,1,1,2,2,1,2,743145.511,4435859.762,135.455,Sec,23726,0,0,0,9,6
8889,3,2007120002075,2,12,16,6,7,3,2,CV-10,46.5,46,5,1,1,5,3,2,3,4,2,1,1,1,1,1,7,7,8,1,5,1,9,14,2,1,3,NaN,1,4,NaN,,NaN,,NaN,,NaN,NaN,NaN,NaN,1,4,1,1,1,1,1,1,2,1,1,1,1,1,1,1,1,1,1,2,1,1,759138.907,4450720.056,247.467,Cob,5530,0,0,0,20,1
8890,3,2007120002076,2,12,20,4,4,1,1,CV-15,55,55,0,0,1,5,2,2,3,1,2,1,1,2,1,2,7,7,8,3,1,4,9,14,3,1,3,NaN,1,NaN,NaN,,NaN,,NaN,,67,NaN,60,NaN,1,4,2,1,1,1,1,1,1,1,1,1,1,1,1,1,1,1,1,2,2,2,741524.968,4482968.646,1094.873,Cob,2084,0,0,0,12,1
8891,3,2007120002077,2,12,19,4,3,1,1,CV-195,2.1,2,1,1,1,5,3,2,3,1,2,1,1,2,1,1,7,7,8,3,1,4,9,14,3,1,3,NaN,2,NaN,NaN,,NaN,,NaN,,67,NaN,60,NaN,1,4,1,1,1,1,1,2,1,1,1,1,1,1,1,1,1,1,1,2,1,2,718423.329,4444907.471,779.983,Cob,2579,0,0,0,14,3
8892,3,2007120002078,2,12,17,4,1,4,1,CV-162,2,2,0,0,1,5,3,2,3,3,2,1,2,2,1,1,7,7,8,3,1,4,9,14,1,1,1,NaN,2,NaN,NaN,,NaN,,NaN,,NaN,54,50,NaN,1,4,1,1,1,1,1,2,1,1,1,1,1,1,1,1,1,1,1,2,1,1,750635.747,4447046.211,214.447,Cob,1675,0,0,0,13,5
8894,3,2007120002079,2,12,19,3,3,1,2,CV-20,23.6,23,6,0,1,5,3,2,3,1,2,1,1,1,1,1,7,7,8,3,1,4,9,14,2,1,1,NaN,2,3,NaN,,NaN,,NaN,,NaN,NaN,NaN,NaN,1,4,1,1,1,1,1,1,1,1,1,1,1,1,1,1,1,1,2,2,1,1,728206.084,4433806.326,252.333,Cob,647,0,0,1,10,3
8895,3,2007120002080,2,12,21,4,5,1,1,CV-10,78.2,78,2,1,1,5,2,2,3,3,2,1,1,1,2,2,7,7,8,3,1,5,2,14,2,1,1,NaN,2,NaN,NaN,,NaN,,NaN,,NaN,63,60,NaN,1,4,1,1,1,1,1,2,1,1,1,1,1,1,1,1,1,1,1,2,1,2,741548.109,4426677.72,63.778,Pri,3159,0,0,1,14,2
8899,3,2007120002083,2,12,22,2,6,2,2,CV-223,2.5,2,5,0,1,5,3,2,3,3,2,1,2,1,2,2,2,1,3,3,4,4,4,14,1,1,1,NaN,2,2,NaN,,NaN,,NaN,,NaN,NaN,NaN,NaN,1,4,1,1,1,1,1,1,2,1,1,1,1,1,1,1,1,1,1,2,1,1,737480.757,4420147.229,153.732,Sec,4214,0,0,0,5,6
8900,3,2007120002087,2,12,21,4,5,1,1,CV-20,23.3,23,3,1,1,5,2,2,3,1,2,1,1,1,1,1,7,7,5,1,1,1,2,14,2,1,1,NaN,2,NaN,NaN,,NaN,,NaN,,NaN,63,60,NaN,1,4,1,1,1,1,1,1,1,2,1,1,1,1,2,1,1,1,1,2,1,1,716272.458,4437147.98,363.599,Cob,647,0,0,0,11,3
8902,3,2007120002089,2,12,18,4,2,1,2,CV-190,3.1,3,1,1,2,5,2,3,3,3,2,1,2,2,1,2,7,7,5,3,1,4,2,13,1,1,1,NaN,2,1,NaN,,NaN,,NaN,,NaN,NaN,NaN,NaN,1,4,1,2,1,1,1,2,1,1,1,1,1,1,1,1,1,1,1,2,2,2,708513.398,4449192.476,910.714,Cob,4856,0,0,2,12,5
8903,3,2007120002092,2,12,24,3,1,4,1,CV-222,3.7,3,7,1,1,5,3,2,3,3,2,1,1,1,1,1,7,7,8,1,1,1,9,14,3,1,1,NaN,1,NaN,NaN,,NaN,,NaN,,NaN,62,60,NaN,1,4,2,1,1,1,1,1,1,1,1,1,1,1,1,1,1,1,1,2,1,2,745242.741,4421368.242,26.823,Cob,7420,0,0,0,8,1
8905,3,2007120002096,2,12,26,3,3,1,2,CV-18,11.9,11,9,1,1,5,3,2,3,3,2,2,1,1,2,2,5,1,4,1,1,1,9,14,1,1,1,NaN,2,2,NaN,,NaN,,NaN,,NaN,NaN,NaN,NaN,1,4,1,1,1,1,1,2,2,1,1,1,1,1,1,1,1,1,1,2,1,1,751358.795,4424591.24,15.45,Cob,11846,0,0,3,10,6
8906,3,2007120002097,2,12,27,6,4,1,1,CV-15,32.5,32,5,1,1,5,2,3,3,1,2,1,1,2,2,2,7,7,8,1,5,1,9,14,3,1,1,NaN,2,NaN,NaN,,21,24,NaN,,NaN,NaN,NaN,NaN,1,4,1,1,1,1,1,1,1,1,1,1,1,1,1,2,1,1,1,2,1,1,747329.918,4474461.859,648.637,Sec,2015,0,0,0,20,1
8908,3,2007120002110,2,12,28,4,5,1,2,CV-16,11.5,11,5,1,1,5,3,2,3,4,2,1,1,1,1,1,7,7,8,1,1,1,9,14,3,1,3,NaN,2,2,NaN,,NaN,,NaN,,NaN,NaN,NaN,NaN,1,4,1,1,1,1,1,1,1,1,1,1,1,1,1,1,1,1,2,2,1,1,747330.542,4432221.686,81.204,Sec,7470,0,0,0,11,1
8910,2,2007460000005,3,12,23,2,6,2,2,CV-40,11.5,11,5,1,1,2,3,2,3,4,2,2,2,1,2,2,7,7,8,3,3,4,9,14,3,1,1,NaN,2,NaN,30,32,NaN,,NaN,,NaN,NaN,NaN,NaN,1,4,1,1,2,1,1,1,1,1,1,1,1,1,1,1,1,1,1,2,1,1,710123.828,4307516.901,259.684,Cob,21403,0,0,0,6,1
8911,2,2007460000020,3,12,26,3,2,1,1,CV-410,1.3,1,3,1,1,7,2,2,3,4,2,1,1,1,1,1,7,7,8,1,1,1,9,14,1,1,3,NaN,2,NaN,NaN,,NaN,,NaN,,NaN,54,50,NaN,1,4,1,1,1,1,1,2,1,1,1,1,1,1,1,1,1,1,1,2,1,1,717195.664,4372406.532,37.242,Cob,11943,0,0,1,8,5
8919,3,2007460000023,3,1,1,6,1,3,1,CV-35,9,9,0,0,1,2,3,2,3,4,2,2,2,2,2,2,1,1,5,1,1,1,9,14,3,1,3,NaN,2,NaN,NaN,,NaN,,NaN,,66,NaN,60,NaN,1,4,2,1,1,1,1,1,1,1,1,1,1,1,1,1,1,1,1,2,1,1,717369.299,4381014.853,95.977,Per,76000,0,0,1,17,6
8922,3,2007460000037,3,1,2,5,2,1,3,CV-35,70,70,0,1,1,5,2,2,3,2,2,1,1,2,2,1,7,7,5,1,1,1,2,14,1,1,1,NaN,2,2,NaN,,NaN,,NaN,,NaN,NaN,NaN,NaN,1,4,2,1,1,1,1,2,2,1,1,1,1,1,1,1,1,1,1,2,1,1,698153.234,4395035.467,236.225,Cob,2012,0,0,1,16,4
8924,2,2007460000038,3,12,27,6,3,1,2,CV-403,0.7,0,7,1,1,5,3,2,3,3,2,1,1,1,1,1,7,7,8,1,3,1,9,14,2,1,3,NaN,2,4,NaN,,NaN,,NaN,,NaN,NaN,NaN,NaN,1,4,1,1,1,1,1,1,2,1,1,1,1,1,1,1,1,1,1,2,1,1,719064.998,4369784.601,24.782,Cob,17579,0,0,1,18,1
8926,2,2007460000041,3,12,27,6,3,1,2,CV-403,0,0,0,1,1,5,3,2,3,3,2,1,1,1,1,1,7,7,8,1,3,1,9,14,2,1,3,NaN,2,4,NaN,,NaN,,NaN,,NaN,NaN,NaN,NaN,1,4,1,1,1,1,1,1,2,1,1,1,1,1,1,1,1,1,1,2,1,1,719126.098,4369170.972,24.09,Cob,17579,0,0,1,19,1
8927,2,2007460000053,3,12,27,3,3,1,1,CV-35,3,3,0,0,1,2,3,2,3,3,2,2,2,2,2,2,7,7,5,1,3,1,9,8,1,1,3,NaN,2,NaN,NaN,,NaN,,NaN,,NaN,52,50,NaN,1,4,1,1,1,1,1,1,1,1,1,1,1,1,1,1,1,1,2,2,1,1,721342.935,4376757.345,36.184,Per,129800,0,1,0,7,2
8928,2,2007460000057,3,12,27,1,3,1,1,CV-35,12.5,12,5,0,1,5,2,2,3,4,2,2,2,2,2,2,7,7,8,1,3,1,9,14,3,1,1,NaN,1,NaN,NaN,,NaN,,NaN,,NaN,62,60,NaN,1,4,2,1,1,1,1,1,1,1,1,1,2,1,1,1,1,1,1,2,1,1,714488.982,4382845.043,100.66,Per,76008,0,0,0,0,1
8930,2,2007460000058,3,12,28,3,4,1,2,CV-35,3.5,3,5,1,1,5,2,2,3,4,2,2,2,2,2,2,7,7,8,1,1,1,9,14,3,1,1,NaN,1,3,NaN,,NaN,,NaN,,NaN,NaN,NaN,NaN,1,4,2,1,1,1,1,1,1,1,1,1,1,1,1,1,1,1,1,2,2,1,654507.777,4422863.684,906.357,Per,129800,0,0,0,9,1
8932,2,2007460000061,3,12,29,6,5,1,2,CV-36,1.8,1,8,0,1,2,3,2,3,4,2,2,2,1,2,1,4,1,8,1,2,1,9,14,1,1,1,NaN,2,4,NaN,,NaN,,NaN,,NaN,NaN,NaN,NaN,2,4,2,1,1,1,1,1,2,1,1,1,1,1,1,1,1,1,1,2,1,1,716374.963,4369347.936,36.826,Pri,83400,0,0,0,17,6
8936,2,2007460000063,3,12,29,3,5,1,4,CV-35,39.7,39,7,0,1,5,2,2,3,3,2,1,1,1,2,1,7,7,8,1,1,1,9,14,3,1,1,NaN,1,5,NaN,,NaN,,NaN,,NaN,NaN,NaN,NaN,1,4,2,1,1,1,1,1,2,1,1,1,1,1,1,1,1,1,1,2,1,2,694513.383,4396980.918,341.557,Per,11200,0,0,2,9,1
8938,2,2007460000065,3,12,29,3,5,1,2,CV-410,4.2,4,2,0,1,2,3,2,3,3,2,2,2,2,2,1,5,6,8,1,1,1,9,14,3,1,1,NaN,2,2,NaN,,NaN,,NaN,,NaN,NaN,NaN,NaN,1,4,1,1,1,1,1,1,2,1,1,1,1,1,1,1,1,1,1,2,2,1,717267.017,4372380.818,36.354,Pri,30864,0,0,1,9,6
8940,3,2007460000067,3,1,3,4,3,1,2,CV-619,2.7,2,7,0,1,5,2,3,3,1,2,1,2,2,1,1,1,1,8,1,1,1,9,14,3,1,1,NaN,1,2,NaN,,NaN,,NaN,,NaN,NaN,NaN,NaN,1,4,1,1,1,1,1,2,1,1,1,1,1,1,1,1,1,1,1,2,1,2,728471.985,4306569.961,326.818,Cob,1938,0,0,1,13,6
8941,3,2007460000071,3,1,4,5,4,1,1,CV-40,13,13,0,1,1,2,3,2,3,4,2,2,2,1,2,2,7,7,8,1,1,1,9,14,3,1,1,NaN,2,NaN,NaN,,NaN,,NaN,,NaN,54,50,NaN,1,4,1,1,1,1,1,1,1,1,1,1,1,1,1,1,1,2,1,2,1,1,710384.747,4308972.019,277.494,Cob,22757,0,0,1,15,1
8942,3,2007460000082,3,1,6,2,6,3,1,CV-333,1.5,1,5,1,1,5,3,2,3,3,2,1,1,1,2,2,5,1,3,1,4,1,9,14,1,1,3,NaN,2,NaN,NaN,,NaN,,NaN,,NaN,53,50,NaN,1,4,2,1,2,1,1,2,1,1,1,1,1,1,1,1,1,1,1,2,1,1,711113.222,4394766.319,186.445,Sec,6871,0,0,0,5,6
8945,2,2007460000086,3,12,25,1,1,4,2,CV-35,5.5,5,5,1,1,1,3,2,3,3,2,2,2,1,2,2,3,1,8,1,3,1,9,14,3,1,3,NaN,1,4,NaN,,NaN,,NaN,,NaN,NaN,NaN,NaN,1,4,2,1,1,1,1,1,1,1,1,1,1,1,1,1,1,1,1,2,1,1,656155.285,4423077.166,942.697,Per,129800,0,1,1,0,6
8947,2,2007460000089,3,12,30,2,6,2,2,CV-35,3,3,0,0,1,2,3,2,3,4,2,2,2,1,2,2,7,7,5,1,3,1,9,8,3,1,1,NaN,2,NaN,NaN,,NaN,,NaN,,NaN,54,50,NaN,1,4,1,1,1,1,1,1,1,1,1,1,1,1,1,1,1,1,2,2,1,1,721342.935,4376757.345,36.184,Per,129800,0,0,0,6,1
8948,2,2007460000090,3,12,31,4,7,3,1,CV-500,1.1,1,1,0,1,2,3,2,3,4,2,2,2,1,2,2,7,7,5,1,1,1,9,9,2,1,1,NaN,2,NaN,NaN,,NaN,,NaN,,66,NaN,60,NaN,1,4,1,1,1,1,1,1,1,2,1,1,1,1,1,1,1,1,1,2,1,1,729137.01,4369345.404,-15.123,Pri,16787,0,0,1,12,1
8949,2,2007460000093,3,12,31,6,7,3,1,CV-35,30.3,30,3,0,1,5,2,3,3,3,2,1,1,1,1,1,7,7,5,1,4,1,8,8,1,1,1,NaN,3,NaN,NaN,,NaN,,12,9,NaN,NaN,NaN,NaN,1,4,2,1,1,1,1,1,1,2,1,1,1,1,1,1,1,1,1,2,1,1,702086.276,4392212.743,161.904,Per,11200,0,0,1,19,2
8950,3,2007460000108,3,1,1,6,1,4,1,CV-500,9.5,9,5,1,1,5,2,1,3,2,1,1,2,2,2,1,4,6,8,1,5,1,9,14,3,1,1,NaN,1,NaN,NaN,,NaN,,NaN,,57,NaN,50,NaN,1,4,2,1,1,1,1,1,1,1,1,1,1,1,1,1,1,1,1,2,1,1,735253.425,4350386.685,-16.64,Cob,17500,0,0,0,20,6
8951,3,2007460000112,3,1,2,1,2,4,1,CV-35,6,6,0,1,1,2,3,2,2,3,2,2,1,2,1,1,4,6,8,1,3,1,9,14,3,1,3,NaN,1,NaN,NaN,,NaN,,NaN,,56,NaN,50,NaN,1,4,2,1,1,1,1,2,1,1,1,1,1,1,1,1,1,1,1,2,1,1,656613.793,4422984.476,951.347,Per,93000,0,0,1,2,6
8952,3,2007460000118,3,1,1,4,1,4,1,CV-35,3,3,0,0,1,2,3,2,4,1,2,2,2,2,1,2,7,7,8,1,1,1,8,8,1,1,1,NaN,2,NaN,NaN,,NaN,,NaN,,67,NaN,60,NaN,1,4,1,1,1,1,1,1,1,1,1,1,1,1,1,1,1,2,1,2,1,1,721342.935,4376757.345,36.184,Per,125000,0,0,0,14,2
8954,3,2007460000132,3,1,3,6,3,1,2,CV-410,1.4,1,4,1,1,5,2,2,3,2,2,1,1,1,1,1,5,1,5,1,3,1,9,14,3,1,3,NaN,1,2,NaN,,NaN,,NaN,,NaN,NaN,NaN,NaN,1,4,1,1,1,1,1,1,2,1,1,1,1,1,1,1,1,1,1,2,1,2,717248.695,4372330.678,36.501,Cob,24580,0,0,0,18,6
8955,3,2007460000138,3,1,3,4,3,1,1,CV-35,3.8,3,8,1,1,2,3,2,3,2,2,2,1,1,2,2,7,7,8,1,1,1,9,14,3,1,1,NaN,2,NaN,30,32,NaN,,NaN,,NaN,NaN,NaN,NaN,1,4,1,1,1,1,1,1,1,1,1,1,1,1,1,1,1,2,1,2,2,1,654684.717,4423088.273,919.616,Per,125000,0,0,0,14,1
8957,3,2007460000143,3,1,3,5,3,1,2,CV-35,9.8,9,8,1,1,2,2,2,3,2,2,2,2,1,2,2,7,7,8,1,1,1,9,14,1,1,3,NaN,2,3,NaN,,NaN,,NaN,,NaN,NaN,NaN,NaN,1,4,1,1,1,1,1,1,1,1,1,1,1,1,1,1,1,1,2,2,1,1,659193.882,4421385.821,931.475,Per,76000,0,0,0,15,1
8959,3,2007460000144,3,1,5,4,5,1,2,CV-35,45.5,45,5,0,1,5,2,2,3,2,2,1,2,2,2,2,7,7,5,1,1,1,9,14,3,1,1,NaN,1,2,NaN,,NaN,,NaN,,NaN,NaN,NaN,NaN,1,4,2,1,1,1,1,1,1,1,1,1,1,1,1,1,1,1,1,2,1,1,688946.82,4397062.493,387.948,Per,4000,0,0,0,13,1
8961,3,2007460000149,3,1,11,3,4,1,2,CV-35,12,12,0,0,1,6,3,2,3,3,2,2,2,2,2,2,5,1,4,1,1,1,9,14,1,1,3,NaN,2,4,NaN,,NaN,,NaN,,NaN,NaN,NaN,NaN,1,4,1,1,1,1,1,1,2,1,1,1,1,1,1,1,1,1,1,2,1,1,714879.194,4382530.859,92.225,Per,76000,0,0,0,9,6
8962,3,2007460000151,3,1,11,6,4,1,1,CV-40,19.3,19,3,0,1,2,2,2,3,4,2,2,2,2,2,2,4,5,7,1,4,1,9,14,3,1,1,NaN,1,NaN,NaN,,NaN,,NaN,,NaN,63,60,NaN,1,4,2,1,1,1,1,1,1,1,1,1,1,1,1,1,1,1,1,2,1,1,711026.851,4302596.166,318.514,Cob,23500,0,0,1,21,6
8963,3,2007460000153,3,1,8,6,1,4,1,CV-35,24.1,24,1,0,1,7,1,1,2,4,2,2,2,2,2,2,4,1,8,1,5,1,9,14,1,1,3,NaN,1,NaN,NaN,,NaN,,NaN,,56,NaN,50,NaN,1,4,2,1,1,1,1,1,1,1,1,1,1,1,1,1,1,1,1,2,1,1,707286.119,4390737.64,160.664,Per,43000,0,0,2,21,6
8965,3,2007460000170,3,1,11,6,4,1,2,CV-410,1.5,1,5,1,1,1,3,2,3,5,2,2,2,2,2,2,7,7,8,1,5,1,9,13,2,1,1,NaN,1,4,NaN,,NaN,,NaN,,NaN,NaN,NaN,NaN,1,4,2,1,2,1,1,1,1,1,1,1,1,1,1,1,1,1,1,2,2,2,717269.035,4372239.069,36.136,Cob,24580,0,0,2,20,1
8966,3,2007460000185,3,1,13,6,6,2,1,CV-365,2.5,2,5,0,1,5,3,2,3,4,2,1,1,2,2,1,7,7,5,1,4,1,2,14,3,1,3,NaN,2,NaN,NaN,,NaN,,NaN,,NaN,62,60,NaN,1,4,1,1,1,1,1,2,1,1,1,1,1,1,1,1,1,1,1,2,1,1,719467.091,4376848.72,60.508,Sec,40056,0,0,2,21,2
8967,3,2007460000190,3,1,14,1,7,3,1,CV-410,4.5,4,5,0,1,5,3,2,3,3,2,2,2,2,2,2,5,1,5,1,3,1,2,14,1,1,3,NaN,2,NaN,NaN,,NaN,,NaN,,NaN,61,60,NaN,1,4,2,1,2,1,1,2,1,1,1,1,1,1,1,1,1,1,1,2,1,1,717032.777,4372566.149,38.602,Pri,31883,0,0,1,3,6
8969,3,2007460000211,3,1,14,3,7,3,2,CV-500,19.3,19,3,1,1,5,3,2,3,1,2,1,1,1,1,1,7,7,8,1,1,1,9,14,2,2,3,NaN,2,3,NaN,,NaN,,NaN,,NaN,NaN,NaN,NaN,1,4,1,1,2,1,1,1,2,1,1,1,1,1,1,1,1,1,1,2,1,1,730834.038,4358907.768,-23.731,Cob,10345,0,0,0,9,1
8971,3,2007460000212,3,1,15,3,1,4,2,CV-686,1,1,0,1,1,5,3,2,3,3,2,1,1,1,1,1,1,1,5,1,1,1,9,14,2,1,1,NaN,2,4,NaN,,NaN,,NaN,,NaN,NaN,NaN,NaN,1,4,2,1,1,1,1,1,1,1,1,1,1,1,1,1,1,1,1,2,1,1,743079.479,4315044.435,16.21,Cob,23000,0,0,0,10,7
8974,3,2007460000229,3,1,16,6,2,1,1,CV-81,8,8,0,0,1,5,3,2,3,3,2,1,1,1,1,1,7,7,8,1,5,1,9,14,1,1,3,NaN,2,NaN,NaN,,NaN,,NaN,,NaN,62,60,NaN,1,4,1,1,1,1,1,2,1,1,1,1,1,1,1,1,1,1,1,2,1,1,708148.712,4297118.269,400.08,Cob,6043,0,0,1,20,3
8978,3,2007460000231,3,1,3,6,3,1,2,CV-306,1.2,1,2,0,1,5,3,2,3,3,2,1,1,1,2,1,1,1,5,1,5,1,9,14,3,1,1,NaN,1,3,NaN,,NaN,,NaN,,NaN,NaN,NaN,NaN,1,4,1,1,1,1,1,1,1,1,1,1,1,1,1,1,1,1,2,2,1,1,730332.472,4386352.921,-3.386,Cob,7493,0,0,1,20,6
8985,3,2007460000244,3,1,5,4,5,2,2,CV-410,4.5,4,5,0,1,2,3,2,3,4,2,2,1,1,1,1,7,7,8,1,1,1,9,14,2,1,1,NaN,1,3,NaN,,NaN,,NaN,,NaN,NaN,NaN,NaN,1,4,2,1,1,1,1,1,1,1,1,1,1,1,1,1,1,1,1,2,1,1,717032.777,4372566.149,38.602,Pri,31883,0,0,0,13,1
8986,3,2007460000245,3,1,6,1,6,3,1,CV-42,17.3,17,3,0,1,5,3,2,2,1,2,1,1,1,1,1,5,6,4,1,5,1,9,14,2,1,1,NaN,1,NaN,NaN,,NaN,,NaN,,67,NaN,60,NaN,1,4,2,1,1,1,1,1,1,1,1,1,1,1,1,1,1,1,1,2,1,1,723556.966,4352881.327,-10.671,Cob,9161,0,0,1,4,6
8988,3,2007460000257,3,1,4,3,4,1,2,CV-410,4,4,0,0,1,2,3,2,3,3,2,2,2,2,2,1,5,1,8,1,1,1,9,14,3,1,1,NaN,1,4,NaN,,NaN,,NaN,,NaN,NaN,NaN,NaN,1,4,1,1,1,1,1,1,2,1,1,1,1,1,1,1,1,1,1,2,2,1,717332.473,4372266.354,36.033,Pri,31883,0,0,1,8,6
8990,3,2007460000259,3,1,7,5,7,3,1,CV-36,5.6,5,6,1,1,2,3,2,3,3,2,2,2,1,2,1,7,7,8,1,1,1,9,14,3,1,1,NaN,1,NaN,NaN,,NaN,,NaN,,67,NaN,60,NaN,1,4,1,1,1,1,1,2,1,1,1,1,1,1,1,1,1,1,1,2,1,1,721684.898,4369192.001,7.19,Cob,36792,0,0,1,15,2