Id,Ano,Numero_Accidente,Provincia,Mes,Dia,Hora,Dia_Semana,Tipo_Dia,Vehiculos_Implicados,Carretera,Pk,Km,Hm,Sentido,Zona,Tipo_Via,Anchura_Calzada,Anchura_Carril,Marcas_Viales,Arcen,Arcen_Pavimentado,Mediana,Barrera_Seguridad,Paneles_Direccionales,Hitos_Arista,Captafaros,Interseccion_Tipo,Interseccion_Acondicionamiento,Prioridad_Regulada_por,Superficie,Luminosidad,Factores_Atmosfericos,Visibilidad_Restringida_por,Otras_Circunstancias,Senalizacion_Peligro,Aceras,Arboles,Arboles_Metros_Calzada,Visibilidad_Senalizacion_Vertical,Colision_Vehiculos_Marcha,Colision_Vehiculo_Obstaculo_1,Colision_Vehiculo_Obstaculo_2,Atropello_1,Atropello_2,Vuelco_1,Vuelco_2,Salida_Sin_Colision,Salida_Con_Colision,Lado_Salida,Otro,Circulacion,Circulacion_Medidas_Especiales,Distraccion,Inexperiencia_Conductor,Alcohol_Drogas,Cansancio_Sueno,Enfermedad,Velocidad_Inadecuada,Infraccion_Norma_Circulacion,Estado_Condicion_Via,Estado_Condicion_Senalizacion,Tramo_Obras,Mal_Estado_Vehiculo,Averia_Mecanica,Meteorologia_Adversa,Irrupcion_Animal,Circular_Sentido_Contrario,Otro_Factor,Sin_Opinion_Definida,Pendiente,Curvatura,Peralte,GPS_x,GPS_y,GPS_z,Tipo_Est,IMD,N_Muertos,N_Graves,N_Leves,Hora_Real,Fuera_o_Interseccion
8991,3,2007460000261,3,1,17,6,3,1,1,CV-42,13.6,13,6,0,1,5,2,3,3,3,2,1,1,1,1,1,7,7,8,1,4,1,9,14,3,1,1,NaN,2,NaN,NaN,,21,24,NaN,,NaN,NaN,NaN,NaN,1,4,1,1,1,1,1,1,1,1,1,1,1,1,1,2,1,1,1,2,1,1,723095.51,4349377.543,-5.73,Cob,12800,0,0,0,22,1
8992,3,2007460000263,3,1,14,5,7,3,1,CV-35,28.1,28,1,0,1,2,3,2,3,4,2,2,2,2,2,2,4,1,8,1,1,1,9,14,2,1,1,NaN,2,NaN,NaN,,NaN,,NaN,,NaN,54,50,NaN,1,4,2,1,2,1,1,1,1,1,1,1,1,1,1,1,1,1,1,2,1,1,703811.513,4391059.67,147.525,Per,11000,0,0,0,16,6
8997,3,2007460000266,3,1,5,4,5,1,4,CV-410,4.5,4,5,1,1,1,3,2,3,4,2,2,2,1,2,2,7,7,8,1,1,1,9,14,3,1,1,NaN,1,NaN,NaN,,NaN,,NaN,,NaN,NaN,NaN,71,3,4,1,1,1,1,1,1,2,1,1,1,1,1,1,1,1,1,1,2,1,1,717924.267,4369699.637,28.261,Pri,31883,0,0,3,13,1
8999,3,2007460000267,3,1,7,1,7,3,2,CV-31,2.7,2,7,1,1,2,3,2,3,4,2,2,2,1,2,2,3,1,8,1,3,1,9,14,1,1,1,NaN,2,NaN,NaN,,NaN,,NaN,,NaN,NaN,NaN,71,1,4,1,1,1,1,1,1,1,1,1,1,1,1,1,1,1,1,2,2,1,1,720836.571,4376321.894,24.312,Cob,63370,0,0,2,3,6
9001,3,2007460000270,3,1,8,3,1,4,2,CV-36,2.5,2,5,0,1,2,3,2,3,3,2,2,2,1,2,2,5,1,8,1,1,1,9,14,1,1,1,NaN,2,3,NaN,,NaN,,NaN,,NaN,NaN,NaN,NaN,1,4,1,1,1,1,1,1,2,1,1,1,1,1,1,1,1,1,1,2,1,1,715691.706,4369349.42,39.923,Pri,75417,0,0,1,9,6
9004,3,2007460000278,3,1,8,2,1,4,2,CV-35,17,17,0,0,1,2,3,2,3,4,2,2,2,1,2,2,7,7,8,1,3,1,9,14,3,1,3,NaN,2,4,NaN,,NaN,,NaN,,NaN,NaN,NaN,NaN,1,4,1,1,1,1,1,1,1,1,1,1,1,1,1,1,1,1,2,2,1,1,711149.502,4385700.71,92.42,Per,43000,0,0,0,5,1
9006,3,2007460000280,3,1,3,6,3,1,2,CV-50,28.6,28,6,1,1,2,3,2,2,2,2,2,2,2,2,2,5,2,8,1,3,1,9,14,3,1,1,NaN,2,3,NaN,,NaN,,NaN,,NaN,NaN,NaN,NaN,1,4,1,1,1,1,1,1,1,1,1,1,1,1,1,1,1,1,2,2,1,1,699065.707,4364721.19,244.672,Cob,16520,0,0,0,20,6
9009,3,2007460000286,3,1,9,6,2,1,2,CV-25,0.3,0,3,0,1,2,3,2,3,4,2,2,2,1,2,2,7,7,8,1,5,1,9,14,3,1,1,NaN,1,4,NaN,,NaN,,NaN,,NaN,NaN,NaN,NaN,1,4,2,1,1,1,1,1,1,1,1,1,1,1,1,1,1,1,1,2,1,1,707109.652,4390594.169,156.578,Sec,9408,0,0,4,19,1
9011,3,2007460000288,3,1,11,4,4,1,2,CV-25,0.7,0,7,0,1,5,3,2,3,3,2,1,2,2,2,2,3,1,4,1,1,1,9,14,1,1,1,NaN,2,2,NaN,,NaN,,NaN,,NaN,NaN,NaN,NaN,1,4,2,1,1,1,1,1,2,1,1,1,1,1,1,1,1,1,1,2,1,1,707366.059,4390902.548,154.779,Sec,9408,0,0,0,11,6
9012,3,2007460000289,3,1,10,6,3,1,1,CV-500,27.6,27,6,0,1,5,3,2,3,4,2,1,2,1,2,2,7,7,8,1,3,1,9,14,3,1,1,NaN,1,NaN,NaN,,NaN,,NaN,,NaN,64,60,NaN,1,4,1,1,1,1,1,1,2,1,1,1,2,1,1,1,1,1,1,2,1,1,732666.322,4344308.053,-9.402,Cob,9819,0,0,2,18,1
9018,3,2007460000290,3,1,10,3,3,1,3,CV-35,16,16,0,1,1,2,3,2,3,4,2,2,2,1,2,2,3,1,4,1,2,1,9,14,1,1,1,NaN,2,2,NaN,,NaN,,NaN,,NaN,NaN,NaN,NaN,1,4,1,1,1,1,1,1,2,1,1,1,1,1,1,1,1,1,1,2,1,1,662706.406,4417512.916,878.39,Per,43000,0,0,1,7,6
9021,3,2007460000293,3,1,10,3,3,1,3,CV-35,8.4,8,4,1,1,2,3,2,3,4,2,2,2,1,2,2,3,1,8,1,1,1,9,14,3,1,1,NaN,2,5,NaN,,NaN,,NaN,,NaN,NaN,NaN,NaN,1,4,1,1,1,1,1,2,1,1,1,1,1,1,1,1,1,1,1,2,1,1,658008.439,4421932.42,982.707,Per,93000,0,0,0,9,6
9023,3,2007460000298,3,1,12,3,5,1,2,CV-31,3.5,3,5,1,1,5,3,2,3,4,2,1,2,1,2,2,7,7,8,1,1,1,9,14,3,1,1,NaN,2,4,NaN,,NaN,,NaN,,NaN,NaN,NaN,NaN,1,4,1,1,1,1,1,1,1,1,1,1,1,1,1,1,1,2,1,2,1,1,721093.079,4375572.292,15.444,Cob,32100,0,0,0,9,1
9024,3,2007460000302,3,1,15,1,1,4,1,CV-500,0.5,0,5,0,1,1,3,2,3,4,2,2,2,1,2,1,7,7,8,1,5,1,9,14,3,1,1,NaN,1,NaN,NaN,,NaN,,NaN,,57,NaN,50,NaN,1,4,2,1,1,1,1,1,1,1,1,1,1,1,1,1,1,1,1,2,1,1,728783.419,4369800.063,-10.943,Pri,17500,0,0,1,0,1
9025,3,2007460000303,3,1,16,3,2,1,1,CV-35,26.5,26,5,1,1,5,2,2,3,2,2,1,2,1,1,1,7,7,8,3,2,1,9,8,1,1,1,NaN,2,NaN,NaN,,NaN,,NaN,,NaN,64,60,NaN,1,4,2,1,1,1,1,1,1,1,1,1,1,1,1,1,1,1,1,2,2,2,663047.744,4408637.582,816.362,Per,11000,0,0,1,8,1
9026,3,2007460000313,3,1,19,4,5,1,1,CV-40,4.6,4,6,0,1,2,3,2,3,4,2,2,2,2,2,2,7,7,8,1,1,1,9,14,3,1,1,NaN,2,NaN,NaN,,NaN,,NaN,,NaN,52,50,NaN,1,4,2,1,1,1,1,1,1,1,1,1,1,1,1,1,1,1,1,2,1,1,710989.966,4316001.694,124.191,Per,23900,0,0,0,11,2
9027,3,2007460000318,3,1,17,3,3,1,1,CV-31,2.2,2,2,1,1,2,1,1,4,4,2,2,2,2,1,1,3,1,8,1,2,1,9,14,1,1,1,NaN,2,NaN,NaN,,NaN,,NaN,,NaN,54,50,NaN,1,4,1,1,1,1,1,1,1,1,1,1,1,1,1,1,1,1,2,2,1,1,720741.681,4376798.542,26.452,Cob,63370,0,0,0,7,6
9028,3,2007460000319,3,1,17,3,3,1,1,CV-365,1,1,0,1,1,7,3,2,3,3,2,1,2,2,1,1,7,7,8,1,1,1,9,14,3,1,1,NaN,1,NaN,NaN,,NaN,,NaN,,67,NaN,60,NaN,1,4,1,1,1,1,1,1,1,1,1,1,1,1,1,1,1,1,2,2,1,2,719194.337,4376837.755,42.795,Sec,40056,0,0,1,10,2
9031,3,2007460000321,3,1,12,6,5,1,3,CV-35,3.7,3,7,0,1,2,3,2,3,4,2,2,2,1,2,1,7,7,8,1,3,1,9,14,2,1,1,NaN,1,5,NaN,,NaN,,NaN,,NaN,NaN,NaN,NaN,1,4,1,1,1,1,1,1,1,1,1,1,1,1,1,1,1,1,2,2,1,1,720927.873,4377303.917,46.388,Per,125000,0,0,1,22,1
9033,3,2007460000322,3,1,13,3,6,2,2,CV-35,15,15,0,0,1,2,2,2,3,2,2,2,2,1,1,1,7,7,8,1,5,1,9,14,3,1,3,NaN,1,4,NaN,,NaN,,NaN,,NaN,NaN,NaN,NaN,1,4,1,1,1,1,1,2,1,1,1,2,1,1,1,1,1,1,1,2,1,1,712443.922,4384231.652,90.159,Per,76000,0,0,2,7,1
9034,3,2007460000330,3,1,21,6,7,3,1,CV-35,11.6,11,6,0,1,2,3,2,3,4,2,2,2,2,2,2,7,7,8,1,4,1,9,14,3,1,1,NaN,1,NaN,NaN,,NaN,,NaN,,NaN,63,60,NaN,1,4,1,1,2,1,1,1,1,1,1,1,1,1,1,1,1,1,1,2,1,1,715165.243,4382256.206,90.966,Per,76000,0,0,0,22,1
9039,3,2007460000332,3,1,16,6,2,1,3,CV-35,14,14,0,1,1,2,2,2,2,1,2,2,2,2,2,2,7,7,8,1,3,1,9,8,1,1,1,NaN,1,4,NaN,,NaN,,NaN,,NaN,NaN,NaN,NaN,1,4,2,1,1,1,1,1,1,1,1,1,1,1,1,1,1,1,1,2,1,1,662386.877,4419383.786,895.429,Per,76000,0,0,2,19,1
9040,3,2007460000340,3,1,21,2,7,3,1,CV-42,8.8,8,8,1,1,5,2,2,3,1,2,1,1,1,1,1,7,7,8,1,4,1,9,14,1,1,3,NaN,1,NaN,NaN,,NaN,,NaN,,67,NaN,60,NaN,1,4,1,1,1,1,2,1,1,1,1,1,1,1,1,1,1,1,1,2,1,1,722771.468,4346658.811,-10.204,Cob,12800,0,0,0,5,5
9044,3,2007460000341,3,1,17,6,3,1,3,CV-35,5.5,5,5,0,1,2,3,2,3,4,2,2,2,2,2,2,7,7,5,1,1,1,9,14,3,1,1,NaN,2,NaN,30,32,NaN,,NaN,,NaN,NaN,NaN,NaN,1,4,1,1,1,1,1,1,1,1,1,1,1,1,1,1,1,2,1,2,1,1,719911.89,4378769.129,63.204,Per,125000,0,0,2,17,2
9046,3,2007460000376,3,1,19,4,5,1,2,CV-35,9.1,9,1,0,1,7,2,2,3,2,2,1,2,1,2,2,7,7,8,1,1,1,9,14,1,1,1,NaN,2,4,NaN,,NaN,,NaN,,NaN,NaN,NaN,NaN,1,4,2,1,1,1,1,1,2,1,1,1,1,1,1,1,1,1,1,2,1,1,717188.348,4381085.948,93.98,Per,76000,0,0,1,14,1
9049,3,2007460000384,3,1,19,6,5,1,1,CV-35,18,18,0,0,1,2,3,2,3,1,2,2,2,2,1,1,4,1,8,1,4,1,9,14,1,1,1,NaN,2,NaN,NaN,,NaN,,NaN,,NaN,52,50,NaN,1,4,1,1,1,1,1,2,1,1,1,2,1,1,1,1,1,1,1,2,1,1,710899.038,4386649.983,113.72,Per,43000,0,0,0,20,6
9051,3,2007460000393,3,1,21,1,7,3,2,CV-35,9,9,0,1,1,2,3,2,3,4,2,2,1,2,2,2,4,1,8,1,3,1,9,14,3,1,1,NaN,2,2,NaN,,NaN,,NaN,,NaN,NaN,NaN,NaN,1,4,1,1,1,1,1,1,1,1,1,1,1,1,1,1,1,1,2,2,1,1,658585.015,4421711.608,953.534,Per,76000,0,0,1,0,6
9052,3,2007460000403,3,1,20,6,6,2,1,CV-35,6.2,6,2,0,1,2,3,2,3,3,2,2,2,2,2,2,7,7,8,1,5,1,9,14,3,1,1,NaN,1,NaN,NaN,,NaN,,NaN,,NaN,NaN,NaN,71,2,4,1,1,1,1,1,1,1,1,1,1,1,1,1,1,1,2,1,2,1,1,719507.528,4379326.65,74.096,Per,93000,0,0,0,22,1
9054,3,2007460000411,3,1,23,6,2,1,2,CV-30,1,1,0,1,1,2,3,2,3,5,2,2,2,1,2,1,7,7,8,1,4,1,9,14,2,1,3,NaN,2,4,NaN,,NaN,,NaN,,NaN,NaN,NaN,NaN,3,4,2,1,2,1,1,1,1,1,1,1,1,1,1,1,1,1,1,2,1,1,721479.381,4374982.087,9.791,Pri,61844,0,0,1,19,1
9060,3,2007460000415,3,1,24,6,3,1,2,CV-35,12,12,0,0,1,2,1,1,3,4,2,2,2,2,2,2,5,1,4,1,2,1,9,14,1,1,3,NaN,2,4,NaN,,NaN,,NaN,,NaN,NaN,NaN,NaN,2,4,1,1,1,1,1,1,2,1,1,1,1,1,1,1,1,1,1,2,1,1,714879.194,4382530.859,92.225,Per,76000,0,0,0,18,6
9061,3,2007460000429,3,1,22,6,1,1,1,CV-36,0.1,0,1,0,1,2,3,2,3,3,2,2,1,1,2,1,7,7,8,1,1,8,9,14,3,1,1,NaN,1,NaN,NaN,,NaN,,NaN,,NaN,64,60,NaN,1,4,2,1,1,1,1,1,1,1,1,1,1,1,1,1,1,1,1,2,1,1,717958.763,4369331.331,32.762,Pri,75417,0,0,0,17,1
9062,3,2007460000430,3,1,22,6,1,1,1,CV-500,9,9,0,0,1,5,3,2,3,4,2,1,1,1,2,1,7,7,8,9,4,8,7,14,3,1,2,2,1,NaN,30,32,NaN,,NaN,,NaN,NaN,NaN,NaN,1,4,1,1,1,1,1,1,1,1,1,1,1,1,2,1,1,1,1,2,1,1,730146.66,4361418.837,-17.576,Cob,17500,0,0,0,22,1
9064,3,2007460000432,3,1,22,4,1,1,2,CV-25,2.4,2,4,0,1,5,3,2,3,3,2,1,1,1,1,1,1,4,3,1,1,1,9,14,1,1,1,NaN,2,2,NaN,,NaN,,NaN,,NaN,NaN,NaN,NaN,1,4,2,1,1,1,1,1,2,1,1,1,1,1,1,1,1,1,1,2,1,1,708191.957,4392342.846,171.318,Sec,9408,0,0,0,14,6
9066,3,2007460000433,3,1,22,6,1,1,2,CV-35,17.5,17,5,1,1,2,3,2,3,3,2,2,2,1,2,1,7,7,8,1,4,1,9,8,1,1,1,NaN,1,3,NaN,,NaN,,NaN,,NaN,NaN,NaN,NaN,1,4,1,1,1,1,1,1,1,1,1,1,1,1,1,1,1,1,2,2,2,3,662972.859,4416229.276,847.183,Per,43000,0,0,0,19,1
9071,3,2007460000442,3,1,26,6,5,1,3,CV-35,5.5,5,5,0,1,2,3,2,3,5,2,2,2,1,2,2,7,7,8,3,1,4,9,14,3,1,3,NaN,2,2,NaN,,NaN,,NaN,,NaN,NaN,NaN,NaN,1,4,1,1,1,1,1,2,1,1,1,1,1,1,1,1,1,1,1,2,1,1,719911.89,4378769.129,63.204,Per,125000,0,0,3,17,2
9073,3,2007460000443,3,1,27,1,6,2,2,CV-35,10.1,10,1,1,1,2,3,2,3,2,2,2,2,1,2,2,7,7,8,1,5,1,9,8,1,1,1,NaN,2,NaN,NaN,,NaN,,NaN,,NaN,NaN,NaN,71,1,4,2,1,1,1,1,1,1,1,1,1,1,1,1,1,1,1,1,2,1,1,659544.135,4421193.789,920.262,Per,76000,0,0,4,0,1
9074,3,2007460000454,3,1,28,3,7,3,1,CV-35,26.8,26,8,1,1,5,3,2,3,3,2,1,2,1,1,1,7,7,8,1,4,1,9,8,1,1,3,NaN,2,NaN,NaN,,NaN,,NaN,,NaN,64,60,NaN,1,4,1,1,2,2,1,1,1,1,1,1,1,1,1,1,1,1,1,2,1,1,663113.402,4408344.12,794.796,Per,11000,0,0,0,7,1
9080,3,2007460000462,3,1,21,3,7,3,1,CV-42,11.6,11,6,1,1,5,3,2,3,3,2,1,1,2,1,1,5,1,8,1,1,1,9,14,1,1,1,NaN,2,NaN,NaN,,NaN,,NaN,,NaN,63,60,NaN,1,4,2,1,2,1,1,2,1,1,1,1,1,1,1,1,1,1,1,2,1,1,722436.168,4343955.407,-10.695,Cob,12800,0,0,0,8,6
9084,3,2007460000478,3,1,27,4,6,2,1,CV-715,3.8,3,8,1,1,5,3,2,3,3,2,1,1,1,1,1,7,7,8,1,1,1,9,14,2,1,1,NaN,2,NaN,NaN,,NaN,,NaN,,66,NaN,60,NaN,1,4,2,1,1,1,1,1,1,1,1,1,1,1,1,1,1,1,1,2,1,1,752009.872,4307188.9,-29.853,Cob,5497,0,0,2,14,1
9085,3,2007460000479,3,1,29,6,1,4,1,CV-35,61.2,61,2,1,1,5,2,3,3,3,2,1,2,2,1,1,7,7,8,3,5,4,2,14,1,1,1,NaN,1,NaN,NaN,,NaN,,NaN,,NaN,64,60,NaN,1,4,1,1,2,1,1,1,1,1,1,1,1,1,1,1,1,1,1,2,1,1,690516.681,4397232.381,441.445,Sec,2211,0,0,0,22,5
9087,3,2007460000493,3,1,25,6,4,1,2,CV-35,4,4,0,1,1,2,3,2,3,4,2,2,2,2,2,2,7,7,8,1,4,1,9,14,2,1,1,NaN,1,3,NaN,,NaN,,NaN,,NaN,NaN,NaN,NaN,1,4,1,1,1,1,1,1,2,1,1,1,1,1,1,1,1,1,1,2,2,2,654769.303,4422941.759,930.62,Per,125000,0,0,0,19,1
9090,3,2007460000530,3,1,30,6,2,1,3,CV-50,16.1,16,1,0,1,5,3,2,3,3,1,1,1,1,2,2,7,7,8,3,1,4,9,14,3,1,3,NaN,1,NaN,NaN,,NaN,,NaN,,NaN,NaN,NaN,71,1,4,1,1,1,1,1,1,1,1,1,1,1,1,1,2,1,1,1,2,1,3,724879.372,4332803.432,17.632,Cob,13183,0,0,0,19,2
9092,3,2007460000540,3,1,26,6,5,1,2,CV-25,0.5,0,5,0,1,5,3,2,3,4,2,1,2,1,2,2,7,7,8,1,5,9,9,14,1,1,1,NaN,2,NaN,NaN,,NaN,,NaN,,NaN,NaN,NaN,71,1,4,1,1,1,1,1,1,2,1,1,1,1,1,1,1,1,1,1,2,1,1,707237.782,4390748.198,154.724,Sec,9408,0,0,0,22,1
9095,3,2007460000543,3,1,26,5,5,1,3,CV-35,4.6,4,6,1,1,2,3,2,3,4,2,2,2,2,2,2,3,1,8,3,1,5,4,14,3,1,1,NaN,2,NaN,NaN,,NaN,,NaN,,NaN,NaN,NaN,71,1,4,1,1,1,1,1,1,2,1,1,1,1,1,1,1,1,1,1,2,1,1,655342.221,4422910.775,942.954,Per,125000,0,0,0,15,6
9097,3,2007460000549,3,1,27,5,6,2,2,CV-35,32.6,32,6,0,1,5,3,2,3,4,2,1,1,1,1,1,1,5,3,1,1,1,9,14,1,1,1,NaN,1,NaN,NaN,,NaN,,NaN,,NaN,63,60,NaN,1,4,1,1,1,1,1,1,2,1,1,1,1,1,1,1,1,1,1,2,1,1,700184.429,4393483.771,191.228,Per,11000,0,0,0,16,6
9098,3,2007460000562,3,1,31,2,3,1,1,CV-50,10.3,10,3,0,1,5,3,2,3,3,2,1,1,2,2,2,7,7,8,3,5,4,2,14,1,1,1,NaN,2,NaN,NaN,,NaN,,NaN,,66,NaN,60,NaN,1,4,1,1,1,1,1,2,1,1,1,1,1,1,1,1,1,1,1,2,1,1,729812.405,4329918.802,76.141,Cob,13183,0,1,0,6,5
9099,3,2007460000564,3,1,31,5,3,1,1,CV-40,14,14,0,1,1,2,3,2,3,4,2,2,2,1,2,2,7,7,8,3,1,4,9,14,3,1,1,NaN,1,NaN,NaN,,NaN,,NaN,,NaN,63,60,NaN,1,4,1,1,1,1,1,2,1,2,1,1,1,1,1,1,1,1,1,2,1,2,710302.715,4309957.495,299.307,Cob,22757,0,0,0,16,1
9100,3,2007460000569,3,1,28,3,7,3,1,CV-500,16.3,16,3,1,1,5,3,2,3,2,2,1,1,1,1,1,7,7,8,1,1,1,9,14,3,1,1,NaN,1,NaN,NaN,,NaN,,NaN,,67,NaN,60,NaN,1,4,2,1,1,2,1,1,1,1,1,1,1,1,1,1,1,1,1,2,1,1,732089.879,4356225.489,-20.543,Sec,12997,0,0,0,7,1
9103,3,2007460000592,3,1,27,4,6,2,3,CV-300,4.8,4,8,1,1,2,3,3,3,4,2,2,2,1,2,1,7,7,2,1,1,1,9,14,2,1,1,NaN,2,4,NaN,,NaN,,NaN,,NaN,NaN,NaN,NaN,1,4,1,1,1,1,1,1,1,1,1,1,1,1,1,1,1,1,2,2,1,1,728907.984,4382713.958,44.439,Cob,19581,0,0,1,14,1
9104,3,2007460000603,3,1,28,4,7,3,1,CV-35,14,14,0,0,1,2,3,2,3,4,2,2,2,1,2,2,3,1,8,1,1,1,9,14,1,1,1,NaN,2,NaN,NaN,,NaN,,NaN,,NaN,52,50,NaN,1,4,2,1,1,1,1,1,1,1,1,1,1,1,1,1,1,1,1,2,1,1,713277.181,4383701.383,85.48,Per,76000,0,0,0,14,6
9108,3,2007460000609,3,1,29,5,1,4,4,CV-500,19.8,19,8,1,1,5,2,2,3,3,2,1,1,1,1,1,5,1,4,3,1,9,9,14,2,1,1,NaN,2,5,NaN,,NaN,,NaN,,NaN,NaN,NaN,NaN,1,4,1,1,1,1,1,1,2,1,1,1,1,1,1,1,1,1,1,2,1,1,730693.893,4359382.924,-23.882,Cob,10345,0,0,1,15,6
9110,3,2007460000617,3,1,29,2,1,1,2,CV-365,0.3,0,3,0,1,2,3,2,3,4,2,2,2,1,2,2,7,7,8,1,3,1,9,14,3,1,1,NaN,2,2,NaN,,NaN,,NaN,,NaN,NaN,NaN,NaN,1,4,1,1,1,1,1,2,2,1,1,1,1,1,1,1,1,1,1,2,1,1,721443.274,4376708.567,36.933,Cob,51500,0,0,0,6,2
9112,3,2007460000634,3,1,31,4,3,1,2,CV-35,13,13,0,0,1,2,3,2,3,2,2,2,2,1,2,2,7,7,8,1,1,1,9,14,1,1,1,NaN,2,4,NaN,,NaN,,NaN,,NaN,NaN,NaN,NaN,1,4,1,1,1,1,1,1,1,1,1,1,1,1,1,1,1,1,2,2,1,1,714102.074,4383155.325,100.375,Per,76000,0,0,2,14,1
9114,3,2007460000636,3,1,30,5,2,1,2,CV-32,1,1,0,1,1,2,3,2,3,3,2,2,2,1,2,2,5,1,8,1,1,1,9,14,3,1,1,NaN,2,3,NaN,,NaN,,NaN,,NaN,NaN,NaN,NaN,1,4,1,1,1,1,1,1,1,1,1,1,1,1,1,1,1,2,1,2,1,1,725536.399,4386406.147,41.915,Per,34650,0,0,1,15,6
9115,3,2007460000659,3,2,4,3,7,3,1,CV-500,19.8,19,8,0,1,5,2,2,3,2,2,1,1,2,1,2,5,3,8,3,1,4,9,14,2,1,1,NaN,1,NaN,NaN,,NaN,,NaN,,NaN,61,60,NaN,1,4,1,1,2,1,1,2,1,1,1,1,1,1,1,1,1,1,1,2,1,1,735095.453,4350662.072,-15.416,Cob,10345,0,0,0,9,6
9116,3,2007460000662,3,2,4,2,7,3,1,CV-81,5.5,5,5,1,1,5,3,2,3,3,2,1,1,1,1,2,5,1,4,3,4,4,9,14,1,1,1,NaN,2,NaN,NaN,,NaN,,NaN,,66,NaN,60,NaN,1,4,1,1,1,1,1,2,1,1,1,1,1,1,1,1,1,1,1,2,1,1,678096.163,4278209.412,476.426,Sec,14064,0,0,0,6,6
9117,3,2007460000663,3,2,3,1,6,2,1,CV-60,27.6,27,6,0,1,5,3,2,3,3,2,1,2,2,2,2,7,7,5,3,5,4,9,14,1,1,1,NaN,2,NaN,NaN,,NaN,,NaN,,56,NaN,50,NaN,1,3,2,1,1,1,1,1,1,1,1,1,1,1,1,1,1,1,1,2,1,1,735515.973,4310634.325,140.284,Cob,15500,0,0,1,2,5
9118,3,2007460000717,3,2,5,4,1,4,1,CV-400,2.9,2,9,1,1,2,3,2,3,4,2,2,2,1,2,2,5,1,4,3,1,4,9,14,1,1,1,NaN,2,NaN,NaN,,NaN,,NaN,,NaN,51,50,NaN,1,4,1,1,1,1,1,2,1,1,1,1,1,1,1,1,1,1,1,2,1,1,723506.695,4366294.719,-2.144,Cob,31241,0,0,0,12,6
9123,3,2007460000725,3,2,5,1,1,4,2,CV-35,3.1,3,1,1,1,2,3,2,3,1,2,2,2,2,2,2,7,7,8,3,3,4,2,8,1,1,1,NaN,2,3,NaN,,NaN,,NaN,,NaN,NaN,NaN,NaN,1,4,1,1,1,1,1,2,1,1,1,1,1,1,1,1,1,1,1,2,1,1,654450.358,4422670.859,893.187,Per,125000,0,0,0,2,2
9126,3,2007460000727,3,2,5,6,1,4,3,CV-410,4,4,0,0,1,5,3,2,3,4,2,2,1,1,2,2,5,1,4,1,1,1,9,14,1,1,3,NaN,2,4,NaN,,NaN,,NaN,,NaN,NaN,NaN,NaN,1,4,1,1,1,1,1,1,1,1,1,1,1,1,1,1,1,1,2,2,2,1,717332.473,4372266.354,36.033,Pri,31883,0,0,0,18,6
9127,3,2007460000728,3,2,5,2,1,4,1,CV-35,3,3,0,1,1,2,3,2,2,1,2,2,2,2,2,2,7,7,8,3,3,4,9,8,1,1,1,NaN,2,NaN,NaN,,NaN,,NaN,,NaN,54,50,NaN,1,4,1,1,1,1,1,2,1,1,1,1,1,1,1,1,1,1,1,2,1,1,654462.088,4422571.739,887.738,Per,125000,0,0,1,6,2
9129,3,2007460000732,3,2,5,2,1,4,2,CV-35,32.5,32,5,1,1,5,3,2,2,3,2,1,1,1,2,1,2,1,3,3,4,4,9,14,1,1,1,NaN,2,2,NaN,,NaN,,NaN,,NaN,NaN,NaN,NaN,1,4,1,1,1,1,1,1,2,1,1,1,1,1,1,1,1,1,1,2,1,1,667034.016,4405238.684,561.691,Per,11000,0,0,0,6,6
9131,3,2007460000739,3,2,5,3,1,4,2,CV-35,6,6,0,1,1,2,3,2,3,4,2,2,2,1,2,2,7,7,8,1,3,1,9,14,3,1,3,NaN,2,4,NaN,,NaN,,NaN,,NaN,NaN,NaN,NaN,2,4,2,1,1,1,1,1,1,1,1,1,1,1,1,1,1,1,1,2,1,1,656613.793,4422984.476,951.347,Per,93000,0,0,0,7,1
9132,3,2007460000751,3,2,5,3,1,1,1,CV-42,1.8,1,8,0,1,5,3,2,3,3,2,1,1,2,2,1,5,1,8,3,1,4,9,14,3,1,1,NaN,1,NaN,NaN,,NaN,,NaN,,NaN,51,50,NaN,1,4,1,1,1,1,1,1,1,1,1,1,1,1,1,1,1,1,2,2,1,1,720940.348,4339814.936,-4.378,Sec,11923,0,0,0,8,6
9133,3,2007460000770,3,2,4,3,7,3,1,CV-35,14,14,0,0,1,2,3,2,3,2,2,2,2,2,2,2,1,1,8,3,5,4,9,14,1,1,1,NaN,2,NaN,NaN,,NaN,,NaN,,NaN,54,50,NaN,1,4,1,1,1,1,1,2,1,1,1,1,1,1,1,1,1,1,1,2,1,1,713277.181,4383701.383,85.48,Per,76000,0,0,0,7,6
9140,3,2007460000851,3,2,1,3,4,1,6,CV-35,11,11,0,0,1,2,3,2,3,2,2,2,2,1,2,2,7,7,8,1,4,1,9,8,1,1,3,NaN,2,5,NaN,,NaN,,NaN,,NaN,NaN,NaN,NaN,2,4,1,1,1,1,1,1,2,1,1,1,1,1,1,1,1,1,1,2,1,1,715598.038,4381852.54,86.348,Per,76000,0,0,2,7,1