Id,Ano,Numero_Accidente,Provincia,Mes,Dia,Hora,Dia_Semana,Tipo_Dia,Vehiculos_Implicados,Carretera,Pk,Km,Hm,Sentido,Zona,Tipo_Via,Anchura_Calzada,Anchura_Carril,Marcas_Viales,Arcen,Arcen_Pavimentado,Mediana,Barrera_Seguridad,Paneles_Direccionales,Hitos_Arista,Captafaros,Interseccion_Tipo,Interseccion_Acondicionamiento,Prioridad_Regulada_por,Superficie,Luminosidad,Factores_Atmosfericos,Visibilidad_Restringida_por,Otras_Circunstancias,Senalizacion_Peligro,Aceras,Arboles,Arboles_Metros_Calzada,Visibilidad_Senalizacion_Vertical,Colision_Vehiculos_Marcha,Colision_Vehiculo_Obstaculo_1,Colision_Vehiculo_Obstaculo_2,Atropello_1,Atropello_2,Vuelco_1,Vuelco_2,Salida_Sin_Colision,Salida_Con_Colision,Lado_Salida,Otro,Circulacion,Circulacion_Medidas_Especiales,Distraccion,Inexperiencia_Conductor,Alcohol_Drogas,Cansancio_Sueno,Enfermedad,Velocidad_Inadecuada,Infraccion_Norma_Circulacion,Estado_Condicion_Via,Estado_Condicion_Senalizacion,Tramo_Obras,Mal_Estado_Vehiculo,Averia_Mecanica,Meteorologia_Adversa,Irrupcion_Animal,Circular_Sentido_Contrario,Otro_Factor,Sin_Opinion_Definida,Pendiente,Curvatura,Peralte,GPS_x,GPS_y,GPS_z,Tipo_Est,IMD,N_Muertos,N_Graves,N_Leves,Hora_Real,Fuera_o_Interseccion
9141,3,2007460000924,3,2,7,3,3,1,1,CV-40,3.5,3,5,0,1,2,3,2,3,4,2,2,2,2,2,2,7,7,8,1,1,1,9,14,3,1,3,NaN,1,NaN,NaN,,NaN,,NaN,,NaN,52,50,NaN,1,4,1,1,1,1,1,1,1,1,1,1,1,2,1,1,1,1,1,2,1,1,710915.977,4317040.61,103.237,Per,23900,0,0,0,8,1
9142,3,2007460001044,3,2,2,6,5,1,1,CV-50,64.5,64,5,1,1,3,3,2,3,3,2,1,1,1,1,1,7,7,8,1,3,1,8,14,3,1,1,NaN,1,NaN,30,32,NaN,,NaN,,NaN,NaN,NaN,NaN,1,4,2,1,1,1,1,1,1,1,1,1,1,1,1,1,1,1,1,2,1,1,716562.814,4341109.988,13.189,Cob,5011,0,0,2,20,1
9145,3,2007460001184,3,2,6,4,2,1,1,CV-40,15.1,15,1,1,1,2,3,2,3,4,2,2,2,1,2,2,7,7,8,1,1,1,9,14,3,1,1,NaN,2,NaN,NaN,,NaN,,NaN,,NaN,63,60,NaN,1,4,2,1,1,1,1,2,1,1,1,1,1,1,1,1,1,1,1,2,1,2,710550.463,4311105.915,329.298,Cob,22757,0,0,1,12,2
9146,3,2007460001185,3,2,4,6,7,3,1,CV-36,2.5,2,5,1,1,2,3,2,3,4,2,2,2,2,2,2,7,7,8,3,3,4,9,14,3,1,1,NaN,1,NaN,NaN,,NaN,,NaN,,57,NaN,50,NaN,1,4,2,1,1,1,1,1,1,1,1,1,1,1,1,1,1,1,1,2,1,2,718901.738,4369335.509,18.29,Pri,75417,0,0,1,21,1
9152,3,2007460001189,3,2,4,3,7,3,3,CV-35,14,14,0,0,1,2,3,2,3,1,2,2,2,2,2,2,7,7,8,3,4,5,9,8,1,1,1,NaN,2,5,NaN,,NaN,,NaN,,NaN,NaN,NaN,NaN,2,4,1,1,1,1,1,1,1,1,1,1,1,1,2,1,1,1,1,2,1,1,713277.181,4383701.383,85.48,Per,76000,0,0,5,7,1
9153,3,2007460001190,3,2,4,3,7,3,1,CV-35,3.5,3,5,1,1,2,3,2,3,1,2,2,2,2,2,2,7,7,8,3,1,4,9,8,1,1,1,NaN,2,NaN,NaN,,NaN,,NaN,,NaN,62,60,NaN,1,4,1,1,1,1,1,1,1,1,1,1,1,1,1,1,1,1,2,2,2,1,654507.777,4422863.684,906.357,Per,125000,0,0,0,9,5
9155,3,2007460001191,3,2,4,5,7,3,2,CV-35,14,14,0,0,1,2,3,2,3,4,2,2,2,2,2,2,7,7,8,3,1,5,9,8,1,1,1,NaN,2,4,NaN,,NaN,,NaN,,NaN,NaN,NaN,NaN,2,4,1,1,1,1,1,1,1,1,1,2,1,1,2,1,1,1,1,2,1,1,713277.181,4383701.383,85.48,Per,76000,0,0,2,15,1
9156,3,2007460001245,3,2,12,6,1,1,1,CV-42,6,6,0,0,1,5,3,2,3,3,2,1,2,1,1,1,7,7,8,1,1,1,9,14,2,1,1,NaN,2,NaN,NaN,,NaN,,NaN,,66,NaN,60,NaN,1,4,2,1,1,1,1,1,1,1,1,1,1,1,1,1,1,1,1,2,1,1,720711.594,4343391.8,0.527,Cob,7258,0,0,0,17,1
9159,3,2007460001396,3,2,12,3,1,1,2,CV-50,68,68,0,1,1,5,3,2,3,3,2,1,2,1,2,2,7,7,8,1,1,1,9,14,2,1,1,NaN,1,4,NaN,,NaN,,NaN,,NaN,NaN,NaN,NaN,1,4,1,1,1,1,1,1,2,1,1,1,1,1,1,1,1,1,1,2,1,1,719185.391,4338957.595,-1.164,Sec,6288,0,0,2,8,2
9160,3,2007460001400,3,2,4,6,7,3,1,CV-35,50,50,0,0,1,5,3,2,3,3,2,1,2,1,1,1,5,1,8,3,4,2,4,8,1,1,3,NaN,1,NaN,NaN,,NaN,,NaN,,NaN,52,50,NaN,1,4,2,1,1,1,1,2,1,2,1,1,1,1,1,1,1,1,1,2,1,1,684495.809,4396700.027,359.28,Per,4000,0,0,0,20,6
9161,3,2007460001405,3,2,7,5,3,1,1,CV-42,19,19,0,0,1,7,3,2,3,4,2,2,2,2,1,1,7,7,8,1,1,1,9,14,2,1,1,NaN,1,NaN,NaN,,NaN,,NaN,,67,NaN,60,NaN,1,4,1,1,1,1,1,1,1,1,1,1,1,1,1,1,1,1,2,2,1,1,723712.144,4354371.742,-5.776,Cob,3068,0,0,1,15,2
9162,3,2007460001407,3,2,6,6,2,1,1,CV-369,1.5,1,5,0,1,5,3,2,3,3,2,1,1,1,1,1,7,7,8,1,2,1,9,14,3,1,1,NaN,1,NaN,NaN,,NaN,,NaN,,NaN,NaN,NaN,71,1,4,1,1,1,1,1,1,1,1,1,1,1,1,1,1,1,1,2,2,1,2,709111.078,4387404.444,97.308,NaN,0,0,0,0,17,1
9163,3,2007460001408,3,2,8,3,4,1,1,CV-35,5.8,5,8,1,1,2,3,2,3,3,2,2,2,1,2,1,7,7,8,1,1,1,9,14,3,1,1,NaN,1,NaN,NaN,,NaN,,NaN,,66,NaN,60,NaN,1,4,1,1,1,1,1,1,1,1,1,1,1,1,1,1,1,1,2,2,1,1,656419.085,4423018.996,946.871,Per,93000,0,0,0,10,2
9164,3,2007460001409,3,2,9,4,5,1,1,CV-35,26.5,26,5,0,1,5,3,2,3,3,2,1,1,1,1,1,7,7,5,1,1,1,9,2,1,1,1,NaN,2,NaN,30,32,NaN,,NaN,,NaN,NaN,NaN,NaN,1,4,1,1,1,1,1,1,1,1,1,1,1,1,1,1,1,2,1,2,1,1,705261.71,4390239.238,149.247,Per,11000,0,0,0,11,2
9166,3,2007460001414,3,2,7,6,3,1,2,CV-32,4.8,4,8,0,1,5,3,2,3,3,2,1,1,1,2,1,1,1,3,1,4,1,9,13,1,1,1,NaN,2,2,NaN,,NaN,,NaN,,NaN,NaN,NaN,NaN,1,4,1,1,1,1,1,1,1,1,1,1,1,1,1,1,1,1,2,2,1,1,728249.91,4383333.866,-2.489,Cob,17286,0,0,0,19,6
9169,3,2007460001415,3,2,9,4,5,1,3,CV-35,10,10,0,0,1,2,3,2,3,4,2,2,2,1,2,2,7,7,8,1,1,1,9,14,3,1,1,NaN,1,5,NaN,,NaN,,NaN,,NaN,NaN,NaN,NaN,2,4,2,1,1,1,1,1,1,1,1,1,1,1,1,1,1,1,1,2,1,1,716435.035,4381334.63,85.823,Per,76000,0,0,0,14,1
9170,3,2007460001417,3,2,14,6,3,1,1,CV-410,4,4,0,0,1,5,3,2,3,4,2,1,1,2,2,2,5,1,4,1,3,1,9,14,1,1,1,NaN,2,NaN,NaN,,NaN,,NaN,,NaN,51,50,NaN,1,4,2,1,2,1,1,1,1,1,1,1,1,1,1,1,1,1,1,2,2,1,717332.473,4372266.354,36.033,Pri,31883,0,0,0,21,6
9174,3,2007460001453,3,2,4,6,7,3,2,CV-35,14,14,0,1,1,2,3,2,3,2,2,2,2,1,2,2,7,7,5,3,1,5,9,14,3,1,1,NaN,1,2,NaN,,NaN,,NaN,,NaN,NaN,NaN,NaN,1,4,1,1,1,1,1,1,2,1,1,1,1,1,1,1,1,2,1,2,1,1,662386.877,4419383.786,895.429,Per,76000,0,0,1,18,1
9178,3,2007460001456,3,2,7,6,3,1,2,CV-35,16,16,0,1,1,2,3,2,3,4,2,2,2,1,2,2,7,7,8,1,5,1,9,14,1,1,3,NaN,2,3,NaN,,NaN,,NaN,,NaN,NaN,NaN,NaN,1,3,1,1,1,1,1,1,1,1,1,1,1,1,1,1,1,2,1,2,1,1,662706.406,4417512.916,878.39,Per,43000,0,0,0,21,1
9180,3,2007460001497,3,2,7,6,3,1,2,CV-30,1.3,1,3,1,1,2,3,2,2,4,2,2,2,1,2,2,7,7,8,1,3,1,9,14,3,1,1,NaN,2,4,NaN,,NaN,,NaN,,NaN,NaN,NaN,NaN,1,4,2,1,1,1,1,1,1,1,1,1,1,1,1,1,1,1,1,2,1,1,721233.143,4374814.095,10.293,Pri,61844,0,0,0,20,1
9182,3,2007460001523,3,2,6,6,2,1,2,CV-410,1.8,1,8,1,1,2,3,2,3,4,2,2,2,1,2,2,7,7,8,1,2,1,9,14,3,1,1,NaN,2,4,NaN,,NaN,,NaN,,NaN,NaN,NaN,NaN,1,4,2,1,1,1,1,1,1,1,1,1,1,1,1,1,1,1,1,2,1,1,717203.031,4371947.54,34.539,Cob,24580,0,0,2,19,1
9184,3,2007460001564,3,2,14,2,3,1,2,CV-35,37.2,37,2,0,1,5,3,2,3,3,2,1,1,1,2,2,1,1,8,1,5,1,9,14,1,1,1,NaN,2,4,NaN,,NaN,,NaN,,NaN,NaN,NaN,NaN,1,4,2,1,1,1,1,1,1,1,1,1,1,1,1,1,1,1,1,2,1,1,696862.08,4396546.284,282.824,Per,11000,0,1,1,6,6
9188,3,2007460001631,3,2,6,3,2,1,4,CV-35,6,6,0,1,1,2,3,2,3,3,2,2,2,2,2,2,7,7,8,1,1,1,9,14,3,1,1,NaN,1,5,NaN,,NaN,,NaN,,NaN,NaN,NaN,NaN,2,4,1,1,1,1,1,1,1,1,1,1,1,1,1,1,1,1,2,2,1,1,656613.793,4422984.476,951.347,Per,93000,0,0,0,8,1
9191,3,2007460001689,3,2,16,6,5,1,2,CV-650,4,4,0,1,1,5,2,2,3,3,2,1,1,1,1,1,1,1,8,1,4,1,9,14,1,1,1,NaN,2,4,NaN,,NaN,,NaN,,NaN,NaN,NaN,NaN,1,4,2,1,1,1,1,1,1,1,1,1,1,1,1,1,1,1,1,2,1,1,709689.61,4303672.905,274.749,NaN,0,0,0,4,21,6
9192,3,2007460001698,3,2,18,2,7,3,1,CV-500,27.3,27,3,0,1,5,3,1,3,3,2,1,1,1,1,1,7,7,7,1,1,1,9,14,1,1,3,NaN,2,NaN,NaN,,NaN,,NaN,,66,NaN,60,NaN,1,4,2,1,1,1,1,1,1,1,1,1,1,1,1,1,1,1,1,2,1,1,732726.182,4344494.652,-9.933,Cob,9819,0,0,0,6,2
9196,3,2007460001700,3,2,18,6,7,3,2,CV-35,14,14,0,0,1,2,2,3,3,1,2,2,2,2,2,2,7,7,8,1,5,1,9,14,2,1,1,NaN,1,3,NaN,,NaN,,NaN,,NaN,NaN,NaN,NaN,1,3,1,1,1,1,1,1,2,1,1,1,1,1,1,1,1,1,1,2,1,1,713277.181,4383701.383,85.48,Per,76000,0,3,0,22,1
9199,3,2007460001705,3,2,9,6,5,1,3,CV-410,3.9,3,9,0,1,5,3,2,3,3,2,2,2,1,2,1,7,7,8,1,4,1,9,14,3,1,1,NaN,1,5,NaN,,NaN,,NaN,,NaN,NaN,NaN,NaN,1,4,2,1,1,1,1,1,1,1,1,1,1,1,1,1,1,1,1,2,1,1,717273.037,4372192.712,35.758,Sec,25531,0,0,0,19,1
9203,3,2007460001706,3,2,9,3,5,1,4,CV-35,6.5,6,5,1,1,2,3,2,3,4,2,2,2,1,2,2,7,7,8,3,1,1,9,8,1,1,1,NaN,2,5,NaN,,NaN,,NaN,,NaN,NaN,NaN,NaN,2,4,2,1,1,1,1,1,2,1,1,1,1,1,1,1,1,1,1,2,1,1,657021.385,4422717.023,965.038,Per,93000,0,0,2,8,1
9206,3,2007460001707,3,2,9,6,5,1,3,CV-35,5.5,5,5,1,1,2,3,2,3,4,2,2,2,2,2,1,7,7,8,1,3,1,9,14,3,1,1,NaN,1,5,NaN,,NaN,,NaN,,NaN,NaN,NaN,NaN,1,4,1,1,1,1,1,1,1,1,1,1,1,1,1,1,1,1,2,2,1,1,656155.285,4423077.166,942.697,Per,125000,0,0,1,20,2
9207,3,2007460001782,3,2,11,3,7,3,1,CV-35,15.5,15,5,1,1,2,3,2,3,3,2,2,2,2,2,2,7,7,5,1,3,1,9,14,3,1,3,NaN,2,NaN,NaN,,NaN,,NaN,,NaN,62,60,NaN,1,4,1,1,1,2,1,1,1,1,1,1,1,1,1,1,1,1,1,2,1,1,662674.839,4417997.185,903.866,Per,76000,0,0,1,7,1
9209,3,2007460001805,3,2,18,6,7,3,2,CV-610,19.1,19,1,0,1,5,2,2,3,1,2,1,1,2,1,1,7,7,8,3,1,4,9,14,1,1,3,NaN,2,2,NaN,,NaN,,NaN,,NaN,NaN,NaN,NaN,1,4,1,1,1,1,1,2,1,1,1,1,1,1,1,1,1,1,1,2,1,1,729904.512,4312917.498,220.807,Cob,3429,0,0,1,17,4
9211,3,2007460001872,3,2,19,6,1,4,2,CV-33,3.9,3,9,0,1,2,3,1,3,2,2,2,2,1,2,2,3,1,8,1,5,1,9,14,2,1,3,NaN,2,4,NaN,,NaN,,NaN,,NaN,NaN,NaN,NaN,1,4,2,1,1,1,1,1,1,1,1,1,1,1,1,1,1,1,1,2,1,1,721473.575,4365331.507,3.634,Sec,25971,1,0,0,19,6
9213,3,2007460002015,3,2,16,1,5,1,1,CV-35,22.6,22,6,0,1,2,3,2,3,4,2,2,2,1,2,1,7,7,8,1,5,1,9,14,3,1,1,NaN,1,NaN,NaN,,NaN,,NaN,,67,NaN,60,NaN,1,4,1,1,1,1,1,2,1,1,1,1,1,1,1,1,1,1,1,2,1,2,707612.455,4389367.488,129.056,Per,43000,0,0,0,23,2
9215,3,2007460002040,3,2,16,6,5,1,1,CV-40,18.3,18,3,1,1,2,3,2,3,4,2,2,2,1,2,2,7,7,8,1,4,1,9,14,3,1,1,NaN,1,NaN,NaN,,21,24,NaN,,NaN,NaN,NaN,NaN,1,4,1,1,1,1,1,1,1,1,1,1,1,1,1,2,1,1,1,2,1,1,711627.195,4313829.852,195.721,Cob,23500,0,0,0,21,1
9223,3,2007460002076,3,2,14,6,3,1,3,CV-35,12.5,12,5,1,1,2,3,2,3,3,2,2,2,1,2,2,7,7,7,1,4,1,9,8,1,1,1,NaN,2,5,NaN,,NaN,,NaN,,NaN,NaN,NaN,NaN,3,4,2,1,1,1,1,2,1,1,1,1,1,1,1,1,1,1,1,2,1,1,661600.094,4420410.72,886.686,Per,76000,0,0,5,19,1
9224,3,2007460002087,3,2,24,4,6,2,1,CV-390,46,46,0,0,1,5,3,1,3,3,2,1,1,1,1,1,5,6,4,1,1,1,9,14,1,1,3,NaN,2,NaN,NaN,,NaN,,NaN,,66,NaN,60,NaN,1,3,1,1,1,1,1,2,1,1,1,1,1,1,1,1,1,1,1,2,1,1,654862.437,4383152.939,761.968,NaN,0,0,0,0,12,6
9226,3,2007460002090,3,2,23,6,5,1,2,CV-33,5,5,0,0,1,2,3,2,3,5,2,2,2,1,2,2,7,7,8,1,5,1,9,14,3,1,1,NaN,1,NaN,NaN,,NaN,,NaN,,NaN,54,50,NaN,1,4,1,1,1,1,1,1,1,1,1,1,1,1,1,1,1,1,2,2,1,1,720758.272,4366148.62,9.615,Sec,25971,0,0,0,22,2
9230,3,2007460002093,3,2,24,6,6,1,3,CV-50,3.9,3,9,0,1,5,2,2,3,4,2,1,2,1,2,1,1,1,8,1,5,1,9,14,1,1,1,NaN,2,5,NaN,,NaN,,NaN,,NaN,NaN,NaN,NaN,1,4,2,1,2,1,1,1,1,1,1,1,1,1,1,1,1,1,1,2,1,1,735362.384,4327741.448,-0.027,Sec,9803,0,0,0,19,6
9231,3,2007460002095,3,2,25,2,7,3,1,CV-60,7,7,0,1,1,5,3,2,3,4,2,1,2,1,2,1,7,7,8,1,2,1,9,14,3,1,1,NaN,2,NaN,NaN,,NaN,,NaN,,66,NaN,60,NaN,1,4,2,1,2,1,1,1,1,1,1,1,1,1,1,1,1,1,1,2,1,1,738261.373,4313099.737,70.767,Cob,10000,0,0,1,6,1
9240,3,2007460002101,3,2,18,1,7,3,5,CV-35,9.5,9,5,1,1,2,3,2,3,4,2,2,2,1,2,1,7,7,8,1,4,1,9,14,3,1,1,NaN,1,5,NaN,,NaN,,NaN,,NaN,NaN,NaN,NaN,1,4,2,1,1,1,1,1,2,1,1,1,1,1,1,1,1,1,1,2,1,1,658933.246,4421525.484,942.048,Per,76000,0,0,5,2,1
9244,3,2007460002116,3,2,20,3,2,1,4,CV-35,10.9,10,9,0,1,2,3,2,3,4,2,2,2,1,2,1,7,7,8,1,5,1,9,2,1,1,1,NaN,1,5,NaN,,NaN,,NaN,,NaN,NaN,NaN,NaN,2,4,2,1,1,1,1,1,2,1,1,1,1,1,1,1,1,1,1,2,1,1,715676.145,4381791.688,85.676,Per,76000,0,0,0,7,1
9246,3,2007460002117,3,2,21,3,3,1,2,CV-36,3.9,3,9,0,1,2,3,2,3,4,2,2,2,2,2,2,7,7,5,3,2,4,9,14,3,1,3,NaN,2,3,NaN,,NaN,,NaN,,NaN,NaN,NaN,NaN,1,4,1,1,1,1,1,1,2,1,1,1,1,1,1,1,1,1,1,2,1,1,714321.3,4369225.927,50.87,Cob,36792,0,0,0,7,2
9247,3,2007460002119,3,2,18,4,7,3,1,CV-50,3.7,3,7,1,1,5,2,2,3,3,2,1,1,1,1,1,7,7,8,1,1,1,9,8,2,1,1,NaN,1,NaN,30,32,NaN,,NaN,,NaN,NaN,NaN,NaN,1,4,1,1,1,1,1,1,1,2,1,2,1,1,1,1,1,1,1,2,1,1,705223.792,4385891.222,130.983,Sec,9803,0,0,2,12,1
9249,3,2007460002124,3,2,26,3,1,1,2,CV-590,61.1,61,1,0,1,5,3,2,3,3,2,1,1,1,1,1,1,6,4,1,1,1,9,14,1,1,1,NaN,2,4,NaN,,NaN,,NaN,,NaN,NaN,NaN,NaN,1,4,2,1,1,1,1,1,1,1,1,1,1,1,1,1,1,1,1,2,1,1,710094.3,4321072.008,112.51,Sec,7323,0,0,1,8,6
9250,3,2007460002125,3,2,21,6,3,1,1,CV-33,6.5,6,5,1,1,2,3,2,3,4,2,2,2,1,2,2,7,7,8,1,1,1,9,14,1,1,3,NaN,2,NaN,NaN,,NaN,,NaN,,68,NaN,60,NaN,1,4,1,1,1,1,2,1,1,1,1,1,1,1,1,1,1,1,1,2,1,1,723470.612,4363446.881,-14.028,Pri,51000,0,0,0,17,1
9251,3,2007460002128,3,2,21,4,3,1,1,CV-35,4.7,4,7,0,1,2,3,2,4,4,2,2,2,1,2,2,7,7,8,3,1,9,9,14,3,1,3,NaN,2,NaN,NaN,,NaN,,NaN,,NaN,64,60,NaN,1,4,2,1,1,1,1,1,1,1,1,1,1,1,1,1,1,1,1,2,1,1,720377.337,4378128.521,56.264,Per,125000,0,0,1,11,2
9256,3,2007460002132,3,2,21,6,3,1,3,CV-35,18.3,18,3,0,1,2,3,2,3,4,2,2,2,1,2,2,7,7,8,1,1,1,9,8,1,1,3,NaN,2,5,NaN,,NaN,,NaN,,NaN,NaN,NaN,NaN,2,4,2,1,1,1,1,1,1,1,1,1,1,1,1,1,1,1,1,2,1,1,710754.263,4386905.78,114.704,Per,43000,0,0,2,18,1
9258,3,2007460002133,3,2,21,6,3,1,2,CV-410,4,4,0,0,1,5,2,2,3,2,2,2,2,1,1,2,5,1,8,1,3,1,9,14,1,1,1,NaN,1,3,NaN,,NaN,,NaN,,NaN,NaN,NaN,NaN,1,4,1,1,1,1,1,1,1,1,1,1,1,1,1,1,1,1,2,2,2,1,717332.473,4372266.354,36.033,Pri,31883,0,0,0,19,6
9260,3,2007460002137,3,2,26,4,1,1,2,CV-50,59.2,59,2,1,1,5,2,2,3,3,2,1,1,1,1,1,1,1,8,1,1,1,9,14,1,1,1,NaN,1,NaN,NaN,,NaN,,NaN,,NaN,54,50,NaN,1,4,1,1,1,1,1,1,1,1,1,1,1,1,1,1,1,1,2,2,1,1,713909.799,4345422.017,30.581,Cob,1756,0,0,1,14,6
9261,3,2007460002151,3,2,22,1,4,1,1,CV-33,2.3,2,3,0,1,5,2,3,3,1,2,1,1,1,1,1,7,7,5,1,4,1,9,14,1,1,1,NaN,2,NaN,NaN,,NaN,,NaN,,NaN,51,50,NaN,1,4,1,1,1,1,1,2,1,1,1,1,1,1,1,1,1,1,1,2,1,1,722235.68,4363965.184,-5.126,Cob,22492,0,0,0,23,5
9265,3,2007460002157,3,2,28,3,3,1,2,CV-41,13.6,13,6,0,1,5,2,2,3,3,2,1,2,2,2,2,1,1,8,1,1,1,9,14,1,1,2,3,2,2,NaN,,NaN,,NaN,,NaN,NaN,NaN,NaN,1,4,1,1,1,1,1,1,2,1,1,1,1,1,1,1,1,1,1,2,1,1,716482.801,4325109.72,37.866,Cob,9333,1,0,0,8,6
9266,3,2007460002167,3,2,23,4,5,1,1,CV-35,34.5,34,5,0,1,5,3,2,3,3,2,1,1,1,1,1,1,1,3,1,1,1,9,14,1,1,1,NaN,1,NaN,NaN,,NaN,,NaN,,NaN,NaN,NaN,71,1,4,1,1,1,1,1,1,1,1,1,1,1,1,1,1,1,1,2,2,1,1,698621.464,4394526.473,223.809,Per,11000,0,0,0,14,6
9268,3,2007460002169,3,2,23,6,5,1,2,CV-32,0,0,0,0,1,5,3,1,3,4,2,1,1,1,1,1,5,3,8,1,3,1,9,14,3,1,1,NaN,1,2,NaN,,NaN,,NaN,,NaN,NaN,NaN,NaN,1,4,1,1,1,1,1,1,1,1,1,1,1,1,1,1,1,1,2,2,1,1,732496.164,4381670.375,-18.685,Per,34650,0,0,0,21,6
9269,3,2007460002173,3,2,24,6,6,2,1,CV-500,1,1,0,0,1,5,3,2,3,3,2,1,2,2,2,2,7,7,8,1,1,1,9,14,2,1,1,NaN,1,NaN,NaN,,NaN,,NaN,,NaN,NaN,NaN,71,1,4,1,1,1,1,1,1,1,1,1,1,1,1,1,1,1,1,2,2,1,1,729098.117,4369437.274,-13.318,Pri,17500,0,0,0,17,1
9271,2,2007460002189,3,12,19,6,2,1,2,CV-31,4.7,4,7,0,1,5,3,2,3,1,2,1,1,1,1,1,3,4,3,1,2,1,9,14,1,1,1,NaN,1,2,NaN,,NaN,,NaN,,NaN,NaN,NaN,NaN,1,4,1,1,2,1,1,1,2,1,1,1,1,1,1,1,1,1,1,2,1,1,721683.388,4378388.233,28.301,Cob,30893,0,0,2,18,6
9272,3,2007460002198,3,2,25,3,7,3,1,CV-50,78.5,78,5,0,1,5,3,2,3,3,2,1,1,2,2,2,7,7,8,1,1,1,9,14,1,1,1,NaN,2,NaN,NaN,,NaN,,NaN,,NaN,51,50,NaN,1,4,1,1,1,1,1,2,1,1,1,1,1,1,1,1,1,1,1,2,1,1,700319.692,4376595.219,199.145,Cob,5512,0,1,0,8,4
9274,3,2007460002200,3,3,1,4,4,1,2,CV-41,15.9,15,9,1,1,5,2,2,3,4,2,1,1,1,2,2,2,1,7,1,1,1,9,14,1,1,1,NaN,1,2,NaN,,NaN,,NaN,,NaN,NaN,NaN,NaN,1,4,2,1,1,1,1,1,1,1,1,1,1,1,1,1,1,1,1,2,1,1,719354.121,4332560.5,-0.016,Cob,9333,0,0,0,14,6
9276,3,2007460002207,3,2,25,5,7,3,1,CV-333,4.8,4,8,1,1,5,3,2,3,4,2,1,2,2,2,1,5,1,4,1,1,9,9,14,1,1,1,NaN,2,NaN,NaN,,NaN,,NaN,,NaN,62,60,NaN,1,4,1,1,1,1,1,2,1,1,1,1,1,1,1,1,1,1,1,2,1,1,713504.666,4393040.27,171.025,Pri,4932,0,0,0,15,6
9277,3,2007460002208,3,2,28,6,3,1,1,CV-35,21.8,21,8,0,1,2,2,2,3,2,2,2,2,1,2,1,7,7,8,1,1,1,9,8,1,1,1,NaN,2,NaN,NaN,,NaN,,NaN,,NaN,64,60,NaN,1,4,2,1,1,1,1,1,1,1,1,1,1,1,1,1,1,1,1,2,1,2,707987.413,4388703.398,124.95,Per,43000,0,0,0,18,1
9278,3,2007460002209,3,3,1,6,4,1,1,CV-686,1,1,0,1,1,5,2,2,3,3,2,1,1,1,1,1,7,7,8,1,5,1,9,14,1,1,3,NaN,2,NaN,30,32,NaN,,NaN,,NaN,NaN,NaN,NaN,1,4,1,1,1,1,1,1,1,2,1,1,1,1,1,1,1,2,1,2,1,1,743079.479,4315044.435,16.21,Cob,23000,0,0,0,21,1
9280,3,2007460002211,3,2,25,3,7,3,2,CV-42,14.5,14,5,1,1,5,2,2,3,3,2,1,1,1,1,1,5,6,8,1,1,1,9,14,1,1,1,NaN,1,3,NaN,,NaN,,NaN,,NaN,NaN,NaN,NaN,1,4,1,1,1,1,1,1,1,1,1,1,1,1,1,1,1,1,2,2,1,1,720180.093,4342723.934,0.926,Cob,12800,0,0,1,10,6
9284,3,2007460002218,3,2,26,6,1,4,4,CV-35,14,14,0,1,1,2,2,2,3,1,2,2,2,2,2,2,7,7,8,1,2,1,9,14,1,1,1,NaN,1,5,NaN,,NaN,,NaN,,NaN,NaN,NaN,NaN,2,4,2,1,1,1,1,1,1,1,1,1,1,1,1,1,1,1,1,2,2,1,662403.644,4419285.808,900.702,Per,76000,0,0,1,19,1
9287,3,2007460002220,3,2,27,3,2,1,3,CV-35,14,14,0,1,1,2,3,2,3,1,2,2,2,2,2,2,7,7,8,1,1,1,9,14,1,1,1,NaN,2,5,NaN,,NaN,,NaN,,NaN,NaN,NaN,NaN,2,4,1,1,1,1,1,1,2,1,1,1,1,1,1,1,1,1,1,2,1,1,662386.877,4419383.786,895.429,Per,76000,0,0,0,10,1
9289,3,2007460002222,3,2,27,4,2,1,2,CV-35,6,6,0,1,1,2,3,2,3,4,2,2,2,2,2,2,7,7,8,1,1,1,9,14,3,1,1,NaN,1,4,NaN,,NaN,,NaN,,NaN,NaN,NaN,NaN,1,4,1,1,1,1,1,1,1,1,1,1,1,1,1,1,1,1,2,2,1,1,656613.793,4422984.476,951.347,Per,93000,0,0,0,14,1
9291,3,2007460002232,3,3,3,6,6,2,1,CV-41,13.9,13,9,1,1,5,3,1,3,3,2,1,2,2,1,1,7,7,8,1,1,1,2,14,1,1,3,NaN,2,NaN,NaN,,NaN,,NaN,,NaN,64,60,NaN,1,4,1,1,1,1,1,2,1,1,1,1,1,1,1,1,1,1,1,2,1,1,718538.429,4330821.294,3.123,Cob,9333,1,0,0,17,5
9293,3,2007460002234,3,3,3,1,6,1,2,CV-35,13.8,13,8,0,1,2,3,2,3,3,2,2,2,2,2,2,1,1,8,1,5,1,9,14,1,1,1,NaN,2,NaN,NaN,,NaN,,NaN,,NaN,63,60,NaN,1,4,2,1,2,1,1,1,1,1,1,1,1,1,1,1,1,1,1,2,1,1,713447.574,4383599.628,88.658,Per,76000,0,1,1,4,6
9294,3,2007460002235,3,3,3,6,6,3,1,CV-81,9.1,9,1,1,1,5,3,2,3,3,2,1,2,1,2,2,7,7,8,1,1,1,9,14,3,1,1,NaN,2,NaN,NaN,,NaN,,NaN,,NaN,62,60,NaN,1,4,2,1,1,1,1,1,1,1,1,1,1,1,1,1,1,1,1,2,1,1,681667.238,4278542.571,462.629,Cob,6043,0,0,1,17,1