Id,Ano,Numero_Accidente,Provincia,Mes,Dia,Hora,Dia_Semana,Tipo_Dia,Vehiculos_Implicados,Carretera,Pk,Km,Hm,Sentido,Zona,Tipo_Via,Anchura_Calzada,Anchura_Carril,Marcas_Viales,Arcen,Arcen_Pavimentado,Mediana,Barrera_Seguridad,Paneles_Direccionales,Hitos_Arista,Captafaros,Interseccion_Tipo,Interseccion_Acondicionamiento,Prioridad_Regulada_por,Superficie,Luminosidad,Factores_Atmosfericos,Visibilidad_Restringida_por,Otras_Circunstancias,Senalizacion_Peligro,Aceras,Arboles,Arboles_Metros_Calzada,Visibilidad_Senalizacion_Vertical,Colision_Vehiculos_Marcha,Colision_Vehiculo_Obstaculo_1,Colision_Vehiculo_Obstaculo_2,Atropello_1,Atropello_2,Vuelco_1,Vuelco_2,Salida_Sin_Colision,Salida_Con_Colision,Lado_Salida,Otro,Circulacion,Circulacion_Medidas_Especiales,Distraccion,Inexperiencia_Conductor,Alcohol_Drogas,Cansancio_Sueno,Enfermedad,Velocidad_Inadecuada,Infraccion_Norma_Circulacion,Estado_Condicion_Via,Estado_Condicion_Senalizacion,Tramo_Obras,Mal_Estado_Vehiculo,Averia_Mecanica,Meteorologia_Adversa,Irrupcion_Animal,Circular_Sentido_Contrario,Otro_Factor,Sin_Opinion_Definida,Pendiente,Curvatura,Peralte,GPS_x,GPS_y,GPS_z,Tipo_Est,IMD,N_Muertos,N_Graves,N_Leves,Hora_Real,Fuera_o_Interseccion
9295,3,2007460002239,3,3,4,3,7,3,1,CV-50,63.5,63,5,1,1,5,3,2,3,4,2,1,2,2,1,1,7,7,8,1,1,1,9,14,2,1,1,NaN,1,NaN,NaN,,NaN,,NaN,,66,NaN,60,NaN,1,4,2,1,1,1,1,1,1,1,1,1,1,1,1,1,1,1,1,2,1,1,715974.656,4341783.756,15.528,Cob,5011,0,1,0,9,1
9297,3,2007460002249,3,2,27,6,2,1,2,CV-400,2.9,2,9,0,1,5,3,2,3,3,2,1,1,2,1,1,4,1,5,1,2,1,9,14,3,1,3,NaN,1,3,NaN,,NaN,,NaN,,NaN,NaN,NaN,NaN,1,4,1,1,1,1,1,1,1,1,1,1,1,1,1,1,1,1,2,2,1,1,723522.624,4366928.637,-3.152,Cob,31241,0,0,0,19,6
9300,3,2007460002259,3,2,28,3,3,1,3,CV-36,0.8,0,8,1,1,2,3,2,3,4,2,2,2,1,2,2,7,7,5,1,1,1,9,8,1,1,3,NaN,2,4,NaN,,NaN,,NaN,,NaN,NaN,NaN,NaN,3,4,2,1,1,1,1,1,1,1,1,1,1,1,1,1,1,1,1,2,1,2,711742.544,4368750.886,73.986,Pri,75417,0,0,0,8,1
9302,3,2007460002263,3,3,1,6,4,1,2,CV-35,12,12,0,0,1,2,2,2,3,3,2,1,2,2,2,2,5,1,8,1,3,1,9,14,3,1,1,NaN,1,3,NaN,,NaN,,NaN,,NaN,NaN,NaN,NaN,1,4,2,1,1,1,1,1,1,1,1,1,1,1,1,1,1,1,1,2,1,1,714879.194,4382530.859,92.225,Per,76000,0,0,0,22,6
9306,3,2007460002271,3,3,2,3,5,1,2,CV-35,12.8,12,8,1,1,6,2,2,3,2,2,2,2,2,2,2,7,7,7,1,1,1,9,8,1,1,1,NaN,2,3,NaN,,NaN,,NaN,,NaN,NaN,NaN,NaN,2,4,1,1,1,1,1,1,2,1,1,1,1,1,1,1,1,1,1,2,1,1,661754.987,4420170.844,884.793,Per,76000,0,0,1,8,1
9307,3,2007460002280,3,3,3,6,6,2,1,CV-333,7.7,7,7,0,1,5,3,2,3,3,2,1,2,1,2,1,7,7,5,1,4,1,9,14,3,1,1,NaN,1,NaN,NaN,,NaN,,NaN,,68,NaN,60,NaN,1,4,1,1,1,1,1,1,1,1,1,1,1,1,1,2,1,1,1,2,1,1,713864.186,4392271.443,155.811,Cob,3520,0,0,0,21,1
9310,3,2007460002286,3,3,4,3,7,3,1,CV-31,1.8,1,8,0,1,7,1,1,4,3,2,1,2,1,2,1,7,7,8,1,1,1,2,14,1,1,1,NaN,2,NaN,NaN,,NaN,,NaN,,NaN,64,60,NaN,1,4,2,1,1,1,1,2,1,1,1,1,1,1,1,1,1,1,1,2,1,1,720954.854,4376081.837,19.971,Cob,65359,0,0,4,8,5
9317,3,2007460002339,3,2,28,3,3,1,7,CV-35,2.9,2,9,0,1,2,3,2,3,2,2,2,2,2,2,2,7,7,8,1,1,1,9,8,1,1,3,NaN,2,5,NaN,,NaN,,NaN,,NaN,NaN,NaN,NaN,3,4,1,1,1,1,1,2,1,1,1,1,1,1,1,1,1,1,1,2,1,1,721414.905,4376688.972,35.953,Per,125000,0,0,3,9,1
9319,3,2007460002342,3,3,5,4,1,1,2,CV-410,4,4,0,0,1,5,2,2,2,1,2,1,1,1,1,1,5,1,8,1,1,1,9,14,2,1,3,NaN,2,3,NaN,,NaN,,NaN,,NaN,NaN,NaN,NaN,1,4,2,1,1,1,1,1,2,1,1,1,1,1,1,1,1,1,1,2,2,1,717357.644,4372352.465,36.388,Pri,31883,0,0,1,12,6
9321,3,2007460002343,3,3,5,5,1,1,2,CV-33,0,0,0,0,1,5,2,2,2,1,2,1,1,1,1,1,5,1,4,1,1,1,9,14,3,1,3,NaN,2,3,NaN,,NaN,,NaN,,NaN,NaN,NaN,NaN,1,4,2,1,1,1,1,1,1,1,1,1,1,1,1,1,1,1,1,2,2,2,724144.931,4363213.599,-15.014,Cob,24000,0,0,0,16,6
9322,3,2007460002344,3,3,5,3,1,1,1,CV-35,44.5,44,5,0,1,5,3,2,3,3,2,1,1,1,2,1,7,7,8,1,1,1,9,8,1,1,1,NaN,2,NaN,NaN,,NaN,,NaN,,66,NaN,60,NaN,1,4,1,1,1,1,1,1,1,1,1,1,1,1,1,1,1,1,2,2,1,1,689930.521,4397165.018,425.821,Per,4000,0,0,1,9,1
9323,3,2007460002346,3,3,7,3,3,1,1,CV-25,0.2,0,2,1,1,2,3,2,3,3,2,1,1,2,2,1,7,7,8,1,1,1,9,8,1,1,1,NaN,1,NaN,NaN,,NaN,,NaN,,NaN,NaN,NaN,71,1,4,2,1,1,1,1,1,1,1,1,1,1,1,1,1,1,1,1,2,1,1,713782.353,4414249.877,346.509,Sec,9408,0,0,0,10,1
9325,3,2007460002362,3,3,5,3,1,4,2,CV-407,2.9,2,9,1,1,5,2,2,3,3,2,1,1,1,2,1,5,1,4,1,1,1,9,14,1,1,1,NaN,2,4,NaN,,NaN,,NaN,,NaN,NaN,NaN,NaN,1,4,2,1,1,1,1,1,1,1,1,1,1,1,1,1,1,1,1,2,1,1,722447.509,4368532.519,4.745,Cob,16676,0,0,0,9,6
9327,3,2007460002366,3,3,6,6,2,1,2,CV-35,11,11,0,1,1,2,3,2,3,3,2,2,2,2,2,2,3,1,4,1,1,1,9,8,3,1,3,NaN,2,3,NaN,,NaN,,NaN,,NaN,NaN,NaN,NaN,1,4,1,1,1,1,1,1,2,1,1,1,1,1,1,1,1,1,1,2,1,1,660247.686,4420870.323,907.356,Per,76000,0,0,1,17,6
9330,3,2007460002374,3,3,7,4,3,1,2,CV-35,12,12,0,1,1,2,2,2,3,3,2,2,2,2,2,2,7,7,5,1,1,1,9,14,1,1,1,NaN,2,NaN,NaN,,NaN,,NaN,,NaN,NaN,NaN,71,1,4,1,1,1,1,1,1,1,1,1,1,1,1,1,1,1,1,2,2,1,1,661202.653,4420688.86,896.801,Per,76000,0,0,0,12,1
9334,3,2007460002385,3,3,11,4,7,3,1,CV-235,22.6,22,6,0,1,5,2,2,3,1,2,1,1,2,1,1,7,7,8,1,1,1,2,3,1,1,1,NaN,2,NaN,NaN,,NaN,,NaN,,66,NaN,60,NaN,1,4,1,1,1,1,1,2,1,1,1,1,1,1,1,1,1,1,1,2,1,1,697119.151,4413020.6,958.138,Cob,94,0,0,1,11,4
9335,3,2007460002411,3,3,9,4,5,1,1,CV-35,20.1,20,1,0,1,2,3,2,3,2,2,2,2,2,2,2,7,7,8,1,1,1,9,8,1,1,1,NaN,2,NaN,NaN,,NaN,,NaN,,NaN,62,60,NaN,1,4,1,1,1,1,1,1,1,1,1,1,1,1,1,1,1,1,2,2,1,1,709579.878,4388218.883,125.888,Per,43000,0,0,0,13,1
9337,3,2007460002412,3,3,9,3,5,1,2,CV-33,0,0,0,0,1,7,2,2,3,3,2,1,1,1,1,1,7,7,8,1,1,1,9,14,2,1,1,NaN,1,4,NaN,,NaN,,NaN,,NaN,NaN,NaN,NaN,1,4,2,1,1,1,1,2,1,1,1,1,1,1,1,1,1,1,1,2,2,2,724144.931,4363213.599,-15.014,Cob,24000,0,0,1,9,1
9339,3,2007460002417,3,3,10,3,6,2,2,CV-400,1.8,1,8,1,1,2,3,2,3,3,2,2,2,2,2,2,5,1,4,1,1,1,9,14,1,1,3,NaN,2,3,NaN,,NaN,,NaN,,NaN,NaN,NaN,NaN,1,4,2,1,1,1,1,1,1,1,1,1,1,1,1,1,1,1,1,2,1,1,722962.298,4365425.561,-4.623,Pri,31654,0,0,1,10,6
9342,3,2007460002427,3,3,11,3,7,3,1,CV-365,0.2,0,2,0,1,5,2,2,3,3,2,1,2,2,1,1,7,7,8,1,1,1,9,14,1,1,1,NaN,2,NaN,NaN,,NaN,,NaN,,NaN,63,60,NaN,1,4,1,1,1,1,1,1,1,1,1,1,1,1,1,1,1,1,2,2,1,1,721501.627,4376617.573,36.809,Cob,51500,0,0,1,9,2
9344,3,2007460002433,3,3,11,1,7,3,2,CV-35,18,18,0,0,1,2,3,2,3,3,2,2,2,2,2,2,1,1,5,1,5,1,9,8,1,1,1,NaN,1,4,NaN,,NaN,,NaN,,NaN,NaN,NaN,NaN,1,4,2,1,1,1,1,1,1,1,1,1,1,1,1,1,1,1,1,2,1,1,710899.038,4386649.983,113.72,Per,43000,0,0,2,3,6
9346,3,2007460002442,3,3,10,5,6,2,1,CV-610,19.6,19,6,0,1,5,2,3,3,2,2,1,1,1,1,1,7,7,8,1,1,1,9,14,2,1,3,NaN,2,NaN,NaN,,NaN,,NaN,,67,NaN,60,NaN,1,4,1,1,2,1,1,1,1,1,1,1,1,1,1,1,1,1,1,2,1,1,729989.66,4312445.735,204.693,Cob,3429,0,0,0,15,1
9347,3,2007460002456,3,3,12,5,1,1,1,CV-50,23.3,23,3,1,1,5,3,2,3,3,2,1,1,2,2,2,5,6,8,1,1,1,9,14,3,1,1,NaN,1,NaN,NaN,,NaN,,12,9,NaN,NaN,NaN,NaN,1,4,2,1,1,1,1,2,1,1,1,1,1,1,1,1,1,1,1,2,1,1,699250.789,4369476.524,246.785,Sec,29261,0,0,1,16,6
9348,3,2007460002465,3,3,10,1,6,2,1,CV-610,19.1,19,1,0,1,5,2,2,3,1,2,1,1,1,1,1,7,7,8,1,5,1,9,14,2,1,1,NaN,1,NaN,NaN,,NaN,,NaN,,NaN,53,50,NaN,1,4,1,1,1,1,1,2,1,1,1,1,1,1,1,1,1,1,1,2,1,1,729904.512,4312917.498,220.807,Cob,3429,0,0,0,23,2
9349,3,2007460002466,3,3,13,6,2,1,1,CV-645,3.3,3,3,1,1,5,3,2,3,3,2,1,2,1,2,2,5,1,4,1,1,1,9,14,1,1,1,NaN,2,NaN,NaN,,NaN,,NaN,,NaN,54,50,NaN,1,4,1,1,1,1,1,2,1,1,1,1,1,1,1,1,1,1,1,2,1,1,712480.295,4317838.793,96.55,Cob,15000,0,0,0,17,6
9352,3,2007460002470,3,3,9,3,5,1,3,CV-35,27.1,27,1,0,1,5,2,2,3,2,2,2,2,2,2,2,7,7,8,1,1,1,9,14,1,1,1,NaN,2,1,NaN,,NaN,,NaN,,NaN,NaN,NaN,NaN,1,4,1,1,1,1,1,1,1,1,1,1,1,1,1,1,1,1,2,2,1,1,704637.875,4390506.632,161.543,Per,11000,0,0,1,8,1
9354,3,2007460002511,3,3,14,3,3,1,2,CV-32,3.5,3,5,1,1,5,3,2,3,3,2,1,1,1,2,1,5,1,4,1,1,1,9,14,1,1,1,NaN,2,3,NaN,,NaN,,NaN,,NaN,NaN,NaN,NaN,1,4,2,1,1,1,1,1,2,1,1,1,1,1,1,1,1,1,1,2,1,1,727364.527,4385081.438,12.565,Cob,17286,0,0,2,9,6
9356,3,2007460002515,3,3,10,6,6,2,2,CV-35,13,13,0,0,1,6,1,1,1,1,2,1,1,1,1,1,1,1,8,7,1,1,3,14,2,1,3,NaN,1,2,NaN,,NaN,,NaN,,NaN,NaN,NaN,NaN,1,4,1,1,1,1,1,1,1,1,2,2,1,1,1,1,1,1,1,2,1,1,714102.074,4383155.325,100.375,Per,76000,0,0,1,17,6
9359,3,2007460002535,3,3,13,3,2,1,3,CV-35,9.1,9,1,0,1,2,3,2,3,1,2,2,2,1,2,2,7,7,8,1,1,1,9,8,1,1,1,NaN,1,5,NaN,,NaN,,NaN,,NaN,NaN,NaN,NaN,2,4,2,1,1,1,1,1,1,1,1,1,1,1,1,1,1,1,1,2,1,1,717188.348,4381085.948,93.98,Per,76000,0,0,1,7,2
9363,3,2007460002542,3,3,16,1,5,1,4,CV-365,0.8,0,8,0,1,2,3,2,3,3,2,2,2,1,2,1,7,7,8,1,4,1,9,14,3,1,1,NaN,1,1,NaN,,NaN,,NaN,,NaN,NaN,NaN,NaN,1,4,1,1,1,1,1,1,2,1,1,1,1,1,1,1,1,1,1,2,1,1,721038.524,4376713.844,38.879,Cob,51500,0,0,5,1,1
9364,3,2007460002543,3,3,15,6,4,1,1,CV-550,5.9,5,9,0,1,5,3,2,3,3,2,1,1,1,2,1,7,7,8,1,5,1,9,14,3,1,2,3,1,NaN,NaN,,NaN,,NaN,,NaN,51,50,NaN,1,4,1,1,1,1,1,1,1,1,1,1,1,1,1,1,1,2,1,2,1,1,719385.97,4336082.98,-10.476,Cob,12446,0,0,0,21,2
9367,3,2007460002545,3,3,15,6,4,1,2,CV-42,5,5,0,0,1,5,3,2,3,4,2,1,1,1,1,1,1,4,3,1,2,1,9,14,1,1,1,NaN,2,2,NaN,,NaN,,NaN,,NaN,NaN,NaN,NaN,1,4,1,1,1,1,1,1,2,1,1,1,1,1,1,1,1,1,1,2,1,1,720190.807,4342738.596,4.808,Cob,6384,0,2,0,18,6
9368,3,2007460002547,3,3,17,4,6,2,1,CV-41,6.9,6,9,0,1,5,3,2,3,4,2,1,2,1,2,1,7,7,8,1,1,1,9,14,3,1,1,NaN,2,NaN,NaN,,NaN,,12,9,NaN,NaN,NaN,NaN,1,4,2,1,1,1,1,1,1,1,1,1,1,1,1,1,1,1,1,2,1,1,718463.564,4330735.354,8.163,Pri,11091,0,1,0,13,1
9369,3,2007460002556,3,3,19,6,1,3,1,CV-50,6.2,6,2,1,1,5,3,2,3,3,2,1,1,2,2,2,5,1,4,1,1,1,9,14,1,1,2,4,2,NaN,NaN,,NaN,,NaN,,NaN,54,50,NaN,1,4,1,1,2,1,1,2,1,1,1,1,1,1,1,1,1,1,1,2,1,1,704301.102,4383646.963,82.33,Sec,9803,0,0,0,17,6
9372,3,2007460002559,3,3,18,5,7,3,2,CV-500,13,13,0,1,1,5,2,2,3,3,2,1,2,2,2,2,1,1,8,1,1,1,2,14,1,1,1,NaN,2,NaN,NaN,,NaN,,NaN,,NaN,NaN,NaN,71,1,4,1,1,1,1,1,1,2,1,1,1,1,1,1,1,1,1,1,2,1,1,733864.926,4353538.283,-19.06,Sec,12997,0,3,0,16,7
9374,3,2007460002561,3,3,6,4,2,1,2,CV-715,1.3,1,3,0,1,5,2,2,3,3,2,1,1,2,1,1,1,1,8,1,1,1,9,14,2,1,1,NaN,1,NaN,NaN,,NaN,,NaN,,NaN,63,60,NaN,1,4,2,1,1,1,1,1,1,1,1,1,1,1,1,1,1,1,1,2,1,1,751554.455,4302234.487,61.906,Cob,5497,0,0,0,11,6
9375,3,2007460002566,3,3,19,1,1,3,1,CV-60,28.6,28,6,1,1,5,3,2,3,3,2,1,2,1,1,2,7,7,8,1,5,1,9,14,1,1,1,NaN,2,NaN,NaN,,NaN,,NaN,,66,NaN,60,NaN,1,4,2,1,1,1,1,2,1,1,1,2,1,1,1,1,1,1,1,2,1,1,719551.089,4307792.778,166.018,Cob,15500,0,0,0,3,5
9376,3,2007460002574,3,3,14,2,3,1,1,CV-32,3.1,3,1,0,1,2,3,2,3,4,2,2,2,2,2,2,5,1,4,1,3,1,9,14,1,1,1,NaN,2,NaN,NaN,,NaN,,NaN,,NaN,64,60,NaN,1,4,1,1,1,1,1,1,1,1,1,1,1,1,1,1,1,2,1,2,1,1,729783.892,4382708.987,-10.197,Cob,17286,0,0,1,6,6
9379,3,2007460002581,3,3,14,6,3,1,2,CV-410,1.5,1,5,0,1,5,3,2,3,3,2,1,1,2,1,1,5,1,4,1,1,1,9,14,1,1,3,NaN,2,4,NaN,,NaN,,NaN,,NaN,NaN,NaN,NaN,1,4,2,1,1,1,1,1,1,1,1,1,1,1,1,1,1,1,1,2,1,1,717639.547,4369886.482,30.129,Cob,24580,0,0,1,17,6
9380,3,2007460002598,3,3,19,3,1,3,1,CV-35,3.5,3,5,0,1,2,3,2,3,1,2,2,2,2,2,2,7,7,8,1,1,1,9,8,1,1,1,NaN,2,NaN,NaN,,NaN,,NaN,,NaN,54,50,NaN,1,4,2,1,2,1,1,1,1,1,1,1,1,1,1,1,1,1,1,2,1,1,721004.664,4377121.261,41.494,Per,125000,0,0,1,9,2
9383,3,2007460002626,3,3,19,6,1,3,1,CV-32,3.2,3,2,0,1,2,3,2,3,3,2,2,2,2,2,2,5,1,4,1,1,1,9,14,1,1,1,NaN,1,NaN,NaN,,NaN,,NaN,,56,NaN,50,NaN,1,4,1,1,1,1,1,2,1,1,1,1,1,1,1,1,1,1,1,2,1,1,729694.256,4382751.214,-9.862,Cob,17286,0,0,1,17,6
9385,3,2007460002631,3,3,16,6,5,1,1,CV-35,16.3,16,3,1,1,2,3,2,3,3,2,2,2,2,2,2,7,7,8,1,5,1,9,14,3,1,1,NaN,1,NaN,NaN,,NaN,,NaN,,NaN,53,50,NaN,1,4,2,1,1,1,1,1,1,1,1,1,1,1,1,1,1,1,1,2,1,1,662700.055,4417114.899,870.817,Per,43000,0,0,1,22,1
9389,3,2007460002661,3,3,23,6,5,1,2,CV-41,15.8,15,8,1,1,5,3,2,3,3,2,1,1,1,1,1,1,1,5,1,1,1,9,14,1,1,1,NaN,3,2,NaN,,NaN,,NaN,,NaN,NaN,NaN,NaN,1,4,1,1,1,1,1,1,2,1,1,1,1,1,1,1,1,1,1,2,1,1,719310.415,4332471.623,-0.182,Cob,9333,0,0,6,19,6
9390,3,2007460002663,3,3,24,4,6,2,1,CV-660,22.5,22,5,0,1,5,2,2,3,3,2,1,2,2,1,1,7,7,8,1,1,1,2,14,1,1,1,NaN,2,NaN,NaN,,NaN,,NaN,,65,NaN,60,NaN,1,4,1,1,1,1,1,2,1,1,1,1,1,1,1,1,1,1,1,2,1,1,702322.897,4299136.437,456.124,Cob,1200,0,1,0,12,5
9392,3,2007460002664,3,3,23,4,5,1,2,CV-81,15.1,15,1,1,1,5,3,2,3,4,2,1,1,1,2,1,2,6,3,1,1,1,9,14,3,1,1,NaN,2,2,NaN,,NaN,,NaN,,NaN,NaN,NaN,NaN,1,4,1,1,1,1,1,1,2,1,1,1,1,1,1,1,1,1,1,2,3,3,685474.191,4279897.133,481.509,Pri,5549,0,1,0,11,6
9393,3,2007460002666,3,3,21,1,3,1,1,CV-365,0.3,0,3,1,1,7,3,2,3,5,2,2,2,1,1,1,7,7,8,1,5,1,2,14,1,1,3,NaN,2,NaN,NaN,,NaN,,NaN,,NaN,64,60,NaN,1,4,1,1,2,1,1,2,1,1,1,1,1,1,1,1,1,1,1,2,1,1,718632.634,4376465.422,37.788,Cob,51500,0,0,0,3,4
9394,3,2007460002669,3,3,25,6,7,3,1,CV-40,11.9,11,9,1,1,2,3,2,3,5,2,2,1,1,2,2,7,7,8,1,1,1,9,14,3,1,1,NaN,1,NaN,NaN,,NaN,,NaN,,NaN,62,60,NaN,1,4,1,1,1,1,1,1,1,1,1,1,1,1,1,2,1,1,1,2,1,1,710138.362,4307912.366,266.081,Cob,22757,0,0,1,18,2
9395,3,2007460002673,3,3,22,6,4,1,1,CV-400,2.8,2,8,1,1,5,2,3,3,3,2,1,1,2,2,1,2,3,6,1,5,1,9,14,1,1,3,NaN,2,NaN,NaN,,21,21,NaN,,NaN,NaN,NaN,NaN,1,4,1,1,1,1,1,1,2,1,1,1,1,1,1,1,1,1,1,2,2,2,723503.17,4366198.677,-1.072,Cob,31241,0,0,1,19,6
9396,3,2007460002691,3,3,26,4,1,1,1,CV-440,4.8,4,8,0,1,5,2,2,3,3,2,1,2,1,2,1,7,7,8,3,1,6,9,14,3,1,1,NaN,2,NaN,NaN,,NaN,,NaN,,NaN,54,50,NaN,1,4,1,1,1,1,1,1,1,2,1,1,1,1,2,1,1,1,1,2,1,1,664322.718,4326741.45,704.437,Cob,334,0,0,0,14,2
9397,3,2007460002702,3,3,27,4,2,1,1,CV-42,0.5,0,5,1,1,2,3,2,3,4,2,2,2,2,2,2,7,7,8,3,1,5,4,14,3,1,3,NaN,2,NaN,NaN,,NaN,,NaN,,66,NaN,60,NaN,1,4,1,1,1,1,1,1,1,1,1,1,1,1,2,1,1,1,1,2,1,2,723730.48,4354470.443,-10.577,Sec,11923,0,0,0,11,1
9398,3,2007460002724,3,3,28,4,3,1,1,CV-610,1.8,1,8,0,1,5,2,2,3,4,2,1,2,2,2,2,7,7,8,3,1,4,9,14,1,1,1,NaN,1,NaN,NaN,,NaN,,NaN,,NaN,62,60,NaN,1,4,1,1,1,1,1,2,2,1,1,1,1,1,1,1,1,1,1,2,1,1,717094.203,4318996.395,69.561,Pri,8940,0,0,1,14,5
9400,3,2007460002735,3,3,28,4,3,1,2,CV-41,1.5,1,5,0,1,5,3,2,3,3,2,1,1,1,1,1,1,1,3,3,1,4,9,14,1,1,1,NaN,1,2,NaN,,NaN,,NaN,,NaN,NaN,NaN,NaN,1,4,1,1,1,1,1,1,2,1,1,1,1,1,1,1,1,1,1,2,1,1,721060.997,4335122.904,3.565,Cob,15453,0,0,0,12,6
9401,3,2007460002737,3,3,29,4,4,1,1,CV-645,0.8,0,8,0,1,5,3,2,3,2,2,1,2,1,2,2,5,1,4,3,1,4,9,14,1,1,1,NaN,2,NaN,NaN,,NaN,,NaN,,66,NaN,60,NaN,1,4,1,1,1,1,1,2,1,1,1,1,1,1,1,1,1,1,1,2,2,1,711310.757,4316621.991,116.32,Cob,15000,0,0,1,14,6
9403,3,2007460002746,3,3,22,4,4,1,2,CV-33,1.5,1,5,0,1,2,3,2,3,3,2,2,2,1,2,1,7,7,8,1,1,1,9,14,2,1,1,NaN,1,4,NaN,,NaN,,NaN,,NaN,NaN,NaN,NaN,1,4,1,1,1,1,1,1,2,1,1,1,1,1,1,1,1,1,1,2,1,1,717251.566,4372390.591,35.442,Cob,22492,0,0,1,14,1
9404,3,2007460002754,3,3,29,6,4,1,1,CV-40,6,6,0,1,1,2,3,2,3,4,2,2,2,1,2,2,7,7,8,3,1,4,9,14,1,1,1,NaN,2,NaN,NaN,,NaN,,NaN,,NaN,64,60,NaN,1,4,2,1,1,1,1,1,1,1,1,1,1,1,1,1,1,1,1,2,1,2,711140.371,4302282.702,325.754,Per,23900,0,0,0,19,2
9409,3,2007460002761,3,3,29,3,4,1,2,CV-40,14.3,14,3,1,1,2,3,2,3,4,2,2,2,1,2,2,7,7,8,1,2,1,9,14,3,1,1,NaN,1,3,NaN,,NaN,,NaN,,NaN,NaN,NaN,NaN,1,4,1,1,1,1,1,1,2,1,1,1,1,1,1,1,1,1,1,2,1,2,710339.882,4310250.9,300.776,Cob,22757,0,0,1,7,1
9411,3,2007460002764,3,3,21,6,3,1,2,CV-35,13,13,0,0,1,6,3,2,1,1,2,1,1,1,1,1,1,1,3,1,1,1,9,14,3,1,3,NaN,1,3,NaN,,NaN,,NaN,,NaN,NaN,NaN,NaN,1,4,1,1,1,1,1,1,1,1,1,1,1,1,1,1,1,2,1,2,1,1,714023.599,4383213.042,99.529,Per,76000,0,0,0,17,6
9415,3,2007460002765,3,3,21,5,3,1,2,CV-35,16,16,0,0,1,2,3,2,3,2,2,2,2,1,1,2,3,1,8,1,1,1,9,8,1,1,1,NaN,2,3,NaN,,NaN,,NaN,,NaN,NaN,NaN,NaN,1,4,1,1,1,1,1,1,1,1,1,1,1,1,1,1,1,1,2,2,1,1,711685.092,4384877.705,80.474,Per,43000,0,0,0,16,6
9419,3,2007460002769,3,3,22,6,4,1,3,CV-35,13.5,13,5,1,1,2,3,2,3,2,2,2,1,1,1,1,7,7,8,1,1,1,9,8,1,1,1,NaN,1,5,NaN,,NaN,,NaN,,NaN,NaN,NaN,NaN,2,4,1,1,1,1,1,1,1,1,1,1,1,1,1,1,1,1,2,2,2,1,662071.639,4419710.831,881.245,Per,76000,0,0,0,18,1
9421,3,2007460002772,3,3,23,6,5,1,2,CV-32,7.5,7,5,0,1,3,3,2,3,4,2,2,2,1,1,1,3,1,8,1,1,1,9,14,2,1,1,NaN,1,NaN,30,29,NaN,,NaN,,NaN,NaN,NaN,NaN,1,4,2,1,1,1,1,1,1,1,1,1,1,1,1,1,1,1,1,2,1,1,727137.823,4385643.799,19.142,Cob,16676,0,0,1,18,6
9423,3,2007460002773,3,3,22,5,4,1,2,CV-50,88,88,0,1,1,5,3,2,3,3,2,1,1,1,1,1,2,1,3,1,1,1,9,14,1,1,3,NaN,2,3,NaN,,NaN,,NaN,,NaN,NaN,NaN,NaN,1,4,1,1,1,1,1,1,1,1,1,1,1,1,1,1,1,1,2,2,1,1,733764.057,4327758.028,15.874,Cob,10273,0,0,2,16,6
9425,3,2007460002775,3,3,30,6,5,1,2,CV-610,20.8,20,8,1,2,5,3,2,3,3,2,1,1,1,1,1,1,5,3,1,1,1,9,14,1,1,1,NaN,2,2,NaN,,NaN,,NaN,,NaN,NaN,NaN,NaN,1,4,1,1,1,1,1,1,2,1,1,1,1,1,1,1,1,1,1,2,2,2,719162.519,4318928.324,114.11,Cob,3429,0,0,0,18,6
9431,3,2007460002795,3,3,23,4,5,1,6,CV-35,10,10,0,1,1,5,3,2,3,4,2,2,2,2,2,2,7,7,4,1,1,1,9,14,1,1,1,NaN,1,5,NaN,,NaN,,NaN,,NaN,NaN,NaN,NaN,2,4,2,1,1,1,1,1,1,1,1,1,1,1,1,1,1,1,1,2,1,1,659370,4421291.33,927.739,Per,76000,0,0,0,14,1
9436,3,2007460002796,3,3,26,3,1,4,4,CV-35,14,14,0,1,1,2,3,2,3,3,2,2,2,1,2,2,7,7,8,1,1,1,9,8,1,1,3,NaN,2,5,NaN,,NaN,,NaN,,NaN,NaN,NaN,NaN,2,4,1,1,1,1,1,1,1,1,1,1,1,1,1,1,1,1,2,2,1,1,662386.877,4419383.786,895.429,Per,76000,0,0,0,8,1
9444,3,2007460002801,3,3,26,3,1,4,3,CV-36,0.5,0,5,0,1,2,3,2,3,5,2,2,2,1,2,2,7,7,8,1,1,1,9,8,1,1,3,NaN,2,5,NaN,,NaN,,NaN,,NaN,NaN,NaN,NaN,2,4,2,1,1,1,1,1,1,1,1,1,1,1,1,1,1,1,1,2,1,2,717637.83,4369557.553,41.95,Pri,75417,0,0,0,7,1
9445,3,2007460002812,3,3,23,6,5,1,1,CV-400,4,4,0,1,1,5,3,2,3,4,2,2,2,2,2,2,7,7,8,1,3,1,9,14,3,1,1,NaN,1,NaN,NaN,,21,24,NaN,,NaN,NaN,NaN,NaN,1,4,1,1,1,1,1,1,1,1,1,1,1,1,1,1,1,2,1,2,2,1,723582.138,4367478.247,-1.85,Cob,24704,0,0,0,22,1
9446,3,2007460002816,3,3,30,5,5,1,1,CV-32,1,1,0,0,1,5,3,2,3,4,2,2,2,1,2,2,3,6,8,1,1,1,9,8,3,1,1,NaN,1,NaN,NaN,,NaN,,NaN,,55,NaN,50,NaN,1,4,2,1,1,1,1,1,1,1,1,1,1,1,1,1,1,1,1,2,2,2,731642.469,4381790.391,-18.942,Per,34650,0,0,1,16,6