Id,Ano,Numero_Accidente,Provincia,Mes,Dia,Hora,Dia_Semana,Tipo_Dia,Vehiculos_Implicados,Carretera,Pk,Km,Hm,Sentido,Zona,Tipo_Via,Anchura_Calzada,Anchura_Carril,Marcas_Viales,Arcen,Arcen_Pavimentado,Mediana,Barrera_Seguridad,Paneles_Direccionales,Hitos_Arista,Captafaros,Interseccion_Tipo,Interseccion_Acondicionamiento,Prioridad_Regulada_por,Superficie,Luminosidad,Factores_Atmosfericos,Visibilidad_Restringida_por,Otras_Circunstancias,Senalizacion_Peligro,Aceras,Arboles,Arboles_Metros_Calzada,Visibilidad_Senalizacion_Vertical,Colision_Vehiculos_Marcha,Colision_Vehiculo_Obstaculo_1,Colision_Vehiculo_Obstaculo_2,Atropello_1,Atropello_2,Vuelco_1,Vuelco_2,Salida_Sin_Colision,Salida_Con_Colision,Lado_Salida,Otro,Circulacion,Circulacion_Medidas_Especiales,Distraccion,Inexperiencia_Conductor,Alcohol_Drogas,Cansancio_Sueno,Enfermedad,Velocidad_Inadecuada,Infraccion_Norma_Circulacion,Estado_Condicion_Via,Estado_Condicion_Senalizacion,Tramo_Obras,Mal_Estado_Vehiculo,Averia_Mecanica,Meteorologia_Adversa,Irrupcion_Animal,Circular_Sentido_Contrario,Otro_Factor,Sin_Opinion_Definida,Pendiente,Curvatura,Peralte,GPS_x,GPS_y,GPS_z,Tipo_Est,IMD,N_Muertos,N_Graves,N_Leves,Hora_Real,Fuera_o_Interseccion
9447,3,2007460002835,3,3,27,4,2,1,1,CV-36,2.5,2,5,1,1,2,3,2,3,4,2,2,2,1,2,2,7,7,8,3,1,5,9,14,3,1,1,NaN,1,NaN,NaN,,NaN,,NaN,,NaN,62,60,NaN,1,4,1,1,1,1,1,1,1,1,1,1,1,1,1,1,1,2,1,2,1,2,718901.738,4369335.509,18.29,Pri,75417,0,0,1,12,5
9448,3,2007460002841,3,3,28,1,3,1,1,CV-42,17.3,17,3,0,1,5,3,2,4,3,2,1,1,2,2,2,5,1,4,3,3,5,9,14,1,1,3,NaN,2,NaN,NaN,,NaN,,NaN,,58,NaN,50,NaN,1,4,1,1,1,1,1,2,1,1,1,1,1,1,1,1,1,1,1,2,1,1,723556.966,4352881.327,-10.671,Cob,9161,0,0,0,4,6
9449,3,2007460002843,3,3,28,2,3,1,1,CV-36,2,2,0,0,1,2,3,2,3,4,2,2,2,1,2,2,7,7,8,3,3,4,9,14,3,1,3,NaN,2,NaN,NaN,,NaN,,NaN,,NaN,64,60,NaN,1,4,1,1,1,1,1,1,1,2,1,1,1,1,1,1,1,1,1,2,1,2,716182.329,4369307.695,35.379,Pri,75417,0,0,0,6,1
9450,3,2007460002850,3,3,28,4,3,1,1,CV-500,22.5,22,5,0,1,5,3,2,3,3,2,1,1,1,2,2,7,7,8,3,1,5,9,14,3,1,3,NaN,1,NaN,NaN,,NaN,,NaN,,NaN,64,60,NaN,1,4,1,1,1,1,1,1,1,1,1,1,1,1,2,1,1,1,1,2,1,1,735472.26,4348363.906,-12.74,Cob,9819,0,0,0,11,1
9451,3,2007460002864,3,3,28,4,3,1,1,CV-35,3,3,0,1,1,2,3,2,3,3,2,2,2,2,2,2,7,7,7,3,1,4,9,14,1,1,1,NaN,1,NaN,NaN,,NaN,,NaN,,NaN,63,60,NaN,1,4,1,1,1,1,1,2,1,1,1,1,1,1,2,1,1,1,1,2,1,1,654462.088,4422571.739,887.738,Per,125000,0,0,0,11,5
9455,3,2007460002866,3,3,28,4,3,1,3,CV-35,3,3,0,1,1,2,3,2,3,3,2,2,2,2,2,2,7,7,8,3,1,4,9,14,1,1,1,NaN,2,4,NaN,,NaN,,NaN,,NaN,NaN,NaN,NaN,1,4,1,1,1,1,1,1,1,1,1,1,1,1,1,1,1,2,1,2,1,1,654462.088,4422571.739,887.738,Per,125000,0,0,1,12,5
9456,3,2007460002867,3,4,1,3,7,3,1,CV-35,12,12,0,0,1,2,1,1,3,2,2,2,2,2,2,2,1,6,8,1,1,1,9,14,1,1,1,NaN,2,NaN,NaN,,NaN,,NaN,,NaN,54,50,NaN,1,4,1,1,1,1,1,2,1,1,1,1,1,1,1,1,1,1,1,2,1,1,714879.194,4382530.859,92.225,Per,76000,0,0,1,8,6
9457,3,2007460002873,3,3,28,4,3,1,1,CV-365,0.4,0,4,0,1,2,3,2,3,4,2,2,2,2,2,2,7,7,7,3,1,5,9,14,1,1,1,NaN,2,NaN,NaN,,NaN,,NaN,,NaN,64,60,NaN,1,4,2,1,1,1,1,2,1,1,1,1,1,1,2,1,1,1,1,2,1,2,721394.787,4376795.691,35.22,Cob,51500,0,0,1,13,5
9460,3,2007460002896,3,3,30,6,5,1,2,CV-32,0.6,0,6,1,1,5,3,2,3,3,2,2,1,1,1,1,5,1,4,1,1,1,9,14,2,1,1,NaN,1,3,NaN,,NaN,,NaN,,NaN,NaN,NaN,NaN,1,4,1,1,1,1,1,1,1,1,1,1,1,1,1,1,1,1,2,2,2,1,725266.902,4386640.105,41.128,Per,34650,0,0,0,17,6
9462,3,2007460002901,3,4,1,2,7,3,1,CV-35,3,3,0,1,1,2,3,2,3,2,2,2,2,2,1,1,7,7,8,1,3,1,9,8,1,1,3,NaN,1,NaN,NaN,,NaN,,NaN,,NaN,62,60,NaN,1,4,1,1,1,1,1,1,1,1,1,1,1,1,1,1,1,1,2,2,1,1,654462.088,4422571.739,887.738,Per,125000,0,0,0,6,2
9463,3,2007460002902,3,4,1,3,7,3,1,CV-500,19.8,19,8,0,1,5,3,2,3,4,2,1,1,1,2,2,5,1,4,1,1,1,9,14,3,1,1,NaN,2,NaN,NaN,,NaN,,NaN,,NaN,63,60,NaN,1,4,1,1,2,1,1,2,2,1,1,1,1,1,1,1,1,1,1,2,1,1,735136.381,4350571.825,-15.218,Cob,10345,0,0,0,10,6
9465,3,2007460002916,3,4,3,4,2,1,2,CV-333,1.5,1,5,1,1,5,1,2,1,1,2,1,1,1,1,1,1,1,8,1,1,1,9,14,3,1,1,NaN,1,2,NaN,,NaN,,NaN,,NaN,NaN,NaN,NaN,1,4,1,1,1,1,1,1,1,1,1,1,1,1,1,1,1,2,1,2,1,1,711113.222,4394766.319,186.445,Sec,6871,0,0,1,12,6
9467,3,2007460002921,3,4,4,4,3,1,2,CV-400,2,2,0,0,1,5,3,2,3,4,2,1,1,1,2,2,5,1,8,1,1,1,9,14,1,1,3,NaN,2,3,NaN,,NaN,,NaN,,NaN,NaN,NaN,NaN,1,4,1,1,1,1,1,1,1,1,1,1,1,1,1,1,1,1,2,2,1,1,723626.268,4367795.379,-1.376,Pri,31654,0,0,0,12,6
9469,3,2007460002927,3,4,4,5,3,1,2,CV-41,1.8,1,8,0,1,5,3,2,3,3,2,1,2,2,2,2,1,1,8,1,1,1,9,14,3,1,1,NaN,1,2,NaN,,NaN,,NaN,,NaN,NaN,NaN,NaN,1,4,1,1,1,1,1,1,2,1,1,1,1,1,1,1,1,1,1,2,1,1,720895.063,4334876.47,2.859,Cob,15453,0,0,0,16,6
9470,3,2007460002948,3,4,5,1,4,3,1,CV-410,2.2,2,2,1,1,5,3,2,3,3,2,2,1,2,2,1,5,1,5,1,5,1,9,14,1,1,3,NaN,2,NaN,NaN,,NaN,,12,9,NaN,NaN,NaN,NaN,1,4,2,1,2,1,1,1,1,1,1,1,1,1,1,1,1,1,1,2,1,1,717230.255,4371548.834,31.796,Cob,24580,0,0,1,0,6
9471,3,2007460002952,3,4,7,5,6,2,1,CV-40,1.6,1,6,1,1,2,3,2,3,3,2,2,2,2,2,2,7,7,8,1,1,1,9,14,3,1,1,NaN,1,NaN,NaN,,NaN,,NaN,,67,NaN,60,NaN,1,4,2,1,1,1,1,1,1,1,1,1,1,1,1,1,1,1,1,2,1,1,714809.534,4300960.81,342.101,Cob,24000,0,0,0,16,1
9472,3,2007460002958,3,4,6,5,5,3,1,CV-42,5,5,0,0,1,5,3,2,3,4,2,1,1,1,2,2,5,1,4,3,1,4,9,14,1,1,1,NaN,2,NaN,NaN,,NaN,,12,9,NaN,NaN,NaN,NaN,1,4,1,1,1,1,1,2,1,1,1,1,1,1,1,1,1,1,1,2,1,1,720190.807,4342738.596,4.808,Cob,6384,0,0,1,16,6
9474,3,2007460002959,3,4,7,6,6,3,2,CV-50,10.9,10,9,1,1,5,3,2,3,3,2,1,1,1,1,1,7,7,5,1,1,1,9,14,3,1,1,NaN,2,2,NaN,,NaN,,NaN,,NaN,NaN,NaN,NaN,1,4,2,2,1,2,1,1,2,1,1,1,1,1,1,1,1,1,1,2,1,1,702570.832,4379583.119,133.118,Cob,13183,0,0,2,18,1
9476,3,2007460002970,3,4,6,1,5,3,1,CV-300,5.5,5,5,0,1,2,3,2,3,4,2,2,1,1,2,1,7,7,8,1,4,4,9,14,3,1,1,NaN,1,NaN,NaN,,NaN,,NaN,,57,NaN,50,NaN,1,4,1,2,1,1,1,1,1,1,1,1,1,1,1,1,1,1,1,2,1,1,729756.599,4384045.873,14.685,Cob,19581,0,0,0,23,1
9478,3,2007460002976,3,4,7,3,6,1,1,CV-35,18,18,0,1,1,2,3,2,3,4,2,2,2,1,2,1,7,7,5,3,2,5,9,10,3,1,1,NaN,1,NaN,30,32,NaN,,NaN,,NaN,NaN,NaN,NaN,1,4,1,1,1,1,1,1,1,2,1,2,1,1,2,1,1,1,1,2,1,1,663229.11,4415885.123,840.128,Per,43000,0,0,0,7,1
9479,3,2007460002977,3,4,7,4,6,1,1,CV-31,2.5,2,5,0,1,3,2,2,3,3,2,1,2,1,2,1,7,7,8,3,1,4,9,14,3,1,1,NaN,1,NaN,NaN,,NaN,,NaN,,NaN,54,50,NaN,1,4,1,1,1,1,1,2,1,1,1,1,1,1,1,1,1,1,1,2,1,1,720801.149,4376748.262,22.782,Cob,63370,0,0,0,13,2
9480,3,2007460002978,3,4,8,3,7,3,1,CV-500,21.5,21,5,0,1,5,3,2,3,4,2,1,1,1,2,1,5,1,8,1,1,9,9,14,1,1,1,NaN,2,NaN,NaN,,NaN,,12,9,NaN,NaN,NaN,NaN,1,4,1,1,1,1,1,2,1,1,1,1,1,1,1,1,1,1,1,2,1,1,735724.477,4349123.613,-12.795,Cob,9819,0,0,1,10,6
9481,3,2007460002979,3,4,6,4,5,3,1,CV-245,8,8,0,1,1,5,2,2,3,2,2,1,1,1,1,1,7,7,5,1,1,4,3,4,2,1,1,NaN,1,NaN,NaN,,NaN,,NaN,,58,NaN,50,NaN,1,4,1,1,1,1,1,1,1,1,1,1,1,1,2,1,1,1,1,2,2,2,705975.479,4413935.8,624.038,Cob,702,0,0,1,12,4
9485,3,2007460002993,3,4,10,3,2,4,4,CV-650,4,4,0,1,1,5,3,2,3,3,2,1,1,1,1,1,2,1,8,3,1,4,4,14,3,1,1,NaN,1,NaN,NaN,,NaN,,NaN,,NaN,NaN,NaN,71,1,4,2,1,1,1,1,1,1,1,1,1,1,1,1,1,1,1,1,2,1,1,709689.61,4303672.905,274.749,NaN,0,0,0,2,7,7
9487,3,2007460003022,3,4,10,6,2,1,2,CV-60,21.1,21,1,1,1,5,2,2,3,3,2,1,2,2,2,2,7,7,8,1,4,1,9,14,3,1,1,NaN,1,2,NaN,,NaN,,NaN,,NaN,NaN,NaN,NaN,1,4,1,1,1,1,1,1,1,1,1,1,1,1,1,1,1,2,1,2,1,1,726691.261,4306756.63,255.537,Cob,9121,0,0,0,20,1
9490,3,2007460003037,3,4,8,6,7,3,3,CV-35,51.5,51,5,1,1,5,3,2,3,3,2,1,1,1,1,1,7,7,8,3,5,4,9,6,1,1,3,NaN,2,5,NaN,,NaN,,NaN,,NaN,NaN,NaN,NaN,2,4,2,1,1,1,1,1,1,1,1,1,1,1,1,1,1,1,1,2,1,1,681031.956,4396264.152,396.604,Per,4000,0,0,2,21,1
9492,3,2007460003044,3,4,10,5,2,1,2,CV-410,1.3,1,3,0,1,2,3,2,3,3,2,2,2,1,2,2,5,1,8,1,1,9,9,14,1,1,1,NaN,2,3,NaN,,NaN,,NaN,,NaN,NaN,NaN,NaN,1,4,1,1,1,1,2,1,1,1,1,1,1,1,1,1,1,2,1,2,2,1,717714.03,4369703.105,28.825,Cob,12380,0,0,0,15,6
9494,3,2007460003061,3,4,6,3,5,3,2,CV-31,3.5,3,5,0,1,5,3,2,3,3,2,1,2,1,1,1,7,7,8,3,1,1,9,14,1,1,1,NaN,1,2,NaN,,NaN,,NaN,,NaN,NaN,NaN,NaN,1,4,2,1,1,1,1,1,2,1,1,1,1,1,1,1,1,1,1,2,1,1,721156.91,4377534.377,28.829,Cob,32100,0,2,0,7,2
9495,3,2007460003068,3,4,12,4,4,1,1,CV-33,0,0,0,0,1,5,3,2,3,3,2,1,1,1,1,1,7,7,8,3,1,4,9,14,1,1,1,NaN,1,NaN,NaN,,NaN,,NaN,,67,NaN,60,NaN,1,4,1,1,1,1,1,2,2,1,1,1,1,1,1,1,1,1,1,2,2,2,724144.931,4363213.599,-15.014,Cob,24000,0,0,1,13,2
9498,3,2007460003079,3,4,13,2,5,1,3,CV-50,17.8,17,8,0,1,5,3,1,3,4,2,1,1,1,2,2,7,7,8,3,5,9,9,14,3,1,1,NaN,1,1,NaN,,NaN,,NaN,,NaN,NaN,NaN,NaN,1,4,2,1,1,2,1,1,1,1,1,1,1,1,1,1,1,1,1,2,1,1,724005.949,4334204.768,11.925,Cob,15000,0,1,2,6,1
9502,3,2007460003082,3,4,12,4,4,1,4,CV-81,2.9,2,9,0,1,5,2,2,3,3,2,1,1,1,1,1,7,7,8,3,1,4,9,14,3,1,1,NaN,1,5,NaN,,NaN,,NaN,,NaN,NaN,NaN,NaN,1,4,1,1,1,1,1,1,1,1,1,1,1,1,1,1,1,2,1,2,1,1,709844.362,4300241.236,337.978,Sec,14064,0,0,2,13,1
9504,3,2007460003086,3,4,12,4,4,1,2,CV-610,14.8,14,8,1,1,5,1,3,3,1,2,1,1,2,1,1,7,7,8,3,1,4,2,14,1,1,1,NaN,2,2,NaN,,NaN,,NaN,,NaN,NaN,NaN,NaN,1,4,1,1,1,1,1,2,1,1,1,1,1,1,1,1,1,1,1,2,1,1,722892.082,4316200.508,192.871,Cob,4105,0,0,1,14,5
9510,3,2007460003091,3,4,14,1,6,3,1,CV-60,24,24,0,1,1,5,2,3,3,3,2,1,2,1,2,2,7,7,8,9,4,1,9,8,3,1,1,NaN,2,NaN,30,32,NaN,,NaN,,NaN,NaN,NaN,NaN,1,4,1,1,1,1,1,1,1,2,1,1,1,1,1,1,1,1,1,2,1,1,724105.488,4307139.945,196.266,Cob,15500,0,0,0,0,1
9512,3,2007460003102,3,4,14,6,6,2,2,CV-610,3,3,0,1,1,5,2,2,3,2,2,1,2,2,2,2,5,1,8,3,1,4,9,14,3,1,3,NaN,1,NaN,NaN,,NaN,,NaN,,66,NaN,60,NaN,1,4,1,1,1,1,1,2,2,1,1,1,1,1,1,1,1,1,1,2,1,1,730965.974,4310846.588,200.263,Pri,8940,0,0,2,17,6
9513,3,2007460003104,3,4,15,2,7,3,1,CV-365,0.9,0,9,1,1,7,1,2,3,4,2,2,2,2,2,2,4,1,8,3,3,4,9,14,1,1,1,NaN,2,NaN,NaN,,NaN,,NaN,,NaN,54,50,NaN,1,4,2,1,2,1,1,2,1,1,1,1,1,1,1,1,1,1,1,2,1,2,719096.409,4376822.954,38.044,Sec,40056,0,0,0,5,6
9516,3,2007460003128,3,4,15,1,7,3,1,CV-550,5.8,5,8,1,1,5,3,2,3,3,2,1,1,1,1,1,7,7,8,3,5,4,4,14,3,1,1,NaN,1,NaN,NaN,,NaN,,NaN,,NaN,61,60,NaN,1,4,1,2,1,1,1,1,1,1,1,1,1,1,1,1,1,1,1,2,1,1,716013.323,4334323.865,-7.123,Cob,12446,0,0,3,0,1
9519,3,2007460003138,3,4,11,5,3,1,2,CV-35,28,28,0,0,1,5,3,2,2,3,2,1,2,1,1,1,7,7,8,1,1,1,9,8,1,1,3,NaN,2,2,NaN,,NaN,,NaN,,NaN,NaN,NaN,NaN,1,4,2,1,1,1,1,2,1,1,1,1,1,1,1,1,1,1,1,2,1,1,703978.766,4390947.283,147.526,Per,11000,0,0,1,16,1
9520,3,2007460003139,3,4,17,3,2,1,1,CV-610,10.9,10,9,0,1,5,2,2,3,1,2,1,2,2,2,2,6,5,8,1,2,1,9,14,3,1,1,NaN,1,NaN,NaN,,NaN,,NaN,,NaN,52,50,NaN,1,4,1,2,1,1,1,1,1,1,1,1,1,1,1,1,1,1,1,2,1,1,723311.925,4315792.389,181.319,Cob,6586,0,0,0,7,6
9521,3,2007460003172,3,4,17,6,2,1,1,CV-40,15,15,0,1,1,2,3,2,3,3,2,2,2,1,2,2,7,7,8,1,1,1,9,14,3,1,1,NaN,1,NaN,NaN,,NaN,,NaN,,NaN,62,60,NaN,1,4,1,1,1,1,1,1,1,1,1,1,1,2,1,1,1,1,1,2,1,1,710549.661,4311006.781,324.884,Cob,22757,0,0,1,19,1
9523,3,2007460003173,3,4,18,3,3,1,2,CV-610,9,9,0,1,1,5,2,2,3,3,2,1,2,2,2,2,1,1,8,1,1,1,9,14,3,1,3,NaN,2,NaN,NaN,,NaN,,NaN,,NaN,NaN,NaN,71,1,4,1,1,1,1,1,1,2,1,1,1,1,1,1,1,1,1,1,2,1,1,727494.297,4313898.393,245.627,Cob,6586,0,1,0,7,6
9524,3,2007460003174,3,4,18,6,3,1,1,CV-40,1.3,1,3,0,1,2,3,2,3,4,2,2,2,1,2,2,1,1,5,1,5,1,9,14,1,1,1,NaN,3,NaN,NaN,,NaN,,NaN,,65,NaN,60,NaN,1,4,2,1,1,2,1,1,1,1,1,1,1,1,1,1,1,1,1,2,1,1,709267.132,4318438.528,137.086,Cob,24000,0,1,0,22,6
9526,3,2007460003180,3,4,17,4,2,4,2,CV-35,4,4,0,1,1,2,3,2,3,4,2,2,2,1,2,2,4,1,5,1,1,1,9,14,3,1,3,NaN,2,NaN,NaN,,NaN,,NaN,,67,NaN,60,NaN,2,4,1,1,1,1,1,2,1,1,1,1,1,1,1,1,1,1,1,2,2,2,654769.303,4422941.759,930.62,Per,125000,0,0,1,13,6
9527,3,2007460003187,3,4,18,6,3,1,1,CV-32,0.8,0,8,0,1,5,3,2,3,3,2,1,1,2,2,2,5,1,5,1,1,1,9,14,3,1,3,NaN,2,NaN,NaN,,NaN,,NaN,,67,NaN,60,NaN,1,4,1,1,1,1,1,2,1,1,1,1,1,1,1,1,1,1,1,2,1,1,731810.089,4381716.847,-19.172,Per,34650,0,0,1,20,6
9529,3,2007460003188,3,4,18,3,3,1,2,CV-36,2.5,2,5,1,1,2,3,2,3,4,2,2,2,1,2,2,7,7,5,1,1,1,9,14,3,1,3,NaN,2,3,NaN,,NaN,,NaN,,NaN,NaN,NaN,NaN,3,4,1,1,1,1,1,1,2,1,1,1,1,1,1,1,1,1,1,2,1,2,718901.738,4369335.509,18.29,Pri,75417,0,0,1,9,1
9531,3,2007460003211,3,4,19,6,4,1,1,CV-32,3,3,0,1,1,5,3,2,3,1,2,2,1,1,1,1,5,1,4,9,1,1,9,14,1,1,3,NaN,2,NaN,NaN,,NaN,,12,9,NaN,NaN,NaN,NaN,1,4,1,1,1,1,1,1,1,2,1,1,1,1,1,1,1,1,1,2,1,2,727201.155,4385543.105,19.448,Cob,17286,0,0,3,18,6
9532,3,2007460003218,3,4,22,2,7,3,1,CV-60,24.6,24,6,1,1,5,3,2,3,1,2,1,2,2,1,1,7,7,8,1,5,1,9,8,1,1,1,NaN,3,NaN,NaN,,NaN,,NaN,,NaN,64,60,NaN,1,4,2,1,1,1,1,1,1,1,1,1,1,1,1,1,1,1,1,2,1,1,723467.865,4307420.168,193.827,Cob,15500,0,0,1,5,3
9533,3,2007460003225,3,4,22,3,7,3,1,CV-50,62.2,62,2,1,1,5,3,2,3,3,2,1,1,1,2,1,7,7,8,1,1,1,2,14,2,1,1,NaN,1,NaN,NaN,,NaN,,NaN,,NaN,63,60,NaN,1,4,1,1,2,1,1,2,1,1,1,1,1,1,1,1,1,1,1,2,1,1,715228.681,4342761.843,20.749,Cob,5011,0,0,0,8,2
9535,3,2007460003226,3,4,22,1,7,3,2,CV-35,37.5,37,5,0,1,5,3,1,3,3,2,1,1,1,1,1,7,7,5,1,5,1,9,8,1,1,3,NaN,2,4,NaN,,NaN,,NaN,,NaN,NaN,NaN,NaN,1,4,2,1,1,1,1,1,1,1,1,1,1,1,1,1,1,1,1,2,1,1,696667.196,4396772.596,287.186,Per,11000,0,0,2,3,2
9536,3,2007460003229,3,4,22,1,7,3,1,CV-610,24,24,0,0,1,5,2,3,3,1,2,1,1,1,1,1,7,7,8,1,4,1,9,14,3,1,1,NaN,2,NaN,NaN,,21,24,NaN,,NaN,NaN,NaN,NaN,1,4,1,1,1,1,1,1,1,1,1,1,1,1,1,2,1,1,1,2,1,1,732483.753,4309947.093,159.673,Cob,3429,0,0,0,23,1
9538,3,2007460003230,3,4,18,3,3,1,2,CV-35,9.5,9,5,1,1,2,3,2,2,4,2,2,2,2,2,2,7,7,8,1,1,1,9,8,1,1,1,NaN,1,4,NaN,,NaN,,NaN,,NaN,NaN,NaN,NaN,1,4,2,1,2,1,1,1,1,1,1,1,1,1,1,1,1,1,1,2,1,1,658933.246,4421525.484,942.048,Per,76000,0,0,0,8,1
9544,3,2007460003244,3,4,19,3,4,1,4,CV-35,4.6,4,6,1,1,2,3,2,3,4,2,2,2,2,2,2,7,7,8,1,1,1,9,14,3,1,1,NaN,1,5,NaN,,NaN,,NaN,,NaN,NaN,NaN,NaN,2,4,1,1,1,1,1,2,1,1,1,1,1,1,1,1,1,1,1,2,1,1,655342.221,4422910.775,942.954,Per,125000,0,0,2,9,1
9548,3,2007460003262,3,4,22,4,7,3,2,CV-500,14.5,14,5,0,1,5,3,2,3,3,2,1,2,2,2,2,7,7,8,1,1,1,9,14,3,1,1,NaN,1,3,NaN,,NaN,,NaN,,NaN,NaN,NaN,NaN,1,4,1,1,1,1,1,1,2,1,1,1,1,1,1,1,1,1,1,2,1,1,731883.355,4356663.349,-14.511,Sec,12997,0,0,0,12,2
9553,3,2007460003264,3,4,21,4,6,2,3,CV-35,26.3,26,3,0,1,5,2,2,3,3,2,1,2,2,2,2,1,1,4,1,1,1,9,14,1,1,1,NaN,2,3,NaN,,NaN,,NaN,,NaN,NaN,NaN,NaN,1,4,2,1,1,1,1,1,1,1,1,1,1,1,1,1,1,1,1,2,1,2,705445.737,4390308.959,146.552,Per,11000,0,0,4,14,6
9555,3,2007460003270,3,4,23,5,1,1,2,CV-60,30.1,30,1,0,1,5,1,3,3,1,2,1,1,1,1,1,7,7,8,1,1,1,9,14,1,1,3,NaN,2,4,NaN,,NaN,,NaN,,NaN,NaN,NaN,NaN,1,4,1,1,1,1,1,1,1,1,1,1,1,1,1,1,1,2,1,2,1,1,737402.614,4312212.646,105.3,Cob,15500,0,0,0,16,2
9563,3,2007460003283,3,4,23,4,1,1,3,CV-36,0.9,0,9,0,1,2,3,2,3,4,2,2,2,1,2,2,7,7,8,1,1,1,9,14,3,1,3,NaN,2,5,NaN,,NaN,,NaN,,NaN,NaN,NaN,NaN,1,4,2,1,1,1,1,1,1,1,1,1,1,1,1,1,1,1,1,2,1,1,717246.285,4369548.157,41.96,Pri,75417,0,0,1,14,1
9566,3,2007460003286,3,4,24,3,2,1,3,CV-36,0.7,0,7,0,1,2,3,2,3,3,2,2,2,1,2,2,7,7,8,1,1,1,9,14,3,1,3,NaN,1,5,NaN,,NaN,,NaN,,NaN,NaN,NaN,NaN,1,4,2,1,1,1,1,1,1,1,1,1,1,1,1,1,1,1,1,2,1,2,717441.906,4369582.815,43.394,Pri,75417,0,0,2,8,1
9570,3,2007460003287,3,4,24,6,2,1,2,CV-42,17,17,0,0,1,5,2,2,3,2,2,1,1,1,1,1,7,7,7,1,1,1,9,14,2,1,1,NaN,1,2,NaN,,NaN,,NaN,,NaN,NaN,NaN,NaN,1,4,1,1,1,1,1,1,1,1,1,1,1,1,1,1,1,1,2,2,1,1,723482.612,4352594.558,-11.473,Cob,9161,0,0,1,19,1
9572,3,2007460003289,3,4,24,4,2,1,2,CV-36,2,2,0,0,1,2,3,2,3,4,2,2,2,1,2,2,7,7,8,1,1,1,9,14,3,1,3,NaN,2,4,NaN,,NaN,,NaN,,NaN,NaN,NaN,NaN,1,4,2,1,1,1,1,1,1,1,1,1,1,1,1,1,1,1,1,2,1,2,716182.329,4369307.695,35.379,Pri,75417,0,0,2,14,1
9574,3,2007460003314,3,4,24,1,2,1,2,CV-32,3.5,3,5,1,1,5,3,2,3,3,2,1,1,1,1,1,5,1,8,1,1,1,9,8,2,1,3,NaN,2,3,NaN,,NaN,,NaN,,NaN,NaN,NaN,NaN,1,4,1,1,1,1,1,1,2,1,1,1,1,1,1,1,1,1,1,2,1,1,727364.527,4385081.438,12.565,Cob,17286,0,0,0,0,6
9580,3,2007460003335,3,4,26,6,4,1,3,CV-35,30,30,0,0,1,5,3,2,3,3,2,1,1,1,2,1,7,7,8,1,1,1,9,8,1,1,1,NaN,2,5,NaN,,NaN,,NaN,,NaN,NaN,NaN,NaN,1,4,1,1,1,1,1,1,1,1,1,1,1,2,1,1,1,1,1,2,1,1,702332.486,4392047.598,159.709,Per,11000,0,0,0,19,1
9582,3,2007460003340,3,4,26,4,4,1,2,CV-32,3.2,3,2,1,1,5,2,2,3,2,2,1,1,1,1,1,5,1,4,1,1,1,9,14,1,1,1,NaN,2,3,NaN,,NaN,,NaN,,NaN,NaN,NaN,NaN,1,4,1,1,1,1,1,1,1,1,1,1,1,1,1,1,1,2,1,2,1,1,727279.076,4385366.127,15.665,Cob,17286,0,0,0,11,6
9584,3,2007460003366,3,4,28,4,6,2,2,CV-686,1.9,1,9,0,1,5,3,2,3,3,2,1,1,1,1,1,2,2,3,1,1,1,9,14,1,1,3,NaN,2,2,NaN,,NaN,,NaN,,NaN,NaN,NaN,NaN,1,4,2,1,1,1,1,1,2,1,1,1,1,1,1,1,1,1,1,2,1,1,742804.418,4314550.886,19.757,Cob,23000,0,1,0,12,7
9585,3,2007460003372,3,4,28,6,6,2,1,CV-50,18.5,18,5,0,1,5,3,2,3,3,2,1,1,1,2,2,7,7,8,1,2,1,9,14,3,1,1,NaN,1,NaN,NaN,,NaN,,NaN,,NaN,62,60,NaN,1,4,2,1,1,1,1,2,1,1,1,1,1,1,1,1,1,1,1,2,2,1,723609.941,4334786.558,-1.426,Cob,15000,0,0,1,20,1
9586,3,2007460003392,3,4,27,6,5,1,1,CV-36,0.5,0,5,1,1,2,3,2,3,4,2,2,2,1,2,2,7,7,8,1,1,1,9,14,3,1,1,NaN,2,NaN,NaN,,NaN,,NaN,,NaN,64,60,NaN,1,4,2,1,1,1,1,1,1,1,1,1,1,1,1,1,1,1,1,2,1,2,711530.066,4368947.207,70.029,Pri,75417,0,0,1,18,1
9587,3,2007460003397,3,4,30,6,1,2,1,CV-666,0.8,0,8,0,1,5,3,2,3,3,2,1,1,2,1,1,1,6,8,3,4,1,9,14,1,1,1,NaN,2,NaN,NaN,,NaN,,NaN,,56,NaN,50,NaN,1,4,2,1,2,1,1,1,1,1,1,1,1,1,1,1,1,1,1,2,1,1,714274.408,4301585.216,309.346,NaN,0,0,0,1,21,7
9589,3,2007460003400,3,4,27,3,5,1,2,CV-32,9,9,0,0,1,5,1,2,3,3,2,1,2,1,2,2,7,7,8,3,1,1,9,14,3,1,1,NaN,2,4,NaN,,NaN,,NaN,,NaN,NaN,NaN,NaN,1,4,1,1,1,1,1,1,1,1,1,1,1,1,1,1,1,1,2,2,1,1,725916.024,4386346.669,39.087,NaN,0,0,0,0,7,2