Id,Ano,Numero_Accidente,Provincia,Mes,Dia,Hora,Dia_Semana,Tipo_Dia,Vehiculos_Implicados,Carretera,Pk,Km,Hm,Sentido,Zona,Tipo_Via,Anchura_Calzada,Anchura_Carril,Marcas_Viales,Arcen,Arcen_Pavimentado,Mediana,Barrera_Seguridad,Paneles_Direccionales,Hitos_Arista,Captafaros,Interseccion_Tipo,Interseccion_Acondicionamiento,Prioridad_Regulada_por,Superficie,Luminosidad,Factores_Atmosfericos,Visibilidad_Restringida_por,Otras_Circunstancias,Senalizacion_Peligro,Aceras,Arboles,Arboles_Metros_Calzada,Visibilidad_Senalizacion_Vertical,Colision_Vehiculos_Marcha,Colision_Vehiculo_Obstaculo_1,Colision_Vehiculo_Obstaculo_2,Atropello_1,Atropello_2,Vuelco_1,Vuelco_2,Salida_Sin_Colision,Salida_Con_Colision,Lado_Salida,Otro,Circulacion,Circulacion_Medidas_Especiales,Distraccion,Inexperiencia_Conductor,Alcohol_Drogas,Cansancio_Sueno,Enfermedad,Velocidad_Inadecuada,Infraccion_Norma_Circulacion,Estado_Condicion_Via,Estado_Condicion_Senalizacion,Tramo_Obras,Mal_Estado_Vehiculo,Averia_Mecanica,Meteorologia_Adversa,Irrupcion_Animal,Circular_Sentido_Contrario,Otro_Factor,Sin_Opinion_Definida,Pendiente,Curvatura,Peralte,GPS_x,GPS_y,GPS_z,Tipo_Est,IMD,N_Muertos,N_Graves,N_Leves,Hora_Real,Fuera_o_Interseccion
9591,3,2007460003401,3,4,27,5,5,1,2,CV-35,12.3,12,3,0,1,2,3,2,3,1,2,2,2,1,2,2,7,7,8,1,1,1,9,8,1,1,1,NaN,2,4,NaN,,NaN,,NaN,,NaN,NaN,NaN,NaN,1,4,2,1,1,1,1,1,1,1,1,1,1,1,1,1,1,1,1,2,1,1,714643.635,4382720.731,97.107,Per,76000,0,0,0,16,1
9593,3,2007460003402,3,4,27,5,5,1,2,CV-35,12.3,12,3,0,1,2,3,2,3,2,2,2,2,1,2,2,7,7,8,1,1,1,9,8,1,1,1,NaN,2,NaN,NaN,,NaN,,NaN,,NaN,NaN,NaN,71,1,4,2,1,1,1,1,1,1,1,1,1,1,1,1,1,1,1,1,2,1,1,714643.635,4382720.731,97.107,Per,76000,0,0,0,16,1
9594,3,2007460003416,3,4,30,4,1,4,1,CV-33,2,2,0,1,1,2,3,2,3,4,2,2,2,1,2,2,7,7,8,1,1,1,9,14,3,1,1,NaN,1,NaN,NaN,,NaN,,NaN,,NaN,52,50,NaN,1,4,2,2,1,1,1,2,1,1,1,1,1,1,1,1,1,1,1,2,1,1,719919,4369040.237,25.536,Cob,22492,0,0,1,12,2
9597,3,2007460003422,3,4,26,3,4,1,3,CV-60,25.6,25,6,0,1,5,3,2,3,3,2,1,1,1,1,1,7,7,8,3,1,4,9,8,1,1,1,NaN,2,4,NaN,,NaN,,NaN,,NaN,NaN,NaN,NaN,1,4,2,1,1,1,1,1,1,1,1,1,1,1,1,1,1,1,1,2,1,1,733660.911,4310212.044,178.445,Cob,15500,0,0,0,9,1
9600,3,2007460003425,3,4,30,5,1,1,2,CV-35,28,28,0,0,1,2,3,2,3,4,2,2,2,2,2,2,1,1,8,1,1,1,8,14,1,1,1,NaN,1,4,NaN,,NaN,,NaN,,NaN,NaN,NaN,NaN,1,4,1,1,1,1,1,1,2,1,1,2,1,1,1,1,1,1,1,2,1,1,703978.766,4390947.283,147.526,Per,11000,0,0,2,15,6
9602,3,2007460003427,3,4,29,5,7,3,2,CV-35,14,14,0,1,1,2,3,2,2,3,2,2,2,2,2,2,1,1,4,1,1,1,9,8,1,1,1,NaN,1,2,NaN,,NaN,,NaN,,NaN,NaN,NaN,NaN,1,4,2,1,1,1,1,1,1,2,1,2,1,1,1,1,1,1,1,2,1,1,662386.877,4419383.786,895.429,Per,76000,0,0,0,15,6
9604,3,2007460003431,3,5,1,1,2,3,2,CV-31,3.8,3,8,0,1,5,3,2,3,4,2,1,2,2,2,2,7,7,7,1,4,1,9,14,3,1,1,NaN,1,2,NaN,,NaN,,NaN,,NaN,NaN,NaN,NaN,1,4,1,1,1,1,1,1,2,1,1,1,1,1,1,1,1,1,1,2,1,1,721200.014,4377826.971,32.842,Cob,32100,0,1,3,4,1
9605,3,2007460003444,3,4,30,6,1,4,1,CV-515,9.6,9,6,0,1,5,2,2,3,3,2,1,1,1,1,1,6,6,8,1,1,1,9,14,1,1,3,NaN,2,NaN,NaN,,21,21,NaN,,NaN,NaN,NaN,NaN,1,4,1,1,1,1,1,1,2,1,1,1,1,1,1,1,1,1,1,2,1,1,731326.995,4343225.025,-7.626,Cob,7635,0,0,0,17,6
9606,3,2007460003445,3,5,1,4,2,3,1,CV-41,7,7,0,0,1,5,3,2,3,3,2,1,1,1,1,1,5,6,4,1,1,1,9,14,2,1,1,NaN,2,NaN,NaN,,NaN,,NaN,,58,NaN,50,NaN,1,4,2,1,1,1,1,2,1,1,1,1,1,1,1,1,1,1,1,2,1,1,718333.451,4330585.036,8.509,Pri,11091,0,0,1,12,6
9610,3,2007460003477,3,5,2,5,3,1,1,CV-35,7.2,7,2,1,1,2,3,2,3,4,2,2,2,1,2,1,7,7,8,1,1,1,9,14,2,1,1,NaN,1,NaN,NaN,,NaN,,NaN,,66,NaN,60,NaN,1,4,1,1,1,1,1,1,1,1,1,1,1,1,1,1,1,1,2,2,2,1,657076.976,4422159.711,986.488,Per,93000,0,0,0,15,1
9612,3,2007460003479,3,5,2,3,3,1,2,CV-36,3,3,0,0,1,2,3,2,3,4,2,2,2,1,2,1,3,1,4,1,1,1,9,14,1,1,1,NaN,2,3,NaN,,NaN,,NaN,,NaN,NaN,NaN,NaN,1,4,1,1,1,1,1,1,2,1,1,1,1,1,1,1,1,1,1,2,1,2,715198.934,4369376.425,46.492,Pri,75417,0,0,0,8,6
9614,3,2007460003488,3,5,3,3,4,1,2,CV-515,7.4,7,4,0,1,5,3,2,3,3,2,1,1,1,2,2,5,6,3,1,1,1,9,14,1,1,1,NaN,1,2,NaN,,NaN,,NaN,,NaN,NaN,NaN,NaN,1,4,1,1,1,1,1,1,2,1,1,1,1,1,1,1,1,1,1,2,1,1,729195.341,4343575.639,-2.189,Cob,7635,0,0,0,8,6
9616,3,2007460003489,3,5,4,3,5,1,2,CV-81,9.5,9,5,0,1,5,3,2,3,2,2,1,1,1,2,1,7,7,8,1,1,1,9,14,1,1,3,NaN,2,3,NaN,,NaN,,NaN,,NaN,NaN,NaN,NaN,1,4,2,1,1,1,1,2,1,1,1,1,1,1,1,1,1,1,1,2,1,1,709060.836,4296787.759,462.433,Cob,6043,1,0,0,10,3
9618,3,2007460003494,3,2,2,6,5,1,2,CV-31,4.6,4,6,1,1,5,3,2,3,3,2,1,1,1,1,1,7,7,8,1,1,1,9,14,1,1,1,NaN,1,4,NaN,,NaN,,NaN,,NaN,NaN,NaN,NaN,2,4,1,1,1,1,1,1,2,1,1,1,1,1,1,1,1,1,1,2,1,1,721573.518,4375019.137,8.811,Cob,32100,0,0,1,18,5
9619,3,2007460003504,3,5,5,4,6,2,1,CV-42,9.4,9,4,1,1,5,3,2,3,3,2,1,2,2,2,1,5,1,4,1,1,1,2,14,1,1,1,NaN,1,NaN,NaN,,NaN,,12,9,NaN,NaN,NaN,NaN,1,4,1,1,1,1,1,2,1,1,1,1,1,1,1,1,1,1,1,2,1,1,722673.605,4346067.855,-11.305,Cob,12800,0,1,0,14,6
9622,3,2007460003505,3,5,5,1,6,1,1,CV-35,33.3,33,3,0,1,5,3,2,3,1,2,1,1,2,2,1,7,7,5,1,5,1,9,8,1,1,3,NaN,2,NaN,NaN,,NaN,,NaN,,NaN,62,60,NaN,1,4,1,1,1,1,1,2,1,1,1,1,1,1,1,1,1,1,1,2,1,1,699529.587,4393920.464,203.975,Per,11000,0,1,3,4,2
9624,3,2007460003511,3,5,5,4,6,2,2,CV-60,24.5,24,5,0,1,5,3,2,3,2,2,2,1,1,1,1,7,7,7,1,1,1,9,8,1,1,1,NaN,1,2,NaN,,NaN,,NaN,,NaN,NaN,NaN,NaN,1,4,2,1,1,1,1,1,2,1,1,2,1,1,1,1,1,1,1,2,1,1,732832.804,4309522.682,181.924,Cob,15500,0,0,1,13,1
9625,3,2007460003527,3,5,3,4,4,1,1,CV-35,3.5,3,5,1,1,2,3,2,3,4,2,2,2,1,2,2,7,7,8,3,1,4,4,8,2,1,1,NaN,1,NaN,NaN,,NaN,,NaN,,NaN,52,50,NaN,1,4,2,1,1,1,1,1,1,1,1,1,1,1,2,1,1,1,1,2,2,1,654507.777,4422863.684,906.357,Per,125000,0,0,0,13,1
9626,3,2007460003528,3,5,3,1,4,1,1,CV-35,3,3,0,1,1,2,3,2,3,3,2,2,2,2,1,1,7,7,8,3,3,4,9,8,1,1,1,NaN,1,NaN,NaN,,NaN,,NaN,,NaN,62,60,NaN,1,4,1,1,1,1,1,2,1,1,1,1,1,1,1,1,1,1,1,2,1,1,654462.088,4422571.739,887.738,Per,125000,0,0,0,23,4
9631,3,2007460003533,3,5,2,6,3,1,3,CV-33,0.5,0,5,0,1,5,3,2,3,4,2,2,1,1,2,2,7,7,8,1,1,1,9,14,3,1,1,NaN,1,5,NaN,,NaN,,NaN,,NaN,NaN,NaN,NaN,2,4,2,1,1,1,1,2,2,1,1,1,1,1,1,1,1,1,1,2,1,1,717247.393,4371527.21,32.058,Cob,24000,0,0,4,18,1
9633,3,2007460003540,3,5,2,6,3,1,2,CV-35,58,58,0,0,1,5,2,2,3,3,2,1,1,1,1,1,1,1,3,1,1,1,2,14,3,1,1,NaN,2,2,NaN,,NaN,,NaN,,NaN,NaN,NaN,NaN,1,4,1,1,1,1,1,1,2,1,1,1,1,1,1,1,1,1,1,2,1,2,677265.422,4397254.079,335.141,Sec,2211,0,0,1,18,6
9637,3,2007460003541,3,5,2,3,3,1,4,CV-31,1.1,1,1,1,1,2,3,2,3,4,2,2,2,2,2,2,7,7,8,1,1,1,9,14,2,1,1,NaN,1,5,NaN,,NaN,,NaN,,NaN,NaN,NaN,NaN,2,4,2,1,1,1,1,2,1,1,1,1,1,1,1,1,1,1,1,2,1,1,721185.373,4377680.121,29.093,Sec,72820,0,0,1,8,1
9640,3,2007460003544,3,5,7,6,1,1,2,CV-41,14.9,14,9,0,1,5,3,2,3,3,2,1,1,1,2,1,7,7,8,1,2,1,9,14,3,1,3,NaN,1,4,NaN,,NaN,,NaN,,NaN,NaN,NaN,NaN,1,4,1,1,1,1,1,1,1,1,1,1,1,1,1,2,1,1,1,2,1,1,716675.854,4324032.301,47.036,Cob,9333,0,0,0,19,2
9641,3,2007460003558,3,5,5,2,6,2,1,CV-35,52.2,52,2,0,1,5,3,2,3,4,2,1,2,1,1,1,7,7,8,1,4,1,9,14,3,1,1,NaN,2,NaN,NaN,,NaN,,NaN,,NaN,51,50,NaN,1,4,1,1,1,1,1,1,1,1,1,1,1,1,1,1,1,1,2,2,1,1,682287.356,4396371.594,384.117,Per,4000,0,0,1,5,1
9644,3,2007460003560,3,5,5,4,6,2,2,CV-410,4,4,0,1,1,5,2,2,2,1,2,1,1,1,1,1,5,1,5,1,1,1,9,14,3,1,1,NaN,2,3,NaN,,NaN,,NaN,,NaN,NaN,NaN,NaN,1,4,2,1,1,1,1,1,1,1,1,1,1,1,1,1,1,1,1,2,1,1,717642.222,4369822.594,29.726,Pri,31883,0,0,2,14,6
9646,3,2007460003563,3,5,5,6,6,2,2,CV-400,2,2,0,1,1,5,1,2,3,4,2,1,1,1,1,1,7,7,4,1,1,1,8,14,3,1,1,NaN,2,2,NaN,,NaN,,NaN,,NaN,NaN,NaN,NaN,1,4,1,1,1,1,1,2,1,1,1,1,1,1,1,1,1,1,1,2,1,1,723067.319,4365593.946,-4.043,Pri,31654,0,0,1,18,1
9647,3,2007460003574,3,5,8,3,2,1,1,CV-41,16.1,16,1,0,1,5,3,2,3,3,2,1,1,1,1,1,7,7,8,1,1,1,9,14,3,1,3,NaN,1,NaN,NaN,,NaN,,NaN,,66,NaN,60,NaN,1,4,2,1,1,1,1,1,1,1,1,1,1,1,1,1,1,1,1,2,1,1,716096.709,4322926.046,52.614,Cob,9333,0,0,0,10,1
9648,3,2007460003576,3,5,1,4,2,3,1,CV-410,4,4,0,0,1,5,3,2,4,3,2,2,2,2,2,2,5,1,4,1,1,1,9,14,1,1,1,NaN,1,NaN,NaN,,NaN,,NaN,,NaN,54,50,NaN,1,4,2,1,1,1,1,1,1,1,1,1,1,1,1,1,1,1,1,2,2,1,717332.473,4372266.354,36.033,Pri,31883,0,0,0,12,6
9650,3,2007460003600,3,5,10,3,4,1,2,CV-50,77.2,77,2,0,1,5,3,2,4,3,2,1,1,1,2,2,1,1,8,1,2,1,9,14,2,1,3,NaN,2,1,NaN,,NaN,,NaN,,NaN,NaN,NaN,NaN,1,4,1,1,1,1,1,1,2,1,1,1,1,1,1,1,1,1,1,2,1,1,699514.211,4375827.121,204.716,Cob,5512,1,1,0,7,6
9651,3,2007460003628,3,5,9,5,3,1,1,CV-35,77.5,77,5,1,1,5,3,2,3,3,2,1,2,1,2,1,7,7,8,1,1,1,9,14,1,1,1,NaN,2,NaN,NaN,,NaN,,12,9,NaN,NaN,NaN,NaN,1,4,1,1,1,1,1,1,1,1,1,1,1,2,1,2,1,1,1,2,1,1,704238.773,4390773.015,152.161,Cob,990,0,0,1,16,2
9652,3,2007460003630,3,5,5,3,6,1,1,CV-35,32,32,0,0,1,5,3,2,3,3,2,1,2,2,1,2,7,7,8,1,2,1,9,8,1,1,1,NaN,2,NaN,NaN,,NaN,,NaN,,NaN,62,60,NaN,1,4,2,1,2,2,1,1,1,1,1,1,1,1,1,1,1,1,1,2,1,1,700678.087,4393153.861,184.37,Per,11000,0,0,1,7,3
9654,3,2007460003644,3,5,11,4,5,1,2,CV-60,30.3,30,3,1,1,5,3,2,3,3,2,1,1,1,1,1,7,7,8,1,1,1,9,14,1,1,1,NaN,2,3,NaN,,NaN,,NaN,,NaN,NaN,NaN,NaN,1,4,1,1,1,1,1,1,2,1,1,1,1,1,1,1,1,1,1,2,1,2,718040.793,4308275.426,146.546,Cob,15500,0,0,0,14,2
9656,3,2007460003646,3,5,11,6,5,1,2,CV-50,75,75,0,0,1,5,3,2,3,3,2,1,1,1,1,1,5,6,3,1,1,1,9,14,1,1,3,NaN,2,2,NaN,,NaN,,NaN,,NaN,NaN,NaN,NaN,1,4,2,1,1,1,1,1,2,1,1,1,1,1,1,1,1,1,1,2,1,2,698808.835,4373943.166,205.199,Cob,5512,0,1,0,18,6
9657,3,2007460003658,3,5,12,4,6,2,1,CV-645,3.4,3,4,1,1,5,3,1,3,3,2,1,2,1,1,1,7,7,5,1,1,1,9,14,1,1,1,NaN,2,NaN,NaN,,NaN,,NaN,,NaN,53,50,NaN,1,4,1,1,1,1,1,1,1,1,1,1,1,2,1,1,1,1,1,2,1,1,712394.458,4317788.806,97.345,Cob,15000,0,0,0,14,2
9659,3,2007460003676,3,5,13,4,7,3,2,CV-50,7.8,7,8,1,1,5,3,2,3,3,2,1,1,1,1,1,1,1,8,1,1,1,9,14,2,1,1,NaN,1,4,NaN,,NaN,,NaN,,NaN,NaN,NaN,NaN,1,4,1,1,1,1,1,1,2,1,1,1,1,1,1,1,1,1,1,2,1,1,703562.098,4382311.542,96.472,Cob,13183,0,0,0,14,7
9661,3,2007460003679,3,5,10,3,4,1,2,CV-50,88,88,0,0,1,5,3,2,3,2,2,1,2,2,2,2,2,1,3,1,1,1,9,14,1,1,1,NaN,2,2,NaN,,NaN,,NaN,,NaN,NaN,NaN,NaN,1,4,1,1,1,1,1,1,2,1,1,1,1,1,1,1,1,1,1,2,1,1,704582.283,4384331.652,89.212,Cob,10273,0,0,1,8,6
9662,3,2007460003685,3,5,13,4,7,3,1,CV-245,8.5,8,5,1,1,5,2,2,3,2,2,1,1,2,1,1,7,7,8,1,1,1,9,14,1,1,1,NaN,2,NaN,NaN,,NaN,,NaN,,66,NaN,60,NaN,1,4,1,1,1,1,1,1,1,2,1,1,1,1,1,1,1,1,1,2,2,1,705520.781,4414034.36,661.079,Cob,702,0,0,1,13,2
9663,3,2007460003687,3,5,13,3,7,3,1,CV-35,12.5,12,5,1,1,2,3,2,3,3,2,2,2,1,2,1,7,7,5,1,1,1,9,8,1,1,1,NaN,2,NaN,NaN,,NaN,,NaN,,NaN,54,50,NaN,1,4,1,1,1,1,1,1,1,1,1,1,1,1,1,1,1,1,2,2,1,1,661600.094,4420410.72,886.686,Per,76000,0,0,1,9,1
9664,3,2007460003688,3,5,12,4,6,2,1,CV-245,12.5,12,5,1,1,5,2,2,3,3,2,1,2,2,1,1,7,7,8,1,1,1,9,14,3,1,1,NaN,1,NaN,NaN,,NaN,,NaN,,66,NaN,60,NaN,1,4,2,1,1,1,1,1,1,1,1,1,1,1,1,1,1,1,1,2,2,2,703845.171,4412331.597,891.06,Cob,702,0,0,1,14,2
9666,3,2007460003691,3,5,10,4,4,1,2,CV-36,3.4,3,4,0,1,2,3,2,3,4,2,2,2,2,2,2,4,1,5,1,1,1,9,14,1,1,1,NaN,1,4,NaN,,NaN,,NaN,,NaN,NaN,NaN,NaN,1,4,1,1,1,1,1,1,2,1,1,1,1,1,1,1,1,1,1,2,1,1,714811.159,4369292.738,51.278,Pri,75417,0,0,0,14,6
9668,3,2007460003696,3,5,11,6,5,1,2,CV-410,5,5,0,0,1,5,3,2,3,4,2,2,2,1,2,2,5,1,4,1,1,1,9,14,1,1,1,NaN,2,3,NaN,,NaN,,NaN,,NaN,NaN,NaN,NaN,1,4,1,1,1,1,1,1,1,1,1,1,1,1,1,1,1,1,2,2,2,1,716570.18,4372696.828,44.817,Pri,31883,0,0,0,18,6
9670,3,2007460003698,3,5,11,6,5,1,2,CV-36,2.2,2,2,0,1,2,3,2,3,4,2,2,2,1,2,2,7,7,8,1,4,1,9,14,2,1,3,NaN,2,4,NaN,,NaN,,NaN,,NaN,NaN,NaN,NaN,1,4,1,1,1,1,1,2,1,1,1,1,1,1,1,1,1,1,1,2,1,2,715984.381,4369298.162,35.972,Pri,75417,0,0,2,21,1
9671,3,2007460003701,3,5,15,2,2,1,1,CV-610,6.8,6,8,1,1,4,3,1,3,3,2,1,1,2,2,1,7,7,8,1,2,1,2,13,1,1,1,NaN,2,NaN,NaN,,NaN,,NaN,,NaN,62,60,NaN,1,4,1,1,1,1,1,2,1,1,1,1,1,1,1,1,1,1,1,2,1,1,729564.83,4313496.225,240.469,Cob,6586,0,0,1,6,5
9672,3,2007460003703,3,5,11,4,5,1,1,CV-35,23.5,23,5,0,1,2,3,2,3,3,2,1,1,2,2,1,7,7,5,7,1,1,9,8,1,1,3,NaN,2,NaN,NaN,,NaN,,NaN,,66,NaN,60,NaN,1,4,1,1,1,1,1,1,1,2,1,1,1,1,1,1,1,1,1,2,1,2,707743.985,4390225.949,154.657,Per,43000,0,0,1,11,5
9674,3,2007460003704,3,5,10,4,4,1,2,CV-35,11,11,0,0,1,2,3,2,3,3,2,2,2,2,2,2,7,7,8,1,1,1,9,8,1,1,1,NaN,2,4,NaN,,NaN,,NaN,,NaN,NaN,NaN,NaN,2,4,1,1,1,1,1,1,2,1,1,1,1,1,1,1,1,1,1,2,1,1,715598.038,4381852.54,86.348,Per,76000,0,0,1,13,1
9677,3,2007460003718,3,5,11,4,5,1,3,CV-35,21,21,0,1,1,2,3,2,3,3,2,2,2,1,2,2,7,7,8,1,1,1,9,14,3,1,1,NaN,2,NaN,30,32,NaN,,NaN,,NaN,NaN,NaN,NaN,1,4,1,1,1,1,1,1,1,1,1,1,2,1,1,1,1,1,1,2,1,1,663967.087,4413499.182,774.091,Per,43000,0,0,0,14,1
9679,3,2007460003735,3,5,16,6,3,1,2,CV-42,0,0,0,0,1,5,3,2,3,3,2,1,1,1,2,2,2,3,4,1,3,1,9,14,1,1,1,NaN,1,3,NaN,,NaN,,NaN,,NaN,NaN,NaN,NaN,1,4,1,1,1,1,1,1,2,1,1,1,1,1,1,1,1,1,1,2,2,1,720765.041,4338229.032,-5.742,Sec,11923,0,0,0,22,6
9680,3,2007460003736,3,5,12,6,6,2,1,CV-35,7,7,0,1,1,2,3,2,3,3,2,2,2,2,2,2,7,7,8,1,1,1,9,14,3,1,1,NaN,2,NaN,NaN,,NaN,,NaN,,NaN,63,60,NaN,1,4,1,1,1,1,1,1,1,1,1,1,1,1,1,1,1,2,1,2,1,1,657177.082,4422332.73,982.471,Per,93000,0,0,0,19,1
9682,3,2007460003737,3,5,12,3,6,2,2,CV-500,12.6,12,6,0,1,5,2,2,3,3,2,1,1,1,1,1,7,7,8,1,1,1,9,14,2,1,1,NaN,2,4,NaN,,NaN,,NaN,,NaN,NaN,NaN,NaN,1,4,2,1,1,1,1,1,1,1,1,1,1,1,1,1,1,1,1,2,1,1,731129.031,4358235.708,-14.851,Sec,12997,0,0,1,9,1
9685,3,2007460003747,3,5,13,4,7,3,3,CV-500,0.5,0,5,0,1,2,3,2,3,4,2,2,2,2,2,2,1,6,8,1,1,1,9,14,1,1,1,NaN,1,5,NaN,,NaN,,NaN,,NaN,NaN,NaN,NaN,1,4,1,1,1,1,1,2,1,1,1,1,1,1,1,1,1,1,1,2,1,1,728783.419,4369800.063,-10.943,Pri,17500,0,0,0,13,6
9697,3,2007460003751,3,5,12,6,6,2,3,CV-500,2.2,2,2,0,1,5,2,2,3,3,2,1,1,1,1,1,7,7,8,1,1,1,9,14,1,1,1,NaN,1,2,NaN,,NaN,,NaN,,NaN,NaN,NaN,NaN,1,4,2,1,1,1,1,1,1,1,1,1,1,1,1,1,1,1,1,2,1,1,728971.731,4368267.066,-14.873,Pri,17500,0,0,6,17,2
9699,3,2007460003756,3,5,14,6,1,4,2,CV-400,1.2,1,2,1,1,5,3,2,3,1,2,1,1,1,1,1,5,6,8,1,2,1,9,14,2,1,1,NaN,1,3,NaN,,NaN,,NaN,,NaN,NaN,NaN,NaN,1,4,1,1,1,1,1,1,2,1,1,1,1,1,1,1,1,1,1,2,1,1,722655.812,4364936.987,-6.982,Sec,45530,0,0,0,20,6
9702,3,2007460003760,3,5,14,5,1,1,2,CV-35,12.1,12,1,1,1,2,3,2,3,3,2,2,2,2,2,2,7,7,8,1,1,1,9,8,3,1,1,NaN,1,4,NaN,,NaN,,NaN,,NaN,NaN,NaN,NaN,3,4,2,2,1,1,1,1,1,1,1,2,1,1,1,1,1,1,1,2,1,1,661373.306,4420591.212,894.761,Per,76000,0,0,2,16,1
9704,3,2007460003761,3,5,14,3,1,4,2,CV-35,5.6,5,6,1,1,2,3,2,3,4,2,2,2,2,2,2,7,7,8,1,1,1,9,14,3,1,1,NaN,1,3,NaN,,NaN,,NaN,,NaN,NaN,NaN,NaN,1,4,1,1,1,1,1,1,1,1,1,1,1,1,1,1,1,1,2,2,2,2,656247.515,4423100.513,944.494,Per,125000,0,0,1,9,1
9706,3,2007460003763,3,5,14,4,1,4,2,CV-32,0.3,0,3,0,1,2,3,2,3,4,2,2,2,2,2,2,5,6,8,1,1,1,9,14,3,1,1,NaN,1,3,NaN,,NaN,,NaN,,NaN,NaN,NaN,NaN,1,4,1,1,1,1,1,1,1,1,1,1,1,1,1,1,1,1,2,2,1,1,732291.886,4381692.359,-13.687,Per,34650,0,0,0,13,6
9707,3,2007460003777,3,5,13,1,7,3,1,CV-35,14.1,14,1,1,1,2,2,2,3,1,2,2,2,1,2,2,7,7,8,1,5,1,9,8,1,1,1,NaN,2,NaN,NaN,,NaN,,12,9,NaN,NaN,NaN,NaN,1,4,2,1,2,1,1,1,1,1,1,2,1,1,1,1,1,1,1,2,2,3,662381.685,4419196.42,904.981,Per,76000,0,0,1,0,1
9708,3,2007460003779,3,5,15,2,2,1,1,CV-35,13.6,13,6,1,1,2,3,2,3,3,2,2,2,2,2,1,7,7,5,1,2,1,9,8,1,1,1,NaN,2,NaN,NaN,,NaN,,NaN,,NaN,54,50,NaN,1,4,1,1,1,1,2,1,1,1,1,1,1,1,1,1,1,1,1,2,1,1,662243.161,4419606.383,887.761,Per,76000,0,0,0,6,1
9710,3,2007460003787,3,5,15,4,2,1,2,CV-35,17.5,17,5,1,1,2,3,2,3,3,2,2,2,1,2,1,3,1,4,1,1,1,9,8,1,1,1,NaN,2,3,NaN,,NaN,,NaN,,NaN,NaN,NaN,NaN,1,4,2,1,1,1,1,1,1,1,1,1,1,1,1,1,1,1,1,2,2,3,662972.859,4416229.276,847.183,Per,43000,0,0,0,11,6
9712,3,2007460003799,3,5,15,3,2,1,2,CV-35,18,18,0,1,1,2,3,2,3,1,2,2,2,2,1,1,3,6,8,1,1,1,9,14,3,1,1,NaN,1,4,NaN,,NaN,,NaN,,NaN,NaN,NaN,NaN,1,4,1,1,1,1,1,1,1,1,1,1,1,1,1,1,1,1,2,2,1,1,663229.11,4415885.123,840.128,Per,43000,0,0,0,8,6
9719,3,2007460003807,3,5,15,4,2,1,3,CV-333,8,8,0,1,1,5,2,2,3,1,2,1,1,2,1,1,5,6,8,1,1,1,9,14,3,1,1,NaN,1,4,NaN,,NaN,,NaN,,NaN,NaN,NaN,NaN,1,4,2,1,1,1,1,1,1,1,1,1,1,1,1,1,1,1,1,2,1,1,715364.535,4390556.387,127.303,Cob,3520,0,0,0,12,6
9721,3,2007460003824,3,5,19,2,6,2,1,CV-550,3.9,3,9,1,1,5,3,2,3,3,2,1,1,1,1,1,7,7,8,1,4,1,9,14,3,1,1,NaN,1,NaN,NaN,,NaN,,NaN,,NaN,61,60,NaN,1,4,1,1,2,2,1,1,1,1,1,1,1,1,1,1,1,1,1,2,1,1,717696.716,4335085.912,-8.653,Cob,12446,0,0,2,5,1
9722,3,2007460003825,3,5,21,1,1,4,1,CV-500,24.5,24,5,0,1,4,3,2,3,3,2,1,1,1,1,1,7,7,8,1,5,1,9,14,3,1,3,NaN,1,NaN,NaN,,21,19,NaN,,NaN,NaN,NaN,NaN,1,4,1,1,1,1,1,1,2,1,1,1,1,1,1,1,1,1,1,2,1,1,734035.266,4347037.321,-10.89,Cob,9819,1,0,0,1,1
9724,3,2007460003830,3,5,16,5,3,1,2,CV-32,0.5,0,5,0,1,2,3,2,3,3,2,1,1,1,1,1,5,6,5,1,1,1,9,14,1,1,1,NaN,1,2,NaN,,NaN,,NaN,,NaN,NaN,NaN,NaN,1,4,1,1,1,1,1,1,2,1,1,1,1,1,1,1,1,1,1,2,2,1,732099.951,4381729.04,-19.267,Per,34650,0,0,1,15,6
9726,3,2007460003832,3,5,16,5,3,1,2,CV-410,4.9,4,9,1,1,5,3,2,3,3,2,2,2,2,1,1,7,7,8,1,1,1,9,14,2,1,1,NaN,1,4,NaN,,NaN,,NaN,,NaN,NaN,NaN,NaN,1,4,1,1,1,1,1,1,1,1,1,1,1,1,1,1,1,1,2,2,2,3,718317.793,4369767.015,25.361,Pri,31883,0,0,1,15,1
9729,3,2007460003842,3,5,17,6,4,1,2,CV-35,68.4,68,4,0,1,5,2,3,3,1,2,1,1,1,1,1,7,7,8,1,1,1,1,14,3,1,1,NaN,1,2,NaN,,NaN,,NaN,,NaN,NaN,NaN,NaN,1,4,1,1,1,1,1,1,1,1,1,1,1,2,1,1,1,1,1,2,1,1,670222.583,4402906.051,489.412,Cob,2012,0,0,1,19,1
9731,3,2007460003875,3,5,21,3,1,1,1,CV-60,10.5,10,5,0,1,5,3,2,3,3,2,1,2,1,2,2,7,7,8,1,2,1,9,14,3,1,1,NaN,1,NaN,NaN,,NaN,,NaN,,NaN,62,60,NaN,1,4,2,1,1,1,1,1,1,1,1,1,1,1,1,1,1,1,1,2,1,1,720174.955,4307683.747,183.606,Cob,9000,0,0,3,7,1
9733,3,2007460003877,3,5,18,4,5,1,2,CV-42,0,0,0,1,3,6,3,2,3,1,2,2,2,1,2,1,4,4,3,1,1,1,9,14,1,2,1,NaN,2,2,NaN,,NaN,,NaN,,NaN,NaN,NaN,NaN,1,4,2,1,1,1,1,1,2,1,1,1,1,1,1,1,1,1,1,2,1,1,723747.985,4354934.964,-10.971,Sec,11923,0,0,1,14,6