Id,Ano,Numero_Accidente,Provincia,Mes,Dia,Hora,Dia_Semana,Tipo_Dia,Vehiculos_Implicados,Carretera,Pk,Km,Hm,Sentido,Zona,Tipo_Via,Anchura_Calzada,Anchura_Carril,Marcas_Viales,Arcen,Arcen_Pavimentado,Mediana,Barrera_Seguridad,Paneles_Direccionales,Hitos_Arista,Captafaros,Interseccion_Tipo,Interseccion_Acondicionamiento,Prioridad_Regulada_por,Superficie,Luminosidad,Factores_Atmosfericos,Visibilidad_Restringida_por,Otras_Circunstancias,Senalizacion_Peligro,Aceras,Arboles,Arboles_Metros_Calzada,Visibilidad_Senalizacion_Vertical,Colision_Vehiculos_Marcha,Colision_Vehiculo_Obstaculo_1,Colision_Vehiculo_Obstaculo_2,Atropello_1,Atropello_2,Vuelco_1,Vuelco_2,Salida_Sin_Colision,Salida_Con_Colision,Lado_Salida,Otro,Circulacion,Circulacion_Medidas_Especiales,Distraccion,Inexperiencia_Conductor,Alcohol_Drogas,Cansancio_Sueno,Enfermedad,Velocidad_Inadecuada,Infraccion_Norma_Circulacion,Estado_Condicion_Via,Estado_Condicion_Senalizacion,Tramo_Obras,Mal_Estado_Vehiculo,Averia_Mecanica,Meteorologia_Adversa,Irrupcion_Animal,Circular_Sentido_Contrario,Otro_Factor,Sin_Opinion_Definida,Pendiente,Curvatura,Peralte,GPS_x,GPS_y,GPS_z,Tipo_Est,IMD,N_Muertos,N_Graves,N_Leves,Hora_Real,Fuera_o_Interseccion
9741,3,2007460003885,3,5,22,6,2,1,1,CV-36,1.2,1,2,0,1,2,2,2,3,3,2,2,2,1,1,1,7,7,5,3,5,4,9,8,1,1,3,NaN,2,NaN,NaN,,NaN,,NaN,,NaN,62,60,NaN,1,4,2,1,1,1,1,1,1,1,1,1,1,1,1,1,1,1,1,2,1,1,716956.003,4369481.934,39.112,Pri,75417,0,1,1,22,1
9742,3,2007460003896,3,5,20,3,7,3,1,CV-500,23.8,23,8,0,1,5,3,2,3,4,2,2,2,2,2,2,7,7,5,1,1,1,9,14,2,1,1,NaN,1,NaN,NaN,,NaN,,NaN,,NaN,64,60,NaN,1,4,2,1,1,1,1,1,1,1,1,1,1,1,1,1,1,1,1,2,1,2,734430.12,4347599.243,-10.656,Cob,9819,0,0,1,8,1
9743,3,2007460003933,3,5,22,6,2,1,1,CV-410,3.2,3,2,0,1,5,3,2,3,4,2,2,2,1,2,1,7,7,8,1,3,1,9,14,3,1,1,NaN,1,NaN,NaN,,21,24,NaN,,NaN,NaN,NaN,NaN,1,4,1,1,1,1,1,1,1,1,1,1,1,1,1,1,1,2,1,2,1,1,717250.665,4371501.753,31.957,Sec,25531,0,0,0,21,1
9744,3,2007460003937,3,5,18,6,5,1,1,CV-33,3,3,0,0,1,2,3,2,3,4,2,2,2,1,2,1,7,7,8,1,1,1,9,14,1,1,1,NaN,2,NaN,NaN,,NaN,,NaN,,NaN,64,60,NaN,1,4,2,1,1,1,1,1,1,1,1,1,1,1,1,1,1,1,1,2,1,1,721988.711,4364608.274,-0.925,Cob,22492,0,0,0,19,2
9746,3,2007460003942,3,5,18,4,5,1,2,CV-400,4.7,4,7,1,1,5,2,2,3,3,2,1,2,1,2,2,5,1,8,1,1,1,9,13,1,1,1,NaN,1,2,NaN,,NaN,,NaN,,NaN,NaN,NaN,NaN,1,4,1,1,1,1,1,1,2,1,1,1,1,1,1,1,1,2,1,2,1,1,723759.962,4368014.309,-2.521,Cob,24704,0,0,0,14,6
9748,3,2007460003957,3,5,15,4,2,1,2,CV-585,2.8,2,8,1,1,5,2,2,3,3,2,1,1,2,2,1,7,7,8,1,1,1,2,14,1,1,1,NaN,2,1,NaN,,NaN,,NaN,,NaN,NaN,NaN,NaN,1,4,2,1,1,1,1,1,1,1,1,1,1,1,1,1,1,1,1,2,1,1,706852.042,4319083.46,214.861,Cob,4019,0,2,0,14,5
9750,3,2007460003960,3,5,19,3,6,1,2,CV-35,33.8,33,8,0,1,2,3,2,3,3,2,2,2,1,2,1,7,7,8,1,1,1,9,8,1,1,1,NaN,2,4,NaN,,NaN,,NaN,,NaN,NaN,NaN,NaN,1,4,1,1,1,1,1,2,1,1,1,1,2,2,1,1,1,1,1,2,1,1,699117.456,4394195.704,212.194,Per,11000,0,0,4,7,2
9754,3,2007460003968,3,5,21,6,1,4,3,CV-35,13,13,0,1,1,2,2,2,3,1,2,2,2,1,1,1,7,7,5,1,1,1,9,8,3,1,1,NaN,2,4,NaN,,NaN,,NaN,,NaN,NaN,NaN,NaN,3,4,2,1,1,1,1,2,1,1,1,2,1,1,1,1,1,1,1,2,1,2,661885.067,4420024.045,879.951,Per,76000,0,0,1,19,1
9756,3,2007460003985,3,5,27,4,7,3,2,CV-333,9.8,9,8,1,1,5,3,2,3,3,2,1,1,1,1,1,1,1,8,1,1,1,9,14,3,1,1,NaN,1,2,NaN,,NaN,,NaN,,NaN,NaN,NaN,NaN,1,4,1,1,1,1,1,1,1,1,1,1,1,1,1,1,1,2,1,2,1,1,716394.723,4389111.367,102.001,Cob,3520,0,0,1,12,7
9758,3,2007460003987,3,5,27,1,7,3,2,CV-35,14,14,0,1,1,2,3,2,3,4,2,2,2,1,2,2,7,7,8,1,1,1,9,14,1,1,1,NaN,2,NaN,NaN,,NaN,,NaN,,NaN,52,50,NaN,1,4,2,1,1,1,1,1,1,1,1,1,1,1,1,1,1,1,1,2,1,1,662386.877,4419383.786,895.429,Per,76000,0,0,0,23,1
9759,3,2007460003992,3,5,26,4,6,2,1,CV-35,28,28,0,0,1,5,2,2,3,1,2,1,1,1,1,1,7,7,5,7,1,1,9,8,1,1,3,NaN,2,NaN,NaN,,NaN,,NaN,,66,NaN,60,NaN,1,4,2,1,1,1,1,1,1,1,1,1,1,1,1,1,1,1,1,2,1,1,703978.766,4390947.283,147.526,Per,11000,0,0,1,12,2
9760,3,2007460004002,3,5,26,3,6,2,1,CV-81,17.5,17,5,0,1,5,3,2,3,3,2,1,1,1,1,1,7,7,5,1,1,1,9,14,3,1,1,NaN,2,NaN,NaN,,NaN,,12,9,NaN,NaN,NaN,NaN,1,4,1,1,1,1,1,1,1,1,1,1,1,1,1,1,1,2,1,2,1,1,705326.078,4291507.958,646.378,Pri,5549,0,0,1,10,1
9761,3,2007460004004,3,5,27,1,7,3,1,CV-590,53.5,53,5,0,1,5,3,1,3,3,2,1,1,1,2,2,5,1,4,1,3,1,9,14,1,1,1,NaN,2,NaN,30,30,NaN,,NaN,,NaN,NaN,NaN,NaN,1,4,1,1,1,1,1,2,1,1,1,1,1,1,1,1,1,1,1,2,1,1,703715.496,4320116.656,202.212,Sec,7323,0,0,0,1,6
9766,3,2007460004009,3,5,27,4,7,3,4,CV-500,4.9,4,9,0,1,2,1,2,3,4,2,2,2,1,2,2,7,7,5,1,1,1,9,14,3,1,3,NaN,2,4,NaN,,NaN,,NaN,,NaN,NaN,NaN,NaN,3,4,2,1,1,1,1,1,1,1,1,1,1,1,1,1,1,1,1,2,1,1,729352.647,4365698.573,-17.191,Pri,17500,0,0,2,13,1
9767,3,2007460004017,3,5,27,2,7,3,1,CV-515,9,9,0,0,1,5,2,2,3,1,2,1,1,1,1,1,7,7,8,7,1,1,9,8,1,1,3,NaN,1,NaN,NaN,,NaN,,NaN,,56,NaN,50,NaN,1,4,2,1,1,1,1,2,2,1,1,2,1,1,1,1,1,1,1,2,1,1,730720.063,4343539.448,-6.927,Cob,7635,0,0,0,6,2
9768,3,2007460004018,3,5,27,6,7,3,1,CV-50,26.1,26,1,0,1,2,3,2,3,4,2,2,2,1,2,2,7,7,8,1,4,1,9,14,3,1,1,NaN,1,NaN,NaN,,NaN,,NaN,,NaN,63,60,NaN,1,4,2,1,1,1,1,1,1,1,1,1,1,1,1,1,1,1,1,2,1,1,718520.939,4339598.43,-5.212,Sec,23875,0,0,0,22,1
9770,3,2007460004019,3,5,28,1,1,4,2,CV-50,28,28,0,1,1,2,3,2,3,4,2,2,2,1,2,2,7,7,8,1,4,1,9,14,2,1,1,NaN,1,NaN,30,29,NaN,,NaN,,NaN,NaN,NaN,NaN,1,4,1,1,1,1,1,1,2,2,1,1,1,2,1,1,1,1,1,2,1,1,699139.538,4365401.586,246.111,Sec,23875,0,0,1,0,1
9773,3,2007460004023,3,5,28,6,1,4,1,CV-550,5.6,5,6,0,1,5,3,2,3,3,2,1,1,1,2,1,7,7,8,1,1,1,9,14,3,1,1,NaN,1,NaN,NaN,,NaN,,NaN,,NaN,62,60,NaN,1,4,2,1,1,1,1,1,1,1,1,1,1,1,1,1,1,1,1,2,1,1,719175.227,4335875.329,-10.633,Cob,12446,0,0,4,20,1
9776,3,2007460004038,3,5,29,5,2,1,3,CV-35,10,10,0,0,1,2,3,2,3,3,2,2,2,2,2,2,4,1,5,1,1,1,9,8,1,1,3,NaN,2,5,NaN,,NaN,,NaN,,NaN,NaN,NaN,NaN,2,4,2,1,1,1,1,1,1,1,1,1,1,1,1,1,1,1,1,2,1,1,716435.035,4381334.63,85.823,Per,76000,0,0,1,16,6
9779,3,2007460004045,3,5,27,4,7,3,2,CV-33,4.5,4,5,1,1,2,3,2,3,4,2,2,2,1,2,1,7,7,8,1,1,1,9,14,3,1,1,NaN,1,NaN,NaN,,NaN,,NaN,,NaN,64,60,NaN,1,4,1,1,1,1,1,1,1,1,1,1,1,1,1,1,1,1,2,2,1,1,718042.058,4369723.427,20.936,Sec,25971,0,0,0,14,1
9781,3,2007460004048,3,5,28,4,1,1,2,CV-36,5,5,0,1,1,2,3,2,3,4,2,2,2,2,2,1,7,7,8,1,1,1,9,13,3,1,1,NaN,1,4,NaN,,NaN,,NaN,,NaN,NaN,NaN,NaN,1,4,1,1,1,1,1,1,1,2,1,1,1,1,1,1,1,1,1,2,1,1,721176.572,4368907.926,5.196,Cob,36792,0,0,0,13,2
9782,3,2007460004066,3,5,28,6,1,1,1,CV-25,4.5,4,5,1,1,5,3,2,4,3,2,1,1,1,1,1,5,1,8,1,1,1,9,8,1,1,3,NaN,1,NaN,NaN,,NaN,,NaN,,68,NaN,60,NaN,1,4,1,1,2,1,1,1,1,1,1,1,1,1,1,1,1,1,1,2,2,1,712902.736,4411718.056,389.755,Sec,9408,0,0,1,18,6
9784,3,2007460004069,3,5,30,6,3,1,2,CV-500,24.1,24,1,0,1,5,2,2,3,3,2,1,2,1,2,2,7,7,8,1,1,1,9,14,3,1,3,NaN,1,1,NaN,,NaN,,NaN,,NaN,NaN,NaN,NaN,1,4,2,1,1,1,1,1,2,1,1,1,1,1,1,1,1,1,1,2,1,1,734256.211,4347358.096,-10.652,Cob,9819,1,0,1,20,1
9785,3,2007460004071,3,5,29,2,2,1,1,CV-40,6.6,6,6,1,1,2,3,2,3,4,2,2,2,2,2,2,7,7,8,1,4,1,9,4,1,1,1,NaN,2,NaN,NaN,,NaN,,NaN,,NaN,64,60,NaN,1,4,1,1,1,2,1,2,1,1,1,1,1,1,1,1,1,1,1,2,1,2,710971.523,4302851.585,317.508,Per,23900,0,0,1,6,2
9789,3,2007460004079,3,5,28,6,1,1,2,CV-36,6.5,6,5,0,1,2,3,2,3,4,2,2,2,2,2,1,7,7,8,1,2,1,9,14,3,1,1,NaN,1,4,NaN,,NaN,,NaN,,NaN,NaN,NaN,NaN,1,4,1,1,1,1,1,1,2,1,1,1,1,1,1,1,1,1,1,2,1,2,711811.046,4368736.805,73.079,Sec,21670,0,0,1,21,2
9791,3,2007460004084,3,5,18,6,5,1,1,CV-36,5.6,5,6,1,1,2,3,2,3,3,2,2,2,2,2,1,7,7,5,1,1,1,9,14,1,1,1,NaN,2,NaN,NaN,,NaN,,NaN,,NaN,64,60,NaN,1,4,2,1,1,1,1,2,1,1,1,1,1,1,1,1,1,1,1,2,1,1,721684.898,4369192.001,7.19,Cob,36792,0,0,0,17,2
9793,3,2007460004101,3,5,30,3,3,1,2,CV-33,0,0,0,0,1,5,3,2,3,4,2,1,2,1,2,1,7,7,8,1,1,1,2,3,1,1,1,NaN,2,4,NaN,,NaN,,NaN,,NaN,NaN,NaN,NaN,1,4,1,1,1,1,1,1,2,1,1,1,1,1,1,1,1,1,1,2,2,2,724144.931,4363213.599,-15.014,Cob,24000,0,0,1,9,1
9797,3,2007460004108,3,5,30,3,3,1,2,CV-50,74,74,0,1,1,5,3,2,3,3,2,1,2,1,2,1,1,1,3,1,1,1,9,14,2,1,1,NaN,1,2,NaN,,NaN,,NaN,,NaN,NaN,NaN,NaN,1,4,1,1,1,1,1,1,1,1,1,1,1,1,1,1,1,1,2,2,1,1,723088.946,4335446.576,2.863,Cob,5512,0,0,0,7,6
9801,3,2007460004111,3,5,30,6,3,1,2,CV-32,0.7,0,7,1,1,3,3,2,3,4,2,2,2,2,2,1,5,1,4,1,1,1,2,14,3,1,1,NaN,1,2,NaN,,NaN,,NaN,,NaN,NaN,NaN,NaN,1,4,1,1,1,1,1,1,1,1,1,1,1,1,1,1,1,1,2,2,1,2,725307.94,4386569.804,40.465,Per,34650,0,0,1,20,6
9803,3,2007460004112,3,5,31,3,4,1,2,CV-686,0,0,0,0,1,5,2,2,3,3,2,1,2,2,2,1,5,1,4,1,1,1,9,14,1,1,1,NaN,2,2,NaN,,NaN,,NaN,,NaN,NaN,NaN,NaN,1,4,1,1,1,1,1,1,2,1,1,1,1,1,1,1,1,1,1,2,1,1,741519.629,4313241.868,31.853,Cob,23000,0,0,1,7,6
9805,3,2007460004132,3,5,27,1,7,3,2,CV-41,18.6,18,6,1,1,5,2,2,3,4,2,1,1,1,1,1,5,2,4,1,4,1,9,14,3,1,3,NaN,2,4,NaN,,NaN,,NaN,,NaN,NaN,NaN,NaN,1,4,2,1,2,1,1,1,1,1,1,1,1,1,1,1,1,1,1,2,1,1,720765.923,4334669.332,-1.827,Cob,9333,0,0,0,2,6
9808,3,2007460004136,3,5,30,3,3,1,3,CV-365,1,1,0,1,1,5,2,2,3,3,2,2,2,2,2,2,1,6,3,1,1,1,9,14,1,1,1,NaN,2,3,NaN,,NaN,,NaN,,NaN,NaN,NaN,NaN,1,4,1,1,1,1,1,1,2,1,1,1,1,1,1,1,1,1,1,2,1,2,719194.337,4376837.755,42.795,Sec,40056,0,0,1,8,6
9809,3,2007460004137,3,5,31,3,4,1,1,CV-500,4.5,4,5,1,1,5,3,2,3,4,2,2,2,1,2,1,7,7,8,1,1,1,9,14,2,1,1,NaN,1,NaN,NaN,,NaN,,NaN,,NaN,54,50,NaN,1,4,2,1,1,1,1,1,1,1,1,1,1,1,1,1,1,1,1,2,1,1,733702.621,4346560.909,-15.267,Pri,17500,0,0,0,8,1
9811,3,2007460004140,3,5,31,3,4,1,2,CV-35,14,14,0,1,1,2,3,2,3,2,2,2,2,1,1,1,7,7,8,1,1,1,9,8,1,1,3,NaN,2,4,NaN,,NaN,,NaN,,NaN,NaN,NaN,NaN,2,4,1,1,1,1,1,1,1,1,1,1,1,1,1,1,1,1,2,2,1,1,662386.877,4419383.786,895.429,Per,76000,0,0,0,8,1
9812,3,2007460004148,3,6,1,5,5,1,1,CV-50,23.6,23,6,1,1,2,3,2,3,4,2,2,2,2,2,2,7,7,8,1,1,1,9,14,3,1,1,NaN,2,NaN,NaN,,NaN,,NaN,,NaN,54,50,NaN,1,4,1,1,1,1,1,1,1,1,1,1,1,1,1,1,1,2,1,2,1,1,699397.909,4369343.325,243.58,Sec,29261,0,0,1,15,2
9813,3,2007460004152,3,6,2,1,6,1,1,CV-50,90,90,0,0,1,5,3,2,3,3,2,1,2,1,2,1,5,1,4,1,5,1,9,14,1,1,1,NaN,2,NaN,NaN,,NaN,,NaN,,NaN,54,50,NaN,1,4,2,1,2,1,1,1,1,1,1,1,1,1,1,1,1,1,1,2,1,1,705294.116,4386139.538,130.163,Cob,10273,0,0,0,1,6
9814,3,2007460004154,3,6,2,5,6,2,1,CV-35,16.3,16,3,0,1,2,3,1,3,2,2,2,2,2,2,2,7,7,8,1,1,1,9,8,1,1,1,NaN,2,NaN,NaN,,NaN,,NaN,,NaN,52,50,NaN,1,4,2,1,2,1,1,1,1,1,1,1,1,1,1,1,1,1,1,2,1,1,711430.45,4385177.411,84.087,Per,43000,0,0,1,16,2
9818,3,2007460004162,3,6,4,2,1,4,1,CV-50,66.7,66,7,1,1,5,3,2,3,3,2,1,1,1,2,2,6,1,8,1,5,1,9,14,3,1,3,NaN,2,NaN,NaN,,NaN,,12,9,NaN,NaN,NaN,NaN,1,4,1,1,1,1,1,1,2,1,1,1,1,1,1,1,1,1,1,2,1,1,718066.343,4339697.835,3.729,Cob,5011,1,0,0,6,6
9822,3,2007460004169,3,6,3,4,7,3,2,CV-35,11.5,11,5,0,1,2,3,2,3,2,2,2,2,1,2,2,7,7,8,1,1,1,9,8,1,1,1,NaN,2,4,NaN,,NaN,,NaN,,NaN,NaN,NaN,NaN,3,4,2,1,1,1,1,1,1,1,1,1,1,1,1,1,1,1,1,2,1,1,715236.341,4382187.139,90.677,Per,76000,0,0,3,11,1
9823,3,2007460004170,3,6,3,3,7,3,1,CV-35,17.5,17,5,0,1,2,3,2,3,3,2,1,2,1,2,2,3,1,8,1,1,1,9,14,3,1,1,NaN,2,NaN,NaN,,NaN,,NaN,,NaN,64,60,NaN,1,4,2,1,1,1,1,1,1,1,1,1,1,1,1,1,1,1,1,2,1,1,711018.896,4386174.461,104.662,Per,43000,0,0,0,7,6
9826,3,2007460004171,3,6,2,6,6,2,2,CV-365,0.8,0,8,0,1,2,3,2,3,4,2,2,2,1,2,2,4,1,8,1,1,1,9,14,1,1,1,NaN,2,4,NaN,,NaN,,NaN,,NaN,NaN,NaN,NaN,1,4,1,1,1,1,1,1,1,1,1,1,1,1,1,1,1,1,2,2,1,1,721038.524,4376713.844,38.879,Cob,51500,0,0,2,19,6
9828,3,2007460004185,3,6,1,6,5,1,2,CV-645,0.1,0,1,1,1,5,3,2,3,3,2,1,2,1,2,1,7,7,4,1,1,1,9,14,1,1,1,NaN,2,4,NaN,,NaN,,NaN,,NaN,NaN,NaN,NaN,1,4,2,1,1,1,1,1,1,1,1,1,1,1,1,1,1,1,1,2,3,1,714800.564,4319497.251,69.603,Cob,15000,0,0,1,19,2
9830,3,2007460004186,3,6,4,4,1,1,2,CV-403,2.6,2,6,0,1,5,3,2,3,3,2,1,2,1,2,2,7,7,7,1,1,1,9,13,3,1,3,NaN,2,2,NaN,,NaN,,NaN,,NaN,NaN,NaN,NaN,1,4,2,1,1,1,1,1,1,1,1,1,1,1,1,1,1,1,1,2,1,1,719581.779,4370699,22.365,Sec,12380,0,0,1,12,1
9831,3,2007460004188,3,6,1,6,5,1,1,CV-35,25.8,25,8,1,1,2,3,2,1,2,2,2,2,2,2,2,1,6,5,1,1,1,9,8,1,1,1,NaN,1,NaN,NaN,,NaN,,NaN,,NaN,64,60,NaN,1,4,2,1,1,1,1,1,1,1,1,1,1,1,1,1,1,1,1,2,2,2,663049.907,4409135.468,854.456,Per,43000,0,0,1,21,6
9833,3,2007460004214,3,6,4,6,1,4,2,CV-36,0.3,0,3,0,1,2,3,2,3,3,2,2,2,1,2,2,7,7,8,1,1,1,9,14,3,1,3,NaN,2,4,NaN,,NaN,,NaN,,NaN,NaN,NaN,NaN,1,4,2,1,1,1,1,1,1,1,1,1,1,1,1,1,1,1,1,2,1,1,717808.219,4369460.162,37.566,Pri,75417,0,0,1,19,1
9835,3,2007460004216,3,6,4,6,1,4,2,CV-36,0.6,0,6,0,1,2,3,2,3,4,2,2,2,2,2,2,7,7,8,1,1,1,9,14,3,1,3,NaN,2,4,NaN,,NaN,,NaN,,NaN,NaN,NaN,NaN,2,4,1,1,1,1,1,1,1,1,1,1,1,1,1,1,1,1,2,2,1,2,717540.938,4369580.331,43.031,Pri,75417,0,0,1,20,1
9840,3,2007460004260,3,6,5,6,2,1,3,CV-35,11,11,0,1,1,2,3,2,3,2,2,2,2,1,2,2,3,1,8,1,5,1,9,8,1,1,1,NaN,2,NaN,NaN,,NaN,,NaN,,NaN,NaN,NaN,71,1,4,2,1,1,1,1,1,1,1,1,1,1,1,1,1,1,1,1,2,1,1,660247.686,4420870.323,907.356,Per,76000,0,0,0,22,6
9843,3,2007460004274,3,6,6,4,3,1,1,CV-31,0.3,0,3,1,1,5,2,1,4,3,2,1,2,2,2,1,7,7,8,1,1,1,9,14,1,1,1,NaN,2,NaN,NaN,,NaN,,NaN,,NaN,54,50,NaN,1,4,2,1,1,1,1,1,1,1,1,1,1,1,1,1,1,1,1,2,1,1,721431.23,4378351.649,41.037,Cob,71940,0,0,1,12,5
9845,3,2007460004276,3,6,6,5,3,1,2,CV-35,42.3,42,3,0,1,5,3,2,3,3,2,1,2,1,2,1,7,7,8,1,1,1,2,14,3,1,1,NaN,1,3,NaN,,NaN,,NaN,,NaN,NaN,NaN,NaN,1,4,1,1,1,1,1,1,1,1,1,1,1,1,1,1,1,1,2,2,1,2,691993.448,4397387.337,411.085,Per,4000,0,0,1,15,1
9846,3,2007460004277,3,6,6,4,3,1,1,CV-500,21,21,0,0,1,5,3,2,3,4,2,1,1,1,1,2,7,7,8,1,1,1,2,14,1,1,1,NaN,2,NaN,NaN,,NaN,,NaN,,66,NaN,60,NaN,1,4,1,1,1,1,1,2,1,1,1,1,1,1,1,1,1,1,1,2,1,1,735549.384,4349585.035,-13.835,Cob,10345,0,0,1,11,5
9848,3,2007460004280,3,6,8,1,5,1,2,CV-35,18,18,0,1,1,2,3,2,3,2,2,2,2,1,2,2,7,7,8,1,5,1,9,8,1,1,3,NaN,2,1,NaN,,NaN,,NaN,,NaN,NaN,NaN,NaN,1,4,2,1,1,1,1,1,2,1,1,1,1,1,1,1,1,1,1,2,1,1,663229.11,4415885.123,840.128,Per,43000,0,2,0,0,1
9849,3,2007460004297,3,6,6,6,3,1,1,CV-500,21.8,21,8,0,1,5,3,2,3,3,2,1,1,1,1,1,7,7,8,1,1,1,9,14,1,1,1,NaN,1,NaN,NaN,,NaN,,NaN,,67,NaN,60,NaN,1,4,2,1,2,1,1,1,1,1,1,1,1,1,1,1,1,1,1,2,2,1,735870.247,4348791.41,-13.786,Cob,9819,0,0,1,17,1
9851,3,2007460004298,3,6,9,1,6,2,2,CV-500,0.5,0,5,1,1,7,1,1,3,3,2,1,2,2,2,2,7,7,5,1,4,1,9,14,1,1,3,NaN,2,4,NaN,,NaN,,NaN,,NaN,NaN,NaN,NaN,1,4,2,1,2,1,1,2,1,1,1,1,1,1,1,1,1,1,1,2,1,1,731901.605,4343419.533,-9.565,Pri,17500,0,0,2,4,4
9852,3,2007460004301,3,6,5,1,2,1,1,CV-35,8.4,8,4,0,1,2,3,2,3,1,2,2,2,2,1,1,7,7,8,1,4,1,9,14,2,1,1,NaN,1,NaN,NaN,,NaN,,NaN,,NaN,63,60,NaN,1,4,2,1,2,1,1,1,1,1,1,1,1,1,1,1,1,1,1,2,1,1,717914.119,4380777.131,92.825,Per,93000,0,0,1,3,1
9853,3,2007460004305,3,6,8,4,5,1,1,CV-60,26,26,0,0,1,5,3,2,3,3,2,1,2,1,1,1,7,7,8,1,1,1,9,14,3,1,1,NaN,1,NaN,NaN,,NaN,,NaN,,NaN,54,50,NaN,1,4,1,1,1,1,1,1,2,1,1,1,1,1,1,1,1,1,1,2,1,1,733975.353,4310441.387,172.479,Cob,15500,0,0,0,12,2
9859,3,2007460004313,3,6,10,3,7,3,2,CV-500,23.5,23,5,0,1,5,3,2,3,4,2,1,1,2,2,1,2,4,8,1,1,1,9,14,1,1,1,NaN,2,2,NaN,,NaN,,NaN,,NaN,NaN,NaN,NaN,1,4,1,1,2,1,1,1,2,1,1,1,1,1,1,1,1,1,1,2,1,1,734669.106,4347776.447,-12.072,Cob,9819,0,1,3,8,7
9861,3,2007460004345,3,6,11,3,1,4,2,CV-42,6.9,6,9,1,1,5,3,2,3,4,2,1,1,1,1,1,7,7,5,1,1,1,9,14,2,1,1,NaN,2,2,NaN,,NaN,,NaN,,NaN,NaN,NaN,NaN,1,4,2,1,1,1,1,1,1,1,1,1,1,1,1,1,1,1,1,2,1,1,723047.29,4348490.771,-8.616,Cob,7258,0,0,2,10,1
9862,3,2007460004355,3,6,12,3,2,1,1,CV-60,21.6,21,6,0,1,5,3,2,3,4,2,1,2,1,1,1,7,7,8,1,1,1,9,14,3,1,1,NaN,1,NaN,NaN,,NaN,,NaN,,66,NaN,60,NaN,1,4,2,1,1,1,1,1,1,1,1,1,1,1,1,1,1,1,1,2,1,1,730249.22,4308719.251,248.002,Cob,9121,0,0,0,9,1
9866,3,2007460004378,3,6,7,5,4,1,2,CV-35,22.1,22,1,0,1,2,2,2,3,3,2,2,2,2,2,2,7,7,8,1,1,1,9,14,3,1,1,NaN,2,4,NaN,,NaN,,NaN,,NaN,NaN,NaN,NaN,1,4,1,1,1,1,1,1,1,1,1,1,1,1,1,1,1,1,2,2,1,1,707709.312,4388987.83,127.135,Per,43000,0,0,0,16,1
9868,3,2007460004382,3,6,8,6,5,1,2,CV-42,6.9,6,9,0,1,5,3,2,3,3,2,1,1,1,2,2,1,2,3,1,2,1,9,14,1,1,1,NaN,2,3,NaN,,NaN,,NaN,,NaN,NaN,NaN,NaN,1,4,1,1,1,1,1,1,2,1,1,1,1,1,1,1,1,1,1,2,1,1,721571.373,4343469.253,-2.595,Cob,7258,0,0,0,20,6
9870,3,2007460004388,3,6,12,3,2,1,2,CV-686,2.8,2,8,0,1,5,2,2,3,3,2,1,1,2,1,1,5,1,4,1,1,1,9,14,1,1,1,NaN,2,3,NaN,,NaN,,NaN,,NaN,NaN,NaN,NaN,1,4,2,1,1,1,1,1,2,1,1,1,1,1,1,1,1,1,1,2,1,1,743244.431,4315324.802,13.458,Cob,23000,0,0,1,8,6
9872,3,2007460004390,3,6,8,4,5,1,2,CV-36,1.5,1,5,1,1,3,2,2,3,3,2,1,1,1,1,1,7,7,8,1,1,1,9,14,2,1,1,NaN,1,4,NaN,,NaN,,NaN,,NaN,NaN,NaN,NaN,1,4,1,1,1,1,1,1,1,1,1,1,1,1,1,1,1,1,2,2,1,1,717944.192,4369319.25,25.347,Pri,75417,0,0,1,14,1
9874,3,2007460004393,3,6,8,6,5,1,2,CV-36,0,0,0,0,1,5,2,2,3,3,2,1,1,1,1,1,7,7,8,1,1,1,9,14,3,1,1,NaN,2,4,NaN,,NaN,,NaN,,NaN,NaN,NaN,NaN,1,4,2,1,1,1,1,1,1,1,1,1,1,1,1,1,1,1,1,2,1,2,718045.518,4369284.225,31.435,Pri,75417,0,0,1,18,1
9876,3,2007460004399,3,6,8,6,5,1,2,CV-35,10,10,0,1,1,2,3,2,3,3,2,2,2,1,2,2,3,1,8,1,1,1,9,8,1,1,1,NaN,2,3,NaN,,NaN,,NaN,,NaN,NaN,NaN,NaN,1,4,1,1,1,1,1,1,1,1,1,1,1,1,1,1,1,1,2,2,1,1,659370,4421291.33,927.739,Per,76000,0,0,0,18,6
9879,3,2007460004406,3,6,10,4,7,3,3,CV-35,17.8,17,8,0,1,2,3,2,3,2,2,2,2,1,2,2,7,7,8,1,1,1,9,8,3,1,3,NaN,2,5,NaN,,NaN,,NaN,,NaN,NaN,NaN,NaN,2,4,2,1,1,1,1,2,1,1,1,1,1,1,1,1,1,1,1,2,1,2,710974.066,4386467.164,111.745,Per,43000,0,0,2,11,1
9880,3,2007460004411,3,6,14,2,4,1,1,CV-660,4,4,0,1,1,5,3,2,3,1,2,1,1,1,1,1,7,7,8,1,5,1,9,14,3,1,1,NaN,2,NaN,30,32,NaN,,NaN,,NaN,NaN,NaN,NaN,1,4,1,1,1,1,1,1,1,1,1,1,1,1,1,1,1,2,1,2,1,1,704795.14,4299620.097,389.625,Cob,750,0,0,0,5,1