Id,Ano,Numero_Accidente,Provincia,Mes,Dia,Hora,Dia_Semana,Tipo_Dia,Vehiculos_Implicados,Carretera,Pk,Km,Hm,Sentido,Zona,Tipo_Via,Anchura_Calzada,Anchura_Carril,Marcas_Viales,Arcen,Arcen_Pavimentado,Mediana,Barrera_Seguridad,Paneles_Direccionales,Hitos_Arista,Captafaros,Interseccion_Tipo,Interseccion_Acondicionamiento,Prioridad_Regulada_por,Superficie,Luminosidad,Factores_Atmosfericos,Visibilidad_Restringida_por,Otras_Circunstancias,Senalizacion_Peligro,Aceras,Arboles,Arboles_Metros_Calzada,Visibilidad_Senalizacion_Vertical,Colision_Vehiculos_Marcha,Colision_Vehiculo_Obstaculo_1,Colision_Vehiculo_Obstaculo_2,Atropello_1,Atropello_2,Vuelco_1,Vuelco_2,Salida_Sin_Colision,Salida_Con_Colision,Lado_Salida,Otro,Circulacion,Circulacion_Medidas_Especiales,Distraccion,Inexperiencia_Conductor,Alcohol_Drogas,Cansancio_Sueno,Enfermedad,Velocidad_Inadecuada,Infraccion_Norma_Circulacion,Estado_Condicion_Via,Estado_Condicion_Senalizacion,Tramo_Obras,Mal_Estado_Vehiculo,Averia_Mecanica,Meteorologia_Adversa,Irrupcion_Animal,Circular_Sentido_Contrario,Otro_Factor,Sin_Opinion_Definida,Pendiente,Curvatura,Peralte,GPS_x,GPS_y,GPS_z,Tipo_Est,IMD,N_Muertos,N_Graves,N_Leves,Hora_Real,Fuera_o_Interseccion
9881,3,2007460004413,3,6,13,2,3,1,1,CV-35,58.2,58,2,0,1,5,3,2,3,3,2,1,2,2,2,1,7,7,8,1,3,1,9,14,1,1,1,NaN,2,NaN,NaN,,NaN,,NaN,,NaN,NaN,NaN,71,1,4,1,1,1,1,1,1,1,1,1,1,1,1,1,1,1,1,2,2,1,2,677063.113,4397457.111,327.361,Sec,2211,0,0,0,6,5
9882,3,2007460004414,3,6,13,6,3,1,1,CV-35,12,12,0,0,1,2,3,2,3,4,2,2,2,1,2,1,7,7,8,1,4,1,9,8,1,1,1,NaN,2,NaN,NaN,,21,24,NaN,,NaN,NaN,NaN,NaN,1,4,1,1,1,1,1,1,1,1,1,1,1,1,1,1,1,1,2,2,1,1,714879.194,4382530.859,92.225,Per,76000,0,0,0,21,1
9884,3,2007460004433,3,6,15,6,5,1,2,CV-41,9.6,9,6,0,1,5,3,1,3,3,2,1,1,1,2,2,7,7,8,1,1,1,9,14,3,1,1,NaN,1,3,NaN,,NaN,,NaN,,NaN,NaN,NaN,NaN,1,4,1,1,1,1,1,1,2,1,1,1,1,1,1,1,1,1,1,2,1,1,717755.785,4328543.96,16.409,Sec,6776,0,0,0,17,1
9886,3,2007460004434,3,6,15,6,5,1,2,CV-60,11.6,11,6,0,1,5,3,2,3,3,2,1,1,1,2,1,7,7,8,1,5,1,9,14,3,1,1,NaN,1,3,NaN,,NaN,,NaN,,NaN,NaN,NaN,NaN,1,4,1,1,1,1,1,1,1,1,1,1,1,1,1,1,1,1,2,2,1,1,721262.93,4307729.013,187.945,Cob,10358,0,0,0,22,1
9887,3,2007460004435,3,6,16,1,6,2,1,CV-50,15.4,15,4,0,1,5,3,2,3,3,2,1,1,1,1,1,7,7,8,1,5,1,9,14,3,1,1,NaN,1,NaN,NaN,,NaN,,NaN,,NaN,52,50,NaN,1,4,2,1,1,1,1,1,1,1,1,1,1,1,1,1,1,1,1,2,1,1,725529.745,4332590.798,24.331,Cob,13183,0,0,0,3,1
9888,3,2007460004442,3,6,17,1,7,3,1,CV-567,1.5,1,5,0,1,5,1,3,4,1,2,1,1,1,1,1,7,7,8,1,4,1,9,14,3,1,1,NaN,2,NaN,NaN,,NaN,,NaN,,NaN,54,50,NaN,1,4,2,1,2,1,1,1,1,1,1,1,1,1,1,1,1,1,1,2,1,1,711173.774,4317916.92,102.547,Cob,1380,0,0,0,3,1
9889,3,2007460004449,3,6,16,6,6,2,1,CV-40,6.5,6,5,1,1,2,3,2,3,4,2,2,2,2,2,2,7,7,8,1,1,1,9,14,3,1,3,NaN,2,NaN,NaN,,NaN,,NaN,,NaN,64,60,NaN,1,4,2,1,2,1,1,1,1,1,1,1,1,1,1,1,1,1,1,2,1,2,710994.052,4302754.918,318.296,Per,23900,0,0,1,20,5
9890,3,2007460004457,3,6,15,6,5,1,1,CV-35,8.8,8,8,1,1,2,2,3,3,1,2,2,2,2,1,1,7,7,5,1,1,1,9,8,1,1,3,NaN,2,NaN,NaN,,NaN,,NaN,,NaN,62,60,NaN,1,4,2,1,1,1,1,1,1,1,1,1,1,1,1,1,1,1,1,2,1,1,658339.434,4421872.019,968.336,Per,76000,0,0,1,18,1
9892,3,2007460004462,3,6,12,3,2,1,2,CV-403,0,0,0,1,1,5,2,3,2,3,2,1,2,2,2,2,5,1,4,1,1,1,9,14,3,1,1,NaN,1,2,NaN,,NaN,,NaN,,NaN,NaN,NaN,NaN,1,4,1,1,1,1,1,1,2,1,1,1,1,1,1,1,1,1,1,2,1,1,719126.098,4369170.972,24.09,Cob,17537,0,0,0,7,6
9894,3,2007460004463,3,6,14,3,4,1,2,CV-35,5,5,0,0,1,2,3,2,3,4,2,2,2,1,2,2,7,7,8,1,1,1,9,14,3,1,3,NaN,2,4,NaN,,NaN,,NaN,,NaN,NaN,NaN,NaN,1,4,2,1,1,1,1,1,1,1,1,1,1,1,1,1,1,1,1,2,1,1,720203.659,4378367.102,52.835,Per,125000,0,0,1,9,1
9897,3,2007460004467,3,6,14,5,4,1,2,CV-35,3.5,3,5,0,1,2,3,2,3,4,2,2,2,1,2,2,7,7,8,1,1,1,9,14,3,1,3,NaN,2,3,NaN,,NaN,,NaN,,NaN,NaN,NaN,NaN,1,4,1,1,1,1,1,1,1,1,1,1,1,1,1,1,1,2,1,2,1,1,721004.664,4377121.261,41.494,Per,125000,0,0,3,15,2
9899,3,2007460004474,3,6,14,3,4,1,2,CV-50,10.6,10,6,0,1,2,2,2,3,2,2,1,1,1,1,1,1,1,3,1,1,1,9,14,2,1,1,NaN,1,3,NaN,,NaN,,NaN,,NaN,NaN,NaN,NaN,1,4,2,1,1,1,1,1,2,1,1,1,1,1,1,1,1,1,1,2,1,1,729563.711,4330081.302,72.824,Cob,13183,0,0,1,9,6
9903,3,2007460004476,3,6,6,4,3,1,3,CV-42,18.1,18,1,1,1,5,3,2,3,4,2,1,1,1,2,2,7,7,8,1,1,1,9,14,3,1,3,NaN,2,NaN,30,32,NaN,,NaN,,NaN,NaN,NaN,NaN,1,4,1,1,1,1,1,1,2,1,1,1,1,1,1,1,1,1,1,2,1,1,720905.704,4339399.935,-8.175,Cob,16775,0,0,0,11,1
9904,3,2007460004482,3,6,18,4,1,1,1,CV-35,17.1,17,1,0,1,2,3,2,3,3,2,2,2,2,2,2,7,7,8,1,1,1,9,8,3,1,1,NaN,1,NaN,NaN,,NaN,,NaN,,NaN,64,60,NaN,1,4,1,1,2,1,1,1,1,1,1,1,1,1,1,1,1,1,1,2,1,1,711109.235,4385782.622,93.283,Per,43000,0,0,0,14,1
9907,3,2007460004490,3,6,14,6,4,1,3,CV-500,26.6,26,6,0,1,5,3,2,3,4,2,1,1,1,2,2,2,1,8,1,1,1,9,14,1,1,1,NaN,2,5,NaN,,NaN,,NaN,,NaN,NaN,NaN,NaN,1,4,2,1,1,1,1,1,1,1,1,1,1,1,1,1,1,1,1,2,1,2,733005.085,4345230.704,-9.201,Cob,9819,0,0,1,18,6
9909,3,2007460004500,3,6,15,4,5,1,2,CV-400,2.3,2,3,1,1,5,3,2,3,3,2,2,2,2,2,2,7,7,8,1,1,1,9,14,3,1,1,NaN,1,4,NaN,,NaN,,NaN,,NaN,NaN,NaN,NaN,1,4,2,1,1,1,1,1,1,1,1,1,1,1,1,1,1,1,1,2,1,1,723217.639,4365830.163,-3.034,Cob,31241,0,0,2,14,1
9910,3,2007460004506,3,6,20,6,3,1,1,CV-35,7,7,0,1,1,2,3,2,3,3,2,2,2,1,2,2,7,7,8,1,1,1,9,14,3,1,1,NaN,2,NaN,NaN,,NaN,,12,9,NaN,NaN,NaN,NaN,1,4,1,1,1,1,1,1,1,1,1,1,1,2,1,1,1,1,1,2,1,1,657126.218,4422248.139,985.408,Per,93000,0,1,0,18,1
9912,3,2007460004538,3,6,21,1,4,1,1,CV-50,11,11,0,1,1,5,3,2,3,3,2,1,1,1,1,1,7,7,8,1,4,1,9,14,3,1,1,NaN,1,NaN,NaN,,21,24,NaN,,NaN,NaN,NaN,NaN,1,4,1,1,1,1,1,1,1,1,1,1,1,1,1,2,1,1,1,2,1,2,702556.795,4379485.147,135.757,Cob,13183,0,0,0,23,1
9913,3,2007460004539,3,6,21,6,4,1,1,CV-440,1.2,1,2,1,1,5,2,3,3,3,2,1,1,1,2,1,7,7,8,1,1,1,9,14,3,1,3,NaN,2,NaN,NaN,,NaN,,NaN,,NaN,63,60,NaN,1,4,1,1,2,1,1,1,1,1,1,1,1,1,1,1,1,1,1,2,1,1,653523.816,4332015.18,792.345,Cob,747,0,0,0,18,1
9916,3,2007460004540,3,6,8,2,5,1,3,CV-35,10,10,0,1,1,2,3,2,3,3,2,2,2,1,1,1,4,1,8,1,1,1,9,14,1,1,3,NaN,2,4,NaN,,NaN,,NaN,,NaN,NaN,NaN,NaN,2,4,1,1,1,1,1,1,2,1,1,1,1,1,1,1,1,1,1,2,1,1,659370,4421291.33,927.739,Per,76000,0,1,0,6,6
9917,3,2007460004545,3,6,24,1,7,3,1,CV-50,0.5,0,5,0,1,5,3,2,3,3,2,1,1,1,2,2,7,7,8,1,4,1,9,14,3,1,3,NaN,1,NaN,NaN,,NaN,,NaN,,NaN,62,60,NaN,1,4,2,1,1,2,1,1,1,1,1,1,1,1,1,1,1,1,1,2,1,1,738213.24,4329210.298,-15.443,Cob,24553,0,0,2,1,1
9918,3,2007460004548,3,6,24,1,7,3,1,CV-50,46.7,46,7,1,1,5,2,2,3,3,2,1,1,2,1,1,7,7,8,1,5,1,9,14,2,1,1,NaN,1,NaN,NaN,,NaN,,NaN,,NaN,52,50,NaN,1,4,1,1,2,2,1,1,1,1,1,1,1,1,1,1,1,1,1,2,1,1,708516.711,4355278.543,94.628,Pri,2899,0,0,1,3,2
9920,3,2007460004605,3,6,18,5,1,4,1,CV-365,0.5,0,5,0,1,2,3,2,3,4,2,1,2,1,1,1,7,7,8,1,1,1,9,14,2,1,1,NaN,1,NaN,NaN,,NaN,,NaN,,NaN,54,50,NaN,1,4,2,1,1,1,1,1,1,1,1,1,1,1,1,1,1,1,1,2,1,2,721306.014,4376837.785,32.757,Cob,51500,0,0,1,15,3
9924,3,2007460004610,3,6,26,3,2,1,4,CV-686,1.8,1,8,0,1,5,3,2,3,3,2,1,2,1,2,2,7,7,8,3,1,4,9,14,3,1,1,NaN,1,5,NaN,,NaN,,NaN,,NaN,NaN,NaN,NaN,1,4,2,1,1,1,1,1,2,1,1,1,1,1,1,1,1,1,1,2,1,1,742755.281,4314463.846,19.502,Cob,23000,0,0,2,7,1
9928,3,2007460004620,3,6,20,4,3,1,3,CV-35,10,10,0,0,1,2,3,2,3,2,2,2,2,1,2,2,4,1,8,1,1,1,9,8,2,1,1,NaN,2,5,NaN,,NaN,,NaN,,NaN,NaN,NaN,NaN,3,4,2,1,1,1,1,1,1,1,1,1,1,1,1,1,1,1,1,2,1,1,716435.035,4381334.63,85.823,Per,76000,0,0,3,14,6
9929,3,2007460004640,3,6,25,6,1,4,1,CV-60,25,25,0,0,1,2,3,2,3,4,2,2,2,1,2,2,7,7,8,1,1,1,9,14,3,1,3,NaN,1,NaN,NaN,,NaN,,NaN,,NaN,54,50,NaN,1,4,2,1,1,1,1,1,1,1,1,1,1,1,1,1,1,1,1,2,1,1,733199.954,4309857.59,174,Cob,15500,0,0,1,19,1
9932,3,2007460004642,3,6,22,5,5,1,3,CV-31,0.8,0,8,0,1,2,3,2,3,4,2,2,2,1,2,2,3,1,8,1,1,1,2,14,1,1,1,NaN,2,NaN,NaN,,NaN,,NaN,,NaN,NaN,NaN,71,1,4,2,1,1,1,1,1,2,1,1,1,1,1,1,1,1,1,1,2,1,1,721325.119,4375175.823,9.416,Cob,71940,0,1,1,15,6
9935,3,2007460004663,3,6,28,5,4,1,3,CV-50,9,9,0,0,1,5,3,2,3,3,2,1,1,1,2,2,7,7,8,1,1,1,9,14,2,1,1,NaN,1,4,NaN,,NaN,,NaN,,NaN,NaN,NaN,NaN,1,4,2,1,1,1,1,1,1,1,1,1,1,1,1,1,1,1,1,2,1,1,730767.772,4329210.152,72.233,Cob,13183,0,2,0,15,1
9936,3,2007460004670,3,6,21,6,4,1,1,CV-35,14,14,0,1,1,2,3,2,3,4,2,2,2,1,1,1,7,7,8,1,4,1,9,8,2,1,3,NaN,2,NaN,NaN,,NaN,,NaN,,NaN,64,60,NaN,1,4,2,1,1,1,1,1,1,1,1,1,1,1,1,1,1,1,1,2,1,1,662386.877,4419383.786,895.429,Per,76000,0,0,1,22,1
9937,3,2007460004672,3,6,23,4,6,2,1,CV-35,3.7,3,7,0,1,2,3,2,3,4,2,2,2,1,2,1,7,7,8,1,1,1,9,13,3,1,1,NaN,1,NaN,30,32,NaN,,NaN,,NaN,NaN,NaN,NaN,1,4,1,1,1,1,1,1,1,2,1,1,1,1,1,1,1,1,1,2,1,1,720927.873,4377303.917,46.388,Per,125000,0,0,0,14,1
9943,3,2007460004703,3,6,13,6,3,1,2,CV-365,1.1,1,1,0,1,5,3,2,3,3,2,2,2,1,2,2,3,1,8,1,3,1,9,14,1,1,3,NaN,2,NaN,NaN,,NaN,,12,9,NaN,NaN,NaN,NaN,1,4,1,1,1,1,1,1,2,1,1,1,1,1,1,1,1,1,1,2,1,1,720776.849,4376570.466,39.291,Sec,40056,0,1,0,22,6
9947,3,2007460004713,3,6,30,4,6,2,3,CV-35,11.9,11,9,0,1,2,3,2,3,3,2,2,2,1,1,2,7,7,8,1,1,1,9,8,1,1,1,NaN,2,5,NaN,,NaN,,NaN,,NaN,NaN,NaN,NaN,1,4,1,1,1,1,1,1,2,1,1,1,1,1,1,1,1,1,1,2,1,1,714952.288,4382463.796,91.883,Per,76000,0,0,1,14,1
9954,3,2007460004718,3,6,22,4,5,1,5,CV-35,11.5,11,5,1,1,2,3,2,3,2,2,2,2,2,2,2,7,7,8,1,1,1,9,14,1,1,1,NaN,2,5,NaN,,NaN,,NaN,,NaN,NaN,NaN,NaN,1,4,1,1,1,1,1,1,2,1,1,1,1,1,1,1,1,1,1,2,1,2,660727.898,4420761.226,907.118,Per,76000,0,0,2,14,1
9956,3,2007460004739,3,6,25,4,1,4,2,CV-35,9.5,9,5,1,1,2,3,2,3,3,2,2,2,1,2,2,4,1,8,1,1,1,9,14,1,1,1,NaN,1,NaN,NaN,,NaN,,NaN,,67,NaN,60,NaN,1,4,2,1,1,1,1,1,1,1,1,1,1,1,1,1,1,1,1,2,1,1,658933.246,4421525.484,942.048,Per,76000,0,0,1,11,6
9958,3,2007460004742,3,7,2,6,1,4,1,CV-41,14.9,14,9,1,1,5,3,2,3,3,2,1,1,1,2,1,7,7,8,1,1,1,9,14,3,1,1,NaN,1,NaN,NaN,,21,24,NaN,,NaN,NaN,NaN,NaN,1,4,1,1,1,1,1,1,1,1,1,1,1,1,1,2,1,1,1,2,1,1,719090.717,4331619.548,-1,Cob,9333,0,0,0,18,2
9960,3,2007460004754,3,6,13,3,3,1,2,CV-32,3.2,3,2,1,1,3,3,2,3,4,2,2,2,1,1,1,5,1,4,1,1,1,9,14,1,1,1,NaN,1,3,NaN,,NaN,,NaN,,NaN,NaN,NaN,NaN,1,4,2,1,1,1,1,1,1,1,1,1,1,1,1,1,1,1,1,2,1,1,727279.076,4385366.127,15.665,Cob,17286,0,0,0,10,6
9961,3,2007460004756,3,6,27,2,3,1,1,CV-365,0.2,0,2,0,1,5,3,2,3,4,2,2,2,1,2,2,7,7,8,3,2,4,9,14,3,1,1,NaN,1,NaN,NaN,,NaN,,NaN,,NaN,64,60,NaN,1,4,1,1,1,1,1,1,1,1,1,1,1,1,1,1,1,2,1,2,1,1,721501.627,4376617.573,36.809,Cob,51500,0,0,1,5,2
9964,3,2007460004770,3,6,29,6,5,1,2,CV-500,8.6,8,6,1,1,5,3,2,3,4,2,1,1,1,2,1,7,7,8,1,1,1,9,14,3,1,1,NaN,2,4,NaN,,NaN,,NaN,,NaN,NaN,NaN,NaN,2,4,2,1,1,1,1,1,1,1,1,1,1,1,1,1,1,1,1,2,1,1,735538.207,4349661.372,-16.868,Cob,17500,0,0,1,20,1
9966,3,2007460004774,3,7,3,6,2,1,2,CV-40,24.3,24,3,1,1,2,3,2,3,4,2,2,2,1,2,2,7,7,8,1,1,1,9,14,3,1,1,NaN,1,4,NaN,,NaN,,NaN,,NaN,NaN,NaN,NaN,1,4,2,1,1,1,1,1,1,1,1,1,1,1,1,1,1,1,1,2,1,2,709357.187,4318396.542,137.096,Cob,19200,0,0,0,19,2
9968,3,2007460004775,3,6,30,3,6,2,2,CV-41,11.3,11,3,1,1,5,3,2,3,3,2,1,2,1,2,2,1,4,3,1,1,1,9,14,1,1,1,NaN,2,NaN,NaN,,NaN,,NaN,,NaN,NaN,NaN,71,1,4,1,1,1,1,1,1,2,1,1,1,1,1,1,1,1,1,1,2,1,1,717660.736,4328720.845,13.142,Sec,6776,0,0,1,8,6
9969,3,2007460004781,3,6,30,4,6,2,1,CV-36,3.2,3,2,1,1,3,3,2,3,3,2,2,2,1,2,2,7,7,8,1,1,1,9,13,3,1,3,NaN,2,NaN,NaN,,NaN,,NaN,,NaN,NaN,NaN,71,1,4,1,1,1,1,1,1,1,1,1,1,1,1,1,1,1,1,2,2,1,1,719548.615,4369094.351,19.056,Pri,75417,0,0,0,13,2
9975,3,2007460004783,3,6,29,4,5,1,2,CV-31,2.1,2,1,0,1,2,3,2,3,3,2,2,2,1,2,2,3,1,3,1,1,1,9,14,3,1,1,NaN,1,4,NaN,,NaN,,NaN,,NaN,NaN,NaN,NaN,1,4,2,1,1,1,1,1,1,1,1,1,1,1,1,1,1,1,1,2,1,1,720851.794,4376360.652,21.231,Cob,63370,0,0,2,12,6
9976,3,2007460004784,3,6,30,4,6,2,1,CV-245,12.5,12,5,0,1,5,3,2,3,1,2,1,1,1,1,1,7,7,8,1,1,1,9,14,1,1,3,NaN,2,NaN,NaN,,NaN,,NaN,,68,NaN,60,NaN,1,4,1,2,1,1,1,1,1,1,1,1,1,1,1,1,1,1,1,2,2,1,697093.742,4405085.03,720.45,Cob,702,0,0,1,11,5
9977,3,2007460004787,3,6,29,3,5,1,1,CV-50,67,67,0,0,1,5,3,2,3,4,2,1,1,1,2,2,7,7,8,1,1,1,9,14,3,1,1,NaN,1,NaN,NaN,,NaN,,NaN,,57,NaN,50,NaN,1,4,1,1,1,1,1,1,1,1,1,1,1,1,1,1,1,1,2,2,1,1,699899.281,4366737.616,237.911,Sec,6288,0,0,1,10,1
9978,3,2007460004800,3,7,1,3,7,3,1,CV-41,9,9,0,0,1,5,1,3,1,1,2,1,1,1,1,1,7,7,8,1,1,1,9,7,2,1,1,NaN,1,NaN,NaN,,NaN,,NaN,,NaN,61,60,NaN,1,4,1,2,1,1,1,1,2,1,1,1,1,1,1,1,1,1,1,2,2,1,717472.984,4329065.371,14.663,Sec,6776,0,0,2,7,1
9979,3,2007460004822,3,4,9,6,1,1,1,CV-500,8.5,8,5,0,1,5,3,2,3,1,2,1,1,1,1,1,7,7,5,1,3,1,9,14,2,1,1,NaN,1,NaN,NaN,,NaN,,NaN,,67,NaN,60,NaN,1,4,2,1,1,1,1,2,1,1,1,1,1,1,1,1,1,1,1,2,1,1,729970.889,4362075.502,-19.116,Cob,17500,0,1,0,20,1
9981,3,2007460004836,3,7,2,6,1,4,2,CV-35,11.5,11,5,1,1,2,3,3,3,4,2,2,2,2,1,2,7,7,8,1,1,1,9,14,3,1,1,NaN,2,4,NaN,,NaN,,NaN,,NaN,NaN,NaN,NaN,2,4,1,1,1,1,1,1,1,1,1,1,1,1,1,1,1,2,1,2,1,2,660727.898,4420761.226,907.118,Per,76000,0,0,0,19,1
9982,3,2007460004842,3,7,5,4,4,1,1,CV-60,21.1,21,1,0,1,5,3,1,3,3,2,1,1,1,1,1,7,7,8,1,1,1,9,14,3,1,1,NaN,1,NaN,NaN,,NaN,,NaN,,56,NaN,50,NaN,2,4,2,1,1,1,1,1,1,1,1,1,1,1,1,1,1,1,1,2,1,1,729715.677,4308470.594,259.052,Cob,9121,0,0,0,14,1
9983,3,2007460004843,3,7,6,6,5,1,1,CV-33,2.1,2,1,0,1,2,3,2,3,4,2,2,2,2,2,2,7,7,8,1,4,1,9,14,3,1,1,NaN,1,NaN,NaN,,NaN,,NaN,,NaN,52,50,NaN,1,4,1,1,1,1,1,2,1,1,1,1,1,1,1,1,1,1,1,2,1,2,718815.74,4369386.921,27.326,Cob,22492,0,2,0,22,2
9987,3,2007460004846,3,7,6,4,5,1,2,CV-50,26,26,0,1,1,2,3,2,3,4,2,2,2,1,2,2,7,7,8,1,1,1,9,14,3,1,1,NaN,1,3,NaN,,NaN,,NaN,,NaN,NaN,NaN,NaN,1,4,2,1,1,1,2,1,1,1,1,1,1,1,1,1,1,1,1,2,1,1,699991.434,4367156.318,249.643,Sec,23875,0,0,0,11,1
9988,3,2007460004850,3,7,7,4,6,2,1,CV-41,5.3,5,3,0,1,5,3,2,3,3,2,1,2,2,2,1,7,7,7,1,1,1,9,14,3,1,1,NaN,1,NaN,30,32,NaN,,NaN,,NaN,NaN,NaN,NaN,1,4,1,1,1,1,1,1,1,2,1,1,1,1,1,1,1,1,1,2,1,1,719160.574,4332105.827,4.311,Pri,11091,0,1,0,12,1
9990,3,2007460004857,3,7,8,3,7,3,2,CV-60,34.2,34,2,0,1,2,3,2,3,4,2,2,2,1,2,2,4,1,8,1,1,1,9,14,1,1,3,NaN,2,3,NaN,,NaN,,NaN,,NaN,NaN,NaN,NaN,1,4,1,1,1,1,1,1,2,1,1,1,1,1,1,1,1,1,1,2,1,2,740747.769,4313881.275,40.44,Pri,17425,0,0,1,8,6
9994,3,2007460004866,3,7,8,3,7,3,2,CV-50,26,26,0,0,1,2,3,1,3,4,2,2,2,1,1,1,7,7,5,1,1,1,9,14,3,1,1,NaN,1,3,NaN,,NaN,,NaN,,NaN,NaN,NaN,NaN,1,4,1,1,1,1,1,1,1,1,1,1,1,1,1,1,1,1,2,2,1,1,718610.102,4339554.242,-5.358,Sec,23875,0,0,0,8,1
9996,3,2007460004881,3,7,8,6,7,3,1,CV-610,10.5,10,5,0,1,5,3,2,3,3,2,1,1,2,1,1,7,7,8,1,1,1,9,14,1,1,2,3,2,NaN,NaN,,NaN,,NaN,,NaN,51,50,NaN,1,4,1,1,1,1,1,2,1,1,1,1,1,1,1,1,1,1,1,2,1,1,723062.874,4316070.605,186.199,Cob,6586,0,0,3,17,5
9998,3,2007460004883,3,7,4,3,3,1,2,CV-500,18.8,18,8,1,2,5,3,2,3,3,2,1,1,1,1,1,1,5,3,1,1,1,9,14,1,1,1,NaN,1,2,NaN,,NaN,,NaN,,NaN,NaN,NaN,NaN,1,4,1,1,1,1,1,1,1,1,1,1,1,1,1,1,1,1,2,2,1,1,731079.88,4358363.046,-23.529,Cob,10345,0,0,1,8,6
9999,3,2007460004892,3,7,4,5,3,1,1,CV-35,12,12,0,1,1,2,3,2,3,3,2,2,2,2,2,2,7,7,8,1,1,1,9,14,3,1,1,NaN,1,NaN,30,32,NaN,,NaN,,NaN,NaN,NaN,NaN,1,4,1,1,1,1,1,1,1,1,1,1,1,1,1,1,1,1,2,2,1,1,661202.653,4420688.86,896.801,Per,76000,0,0,0,15,1
10003,3,2007460004894,3,7,4,1,3,1,2,CV-365,0.7,0,7,1,1,5,3,2,2,4,2,1,1,1,1,1,4,6,7,1,3,1,9,14,1,1,1,NaN,1,4,NaN,,NaN,,NaN,,NaN,NaN,NaN,NaN,1,4,2,1,1,1,1,1,1,1,1,1,1,1,1,1,1,1,1,2,1,1,718920.023,4376734.051,35.195,Cob,51500,0,1,3,23,6
10008,3,2007460004916,3,7,4,3,3,1,3,CV-35,3.5,3,5,1,1,2,3,2,2,4,2,1,1,1,1,1,7,7,5,1,1,1,9,14,3,1,3,NaN,1,4,NaN,,NaN,,NaN,,NaN,NaN,NaN,NaN,1,4,1,1,1,1,1,1,1,1,1,1,1,1,1,1,1,1,2,2,2,1,654507.777,4422863.684,906.357,Per,125000,0,0,2,10,1
10009,3,2007460004940,3,7,5,4,4,1,1,CV-35,14,14,0,1,1,2,3,2,3,1,2,2,2,2,1,1,7,7,8,1,1,1,9,8,1,1,1,NaN,2,NaN,NaN,,NaN,,NaN,,NaN,64,60,NaN,1,4,2,1,1,1,1,1,1,1,1,1,1,1,1,1,1,1,1,2,1,1,662386.877,4419383.786,895.429,Per,76000,0,0,0,14,2
10010,3,2007460004947,3,7,8,6,7,3,1,CV-35,12,12,0,0,1,2,3,2,3,1,2,2,2,1,2,1,7,7,8,1,1,1,9,8,1,1,1,NaN,2,NaN,30,32,NaN,,NaN,,NaN,NaN,NaN,NaN,1,4,1,1,1,1,1,1,1,2,1,1,1,1,1,1,1,2,1,2,1,1,714879.194,4382530.859,92.225,Per,76000,0,0,0,19,1
10011,3,2007460004955,3,7,14,2,6,2,1,CV-41,16.8,16,8,1,1,5,3,2,3,4,2,1,1,1,1,1,7,7,5,1,1,1,9,14,1,1,1,NaN,2,NaN,NaN,,NaN,,NaN,,66,NaN,60,NaN,1,4,2,1,1,1,1,2,1,1,1,1,1,1,1,1,1,1,1,2,1,1,719800.797,4333432.34,-0.258,Cob,9333,0,1,0,6,4
10015,3,2007460004969,3,7,14,6,6,2,2,CV-500,28,28,0,0,1,5,2,2,3,3,2,1,1,1,1,2,5,1,8,1,1,1,9,14,3,1,1,NaN,2,4,NaN,,NaN,,NaN,,NaN,NaN,NaN,NaN,1,4,2,1,1,1,1,1,1,1,1,1,1,1,1,1,1,1,1,2,2,2,732478.617,4343996.829,-8.806,Cob,9819,0,0,1,19,6
10018,3,2007460004970,3,7,7,6,6,2,2,CV-35,28.3,28,3,0,1,2,2,2,3,4,2,1,2,2,2,2,1,1,7,1,1,1,9,14,3,1,1,NaN,1,2,NaN,,NaN,,NaN,,NaN,NaN,NaN,NaN,1,4,1,1,1,1,1,1,1,1,1,1,1,1,1,1,1,1,2,2,1,1,703728.795,4391114.621,151.585,Per,11000,0,0,0,19,6
10020,3,2007460004974,3,7,7,5,6,2,2,CV-35,55.5,55,5,0,1,2,2,2,3,4,2,1,2,1,2,2,7,7,8,1,1,1,9,14,1,1,1,NaN,1,2,NaN,,NaN,,NaN,,NaN,NaN,NaN,NaN,1,4,1,1,1,1,1,1,1,1,1,1,1,1,1,1,1,1,2,2,1,2,679355.431,4396705.253,370.248,Sec,2211,0,0,2,16,2
10024,3,2007460004980,3,7,4,4,3,1,2,CV-35,9.3,9,3,0,1,2,2,2,3,3,2,1,2,1,2,2,1,1,4,1,1,1,9,14,3,1,1,NaN,1,4,NaN,,NaN,,NaN,,NaN,NaN,NaN,NaN,1,4,1,1,1,1,1,1,1,1,1,1,1,1,1,1,1,1,2,2,1,1,717094.747,4381118.894,93.036,Per,76000,0,0,1,13,6
10028,3,2007460004981,3,7,8,6,7,3,2,CV-35,17,17,0,1,1,2,3,2,3,3,2,2,2,2,2,2,7,7,8,1,1,1,9,14,3,1,1,NaN,1,4,NaN,,NaN,,NaN,,NaN,NaN,NaN,NaN,1,4,2,1,1,1,1,1,1,1,1,1,1,1,1,1,1,1,1,2,1,1,662757.921,4416523.85,866.802,Per,43000,0,0,4,19,1