Id,Ano,Numero_Accidente,Provincia,Mes,Dia,Hora,Dia_Semana,Tipo_Dia,Vehiculos_Implicados,Carretera,Pk,Km,Hm,Sentido,Zona,Tipo_Via,Anchura_Calzada,Anchura_Carril,Marcas_Viales,Arcen,Arcen_Pavimentado,Mediana,Barrera_Seguridad,Paneles_Direccionales,Hitos_Arista,Captafaros,Interseccion_Tipo,Interseccion_Acondicionamiento,Prioridad_Regulada_por,Superficie,Luminosidad,Factores_Atmosfericos,Visibilidad_Restringida_por,Otras_Circunstancias,Senalizacion_Peligro,Aceras,Arboles,Arboles_Metros_Calzada,Visibilidad_Senalizacion_Vertical,Colision_Vehiculos_Marcha,Colision_Vehiculo_Obstaculo_1,Colision_Vehiculo_Obstaculo_2,Atropello_1,Atropello_2,Vuelco_1,Vuelco_2,Salida_Sin_Colision,Salida_Con_Colision,Lado_Salida,Otro,Circulacion,Circulacion_Medidas_Especiales,Distraccion,Inexperiencia_Conductor,Alcohol_Drogas,Cansancio_Sueno,Enfermedad,Velocidad_Inadecuada,Infraccion_Norma_Circulacion,Estado_Condicion_Via,Estado_Condicion_Senalizacion,Tramo_Obras,Mal_Estado_Vehiculo,Averia_Mecanica,Meteorologia_Adversa,Irrupcion_Animal,Circular_Sentido_Contrario,Otro_Factor,Sin_Opinion_Definida,Pendiente,Curvatura,Peralte,GPS_x,GPS_y,GPS_z,Tipo_Est,IMD,N_Muertos,N_Graves,N_Leves,Hora_Real,Fuera_o_Interseccion
10029,3,2007460004982,3,7,13,4,5,1,1,CV-35,17.6,17,6,1,1,2,2,2,3,1,2,2,2,1,1,1,7,7,8,1,1,1,9,14,1,1,1,NaN,2,NaN,NaN,,21,21,NaN,,NaN,NaN,NaN,NaN,2,4,1,1,1,1,1,1,1,1,1,1,1,1,1,1,1,2,1,2,1,1,662958.341,4416132.021,842.881,Per,43000,0,1,0,11,2
10033,3,2007460005003,3,7,5,3,4,1,4,CV-35,12,12,0,0,1,2,2,2,2,3,2,2,1,2,2,1,7,7,8,1,1,1,9,14,2,1,1,NaN,1,4,NaN,,NaN,,NaN,,NaN,NaN,NaN,NaN,2,4,1,1,1,1,1,1,2,1,1,1,1,1,1,1,1,1,1,2,1,1,714879.194,4382530.859,92.225,Per,76000,0,0,0,7,1
10036,3,2007460005008,3,7,6,5,5,1,3,CV-35,8,8,0,0,1,2,2,2,3,3,2,1,2,1,2,2,7,7,5,1,1,1,9,14,1,1,1,NaN,1,5,NaN,,NaN,,NaN,,NaN,NaN,NaN,NaN,1,4,1,1,1,1,1,1,1,1,1,1,1,1,1,1,1,1,2,2,1,1,718236.963,4380535.666,87.354,Per,93000,0,0,2,15,1
10037,3,2007460005022,3,7,18,3,3,1,1,CV-40,19.6,19,6,1,1,2,3,2,3,4,2,2,2,2,1,2,7,7,8,1,1,1,9,14,3,1,3,NaN,2,NaN,NaN,,NaN,,NaN,,NaN,54,50,NaN,1,4,1,1,1,1,1,1,1,1,1,1,1,1,1,2,1,1,1,2,1,1,711202.573,4314768.137,143.056,Cob,23500,0,0,0,7,2
10039,3,2007460005031,3,7,10,5,2,1,2,CV-50,9.5,9,5,1,1,7,2,2,3,4,2,1,1,1,1,1,7,7,8,1,1,1,9,14,3,1,1,NaN,2,1,NaN,,NaN,,NaN,,NaN,NaN,NaN,NaN,1,4,1,1,1,1,1,1,1,1,1,1,1,1,1,1,1,1,2,2,1,1,702833.283,4380860.338,119.936,Cob,13183,0,0,0,15,2
10041,3,2007460005035,3,7,15,1,7,3,2,CV-610,9,9,0,0,1,5,3,2,3,3,2,1,1,1,1,1,1,1,3,1,5,1,9,14,2,1,1,NaN,2,2,NaN,,NaN,,NaN,,NaN,NaN,NaN,NaN,1,4,1,1,2,1,1,1,2,1,1,1,1,1,1,1,1,1,1,2,2,3,722061.429,4317074.799,239.718,Cob,6586,0,0,2,4,6
10042,3,2007460005044,3,7,19,2,4,1,1,CV-40,12,12,0,1,1,2,3,2,4,4,2,2,2,1,2,2,7,7,8,1,5,1,9,14,3,1,1,NaN,2,NaN,30,32,NaN,,NaN,,NaN,NaN,NaN,NaN,1,4,1,1,1,1,1,1,1,1,1,1,1,1,1,1,1,2,1,2,1,1,710161.142,4308008.539,267.624,Cob,22757,0,0,0,5,1
10044,3,2007460005055,3,7,18,3,3,1,2,CV-60,37,37,0,0,1,5,2,2,3,3,2,1,1,1,2,2,5,1,4,1,1,1,9,14,1,1,1,NaN,2,2,NaN,,NaN,,NaN,,NaN,NaN,NaN,NaN,1,4,2,1,1,1,1,1,1,1,1,1,1,1,1,1,1,1,1,2,1,1,743043.225,4312401.754,37.912,NaN,0,0,0,0,10,6
10046,3,2007460005068,3,7,19,6,4,1,2,CV-32,0,0,0,0,1,2,3,2,3,3,2,2,2,1,2,2,5,1,4,1,1,1,9,14,1,1,1,NaN,2,4,NaN,,NaN,,NaN,,NaN,NaN,NaN,NaN,1,4,2,1,1,1,1,1,1,1,1,1,1,1,1,1,1,1,1,2,1,1,732496.164,4381670.375,-18.685,Per,34650,0,0,0,19,6
10047,3,2007460005071,3,7,21,6,6,2,1,CV-60,0,0,0,1,1,5,3,2,3,4,2,1,1,1,1,1,5,1,4,1,1,1,9,14,1,1,1,NaN,2,NaN,NaN,,NaN,,12,9,NaN,NaN,NaN,NaN,1,4,1,1,1,1,1,2,1,1,1,1,1,1,1,1,1,1,1,1,1,1,743958.713,4312753.388,28.224,Cob,13714,0,0,2,21,6
10050,3,2007460005073,3,7,21,4,6,2,2,CV-500,14.9,14,9,0,1,5,2,2,3,3,2,1,2,2,2,2,7,7,8,1,1,1,9,14,3,1,1,NaN,1,1,NaN,,NaN,,NaN,,NaN,NaN,NaN,NaN,2,4,2,1,2,2,1,1,1,1,1,1,1,1,1,1,1,1,1,2,1,1,732050.04,4356277.381,-13.865,Sec,12997,0,0,3,13,2
10051,3,2007460005074,3,7,22,3,7,3,1,CV-40,24.1,24,1,0,1,2,3,2,3,4,2,2,2,2,2,2,4,1,8,1,1,1,9,14,3,1,3,NaN,2,NaN,NaN,,NaN,,NaN,,NaN,64,60,NaN,1,4,2,1,1,1,1,1,1,1,1,1,1,1,1,1,1,1,1,2,1,1,714761.042,4300951.167,341.534,Cob,19200,0,0,1,9,6
10052,3,2007460005076,3,7,22,3,7,3,1,CV-60,29,29,0,0,1,5,3,2,3,3,2,2,2,2,2,2,5,1,4,1,1,1,9,14,1,1,3,NaN,2,NaN,30,30,NaN,,NaN,,NaN,NaN,NaN,NaN,1,4,2,1,2,1,1,2,1,1,1,1,1,1,1,1,1,1,1,2,1,1,736523.092,4311482.807,139.398,Cob,15500,0,0,0,8,6
10055,3,2007460005077,3,7,22,4,7,3,3,CV-500,23.5,23,5,1,1,5,3,2,3,4,2,1,1,1,2,2,2,4,3,1,1,1,9,14,1,1,1,NaN,2,2,NaN,,NaN,,NaN,,NaN,NaN,NaN,NaN,1,4,1,1,1,1,1,1,2,1,1,1,1,1,1,1,1,1,1,2,1,1,729714.946,4362753.317,-20.033,Cob,9819,0,1,2,12,6
10056,3,2007460005083,3,7,21,3,6,2,1,CV-645,2.5,2,5,0,1,5,2,2,3,3,2,1,2,1,1,1,7,7,8,1,1,1,9,14,3,1,3,NaN,2,NaN,NaN,,NaN,,NaN,,NaN,62,60,NaN,1,4,2,1,1,1,1,1,1,1,1,1,1,1,1,1,1,1,1,2,1,1,712357.026,4317768.954,99.063,Cob,15000,0,0,0,7,2
10058,3,2007460005087,3,7,23,3,1,1,2,CV-33,1,1,0,1,1,2,3,2,3,2,2,1,1,1,1,1,5,1,4,1,1,1,9,14,1,1,1,NaN,2,3,NaN,,NaN,,NaN,,NaN,NaN,NaN,NaN,1,4,2,1,1,1,1,1,2,1,1,1,1,1,1,1,1,1,1,2,1,1,718974.243,4369292.398,24.35,Cob,22492,0,0,1,7,6
10060,3,2007460005090,3,7,12,6,4,1,2,CV-50,81.2,81,2,0,1,2,3,2,3,3,2,1,1,1,2,2,1,2,8,1,1,1,9,14,1,1,3,NaN,2,4,NaN,,NaN,,NaN,,NaN,NaN,NaN,NaN,1,4,1,1,1,1,1,1,1,1,1,1,1,1,1,1,1,2,1,2,1,2,702269.417,4378289.739,169.316,Cob,5512,0,0,0,18,6
10061,3,2007460005100,3,7,23,5,1,4,1,CV-50,9.9,9,9,0,1,3,2,2,3,4,2,1,1,1,1,1,7,7,5,1,1,1,9,14,3,1,1,NaN,1,NaN,NaN,,NaN,,NaN,,66,NaN,60,NaN,1,4,2,1,1,1,1,1,1,1,1,1,1,1,1,1,1,1,1,2,1,1,730124.64,4329682.909,80.337,Cob,13183,0,1,0,15,1
10064,3,2007460005114,3,7,10,5,2,1,3,CV-35,24.6,24,6,0,1,2,2,2,3,4,2,2,2,2,2,2,7,7,8,1,1,1,9,14,1,1,1,NaN,1,4,NaN,,NaN,,NaN,,NaN,NaN,NaN,NaN,1,4,2,1,1,1,1,2,1,1,1,1,1,1,1,1,1,1,1,2,1,1,706933.911,4390915.761,158.254,Per,43000,0,0,1,15,2
10067,3,2007460005129,3,7,24,6,2,1,2,CV-35,11.3,11,3,1,1,2,3,2,3,4,2,2,2,1,2,1,7,7,8,1,1,1,9,8,1,1,1,NaN,2,4,NaN,,NaN,,NaN,,NaN,NaN,NaN,NaN,1,4,2,1,2,2,1,1,2,1,1,1,1,1,1,1,1,1,1,2,1,1,660538.354,4420793.913,905.577,Per,76000,0,0,2,19,1
10068,3,2007460005144,3,7,14,3,6,2,1,CV-500,21,21,0,0,1,5,2,2,3,3,2,1,2,2,2,2,7,7,8,1,1,1,9,14,3,1,1,NaN,1,NaN,NaN,,NaN,,NaN,,NaN,62,60,NaN,1,4,2,1,1,1,1,1,1,1,1,1,1,1,1,1,1,1,1,2,1,1,735549.384,4349585.035,-13.835,Cob,10345,0,0,2,8,1
10070,3,2007460005146,3,7,14,6,6,2,2,CV-403,0.2,0,2,0,1,5,2,2,3,3,2,1,2,2,2,2,7,7,7,1,1,1,9,14,3,1,1,NaN,1,4,NaN,,NaN,,NaN,,NaN,NaN,NaN,NaN,1,4,2,1,1,1,1,1,1,1,1,1,1,1,1,1,1,1,1,2,1,1,720942.503,4372173.875,15.306,Cob,17537,0,0,0,20,1
10072,3,2007460005147,3,7,14,6,6,2,2,CV-500,7.5,7,5,0,1,5,2,2,3,3,2,1,2,2,2,2,7,7,8,1,1,1,9,14,3,1,1,NaN,1,2,NaN,,NaN,,NaN,,NaN,NaN,NaN,NaN,1,4,2,1,1,1,1,1,1,1,1,1,1,1,1,1,1,1,1,2,1,1,729725.579,4362641.699,-17.715,Cob,17500,0,0,1,17,1
10073,3,2007460005149,3,7,15,5,7,3,1,CV-500,20.3,20,3,1,1,5,2,2,3,3,2,1,2,2,2,2,7,7,8,1,1,1,9,14,3,1,1,NaN,1,NaN,NaN,,NaN,,NaN,,NaN,62,60,NaN,1,4,1,1,1,1,1,1,1,1,1,1,1,1,1,1,1,1,2,2,1,1,730589.459,4359767.86,-23.293,Cob,10345,0,0,1,15,1
10074,3,2007460005164,3,7,17,3,2,1,1,CV-50,61.2,61,2,0,1,5,3,2,3,3,2,1,1,1,2,1,7,7,8,1,1,1,9,14,3,1,1,NaN,1,NaN,NaN,,NaN,,NaN,,NaN,64,60,NaN,1,4,1,1,1,1,1,1,1,1,1,1,1,2,1,1,1,1,1,2,2,2,697841.876,4361599.134,223.876,Cob,1756,0,0,0,7,1
10077,3,2007460005173,3,7,27,2,5,1,2,CV-35,45.2,45,2,1,1,5,3,2,3,4,2,1,1,1,1,1,7,7,4,1,1,1,9,8,1,1,3,NaN,2,4,NaN,,NaN,,NaN,,NaN,NaN,NaN,NaN,1,4,1,1,1,1,1,1,2,1,1,1,1,1,1,1,1,1,1,2,1,1,676108.595,4398525.63,316.637,Per,4000,0,0,1,6,1
10078,3,2007460005174,3,7,19,1,4,1,1,CV-35,8.5,8,5,0,1,2,3,2,3,3,2,2,2,1,2,1,7,7,8,1,4,1,9,8,1,1,1,NaN,1,NaN,NaN,,NaN,,12,9,NaN,NaN,NaN,NaN,1,4,1,2,1,1,1,1,1,1,1,1,1,1,1,1,1,1,1,2,1,1,717826.914,4380824.516,93.928,Per,76000,0,0,1,1,1
10085,3,2007460005188,3,7,17,6,2,1,2,CV-32,1.2,1,2,1,1,2,3,2,2,3,2,2,2,1,2,2,5,1,8,1,1,1,9,14,1,1,1,NaN,2,4,NaN,,NaN,,NaN,,NaN,NaN,NaN,NaN,1,4,1,1,1,1,1,2,1,1,1,1,1,1,1,1,1,1,1,2,1,1,725730.83,4386367.977,41.396,Per,34650,0,0,1,19,6
10086,3,2007460005191,3,7,28,6,6,2,1,CV-50,18.1,18,1,0,1,5,3,2,3,1,2,1,2,1,2,2,5,6,4,1,3,1,9,14,1,1,3,NaN,2,NaN,NaN,,NaN,,NaN,,56,NaN,50,NaN,1,4,1,1,1,1,2,1,1,1,1,1,1,1,1,1,1,1,1,2,1,1,723778.995,4334531.729,0.052,Cob,15000,0,2,0,21,6
10088,3,2007460005206,3,7,18,6,3,1,2,CV-400,5,5,0,1,1,5,3,2,3,3,2,1,1,1,1,1,5,1,5,1,1,1,9,14,3,1,3,NaN,2,3,NaN,,NaN,,NaN,,NaN,NaN,NaN,NaN,1,4,1,1,1,1,1,1,2,1,1,1,1,1,1,1,1,1,1,2,1,1,723915.634,4368347.232,-1.16,Cob,24704,0,0,0,20,6
10092,3,2007460005207,3,7,18,6,3,1,2,CV-36,7.2,7,2,0,1,2,3,2,3,4,2,2,2,1,2,2,7,7,5,1,1,1,9,14,3,1,3,NaN,2,4,NaN,,NaN,,NaN,,NaN,NaN,NaN,NaN,1,4,1,2,1,1,1,1,1,1,1,1,1,1,1,1,1,2,1,2,1,1,717976.174,4367570.409,29.246,Sec,21670,0,0,1,20,1
10093,3,2007460005210,3,7,21,1,6,2,1,CV-500,25.8,25,8,0,1,5,3,2,3,4,2,1,1,2,2,2,7,7,5,1,4,1,9,14,1,1,3,NaN,2,NaN,NaN,,NaN,,NaN,,66,NaN,60,NaN,1,4,2,1,1,1,1,1,1,1,1,1,1,1,1,1,1,1,1,2,1,1,733338.734,4345948.354,-10.155,Cob,9819,0,1,0,4,5
10097,3,2007460005221,3,7,26,4,4,1,2,CV-500,23.5,23,5,0,1,5,3,2,3,3,2,1,1,1,2,2,2,6,3,1,1,1,9,14,2,1,1,NaN,2,2,NaN,,NaN,,NaN,,NaN,NaN,NaN,NaN,1,4,2,1,1,1,1,1,1,1,2,1,1,1,1,1,1,1,1,2,1,1,734669.106,4347776.447,-12.072,Cob,9819,0,0,2,14,6
10100,3,2007460005222,3,7,17,4,2,1,3,CV-35,15,15,0,0,1,2,3,2,3,2,2,2,2,1,2,2,7,7,8,1,1,1,9,8,1,1,3,NaN,2,NaN,30,32,NaN,,NaN,,NaN,NaN,NaN,NaN,1,4,1,1,1,1,1,1,1,1,1,1,1,1,1,1,1,2,1,2,1,1,712443.922,4384231.652,90.159,Per,76000,0,0,0,13,1
10101,3,2007460005226,3,7,21,4,6,2,1,CV-33,0,0,0,1,1,5,3,2,3,3,2,1,2,1,2,2,7,7,8,1,1,1,9,14,1,1,3,NaN,2,NaN,NaN,,NaN,,12,9,NaN,NaN,NaN,NaN,1,4,1,1,1,1,1,1,1,2,1,1,1,1,1,1,1,1,1,2,1,1,719794.305,4367686.054,16.824,Cob,24000,0,0,2,11,2
10103,3,2007460005245,3,7,20,4,5,1,2,CV-35,46.3,46,3,0,1,5,3,2,3,2,2,1,2,1,1,2,7,7,8,1,1,1,9,8,1,1,1,NaN,2,3,NaN,,NaN,,NaN,,NaN,NaN,NaN,NaN,1,4,1,1,1,1,1,1,1,1,1,1,1,1,1,1,1,1,2,2,1,1,688050.416,4397063.294,385.453,Per,4000,0,0,1,14,1
10105,3,2007460005246,3,7,20,5,5,1,2,CV-35,8.4,8,4,0,1,2,3,2,3,4,2,2,2,1,2,2,7,7,8,1,1,1,9,8,3,1,1,NaN,1,2,NaN,,NaN,,NaN,,NaN,NaN,NaN,NaN,2,4,1,1,1,1,1,1,1,1,1,1,2,1,1,1,1,2,1,2,1,1,717914.119,4380777.131,92.825,Per,93000,0,0,1,15,1
10106,3,2007460005265,3,8,1,4,3,1,1,CV-60,37,37,0,0,1,5,2,2,3,4,2,1,2,1,2,2,7,7,8,1,1,1,9,14,1,1,1,NaN,2,NaN,NaN,,NaN,,NaN,,NaN,63,60,NaN,1,4,2,1,1,1,1,1,1,1,1,1,1,1,1,1,1,1,1,2,1,1,743043.225,4312401.754,37.912,NaN,0,0,1,0,13,2
10108,3,2007460005266,3,7,14,3,6,2,1,CV-35,2.9,2,9,0,1,7,2,2,3,3,2,2,2,2,2,2,4,1,8,1,1,1,9,14,1,1,1,NaN,1,NaN,NaN,,NaN,,NaN,,NaN,61,60,NaN,1,4,1,1,1,1,1,2,1,1,1,1,1,1,1,1,1,1,1,2,1,1,721414.905,4376688.972,35.953,Per,125000,0,3,0,7,6
10112,3,2007460005274,3,8,1,3,3,1,1,CV-60,31.5,31,5,1,1,5,3,2,3,4,2,2,2,1,1,1,7,7,8,1,1,1,9,14,3,1,1,NaN,1,NaN,NaN,,NaN,,NaN,,NaN,54,50,NaN,1,4,1,1,1,1,1,1,1,1,1,1,1,2,1,1,1,1,1,2,1,1,716855.365,4308298.489,155.537,Pri,17425,0,0,0,10,1
10117,3,2007460005297,3,7,21,6,6,2,2,CV-500,23.5,23,5,0,1,5,3,2,3,3,2,1,2,1,1,1,2,1,3,1,1,1,9,14,1,1,1,NaN,2,4,NaN,,NaN,,NaN,,NaN,NaN,NaN,NaN,1,4,2,1,1,1,1,1,1,1,1,1,1,1,1,1,1,1,1,2,1,1,734669.106,4347776.447,-12.072,Cob,9819,0,0,3,17,6
10118,3,2007460005298,3,7,21,4,6,2,1,CV-235,11,11,0,0,1,5,3,2,3,3,2,1,1,1,1,1,7,7,8,1,1,1,9,14,1,1,1,NaN,2,NaN,NaN,,NaN,,NaN,,56,NaN,50,NaN,1,4,1,1,1,1,1,2,1,1,1,1,1,1,1,1,1,1,1,2,1,1,697743.262,4419625.545,668.683,Cob,1023,0,0,1,13,5
10120,3,2007460005302,3,7,25,2,3,1,2,CV-35,20.1,20,1,1,1,2,3,2,3,4,2,2,2,2,2,2,7,7,8,1,1,1,9,14,3,1,1,NaN,1,3,NaN,,NaN,,NaN,,NaN,NaN,NaN,NaN,1,4,2,1,1,1,1,1,1,1,1,1,1,1,1,1,1,1,1,2,1,1,664011.37,4414386.327,791.646,Per,43000,0,0,0,6,1
10121,3,2007460005304,3,7,25,3,3,1,1,CV-410,1.3,1,3,0,1,5,2,2,2,2,2,1,1,2,2,2,5,1,8,1,1,1,9,14,3,1,1,NaN,1,NaN,NaN,,NaN,,12,9,NaN,NaN,NaN,NaN,1,4,1,1,1,1,1,2,1,1,1,1,1,1,1,1,1,1,1,2,2,1,717714.03,4369703.105,28.825,Cob,12380,0,0,1,7,6
10124,3,2007460005314,3,7,23,4,1,4,3,CV-35,7.5,7,5,0,1,2,3,2,3,4,2,2,2,1,2,2,7,7,8,1,1,1,9,14,3,1,1,NaN,1,NaN,NaN,,NaN,,NaN,,NaN,NaN,NaN,71,1,4,1,1,1,1,1,1,1,1,1,1,1,1,1,1,1,2,1,2,1,1,718640.495,4380249.255,83.048,Per,93000,0,0,1,12,1
10128,3,2007460005323,3,7,23,6,1,4,3,CV-35,11,11,0,1,1,2,3,2,3,4,2,2,2,1,2,2,7,7,8,1,1,1,9,8,1,1,1,NaN,2,5,NaN,,NaN,,NaN,,NaN,NaN,NaN,NaN,2,4,2,1,1,1,1,1,1,1,1,1,1,1,1,1,1,1,1,2,1,1,660247.686,4420870.323,907.356,Per,76000,0,0,4,18,1
10131,3,2007460005330,3,7,23,6,1,4,3,CV-410,2.8,2,8,0,1,5,3,2,3,4,2,2,2,1,2,2,7,7,8,1,1,1,9,14,3,1,1,NaN,1,5,NaN,,NaN,,NaN,,NaN,NaN,NaN,NaN,1,4,2,2,1,1,1,1,1,1,1,1,1,1,1,1,1,1,1,2,1,1,717284.254,4371107.847,40.497,Cob,24580,0,0,0,19,1
10134,3,2007460005340,3,8,2,5,4,1,1,CV-40,18.3,18,3,1,1,2,3,2,3,5,2,2,2,1,1,1,7,7,8,1,1,1,9,14,3,1,1,NaN,1,NaN,NaN,,NaN,,NaN,,NaN,64,60,NaN,1,4,2,1,1,1,1,1,1,1,1,1,1,1,1,1,1,1,1,2,1,1,711580.125,4313742.867,201.578,Cob,23500,0,0,0,15,2
10136,3,2007460005346,3,7,24,5,2,1,2,CV-35,9.6,9,6,0,1,2,3,2,3,3,2,2,2,1,2,2,4,1,5,1,1,1,9,8,1,1,3,NaN,2,3,NaN,,NaN,,NaN,,NaN,NaN,NaN,NaN,1,4,1,1,1,1,1,1,1,1,1,1,1,1,1,1,1,1,2,2,1,1,716811.991,4381211.407,89.666,Per,76000,0,0,0,15,6
10138,3,2007460005351,3,7,31,3,2,1,2,CV-35,17.5,17,5,0,1,2,3,2,3,2,2,2,2,1,2,2,7,7,8,1,1,1,9,8,2,1,1,NaN,1,4,NaN,,NaN,,NaN,,NaN,NaN,NaN,NaN,1,4,2,1,1,1,1,1,1,1,1,1,1,1,1,1,1,1,1,2,1,1,711018.896,4386174.461,104.662,Per,43000,0,0,2,8,1
10140,3,2007460005362,3,8,4,6,6,2,2,CV-567,3.1,3,1,0,1,5,1,3,4,1,2,1,1,2,1,1,7,7,8,1,1,1,9,14,2,1,1,NaN,1,1,NaN,,NaN,,NaN,,NaN,NaN,NaN,NaN,1,4,1,1,2,1,1,2,1,1,1,1,1,1,1,1,1,1,1,2,1,1,712604.27,4318344.235,92.805,Cob,1380,0,0,4,19,4
10143,3,2007460005364,3,7,25,3,3,1,3,CV-35,10.4,10,4,1,1,2,3,2,3,1,2,2,2,1,2,2,4,1,5,1,1,1,9,8,1,1,1,NaN,2,4,NaN,,NaN,,NaN,,NaN,NaN,NaN,NaN,1,4,1,1,1,1,1,1,1,1,1,1,1,1,1,1,1,1,2,2,1,1,659714.752,4421092.084,911.328,Per,76000,0,0,0,10,6
10146,3,2007460005370,3,8,5,2,7,3,1,CV-500,23.5,23,5,1,1,5,3,2,3,3,2,1,2,1,1,2,2,4,8,1,2,1,9,14,1,1,1,NaN,2,NaN,NaN,,NaN,,NaN,,56,NaN,50,NaN,1,4,1,1,1,1,1,2,1,1,1,1,1,1,1,1,1,1,1,2,1,1,729714.946,4362753.317,-20.033,Cob,9819,0,0,1,6,6
10147,3,2007460005375,3,8,5,3,7,3,1,CV-245,12,12,0,0,1,5,2,3,3,2,2,1,2,1,2,1,7,7,8,1,1,1,2,14,2,1,3,NaN,2,NaN,NaN,,NaN,,NaN,,NaN,51,50,NaN,1,4,1,1,1,1,1,2,1,1,1,1,1,1,1,1,1,1,1,2,1,1,697058.207,4404610.052,705.755,Cob,702,0,1,0,10,3
10149,3,2007460005401,3,7,30,3,1,4,2,CV-35,11,11,0,1,1,2,3,2,3,1,2,2,2,1,1,1,7,7,8,1,1,1,9,8,1,1,1,NaN,1,4,NaN,,NaN,,NaN,,NaN,NaN,NaN,NaN,2,4,2,1,1,1,1,1,1,1,1,1,1,1,1,1,1,1,1,2,1,1,660247.686,4420870.323,907.356,Per,76000,0,0,0,10,1
10151,3,2007460005404,3,8,7,4,2,1,2,CV-50,31,31,0,1,1,5,3,2,3,4,2,1,2,1,2,2,1,1,8,1,1,1,9,13,1,1,1,NaN,2,2,NaN,,NaN,,NaN,,NaN,NaN,NaN,NaN,1,4,1,1,1,1,1,1,2,1,1,1,1,1,1,1,1,1,1,2,1,1,698137.067,4362760.032,238.161,Cob,16520,1,0,0,11,6
10153,3,2007460005417,3,7,31,3,2,1,2,CV-500,17,17,0,1,1,5,3,2,3,3,2,1,1,1,1,1,1,1,3,1,1,1,9,14,2,1,3,NaN,2,3,NaN,,NaN,,NaN,,NaN,NaN,NaN,NaN,1,4,1,1,1,1,1,1,2,1,1,1,1,1,1,1,1,1,1,2,1,1,731860.869,4356774.413,-21.956,Sec,12997,0,0,1,7,7
10156,3,2007460005419,3,7,31,6,2,1,2,CV-35,8,8,0,0,1,4,3,2,3,4,2,2,2,2,2,2,7,7,8,1,1,1,9,14,2,1,1,NaN,2,4,NaN,,NaN,,NaN,,NaN,NaN,NaN,NaN,2,4,1,1,1,1,1,1,2,1,1,1,1,1,1,1,1,1,1,2,1,1,718236.963,4380535.666,87.354,Per,93000,0,0,2,19,1
10157,3,2007460005427,3,8,7,6,2,1,1,CV-42,10.1,10,1,0,1,4,2,2,3,3,2,1,1,1,2,2,7,7,8,1,1,1,9,14,3,1,1,NaN,1,NaN,NaN,,NaN,,NaN,,NaN,64,60,NaN,1,4,2,1,1,1,1,1,1,1,1,1,1,1,1,1,1,1,1,2,1,1,722679.26,4346064.134,-6.067,Cob,12800,0,1,0,19,1
10158,3,2007460005434,3,8,1,1,3,1,1,CV-35,16.5,16,5,0,1,2,3,2,3,3,2,2,2,1,2,2,7,7,8,1,4,1,9,8,1,1,1,NaN,1,NaN,NaN,,NaN,,NaN,,NaN,52,50,NaN,1,4,1,1,1,1,1,1,1,1,1,1,1,1,1,1,1,1,2,2,1,1,711377.266,4385260.8,85.372,Per,43000,0,0,0,1,1
10160,3,2007460005447,3,8,2,3,4,1,2,CV-500,11.8,11,8,1,1,4,3,2,3,3,2,1,1,1,1,1,7,7,8,1,1,1,9,14,2,1,1,NaN,2,4,NaN,,NaN,,NaN,,NaN,NaN,NaN,NaN,2,4,2,1,1,1,1,1,2,1,1,1,1,1,1,1,1,1,1,2,1,1,734386.41,4352464.382,-17.906,Sec,12997,0,0,0,7,1
10161,3,2007460005450,3,8,2,4,4,1,1,CV-35,19,19,0,1,1,4,3,2,3,4,2,2,2,2,2,2,7,7,8,1,1,1,9,8,1,1,1,NaN,2,NaN,NaN,,NaN,,NaN,,68,NaN,60,NaN,1,4,1,1,1,1,1,1,1,1,1,1,1,1,1,1,1,1,2,2,1,2,663851.346,4415312.541,822.886,Per,43000,0,0,0,11,2
10162,3,2007460005455,3,8,8,3,3,1,1,CV-686,0.3,0,3,0,1,5,3,2,3,1,2,1,2,1,1,1,7,7,8,3,1,1,9,14,3,1,1,NaN,1,NaN,NaN,,NaN,,NaN,,NaN,64,60,NaN,1,4,1,1,1,1,1,2,1,1,1,1,1,1,1,1,1,1,1,2,1,1,741778.639,4313393.716,28.943,Cob,23000,0,0,0,9,2
10166,3,2007460005460,3,8,2,4,4,1,4,CV-35,8.5,8,5,0,1,4,2,3,3,4,2,2,2,1,2,2,7,7,8,1,1,1,9,8,3,1,1,NaN,3,4,NaN,,NaN,,NaN,,NaN,NaN,NaN,NaN,2,4,1,1,1,1,1,2,1,1,1,1,1,1,1,1,1,1,1,2,1,1,717826.914,4380824.516,93.928,Per,76000,0,0,3,13,1
10168,3,2007460005469,3,8,5,3,7,3,2,CV-500,8,8,0,0,1,4,2,2,3,4,2,1,1,1,1,1,7,7,8,1,1,1,9,14,3,1,1,NaN,1,4,NaN,,NaN,,NaN,,NaN,NaN,NaN,NaN,1,4,1,1,1,1,1,1,1,1,1,1,1,1,1,1,1,1,2,2,1,1,729850.588,4362237.594,-18.137,Cob,17500,0,0,1,10,1
10171,3,2007460005481,3,8,9,6,4,1,3,CV-41,15.8,15,8,1,1,5,3,2,3,4,2,1,1,1,1,1,1,2,3,1,2,1,9,14,1,1,1,NaN,2,4,NaN,,NaN,,NaN,,NaN,NaN,NaN,NaN,1,4,2,1,1,1,1,1,1,1,1,1,1,1,1,1,1,1,1,2,1,1,719310.415,4332471.623,-0.182,Cob,9333,0,0,3,21,6
10172,3,2007460005486,3,8,9,3,4,1,1,CV-41,1,1,0,1,1,4,3,2,3,1,2,1,1,1,2,1,7,7,8,3,1,4,9,14,3,1,1,NaN,1,NaN,NaN,,NaN,,NaN,,NaN,52,50,NaN,1,4,2,1,1,1,1,2,1,1,1,1,1,1,1,1,1,1,1,2,1,1,715480.084,4319673.148,64.16,Cob,15453,0,0,0,8,1