Id,Ano,Numero_Accidente,Provincia,Mes,Dia,Hora,Dia_Semana,Tipo_Dia,Vehiculos_Implicados,Carretera,Pk,Km,Hm,Sentido,Zona,Tipo_Via,Anchura_Calzada,Anchura_Carril,Marcas_Viales,Arcen,Arcen_Pavimentado,Mediana,Barrera_Seguridad,Paneles_Direccionales,Hitos_Arista,Captafaros,Interseccion_Tipo,Interseccion_Acondicionamiento,Prioridad_Regulada_por,Superficie,Luminosidad,Factores_Atmosfericos,Visibilidad_Restringida_por,Otras_Circunstancias,Senalizacion_Peligro,Aceras,Arboles,Arboles_Metros_Calzada,Visibilidad_Senalizacion_Vertical,Colision_Vehiculos_Marcha,Colision_Vehiculo_Obstaculo_1,Colision_Vehiculo_Obstaculo_2,Atropello_1,Atropello_2,Vuelco_1,Vuelco_2,Salida_Sin_Colision,Salida_Con_Colision,Lado_Salida,Otro,Circulacion,Circulacion_Medidas_Especiales,Distraccion,Inexperiencia_Conductor,Alcohol_Drogas,Cansancio_Sueno,Enfermedad,Velocidad_Inadecuada,Infraccion_Norma_Circulacion,Estado_Condicion_Via,Estado_Condicion_Senalizacion,Tramo_Obras,Mal_Estado_Vehiculo,Averia_Mecanica,Meteorologia_Adversa,Irrupcion_Animal,Circular_Sentido_Contrario,Otro_Factor,Sin_Opinion_Definida,Pendiente,Curvatura,Peralte,GPS_x,GPS_y,GPS_z,Tipo_Est,IMD,N_Muertos,N_Graves,N_Leves,Hora_Real,Fuera_o_Interseccion
10176,3,2007460005490,3,8,9,6,4,1,2,CV-35,14,14,0,0,1,2,3,2,3,4,2,2,2,1,2,2,3,1,4,1,1,1,9,8,2,1,1,NaN,2,3,NaN,,NaN,,NaN,,NaN,NaN,NaN,NaN,1,4,1,1,1,1,1,1,1,1,1,1,1,1,1,1,1,1,2,2,1,1,713277.181,4383701.383,85.48,Per,76000,0,0,3,18,6
10178,3,2007460005495,3,8,7,6,2,1,2,CV-715,1.3,1,3,0,1,5,3,2,3,3,2,1,1,1,2,1,1,1,3,1,1,1,9,14,1,1,1,NaN,2,1,NaN,,NaN,,NaN,,NaN,NaN,NaN,NaN,1,4,1,1,1,1,1,1,2,1,1,1,1,1,1,1,1,1,1,2,1,1,751554.455,4302234.487,61.906,Cob,5497,0,0,1,20,7
10179,3,2007460005498,3,8,12,2,7,3,1,CV-40,16.6,16,6,1,1,2,3,2,3,4,2,2,2,1,2,2,7,7,8,1,4,1,9,14,3,1,1,NaN,2,NaN,NaN,,NaN,,NaN,,NaN,63,60,NaN,1,4,1,1,2,2,1,1,1,1,1,1,1,1,1,1,1,1,1,2,1,1,710532.747,4312437.479,293.794,Cob,23500,0,0,1,5,2
10185,3,2007460005508,3,8,11,6,6,2,3,CV-35,31,31,0,1,1,2,3,2,3,2,2,1,1,1,2,2,7,7,8,1,1,1,9,8,1,1,1,NaN,2,4,NaN,,NaN,,NaN,,NaN,NaN,NaN,NaN,1,4,2,1,1,1,1,1,1,1,1,1,1,1,1,1,1,1,1,2,1,1,665860.241,4406155.084,623.02,Per,11000,0,0,0,19,1
10187,3,2007460005532,3,8,3,6,5,1,2,CV-35,56.5,56,5,0,1,2,3,2,3,3,2,1,1,1,2,2,4,1,8,1,1,1,9,14,3,1,1,NaN,1,4,NaN,,NaN,,NaN,,NaN,NaN,NaN,NaN,1,4,1,1,1,1,1,1,1,1,1,1,1,1,1,1,1,1,2,2,1,1,678379.71,4396616.761,350.668,Sec,2211,0,0,1,17,6
10190,3,2007460005544,3,8,13,3,1,4,2,CV-35,51,51,0,0,1,2,2,3,3,1,2,1,2,1,1,1,1,1,3,1,1,1,9,8,1,1,3,NaN,2,2,NaN,,NaN,,NaN,,NaN,NaN,NaN,NaN,1,3,1,1,1,1,1,1,2,1,1,1,1,1,1,1,1,1,1,2,1,2,683512.956,4396589.324,361.692,Per,4000,0,0,3,10,6
10191,3,2007460005549,3,8,15,3,3,3,1,CV-35,33.6,33,6,1,1,2,3,2,3,1,2,1,1,2,1,1,7,7,7,1,5,1,9,8,1,1,3,NaN,2,NaN,NaN,,NaN,,NaN,,NaN,62,60,NaN,1,4,1,1,1,1,1,2,1,1,1,2,1,1,1,1,1,1,1,2,1,1,667951.44,4404717.906,578.693,Per,11000,1,0,0,7,2
10195,3,2007460005552,3,8,5,2,7,3,2,CV-35,12,12,0,0,1,4,1,3,2,3,2,2,1,1,1,1,7,7,8,1,1,1,9,8,1,1,1,NaN,1,1,NaN,,NaN,,NaN,,NaN,NaN,NaN,NaN,1,4,1,1,2,1,1,1,1,1,2,2,1,1,1,1,1,1,1,2,1,1,714879.194,4382530.859,92.225,Per,76000,0,0,3,6,2
10196,3,2007460005553,3,8,5,3,7,3,1,CV-25,33.5,33,5,1,1,4,1,3,2,2,2,1,1,1,1,1,7,7,8,1,1,1,9,14,1,1,1,NaN,1,NaN,NaN,,NaN,,NaN,,57,NaN,50,NaN,1,4,1,1,2,2,1,1,1,1,1,2,1,1,1,1,1,1,1,2,1,1,708664.536,4393190.99,181.537,Cob,120,0,0,2,8,2
10202,3,2007460005564,3,8,5,6,7,3,1,CV-35,17,17,0,0,1,2,3,2,3,1,2,2,2,1,2,2,7,7,5,1,1,1,9,8,1,1,3,NaN,2,NaN,NaN,,21,24,NaN,,NaN,NaN,NaN,NaN,1,4,1,1,1,1,1,1,1,1,1,1,1,1,1,1,1,1,2,2,1,1,711149.502,4385700.71,92.42,Per,43000,0,0,0,19,1
10203,3,2007460005575,3,8,16,6,4,4,1,CV-300,6.8,6,8,0,1,4,3,2,3,4,2,2,1,1,1,1,7,7,8,1,1,1,9,14,2,1,3,NaN,2,NaN,NaN,,NaN,,NaN,,NaN,63,60,NaN,1,4,2,1,1,1,1,1,1,1,1,1,1,1,1,1,1,1,1,2,1,1,729295.458,4382975.514,20.365,Sec,7384,1,0,0,19,1
10204,3,2007460005598,3,8,14,6,2,1,1,CV-35,19,19,0,0,1,2,2,2,3,2,1,2,2,1,1,1,7,7,5,1,5,1,9,8,1,1,3,NaN,2,NaN,NaN,,NaN,,NaN,,66,NaN,60,NaN,1,4,2,1,1,1,1,1,1,1,1,1,1,1,1,1,1,1,1,2,1,1,710348.832,4387468.225,116.85,Per,43000,0,0,1,22,1
10206,3,2007460005610,3,8,7,5,2,1,2,CV-500,8.6,8,6,1,1,4,3,2,3,3,2,1,2,1,2,2,5,1,5,1,1,1,9,14,3,1,3,NaN,2,4,NaN,,NaN,,NaN,,NaN,NaN,NaN,NaN,3,4,2,1,1,1,1,1,1,1,1,1,1,1,1,1,1,1,1,2,1,1,735557.62,4349564.794,-17.174,Cob,17500,0,0,0,16,6
10207,3,2007460005611,3,8,7,1,2,1,1,CV-31,2.6,2,6,0,1,4,3,2,3,4,2,2,2,1,2,2,7,7,5,1,3,4,9,14,3,1,3,NaN,2,NaN,NaN,,NaN,,NaN,,NaN,54,50,NaN,1,4,1,1,1,1,1,1,1,1,1,1,1,1,1,1,1,1,2,2,1,1,720796.741,4376847.514,26.078,Cob,63370,0,0,0,23,2
10208,3,2007460005618,3,8,8,1,3,1,1,CV-35,4,4,0,1,1,2,2,2,3,4,2,2,2,1,2,2,7,7,7,1,3,1,9,14,3,1,1,NaN,1,NaN,NaN,,NaN,,NaN,,NaN,54,50,NaN,1,4,2,1,1,1,1,1,1,1,1,1,1,1,1,1,1,1,1,2,1,1,654864.02,4422931.21,936.214,Per,125000,0,0,1,2,1
10210,3,2007460005619,3,8,20,3,1,4,2,CV-60,30,30,0,1,1,4,2,1,2,1,2,1,1,1,1,1,2,1,8,1,1,1,9,14,3,1,3,NaN,1,4,NaN,,NaN,,NaN,,NaN,NaN,NaN,NaN,1,4,2,1,1,1,1,1,2,1,1,1,1,1,1,1,1,1,1,2,1,1,718320.383,4308179.768,150.524,Cob,15500,0,0,0,9,6
10211,3,2007460005621,3,8,20,4,1,4,1,CV-42,7.8,7,8,0,1,5,3,2,3,4,2,1,1,1,1,1,7,7,5,1,1,1,9,14,2,1,1,NaN,1,NaN,NaN,,NaN,,NaN,,NaN,NaN,NaN,71,2,4,1,1,1,1,1,1,1,1,1,1,1,1,1,1,1,2,1,2,2,1,722378.258,4343799.503,-6.386,Cob,12800,0,0,0,12,1
10213,3,2007460005624,3,8,18,4,6,2,2,CV-35,67.9,67,9,1,1,2,3,2,3,1,2,1,1,1,1,1,7,7,8,1,1,1,9,14,3,1,3,NaN,1,2,NaN,,NaN,,NaN,,NaN,NaN,NaN,NaN,1,4,1,1,1,1,1,1,2,1,1,1,1,1,1,1,1,1,1,2,1,1,696798.721,4396618.991,282.676,Cob,2012,0,0,1,11,1
10216,3,2007460005626,3,8,21,1,2,1,2,CV-666,0.7,0,7,0,1,5,3,2,3,3,2,1,2,2,1,1,7,7,5,1,4,1,9,14,1,1,1,NaN,2,2,NaN,,NaN,,NaN,,NaN,NaN,NaN,NaN,1,4,2,1,1,1,1,1,1,1,1,1,1,1,1,1,1,1,1,2,1,1,714199.557,4301520.859,309.119,NaN,0,0,0,4,23,5
10218,3,2007460005647,3,8,10,5,5,1,2,CV-50,91.5,91,5,0,1,4,2,3,3,3,2,1,2,1,1,2,7,7,5,1,1,1,9,14,3,1,1,NaN,1,2,NaN,,NaN,,NaN,,NaN,NaN,NaN,NaN,1,4,2,1,1,1,1,2,1,1,1,1,1,1,1,1,1,1,1,2,1,1,706007.663,4387409.565,130.707,Per,10273,0,0,1,15,1
10220,3,2007460005658,3,8,19,3,7,3,2,CV-365,2.7,2,7,1,1,4,2,2,3,4,2,1,1,1,1,1,7,7,8,1,1,1,9,14,3,1,1,NaN,2,NaN,30,29,NaN,,NaN,,NaN,NaN,NaN,NaN,1,4,2,1,1,1,1,1,1,1,1,1,1,1,1,1,1,1,1,2,1,1,720805.592,4376565.355,34.02,Sec,40056,0,1,0,7,1
10222,3,2007460005669,3,8,13,6,1,4,2,CV-35,5.6,5,6,1,1,2,3,2,3,4,2,2,2,1,2,2,7,7,5,1,2,1,9,14,3,1,3,NaN,2,4,NaN,,NaN,,NaN,,NaN,NaN,NaN,NaN,1,4,1,1,1,1,1,2,1,1,1,1,1,1,1,1,1,1,1,2,2,2,656247.515,4423100.513,944.494,Per,125000,0,0,2,21,1
10223,3,2007460005671,3,8,14,3,2,1,1,CV-31,0.2,0,2,0,1,2,1,2,3,3,2,2,2,2,2,2,3,1,5,1,1,1,9,14,1,1,3,NaN,2,NaN,NaN,,NaN,,NaN,,56,NaN,50,NaN,1,4,1,1,1,1,1,2,1,1,1,1,1,1,1,1,1,1,1,2,1,1,721277.669,4374822.003,7.911,Cob,71940,0,0,1,8,6
10224,3,2007460005691,3,8,26,2,7,3,1,CV-50,23.8,23,8,1,1,2,3,2,3,4,2,2,2,1,1,1,7,7,5,1,4,9,9,13,1,1,1,NaN,2,NaN,NaN,,NaN,,NaN,,NaN,53,50,NaN,1,4,2,1,1,2,1,1,1,1,1,1,1,1,1,1,1,1,1,2,1,2,699542.576,4369207.934,242.886,Sec,29261,0,0,0,5,1
10225,3,2007460005694,3,8,26,4,7,3,1,CV-50,28.3,28,3,0,1,2,3,2,3,4,2,2,2,2,2,2,7,7,8,1,1,1,9,14,1,1,1,NaN,2,NaN,NaN,,NaN,,NaN,,56,NaN,50,NaN,1,4,1,1,1,1,1,2,1,1,1,1,1,1,1,1,1,1,1,2,1,1,716738.641,4340700.149,0.354,Sec,23875,0,1,0,13,5
10226,3,2007460005698,3,8,23,1,4,1,1,CV-686,3.2,3,2,0,1,4,3,2,3,3,2,1,1,1,1,1,5,2,4,1,4,1,9,14,1,1,3,NaN,2,NaN,NaN,,NaN,,NaN,,NaN,52,50,NaN,1,4,2,1,2,1,1,1,1,1,1,1,1,1,1,1,1,1,1,2,1,1,743436.843,4315663.314,10.401,Cob,23000,0,0,0,4,6
10227,3,2007460005700,3,8,15,3,3,3,1,CV-50,60.7,60,7,1,1,4,3,2,3,4,2,1,2,1,2,2,7,7,8,1,1,1,9,14,3,1,1,NaN,1,NaN,NaN,,21,24,NaN,,NaN,NaN,NaN,NaN,1,4,1,1,1,1,1,1,1,1,1,1,1,1,1,2,1,1,1,2,1,1,714581.314,4343990.964,26.679,Cob,1756,0,0,1,9,1
10229,3,2007460005702,3,8,16,6,4,4,2,CV-35,14.3,14,3,0,1,2,3,2,3,1,2,2,2,1,1,1,3,1,5,1,1,1,9,14,1,1,3,NaN,2,3,NaN,,NaN,,NaN,,NaN,NaN,NaN,NaN,1,4,1,1,1,1,1,1,1,1,1,2,1,1,1,1,1,2,1,2,1,1,713018.639,4383847.329,86.737,Per,76000,0,0,2,20,6
10233,3,2007460005704,3,8,16,1,4,4,1,CV-35,33,33,0,1,1,2,3,2,3,1,2,1,2,1,1,1,7,7,5,1,4,1,9,8,1,1,3,NaN,2,NaN,NaN,,NaN,,NaN,,NaN,64,60,NaN,1,4,1,1,1,1,1,1,1,1,1,1,1,1,1,1,1,1,2,2,1,1,667417.932,4404931.162,556.771,Per,11000,0,0,1,23,1
10234,3,2007460005723,3,8,20,3,1,4,1,CV-35,12.6,12,6,0,1,2,3,2,3,1,2,2,2,1,1,1,7,7,5,1,2,1,9,8,3,1,3,NaN,1,NaN,NaN,,NaN,,NaN,,NaN,54,50,NaN,1,4,2,1,1,1,1,1,1,1,1,1,1,1,1,1,1,1,1,2,1,1,714332.551,4382970.349,101.962,Per,76000,0,0,1,7,1
10236,3,2007460005727,3,8,21,1,2,1,1,CV-36,2.2,2,2,1,1,2,3,2,3,4,2,2,2,1,2,2,7,7,8,1,3,1,9,14,3,1,1,NaN,1,NaN,NaN,,NaN,,NaN,,NaN,62,60,NaN,1,4,1,1,1,1,1,1,1,1,1,1,1,1,1,1,1,1,2,2,1,1,718608.372,4369363.605,16.024,Pri,75417,0,0,0,1,2
10237,3,2007460005732,3,8,27,6,1,1,1,CV-610,21.1,21,1,0,1,4,1,3,3,1,2,1,1,2,1,1,7,7,8,1,5,1,9,14,3,1,1,NaN,1,NaN,NaN,,NaN,,NaN,,66,NaN,60,NaN,1,4,1,1,1,1,1,2,1,1,1,1,1,1,1,1,1,1,1,2,2,2,730350.864,4311402.81,216.469,Cob,3429,0,0,1,22,2
10239,3,2007460005738,3,8,21,6,2,1,1,CV-245,6,6,0,1,1,4,2,2,3,3,2,1,2,1,2,2,7,7,7,1,5,1,9,14,1,1,1,NaN,1,NaN,NaN,,NaN,,NaN,,NaN,54,50,NaN,1,4,1,2,1,1,1,2,1,1,1,1,1,1,1,1,1,1,1,2,1,1,707477.542,4414101.045,544.148,Cob,702,0,0,3,21,2
10240,3,2007460005745,3,8,24,3,5,1,1,CV-31,0,0,0,0,1,4,2,2,3,2,2,1,2,2,2,2,7,7,8,1,1,1,9,14,1,1,1,NaN,1,NaN,NaN,,NaN,,NaN,,67,NaN,60,NaN,1,4,1,1,1,1,1,1,1,2,1,1,1,1,1,1,1,1,1,2,1,1,721113.281,4374710.606,8.439,Cob,71940,0,0,1,7,2
10241,3,2007460005747,3,8,24,6,5,1,1,CV-500,12,12,0,1,1,4,2,2,3,3,2,1,2,2,2,2,7,7,8,1,1,1,9,14,3,1,1,NaN,1,NaN,NaN,,NaN,,NaN,,67,NaN,60,NaN,1,4,1,1,1,1,1,1,1,1,1,1,1,1,1,1,1,1,2,2,1,1,734257.147,4352730.932,-18.262,Sec,12997,0,0,0,22,1
10245,3,2007460005749,3,8,24,3,5,1,2,CV-35,13.5,13,5,0,1,2,2,2,3,3,2,2,2,2,2,2,7,7,8,1,1,1,9,8,1,1,1,NaN,2,4,NaN,,NaN,,NaN,,NaN,NaN,NaN,NaN,1,4,2,1,1,1,1,1,2,1,1,1,1,1,1,1,1,1,1,2,1,1,713694.765,4383434.446,93.877,Per,76000,0,0,2,10,1
10247,3,2007460005767,3,8,29,6,3,1,2,CV-650,3.1,3,1,1,1,5,3,2,3,3,2,1,1,1,1,1,1,1,5,1,1,1,9,14,3,1,1,NaN,1,4,NaN,,NaN,,NaN,,NaN,NaN,NaN,NaN,1,4,2,1,1,1,1,1,2,1,1,1,1,1,1,1,1,1,1,2,1,2,709439.837,4302848.899,279.615,Cob,9967,0,0,1,19,6
10248,3,2007460005773,3,8,27,3,1,1,1,CV-35,28.8,28,8,0,1,4,2,3,3,2,2,1,1,1,1,1,7,7,8,1,2,1,9,8,2,1,1,NaN,1,NaN,NaN,,NaN,,NaN,,68,NaN,60,NaN,1,4,2,1,1,1,1,1,1,1,1,2,1,1,1,1,1,1,1,2,1,1,703233.978,4391445.749,156.344,Per,11000,0,0,1,7,2
10250,3,2007460005786,3,8,28,3,2,1,2,CV-30,1.2,1,2,0,1,2,3,2,3,3,2,2,1,1,1,1,7,7,8,1,1,1,9,14,3,1,1,NaN,1,3,NaN,,NaN,,NaN,,NaN,NaN,NaN,NaN,1,4,2,1,1,1,1,1,1,1,1,1,1,1,1,1,1,1,1,2,1,1,721284.102,4374830.758,9.154,Pri,61844,0,0,0,7,1
10251,3,2007460005788,3,8,29,3,3,1,1,CV-30,1.1,1,1,1,1,2,3,2,3,4,2,2,2,2,1,1,7,7,8,1,1,1,9,14,3,1,1,NaN,1,NaN,NaN,,NaN,,NaN,,67,NaN,60,NaN,1,4,1,1,1,1,1,1,2,1,1,1,1,1,1,1,1,1,1,2,1,1,721397.698,4374926.014,10.026,Pri,61844,0,0,0,8,1
10253,3,2007460005807,3,8,23,3,4,1,2,CV-500,24.5,24,5,0,1,4,3,2,3,4,2,1,2,1,2,2,7,7,8,1,1,1,9,14,3,1,1,NaN,2,4,NaN,,NaN,,NaN,,NaN,NaN,NaN,NaN,1,4,2,1,2,1,1,1,1,1,1,1,1,1,1,1,1,1,1,2,1,1,734035.266,4347037.321,-10.89,Cob,9819,0,0,1,7,1
10257,3,2007460005809,3,8,31,5,5,1,3,CV-35,8.8,8,8,0,1,2,3,2,3,3,2,2,2,1,1,1,7,7,8,1,1,1,9,8,1,1,1,NaN,2,5,NaN,,NaN,,NaN,,NaN,NaN,NaN,NaN,2,4,1,1,1,1,1,2,1,1,1,2,1,1,1,1,1,1,1,2,1,1,717553.204,4380940.81,97.148,Per,76000,0,0,2,15,1
10258,3,2007460005812,3,9,1,6,6,2,1,CV-81,12,12,0,0,1,4,2,3,3,3,2,1,1,1,1,1,1,6,3,1,1,1,9,14,3,1,1,NaN,2,NaN,NaN,,NaN,,NaN,,NaN,NaN,NaN,71,1,4,1,1,1,1,1,1,1,1,1,1,1,1,1,1,1,2,1,2,1,1,709442.91,4294964.475,542.266,Cob,6043,0,0,1,19,6
10259,3,2007460005814,3,9,2,2,7,3,1,CV-610,7.6,7,6,1,1,4,2,3,3,2,2,1,1,2,1,1,7,7,8,1,4,1,9,14,1,1,1,NaN,2,NaN,NaN,,NaN,,NaN,,67,NaN,60,NaN,1,4,1,1,2,1,1,2,1,1,1,1,1,1,1,1,1,1,1,2,1,1,728891.55,4313778.555,273.352,Cob,6586,0,0,0,5,5
10261,3,2007460005815,3,8,31,3,5,1,2,CV-50,3.8,3,8,0,1,5,2,2,3,3,2,1,1,1,1,1,1,1,8,1,1,1,9,14,1,1,3,NaN,2,2,NaN,,NaN,,NaN,,NaN,NaN,NaN,NaN,1,4,2,1,1,1,1,1,2,1,1,1,1,1,1,1,1,1,1,2,1,1,735459.554,4327760.768,-1.131,Sec,9803,0,0,2,10,6
10263,3,2007460005821,3,8,20,6,1,1,2,CV-25,0.6,0,6,0,1,4,2,2,3,2,2,1,1,1,1,1,4,6,8,1,1,1,9,8,2,1,1,NaN,2,3,NaN,,NaN,,NaN,,NaN,NaN,NaN,NaN,3,3,2,1,1,1,1,1,2,1,1,2,1,1,1,1,1,1,1,2,1,1,707302.578,4390825.881,154.588,Sec,9408,0,1,0,18,6
10265,3,2007460005823,3,9,2,3,7,3,1,CV-60,18.8,18,8,0,1,4,3,2,3,3,2,1,2,1,1,2,7,7,8,1,1,1,9,14,3,1,1,NaN,1,NaN,NaN,,NaN,,NaN,,NaN,63,60,NaN,1,4,1,1,1,1,1,1,1,1,1,1,1,1,1,1,1,2,1,2,1,1,727968.345,4307071.713,268.614,Cob,9121,0,0,0,8,2
10267,3,2007460005827,3,9,3,3,1,4,2,CV-50,78.5,78,5,0,1,4,3,2,3,4,2,1,1,1,1,1,7,7,5,1,1,1,9,14,1,1,1,NaN,1,3,NaN,,NaN,,NaN,,NaN,NaN,NaN,NaN,1,4,2,1,1,1,1,1,1,1,1,1,1,1,1,1,1,1,1,2,1,1,700319.692,4376595.219,199.145,Cob,5512,0,1,0,8,5
10268,3,2007460005839,3,9,3,4,1,4,1,CV-50,23.8,23,8,0,1,4,3,2,3,4,2,1,2,1,2,1,7,7,8,1,1,1,9,12,1,1,1,NaN,2,NaN,NaN,,NaN,,NaN,,56,NaN,50,NaN,1,4,2,1,1,1,1,1,1,1,1,1,1,1,1,1,1,1,1,2,1,2,720090.499,4337996.321,-8.254,Sec,29261,0,0,0,12,1
10269,3,2007460005844,3,9,2,4,7,3,1,CV-500,2.3,2,3,1,1,2,3,2,3,4,2,2,1,1,2,2,7,7,5,1,1,1,9,14,3,1,3,NaN,2,NaN,NaN,,NaN,,NaN,,58,NaN,50,NaN,1,4,2,1,2,2,1,1,1,1,1,1,1,1,1,1,1,1,1,2,1,1,732785.216,4344601.44,-12.646,Pri,17500,0,0,1,11,1
10270,3,2007460005846,3,9,4,3,2,1,1,CV-40,0,0,0,0,1,2,3,2,3,4,2,2,2,2,2,2,7,7,8,1,1,1,9,14,1,1,3,NaN,2,NaN,NaN,,NaN,,NaN,,56,NaN,50,NaN,1,4,1,1,1,1,1,2,1,1,1,1,1,1,1,1,1,1,1,2,1,1,709681.881,4319315.029,146.18,Cob,24000,0,0,0,8,2
10272,3,2007460005848,3,9,3,1,1,4,2,CV-400,1,1,0,0,1,4,2,2,3,3,2,2,2,1,2,2,7,7,8,1,3,1,9,14,1,1,1,NaN,2,4,NaN,,NaN,,NaN,,NaN,NaN,NaN,NaN,1,4,2,1,1,1,1,1,1,1,1,1,1,1,1,1,1,1,1,2,1,1,724053.199,4368653.32,-1.294,Sec,45530,0,0,1,23,1
10274,3,2007460005856,3,9,4,6,2,1,2,CV-500,9,9,0,1,1,4,2,2,3,3,2,1,2,2,2,2,7,7,8,1,5,1,9,14,1,1,1,NaN,2,4,NaN,,NaN,,NaN,,NaN,NaN,NaN,NaN,1,4,2,1,1,1,1,1,1,1,1,1,1,1,1,1,1,1,1,2,1,1,735406.274,4350033.222,-16.615,Cob,17500,0,0,0,21,1
10275,3,2007460005859,3,9,2,6,7,3,1,CV-60,37,37,0,0,1,5,3,2,3,3,2,1,2,1,2,2,5,6,4,1,2,1,9,14,1,1,3,NaN,2,NaN,NaN,,NaN,,12,9,NaN,NaN,NaN,NaN,1,4,2,1,1,1,1,1,1,1,1,1,1,1,1,1,1,1,1,2,1,1,743043.225,4312401.754,37.912,NaN,0,0,0,0,20,6
10278,3,2007460005864,3,9,5,6,3,1,3,CV-35,58.2,58,2,0,1,5,2,3,3,3,2,1,2,2,1,1,7,7,8,1,1,1,9,14,3,1,1,NaN,1,5,NaN,,NaN,,NaN,,NaN,NaN,NaN,NaN,1,4,1,1,1,1,1,2,2,1,1,1,1,1,1,1,1,1,1,2,1,1,677108.674,4397370.392,327.976,Sec,2211,0,2,1,17,4
10279,3,2007460005865,3,9,3,6,1,1,1,CV-35,14,14,0,0,1,2,1,2,4,3,2,1,1,2,1,1,7,7,8,1,1,1,9,14,1,1,1,NaN,2,NaN,NaN,,NaN,,NaN,,NaN,54,50,NaN,1,4,2,1,2,1,1,2,1,1,1,2,1,1,1,1,1,1,1,2,1,1,713277.181,4383701.383,85.48,Per,76000,0,0,0,21,5
10280,3,2007460005870,3,9,6,6,4,1,1,CV-42,1,1,0,1,1,5,3,2,3,4,2,2,2,1,2,2,5,6,4,1,1,1,9,14,1,1,3,NaN,2,NaN,NaN,,NaN,,NaN,,NaN,61,60,NaN,1,4,1,1,1,1,1,1,1,2,1,1,2,1,1,1,1,1,1,2,1,1,723462.654,4354067.064,-4.865,Sec,11923,0,0,0,18,6
10282,3,2007460005877,3,9,5,3,3,1,2,CV-35,12,12,0,0,1,2,3,2,3,3,2,2,2,1,2,2,3,1,8,1,1,1,9,8,1,1,3,NaN,2,NaN,30,29,NaN,,NaN,,NaN,NaN,NaN,NaN,1,4,2,1,1,1,1,1,1,1,1,1,1,1,1,1,1,1,1,2,1,1,714879.194,4382530.859,92.225,Per,76000,0,1,0,7,6
10285,3,2007460005882,3,9,4,5,2,1,2,CV-50,82.2,82,2,0,1,4,3,2,3,3,2,1,1,1,2,2,2,1,3,1,1,1,9,14,1,1,1,NaN,2,2,NaN,,NaN,,NaN,,NaN,NaN,NaN,NaN,1,4,1,1,1,1,1,1,2,1,1,1,1,1,1,1,1,1,1,2,1,1,702592.043,4379216.221,140.87,Cob,5512,0,1,0,15,6
10287,3,2007460005885,3,9,8,1,6,2,2,CV-50,23.5,23,5,1,1,4,1,3,3,2,2,1,1,1,1,1,1,1,3,1,3,1,9,14,3,1,1,NaN,1,NaN,30,29,NaN,,NaN,,NaN,NaN,NaN,NaN,1,4,1,2,1,1,1,1,1,1,1,1,1,1,1,1,1,1,1,2,1,1,699324.143,4369409.777,244.124,Sec,29261,0,0,0,4,6
10288,3,2007460005904,3,9,6,4,4,1,1,CV-42,19,19,0,0,1,4,2,2,3,3,2,2,2,2,1,2,5,1,8,1,1,1,9,14,1,1,1,NaN,2,NaN,NaN,,NaN,,NaN,,66,NaN,60,NaN,1,4,1,1,1,1,1,2,1,1,1,1,1,1,1,1,1,2,1,2,1,1,723712.144,4354371.742,-5.776,Cob,3068,0,0,0,14,6
10290,3,2007460005911,3,9,10,4,1,1,2,CV-610,2.7,2,7,0,1,4,3,2,3,1,2,1,1,1,1,1,1,1,5,1,1,1,9,14,3,1,1,NaN,1,4,NaN,,NaN,,NaN,,NaN,NaN,NaN,NaN,1,4,1,1,1,1,1,1,2,1,1,1,1,1,1,1,1,1,1,2,1,1,717832.199,4318653.129,68.221,Pri,8940,0,0,0,13,7
10292,3,2007460005926,3,9,9,3,7,3,1,CV-36,6.5,6,5,0,1,2,3,2,3,4,2,1,2,2,2,2,7,7,8,1,1,1,9,14,1,1,1,NaN,1,NaN,NaN,,NaN,,NaN,,NaN,52,50,NaN,1,4,1,1,1,1,1,1,1,1,1,1,1,1,1,1,1,1,2,2,1,2,711811.046,4368736.805,73.079,Sec,21670,0,0,0,8,5
10296,3,2007460005927,3,9,8,4,6,2,3,CV-500,12.5,12,5,0,1,4,2,2,3,3,2,1,2,2,2,2,7,7,8,1,1,1,9,14,1,1,1,NaN,2,5,NaN,,NaN,,NaN,,NaN,NaN,NaN,NaN,2,4,2,1,1,1,1,1,2,1,1,1,1,1,1,1,1,1,1,2,1,1,731046.082,4358413.779,-15.42,Sec,12997,0,0,0,12,1
10297,3,2007460005931,3,9,9,1,7,3,1,CV-500,0.1,0,1,0,1,4,3,2,3,4,2,2,2,2,2,2,4,1,8,1,3,1,9,14,1,1,1,NaN,2,NaN,NaN,,NaN,,NaN,,NaN,64,60,NaN,1,4,1,1,1,1,1,1,1,1,1,1,1,1,1,1,1,1,2,2,1,1,728501.029,4370046.072,-19.111,Pri,17500,0,0,2,0,6
10299,3,2007460005948,3,9,11,4,2,1,2,CV-400,2,2,0,0,1,4,2,2,3,4,2,1,1,1,1,1,5,1,4,1,1,1,9,14,1,1,1,NaN,2,2,NaN,,NaN,,NaN,,NaN,NaN,NaN,NaN,1,4,2,1,1,1,1,1,1,1,1,1,1,1,1,1,1,1,1,2,1,1,723626.268,4367795.379,-1.376,Pri,31654,0,0,1,13,6