Id,Ano,Numero_Accidente,Provincia,Mes,Dia,Hora,Dia_Semana,Tipo_Dia,Vehiculos_Implicados,Carretera,Pk,Km,Hm,Sentido,Zona,Tipo_Via,Anchura_Calzada,Anchura_Carril,Marcas_Viales,Arcen,Arcen_Pavimentado,Mediana,Barrera_Seguridad,Paneles_Direccionales,Hitos_Arista,Captafaros,Interseccion_Tipo,Interseccion_Acondicionamiento,Prioridad_Regulada_por,Superficie,Luminosidad,Factores_Atmosfericos,Visibilidad_Restringida_por,Otras_Circunstancias,Senalizacion_Peligro,Aceras,Arboles,Arboles_Metros_Calzada,Visibilidad_Senalizacion_Vertical,Colision_Vehiculos_Marcha,Colision_Vehiculo_Obstaculo_1,Colision_Vehiculo_Obstaculo_2,Atropello_1,Atropello_2,Vuelco_1,Vuelco_2,Salida_Sin_Colision,Salida_Con_Colision,Lado_Salida,Otro,Circulacion,Circulacion_Medidas_Especiales,Distraccion,Inexperiencia_Conductor,Alcohol_Drogas,Cansancio_Sueno,Enfermedad,Velocidad_Inadecuada,Infraccion_Norma_Circulacion,Estado_Condicion_Via,Estado_Condicion_Senalizacion,Tramo_Obras,Mal_Estado_Vehiculo,Averia_Mecanica,Meteorologia_Adversa,Irrupcion_Animal,Circular_Sentido_Contrario,Otro_Factor,Sin_Opinion_Definida,Pendiente,Curvatura,Peralte,GPS_x,GPS_y,GPS_z,Tipo_Est,IMD,N_Muertos,N_Graves,N_Leves,Hora_Real,Fuera_o_Interseccion
10301,3,2007460005966,3,9,12,6,3,1,2,CV-40,10,10,0,0,1,2,3,2,3,4,2,2,2,2,2,2,7,7,8,1,1,1,9,14,3,1,3,NaN,2,3,NaN,,NaN,,NaN,,NaN,NaN,NaN,NaN,1,4,2,1,1,1,1,1,1,1,1,1,1,1,1,1,1,1,1,2,1,2,710253.176,4311587.457,299.978,Per,23900,0,0,1,19,1
10302,3,2007460005973,3,9,13,4,4,1,1,CV-610,3.3,3,3,1,1,5,3,2,3,1,2,1,1,1,1,1,5,6,8,1,1,1,9,14,1,1,1,NaN,2,NaN,NaN,,NaN,,NaN,,NaN,63,60,NaN,1,4,1,1,1,1,1,1,2,1,1,1,1,1,1,1,1,1,1,2,1,1,730755.306,4311013.993,207.242,Pri,8940,0,0,1,14,6
10304,3,2007460005987,3,9,13,2,4,1,2,CV-32,6.5,6,5,0,1,4,3,2,3,5,2,2,2,1,2,2,7,7,8,1,5,1,9,14,2,1,1,NaN,2,4,NaN,,NaN,,NaN,,NaN,NaN,NaN,NaN,1,4,2,1,1,1,1,1,1,1,1,1,1,1,1,1,1,1,1,2,1,1,727479.205,4384715.823,6.701,Sec,17286,0,1,0,6,1
10305,3,2007460005993,3,9,14,5,5,1,1,CV-40,21.5,21,5,0,1,2,3,2,3,4,2,2,2,2,2,2,7,7,8,3,1,4,4,13,3,1,1,NaN,1,NaN,NaN,,NaN,,NaN,,NaN,64,60,NaN,1,4,1,1,1,1,1,1,1,1,1,1,2,1,1,1,1,1,1,2,1,1,712206.291,4301119.928,312.007,Cob,19200,0,0,0,16,1
10307,3,2007460005996,3,9,10,1,1,1,2,CV-410,2.2,2,2,0,1,4,3,2,3,4,2,1,1,1,1,1,5,2,8,1,1,1,9,14,3,1,1,NaN,1,3,NaN,,NaN,,NaN,,NaN,NaN,NaN,NaN,1,4,1,1,1,1,1,1,1,1,1,1,1,1,1,1,1,1,2,2,2,1,717475.084,4370551.846,29.937,Cob,24580,0,0,1,23,6
10308,3,2007460006000,3,9,15,6,6,2,1,CV-40,1.7,1,7,1,1,2,1,1,3,4,2,2,2,2,2,2,7,7,8,1,1,1,9,14,1,1,1,NaN,2,NaN,NaN,,NaN,,NaN,,NaN,54,50,NaN,1,4,2,1,2,1,1,1,1,1,1,1,1,1,1,1,1,1,1,2,1,1,714710.934,4300968.623,339.739,Cob,24000,0,0,0,19,5
10310,3,2007460006005,3,9,16,6,7,3,2,CV-35,6.5,6,5,1,1,2,3,2,3,4,2,2,2,2,2,2,7,7,8,1,3,1,9,14,3,1,1,NaN,1,3,NaN,,NaN,,NaN,,NaN,NaN,NaN,NaN,1,4,1,1,1,1,1,1,2,1,1,1,1,1,1,1,1,1,1,2,1,1,657021.385,4422717.023,965.038,Per,93000,0,1,3,22,1
10312,3,2007460006013,3,9,12,2,3,1,2,CV-33,6,6,0,1,1,2,3,2,3,1,2,1,1,1,1,1,7,7,8,1,5,1,9,14,3,1,1,NaN,1,4,NaN,,NaN,,NaN,,NaN,NaN,NaN,NaN,1,4,1,1,1,1,1,1,1,1,1,1,1,1,1,1,1,1,2,2,1,1,723000.228,4363577.093,-10.568,Sec,25971,0,0,1,6,2
10316,3,2007460006055,3,9,17,2,1,4,3,CV-500,6.5,6,5,1,1,5,3,2,3,3,2,1,1,1,1,1,5,1,8,1,5,1,9,14,1,1,1,NaN,2,1,NaN,,NaN,,NaN,,NaN,NaN,NaN,NaN,1,4,1,1,1,1,1,1,2,1,1,1,1,1,1,1,1,1,1,2,1,1,735008.01,4348020.701,-17.773,Cob,17500,0,0,4,6,6
10318,3,2007460006074,3,9,15,4,6,2,2,CV-403,0.1,0,1,0,1,5,2,2,2,1,2,1,1,1,1,1,5,1,5,1,1,1,9,14,1,1,1,NaN,1,3,NaN,,NaN,,NaN,,NaN,NaN,NaN,NaN,1,4,1,1,1,1,1,1,2,1,1,1,1,1,1,1,1,1,1,2,1,1,720962.023,4372289.476,14.99,Cob,17537,0,0,2,13,6
10319,3,2007460006075,3,9,14,4,5,1,1,CV-35,3.9,3,9,1,1,2,3,2,3,4,2,2,2,2,2,2,7,7,5,1,1,1,9,14,3,1,1,NaN,1,NaN,NaN,,NaN,,NaN,,68,NaN,60,NaN,1,4,2,1,1,1,1,1,1,1,1,1,1,1,1,1,1,1,1,2,1,1,654724.114,4423023.536,924.752,Per,125000,0,1,1,11,1
10320,3,2007460006076,3,9,14,1,5,1,1,CV-32,3.5,3,5,0,1,5,1,2,3,4,2,1,1,1,1,1,7,7,8,1,3,1,9,14,3,1,1,NaN,2,NaN,NaN,,NaN,,NaN,,68,NaN,60,NaN,1,4,2,1,1,1,1,1,1,1,1,1,1,1,1,1,1,1,1,2,2,1,729447.706,4382913.85,-8.484,Cob,17286,0,0,0,4,1
10321,3,2007460006111,3,9,22,1,6,2,1,CV-645,0.3,0,3,0,1,5,3,2,3,3,2,1,2,1,1,1,7,7,8,3,4,5,4,14,3,1,1,NaN,1,NaN,NaN,,NaN,,NaN,,NaN,54,50,NaN,1,4,1,1,2,1,1,1,1,1,1,1,1,1,1,1,1,1,1,2,1,2,711042.741,4316411.565,112.638,Cob,15000,0,0,0,0,2
10322,3,2007460006112,3,9,21,6,5,1,1,CV-40,22.8,22,8,0,1,2,3,2,3,4,2,2,2,1,2,2,7,7,8,3,2,4,9,14,3,1,3,NaN,2,NaN,NaN,,NaN,,NaN,,66,NaN,60,NaN,1,4,1,1,1,1,1,1,1,1,1,1,1,1,1,1,1,1,2,2,1,1,713483.559,4300991.349,319.553,Cob,19200,0,0,0,19,1
10326,3,2007460006116,3,9,21,1,5,1,2,CV-60,29,29,0,0,1,5,3,2,3,4,2,2,2,2,2,2,7,7,8,1,4,1,9,14,2,1,1,NaN,1,NaN,30,32,NaN,,NaN,,NaN,NaN,NaN,NaN,1,4,1,1,1,1,1,1,1,1,1,1,1,1,1,1,1,1,1,2,1,1,736523.092,4311482.807,139.398,Cob,15500,0,0,0,23,1
10327,3,2007460006125,3,9,23,3,7,3,1,CV-40,24.3,24,3,0,1,2,3,1,3,4,2,2,2,2,2,2,7,7,8,3,1,4,4,14,1,1,1,NaN,1,NaN,NaN,,NaN,,NaN,,NaN,63,60,NaN,1,4,1,1,1,1,1,2,1,1,1,1,1,1,2,1,1,1,1,2,1,1,714958.685,4300936.49,344.644,Cob,19200,0,0,1,10,2
10328,3,2007460006126,3,9,22,4,6,2,1,CV-390,43.3,43,3,1,1,5,2,3,3,3,2,1,1,1,1,1,7,7,8,1,1,1,9,14,3,1,3,NaN,2,NaN,NaN,,NaN,,NaN,,66,NaN,60,NaN,1,4,2,1,1,1,1,1,1,1,1,1,1,1,1,1,1,1,1,2,1,1,665546.904,4404553.633,565.507,Cob,936,0,0,1,13,1
10329,3,2007460006130,3,9,22,5,6,2,1,CV-40,22.3,22,3,1,1,2,3,2,3,4,2,2,2,1,2,2,7,7,8,3,1,4,9,14,3,1,1,NaN,2,NaN,NaN,,NaN,,NaN,,NaN,52,50,NaN,1,4,1,1,1,1,1,1,1,1,1,1,1,1,2,1,1,2,1,2,1,1,710868.019,4317131.064,101.791,Cob,19200,0,0,1,16,1
10330,3,2007460006132,3,9,22,4,6,2,1,CV-40,0.3,0,3,1,1,2,3,1,3,3,2,2,2,2,2,2,7,7,8,3,1,5,4,14,3,1,3,NaN,2,NaN,30,32,NaN,,NaN,,NaN,NaN,NaN,NaN,1,4,1,1,1,1,1,2,1,1,1,1,1,1,1,1,1,1,1,2,1,1,716022.708,4301045.929,356.62,Cob,24000,0,0,0,11,2
10333,3,2007460006142,3,9,22,4,6,2,2,CV-35,5,5,0,0,1,5,3,2,3,3,2,2,1,1,2,2,4,1,8,3,1,5,9,14,3,1,3,NaN,1,2,NaN,,NaN,,NaN,,NaN,NaN,NaN,NaN,1,4,2,1,1,1,1,1,1,1,1,1,1,1,1,1,1,1,1,2,1,1,720203.659,4378367.102,52.835,Per,125000,0,0,3,12,6
10334,3,2007460006144,3,9,14,6,5,1,1,CV-35,19,19,0,1,1,2,3,2,3,1,2,2,2,2,2,2,7,7,8,3,2,5,4,8,1,1,1,NaN,2,NaN,NaN,,NaN,,NaN,,NaN,54,50,NaN,1,4,1,1,1,1,1,2,1,1,1,1,1,1,2,1,1,1,1,2,1,2,663851.346,4415312.541,822.886,Per,43000,0,0,1,18,1
10335,3,2007460006145,3,9,15,4,6,2,1,CV-365,0,0,0,0,1,5,3,2,3,3,2,2,2,1,2,2,4,1,8,1,1,1,9,14,1,1,3,NaN,2,NaN,NaN,,NaN,,NaN,,NaN,54,50,NaN,1,4,2,1,1,1,1,1,1,1,1,1,1,1,1,1,1,1,1,2,1,1,721641.153,4376482.197,31.464,Cob,51500,0,0,0,14,6
10336,3,2007460006149,3,9,23,2,7,3,1,CV-50,28.5,28,5,1,1,5,3,2,3,3,2,1,1,1,1,1,5,6,5,3,3,4,9,14,3,1,1,NaN,2,NaN,NaN,,NaN,,NaN,,NaN,61,60,NaN,1,4,2,1,1,1,1,1,1,1,1,1,1,1,1,1,1,1,1,2,1,2,699036.556,4364917.433,250.295,Cob,16520,0,0,0,5,6
10337,3,2007460006151,3,9,24,1,1,4,1,CV-60,20.3,20,3,0,1,5,3,2,3,4,2,1,2,1,2,1,7,7,5,1,5,1,9,14,3,1,1,NaN,1,NaN,NaN,,NaN,,NaN,,66,NaN,60,NaN,1,4,1,1,1,1,1,2,1,1,1,1,1,1,1,1,1,1,1,2,1,1,729234.86,4307858.282,272.581,Cob,9121,0,0,1,1,2
10340,3,2007460006158,3,9,16,1,7,3,3,CV-35,17,17,0,0,1,5,3,2,3,4,2,2,2,2,2,2,7,7,8,1,4,1,9,14,3,1,1,NaN,1,4,NaN,,NaN,,NaN,,NaN,NaN,NaN,NaN,1,4,2,2,1,1,1,2,1,2,1,2,1,1,1,1,1,1,1,2,1,1,711149.502,4385700.71,92.42,Per,43000,0,0,0,3,1
10342,3,2007460006159,3,9,20,4,4,1,2,CV-35,26.5,26,5,0,1,2,3,2,3,4,2,1,2,1,1,1,1,1,8,1,1,1,9,14,2,1,1,NaN,1,3,NaN,,NaN,,NaN,,NaN,NaN,NaN,NaN,1,4,2,1,1,1,1,1,2,1,1,1,1,1,1,1,1,1,1,2,1,1,705261.71,4390239.238,149.247,Per,11000,0,0,1,14,6
10344,3,2007460006161,3,9,16,5,7,3,2,CV-35,4.4,4,4,0,1,2,3,2,3,3,2,2,2,2,2,2,7,7,8,1,1,1,9,14,3,1,1,NaN,1,3,NaN,,NaN,,NaN,,NaN,NaN,NaN,NaN,1,4,2,1,1,1,1,1,1,1,1,1,1,1,1,1,1,1,1,2,1,1,720549.637,4377891.351,59.469,Per,125000,0,0,0,16,1
10345,3,2007460006162,3,9,16,4,7,3,1,CV-245,8.6,8,6,1,1,5,2,2,3,3,2,1,2,1,2,2,7,7,8,1,1,1,9,14,3,1,1,NaN,1,NaN,NaN,,NaN,,NaN,,NaN,62,60,NaN,1,4,2,1,1,1,1,1,1,1,1,1,1,1,1,1,1,1,1,2,1,1,705448.255,4414008.473,667.354,Cob,702,0,1,0,11,2
10347,3,2007460006164,3,9,20,6,4,1,2,CV-32,3.3,3,3,1,1,5,3,2,3,3,2,1,2,1,1,1,5,1,4,1,1,1,9,14,1,1,1,NaN,1,3,NaN,,NaN,,NaN,,NaN,NaN,NaN,NaN,1,4,1,1,1,1,1,1,1,1,1,1,1,1,1,1,1,1,2,2,1,1,727307.806,4385270.354,13.941,Cob,17286,0,0,0,17,6
10349,3,2007460006166,3,9,24,6,1,1,2,CV-41,11.3,11,3,1,1,5,2,3,3,3,2,1,2,1,2,2,1,6,3,1,3,1,9,14,1,1,1,NaN,2,NaN,NaN,,NaN,,NaN,,NaN,54,50,NaN,1,4,1,1,1,1,1,1,2,1,1,1,1,1,1,1,1,1,1,2,1,1,717660.736,4328720.845,13.142,Sec,6776,0,0,1,21,6
10351,3,2007460006167,3,9,20,6,4,1,2,CV-35,12,12,0,1,1,2,3,2,3,3,2,2,2,1,1,1,7,7,8,1,1,1,9,8,1,1,1,NaN,2,4,NaN,,NaN,,NaN,,NaN,NaN,NaN,NaN,1,4,2,1,1,1,1,2,1,1,1,2,1,1,1,1,1,1,1,2,1,1,661202.653,4420688.86,896.801,Per,76000,0,0,0,17,1
10357,3,2007460006170,3,9,20,6,4,1,4,CV-35,3,3,0,1,1,2,3,2,3,4,2,2,2,1,2,2,7,7,8,1,1,1,9,14,3,1,1,NaN,1,5,NaN,,NaN,,NaN,,NaN,NaN,NaN,NaN,2,4,2,1,1,1,1,1,1,1,1,1,1,1,1,1,1,1,1,2,1,1,654462.088,4422571.739,887.738,Per,125000,0,0,1,18,1
10358,3,2007460006174,3,9,17,4,1,1,1,CV-30,2.5,2,5,0,1,2,3,2,3,3,2,2,2,2,2,2,7,7,8,1,1,1,9,14,3,1,1,NaN,1,NaN,NaN,,NaN,,NaN,,NaN,52,50,NaN,1,4,1,1,1,1,1,2,1,1,1,1,1,1,1,1,1,1,1,2,1,1,722472.822,4375200.756,6.742,Sec,38362,0,0,0,11,2
10359,3,2007460006176,3,9,20,3,4,1,1,CV-36,4.7,4,7,1,1,2,3,2,3,4,2,1,2,1,2,2,5,1,8,9,1,1,9,14,2,1,1,NaN,2,NaN,NaN,,NaN,,NaN,,66,NaN,60,NaN,1,4,1,1,1,1,1,1,1,2,1,1,1,1,1,1,1,1,1,2,1,1,720880.307,4368891.156,11.34,Cob,36792,0,0,1,7,6
10361,3,2007460006182,3,9,26,1,3,1,1,CV-36,5.9,5,9,0,1,2,3,2,3,3,2,2,2,2,2,2,7,7,7,1,3,1,9,14,1,1,1,NaN,1,NaN,NaN,,NaN,,NaN,,NaN,63,60,NaN,1,4,2,1,1,1,1,1,1,1,1,1,1,1,1,1,1,1,1,2,1,1,712392.353,4368785.089,59.127,Cob,36792,0,1,0,0,2
10362,3,2007460006184,3,9,25,5,2,1,1,CV-41,16,16,0,0,1,5,3,2,3,3,2,1,2,2,2,2,7,7,8,1,1,1,9,14,3,1,3,NaN,1,NaN,NaN,,NaN,,NaN,,67,NaN,60,NaN,1,4,2,1,1,1,1,1,1,1,1,1,1,1,1,1,1,1,1,2,1,1,716209.158,4323089.649,57.76,Cob,9333,0,0,1,16,1
10363,3,2007460006185,3,9,25,4,2,1,1,CV-550,0,0,0,0,1,5,3,2,3,4,2,1,1,1,1,1,7,7,5,1,1,1,9,14,3,1,1,NaN,1,NaN,NaN,,NaN,,NaN,,66,NaN,60,NaN,1,4,1,1,1,1,1,1,1,1,1,1,1,1,1,1,1,2,1,2,3,1,714306.27,4334498.283,-2.335,Sec,8045,0,0,0,11,1
10364,3,2007460006200,3,9,27,2,4,1,1,CV-40,5.9,5,9,1,1,2,3,2,3,4,2,2,2,1,2,2,7,7,8,1,4,1,8,4,1,1,1,NaN,2,NaN,NaN,,21,24,NaN,,NaN,NaN,NaN,NaN,1,4,1,1,1,1,1,1,1,1,1,1,1,1,1,2,1,1,1,2,1,1,711149.963,4302184.109,326.842,Per,23900,0,0,0,6,1
10366,3,2007460006202,3,9,28,4,5,1,2,CV-60,33.7,33,7,1,1,5,3,2,3,4,2,2,2,1,2,2,7,7,8,1,1,1,9,14,3,1,1,NaN,1,NaN,30,29,NaN,,NaN,,NaN,NaN,NaN,NaN,1,4,2,1,1,1,1,1,1,1,1,1,1,1,1,1,1,1,1,2,1,1,714614.326,4308500.035,182.962,Pri,17425,0,1,0,13,1
10368,3,2007460006204,3,9,27,1,4,1,2,CV-40,14.6,14,6,0,1,2,3,2,3,5,2,2,2,2,2,2,7,7,8,1,5,1,9,14,3,1,3,NaN,2,3,NaN,,NaN,,NaN,,NaN,NaN,NaN,NaN,1,4,1,1,1,1,1,1,2,1,1,1,1,1,1,1,1,1,1,2,1,1,710131.986,4307147.247,250.003,Cob,22757,0,0,3,23,1
10370,3,2007460006212,3,9,28,6,5,1,2,CV-40,1.3,1,3,0,1,2,3,2,3,4,2,2,2,2,2,2,4,1,8,1,4,1,9,14,3,1,1,NaN,2,4,NaN,,NaN,,NaN,,NaN,NaN,NaN,NaN,1,4,2,1,2,1,1,1,1,1,1,1,1,1,1,1,1,1,1,2,1,1,709267.132,4318438.528,137.086,Cob,24000,0,0,0,21,6
10371,3,2007460006213,3,9,29,3,6,1,1,CV-500,12,12,0,0,1,5,2,2,3,4,2,1,1,2,2,2,7,7,8,1,1,1,9,14,3,1,1,NaN,1,NaN,NaN,,NaN,,NaN,,NaN,64,60,NaN,1,4,2,1,1,1,1,1,1,1,1,1,1,1,1,1,1,1,1,2,1,1,730882.543,4358759.735,-15.904,Sec,12997,0,1,0,8,2
10372,3,2007460006215,3,9,30,4,7,3,1,CV-245,0.5,0,5,1,2,5,3,1,1,1,2,1,1,1,1,1,1,1,8,1,1,1,9,14,3,2,3,NaN,1,NaN,NaN,,NaN,,NaN,,NaN,52,50,NaN,1,4,2,1,1,1,1,1,1,1,1,1,1,1,1,1,1,1,1,2,1,1,712112.54,4413953.166,411.22,Sec,170,1,0,0,13,7
10375,3,2007460006222,3,9,29,6,6,1,1,CV-50,26.5,26,5,0,1,2,3,2,3,4,2,2,2,2,2,2,7,7,8,1,1,1,9,14,3,1,1,NaN,2,NaN,NaN,,NaN,,NaN,,NaN,62,60,NaN,1,4,2,1,1,1,1,1,1,1,1,1,1,1,1,1,1,1,1,2,1,1,718133.351,4339707.043,-4.347,Sec,23875,0,0,0,17,1
10376,3,2007460006227,3,9,22,5,6,2,1,CV-35,5.9,5,9,0,1,2,1,2,3,4,2,2,2,2,2,2,4,1,8,3,1,9,9,14,1,1,1,NaN,2,NaN,NaN,,NaN,,NaN,,NaN,54,50,NaN,1,4,1,1,1,1,1,2,1,1,1,1,1,1,1,1,1,2,1,2,1,1,719679.18,4379089.73,69.664,Per,93000,0,0,1,15,6
10377,3,2007460006229,3,9,22,4,6,2,1,CV-35,5,5,0,0,1,2,2,2,3,4,2,2,2,2,2,2,3,1,8,3,1,9,9,14,1,1,1,NaN,2,NaN,NaN,,NaN,,NaN,,NaN,54,50,NaN,1,4,2,1,1,1,1,2,1,2,1,1,1,1,1,1,1,1,1,2,1,1,720145.185,4378448.178,53.694,Per,125000,0,0,0,14,6
10378,3,2007460006237,3,9,23,1,7,3,1,CV-35,5.8,5,8,1,1,2,1,2,3,4,2,2,2,2,2,2,4,1,7,3,3,4,9,14,1,1,1,NaN,2,NaN,NaN,,NaN,,NaN,,NaN,54,50,NaN,1,4,1,1,1,1,1,2,1,1,1,1,1,1,1,1,1,1,1,2,1,1,656419.085,4423018.996,946.871,Per,93000,0,0,0,1,6
10379,3,2007460006238,3,9,23,3,7,3,1,CV-500,20.1,20,1,1,1,5,3,2,3,4,2,1,1,1,1,1,5,1,4,1,1,1,9,14,1,1,1,NaN,2,NaN,NaN,,NaN,,NaN,,67,NaN,60,NaN,1,4,2,1,2,1,1,1,1,1,1,1,1,1,1,1,1,1,1,2,1,1,730641.762,4359574.576,-23.6,Cob,10345,0,0,0,9,6
10381,3,2007460006240,3,9,20,3,4,1,2,CV-35,15.9,15,9,1,1,2,2,2,3,4,2,1,2,1,2,2,1,1,4,1,1,1,9,14,1,1,1,NaN,1,3,NaN,,NaN,,NaN,,NaN,NaN,NaN,NaN,1,4,1,1,1,1,1,1,1,1,1,1,1,1,1,1,1,1,2,2,1,1,662705.775,4417611.57,884.713,Per,76000,0,0,0,8,6
10383,3,2007460006244,3,9,21,6,5,1,2,CV-31,3,3,0,1,1,5,3,2,3,4,2,1,2,1,1,1,7,7,8,3,5,5,4,14,1,1,1,NaN,2,1,NaN,,NaN,,NaN,,NaN,NaN,NaN,NaN,1,4,1,1,1,1,1,2,1,1,1,1,1,1,2,1,1,1,1,2,1,1,720949.645,4376045.986,20.866,Cob,32100,0,0,2,22,2
10385,3,2007460006248,3,9,26,6,3,1,2,CV-36,3,3,0,0,1,2,3,2,3,4,2,2,1,1,2,2,3,1,4,1,2,1,5,14,3,1,3,NaN,1,3,NaN,,NaN,,NaN,,NaN,NaN,NaN,NaN,1,4,1,1,1,1,1,1,1,1,1,1,1,1,1,1,1,1,2,2,1,2,715198.934,4369376.425,46.492,Pri,75417,0,0,1,19,6
10387,3,2007460006253,3,9,30,2,7,3,1,CV-50,23.8,23,8,1,1,5,3,2,3,3,2,1,2,2,2,2,7,7,8,1,3,1,9,14,3,1,1,NaN,2,NaN,NaN,,NaN,,NaN,,NaN,54,50,NaN,1,4,2,1,1,1,1,1,1,1,1,1,1,1,1,1,1,1,1,2,1,2,699542.576,4369207.934,242.886,Sec,29261,0,0,2,5,2
10388,3,2007460006262,3,9,24,5,1,4,1,CV-35,14,14,0,1,1,2,3,2,3,3,2,2,2,1,1,1,7,7,8,1,1,1,9,14,2,1,1,NaN,1,NaN,30,32,NaN,,NaN,,NaN,NaN,NaN,NaN,1,4,1,1,1,1,1,1,1,1,1,1,1,1,1,1,1,1,2,2,1,1,662386.877,4419383.786,895.429,Per,76000,0,0,1,16,1
10390,3,2007460006263,3,9,21,3,5,1,2,CV-33,0,0,0,0,1,5,2,2,3,3,2,1,2,2,2,2,7,7,8,1,1,1,9,14,3,1,1,NaN,1,3,NaN,,NaN,,NaN,,NaN,NaN,NaN,NaN,1,4,1,1,1,1,1,1,2,1,1,1,1,1,1,1,1,1,1,2,2,2,724144.931,4363213.599,-15.014,Cob,24000,0,0,0,7,1
10393,3,2007460006264,3,9,30,6,7,3,2,CV-50,28.5,28,5,0,1,5,3,2,3,4,2,2,2,1,2,2,5,1,5,1,3,1,9,14,2,1,1,NaN,1,2,NaN,,NaN,,NaN,,NaN,NaN,NaN,NaN,1,4,1,1,1,1,1,1,2,1,1,1,1,1,1,1,1,1,1,2,1,1,716640.566,4340877.496,1.047,Cob,16520,0,0,2,20,6
10397,3,2007460006274,3,9,28,4,5,1,4,CV-35,3,3,0,1,1,2,3,2,3,3,2,2,2,1,2,2,7,7,8,1,1,1,9,8,1,1,3,NaN,2,5,NaN,,NaN,,NaN,,NaN,NaN,NaN,NaN,1,4,1,1,1,1,1,1,2,1,1,1,1,1,1,1,1,1,1,2,1,1,654462.088,4422571.739,887.738,Per,125000,0,0,1,14,2
10398,3,2007460006279,3,9,22,3,6,2,1,CV-36,4.9,4,9,1,1,2,3,2,3,3,2,2,2,2,2,2,7,7,8,3,1,4,9,14,3,1,1,NaN,1,NaN,NaN,,NaN,,NaN,,NaN,63,60,NaN,1,4,2,1,1,1,1,2,1,1,1,1,1,1,1,1,1,1,1,2,1,1,721078.051,4368900.096,8.461,Cob,36792,0,0,0,9,2
10399,3,2007460006286,3,9,24,6,1,4,1,CV-35,17,17,0,0,1,2,3,2,3,4,2,2,2,2,2,2,7,7,8,1,1,1,9,14,2,1,1,NaN,1,NaN,NaN,,NaN,,NaN,,NaN,NaN,NaN,71,1,4,1,1,1,1,1,1,1,1,1,1,1,1,1,1,1,1,2,2,1,1,711149.502,4385700.71,92.42,Per,43000,0,0,0,17,1
10400,3,2007460006292,3,9,26,6,3,1,1,CV-365,1.5,1,5,0,1,5,3,2,3,4,2,1,2,2,2,2,7,7,8,1,1,1,9,14,3,1,1,NaN,1,NaN,NaN,,NaN,,NaN,,NaN,64,60,NaN,1,4,2,1,1,1,1,1,1,1,1,1,1,1,1,1,1,1,1,2,1,1,720401.568,4376544.505,53.642,Sec,40056,0,0,0,19,1
10401,3,2007460006339,3,9,24,6,1,4,1,CV-42,10,10,0,1,1,5,2,2,3,3,2,1,2,2,2,2,7,7,8,1,1,1,9,14,3,1,1,NaN,1,NaN,NaN,,NaN,,NaN,,68,NaN,60,NaN,1,4,1,1,1,1,2,1,1,1,1,1,1,1,1,1,1,1,1,2,1,1,722598.861,4345488.674,-10.89,Cob,12800,0,0,0,18,1
10405,3,2007460006347,3,10,1,3,1,4,2,CV-35,16,16,0,0,1,2,3,2,3,4,2,2,2,2,2,2,7,7,8,1,1,1,9,14,2,1,1,NaN,1,4,NaN,,NaN,,NaN,,NaN,NaN,NaN,NaN,2,4,2,1,1,1,1,1,1,1,1,1,1,1,1,1,1,1,1,2,1,1,711685.092,4384877.705,80.474,Per,43000,0,0,0,9,1
10406,3,2007460006359,3,10,3,6,3,1,1,CV-300,8,8,0,1,1,5,1,2,3,3,2,2,1,1,2,2,4,3,6,1,1,1,5,14,1,1,1,NaN,2,NaN,NaN,,21,21,NaN,,NaN,NaN,NaN,NaN,1,4,1,1,1,1,1,1,2,1,1,1,1,1,1,1,1,1,1,2,1,1,730092.708,4385101.048,1.862,Cob,0,0,1,0,19,6
10407,3,2007460006360,3,10,4,5,4,1,1,CV-610,21.8,21,8,1,1,5,3,2,3,1,2,1,1,2,2,2,7,7,8,3,1,4,2,14,1,1,1,NaN,2,NaN,NaN,,NaN,,NaN,,67,NaN,60,NaN,1,4,1,1,1,1,1,1,2,1,1,1,1,1,1,1,1,1,1,2,1,2,718281.016,4318536.336,86.571,Cob,3429,0,0,0,16,2
10411,3,2007460006395,3,10,2,3,2,1,2,CV-410,4,4,0,0,1,5,2,2,3,3,2,1,2,2,2,2,2,1,8,1,1,1,9,14,3,1,1,NaN,1,3,NaN,,NaN,,NaN,,NaN,NaN,NaN,NaN,1,4,1,1,1,1,1,1,2,1,1,1,1,1,1,1,1,1,1,2,2,1,717332.473,4372266.354,36.033,Pri,31883,0,0,1,8,6
10414,3,2007460006403,3,10,1,5,1,4,3,CV-36,0.5,0,5,1,1,2,3,2,3,4,2,2,2,1,2,2,7,7,8,1,1,1,9,14,2,1,3,NaN,2,NaN,NaN,,NaN,,NaN,,NaN,NaN,NaN,71,1,4,1,1,1,1,1,1,1,1,1,1,1,1,1,1,1,1,2,2,1,2,711530.066,4368947.207,70.029,Pri,75417,0,0,1,15,1
10422,3,2007460006413,3,10,4,4,4,1,8,CV-40,23,23,0,1,1,2,3,2,3,4,2,2,2,1,2,2,7,7,8,3,1,5,4,14,2,1,3,NaN,2,5,NaN,,NaN,,NaN,,NaN,NaN,NaN,NaN,1,4,1,1,1,1,1,2,1,1,1,1,1,1,1,1,1,1,1,2,1,1,710401.193,4317648.294,104.323,Cob,19200,0,0,0,12,1