Id,Ano,Numero_Accidente,Provincia,Mes,Dia,Hora,Dia_Semana,Tipo_Dia,Vehiculos_Implicados,Carretera,Pk,Km,Hm,Sentido,Zona,Tipo_Via,Anchura_Calzada,Anchura_Carril,Marcas_Viales,Arcen,Arcen_Pavimentado,Mediana,Barrera_Seguridad,Paneles_Direccionales,Hitos_Arista,Captafaros,Interseccion_Tipo,Interseccion_Acondicionamiento,Prioridad_Regulada_por,Superficie,Luminosidad,Factores_Atmosfericos,Visibilidad_Restringida_por,Otras_Circunstancias,Senalizacion_Peligro,Aceras,Arboles,Arboles_Metros_Calzada,Visibilidad_Senalizacion_Vertical,Colision_Vehiculos_Marcha,Colision_Vehiculo_Obstaculo_1,Colision_Vehiculo_Obstaculo_2,Atropello_1,Atropello_2,Vuelco_1,Vuelco_2,Salida_Sin_Colision,Salida_Con_Colision,Lado_Salida,Otro,Circulacion,Circulacion_Medidas_Especiales,Distraccion,Inexperiencia_Conductor,Alcohol_Drogas,Cansancio_Sueno,Enfermedad,Velocidad_Inadecuada,Infraccion_Norma_Circulacion,Estado_Condicion_Via,Estado_Condicion_Senalizacion,Tramo_Obras,Mal_Estado_Vehiculo,Averia_Mecanica,Meteorologia_Adversa,Irrupcion_Animal,Circular_Sentido_Contrario,Otro_Factor,Sin_Opinion_Definida,Pendiente,Curvatura,Peralte,GPS_x,GPS_y,GPS_z,Tipo_Est,IMD,N_Muertos,N_Graves,N_Leves,Hora_Real,Fuera_o_Interseccion
10423,3,2007460006435,3,10,6,3,6,2,1,CV-41,18.1,18,1,0,1,5,3,2,3,3,2,1,2,1,2,2,7,7,8,1,1,1,9,14,3,2,1,NaN,2,NaN,NaN,,NaN,,NaN,,NaN,51,50,NaN,1,4,2,1,2,2,1,1,1,1,1,1,1,1,1,1,1,1,1,2,1,1,715499.037,4321217.07,54.656,Cob,9333,0,1,0,10,1
10426,3,2007460006461,3,10,3,6,3,1,2,CV-35,12,12,0,0,1,2,2,2,3,2,2,1,2,2,2,2,5,1,8,1,3,1,9,8,2,1,1,NaN,1,NaN,NaN,,NaN,,NaN,,NaN,NaN,NaN,71,1,4,1,1,1,1,1,1,1,2,1,1,1,2,1,1,1,2,1,2,1,1,714879.194,4382530.859,92.225,Per,76000,0,0,1,21,6
10428,3,2007460006463,3,10,4,5,4,1,2,CV-35,4,4,0,1,1,2,3,2,3,4,2,2,2,1,2,2,3,1,4,3,1,4,9,14,3,1,1,NaN,1,4,NaN,,NaN,,NaN,,NaN,NaN,NaN,NaN,1,4,1,1,1,1,1,1,1,1,1,1,1,1,1,1,1,1,2,2,2,2,654769.303,4422941.759,930.62,Per,125000,0,0,0,15,6
10429,3,2007460006474,3,10,8,1,1,1,1,CV-42,19,19,0,1,1,5,2,2,3,3,2,1,1,1,2,2,7,7,5,1,5,1,2,14,2,1,1,NaN,1,NaN,NaN,,NaN,,NaN,,NaN,62,60,NaN,1,4,1,2,1,1,1,1,1,1,1,1,1,1,1,1,1,1,1,2,1,1,720796.054,4338627.015,-8.683,Cob,3068,0,0,1,2,2
10430,3,2007460006476,3,10,6,3,6,2,1,CV-33,5.6,5,6,0,1,5,3,2,3,4,2,2,2,1,2,2,7,7,8,1,5,1,9,14,2,1,1,NaN,1,NaN,NaN,,NaN,,NaN,,NaN,62,60,NaN,1,4,1,1,2,1,1,1,1,1,1,1,1,1,1,1,1,1,1,2,1,1,720298.385,4366524.071,12.508,Sec,25971,0,0,0,7,2
10434,3,2007460006477,3,10,5,4,5,1,4,CV-35,9.9,9,9,0,1,5,3,2,3,3,2,2,2,2,2,2,7,7,7,1,1,1,9,8,3,1,1,NaN,1,4,NaN,,NaN,,NaN,,NaN,NaN,NaN,NaN,1,4,2,1,1,1,1,1,1,1,1,1,1,1,1,1,1,1,1,2,1,1,716529.094,4381303.622,86.746,Per,76000,0,0,1,14,1
10439,3,2007460006506,3,10,8,6,1,1,2,CV-35,12,12,0,1,1,2,3,2,3,3,2,1,2,2,2,2,5,1,4,1,3,1,9,14,3,1,1,NaN,1,4,NaN,,NaN,,NaN,,NaN,NaN,NaN,NaN,1,4,2,1,2,1,1,1,1,1,1,1,1,1,1,1,1,1,1,2,1,1,661202.653,4420688.86,896.801,Per,76000,0,0,2,20,6
10441,3,2007460006509,3,10,7,4,7,3,1,CV-500,20.1,20,1,1,1,5,3,2,3,2,2,1,2,2,1,1,5,1,4,1,1,1,9,14,1,1,3,NaN,2,NaN,NaN,,NaN,,NaN,,NaN,63,60,NaN,1,4,2,1,2,1,1,1,1,1,1,1,1,1,1,1,1,1,1,2,1,1,730641.762,4359574.576,-23.6,Cob,10345,0,0,0,11,6
10442,3,2007460006543,3,10,6,5,6,2,1,CV-50,51.8,51,8,0,1,5,3,2,3,3,2,1,1,1,2,1,7,7,5,1,1,1,2,14,2,1,1,NaN,1,NaN,NaN,,NaN,,NaN,,NaN,62,60,NaN,1,4,2,1,2,1,1,1,2,1,1,1,1,1,1,1,1,1,1,2,1,1,705074.923,4357789.702,123.108,Cob,1756,0,0,1,15,1
10443,3,2007460006559,3,10,9,1,2,3,1,CV-35,5,5,0,1,1,2,3,2,3,3,2,1,1,1,1,1,7,7,5,1,3,1,9,14,1,1,1,NaN,1,NaN,NaN,,NaN,,NaN,,NaN,63,60,NaN,1,4,2,2,1,1,1,1,1,1,1,1,1,1,1,1,1,1,1,2,1,1,655684.852,4423022.859,935.81,Per,125000,0,0,0,2,2
10447,3,2007460006572,3,10,8,6,1,1,2,CV-35,11,11,0,1,1,2,3,2,3,3,1,2,1,1,1,1,7,7,5,1,1,1,9,8,1,1,1,NaN,2,4,NaN,,NaN,,NaN,,NaN,NaN,NaN,NaN,1,4,2,1,1,1,1,1,1,1,1,1,1,1,1,1,1,1,1,2,1,1,660247.686,4420870.323,907.356,Per,76000,0,0,0,18,1
10448,3,2007460006574,3,10,10,5,3,1,1,CV-50,58.2,58,2,1,1,5,2,3,3,2,2,1,1,1,1,1,7,7,8,1,1,1,9,14,1,1,1,NaN,1,NaN,NaN,,NaN,,12,9,NaN,NaN,NaN,NaN,1,4,2,1,1,1,1,1,1,1,1,1,1,1,1,1,1,1,1,2,1,1,713163.81,4346063.213,36.822,Cob,1756,0,0,1,15,2
10450,3,2007460006595,3,10,7,4,7,3,2,CV-35,54.3,54,3,0,1,5,1,3,2,1,2,1,1,1,1,1,7,7,8,1,1,1,9,14,1,1,1,NaN,1,3,NaN,,NaN,,NaN,,NaN,NaN,NaN,NaN,1,4,1,1,1,1,1,1,2,1,1,1,1,1,1,1,1,1,1,2,1,1,680385.144,4396403.03,409.77,Sec,2211,0,0,1,11,1
10451,3,2007460006608,3,10,11,6,4,2,1,CV-50,0.3,0,3,0,1,5,3,2,3,3,2,1,1,1,1,1,7,7,8,1,5,1,9,14,2,1,1,NaN,1,NaN,NaN,,NaN,,NaN,,68,NaN,60,NaN,1,4,2,1,2,1,1,1,1,1,1,1,1,1,1,1,1,1,1,2,1,1,738403.07,4329256.283,-15.796,Cob,24553,0,0,0,21,1
10452,3,2007460006610,3,10,12,6,5,3,1,CV-41,8.5,8,5,1,1,5,2,2,3,3,2,1,1,1,2,1,5,1,8,3,1,4,9,14,3,1,1,NaN,1,NaN,NaN,,NaN,,NaN,,NaN,63,60,NaN,1,4,1,1,1,1,1,2,1,1,1,1,1,1,1,1,1,1,1,2,1,2,717239.867,4326208.89,24.383,Sec,6776,0,0,0,17,6
10454,3,2007460006614,3,10,12,2,5,3,2,CV-40,14.3,14,3,1,1,2,3,2,3,4,2,2,2,2,2,2,7,7,8,3,2,5,4,14,3,1,1,NaN,1,NaN,NaN,,NaN,,NaN,,NaN,64,60,NaN,1,4,1,1,1,1,1,2,1,1,1,1,1,1,1,1,1,1,1,2,1,2,710339.882,4310250.9,300.776,Cob,22757,0,0,1,6,1
10455,3,2007460006621,3,10,14,1,7,3,1,CV-585,0.4,0,4,1,1,5,3,2,3,3,2,1,1,1,1,2,7,7,8,7,4,1,9,14,1,1,1,NaN,2,NaN,NaN,,NaN,,NaN,,67,NaN,60,NaN,1,4,1,1,1,1,1,2,1,1,1,1,1,1,1,1,1,1,1,2,1,2,707941.069,4317421.589,149.45,Cob,4019,0,0,0,2,5
10456,3,2007460006622,3,10,14,3,7,3,1,CV-610,5.8,5,8,1,1,5,3,2,3,3,2,1,1,1,1,2,7,7,8,1,1,1,9,14,1,1,1,NaN,2,NaN,NaN,,NaN,,12,9,NaN,NaN,NaN,NaN,1,4,1,1,1,1,1,2,1,1,1,1,1,1,1,1,1,1,1,2,1,1,729935.946,4312818.828,219.606,Cob,6586,0,0,1,9,4
10457,3,2007460006623,3,10,11,3,4,2,1,CV-35,18.5,18,5,1,1,2,3,2,3,2,2,1,1,1,1,1,7,7,8,3,1,5,9,14,2,1,1,NaN,1,NaN,NaN,,NaN,,NaN,,NaN,54,50,NaN,1,4,1,1,1,1,1,1,1,1,1,1,1,1,1,1,1,1,2,2,2,2,663606.834,4415726.501,824.491,Per,43000,0,0,0,10,1
10458,3,2007460006634,3,10,14,4,7,3,1,CV-439,7.5,7,5,0,1,5,2,3,3,1,2,1,1,1,1,1,7,7,8,6,1,2,9,14,2,1,3,NaN,2,NaN,NaN,,NaN,,12,9,NaN,NaN,NaN,NaN,1,4,1,1,1,1,1,1,1,2,1,1,1,1,2,1,1,1,1,2,1,2,662612.873,4345776.754,595.947,Cob,739,0,0,1,11,5
10459,3,2007460006635,3,10,12,1,5,3,1,CV-35,12,12,0,0,1,2,3,2,3,1,2,2,2,2,1,1,7,7,8,3,3,5,4,14,3,1,1,NaN,1,NaN,NaN,,NaN,,NaN,,56,NaN,50,NaN,1,4,1,1,1,1,1,2,1,1,1,1,1,1,1,1,1,1,1,2,1,1,714798.276,4382596.51,93.691,Per,76000,0,0,0,1,1
10460,3,2007460006664,3,10,16,1,2,1,1,CV-42,9.5,9,5,1,1,5,3,2,3,2,2,1,1,2,1,2,5,1,4,1,4,1,9,14,1,1,1,NaN,1,NaN,NaN,,NaN,,NaN,,56,NaN,50,NaN,1,4,1,1,2,1,1,1,1,1,1,1,1,1,1,1,1,1,1,2,1,1,722657.744,4345969.952,-12.017,Cob,12800,0,0,1,1,6
10461,3,2007460006683,3,10,10,5,3,1,1,CV-31,1.1,1,1,1,1,5,2,2,3,3,2,1,2,2,2,2,7,7,8,1,1,1,9,14,3,1,1,NaN,1,NaN,NaN,,NaN,,12,9,NaN,NaN,NaN,NaN,1,4,1,1,2,1,1,1,1,1,1,1,1,1,1,1,1,1,1,2,1,1,721185.373,4377680.121,29.093,Sec,72820,0,0,0,15,2
10462,3,2007460006685,3,10,15,3,1,1,1,CV-35,5,5,0,1,1,5,3,2,3,4,2,2,2,2,2,2,7,7,7,1,1,1,9,14,3,1,1,NaN,1,NaN,NaN,,NaN,,NaN,,NaN,NaN,NaN,71,1,4,1,1,1,1,1,1,1,1,1,1,1,1,1,1,1,1,2,2,1,1,655684.852,4423022.859,935.81,Per,125000,0,0,0,8,1
10465,3,2007460006686,3,10,15,3,1,1,3,CV-36,3,3,0,1,1,2,3,2,3,4,2,2,2,2,2,2,7,7,7,1,1,1,9,14,3,1,1,NaN,1,4,NaN,,NaN,,NaN,,NaN,NaN,NaN,NaN,2,4,2,1,1,1,1,1,1,1,1,1,1,1,1,1,1,1,1,2,1,1,719350.227,4369121.098,19.23,Pri,75417,0,0,3,9,1
10466,3,2007460006701,3,10,16,3,2,1,1,CV-50,0,0,0,0,1,5,2,2,3,3,2,1,2,1,2,2,1,1,3,3,1,4,9,14,1,1,1,NaN,1,NaN,NaN,,NaN,,NaN,,67,NaN,60,NaN,1,4,1,1,1,1,1,2,1,1,1,1,1,1,1,1,1,1,1,2,1,1,738596.336,4329435.479,-17.638,Cob,24553,0,0,0,8,6
10467,3,2007460006702,3,10,14,3,7,3,1,CV-300,0.4,0,4,1,1,5,3,2,3,4,2,1,2,2,2,2,5,1,4,1,1,1,9,14,1,1,3,NaN,2,NaN,NaN,,NaN,,12,9,NaN,NaN,NaN,NaN,1,4,1,1,1,1,1,2,1,1,1,1,1,1,1,1,1,1,1,2,1,1,727441.672,4378697.808,42.071,Pri,15329,0,1,0,9,6
10469,3,2007460006712,3,10,15,4,1,1,2,CV-300,0.1,0,1,0,1,5,3,2,3,3,2,1,1,1,1,1,1,1,4,1,1,1,9,14,1,1,1,NaN,1,2,NaN,,NaN,,NaN,,NaN,NaN,NaN,NaN,1,4,2,1,1,1,1,1,2,1,1,1,1,1,1,1,1,1,1,2,1,1,727870.31,4388109.205,50.028,Pri,15329,0,0,3,12,6
10471,3,2007460006743,3,10,17,4,3,1,2,CV-407,3.5,3,5,0,1,5,2,2,3,3,2,2,2,1,1,1,7,7,8,1,1,1,9,14,3,1,1,NaN,1,NaN,30,29,NaN,,NaN,,NaN,NaN,NaN,NaN,1,4,2,1,1,1,1,1,1,1,1,1,1,1,1,1,1,1,1,2,1,1,724069.377,4368020.767,-5.755,Sec,11043,0,1,0,14,1
10472,3,2007460006757,3,10,14,4,7,3,1,CV-245,11.6,11,6,0,1,5,2,2,3,3,2,1,2,2,2,2,7,7,5,1,1,1,9,14,1,1,3,NaN,2,NaN,NaN,,NaN,,NaN,,NaN,54,50,NaN,1,4,1,2,1,1,1,2,2,1,1,1,1,1,1,1,1,1,1,2,2,2,697032.434,4404355.748,699.039,Cob,702,0,0,1,12,4
10474,3,2007460006767,3,10,17,5,3,1,2,CV-31,2.5,2,5,1,1,3,3,2,3,4,2,2,2,1,2,2,3,1,4,3,1,1,9,14,3,1,3,NaN,2,2,NaN,,NaN,,NaN,,NaN,NaN,NaN,NaN,1,4,1,1,1,1,1,1,2,1,1,1,1,1,1,1,1,1,1,2,1,1,720788.191,4376506.447,23.135,Cob,63370,0,0,0,15,6
10476,3,2007460006821,3,10,18,6,4,1,2,CV-35,4.4,4,4,1,1,2,3,2,3,4,2,2,2,1,2,2,3,1,4,1,1,1,9,14,1,1,1,NaN,2,4,NaN,,NaN,,NaN,,NaN,NaN,NaN,NaN,1,4,1,1,1,1,1,1,1,1,1,1,1,1,1,1,1,1,2,2,1,1,655152.613,4422966.049,944.691,Per,125000,0,0,2,19,6
10478,3,2007460006825,3,10,18,6,4,1,2,CV-35,3,3,0,1,1,2,3,2,3,4,2,2,2,1,2,2,7,7,8,3,2,4,9,14,3,1,1,NaN,1,4,NaN,,NaN,,NaN,,NaN,NaN,NaN,NaN,1,4,2,1,1,1,1,1,1,1,1,1,1,1,2,1,1,1,1,2,1,1,654462.088,4422571.739,887.738,Per,125000,0,0,0,19,1
10481,3,2007460006832,3,10,19,3,5,1,3,CV-41,2.1,2,1,1,1,5,3,2,3,3,2,1,1,1,1,1,5,3,4,3,1,1,9,14,3,1,1,NaN,2,4,NaN,,NaN,,NaN,,NaN,NaN,NaN,NaN,1,4,2,1,1,1,1,1,1,1,1,1,1,1,1,1,1,1,1,2,1,2,715640.721,4320753.777,55.926,Cob,15453,0,0,1,9,7
10484,3,2007460006837,3,10,18,3,4,1,2,CV-35,6,6,0,1,1,2,3,2,3,3,2,2,2,2,2,2,7,7,8,3,1,5,9,14,3,1,1,NaN,1,4,NaN,,NaN,,NaN,,NaN,NaN,NaN,NaN,1,4,1,1,1,1,1,1,2,1,1,1,1,1,2,1,1,1,1,2,1,1,656613.793,4422984.476,951.347,Per,93000,0,0,0,9,1
10485,3,2007460006844,3,10,20,6,6,2,1,CV-35,14.1,14,1,1,1,2,3,2,3,3,2,2,2,1,1,1,7,7,8,1,5,1,9,8,1,1,3,NaN,2,NaN,NaN,,NaN,,NaN,,NaN,52,50,NaN,1,3,2,1,2,1,1,1,1,1,1,1,1,1,1,1,1,1,1,2,2,3,662381.685,4419196.42,904.981,Per,76000,0,0,1,22,1
10488,3,2007460006851,3,10,18,6,4,1,3,CV-35,6,6,0,1,1,2,3,2,3,4,2,2,2,2,2,2,7,7,8,3,4,9,9,14,2,1,1,NaN,2,5,NaN,,NaN,,NaN,,NaN,NaN,NaN,NaN,3,4,1,1,1,1,1,1,2,1,1,1,1,1,1,1,1,1,1,2,1,1,656613.793,4422984.476,951.347,Per,93000,0,0,0,20,1
10489,3,2007460006858,3,10,19,6,5,1,1,CV-33,5.6,5,6,1,1,5,3,2,3,4,2,2,2,2,2,2,7,7,8,1,1,1,9,14,3,1,1,NaN,1,NaN,NaN,,NaN,,NaN,,NaN,53,50,NaN,1,4,2,1,1,1,1,1,1,1,1,1,1,1,1,1,1,1,1,2,1,1,722618.711,4363682.933,-10.744,Sec,25971,0,0,1,17,1
10492,3,2007460006859,3,10,18,3,4,1,3,CV-35,6,6,0,1,1,5,3,2,3,4,2,2,2,2,2,2,7,7,8,1,1,1,9,14,3,1,1,NaN,1,5,NaN,,NaN,,NaN,,NaN,NaN,NaN,NaN,3,4,1,1,1,1,1,1,2,1,1,1,1,1,2,1,1,1,1,2,1,1,656613.793,4422984.476,951.347,Per,93000,0,0,3,9,2
10494,3,2007460006861,3,10,20,1,6,2,1,CV-300,4.7,4,7,0,1,5,3,2,3,3,2,2,2,2,2,2,5,1,4,1,3,1,9,14,3,1,1,NaN,1,NaN,NaN,,NaN,,NaN,,NaN,53,50,NaN,1,4,1,1,1,1,1,2,1,1,1,1,1,1,1,1,1,1,1,2,1,1,729978.007,4384772.579,12.082,Cob,19581,0,0,0,0,6
10499,3,2007460006866,3,10,19,6,5,1,2,CV-35,28.5,28,5,0,1,5,3,2,3,3,2,1,2,2,1,1,5,1,8,1,4,1,9,8,1,1,1,NaN,2,4,NaN,,NaN,,NaN,,NaN,NaN,NaN,NaN,1,4,1,1,1,1,1,2,1,1,1,1,1,1,1,1,1,1,1,2,1,1,703563.586,4391224.522,156.46,Per,11000,0,0,0,20,6
10500,3,2007460006878,3,10,21,1,7,3,1,CV-365,0.5,0,5,0,1,5,3,2,3,3,2,2,2,2,2,2,7,7,8,3,3,4,9,14,1,1,1,NaN,1,NaN,NaN,,NaN,,NaN,,NaN,62,60,NaN,1,4,1,1,1,1,1,2,1,1,1,1,1,1,1,1,1,1,1,2,1,2,721306.014,4376837.785,32.757,Cob,51500,0,0,0,2,2
10502,3,2007460006898,3,10,15,2,1,1,2,CV-300,6,6,0,1,1,5,3,2,3,3,2,2,2,2,2,2,5,1,4,1,3,1,9,14,1,1,1,NaN,1,2,NaN,,NaN,,NaN,,NaN,NaN,NaN,NaN,1,4,2,1,1,1,1,1,1,1,1,1,1,1,1,1,1,1,1,2,1,1,729533.666,4383255.038,-1.979,Cob,19581,0,1,0,5,6
10503,3,2007460006919,3,10,22,3,1,1,1,CV-50,51,51,0,1,1,5,2,2,2,3,2,1,1,1,2,2,7,7,8,1,1,1,9,14,2,1,3,NaN,1,NaN,NaN,,NaN,,NaN,,68,NaN,60,NaN,1,4,1,1,1,1,1,1,1,1,1,1,1,1,1,1,1,2,1,2,1,1,708848.092,4351288.708,84.322,Cob,1756,0,0,0,9,3
10505,3,2007460006949,3,10,23,5,2,1,2,CV-40,21,21,0,0,1,2,3,2,3,3,2,2,2,2,2,2,3,6,4,1,1,1,9,14,1,1,1,NaN,2,2,NaN,,NaN,,NaN,,NaN,NaN,NaN,NaN,1,4,1,1,1,1,1,1,2,1,1,1,1,1,1,1,1,1,1,2,1,1,711731.848,4301239.899,318.392,Cob,19200,0,0,0,16,6
10507,3,2007460006953,3,10,23,5,2,1,2,CV-32,0.2,0,2,0,1,7,3,2,3,3,2,2,2,1,2,2,5,1,4,1,1,1,9,14,1,1,3,NaN,2,4,NaN,,NaN,,NaN,,NaN,NaN,NaN,NaN,1,4,1,1,1,1,1,1,1,1,1,1,1,1,1,1,1,1,2,2,2,1,732392.066,4381689.679,-16.771,Per,34650,0,0,0,16,6
10509,3,2007460006963,3,10,23,3,2,1,2,CV-35,7.9,7,9,0,1,2,2,2,3,3,2,2,1,1,1,1,4,1,8,3,1,4,9,14,2,1,1,NaN,1,4,NaN,,NaN,,NaN,,NaN,NaN,NaN,NaN,2,4,2,1,1,1,1,1,1,1,1,1,1,1,1,1,1,1,1,2,1,1,718313.367,4380472.539,86.029,Per,93000,0,0,0,9,6
10510,3,2007460006969,3,10,12,1,5,3,1,CV-36,1.1,1,1,0,1,2,2,2,3,4,2,2,1,1,1,1,7,7,5,3,4,5,9,14,3,1,1,NaN,1,NaN,NaN,,NaN,,NaN,,NaN,63,60,NaN,1,4,1,1,1,1,1,1,1,2,1,2,1,1,2,1,1,1,1,2,1,1,717052.918,4369504.12,39.602,Pri,75417,0,0,1,4,1
10521,3,2007460007060,3,10,26,3,5,1,2,CV-35,27.1,27,1,0,1,2,3,2,3,2,2,1,2,2,1,1,7,7,8,1,4,1,2,8,1,1,3,NaN,2,1,NaN,,NaN,,NaN,,NaN,NaN,NaN,NaN,1,4,2,1,1,1,1,1,1,1,1,1,1,1,1,1,1,1,1,2,1,1,704637.875,4390506.632,161.543,Per,11000,2,2,9,8,2
10523,3,2007460007061,3,10,24,5,3,1,2,CV-31,0.8,0,8,0,1,5,3,2,3,4,2,2,2,1,2,2,4,1,8,1,1,1,9,14,1,1,1,NaN,2,4,NaN,,NaN,,NaN,,NaN,NaN,NaN,NaN,1,4,1,1,1,1,1,1,1,1,1,1,1,1,1,1,1,2,1,2,1,1,721325.119,4375175.823,9.416,Cob,71940,0,0,1,16,6
10524,3,2007460007076,3,10,25,2,4,1,1,CV-35,12.8,12,8,0,1,2,3,2,3,4,2,2,2,1,2,2,7,7,8,3,5,5,9,8,1,1,1,NaN,1,NaN,NaN,,NaN,,NaN,,NaN,62,60,NaN,1,4,1,1,1,1,1,1,1,1,1,1,1,1,1,1,1,2,1,2,1,1,714257.025,4383031.485,102.005,Per,76000,0,0,0,5,1
10525,3,2007460007098,3,10,25,6,4,1,1,CV-515,1.8,1,8,1,1,5,3,2,3,3,2,1,2,2,2,1,7,7,8,1,4,1,9,14,3,1,3,NaN,1,NaN,NaN,,NaN,,NaN,,67,NaN,60,NaN,1,4,2,1,1,1,1,1,1,1,1,1,1,1,1,1,1,1,1,2,1,1,730279.485,4343656.884,0.395,Cob,6809,0,0,1,19,2
10529,3,2007460007106,3,10,24,3,3,1,4,CV-35,11,11,0,1,1,2,3,2,3,4,2,2,2,1,2,2,7,7,8,3,4,4,9,14,2,1,1,NaN,2,4,NaN,,NaN,,NaN,,NaN,NaN,NaN,NaN,2,4,2,1,1,1,1,2,1,1,1,1,1,1,1,1,1,1,1,2,1,1,660247.686,4420870.323,907.356,Per,76000,0,0,2,7,1
10530,3,2007460007111,3,10,27,2,6,2,1,CV-35,27,27,0,0,1,5,2,2,3,2,2,1,1,1,1,1,7,7,8,1,3,1,9,8,1,1,1,NaN,1,NaN,NaN,,NaN,,NaN,,NaN,54,50,NaN,1,4,1,1,2,1,1,2,1,1,1,2,1,1,1,1,1,1,1,2,1,1,704807.542,4390393.678,164.817,Per,11000,0,0,1,5,2
10532,3,2007460007113,3,10,27,4,6,2,1,CV-245,11.5,11,5,0,1,5,2,3,3,1,2,1,1,2,1,1,7,7,8,1,1,1,9,14,3,1,3,NaN,2,NaN,NaN,,NaN,,NaN,,NaN,54,50,NaN,1,4,1,1,1,1,1,2,1,1,1,1,1,1,1,1,1,1,1,2,2,3,697197.849,4404273.035,691.551,Cob,702,1,0,0,11,3
10533,3,2007460007114,3,10,26,6,5,1,1,CV-40,0.3,0,3,0,1,2,3,2,3,4,2,2,2,2,2,2,7,7,8,1,2,1,9,14,1,1,1,NaN,2,NaN,NaN,,NaN,,12,9,NaN,NaN,NaN,NaN,1,4,1,1,1,1,1,1,2,1,1,1,1,1,1,1,1,1,1,2,1,2,709485.558,4319090.869,156.786,Cob,24000,0,0,0,19,5
10537,3,2007460007116,3,10,27,4,6,2,2,CV-41,1.5,1,5,0,1,5,2,2,3,2,2,1,1,1,2,2,1,1,8,2,1,4,9,8,1,1,3,NaN,2,2,NaN,,NaN,,NaN,,NaN,NaN,NaN,NaN,1,3,1,1,1,1,1,1,2,1,1,1,1,1,1,1,1,1,1,2,1,1,721060.997,4335122.904,3.565,Cob,15453,0,0,3,13,6
10541,3,2007460007118,3,10,27,6,6,2,4,CV-35,3,3,0,0,1,2,3,2,3,4,2,2,2,2,2,2,7,7,8,1,4,1,9,14,2,1,1,NaN,1,5,NaN,,NaN,,NaN,,NaN,NaN,NaN,NaN,1,4,2,1,1,1,1,2,2,1,1,1,1,1,1,1,1,1,1,2,1,1,721342.935,4376757.345,36.184,Per,125000,0,0,3,22,2
10545,3,2007460007129,3,10,26,3,5,1,4,CV-31,2,2,0,0,1,5,3,2,2,4,2,2,2,2,2,2,7,7,8,1,1,1,9,14,3,1,1,NaN,1,5,NaN,,NaN,,NaN,,NaN,NaN,NaN,NaN,1,4,2,1,1,1,1,1,2,1,1,1,1,1,1,1,1,1,1,2,1,1,720883.481,4376267.103,21.509,Cob,65359,0,0,1,8,1
10546,3,2007460007131,3,10,26,4,5,1,1,CV-35,4,4,0,1,1,2,3,2,3,4,2,2,2,2,2,1,7,7,8,1,1,1,9,14,3,1,1,NaN,1,NaN,NaN,,NaN,,NaN,,NaN,64,60,NaN,1,4,2,1,1,1,1,1,1,1,1,1,1,1,1,1,1,1,1,2,2,2,654769.303,4422941.759,930.62,Per,125000,0,0,1,12,1
10548,3,2007460007138,3,10,28,4,7,3,2,CV-235,24.5,24,5,1,1,5,3,2,3,3,2,1,1,1,1,1,7,7,8,1,1,1,9,14,2,1,1,NaN,1,3,NaN,,NaN,,NaN,,NaN,NaN,NaN,NaN,1,4,1,1,1,1,1,1,2,1,1,1,1,1,1,1,1,1,1,2,1,1,701877.273,4422403.243,663.749,Cob,94,0,0,1,12,2
10550,3,2007460007145,3,10,26,2,5,1,2,CV-30,1,1,0,1,1,2,3,2,3,4,2,2,2,1,2,2,7,7,5,2,3,4,2,14,3,1,1,NaN,1,4,NaN,,NaN,,NaN,,NaN,NaN,NaN,NaN,1,4,2,1,1,1,1,1,2,1,1,1,1,1,1,1,1,1,1,2,1,1,721479.381,4374982.087,9.791,Pri,61844,0,0,0,6,1
10551,3,2007460007146,3,10,28,6,7,3,1,CV-512,0.4,0,4,1,1,5,3,2,3,3,2,1,1,1,1,1,7,7,8,1,1,1,9,14,1,1,1,NaN,1,NaN,NaN,,NaN,,NaN,,NaN,51,50,NaN,1,4,2,1,1,1,1,1,1,1,1,1,1,1,1,1,1,1,1,2,1,1,723486.903,4341092.747,-5.167,Cob,13566,0,0,2,18,2
10553,3,2007460007148,3,10,24,6,3,1,2,CV-36,2.1,2,1,1,1,2,3,2,3,4,2,2,2,1,2,2,7,7,8,3,4,4,9,14,1,1,1,NaN,2,4,NaN,,NaN,,NaN,,NaN,NaN,NaN,NaN,2,4,2,1,2,1,1,1,2,1,1,1,1,1,1,1,1,1,1,2,1,2,718509.917,4369348.345,14.33,Pri,75417,0,0,1,19,1
10554,3,2007460007164,3,10,28,5,7,3,1,CV-500,4.4,4,4,0,1,5,3,2,3,4,2,2,1,1,2,2,4,1,8,1,1,1,9,14,3,1,1,NaN,2,NaN,NaN,,NaN,,NaN,,NaN,64,60,NaN,1,4,2,1,2,1,1,1,1,1,1,1,1,1,1,1,1,1,1,2,1,1,729161.231,4366154.984,-17.018,Pri,17500,0,0,1,15,6
10556,3,2007460007232,3,10,30,3,2,1,2,CV-50,8.6,8,6,0,1,5,3,2,3,2,2,1,1,1,1,2,7,7,8,1,1,1,9,14,3,1,1,NaN,1,4,NaN,,NaN,,NaN,,NaN,NaN,NaN,NaN,1,4,2,1,1,1,1,1,1,1,1,1,1,1,1,1,1,1,1,2,1,1,731086.789,4328975.739,70.295,Cob,13183,0,0,0,9,1