Id,Ano,Numero_Accidente,Provincia,Mes,Dia,Hora,Dia_Semana,Tipo_Dia,Vehiculos_Implicados,Carretera,Pk,Km,Hm,Sentido,Zona,Tipo_Via,Anchura_Calzada,Anchura_Carril,Marcas_Viales,Arcen,Arcen_Pavimentado,Mediana,Barrera_Seguridad,Paneles_Direccionales,Hitos_Arista,Captafaros,Interseccion_Tipo,Interseccion_Acondicionamiento,Prioridad_Regulada_por,Superficie,Luminosidad,Factores_Atmosfericos,Visibilidad_Restringida_por,Otras_Circunstancias,Senalizacion_Peligro,Aceras,Arboles,Arboles_Metros_Calzada,Visibilidad_Senalizacion_Vertical,Colision_Vehiculos_Marcha,Colision_Vehiculo_Obstaculo_1,Colision_Vehiculo_Obstaculo_2,Atropello_1,Atropello_2,Vuelco_1,Vuelco_2,Salida_Sin_Colision,Salida_Con_Colision,Lado_Salida,Otro,Circulacion,Circulacion_Medidas_Especiales,Distraccion,Inexperiencia_Conductor,Alcohol_Drogas,Cansancio_Sueno,Enfermedad,Velocidad_Inadecuada,Infraccion_Norma_Circulacion,Estado_Condicion_Via,Estado_Condicion_Senalizacion,Tramo_Obras,Mal_Estado_Vehiculo,Averia_Mecanica,Meteorologia_Adversa,Irrupcion_Animal,Circular_Sentido_Contrario,Otro_Factor,Sin_Opinion_Definida,Pendiente,Curvatura,Peralte,GPS_x,GPS_y,GPS_z,Tipo_Est,IMD,N_Muertos,N_Graves,N_Leves,Hora_Real,Fuera_o_Interseccion
10558,3,2007460007233,3,10,31,5,3,2,2,CV-81,10.9,10,9,0,1,5,2,2,3,1,2,1,2,2,2,2,7,7,8,1,1,1,2,14,1,1,1,NaN,2,2,NaN,,NaN,,NaN,,NaN,NaN,NaN,NaN,1,4,1,1,1,1,1,1,2,1,1,1,1,1,1,1,1,1,1,2,2,3,709470.106,4295905.243,497.665,Cob,6043,0,0,1,16,5
10560,3,2007460007234,3,10,31,6,3,2,2,CV-41,15.9,15,9,0,1,5,2,2,3,3,2,1,2,2,2,2,1,6,8,1,4,1,9,14,1,1,3,NaN,2,2,NaN,,NaN,,NaN,,NaN,NaN,NaN,NaN,1,4,1,1,1,1,1,1,2,1,1,1,1,1,1,1,1,1,1,2,1,1,716265.017,4323171.457,61.985,Cob,9333,0,0,1,21,6
10565,3,2007460007242,3,10,31,4,3,1,5,CV-35,13,13,0,0,1,2,3,2,3,3,2,2,2,2,2,2,7,7,8,1,1,1,9,14,3,1,1,NaN,2,5,NaN,,NaN,,NaN,,NaN,NaN,NaN,NaN,1,4,1,1,1,1,1,1,1,1,1,1,1,1,1,1,1,1,2,2,1,1,714102.074,4383155.325,100.375,Per,76000,0,0,1,13,1
10570,3,2007460007245,3,10,31,3,3,1,5,CV-35,11.5,11,5,0,1,2,2,2,3,4,2,2,2,2,2,2,7,7,8,1,1,1,9,14,3,1,1,NaN,1,5,NaN,,NaN,,NaN,,NaN,NaN,NaN,NaN,1,4,1,1,1,1,1,1,1,1,1,1,1,1,1,1,1,1,2,2,1,1,715236.341,4382187.139,90.677,Per,76000,0,0,0,9,1
10574,3,2007460007249,3,10,31,6,3,2,4,CV-400,1.5,1,5,1,1,5,3,2,3,3,2,1,2,2,2,2,7,7,8,1,4,1,9,14,3,1,3,NaN,2,5,NaN,,NaN,,NaN,,NaN,NaN,NaN,NaN,2,4,2,1,1,1,1,1,1,1,1,1,1,1,1,1,1,1,1,2,1,1,722807.554,4365176.756,-5.681,Pri,31654,0,0,1,19,1
10576,3,2007460007256,3,10,31,6,3,2,2,CV-407,3,3,0,1,1,5,3,2,3,3,2,1,1,1,1,1,5,1,8,1,2,1,9,14,3,1,1,NaN,2,2,NaN,,NaN,,NaN,,NaN,NaN,NaN,NaN,1,4,2,1,1,1,1,1,2,1,1,1,1,1,1,1,1,1,1,2,1,1,722349.612,4368515.917,4.993,Sec,11043,0,0,0,18,6
10580,3,2007460007261,3,11,3,4,6,2,2,CV-41,13,13,0,1,1,5,3,2,3,3,2,1,2,1,2,2,7,7,8,1,1,1,9,14,2,1,1,NaN,1,3,NaN,,NaN,,NaN,,NaN,NaN,NaN,NaN,1,4,1,1,1,1,1,1,2,1,1,1,1,1,1,1,1,1,1,2,2,1,718047.379,4330215.779,5.397,Cob,9333,0,0,1,12,1
10581,3,2007460007266,3,11,1,2,4,3,1,CV-33,7,7,0,0,1,5,3,2,3,4,2,2,1,1,2,1,7,7,8,1,4,1,9,8,1,1,1,NaN,1,NaN,NaN,,NaN,,NaN,,65,NaN,60,NaN,1,4,2,1,2,2,1,1,1,1,1,1,1,1,1,1,1,1,1,2,1,2,719777.749,4367581.262,16.934,Pri,51000,0,0,0,6,1
10585,3,2007460007267,3,11,1,3,4,3,4,CV-500,13.1,13,1,0,1,5,3,2,3,3,2,1,1,1,2,1,3,4,8,1,1,1,9,14,3,1,1,NaN,1,5,NaN,,NaN,,NaN,,NaN,NaN,NaN,NaN,1,4,1,1,1,1,1,2,2,1,1,1,1,1,1,1,1,2,1,2,1,1,731357.7,4357820.96,-15.01,Sec,12997,0,0,2,9,6
10587,3,2007460007270,3,11,4,2,7,3,2,CV-50,75,75,0,0,1,5,2,2,3,4,1,1,2,2,1,1,7,7,8,1,3,1,9,14,3,1,1,NaN,1,3,NaN,,NaN,,NaN,,NaN,NaN,NaN,NaN,2,4,1,1,1,1,1,1,2,1,1,1,1,1,1,1,1,1,1,2,1,2,698808.835,4373943.166,205.199,Cob,5512,0,0,0,5,2
10588,3,2007460007272,3,11,4,6,7,3,1,CV-40,12.1,12,1,0,1,2,3,2,3,4,2,2,2,1,2,2,7,7,8,1,4,1,9,14,3,1,1,NaN,2,NaN,NaN,,21,24,NaN,,NaN,NaN,NaN,NaN,2,4,1,1,1,1,1,1,1,1,1,1,1,1,1,2,1,1,1,2,1,1,710343.784,4309493.168,289.464,Cob,22757,0,0,0,22,1
10589,3,2007460007273,3,11,4,3,7,3,1,CV-41,17.3,17,3,0,1,5,3,2,3,3,2,1,1,1,1,1,7,7,5,1,3,1,9,14,1,1,1,NaN,2,NaN,NaN,,NaN,,NaN,,66,NaN,60,NaN,1,4,1,1,1,1,1,1,1,1,1,1,1,1,1,1,1,1,2,2,1,1,715541.16,4321979.851,52.02,Cob,9333,0,0,0,7,1
10591,3,2007460007274,3,11,4,4,7,3,2,CV-41,18.1,18,1,0,1,5,3,2,3,3,2,1,1,1,1,1,1,1,5,1,1,1,9,14,2,1,1,NaN,1,NaN,NaN,,NaN,,NaN,,67,NaN,60,NaN,1,4,1,1,1,1,1,1,2,1,1,1,1,1,1,1,1,1,1,2,1,1,715520.259,4321120.119,55.151,Cob,9333,0,0,1,13,6
10592,3,2007460007287,3,11,1,5,4,3,1,CV-31,1,1,0,0,1,5,3,2,3,4,2,2,2,1,2,1,7,7,8,1,1,1,9,14,3,1,1,NaN,1,NaN,NaN,,NaN,,NaN,,NaN,64,60,NaN,1,4,2,1,1,1,1,1,1,1,1,1,1,1,1,1,1,1,1,2,1,1,721210.824,4375335.056,8.333,Sec,72820,0,0,0,15,1
10595,3,2007460007289,3,10,31,3,3,2,3,CV-35,11.8,11,8,0,1,2,3,2,3,4,2,2,2,1,2,2,7,7,8,1,1,1,9,14,3,1,1,NaN,2,5,NaN,,NaN,,NaN,,NaN,NaN,NaN,NaN,1,4,1,1,1,1,1,1,2,1,1,1,1,1,1,1,1,1,1,2,1,1,715023.109,4382394.354,91.616,Per,76000,0,0,3,8,1
10596,3,2007460007311,3,11,2,6,5,1,1,CV-35,7,7,0,1,1,2,3,2,3,3,2,2,2,2,2,1,7,7,8,1,3,1,9,14,1,1,1,NaN,2,NaN,NaN,,NaN,,NaN,,NaN,51,50,NaN,1,4,2,1,1,1,1,1,1,1,1,1,1,1,1,1,1,1,1,2,1,1,657177.082,4422332.73,982.471,Per,93000,0,0,1,19,2
10598,3,2007460007321,3,11,2,4,5,4,2,CV-686,3.5,3,5,0,1,5,3,2,3,3,2,1,1,1,1,1,5,1,4,1,1,1,9,14,1,1,1,NaN,2,2,NaN,,NaN,,NaN,,NaN,NaN,NaN,NaN,1,4,2,1,1,1,1,1,2,1,1,1,1,1,1,1,1,1,1,2,2,1,743608.789,4315901.824,7.837,Cob,23000,0,0,0,13,7
10600,3,2007460007338,3,11,3,4,6,2,2,CV-50,84.9,84,9,1,1,2,2,2,2,3,2,1,2,2,2,2,1,1,8,1,1,1,9,14,3,1,1,NaN,1,4,NaN,,NaN,,NaN,,NaN,NaN,NaN,NaN,1,4,1,1,1,1,1,2,2,1,1,1,1,1,1,1,1,2,1,2,1,1,731267.387,4328842.707,80.955,Cob,5512,0,0,1,11,6
10601,3,2007460007345,3,11,5,4,1,4,1,CV-35,15.5,15,5,0,1,2,3,2,3,4,2,2,2,1,1,1,7,7,8,1,1,1,9,8,1,1,1,NaN,2,NaN,30,32,NaN,,NaN,,NaN,NaN,NaN,NaN,1,4,1,1,1,1,1,1,1,1,2,1,1,1,1,1,1,1,1,2,1,1,712061.948,4384555.19,87.592,Per,76000,0,0,0,11,1
10602,3,2007460007370,3,10,19,3,5,1,1,CV-40,0.5,0,5,0,1,2,3,2,3,3,2,2,2,1,2,2,7,7,8,3,2,4,4,14,2,1,1,NaN,1,NaN,NaN,,NaN,,NaN,,NaN,52,50,NaN,1,4,1,2,1,1,1,2,1,1,1,1,1,1,2,1,1,1,1,2,1,1,709300.79,4319020.681,157.269,Cob,24000,0,0,1,8,1
10603,3,2007460007371,3,11,4,6,7,3,1,CV-585,0.2,0,2,0,1,5,3,2,3,3,2,1,1,1,1,1,7,7,8,1,5,1,2,14,1,1,1,NaN,2,NaN,NaN,,NaN,,NaN,,66,NaN,60,NaN,1,4,1,1,1,1,1,2,1,1,1,1,1,1,1,1,1,1,1,2,1,1,703355.421,4319617.565,206.493,Cob,4019,0,1,0,19,4
10607,3,2007460007383,3,11,6,3,2,1,4,CV-35,4.6,4,6,1,1,2,3,2,3,3,2,2,2,2,2,2,7,7,5,1,1,1,9,14,3,1,1,NaN,2,5,NaN,,NaN,,NaN,,NaN,NaN,NaN,NaN,2,4,1,1,1,1,1,1,2,1,1,1,1,1,1,1,1,1,1,2,1,1,655342.221,4422910.775,942.954,Per,125000,0,0,2,10,1
10608,3,2007460007395,3,11,6,6,2,1,1,CV-41,16.6,16,6,1,1,5,3,2,3,4,2,1,1,1,1,1,7,7,6,1,5,1,2,14,1,1,1,NaN,2,NaN,NaN,,21,24,NaN,,NaN,NaN,NaN,NaN,1,4,1,1,1,1,1,1,1,1,1,1,1,1,1,2,1,1,1,2,1,1,719660.602,4333169.924,-0.9,Cob,9333,0,0,0,19,4
10609,3,2007460007398,3,11,6,4,2,1,1,CV-50,25.8,25,8,1,1,5,2,3,3,3,2,1,2,1,1,1,7,7,5,1,1,1,9,14,3,1,1,NaN,1,NaN,NaN,,NaN,,NaN,,NaN,64,60,NaN,1,4,1,2,1,1,1,1,1,1,1,1,1,1,1,1,1,1,1,2,1,1,700009.645,4367353.235,254.472,Sec,29261,0,0,1,13,2
10611,3,2007460007410,3,11,4,1,7,3,2,CV-50,74.2,74,2,1,1,5,3,2,3,3,2,1,2,1,2,2,7,7,8,1,4,1,9,14,2,1,1,NaN,1,2,NaN,,NaN,,NaN,,NaN,NaN,NaN,NaN,1,4,2,1,1,1,1,1,1,1,1,1,1,1,1,1,1,1,1,2,1,1,723213.939,4335293.363,4.443,Cob,5512,0,0,2,1,1
10613,3,2007460007418,3,11,7,6,3,1,2,CV-50,18,18,0,1,1,5,3,2,3,3,2,2,2,2,2,2,5,1,5,1,2,1,9,14,3,1,1,NaN,1,3,NaN,,NaN,,NaN,,NaN,NaN,NaN,NaN,1,4,1,1,1,1,1,1,2,1,1,1,1,1,1,1,1,1,1,2,1,1,698654.49,4374356.904,205.852,Cob,15000,0,0,4,18,6
10615,3,2007460007449,3,11,6,3,2,1,2,CV-31,0.5,0,5,0,1,5,3,1,3,3,2,2,2,2,2,2,7,7,8,1,1,1,9,14,2,1,1,NaN,2,2,NaN,,NaN,,NaN,,NaN,NaN,NaN,NaN,1,4,2,1,1,1,1,1,1,1,1,1,1,1,1,1,1,1,1,2,2,2,721515.28,4374951.264,13.459,Cob,71940,0,0,1,10,1
10619,3,2007460007451,3,11,9,2,5,1,1,CV-42,18.6,18,6,1,1,5,3,2,3,4,2,2,2,1,2,2,1,1,5,1,4,1,9,14,2,1,3,NaN,2,NaN,NaN,,NaN,,NaN,,NaN,61,60,NaN,1,4,2,1,1,2,1,2,1,1,1,1,1,1,1,1,1,1,1,2,1,1,720840.845,4339016.061,-8.534,Cob,3068,1,0,4,6,6
10622,3,2007460007456,3,11,7,3,3,1,3,CV-36,3.5,3,5,0,1,2,3,2,3,4,2,2,2,2,2,2,3,1,4,1,1,1,9,14,1,1,1,NaN,2,4,NaN,,NaN,,NaN,,NaN,NaN,NaN,NaN,1,4,2,1,1,1,1,1,1,1,1,1,1,1,1,1,1,1,1,2,1,1,714714.686,4369269.587,52.254,Cob,36792,0,0,2,8,6
10625,3,2007460007476,3,11,8,3,4,1,3,CV-400,1.5,1,5,1,1,5,3,2,3,4,2,2,2,1,2,2,7,7,7,1,1,1,9,14,3,1,1,NaN,1,5,NaN,,NaN,,NaN,,NaN,NaN,NaN,NaN,1,4,1,1,1,1,1,1,1,1,1,1,2,2,1,1,1,1,1,2,1,1,722807.554,4365176.756,-5.681,Pri,31654,0,0,2,8,1
10628,3,2007460007511,3,11,10,2,6,2,2,CV-35,9.5,9,5,1,1,2,3,2,3,4,2,2,2,1,2,2,7,7,7,1,5,1,9,14,1,1,1,NaN,2,4,NaN,,NaN,,NaN,,NaN,NaN,NaN,NaN,1,4,2,1,1,1,1,1,1,1,1,1,1,2,1,1,1,1,1,2,1,1,658933.246,4421525.484,942.048,Per,76000,0,1,3,6,1
10629,3,2007460007516,3,11,10,1,6,2,1,CV-50,71,71,0,0,1,5,2,2,3,3,2,1,1,1,1,1,4,1,8,1,5,1,9,14,1,1,1,NaN,2,NaN,NaN,,NaN,,NaN,,56,NaN,50,NaN,1,4,2,1,2,1,1,1,1,1,1,1,1,1,1,1,1,1,1,2,1,1,698625.24,4370184.124,229,Sec,6288,0,0,0,1,6
10631,3,2007460007517,3,11,11,3,7,3,2,CV-585,2.3,2,3,1,1,5,3,2,3,3,2,1,2,2,1,1,7,7,5,2,1,1,3,14,1,1,1,NaN,2,3,NaN,,NaN,,NaN,,NaN,NaN,NaN,NaN,1,4,1,1,1,1,1,2,1,1,1,1,1,1,1,1,1,1,1,2,1,1,707296.831,4318882.144,203.733,Cob,4019,2,0,0,9,5
10632,3,2007460007522,3,11,11,3,7,3,1,CV-245,9,9,0,0,1,5,3,2,3,1,2,1,2,2,2,2,7,7,8,1,1,1,9,14,1,1,1,NaN,2,NaN,NaN,,NaN,,NaN,,NaN,64,60,NaN,1,4,2,1,1,1,1,1,1,1,1,1,1,1,1,1,1,2,1,2,2,3,696704.97,4402839.558,561.094,Cob,702,0,1,0,10,4
10633,3,2007460007530,3,11,9,1,5,1,1,CV-40,4.8,4,8,0,1,2,3,2,3,4,2,2,2,1,2,2,7,7,8,1,5,1,2,14,3,1,1,NaN,1,NaN,NaN,,21,24,NaN,,NaN,NaN,NaN,NaN,1,4,1,1,1,1,1,1,1,1,1,1,1,1,1,2,1,1,1,2,1,1,710934.723,4315810.102,122.804,Per,23900,0,0,0,23,2
10634,3,2007460007536,3,11,12,1,1,4,1,CV-300,9,9,0,1,1,5,3,2,3,3,2,1,1,1,1,1,5,1,4,1,3,1,9,14,1,1,3,NaN,2,NaN,NaN,,NaN,,NaN,,NaN,64,60,NaN,1,4,2,1,1,1,1,1,2,1,1,1,1,1,1,1,1,1,1,2,2,1,730181.358,4386096.465,8.705,Cob,0,0,0,0,0,6
10637,3,2007460007541,3,11,10,4,6,2,2,CV-35,28,28,0,0,1,2,3,2,3,1,2,1,1,1,1,1,5,1,8,1,1,1,9,14,1,1,3,NaN,2,3,NaN,,NaN,,NaN,,NaN,NaN,NaN,NaN,1,4,1,1,1,1,1,1,2,1,1,1,1,1,1,1,1,1,1,2,1,1,703978.766,4390947.283,147.526,Per,11000,0,0,1,14,6
10640,3,2007460007548,3,11,10,6,6,3,3,CV-572,1.7,1,7,0,1,5,3,2,3,3,2,1,1,1,2,2,7,7,8,1,1,1,9,14,3,1,1,NaN,2,4,NaN,,NaN,,NaN,,NaN,NaN,NaN,NaN,2,4,1,2,1,1,1,2,1,1,1,1,1,1,1,1,1,1,1,2,1,1,721949.009,4335643.858,1.436,Cob,14341,0,0,0,20,1
10642,3,2007460007550,3,11,10,4,6,2,2,CV-550,7,7,0,1,1,5,3,2,3,3,2,1,1,2,2,2,5,6,4,1,1,1,8,14,1,1,1,NaN,2,4,NaN,,NaN,,NaN,,NaN,NaN,NaN,NaN,1,4,1,1,1,1,1,1,2,1,1,1,1,1,1,1,1,1,1,2,1,1,714869.567,4334424.195,-4.1,Cob,12446,0,0,0,13,6
10647,3,2007460007559,3,11,12,4,1,1,5,CV-572,1,1,0,1,1,5,3,2,3,3,2,1,2,1,1,1,7,7,8,1,1,1,9,14,3,1,1,NaN,2,5,NaN,,NaN,,NaN,,NaN,NaN,NaN,NaN,3,4,2,1,1,1,1,1,1,1,1,1,1,1,1,1,1,1,1,2,2,1,721732.95,4335332.098,0.548,Cob,14341,0,1,2,13,1
10648,3,2007460007569,3,11,8,6,4,1,1,CV-42,12.6,12,6,0,1,5,2,2,3,3,2,1,1,1,1,1,7,7,8,1,5,1,9,14,3,1,1,NaN,1,NaN,NaN,,NaN,,NaN,,NaN,63,60,NaN,1,4,1,1,2,1,1,2,1,1,1,1,1,1,1,1,1,1,1,2,1,1,723053.376,4348494.425,-5.119,Cob,12800,0,0,0,20,1
10649,3,2007460007572,3,11,7,6,3,1,1,CV-410,1,1,0,0,1,5,3,2,3,3,2,1,1,1,1,1,7,7,8,1,1,1,9,14,3,1,3,NaN,2,NaN,NaN,,NaN,,NaN,,57,NaN,50,NaN,1,4,1,1,1,1,1,1,1,1,1,1,1,1,1,1,1,2,1,2,1,1,718000.244,4369719.495,27.92,Cob,12380,0,0,2,18,1
10653,3,2007460007579,3,11,9,4,5,1,4,CV-35,4,4,0,1,1,2,3,2,3,4,2,2,2,2,2,1,7,7,5,1,3,1,9,14,3,1,1,NaN,1,5,NaN,,NaN,,NaN,,NaN,NaN,NaN,NaN,1,4,2,1,1,1,1,1,1,1,1,1,1,1,1,1,1,1,1,2,2,2,654769.303,4422941.759,930.62,Per,125000,0,0,0,11,1
10658,3,2007460007587,3,11,12,3,1,1,5,CV-35,12.4,12,4,0,1,2,3,2,2,3,2,2,2,1,2,2,7,7,8,1,2,1,9,14,3,1,2,-1,2,4,NaN,,NaN,,NaN,,NaN,NaN,NaN,NaN,2,4,1,1,1,1,1,1,1,1,1,1,1,1,1,1,1,1,2,2,1,1,714566.239,4382782.778,98.944,Per,76000,0,0,0,7,1
10660,3,2007460007625,3,11,9,6,5,1,2,CV-686,1.5,1,5,0,1,5,2,2,3,1,2,1,1,1,1,1,5,1,8,1,1,1,9,14,3,1,1,NaN,1,4,NaN,,NaN,,NaN,,NaN,NaN,NaN,NaN,2,4,2,1,1,1,1,1,1,1,1,1,1,1,1,1,1,1,1,2,1,1,742607.929,4314202.745,20.661,Cob,23000,0,0,0,17,6
10662,3,2007460007633,3,11,13,4,2,1,2,CV-610,24,24,0,1,1,5,3,2,3,1,2,1,1,1,1,1,1,6,3,1,1,1,9,14,1,1,3,NaN,2,2,NaN,,NaN,,NaN,,NaN,NaN,NaN,NaN,1,4,1,1,1,1,1,1,2,1,1,1,1,1,1,1,1,1,1,2,1,2,716396.229,4318913.481,82.159,Cob,3429,0,0,0,11,6
10666,3,2007460007657,3,11,10,6,6,2,3,CV-35,11.8,11,8,1,1,2,3,2,3,3,2,2,2,1,2,2,7,7,8,1,1,1,9,13,1,1,1,NaN,2,NaN,NaN,,NaN,,NaN,,NaN,NaN,NaN,71,1,4,2,1,1,1,1,1,1,1,1,1,1,1,1,1,1,1,1,2,1,2,661021.894,4420768.91,900.997,Per,76000,0,0,1,17,1
10668,3,2007460007664,3,11,13,5,2,1,2,CV-36,0.5,0,5,0,1,2,3,2,3,4,2,2,2,2,2,2,7,7,8,1,1,1,9,14,1,1,1,NaN,2,3,NaN,,NaN,,NaN,,NaN,NaN,NaN,NaN,1,4,1,1,1,1,1,1,2,1,1,1,1,1,1,1,1,1,1,2,1,2,717637.83,4369557.553,41.95,Pri,75417,0,0,0,16,1
10673,3,2007460007682,3,11,13,4,2,1,2,CV-30,1.5,1,5,1,1,2,3,2,3,4,1,2,2,1,2,2,3,1,8,1,1,1,9,14,3,1,1,NaN,1,3,NaN,,NaN,,NaN,,NaN,NaN,NaN,NaN,1,4,2,1,1,1,1,1,1,1,1,1,1,1,1,1,1,1,1,2,1,1,721068.951,4374702.484,10.934,Pri,61844,0,0,0,14,6
10674,3,2007460007687,3,11,13,3,2,1,1,CV-32,9.9,9,9,0,1,5,3,2,3,4,2,2,2,1,1,1,5,1,4,1,1,1,9,14,3,1,1,NaN,2,NaN,NaN,,NaN,,NaN,,66,NaN,60,NaN,1,4,2,1,1,1,1,1,1,1,1,1,1,1,1,1,1,1,1,2,1,1,725204.007,4386773.552,47.182,NaN,0,0,0,1,9,6
10676,3,2007460007688,3,11,13,6,2,1,2,CV-35,13,13,0,1,1,2,2,2,3,3,2,2,2,2,2,2,7,7,8,1,1,1,9,8,3,1,1,NaN,1,4,NaN,,NaN,,NaN,,NaN,NaN,NaN,NaN,1,4,2,1,1,1,1,1,1,1,1,1,1,1,1,1,1,1,1,2,1,2,661885.067,4420024.045,879.951,Per,76000,0,0,1,18,1
10679,3,2007460007710,3,11,15,5,4,1,2,CV-81,15.6,15,6,0,1,5,3,2,3,1,2,1,1,1,1,1,2,2,3,1,1,1,5,14,1,1,1,NaN,2,2,NaN,,NaN,,NaN,,NaN,NaN,NaN,NaN,2,4,1,1,1,1,1,1,2,1,1,1,1,1,1,1,1,1,1,2,1,1,706811.074,4292671.119,616.136,Pri,5549,0,0,2,16,6
10680,3,2007460007742,3,11,8,6,4,1,1,CV-60,30,30,0,1,1,2,3,2,3,4,2,2,2,1,2,2,7,7,8,1,5,1,2,8,2,1,3,NaN,1,NaN,30,30,NaN,,NaN,,NaN,NaN,NaN,NaN,1,3,1,1,1,1,1,1,1,1,1,2,1,1,1,1,1,2,1,2,1,1,718320.383,4308179.768,150.524,Cob,15500,0,0,0,18,2
10682,3,2007460007759,3,11,16,3,5,1,2,CV-686,3,3,0,1,1,5,3,2,3,3,2,1,1,1,1,1,1,6,8,1,1,1,9,14,2,1,1,NaN,2,3,NaN,,NaN,,NaN,,NaN,NaN,NaN,NaN,1,4,1,1,1,1,1,1,2,1,1,1,1,1,1,1,1,1,1,2,1,1,741918.955,4313482.697,28.93,Cob,23000,0,0,1,9,7
10684,3,2007460007763,3,11,16,3,5,1,2,CV-400,1,1,0,0,1,5,3,2,3,3,2,2,2,2,2,2,5,3,7,1,1,1,9,14,3,1,3,NaN,1,2,NaN,,NaN,,NaN,,NaN,NaN,NaN,NaN,1,4,1,1,1,1,1,1,2,1,1,1,1,1,1,1,1,1,1,2,1,1,724053.199,4368653.32,-1.294,Sec,45530,0,1,0,7,6
10686,3,2007460007783,3,11,16,3,5,1,2,CV-400,2.9,2,9,1,1,5,3,2,3,3,2,2,1,1,1,1,7,7,4,1,1,1,9,14,3,1,1,NaN,2,4,NaN,,NaN,,NaN,,NaN,NaN,NaN,NaN,2,4,2,1,1,1,1,2,1,1,1,1,1,1,1,1,1,1,1,2,1,1,723506.695,4366294.719,-2.144,Cob,31241,0,0,0,8,1
10687,3,2007460007787,3,11,18,3,7,3,1,CV-390,13.5,13,5,1,1,5,1,3,4,1,2,1,2,1,1,1,7,7,8,1,1,1,2,14,1,1,3,NaN,2,NaN,NaN,,NaN,,NaN,,56,NaN,50,NaN,1,4,2,1,1,1,1,2,1,1,1,1,1,1,1,1,1,1,1,2,1,1,655297.13,4392602.341,957.257,Cob,246,0,0,2,8,4
10691,3,2007460007792,3,11,17,3,6,2,4,CV-35,15.5,15,5,0,1,2,3,2,3,3,2,2,2,2,2,2,7,7,8,1,1,1,9,8,1,1,1,NaN,2,5,NaN,,NaN,,NaN,,NaN,NaN,NaN,NaN,2,4,1,1,1,1,1,1,1,1,1,1,1,1,1,1,1,1,2,2,1,1,712061.948,4384555.19,87.592,Per,76000,0,0,0,9,1
10694,3,2007460007818,3,11,13,4,2,1,3,CV-35,15,15,0,0,1,2,3,2,3,1,2,2,2,1,1,1,7,7,5,1,1,1,9,8,1,1,1,NaN,2,3,NaN,,NaN,,NaN,,NaN,NaN,NaN,NaN,1,4,1,1,1,1,1,1,2,1,1,1,1,1,1,1,1,1,1,2,1,1,712443.922,4384231.652,90.159,Per,76000,0,0,0,13,1
10699,3,2007460007826,3,11,15,3,4,1,3,CV-35,7.5,7,5,0,1,2,3,2,3,4,2,2,2,1,2,2,7,7,5,1,1,1,9,14,3,1,3,NaN,2,5,NaN,,NaN,,NaN,,NaN,NaN,NaN,NaN,2,4,2,1,1,1,1,1,1,1,1,1,1,1,1,1,1,1,1,2,1,1,718640.495,4380249.255,83.048,Per,93000,0,0,0,8,1
10703,3,2007460007840,3,11,20,3,2,1,4,CV-81,3.5,3,5,1,1,5,2,2,3,3,2,1,1,1,2,2,7,7,5,1,1,1,9,14,3,1,1,NaN,2,4,NaN,,NaN,,NaN,,NaN,NaN,NaN,NaN,1,4,2,1,1,1,1,1,1,1,1,1,1,1,1,1,1,1,1,2,1,1,676184.14,4277709.236,502.439,Sec,14064,0,0,1,8,1
10705,3,2007460007863,3,7,2,3,1,4,2,CV-400,0,0,0,0,1,5,3,2,3,4,2,2,1,1,1,1,7,7,5,1,3,1,9,14,1,1,1,NaN,2,NaN,NaN,,NaN,,NaN,,67,NaN,60,NaN,1,4,1,1,1,1,1,1,2,1,1,1,1,1,1,1,1,1,1,2,3,1,724663.836,4369325.494,-6.633,Sec,45530,0,1,0,9,1
10707,3,2007460007909,3,11,17,5,6,2,2,CV-32,5.8,5,8,1,1,5,3,2,3,4,2,2,2,2,2,2,3,1,4,1,1,1,9,14,1,1,1,NaN,2,4,NaN,,NaN,,NaN,,NaN,NaN,NaN,NaN,1,4,1,2,1,1,1,2,2,1,1,1,2,1,1,1,1,1,1,2,1,1,728462.256,4383258.794,-2.387,Cob,17286,0,0,1,16,6
10709,3,2007460007955,3,11,18,2,7,3,2,CV-35,3,3,0,0,1,2,3,2,3,4,2,2,2,2,2,2,7,7,8,1,1,1,9,14,3,1,1,NaN,1,3,NaN,,NaN,,NaN,,NaN,NaN,NaN,NaN,1,4,2,1,1,1,1,1,2,1,1,1,1,1,1,1,1,1,1,2,1,1,721342.935,4376757.345,36.184,Per,125000,0,0,0,6,1
10710,3,2007460007963,3,11,19,6,1,4,1,CV-36,3.5,3,5,1,1,2,3,2,4,4,2,2,2,2,2,2,3,1,8,1,3,1,9,14,1,1,1,NaN,2,NaN,NaN,,NaN,,NaN,,NaN,61,60,NaN,1,4,2,1,2,1,1,1,1,1,1,1,1,1,1,1,1,1,1,2,1,1,719849.268,4369082.029,17.712,Cob,36792,0,0,0,17,6
10711,3,2007460007990,3,11,24,1,6,2,1,CV-50,74.5,74,5,1,1,5,2,2,3,3,2,1,1,1,2,2,7,7,7,1,3,1,9,14,3,1,1,NaN,1,NaN,NaN,,NaN,,NaN,,NaN,61,60,NaN,1,4,1,1,1,1,2,1,1,1,1,1,1,1,1,1,1,1,1,2,1,1,723401.624,4335062.604,5.815,Cob,5512,0,1,0,1,1