Id,Ano,Numero_Accidente,Provincia,Mes,Dia,Hora,Dia_Semana,Tipo_Dia,Vehiculos_Implicados,Carretera,Pk,Km,Hm,Sentido,Zona,Tipo_Via,Anchura_Calzada,Anchura_Carril,Marcas_Viales,Arcen,Arcen_Pavimentado,Mediana,Barrera_Seguridad,Paneles_Direccionales,Hitos_Arista,Captafaros,Interseccion_Tipo,Interseccion_Acondicionamiento,Prioridad_Regulada_por,Superficie,Luminosidad,Factores_Atmosfericos,Visibilidad_Restringida_por,Otras_Circunstancias,Senalizacion_Peligro,Aceras,Arboles,Arboles_Metros_Calzada,Visibilidad_Senalizacion_Vertical,Colision_Vehiculos_Marcha,Colision_Vehiculo_Obstaculo_1,Colision_Vehiculo_Obstaculo_2,Atropello_1,Atropello_2,Vuelco_1,Vuelco_2,Salida_Sin_Colision,Salida_Con_Colision,Lado_Salida,Otro,Circulacion,Circulacion_Medidas_Especiales,Distraccion,Inexperiencia_Conductor,Alcohol_Drogas,Cansancio_Sueno,Enfermedad,Velocidad_Inadecuada,Infraccion_Norma_Circulacion,Estado_Condicion_Via,Estado_Condicion_Senalizacion,Tramo_Obras,Mal_Estado_Vehiculo,Averia_Mecanica,Meteorologia_Adversa,Irrupcion_Animal,Circular_Sentido_Contrario,Otro_Factor,Sin_Opinion_Definida,Pendiente,Curvatura,Peralte,GPS_x,GPS_y,GPS_z,Tipo_Est,IMD,N_Muertos,N_Graves,N_Leves,Hora_Real,Fuera_o_Interseccion
10712,3,2007460008001,3,11,25,3,7,3,1,CV-40,5.7,5,7,1,1,2,3,2,3,1,2,2,2,2,2,2,7,7,8,1,1,1,9,14,1,1,1,NaN,2,NaN,NaN,,NaN,,NaN,,NaN,64,60,NaN,1,4,1,1,2,1,1,1,1,1,1,1,1,1,1,1,1,1,1,2,1,2,711175.798,4301993.097,328.132,Per,23900,0,0,1,9,2
10715,3,2007460008030,3,11,21,6,3,1,2,CV-410,1.2,1,2,0,1,5,3,2,3,3,2,2,1,2,2,2,5,1,8,1,3,1,9,14,1,1,1,NaN,2,2,NaN,,NaN,,NaN,,NaN,NaN,NaN,NaN,1,4,2,1,1,1,1,1,1,1,1,1,1,1,1,1,1,1,1,2,1,1,717804.569,4369678.906,28.866,Cob,12380,0,0,0,18,6
10716,3,2007460008031,3,11,21,5,3,1,1,CV-35,19.8,19,8,0,1,2,3,2,3,1,2,2,1,1,1,1,7,7,8,1,1,1,9,8,3,1,3,NaN,2,NaN,NaN,,21,24,NaN,,NaN,NaN,NaN,NaN,1,4,1,1,1,1,1,1,1,1,1,1,1,1,1,2,1,1,1,2,1,1,709825.343,4388051.013,125.648,Per,43000,0,0,0,15,1
10717,3,2007460008051,3,11,24,4,6,2,1,CV-585,1.5,1,5,1,1,5,2,2,3,3,2,1,1,1,1,1,7,7,8,1,1,1,9,14,1,1,1,NaN,2,NaN,NaN,,NaN,,NaN,,NaN,63,60,NaN,1,4,2,1,1,1,1,1,1,1,1,1,1,1,1,1,1,1,1,2,2,2,707876.082,4318470.051,149.011,Cob,4019,0,0,0,14,1
10720,3,2007460008054,3,11,26,3,1,4,3,CV-645,0.5,0,5,0,1,5,3,2,3,3,2,1,2,2,1,1,7,7,8,1,4,1,9,14,1,1,1,NaN,2,3,NaN,,NaN,,NaN,,NaN,NaN,NaN,NaN,1,4,1,1,2,1,1,2,1,1,1,1,1,1,1,1,1,1,1,2,1,1,711078.583,4316602.528,108.409,Cob,15000,0,0,1,7,4
10722,3,2007460008086,3,11,22,5,4,1,2,CV-35,11.5,11,5,0,1,2,3,2,3,4,2,2,2,1,2,2,3,1,4,1,1,1,9,14,3,1,3,NaN,2,4,NaN,,NaN,,NaN,,NaN,NaN,NaN,NaN,1,4,1,1,1,1,1,1,1,1,1,1,1,1,1,1,1,2,1,2,1,1,715236.341,4382187.139,90.677,Per,76000,0,0,0,16,6
10723,3,2007460008115,3,11,26,6,1,4,1,CV-40,1.4,1,4,0,1,2,3,2,3,4,2,2,2,2,2,2,7,7,7,1,4,1,9,13,1,1,1,NaN,2,NaN,NaN,,NaN,,NaN,,56,NaN,50,NaN,1,4,1,1,1,1,1,2,1,1,1,1,1,1,1,1,1,1,1,2,1,2,709342.2,4318374.045,137.846,Cob,24000,0,0,1,18,5
10725,3,2007460008129,3,11,24,3,6,2,2,CV-35,23.6,23,6,1,1,2,3,2,3,3,2,2,2,2,2,2,7,7,8,1,1,1,9,14,3,1,1,NaN,1,3,NaN,,NaN,,NaN,,NaN,NaN,NaN,NaN,1,4,1,1,1,1,1,1,1,1,1,1,1,1,1,1,1,1,2,2,1,1,663225.828,4411175.255,848.33,Per,43000,0,0,0,10,2
10730,3,2007460008147,3,11,25,5,7,3,3,CV-500,8.6,8,6,1,1,5,2,2,3,3,2,1,1,1,2,2,7,7,8,1,1,1,9,14,2,1,1,NaN,1,5,NaN,,NaN,,NaN,,NaN,NaN,NaN,NaN,2,4,2,1,1,1,1,1,1,1,2,1,1,1,1,1,1,1,1,2,1,1,735557.62,4349564.794,-17.174,Cob,17500,0,0,1,15,1
10732,3,2007460008150,3,11,26,6,1,4,2,CV-500,9.1,9,1,1,1,5,2,2,3,3,2,1,1,1,1,1,7,7,8,1,1,1,9,14,3,1,1,NaN,1,4,NaN,,NaN,,NaN,,NaN,NaN,NaN,NaN,2,4,2,1,1,1,1,1,1,1,1,1,1,1,1,1,1,1,1,2,1,1,735370.265,4350125.448,-16.854,Cob,17500,0,0,0,17,1
10736,3,2007460008154,3,11,23,6,5,3,4,CV-35,13,13,0,0,1,2,3,2,3,3,2,2,2,2,2,2,7,7,8,3,5,4,9,8,1,1,1,NaN,2,5,NaN,,NaN,,NaN,,NaN,NaN,NaN,NaN,2,4,2,1,1,1,1,2,1,2,1,2,1,1,2,1,1,1,1,2,1,1,714102.074,4383155.325,100.375,Per,76000,0,0,0,18,1
10737,3,2007460008168,3,11,24,2,6,2,1,CV-365,0.3,0,3,0,1,5,3,2,3,4,2,1,2,1,1,1,7,7,8,1,4,1,9,14,1,1,1,NaN,2,NaN,NaN,,NaN,,NaN,,NaN,64,60,NaN,1,4,1,1,2,1,1,2,1,1,1,1,1,1,1,1,1,1,1,2,1,1,721443.274,4376708.567,36.933,Cob,51500,0,1,0,5,5
10740,3,2007460008177,3,11,27,5,2,1,3,CV-50,12,12,0,1,1,5,3,2,3,4,2,1,1,1,1,1,1,1,8,1,1,1,9,14,3,1,1,NaN,1,5,NaN,,NaN,,NaN,,NaN,NaN,NaN,NaN,1,4,1,1,1,1,1,1,2,1,1,1,1,1,1,1,1,1,1,2,1,1,702371.526,4378535.52,168.789,Cob,13183,0,0,2,16,6
10743,3,2007460008184,3,11,28,6,3,1,3,CV-35,17,17,0,1,1,2,3,2,3,4,2,2,2,2,2,2,7,7,8,1,5,1,9,8,3,1,1,NaN,1,5,NaN,,NaN,,NaN,,NaN,NaN,NaN,NaN,1,4,2,1,1,1,1,1,1,1,1,1,1,1,1,1,1,1,1,2,1,1,662757.921,4416523.85,866.802,Per,43000,0,0,3,18,1
10746,3,2007460008199,3,11,26,3,1,4,3,CV-35,17,17,0,1,1,2,3,2,3,2,2,2,2,2,2,2,7,7,8,1,1,1,9,8,1,1,1,NaN,3,5,NaN,,NaN,,NaN,,NaN,NaN,NaN,NaN,1,4,1,1,1,1,1,1,2,1,1,1,1,1,1,1,1,1,1,2,1,1,662757.921,4416523.85,866.802,Per,43000,0,0,0,9,1
10750,3,2007460008205,3,11,27,6,2,1,4,CV-36,4,4,0,1,1,2,3,2,3,4,2,2,2,2,2,2,7,7,8,1,4,1,9,14,3,1,1,NaN,1,5,NaN,,NaN,,NaN,,NaN,NaN,NaN,NaN,1,4,2,1,1,1,1,1,1,1,1,1,1,1,1,1,1,1,1,2,1,1,720265.294,4368854.916,20.896,Cob,36792,0,0,0,18,1
10755,3,2007460008254,3,11,30,4,5,1,4,CV-590,58,58,0,1,1,5,2,2,3,4,2,1,2,2,1,1,7,7,5,1,1,1,9,8,1,1,1,NaN,2,4,NaN,,NaN,,NaN,,NaN,NaN,NaN,NaN,2,4,2,1,1,1,1,1,1,1,1,1,1,1,1,1,1,1,1,2,1,1,671458.363,4322627.964,685.529,Sec,7323,0,0,3,14,1
10756,3,2007460008273,3,12,2,1,7,3,1,CV-60,15.8,15,8,1,1,5,3,2,3,3,2,1,1,1,2,1,4,1,4,1,5,1,9,14,1,1,1,NaN,2,NaN,NaN,,NaN,,NaN,,66,NaN,60,NaN,1,4,2,1,1,1,1,1,1,1,1,1,1,1,1,1,1,1,1,2,1,1,731264.084,4308992.089,192.975,Cob,10358,0,0,0,0,6
10757,3,2007460008279,3,12,2,4,7,3,1,CV-41,14.1,14,1,1,1,5,3,2,3,3,2,1,1,2,2,2,7,7,8,1,1,1,9,14,1,1,1,NaN,2,NaN,NaN,,NaN,,NaN,,NaN,NaN,NaN,71,1,4,1,1,1,1,1,1,1,1,1,1,1,1,1,1,1,2,1,2,1,1,718732.735,4331046.317,1.667,Cob,9333,0,0,1,13,5
10759,3,2007460008321,3,12,2,3,7,3,1,CV-35,7,7,0,1,1,2,3,2,3,3,2,1,2,2,2,1,5,1,8,1,1,1,9,14,1,1,1,NaN,2,NaN,NaN,,NaN,,NaN,,NaN,64,60,NaN,1,4,1,1,2,1,1,1,2,1,1,1,1,1,1,1,1,1,1,2,1,1,657177.082,4422332.73,982.471,Per,93000,0,0,0,8,6
10760,3,2007460008338,3,12,3,3,1,1,1,CV-50,17.3,17,3,0,1,5,3,2,3,3,2,1,1,1,2,2,7,7,8,1,1,1,9,3,1,1,1,NaN,2,NaN,NaN,,NaN,,NaN,,NaN,61,60,NaN,1,4,1,1,1,1,1,1,2,1,1,1,1,1,1,1,1,1,1,2,1,1,724228.523,4333875.862,5.888,Cob,15000,0,0,0,10,1
10761,3,2007460008343,3,11,30,3,5,1,1,CV-400,2,2,0,0,1,5,2,2,3,3,2,1,1,1,1,1,1,3,6,1,1,1,9,14,3,1,1,NaN,1,NaN,NaN,,21,21,NaN,,NaN,NaN,NaN,NaN,1,4,2,1,1,1,1,2,2,1,1,1,1,1,1,1,1,1,1,2,1,1,723626.268,4367795.379,-1.376,Pri,31654,0,0,1,8,6
10764,3,2007460008354,3,11,30,3,5,1,3,CV-35,13.8,13,8,0,1,2,3,2,3,4,2,2,2,2,2,2,7,7,8,1,1,1,9,14,3,1,1,NaN,1,5,NaN,,NaN,,NaN,,NaN,NaN,NaN,NaN,1,4,2,1,1,1,2,1,1,1,1,1,1,1,1,1,1,1,1,2,1,1,713447.574,4383599.628,88.658,Per,76000,0,0,1,8,1
10765,3,2007460008403,3,12,1,5,6,2,1,CV-36,2.5,2,5,0,1,2,3,2,3,4,2,2,2,1,2,2,7,7,5,1,1,1,9,14,3,1,3,NaN,1,NaN,NaN,,NaN,,NaN,,NaN,64,60,NaN,1,4,2,1,1,1,1,1,1,1,1,1,1,1,1,1,1,1,1,2,1,1,715691.706,4369349.42,39.923,Pri,75417,0,0,1,16,1
10768,3,2007460008413,3,12,1,6,6,2,2,CV-35,12.5,12,5,1,1,2,2,2,3,2,1,2,2,1,1,1,7,7,5,1,4,1,9,8,1,1,3,NaN,2,3,NaN,,NaN,,NaN,,NaN,NaN,NaN,NaN,1,4,1,1,1,1,1,1,1,1,1,1,1,1,1,1,1,1,2,2,1,1,661600.094,4420410.72,886.686,Per,76000,0,0,0,21,1
10770,3,2007460008439,3,12,5,6,3,1,2,CV-550,0.9,0,9,0,1,5,3,2,3,3,2,1,1,1,1,1,1,1,8,1,4,1,9,14,3,1,1,NaN,1,4,NaN,,NaN,,NaN,,NaN,NaN,NaN,NaN,1,4,1,1,1,1,1,1,2,1,1,1,1,1,1,1,1,1,1,2,1,1,714959.568,4334394.495,-1.589,Sec,8045,0,0,0,19,6
10773,3,2007460008442,3,12,5,6,3,2,3,CV-50,9.6,9,6,1,1,5,3,2,3,3,2,1,1,1,1,1,7,7,5,1,5,1,9,14,3,1,1,NaN,1,1,NaN,,NaN,,NaN,,NaN,NaN,NaN,NaN,2,4,1,1,1,1,1,1,1,1,1,1,1,1,1,1,1,2,1,2,1,1,702764.095,4380791.605,120.463,Cob,13183,0,1,1,18,1
10774,3,2007460008443,3,12,4,3,2,1,1,CV-35,14,14,0,1,1,2,3,2,3,3,2,2,2,2,2,2,7,7,8,1,1,1,9,8,2,1,1,NaN,2,NaN,NaN,,NaN,,NaN,,NaN,62,60,NaN,1,4,2,1,1,1,1,2,1,1,1,2,1,1,1,1,1,1,1,2,1,1,662386.877,4419383.786,895.429,Per,76000,0,0,0,10,1
10775,3,2007460008449,3,12,6,6,4,3,1,CV-81,5,5,0,0,1,5,3,2,3,3,2,2,1,1,1,1,4,1,8,1,3,1,9,14,3,2,1,NaN,2,NaN,NaN,,NaN,,NaN,,NaN,62,60,NaN,1,4,1,1,1,1,1,2,1,1,1,1,1,1,1,1,1,1,1,2,1,1,708061.415,4299281.795,351.648,Sec,14064,0,0,1,21,6
10781,3,2007460008455,3,12,2,4,7,3,4,CV-300,4.9,4,9,1,1,5,2,2,3,3,2,2,1,1,1,1,5,1,8,1,1,1,9,14,3,1,1,NaN,1,4,NaN,,NaN,,NaN,,NaN,NaN,NaN,NaN,1,4,2,1,1,1,1,1,1,1,1,1,1,1,1,1,1,1,1,2,1,1,728941.05,4382808.083,44.088,Cob,19581,0,0,2,14,6
10784,3,2007460008467,3,12,2,6,7,3,3,CV-35,28.5,28,5,1,1,5,2,2,3,3,2,1,1,1,2,2,7,7,8,1,5,1,9,13,1,1,1,NaN,2,5,NaN,,NaN,,NaN,,NaN,NaN,NaN,NaN,2,4,2,1,1,1,1,1,2,1,1,1,1,1,1,1,1,1,1,2,1,1,663831.425,4407399.249,716.766,Per,11000,0,0,0,18,1
10787,3,2007460008469,3,12,2,5,7,3,2,CV-686,2.8,2,8,1,1,5,2,2,3,1,2,1,1,1,1,1,5,1,3,1,1,1,9,14,3,1,3,NaN,1,NaN,NaN,,NaN,,NaN,,NaN,NaN,NaN,71,1,4,1,1,1,1,1,1,1,1,1,1,1,1,1,1,1,2,1,2,1,1,742090.881,4313584.368,25.366,Cob,23000,0,0,0,16,6
10791,3,2007460008474,3,12,3,5,1,1,2,CV-42,18.5,18,5,0,1,5,2,2,3,3,2,1,2,1,2,2,7,7,8,1,1,1,9,14,3,1,1,NaN,1,2,NaN,,NaN,,NaN,,NaN,NaN,NaN,NaN,1,4,2,1,1,1,1,1,1,1,1,1,1,1,1,1,1,1,1,2,1,1,723461.505,4353960.604,-6.272,Cob,3068,0,0,0,15,1
10792,3,2007460008489,3,12,2,6,7,3,1,CV-60,30,30,0,0,1,5,3,2,3,3,2,2,2,1,2,2,7,7,8,1,1,1,9,14,1,1,3,NaN,1,NaN,NaN,,21,24,NaN,,NaN,NaN,NaN,NaN,1,4,1,1,1,1,1,1,1,1,1,1,1,1,1,1,1,2,1,2,1,1,737225.031,4312121.261,119.11,Cob,15500,0,0,0,17,1
10794,3,2007460008490,3,12,6,1,4,3,2,CV-400,3.3,3,3,0,1,5,2,3,3,2,2,2,1,1,2,2,7,7,8,1,3,1,9,14,1,1,1,NaN,2,4,NaN,,NaN,,NaN,,NaN,NaN,NaN,NaN,1,4,2,1,2,1,1,1,1,1,1,1,1,1,1,1,1,1,1,2,1,1,723497.932,4366542.081,-3.935,Cob,31241,0,0,4,2,2
10796,3,2007460008492,3,12,3,5,1,1,2,CV-403,0.7,0,7,1,1,5,2,2,3,3,2,1,2,1,2,1,7,7,5,1,1,1,9,14,3,1,1,NaN,2,4,NaN,,NaN,,NaN,,NaN,NaN,NaN,NaN,1,4,2,1,1,1,1,1,1,1,1,1,1,1,1,1,1,1,1,2,1,1,719064.998,4369784.601,24.782,Cob,17537,0,0,0,15,1
10798,3,2007460008514,3,12,6,6,4,3,1,CV-60,30.3,30,3,0,1,5,2,2,3,3,2,1,1,1,1,1,7,7,8,1,4,1,9,14,3,1,3,NaN,1,NaN,NaN,,21,24,NaN,,NaN,NaN,NaN,NaN,1,4,1,1,1,1,1,1,1,1,1,1,1,1,1,1,1,2,1,2,1,1,737488.712,4312261.668,99.439,Cob,15500,0,0,1,20,2
10799,3,2007460008533,3,12,6,1,4,3,1,CV-35,21,21,0,0,1,2,3,2,3,4,2,2,2,2,2,2,7,7,5,1,4,1,9,8,3,1,3,NaN,2,NaN,NaN,,NaN,,NaN,,NaN,54,50,NaN,1,4,1,1,1,1,1,1,1,1,1,1,1,1,1,1,1,1,2,2,1,1,708755.08,4388556.684,125.024,Per,43000,0,0,1,4,1
10801,3,2007460008537,3,12,7,4,5,4,2,CV-35,3,3,0,1,1,2,3,2,3,4,2,2,2,2,2,2,7,7,5,1,1,1,9,14,3,1,1,NaN,2,4,NaN,,NaN,,NaN,,NaN,NaN,NaN,NaN,2,4,2,1,1,1,1,1,1,1,1,1,1,1,1,1,1,1,1,2,1,1,654462.088,4422571.739,887.738,Per,125000,0,0,0,12,1
10802,3,2007460008538,3,12,9,6,7,3,1,CV-42,5.5,5,5,0,1,5,3,2,3,4,2,1,2,2,2,2,7,7,8,1,4,1,9,14,3,1,1,NaN,1,NaN,NaN,,NaN,,NaN,,66,NaN,60,NaN,1,4,1,1,1,1,1,1,1,1,1,1,1,2,1,1,1,1,1,2,1,2,720326.621,4343094.262,2.406,Cob,7258,0,0,2,19,2
10804,3,2007460008543,3,12,8,4,6,3,2,CV-35,9.5,9,5,1,1,2,3,2,3,3,2,1,2,2,1,1,5,1,4,1,1,1,9,14,1,1,3,NaN,2,2,NaN,,NaN,,NaN,,NaN,NaN,NaN,NaN,1,4,2,1,1,1,1,1,1,1,1,1,1,1,1,1,1,1,1,2,1,1,658933.246,4421525.484,942.048,Per,76000,0,0,2,14,6
10805,3,2007460008561,3,11,24,6,6,2,1,CV-81,9.5,9,5,0,1,5,3,2,3,3,2,1,2,2,2,1,7,7,8,1,4,1,9,14,3,1,1,NaN,1,NaN,NaN,,NaN,,NaN,,66,NaN,60,NaN,1,4,1,1,1,1,1,1,1,1,1,1,1,1,1,1,1,1,2,2,1,1,709060.836,4296787.759,462.433,Cob,6043,0,0,1,18,2
10806,3,2007460008600,3,12,10,4,1,4,1,CV-42,0.7,0,7,0,1,5,3,2,3,3,2,1,1,1,1,1,7,7,5,1,1,1,9,14,3,1,1,NaN,1,NaN,NaN,,NaN,,NaN,,68,NaN,60,NaN,1,4,1,1,1,1,1,1,1,1,1,1,1,1,1,1,1,1,2,2,1,1,720828.279,4338744.412,-7.374,Sec,11923,0,0,1,13,2
10807,3,2007460008602,3,12,10,5,1,4,1,CV-550,1.5,1,5,0,1,5,3,2,3,3,2,1,1,1,1,1,7,7,5,1,1,1,9,14,2,1,1,NaN,1,NaN,NaN,,NaN,,NaN,,NaN,63,60,NaN,1,4,2,1,1,1,1,1,1,1,1,1,1,1,1,1,1,1,1,2,2,1,715528.933,4334237.417,-4.056,Sec,8045,0,0,1,15,2
10810,3,2007460008615,3,12,10,4,1,1,1,CV-36,3.2,3,2,1,1,2,3,2,3,4,2,2,2,2,2,1,7,7,5,1,1,1,2,14,3,1,1,NaN,1,NaN,NaN,,NaN,,NaN,,NaN,64,60,NaN,1,4,2,1,1,1,1,1,1,1,1,1,1,1,1,1,1,1,1,2,1,1,719548.615,4369094.351,19.056,Pri,75417,0,0,1,11,1
10812,3,2007460008616,3,12,11,5,2,1,2,CV-50,23.5,23,5,0,1,5,3,2,3,3,2,1,2,2,1,1,5,1,4,1,1,1,9,14,1,1,1,NaN,2,2,NaN,,NaN,,NaN,,NaN,NaN,NaN,NaN,1,4,1,1,1,1,1,1,2,1,1,1,1,1,1,1,1,1,1,2,1,1,720386.675,4337945.953,1.115,Sec,29261,0,0,0,15,6
10813,3,2007460008617,3,12,10,5,1,1,1,CV-36,5.2,5,2,1,1,2,3,2,3,4,2,2,2,2,2,1,7,7,8,1,1,1,9,14,3,1,1,NaN,1,NaN,NaN,,NaN,,NaN,,NaN,52,50,NaN,1,4,2,1,1,1,1,1,1,1,1,1,1,1,1,1,1,1,1,2,1,1,721366.977,4368958.258,3.901,Cob,36792,0,0,0,15,2
10815,3,2007460008629,3,12,12,6,3,1,2,CV-81,3.1,3,1,1,1,5,2,2,3,3,2,1,2,2,2,2,5,1,8,1,3,1,9,14,1,1,3,NaN,2,4,NaN,,NaN,,NaN,,NaN,NaN,NaN,NaN,1,4,2,1,1,1,1,1,1,1,1,1,1,1,1,1,1,1,1,2,1,1,675794.964,4277607.533,504.494,Sec,14064,0,0,0,19,6
10817,3,2007460008630,3,12,12,3,3,1,2,CV-686,2.1,2,1,1,1,5,2,2,3,3,2,1,1,1,1,1,1,1,8,1,1,1,9,14,2,1,1,NaN,1,2,NaN,,NaN,,NaN,,NaN,NaN,NaN,NaN,2,4,1,1,1,1,1,1,2,1,1,1,1,1,1,1,1,1,1,2,1,1,742543.217,4314096.723,22.007,Cob,23000,0,0,1,8,7
10819,3,2007460008632,3,12,10,5,1,4,2,CV-500,14.3,14,3,1,1,5,3,2,3,3,2,1,2,1,2,2,7,7,8,1,1,1,9,14,3,1,1,NaN,1,3,NaN,,NaN,,NaN,,NaN,NaN,NaN,NaN,1,4,1,1,1,1,1,1,2,1,1,1,1,1,1,1,1,1,1,2,3,1,733138.919,4354573.516,-20.111,Sec,12997,0,0,0,16,2
10821,3,2007460008634,3,12,12,4,3,1,2,CV-41,15.8,15,8,1,1,5,3,2,3,3,2,1,1,1,2,2,6,6,8,1,1,1,9,14,3,1,1,NaN,1,4,NaN,,NaN,,NaN,,NaN,NaN,NaN,NaN,1,4,2,1,1,1,1,1,2,1,1,1,1,1,1,1,1,1,1,2,1,1,719310.415,4332471.623,-0.182,Cob,9333,0,0,1,13,6
10824,3,2007460008642,3,12,12,3,3,1,3,CV-81,15.5,15,5,1,1,5,3,2,3,3,2,2,1,1,2,2,2,6,3,1,5,1,9,14,3,1,1,NaN,1,2,NaN,,NaN,,NaN,,NaN,NaN,NaN,NaN,1,4,1,1,1,1,1,2,2,1,1,1,1,1,1,1,1,1,1,2,2,2,685699.399,4279800.389,489.359,Pri,5549,0,0,1,7,6
10829,3,2007460008646,3,12,12,6,3,1,2,CV-81,3.1,3,1,0,1,5,3,2,3,3,2,1,1,1,2,2,5,1,8,1,1,1,9,14,3,1,1,NaN,2,4,NaN,,NaN,,NaN,,NaN,NaN,NaN,NaN,1,4,2,1,1,1,1,1,1,1,1,1,1,1,1,1,1,1,1,2,1,1,709653.831,4300186.673,336.478,Sec,14064,0,0,1,17,6
10830,3,2007460008666,3,12,4,3,2,1,1,CV-650,2.9,2,9,1,1,5,2,2,3,3,2,1,1,1,1,1,7,7,5,1,1,1,9,14,2,1,1,NaN,1,NaN,NaN,,NaN,,NaN,,NaN,53,50,NaN,1,4,2,1,1,1,1,1,1,1,1,1,1,1,1,1,1,1,1,2,1,1,709387.927,4302658.953,291.923,Cob,9967,0,0,0,10,2
10831,3,2007460008676,3,12,11,3,2,1,1,CV-32,9,9,0,0,1,5,3,2,3,3,2,2,2,2,2,2,4,1,8,1,1,1,2,3,1,1,3,NaN,2,NaN,NaN,,NaN,,NaN,,NaN,54,50,NaN,1,4,1,1,1,1,1,2,1,1,1,1,1,1,1,1,1,1,1,2,1,1,725916.024,4386346.669,39.087,NaN,0,0,0,1,9,6
10832,3,2007460008678,3,12,11,6,2,1,1,CV-50,88.7,88,7,1,1,5,3,2,3,4,2,1,1,1,1,1,7,7,8,1,4,1,9,14,3,1,1,NaN,1,NaN,NaN,,NaN,,NaN,,57,NaN,50,NaN,1,4,1,1,1,1,1,1,1,1,1,1,1,1,1,1,1,1,2,2,1,1,734450.502,4327670.566,9.085,Cob,10273,0,0,0,22,2
10833,3,2007460008686,3,12,12,3,3,1,1,CV-500,24.3,24,3,1,1,5,3,2,3,3,2,1,2,2,2,2,7,7,8,1,1,1,9,14,3,1,1,NaN,1,NaN,NaN,,NaN,,NaN,,58,NaN,50,NaN,1,4,1,1,1,1,1,1,1,1,1,1,1,2,1,1,1,1,1,2,1,1,729671.427,4363641.156,-20.592,Cob,9819,0,0,0,10,1
10834,3,2007460008689,3,12,12,3,3,1,1,CV-365,0.7,0,7,1,1,5,3,2,3,3,2,1,1,1,1,1,7,7,8,1,2,1,9,14,2,1,1,NaN,1,NaN,NaN,,NaN,,12,9,NaN,NaN,NaN,NaN,1,4,2,1,1,1,1,1,1,1,1,1,1,1,1,1,1,1,1,2,1,1,718920.023,4376734.051,35.195,Cob,51500,0,0,0,8,2
10837,3,2007460008691,3,12,12,3,3,1,3,CV-35,6.5,6,5,1,1,2,3,2,3,4,2,2,2,2,2,2,7,7,8,1,1,1,9,14,3,1,1,NaN,1,5,NaN,,NaN,,NaN,,NaN,NaN,NaN,NaN,2,4,2,1,1,1,1,1,1,1,1,1,1,1,1,1,1,1,1,2,1,1,657021.385,4422717.023,965.038,Per,93000,0,0,0,8,1
10838,3,2007460008724,3,12,16,6,7,3,1,CV-40,20.8,20,8,1,1,2,3,2,3,4,2,2,2,2,2,2,7,7,8,3,2,4,9,14,3,1,1,NaN,2,NaN,NaN,,NaN,,NaN,,NaN,54,50,NaN,1,4,1,1,1,1,1,1,1,1,1,1,1,1,1,1,1,1,2,2,1,1,710927.109,4315715.354,123.913,Cob,19200,0,0,1,17,2
10840,3,2007460008726,3,12,14,6,5,1,2,CV-365,2.5,2,5,0,1,5,3,2,2,3,2,2,2,1,2,2,7,7,8,1,2,1,9,14,3,1,1,NaN,2,4,NaN,,NaN,,NaN,,NaN,NaN,NaN,NaN,1,4,2,1,1,1,1,1,1,1,1,1,1,1,1,1,1,1,1,2,1,1,719467.091,4376848.72,60.508,Sec,40056,0,0,1,18,1
10841,3,2007460008736,3,12,14,3,5,1,1,CV-500,3.7,3,7,0,1,5,2,2,3,4,2,2,2,1,2,2,7,7,8,1,5,1,9,13,3,1,1,NaN,1,NaN,NaN,,NaN,,NaN,,66,NaN,60,NaN,1,4,1,1,1,1,1,1,1,1,1,1,1,1,1,1,1,2,1,2,1,1,728925.347,4366796.026,-16.859,Pri,17500,0,0,0,7,1
10845,3,2007460008759,3,12,16,4,7,3,2,CV-35,16,16,0,0,1,2,3,2,3,3,2,1,1,2,1,1,7,7,5,1,1,1,2,8,2,1,1,NaN,2,2,NaN,,NaN,,NaN,,NaN,NaN,NaN,NaN,1,4,2,1,1,1,1,1,2,1,1,1,1,1,1,1,1,1,1,2,1,1,711685.092,4384877.705,80.474,Per,43000,0,0,1,13,4
10847,3,2007460008787,3,9,22,4,6,1,2,CV-31,4.2,4,2,1,1,5,1,3,3,3,2,1,1,1,1,1,2,3,2,1,1,1,9,14,1,1,3,NaN,2,4,NaN,,NaN,,NaN,,NaN,NaN,NaN,NaN,3,4,1,1,1,1,1,1,1,1,1,1,1,1,1,1,1,1,2,2,1,1,721473.218,4374993.384,14.077,Cob,32100,0,0,1,14,7
10849,3,2007460008811,3,12,12,4,3,1,2,CV-686,3.5,3,5,0,1,5,3,2,3,3,2,1,1,2,1,1,5,6,4,1,1,1,9,14,1,1,1,NaN,2,3,NaN,,NaN,,NaN,,NaN,NaN,NaN,NaN,2,4,1,1,1,1,1,1,2,1,1,1,1,1,1,1,1,1,1,2,2,1,743608.789,4315901.824,7.837,Cob,23000,0,0,1,12,6
10851,3,2007460008828,3,12,17,6,1,4,2,CV-400,0.5,0,5,1,1,5,3,2,3,4,2,2,2,1,2,2,3,1,5,9,1,4,9,14,3,1,3,NaN,1,2,NaN,,NaN,,NaN,,NaN,NaN,NaN,NaN,1,4,1,1,1,1,1,1,1,1,1,1,1,1,1,1,1,1,2,2,1,1,722115.385,4364746.448,-5.366,Sec,45530,0,0,0,17,6