Id,Ano,Numero_Accidente,Provincia,Mes,Dia,Hora,Dia_Semana,Tipo_Dia,Vehiculos_Implicados,Carretera,Pk,Km,Hm,Sentido,Zona,Tipo_Via,Anchura_Calzada,Anchura_Carril,Marcas_Viales,Arcen,Arcen_Pavimentado,Mediana,Barrera_Seguridad,Paneles_Direccionales,Hitos_Arista,Captafaros,Interseccion_Tipo,Interseccion_Acondicionamiento,Prioridad_Regulada_por,Superficie,Luminosidad,Factores_Atmosfericos,Visibilidad_Restringida_por,Otras_Circunstancias,Senalizacion_Peligro,Aceras,Arboles,Arboles_Metros_Calzada,Visibilidad_Senalizacion_Vertical,Colision_Vehiculos_Marcha,Colision_Vehiculo_Obstaculo_1,Colision_Vehiculo_Obstaculo_2,Atropello_1,Atropello_2,Vuelco_1,Vuelco_2,Salida_Sin_Colision,Salida_Con_Colision,Lado_Salida,Otro,Circulacion,Circulacion_Medidas_Especiales,Distraccion,Inexperiencia_Conductor,Alcohol_Drogas,Cansancio_Sueno,Enfermedad,Velocidad_Inadecuada,Infraccion_Norma_Circulacion,Estado_Condicion_Via,Estado_Condicion_Senalizacion,Tramo_Obras,Mal_Estado_Vehiculo,Averia_Mecanica,Meteorologia_Adversa,Irrupcion_Animal,Circular_Sentido_Contrario,Otro_Factor,Sin_Opinion_Definida,Pendiente,Curvatura,Peralte,GPS_x,GPS_y,GPS_z,Tipo_Est,IMD,N_Muertos,N_Graves,N_Leves,Hora_Real,Fuera_o_Interseccion
10852,3,2007460008829,3,12,17,6,1,4,1,CV-42,0.4,0,4,0,1,5,3,2,3,4,2,2,2,1,2,2,3,1,4,1,1,4,9,14,3,1,3,NaN,1,NaN,NaN,,NaN,,NaN,,NaN,54,50,NaN,1,4,1,1,1,1,1,2,1,1,1,1,1,1,2,1,1,1,1,2,1,1,720842.35,4338448.777,-7.928,Sec,11923,0,0,0,17,6
10854,3,2007460008830,3,12,17,3,1,4,2,CV-410,2.1,2,1,0,1,2,3,2,3,3,2,1,1,1,2,2,5,1,4,1,1,1,9,14,3,1,3,NaN,2,2,NaN,,NaN,,NaN,,NaN,NaN,NaN,NaN,1,4,1,1,1,1,1,1,1,1,1,1,1,1,1,1,1,2,1,2,1,1,717460.294,4370456.317,31.11,Cob,24580,0,0,0,10,6
10856,3,2007460008903,3,12,20,6,4,1,2,CV-35,7,7,0,1,1,2,3,2,3,4,2,2,2,2,2,2,7,7,8,3,5,1,9,14,2,1,1,NaN,1,3,NaN,,NaN,,NaN,,NaN,NaN,NaN,NaN,1,4,1,1,1,1,1,1,2,1,1,1,1,1,1,1,1,1,1,2,1,1,657177.082,4422332.73,982.471,Per,93000,0,0,1,22,1
10858,3,2007460008904,3,12,20,3,4,1,2,CV-60,6.7,6,7,1,1,5,3,1,3,4,2,1,2,2,1,1,4,1,5,1,4,1,9,14,1,1,1,NaN,2,3,NaN,,NaN,,NaN,,NaN,NaN,NaN,NaN,1,4,1,1,1,1,1,1,2,1,1,1,1,1,1,1,1,1,1,2,1,1,738568.616,4313336.351,58.787,Cob,10000,0,0,1,7,6
10860,3,2007460008906,3,12,16,6,7,3,2,CV-41,14.8,14,8,1,1,5,2,2,3,3,2,1,1,2,1,1,7,7,5,1,5,1,9,14,1,1,1,NaN,1,3,NaN,,NaN,,NaN,,NaN,NaN,NaN,NaN,1,4,1,1,2,1,1,1,2,1,1,1,1,1,1,1,1,1,1,2,1,1,719057.476,4331526.846,-0.994,Cob,9333,0,0,1,21,1
10862,3,2007460008929,3,12,18,5,2,1,2,CV-32,5.5,5,5,1,1,5,2,2,3,3,2,1,1,1,1,1,7,7,5,1,1,1,9,14,2,1,1,NaN,1,2,NaN,,NaN,,NaN,,NaN,NaN,NaN,NaN,1,4,1,1,1,1,1,1,2,1,1,1,1,1,1,1,1,1,1,2,1,1,728178.77,4383348.062,-0.482,Cob,17286,0,0,0,16,1
10865,3,2007460008933,3,12,22,3,6,2,2,CV-407,2.7,2,7,1,1,5,2,2,3,3,2,2,2,2,2,2,1,1,4,3,4,4,9,14,3,1,1,NaN,2,2,NaN,,NaN,,NaN,,NaN,NaN,NaN,NaN,1,4,2,1,2,1,1,1,2,1,1,1,1,1,1,1,1,1,1,2,1,1,722642.004,4368556.458,9.798,Cob,16676,0,0,0,7,6
10866,3,2007460008934,3,12,22,2,6,2,1,CV-31,1.8,1,8,0,1,5,3,2,3,3,2,2,2,2,2,2,7,7,8,3,3,1,9,14,3,1,1,NaN,2,NaN,NaN,,NaN,,NaN,,NaN,51,50,NaN,1,4,1,1,2,1,1,1,1,1,1,1,1,1,1,1,1,1,1,2,1,1,720954.854,4376081.837,19.971,Cob,65359,0,0,0,6,2
10870,3,2007460008935,3,12,21,3,5,2,3,CV-25,1.1,1,1,0,1,5,2,3,3,1,2,1,1,1,1,1,7,7,8,3,1,4,9,14,3,1,1,NaN,1,2,NaN,,NaN,,NaN,,NaN,NaN,NaN,NaN,1,4,2,1,1,1,1,1,2,1,1,1,1,1,1,1,1,1,1,2,1,1,707567.734,4391234.245,158.503,Sec,9408,0,1,3,10,2
10872,3,2007460008957,3,12,19,6,3,1,1,CV-500,28,28,0,0,1,5,2,2,3,1,2,1,1,1,1,1,5,1,8,1,4,9,9,14,1,1,3,NaN,2,NaN,NaN,,NaN,,NaN,,67,NaN,60,NaN,1,4,1,1,1,1,1,2,1,1,1,1,1,1,1,1,1,1,1,2,2,2,732478.617,4343996.829,-8.806,Cob,9819,0,0,1,21,6
10875,3,2007460008977,3,12,21,6,5,1,2,CV-400,1.5,1,5,1,1,5,3,2,3,3,2,2,2,2,2,2,7,7,8,3,4,5,4,14,1,1,1,NaN,2,4,NaN,,NaN,,NaN,,NaN,NaN,NaN,NaN,2,4,2,1,2,1,1,1,1,1,1,1,1,1,1,1,1,1,1,2,1,1,722807.554,4365176.756,-5.681,Pri,31654,0,0,1,21,1
10876,3,2007460008986,3,12,25,6,2,3,1,CV-60,13.6,13,6,1,1,5,2,2,3,4,2,1,2,2,2,2,4,6,8,1,4,1,9,14,3,1,3,NaN,1,NaN,NaN,,21,24,NaN,,NaN,NaN,NaN,NaN,1,4,1,1,1,1,1,1,1,1,1,1,1,1,1,2,1,1,1,2,1,1,733097.508,4309761.811,162.907,Cob,10358,0,0,0,20,6
10879,3,2007460009003,3,12,18,6,2,1,3,CV-35,6.5,6,5,1,1,2,3,2,3,4,2,2,2,2,2,2,7,7,8,3,3,4,9,14,3,1,1,NaN,1,4,NaN,,NaN,,NaN,,NaN,NaN,NaN,NaN,2,4,2,1,1,1,1,1,2,1,1,1,1,1,1,1,1,1,1,2,1,1,657021.385,4422717.023,965.038,Per,93000,0,0,1,19,1
10882,3,2007460009009,3,12,20,6,4,1,3,CV-35,5.5,5,5,1,1,2,3,2,3,4,2,2,2,2,2,2,7,7,8,3,3,5,4,14,3,1,1,NaN,2,4,NaN,,NaN,,NaN,,NaN,NaN,NaN,NaN,3,4,2,1,1,1,1,1,1,1,1,1,1,1,1,1,1,1,1,2,1,1,656155.285,4423077.166,942.697,Per,125000,0,0,3,18,1
10884,3,2007460009010,3,12,19,6,3,1,2,CV-35,7.8,7,8,1,1,2,2,2,3,3,2,2,2,2,2,2,7,7,8,3,3,5,4,8,1,1,1,NaN,2,NaN,NaN,,NaN,,NaN,,NaN,54,50,NaN,2,4,1,2,1,1,1,1,1,1,1,1,1,1,1,1,1,1,1,2,1,1,657533.688,4422135.517,1012.779,Per,93000,0,0,0,20,1
10885,3,2007460009017,3,12,24,3,1,2,1,CV-35,58.5,58,5,1,1,2,2,2,3,3,2,1,2,2,1,1,7,7,5,3,2,1,9,14,3,1,3,NaN,2,NaN,NaN,,NaN,,NaN,,56,NaN,50,NaN,1,4,2,1,1,1,1,2,1,1,1,1,1,1,1,1,1,1,1,2,1,1,687755.233,4397067.378,386.686,Sec,2211,0,0,1,8,5
10895,3,2007460009018,3,12,26,6,3,4,2,CV-40,6.6,6,6,0,1,2,3,2,3,4,2,2,2,2,2,2,7,7,8,1,1,1,9,14,3,1,1,NaN,2,4,NaN,,NaN,,NaN,,NaN,NaN,NaN,NaN,1,4,2,1,1,1,1,1,1,1,1,1,1,1,1,1,1,1,1,2,1,2,711569.03,4314494.68,152.719,Per,23900,0,1,1,17,2
10898,3,2007460009027,3,12,21,6,5,1,2,CV-35,11.5,11,5,1,1,2,3,2,3,4,2,2,2,2,2,2,7,7,5,1,5,1,9,14,3,1,1,NaN,1,2,NaN,,NaN,,NaN,,NaN,NaN,NaN,NaN,1,4,1,1,1,1,1,1,2,1,1,1,1,1,1,1,1,1,1,2,1,2,660727.898,4420761.226,907.118,Per,76000,0,0,0,20,1
10900,3,2007460009053,3,12,23,5,7,3,2,CV-400,1,1,0,1,1,5,2,2,3,3,2,2,2,2,2,2,7,7,8,1,1,1,9,14,3,1,1,NaN,1,4,NaN,,NaN,,NaN,,NaN,NaN,NaN,NaN,1,4,1,1,1,1,1,2,1,1,1,1,1,1,1,1,1,1,1,2,2,2,722559.872,4364771.622,-7.809,Sec,45530,0,0,0,15,2
10901,3,2007460009078,3,12,27,6,4,1,1,CV-35,8,8,0,0,1,2,3,2,3,4,2,2,2,1,2,2,7,7,8,1,3,1,9,14,3,1,3,NaN,2,NaN,NaN,,21,24,NaN,,NaN,NaN,NaN,NaN,1,4,1,1,1,1,1,1,1,1,1,1,1,1,1,1,1,2,1,2,1,1,718236.963,4380535.666,87.354,Per,93000,0,0,0,22,1
10902,3,2007460009079,3,12,27,1,4,1,1,CV-35,5.5,5,5,1,1,2,3,2,3,4,2,2,2,2,1,1,7,7,5,3,3,1,9,14,3,1,1,NaN,1,NaN,NaN,,NaN,,NaN,,57,NaN,50,NaN,1,4,1,1,1,1,1,2,1,1,1,1,1,1,1,1,1,1,1,2,1,1,656155.285,4423077.166,942.697,Per,125000,0,0,0,4,2
10904,3,2007460009080,3,12,27,4,4,1,2,CV-33,0,0,0,1,1,5,3,2,3,3,2,1,1,2,2,2,5,1,8,1,1,1,9,14,1,1,3,NaN,1,3,NaN,,NaN,,NaN,,NaN,NaN,NaN,NaN,1,4,1,1,1,1,1,1,1,1,1,1,1,1,1,1,1,2,1,2,1,1,719794.305,4367686.054,16.824,Cob,24000,0,0,0,12,6
10906,3,2007460009083,3,12,27,4,4,1,2,CV-50,14.6,14,6,0,1,5,2,3,3,1,2,1,1,1,1,1,6,2,3,1,1,1,9,14,2,1,1,NaN,1,3,NaN,,NaN,,NaN,,NaN,NaN,NaN,NaN,1,4,1,1,1,1,1,1,2,1,1,1,1,1,1,1,1,1,1,2,1,1,726193.335,4332163.342,30.841,Cob,13183,0,0,0,11,6
10909,3,2007460009090,3,12,28,3,5,1,2,CV-515,1,1,0,0,1,5,3,2,3,1,2,1,1,1,1,1,2,1,3,1,1,1,9,14,1,1,1,NaN,2,2,NaN,,NaN,,NaN,,NaN,NaN,NaN,NaN,1,4,1,1,1,1,1,1,2,1,1,1,1,1,1,1,1,1,1,2,1,2,723541.042,4342254.116,8.397,Cob,6809,0,0,3,10,6
10912,3,2007460009097,3,12,28,4,5,1,3,CV-306,1.5,1,5,0,1,5,3,2,3,1,2,1,1,1,1,1,7,7,8,1,1,1,9,8,3,1,1,NaN,1,4,NaN,,NaN,,NaN,,NaN,NaN,NaN,NaN,1,4,2,1,1,1,1,1,1,1,1,1,1,1,1,1,1,1,1,2,1,1,730473.979,4386612.119,-2.095,Cob,7493,0,0,1,11,2
10913,3,2007460009100,3,12,29,4,6,2,1,CV-245,12,12,0,1,1,5,3,2,3,3,2,1,2,2,1,1,7,7,8,1,1,1,9,14,3,1,1,NaN,2,NaN,NaN,,NaN,,NaN,,NaN,54,50,NaN,1,4,2,1,1,1,1,2,1,1,1,1,1,1,1,1,1,1,1,2,2,2,703984.298,4412656.422,869.239,Cob,702,0,0,1,14,2
10915,3,2007460009103,3,12,29,6,6,2,2,CV-35,10,10,0,1,1,2,3,2,3,3,2,1,2,2,1,1,5,1,8,1,4,1,9,14,2,1,1,NaN,1,4,NaN,,NaN,,NaN,,NaN,NaN,NaN,NaN,1,4,2,1,1,1,1,1,1,1,1,1,1,1,1,1,1,1,1,2,1,1,659370,4421291.33,927.739,Per,76000,0,0,0,19,6
10917,3,2007460009104,3,12,29,3,6,2,2,CV-35,14.5,14,5,0,1,2,3,2,3,4,2,1,2,2,1,1,7,7,5,1,2,1,2,8,1,1,3,NaN,2,3,NaN,,NaN,,NaN,,NaN,NaN,NaN,NaN,1,4,1,1,2,1,1,1,2,1,1,1,1,1,1,1,1,1,1,2,1,1,712846.545,4383945.684,90.443,Per,76000,0,0,0,7,5
10918,3,2007460009107,3,12,31,3,1,2,1,CV-40,22.8,22,8,0,1,2,3,2,3,4,2,2,2,1,2,2,7,7,8,1,2,1,9,14,3,1,1,NaN,2,NaN,NaN,,NaN,,NaN,,NaN,62,60,NaN,1,4,2,1,2,1,1,1,1,1,1,1,1,1,1,1,1,1,1,2,1,1,713483.559,4300991.349,319.553,Cob,19200,0,0,0,7,1
10919,4,2008030000007,1,1,1,1,2,3,1,CV-920,2.6,2,6,1,1,5,2,3,3,2,2,1,1,2,1,1,7,7,8,2,5,1,9,14,1,1,1,NaN,2,NaN,NaN,,NaN,,NaN,,NaN,61,60,NaN,1,4,1,1,1,1,1,2,1,1,1,1,1,1,1,1,1,1,1,2,1,1,702930.67,4219895.92,-23.27,Pri,6709,0,0,1,1,2
10921,4,2008030000008,1,1,2,3,3,1,2,CV-935,4,4,0,0,1,5,2,3,3,1,2,1,1,1,1,1,7,7,8,1,5,1,9,14,3,1,3,NaN,2,3,NaN,,NaN,,NaN,,NaN,NaN,NaN,NaN,1,4,2,1,1,1,1,1,1,1,1,1,1,1,1,1,1,1,1,2,1,1,693875.867,4216976.927,34.6,Sec,2456,0,1,0,7,1
10925,4,2008030000009,1,1,2,6,3,4,3,CV-915,4,4,0,0,1,5,3,1,3,1,2,2,1,2,1,1,7,7,7,2,3,3,9,14,1,2,1,NaN,2,5,NaN,,NaN,,NaN,,NaN,NaN,NaN,NaN,2,4,2,1,1,1,1,1,1,1,1,1,1,1,1,1,1,1,1,2,1,1,677024.351,4215012.746,3.522,Sec,10471,0,0,0,22,2
10929,3,2008030000017,1,12,19,6,3,1,2,CV-865,11.9,11,9,1,1,5,3,2,3,4,2,1,1,1,2,1,5,6,4,1,1,1,9,14,1,1,1,NaN,1,1,NaN,,NaN,,NaN,,NaN,NaN,NaN,NaN,1,4,1,1,1,1,1,1,2,1,1,1,1,1,1,1,1,1,1,2,1,1,703558.926,4237550.631,43.296,NaN,0,0,0,0,19,6
10930,3,2008030000024,1,12,30,1,7,3,1,CV-95,2.7,2,7,1,1,5,2,2,3,3,2,1,1,1,2,2,7,7,8,1,5,1,9,14,2,1,3,NaN,1,NaN,NaN,,21,24,NaN,,NaN,NaN,NaN,NaN,1,4,1,1,1,1,1,1,1,1,1,1,1,1,1,2,1,1,1,2,1,1,699296.909,4204608.429,-0.482,Cob,14091,0,0,0,4,1
10932,4,2008030000026,1,1,3,4,4,1,2,CV-935,1.1,1,1,1,1,5,2,2,3,3,2,2,1,1,1,1,5,1,4,3,1,4,9,14,1,1,3,NaN,2,4,NaN,,NaN,,NaN,,NaN,NaN,NaN,NaN,1,4,1,1,1,1,1,1,2,1,1,1,1,1,1,1,1,1,1,2,1,1,695573.205,4211987.644,30.696,Cob,7041,0,0,2,13,7
10935,3,2008030000033,1,12,31,6,1,4,2,CV-773,1.2,1,2,0,1,5,2,3,3,3,2,1,1,1,1,1,1,1,3,1,5,1,9,14,2,1,3,NaN,2,NaN,NaN,,NaN,,NaN,,57,NaN,50,NaN,1,4,1,1,1,1,1,1,2,1,1,1,1,1,1,1,1,1,1,2,1,1,722950.377,4257582.533,75.15,Cob,4339,0,0,0,20,6
10937,3,2008030000040,1,12,18,3,2,1,2,CV-799,9.1,9,1,0,1,5,2,2,3,3,2,1,2,2,2,1,7,7,8,4,2,3,2,14,1,1,1,NaN,1,2,NaN,,NaN,,NaN,,NaN,NaN,NaN,NaN,1,4,1,2,1,1,1,2,1,2,1,1,1,1,2,1,1,1,1,2,1,1,695817.319,4277650.579,740.584,Cob,4260,0,0,0,7,2
10939,4,2008030000048,1,1,6,4,7,3,1,CV-70,43.2,43,2,0,1,5,3,2,3,2,2,2,1,1,1,1,5,3,5,9,1,1,9,14,1,2,3,NaN,2,NaN,NaN,,NaN,,NaN,,NaN,63,60,NaN,1,4,1,1,1,1,1,1,1,2,1,1,1,1,1,1,1,1,1,2,1,2,749446.453,4277124.539,225.26,Cob,0,0,1,0,11,6
10944,4,2008030000050,1,1,1,2,2,3,2,CV-900,2.5,2,5,0,1,5,3,2,3,2,2,2,1,2,2,2,5,3,8,1,3,1,9,13,1,2,1,NaN,2,2,NaN,,NaN,,NaN,,NaN,NaN,NaN,NaN,1,4,1,2,2,1,1,2,2,1,1,1,1,1,1,1,1,1,1,2,1,1,683188.537,4220092.912,-1.926,Cob,8167,0,0,5,5,6
10945,4,2008030000057,1,1,8,4,2,1,1,CV-70,43.6,43,6,1,1,5,2,2,3,3,2,2,2,2,2,2,1,1,3,1,1,1,9,14,1,1,1,NaN,1,NaN,NaN,,21,21,NaN,,NaN,NaN,NaN,NaN,1,4,1,1,1,1,1,1,2,1,1,1,1,1,1,1,1,1,1,2,1,1,726002.821,4286932.464,545.343,Cob,31192,0,0,0,12,7
10947,4,2008030000058,1,1,8,4,2,1,2,CV-736,1.3,1,3,0,1,5,1,3,3,1,2,1,1,1,1,1,7,7,5,1,1,1,9,13,2,2,3,NaN,1,3,NaN,,NaN,,NaN,,NaN,NaN,NaN,NaN,1,4,2,1,1,1,1,1,1,1,1,1,1,1,1,1,1,1,1,2,1,1,772004.844,4302905.631,-0.614,Cob,4048,0,0,0,13,2
10949,4,2008030000059,1,1,7,3,1,1,2,CV-84,1.4,1,4,0,1,5,3,2,3,4,2,2,1,2,2,2,7,7,8,1,1,1,9,14,3,1,3,NaN,2,4,NaN,,NaN,,NaN,,NaN,NaN,NaN,NaN,1,4,2,1,1,1,1,1,1,1,1,1,1,1,1,1,1,1,1,2,1,1,697986.071,4241383.683,153.572,Sec,22192,0,0,2,9,2
10955,4,2008030000060,1,1,2,4,3,4,3,CV-95,25.3,25,3,0,1,5,2,3,3,3,2,1,1,1,1,1,7,7,8,1,1,1,9,14,3,1,3,NaN,2,5,NaN,,NaN,,NaN,,NaN,NaN,NaN,NaN,2,4,2,1,1,1,1,1,1,1,1,1,1,1,1,1,1,1,1,2,1,1,699690.638,4204493.245,2.487,Cob,21165,0,0,0,12,1
10958,4,2008030000061,1,1,7,3,1,4,2,CV-91,7.2,7,2,1,1,5,3,2,3,4,2,1,1,1,2,2,7,7,8,1,1,1,9,7,2,1,3,NaN,2,4,NaN,,NaN,,NaN,,NaN,NaN,NaN,NaN,1,4,2,1,1,1,1,1,1,1,1,1,1,1,1,1,1,1,1,2,1,1,698394.49,4219261.404,-26.876,Sec,13575,0,0,0,9,1
10960,4,2008030000069,1,1,6,4,7,3,2,CV-905,0,0,0,0,1,5,3,2,3,3,2,1,1,1,2,2,5,3,4,1,1,1,9,14,1,1,1,NaN,2,3,NaN,,NaN,,NaN,,NaN,NaN,NaN,NaN,1,4,1,1,1,1,1,1,2,1,1,1,1,1,1,1,1,1,1,2,2,3,698062.729,4215016.961,1.517,Pri,25974,0,0,0,11,6
10961,4,2008030000073,1,1,5,1,6,2,1,CV-83,20.3,20,3,0,1,5,3,2,3,3,2,1,2,2,2,2,1,4,8,1,5,1,9,14,3,1,3,NaN,2,NaN,NaN,,NaN,,NaN,,NaN,54,50,NaN,1,4,2,1,1,1,1,1,1,1,1,1,1,1,1,1,1,1,1,2,1,2,675281.212,4254543.281,579.856,Cob,5174,0,0,2,1,6
10962,4,2008030000076,1,1,9,4,3,1,1,CV-70,48.2,48,2,0,1,5,2,2,3,3,2,2,1,1,1,1,7,7,5,1,1,1,9,14,1,2,1,NaN,2,NaN,NaN,,NaN,,NaN,,NaN,64,60,NaN,1,4,2,1,1,1,1,1,1,1,1,1,1,1,1,1,1,1,1,2,1,1,749857.861,4272950.771,131.341,Per,25542,0,1,0,14,2
10963,4,2008030000079,1,1,10,4,4,1,1,CV-870,0.8,0,8,0,1,5,2,2,3,3,2,1,1,1,1,1,7,7,8,1,1,1,9,14,3,1,1,NaN,2,NaN,NaN,,21,24,NaN,,NaN,NaN,NaN,NaN,1,4,1,1,1,1,1,1,1,1,1,1,1,1,1,2,1,1,1,2,1,1,680827.729,4220697.88,5.538,Cob,0,0,0,0,11,1
10966,4,2008030000087,1,1,6,5,7,3,1,CV-821,5.7,5,7,1,1,5,3,3,3,1,2,2,1,1,1,1,7,7,5,1,1,1,9,14,2,1,1,NaN,1,NaN,NaN,,NaN,,NaN,,NaN,51,50,NaN,1,4,1,1,1,2,1,1,1,1,1,1,1,1,1,1,1,1,1,2,1,1,719657.882,4252965.954,49.663,Sec,30367,0,0,4,15,1
10967,3,2008030000088,1,12,29,1,6,1,1,CV-905,2.8,2,8,0,1,5,3,2,3,3,2,2,1,1,1,1,5,2,4,1,4,1,9,14,1,1,1,NaN,2,NaN,NaN,,NaN,,NaN,,NaN,53,50,NaN,1,4,2,1,1,2,1,1,1,1,1,1,1,1,1,1,1,1,1,2,1,1,699814.231,4214083.395,-1.521,Pri,26822,0,0,0,1,6
10971,4,2008030000098,1,1,12,5,6,2,2,CV-91,3,3,0,1,1,5,3,2,3,3,2,1,1,1,1,1,5,1,4,1,1,1,9,14,3,1,3,NaN,2,2,NaN,,NaN,,NaN,,NaN,NaN,NaN,NaN,1,4,1,1,1,1,1,1,2,1,1,1,1,1,1,1,1,1,1,2,1,1,702356.193,4219249.485,-25.984,Sec,13575,0,0,1,16,6
10973,4,2008030000101,1,1,8,5,2,1,2,CV-81,42.1,42,1,0,1,5,3,2,3,1,2,1,2,2,2,1,5,3,4,1,1,1,9,14,1,1,1,NaN,1,2,NaN,,NaN,,NaN,,NaN,NaN,NaN,NaN,1,4,1,1,1,1,1,1,2,1,1,1,1,1,1,1,1,1,1,2,2,1,685193.53,4280289.202,477.407,Cob,5744,0,0,0,16,6
10975,4,2008030000103,1,1,5,1,6,1,1,CV-91,22.8,22,8,1,1,5,3,2,3,3,2,1,2,1,1,1,7,7,8,1,4,1,9,14,3,1,1,NaN,2,NaN,NaN,,NaN,,12,9,NaN,NaN,NaN,NaN,1,4,2,1,1,1,1,1,1,1,1,1,1,1,1,1,1,1,1,2,1,1,683398.409,4217978.116,-13.757,Cob,8585,0,0,0,1,2
10976,4,2008030000114,1,1,1,2,2,3,1,CV-865,0.5,0,5,0,1,5,3,2,3,4,2,1,1,1,1,1,7,7,8,1,5,1,9,14,3,1,1,NaN,1,NaN,NaN,,NaN,,NaN,,NaN,53,50,NaN,1,4,2,1,1,1,1,1,1,1,1,1,1,1,1,1,1,1,1,2,1,1,703591.505,4237522.702,47.666,Cob,14206,0,0,2,5,1
10979,4,2008030000120,1,1,15,6,2,1,2,CV-900,12,12,0,0,1,5,3,2,3,3,2,1,2,1,1,1,7,7,8,1,5,1,9,14,1,1,1,NaN,2,4,NaN,,NaN,,NaN,,NaN,NaN,NaN,NaN,1,4,1,2,1,1,1,1,2,1,1,1,1,1,1,1,1,1,1,2,1,1,685545.496,4225258.288,-11.526,Cob,5232,0,0,0,20,1
10980,4,2008030000126,1,1,7,4,1,1,1,CV-91,15.5,15,5,1,1,5,2,2,3,3,2,1,2,1,1,1,7,7,8,1,1,1,9,14,3,1,1,NaN,1,NaN,NaN,,NaN,,NaN,,NaN,54,50,NaN,1,4,1,1,1,1,1,1,1,1,1,1,1,2,1,1,1,1,1,2,1,1,690618.2,4218010.092,-20.743,Cob,9692,0,1,0,12,1
10983,4,2008030000132,1,1,17,3,4,1,2,CV-915,2.5,2,5,1,1,5,2,3,3,1,2,1,1,1,1,1,7,7,8,1,1,1,9,14,3,2,1,NaN,2,4,NaN,,NaN,,NaN,,NaN,NaN,NaN,NaN,1,4,2,1,1,1,1,1,1,1,1,1,1,1,1,1,1,1,1,2,1,1,677198.415,4215234.089,3.494,Sec,10471,0,0,0,10,1
10985,4,2008030000134,1,1,15,4,2,1,1,CV-799,12,12,0,0,1,5,2,2,3,3,2,1,2,1,2,2,7,7,8,1,1,1,9,14,3,1,1,NaN,2,NaN,NaN,,NaN,,NaN,,55,NaN,50,NaN,1,4,2,1,1,1,1,1,1,1,1,1,1,1,1,1,1,1,1,2,1,1,697943.22,4276237.285,736.024,Cob,3707,0,1,0,11,2
10988,4,2008030000139,1,1,3,6,4,1,3,CV-865,2.5,2,5,0,1,5,3,2,3,4,2,1,1,1,2,2,2,5,3,1,5,1,9,14,1,1,1,NaN,2,2,NaN,,NaN,,NaN,,NaN,NaN,NaN,NaN,1,4,2,1,1,1,1,1,2,1,1,1,1,1,1,1,1,1,1,2,1,1,705252.859,4236458.122,32.45,Cob,14206,0,0,2,20,7
10989,4,2008030000141,1,1,13,6,7,3,1,CV-820,20.5,20,5,1,1,5,2,2,3,2,2,1,1,1,1,1,5,6,4,1,5,1,9,14,1,1,1,NaN,2,NaN,NaN,,NaN,,NaN,,NaN,53,50,NaN,1,4,2,1,1,1,1,2,1,1,1,1,1,1,1,1,1,1,1,2,1,1,713734.893,4254045.583,115.694,Cob,0,0,0,2,21,7
10991,4,2008030000144,1,1,7,3,1,1,2,CV-95,23.1,23,1,1,1,5,2,2,4,3,2,1,1,1,1,1,5,1,4,1,1,1,9,14,1,1,1,NaN,2,2,NaN,,NaN,,NaN,,NaN,NaN,NaN,NaN,1,4,1,1,1,1,1,1,2,1,1,1,1,1,1,1,1,1,1,2,1,1,684144.814,4215247.127,-2.939,Cob,21165,0,0,0,8,6
10993,4,2008030000145,1,1,18,6,5,1,2,CV-911,2,2,0,0,1,5,2,2,3,3,2,1,2,2,2,1,5,6,4,1,2,1,9,14,1,1,3,NaN,2,4,NaN,,NaN,,NaN,,NaN,NaN,NaN,NaN,1,4,2,1,1,1,1,1,1,1,1,1,1,1,1,1,1,1,1,2,1,1,688157.349,4219136.119,-11.312,Cob,9251,0,0,0,18,6
10995,4,2008030000148,1,1,18,4,5,1,2,CV-715,11.4,11,4,0,1,5,2,3,3,1,2,1,1,2,1,1,7,7,8,1,1,1,9,14,1,1,1,NaN,1,3,NaN,,NaN,,NaN,,NaN,NaN,NaN,NaN,1,4,2,1,1,1,1,1,1,1,1,1,1,1,1,1,1,1,1,2,1,1,755226.832,4296151.211,145.182,Cob,2659,0,0,0,11,1
10996,4,2008030000152,1,1,18,6,5,1,1,CV-840,23.3,23,3,1,1,5,2,3,3,3,2,1,1,1,1,1,7,7,8,1,1,1,9,14,3,1,1,NaN,2,NaN,NaN,,NaN,,NaN,,66,NaN,60,NaN,1,4,2,1,1,1,1,1,1,1,1,1,1,1,1,1,1,1,1,2,1,2,690685.013,4249433.187,314.096,Sec,2949,0,1,0,17,1
10998,4,2008030000154,1,1,19,6,6,2,2,CV-736,1.5,1,5,0,1,5,2,3,3,1,2,1,1,1,1,1,6,1,3,1,4,1,9,14,1,2,1,NaN,2,2,NaN,,NaN,,NaN,,NaN,NaN,NaN,NaN,1,4,1,1,1,1,1,1,2,1,1,1,1,1,1,1,1,1,1,2,1,1,772123.01,4302754.04,5.803,Cob,4048,0,0,1,19,7
11000,4,2008030000155,1,1,19,6,6,2,2,CV-950,5,5,0,1,1,5,2,3,3,3,2,1,2,2,1,1,7,7,8,1,1,1,2,4,1,1,3,NaN,2,1,NaN,,NaN,,NaN,,NaN,NaN,NaN,NaN,1,4,1,1,1,1,1,2,2,1,1,1,1,1,1,1,1,1,1,2,1,2,688206.808,4211249.644,86.732,Cob,442,0,0,3,17,5