Id,Ano,Numero_Accidente,Provincia,Mes,Dia,Hora,Dia_Semana,Tipo_Dia,Vehiculos_Implicados,Carretera,Pk,Km,Hm,Sentido,Zona,Tipo_Via,Anchura_Calzada,Anchura_Carril,Marcas_Viales,Arcen,Arcen_Pavimentado,Mediana,Barrera_Seguridad,Paneles_Direccionales,Hitos_Arista,Captafaros,Interseccion_Tipo,Interseccion_Acondicionamiento,Prioridad_Regulada_por,Superficie,Luminosidad,Factores_Atmosfericos,Visibilidad_Restringida_por,Otras_Circunstancias,Senalizacion_Peligro,Aceras,Arboles,Arboles_Metros_Calzada,Visibilidad_Senalizacion_Vertical,Colision_Vehiculos_Marcha,Colision_Vehiculo_Obstaculo_1,Colision_Vehiculo_Obstaculo_2,Atropello_1,Atropello_2,Vuelco_1,Vuelco_2,Salida_Sin_Colision,Salida_Con_Colision,Lado_Salida,Otro,Circulacion,Circulacion_Medidas_Especiales,Distraccion,Inexperiencia_Conductor,Alcohol_Drogas,Cansancio_Sueno,Enfermedad,Velocidad_Inadecuada,Infraccion_Norma_Circulacion,Estado_Condicion_Via,Estado_Condicion_Senalizacion,Tramo_Obras,Mal_Estado_Vehiculo,Averia_Mecanica,Meteorologia_Adversa,Irrupcion_Animal,Circular_Sentido_Contrario,Otro_Factor,Sin_Opinion_Definida,Pendiente,Curvatura,Peralte,GPS_x,GPS_y,GPS_z,Tipo_Est,IMD,N_Muertos,N_Graves,N_Leves,Hora_Real,Fuera_o_Interseccion
11002,4,2008030000156,1,1,16,4,3,1,2,CV-895,1.5,1,5,0,1,5,3,2,3,3,2,1,1,1,1,1,1,3,3,1,1,1,9,14,1,1,1,NaN,2,1,NaN,,NaN,,NaN,,NaN,NaN,NaN,NaN,1,4,1,1,1,1,1,1,2,1,1,1,1,1,1,1,1,1,1,2,1,1,701115.881,4214009.523,-12.495,Cob,7055,0,0,0,11,6
11004,4,2008030000157,1,1,14,5,1,4,2,CV-821,5.9,5,9,0,1,5,2,3,3,1,2,2,2,2,2,2,5,3,4,1,1,1,9,14,1,1,1,NaN,2,4,NaN,,NaN,,NaN,,NaN,NaN,NaN,NaN,1,4,2,1,1,1,1,1,1,1,1,1,1,1,1,1,1,1,1,2,1,1,721224.47,4254113.659,37.896,Sec,30367,0,0,3,16,6
11006,4,2008030000161,1,1,20,6,7,3,2,CV-911,0.7,0,7,0,1,5,2,3,3,3,2,1,1,1,1,1,1,1,3,1,3,1,9,14,1,1,1,NaN,2,1,NaN,,NaN,,NaN,,NaN,NaN,NaN,NaN,1,4,1,1,1,1,1,1,2,1,1,1,1,1,1,1,1,1,1,2,1,1,687224.193,4220016.862,-10.182,Sec,9398,0,0,2,20,7
11007,4,2008030000163,1,1,12,4,6,2,1,CV-800,11.1,11,1,0,1,5,3,2,3,3,2,1,2,2,2,1,7,7,8,1,1,1,9,14,1,1,1,NaN,2,NaN,NaN,,NaN,,NaN,,NaN,63,60,NaN,1,4,2,1,1,1,1,2,2,1,1,1,1,1,1,1,1,1,1,2,1,1,720061.663,4263491.436,214.836,Sec,6005,0,0,0,13,5
11008,4,2008030000173,1,1,21,1,1,4,1,CV-755,19.6,19,6,0,1,5,2,2,3,2,2,1,1,1,1,1,7,7,5,1,5,1,9,14,1,1,3,NaN,2,NaN,NaN,,NaN,,NaN,,NaN,52,50,NaN,1,4,2,1,1,1,1,2,1,1,1,1,1,1,1,1,1,1,1,2,1,2,756357.126,4280004.193,36.767,Cob,3323,0,0,0,0,5
11010,4,2008030000177,1,1,19,6,6,2,2,CV-70,48.2,48,2,1,1,5,2,3,3,2,2,2,1,1,1,2,5,3,4,1,4,1,9,14,1,2,1,NaN,2,4,NaN,,NaN,,NaN,,NaN,NaN,NaN,NaN,1,4,2,1,2,1,1,1,2,1,1,1,1,1,1,1,1,1,1,2,2,2,722674.425,4286114.123,722.796,Per,25542,0,0,0,21,6
11012,4,2008030000179,1,1,20,1,7,3,2,CV-95,15,15,0,1,1,5,3,2,3,3,2,1,2,2,2,1,7,7,8,1,5,1,9,14,3,1,3,NaN,1,3,NaN,,NaN,,NaN,,NaN,NaN,NaN,NaN,1,4,2,1,1,1,1,1,2,1,1,1,1,1,1,1,1,1,1,2,1,2,689980.358,4211003.087,84.415,Pri,9274,0,0,0,1,2
11013,4,2008030000186,1,1,24,1,4,1,1,CV-700,29,29,0,1,1,5,2,2,3,1,2,1,2,2,2,2,7,7,8,1,5,1,2,14,1,1,1,NaN,2,NaN,NaN,,NaN,,NaN,,NaN,53,50,NaN,1,4,1,1,1,1,1,2,1,1,1,1,1,1,1,1,1,1,1,2,1,1,737873.176,4300562.836,396.863,Cob,453,1,0,0,1,5
11014,4,2008030000191,1,1,24,1,4,1,1,CV-930,0.1,0,1,1,1,5,3,2,3,3,2,1,2,2,2,1,7,7,8,1,3,1,2,14,1,1,3,NaN,2,NaN,NaN,,NaN,,NaN,,NaN,54,50,NaN,1,4,1,1,1,1,1,2,1,1,1,1,1,1,1,1,1,1,1,1,2,1,680755.169,4217063.996,-2.544,Cob,14316,0,0,1,4,5
11015,4,2008030000201,1,1,24,4,4,1,1,CV-905,6,6,0,0,1,5,3,2,3,3,2,2,1,2,2,2,7,7,5,1,1,1,9,14,3,1,3,NaN,1,NaN,NaN,,NaN,,12,9,NaN,NaN,NaN,NaN,1,4,2,1,1,1,1,1,1,1,1,1,1,1,1,1,1,1,1,2,1,1,701137.262,4211247.224,-8.921,Cob,31158,0,0,0,13,1
11017,4,2008030000212,1,1,27,4,7,3,2,CV-736,0.3,0,3,1,1,5,3,1,3,2,2,1,1,1,1,1,7,7,8,1,1,1,9,6,1,2,3,NaN,2,3,NaN,,NaN,,NaN,,NaN,NaN,NaN,NaN,1,3,2,1,1,1,1,1,2,1,1,1,1,1,1,1,1,1,1,2,2,1,774672.714,4298838.972,59.376,Cob,4048,0,0,0,11,1
11019,4,2008030000215,1,1,26,6,6,2,2,CV-915,5.8,5,8,1,1,5,3,2,3,4,2,1,1,1,1,2,7,7,8,1,3,1,9,14,3,1,1,NaN,2,4,NaN,,NaN,,NaN,,NaN,NaN,NaN,NaN,1,4,2,1,2,1,1,1,1,1,1,1,1,1,1,1,1,1,1,2,1,1,679669.417,4217223.409,0.951,Sec,10471,0,0,0,19,1
11021,4,2008030000217,1,1,27,4,7,3,2,CV-800,20.6,20,6,1,1,5,3,3,3,4,2,1,2,2,2,2,7,7,8,1,1,1,9,14,1,1,1,NaN,1,1,NaN,,NaN,,NaN,,NaN,NaN,NaN,NaN,2,4,1,1,1,1,1,2,1,1,1,1,1,1,1,1,1,1,1,2,1,1,717949.523,4267568.213,351.872,Cob,1402,0,1,0,12,4
11023,4,2008030000221,1,1,20,1,7,3,2,CV-95,4.9,4,9,0,1,5,3,2,3,3,2,1,1,1,1,1,2,1,2,1,3,1,9,14,1,1,1,NaN,1,2,NaN,,NaN,,NaN,,NaN,NaN,NaN,NaN,1,4,1,1,1,1,1,1,2,1,1,1,1,1,1,1,1,1,1,2,1,1,684627.148,4215269.462,12.043,Cob,12644,0,1,0,0,7
11024,4,2008030000233,1,1,27,6,7,3,1,CV-905,7.9,7,9,1,1,5,3,2,3,3,2,2,1,1,2,2,5,1,4,1,2,1,9,14,1,1,1,NaN,2,NaN,NaN,,NaN,,NaN,,NaN,54,50,NaN,1,4,2,1,1,1,1,1,1,1,1,1,1,1,1,1,1,1,1,2,1,1,700033.341,4213543.809,-6.338,Cob,31158,0,0,0,19,6
11026,4,2008030000242,1,1,25,5,5,1,2,CV-941,6,6,0,1,1,5,2,3,3,3,2,1,1,2,1,1,7,7,8,1,1,1,9,14,1,1,2,2,2,1,NaN,,NaN,,NaN,,NaN,NaN,NaN,NaN,1,4,1,1,1,1,1,1,2,1,1,1,1,1,1,1,1,1,1,2,1,1,694333.801,4200560.745,62.875,Sec,4444,0,1,0,16,4
11029,4,2008030000245,1,1,23,6,3,1,3,CV-95,25.8,25,8,0,1,5,2,2,3,3,2,1,1,1,1,1,7,7,8,1,3,1,9,14,3,1,1,NaN,2,5,NaN,,NaN,,NaN,,NaN,NaN,NaN,NaN,1,4,2,1,1,1,1,1,2,1,1,1,1,1,1,1,1,1,1,2,2,1,700164.951,4204391.295,-3.433,Cob,21165,0,0,0,19,1
11030,4,2008030000248,1,1,10,5,4,1,1,CV-70,14.8,14,8,1,1,5,2,3,3,3,2,1,1,1,1,1,7,7,8,1,1,1,9,14,1,1,1,NaN,2,NaN,NaN,,NaN,,NaN,,NaN,64,60,NaN,1,4,1,2,1,1,1,2,1,1,1,1,1,1,1,1,1,1,1,3,1,1,745713.953,4282288.9,582.192,Sec,695,0,0,0,16,2
11032,4,2008030000258,1,1,20,6,7,3,2,CV-83,26,26,0,1,1,5,3,3,3,3,2,1,2,2,2,2,7,7,8,1,5,1,9,14,3,1,3,NaN,2,2,NaN,,NaN,,NaN,,NaN,NaN,NaN,NaN,1,4,1,1,1,1,1,1,2,1,1,1,1,1,1,1,1,1,1,2,1,1,690375.534,4257014.574,316.572,Cob,2536,0,0,0,19,1
11033,4,2008030000259,1,1,28,1,1,4,1,CV-903,2,2,0,0,1,5,2,3,3,3,2,1,1,1,1,1,7,7,8,1,5,1,9,14,3,1,1,NaN,2,NaN,NaN,,NaN,,NaN,,66,NaN,60,NaN,1,4,2,1,1,1,1,1,1,1,1,1,1,1,1,1,1,1,1,2,1,1,699487.901,4219827.064,-13.571,Cob,0,0,0,0,23,1
11034,4,2008030000265,1,1,23,6,3,1,1,CV-825,3.7,3,7,0,1,5,3,3,3,3,2,1,1,2,1,1,7,7,8,1,5,1,9,14,3,1,3,NaN,1,NaN,NaN,,NaN,,NaN,,66,NaN,60,NaN,1,4,2,1,1,1,1,2,1,1,1,1,1,1,1,1,1,1,1,2,1,1,697589.74,4249338.603,184.358,Sec,4601,0,0,0,22,3
11036,4,2008030000268,1,1,31,3,4,1,2,CV-855,12,12,0,1,1,5,3,2,3,3,2,1,1,1,1,1,1,1,5,1,1,1,4,14,3,1,1,NaN,1,2,NaN,,NaN,,NaN,,NaN,NaN,NaN,NaN,1,4,1,1,1,1,1,1,2,1,1,1,1,1,1,1,1,1,1,2,1,1,701509.064,4231237.624,0.578,Cob,3921,0,0,0,8,6
11039,4,2008030000275,1,2,1,6,5,1,2,CV-800,14.6,14,6,1,1,5,3,2,3,3,2,1,2,2,2,1,7,7,5,1,2,1,9,14,1,1,3,NaN,2,1,NaN,,NaN,,NaN,,NaN,NaN,NaN,NaN,1,4,2,1,2,1,1,1,2,1,1,1,1,1,1,1,1,1,1,2,2,2,717661.156,4272147.363,586.416,Sec,6005,0,0,0,18,5
11041,4,2008030000276,1,1,31,4,4,1,2,CV-821,4.5,4,5,0,1,5,2,2,3,3,2,2,1,2,1,1,5,1,8,1,1,1,9,14,3,1,1,NaN,1,2,NaN,,NaN,,NaN,,NaN,NaN,NaN,NaN,1,4,2,2,1,1,1,1,2,1,1,1,1,1,1,1,1,1,1,2,1,1,720111.512,4253340.597,49.367,Sec,30367,0,0,1,11,6
11042,4,2008030000277,1,1,27,1,7,3,1,CV-825,2,2,0,1,1,5,2,2,3,1,2,1,2,1,2,2,7,7,8,1,5,1,9,14,1,1,1,NaN,1,NaN,NaN,,NaN,,NaN,,NaN,53,50,NaN,1,4,2,1,1,1,1,1,1,1,1,1,1,1,1,1,1,1,1,2,1,1,700711.883,4253076.103,235.291,Sec,4601,0,0,1,1,5
11043,4,2008030000278,1,1,24,5,4,1,1,CV-845,16.6,16,6,1,1,5,3,2,3,3,2,1,1,2,1,1,7,7,8,1,1,1,9,14,3,1,1,NaN,2,NaN,NaN,,NaN,,NaN,,67,NaN,60,NaN,1,4,2,1,1,1,1,2,1,1,1,1,1,1,1,1,1,1,1,2,1,1,691778.523,4243833.533,266.962,Cob,1344,0,0,0,15,5
11044,4,2008030000284,1,2,2,4,6,2,1,CV-840,25.1,25,1,0,1,5,2,3,3,2,2,1,2,2,1,1,7,7,8,1,1,1,2,14,1,1,1,NaN,2,NaN,NaN,,NaN,,NaN,,65,NaN,60,NaN,1,4,2,2,1,1,1,2,2,1,1,1,1,1,1,1,1,1,1,2,1,1,672353.566,4247341.604,502.454,Sec,2949,0,1,0,12,5
11046,4,2008030000288,1,2,3,6,7,3,2,CV-773,3,3,0,0,1,5,3,2,3,2,2,1,1,1,1,1,7,7,8,1,5,1,9,14,3,1,1,NaN,2,3,NaN,,NaN,,NaN,,NaN,NaN,NaN,NaN,1,4,1,1,2,1,1,2,1,1,1,1,1,1,1,1,1,1,1,2,1,1,722843.851,4259310.495,112.823,Cob,4226,0,0,0,19,2
11047,4,2008030000297,1,2,4,1,1,4,1,CV-820,10.6,10,6,0,1,5,3,2,3,3,2,1,1,2,2,1,7,7,8,1,5,1,9,14,3,1,1,NaN,2,NaN,NaN,,NaN,,NaN,,66,NaN,60,NaN,1,4,2,1,1,2,1,2,1,1,1,1,1,1,1,1,1,1,1,2,1,1,704453.327,4256378.995,286.964,Cob,3840,0,1,0,2,2
11049,4,2008030000307,1,2,6,4,3,1,2,CV-91,4.6,4,6,0,1,5,3,2,3,4,2,1,1,1,1,1,7,7,8,1,1,1,9,14,1,1,1,NaN,2,4,NaN,,NaN,,NaN,,NaN,NaN,NaN,NaN,1,4,2,1,1,1,1,1,1,1,1,1,1,1,1,1,1,1,1,2,1,1,685473.583,4218212.15,-12.959,Sec,13575,0,0,0,13,1
11050,4,2008030000308,1,2,6,4,3,1,1,CV-70,47.5,47,5,0,1,5,3,2,3,3,2,2,1,1,1,1,2,6,5,1,1,1,9,14,1,1,1,NaN,2,NaN,NaN,,NaN,,NaN,,NaN,62,60,NaN,1,4,2,1,1,1,1,1,1,1,1,1,1,1,1,1,1,1,1,2,1,1,750127.948,4273685.735,149.775,Per,25542,0,0,0,12,6
11051,4,2008030000310,1,2,3,1,7,3,1,CV-91,14,14,0,0,1,5,2,2,3,3,2,1,2,1,1,1,7,7,8,1,5,1,9,14,3,1,3,NaN,1,NaN,NaN,,21,24,NaN,,NaN,NaN,NaN,NaN,1,4,1,1,1,1,1,1,1,1,1,1,1,1,1,2,1,1,1,2,1,1,694455.558,4218849.17,-15.458,Pri,13282,0,0,0,1,1
11053,4,2008030000315,1,1,5,3,6,2,2,CV-821,6.9,6,9,0,1,5,2,2,3,3,2,2,1,1,1,1,5,2,4,1,1,1,9,14,1,1,3,NaN,2,2,NaN,,NaN,,NaN,,NaN,NaN,NaN,NaN,1,4,2,1,1,1,1,1,1,1,1,1,1,1,1,1,1,1,1,2,1,1,721976.565,4253837.632,29.316,Cob,10986,0,1,0,8,6
11054,4,2008030000321,1,2,8,2,5,1,1,CV-913,0,0,0,0,1,5,3,2,3,3,2,1,2,2,2,1,5,3,4,1,3,1,9,14,1,2,3,NaN,2,NaN,NaN,,NaN,,NaN,,NaN,62,60,NaN,1,4,2,1,2,1,1,1,2,1,1,1,1,1,1,1,1,1,1,1,1,1,687236.537,4222152.116,-11.444,Sec,7483,0,0,0,6,6
11055,4,2008030000331,1,2,9,6,6,2,1,CV-950,4.2,4,2,0,1,5,2,2,3,3,2,1,1,1,1,1,7,7,8,1,1,1,9,14,1,1,1,NaN,2,NaN,NaN,,NaN,,12,9,NaN,NaN,NaN,NaN,1,4,1,1,1,1,1,2,1,1,1,1,1,1,1,1,1,1,1,2,1,1,687014.303,4211810.511,81.57,Cob,442,0,0,1,18,4
11058,4,2008030000342,1,2,10,4,7,3,2,CV-83,6.4,6,4,1,1,5,2,2,3,3,2,1,1,1,1,1,7,7,5,1,1,1,9,14,3,1,1,NaN,2,1,NaN,,NaN,,NaN,,NaN,NaN,NaN,NaN,1,4,2,1,2,1,1,1,1,1,1,1,1,1,1,1,1,1,1,2,1,1,672314.495,4252859.201,565.637,Sec,5315,0,0,2,14,2
11060,4,2008030000352,1,2,10,4,7,3,2,CV-70,24.5,24,5,0,1,5,2,3,4,1,2,1,2,1,1,1,7,7,5,4,1,1,9,14,2,1,3,NaN,1,NaN,NaN,,NaN,,NaN,,68,NaN,60,NaN,1,4,1,1,1,1,1,2,2,1,1,1,1,1,1,1,1,1,1,2,2,3,738743.698,4285659.55,683.663,Sec,695,0,0,0,11,2
11064,4,2008030000356,1,2,9,3,6,2,4,CV-83,6.8,6,8,1,1,5,2,2,3,3,2,1,2,1,1,1,7,7,8,1,1,1,9,14,3,1,1,NaN,1,4,NaN,,NaN,,NaN,,NaN,NaN,NaN,NaN,1,4,2,1,1,1,1,1,2,1,1,1,1,1,1,1,1,1,1,2,1,1,672698.064,4252964.611,566.929,Cob,5819,0,0,1,10,2
11066,4,2008030000362,1,2,13,3,3,1,2,CV-736,6.7,6,7,0,1,5,1,3,3,1,2,1,2,2,1,1,7,7,5,1,1,1,9,14,1,1,3,NaN,2,1,NaN,,NaN,,NaN,,NaN,NaN,NaN,NaN,1,4,1,1,1,1,1,2,1,1,1,1,1,1,1,1,1,1,1,2,1,1,774431.549,4299576.434,160.943,Cob,4048,0,0,0,7,4
11068,4,2008030000364,1,2,7,6,4,1,2,CV-95,19.6,19,6,1,1,5,3,2,3,3,2,1,2,2,1,2,1,4,3,1,4,1,9,14,1,1,1,NaN,2,2,NaN,,NaN,,NaN,,NaN,NaN,NaN,NaN,1,4,1,1,1,1,1,1,2,1,1,1,1,1,1,1,1,1,1,2,1,1,686504.628,4213527.341,17.184,Cob,7851,0,0,0,18,6
11070,4,2008030000370,1,2,8,4,5,1,2,CV-821,3.5,3,5,0,1,5,3,2,3,4,2,1,2,2,2,2,5,1,8,1,1,1,9,14,1,1,1,NaN,2,NaN,NaN,,NaN,,NaN,,66,NaN,60,NaN,1,4,2,1,1,1,1,1,2,1,1,1,1,1,1,1,1,1,1,2,1,1,719324.93,4252803.54,49.862,Sec,30367,0,0,1,14,6
11072,4,2008030000374,1,2,6,3,3,1,2,CV-95,24.3,24,3,0,1,5,3,2,3,3,2,2,1,1,2,2,5,2,4,1,5,1,9,14,1,1,1,NaN,2,2,NaN,,NaN,,NaN,,NaN,NaN,NaN,NaN,1,4,2,1,1,1,1,1,2,1,1,1,1,1,1,1,1,1,1,2,1,1,698761.543,4204825.81,3.696,Cob,21165,0,0,0,7,6
11073,4,2008030000375,1,2,8,4,5,1,1,CV-905,5,5,0,1,1,5,3,2,3,3,2,2,1,1,2,2,7,7,5,1,1,1,9,14,3,1,1,NaN,1,NaN,NaN,,NaN,,NaN,,67,NaN,60,NaN,1,4,2,1,1,1,1,1,1,1,1,1,1,1,1,1,1,1,1,2,1,1,701342.458,4211044.175,-9.224,Cob,31158,0,0,0,13,1
11074,4,2008030000376,1,2,3,3,7,3,1,CV-830,16.8,16,8,0,1,5,2,3,3,3,2,1,1,1,1,1,7,7,8,1,1,1,2,14,3,1,1,NaN,1,NaN,NaN,,NaN,,NaN,,NaN,63,60,NaN,1,4,2,1,1,1,1,1,1,1,1,1,1,1,1,1,1,1,1,2,1,1,688701.87,4266772.555,477.459,Pri,2973,0,0,0,8,2
11076,4,2008030000380,1,2,5,4,2,1,2,CV-865,2.4,2,4,0,1,5,3,2,3,4,2,1,1,1,2,2,2,5,3,1,1,1,9,14,1,1,1,NaN,2,2,NaN,,NaN,,NaN,,NaN,NaN,NaN,NaN,1,4,1,1,1,1,1,1,2,1,1,1,1,1,1,1,1,1,1,2,1,1,705169.42,4236511.382,33.143,Cob,14206,0,0,0,13,6
11077,4,2008030000386,1,2,15,6,5,1,1,CV-870,0.4,0,4,1,1,5,3,2,3,3,2,1,1,2,1,1,7,7,8,1,5,1,9,14,1,1,3,NaN,2,NaN,NaN,,NaN,,NaN,,66,NaN,60,NaN,1,4,2,1,2,1,1,1,1,1,1,1,1,1,1,1,1,1,1,2,1,1,675859.176,4228821.114,112.752,Cob,0,0,0,1,21,5
11078,4,2008030000390,1,2,16,6,6,2,1,CV-70,48.5,48,5,0,1,5,2,3,3,3,2,2,1,1,2,2,7,7,8,1,4,1,9,14,1,2,1,NaN,2,NaN,NaN,,NaN,,NaN,,NaN,54,50,NaN,1,4,1,1,1,1,1,2,2,1,1,1,1,1,1,1,1,1,1,2,1,1,749830.674,4272754.69,119.008,Per,25542,1,0,0,19,1
11079,4,2008030000392,1,2,17,2,7,3,1,CV-715,19.3,19,3,0,1,5,2,2,3,2,2,1,1,2,1,1,7,7,8,1,5,1,9,14,1,1,1,NaN,1,NaN,NaN,,NaN,,NaN,,NaN,51,50,NaN,1,4,2,1,2,1,1,1,1,1,1,1,1,1,1,1,1,1,1,2,2,3,754765.736,4291327.139,381.223,Cob,2659,0,0,0,5,1
11081,4,2008030000394,1,2,17,2,7,3,2,CV-945,0.7,0,7,0,1,5,2,3,3,3,2,1,1,1,1,1,2,1,3,1,5,1,9,14,1,1,1,NaN,2,1,NaN,,NaN,,NaN,,NaN,NaN,NaN,NaN,1,4,1,1,1,1,1,1,2,1,1,1,1,1,1,1,1,1,1,2,1,1,700153.65,4211806.269,-21.7,Sec,12033,0,0,1,5,7
11082,4,2008030000399,1,2,17,6,7,3,1,CV-835,5.3,5,3,0,1,5,2,3,3,1,2,1,1,2,1,1,7,7,8,1,5,1,9,14,2,1,3,NaN,2,NaN,NaN,,NaN,,NaN,,66,NaN,60,NaN,1,4,1,1,1,1,1,2,1,1,1,1,1,1,1,1,1,1,1,2,1,1,691101.387,4253436.416,341.199,Sec,4117,0,0,2,21,5
11084,4,2008030000401,1,2,6,6,3,1,2,CV-905,1.2,1,2,0,1,5,3,2,3,3,2,2,1,2,2,2,7,7,8,1,5,1,9,14,3,1,1,NaN,2,3,NaN,,NaN,,NaN,,NaN,NaN,NaN,NaN,1,4,2,1,1,1,1,1,1,1,1,1,1,1,1,1,1,1,1,2,1,1,699105.732,4215442.472,16.187,Pri,25974,0,0,0,21,2
11085,4,2008030000408,1,2,7,3,4,1,1,CV-790,3.5,3,5,1,1,5,3,2,3,3,2,1,1,1,1,1,7,7,8,1,1,1,9,14,1,1,1,NaN,1,NaN,NaN,,NaN,,NaN,,66,NaN,60,NaN,1,4,2,1,1,1,1,1,1,1,1,1,1,1,1,1,1,1,1,2,2,3,724974.639,4289683.044,452.563,Cob,1803,0,0,0,10,4
11087,4,2008030000409,1,2,11,6,1,1,1,CV-945,10,10,0,1,1,5,2,2,3,3,2,1,1,1,1,1,7,7,8,1,5,1,9,14,3,1,1,NaN,2,NaN,NaN,,NaN,,NaN,,NaN,63,60,NaN,1,4,2,1,1,1,1,1,1,1,1,1,1,1,1,1,1,1,1,2,1,1,700250.218,4211839.791,-20.387,Cob,5514,0,0,0,19,1
11089,4,2008030000411,1,2,19,3,2,1,2,CV-95,5.9,5,9,0,1,5,3,2,3,3,2,1,2,2,2,2,1,1,3,1,1,1,9,14,1,1,1,NaN,2,2,NaN,,NaN,,NaN,,NaN,NaN,NaN,NaN,1,4,1,1,1,1,1,1,2,1,1,1,1,1,1,1,1,1,1,2,1,2,685592.249,4215142.183,12.434,Cob,12644,0,0,0,10,7
11090,4,2008030000418,1,2,10,6,7,3,1,CV-95,11,11,0,1,1,5,3,2,3,4,2,1,1,1,1,1,7,7,8,1,5,1,9,14,3,1,3,NaN,2,NaN,NaN,,NaN,,NaN,,NaN,64,60,NaN,1,4,2,2,1,1,1,1,1,1,1,1,1,1,1,1,1,1,1,2,1,1,692650.157,4208043.357,39.615,Cob,10290,0,0,0,22,1
11091,4,2008030000419,1,2,20,6,3,1,1,CV-83,0.3,0,3,1,1,5,3,2,3,4,2,1,2,1,1,1,7,7,8,1,5,1,9,14,2,1,1,NaN,2,NaN,NaN,,NaN,,12,9,NaN,NaN,NaN,NaN,1,4,2,1,1,1,1,1,1,1,1,1,1,1,1,1,1,1,1,2,1,1,667148.908,4252727.919,613.074,Cob,13848,1,0,0,20,1
11095,4,2008030000420,1,2,20,4,3,1,4,CV-870,6.7,6,7,0,1,5,2,3,3,3,2,1,1,1,1,1,1,1,8,1,1,1,9,14,3,1,1,NaN,2,5,NaN,,NaN,,NaN,,NaN,NaN,NaN,NaN,1,4,2,1,1,1,1,1,1,1,1,1,1,1,1,1,1,1,1,2,1,1,678556.472,4225703.156,41.158,Cob,5377,0,0,0,11,6
11098,4,2008030000425,1,2,21,4,4,1,3,CV-870,0.5,0,5,0,1,5,3,2,3,3,2,1,1,1,1,1,7,7,8,1,1,1,9,8,1,1,3,NaN,2,5,NaN,,NaN,,NaN,,NaN,NaN,NaN,NaN,2,4,1,1,1,1,1,1,2,1,1,1,1,1,1,1,1,1,1,2,1,1,681031.325,4220494.749,6.238,Cob,0,0,0,3,13,1
11099,4,2008030000428,1,2,21,4,4,1,1,CV-845,2.6,2,6,0,1,5,2,2,3,3,2,1,2,1,1,1,7,7,8,1,1,1,9,14,3,1,1,NaN,2,NaN,NaN,,NaN,,NaN,,66,NaN,60,NaN,1,4,2,1,1,1,1,1,1,1,1,1,1,1,1,1,1,1,1,2,1,1,692003.143,4243958.76,264.039,Sec,5894,0,0,1,12,1
11100,4,2008030000432,1,2,17,6,7,3,1,CV-80,19.3,19,3,1,1,2,3,2,3,3,2,2,2,1,1,1,7,7,8,1,1,1,9,14,3,1,3,NaN,2,NaN,NaN,,21,24,NaN,,NaN,NaN,NaN,NaN,1,4,1,1,1,1,1,1,1,1,1,1,1,1,1,1,1,2,1,2,1,1,689946.388,4269741.114,461.157,NaN,0,0,0,0,20,1
11101,4,2008030000438,1,2,11,1,1,4,1,CV-800,7.8,7,8,1,1,5,3,2,3,4,2,1,2,2,2,1,7,7,5,1,5,1,9,14,1,1,1,NaN,1,NaN,NaN,,NaN,,NaN,,NaN,63,60,NaN,1,4,2,1,1,1,1,1,1,1,1,1,1,1,1,1,1,1,1,2,1,1,718287.678,4274725.555,922.746,Sec,6005,0,1,0,2,5
11102,4,2008030000441,1,2,23,1,6,2,1,CV-806,4.9,4,9,1,1,5,3,2,3,3,2,1,2,2,2,2,7,7,5,1,5,1,2,14,1,1,3,NaN,2,NaN,NaN,,NaN,,NaN,,55,NaN,50,NaN,1,4,2,1,1,2,1,2,2,1,1,1,1,1,1,1,1,1,1,2,1,1,706346.284,4276121.252,647.742,Cob,4299,1,0,0,0,5
11103,4,2008030000443,1,2,23,3,6,2,1,CV-91,15,15,0,1,1,5,3,2,3,3,2,2,2,2,1,1,5,1,7,1,1,1,9,14,1,2,1,NaN,2,NaN,NaN,,NaN,,NaN,,66,NaN,60,NaN,1,4,1,1,1,1,1,2,1,1,1,1,1,1,1,1,1,1,1,2,1,1,691109.857,4217987.332,-18.485,Cob,9692,0,0,1,8,6
11106,4,2008030000444,1,2,16,4,6,2,3,CV-945,1.1,1,1,0,1,5,2,2,3,3,2,1,2,1,2,2,7,7,8,1,1,1,9,14,3,1,1,NaN,1,5,NaN,,NaN,,NaN,,NaN,NaN,NaN,NaN,1,4,2,1,1,1,1,1,1,1,1,1,1,1,1,1,1,1,1,2,1,1,699757.243,4211759.094,-23.266,Sec,12033,0,0,0,14,1
11108,4,2008030000445,1,2,16,5,6,2,2,CV-895,5.7,5,7,0,1,5,2,2,3,3,2,1,1,1,2,2,7,7,8,1,1,1,9,14,3,1,1,NaN,1,3,NaN,,NaN,,NaN,,NaN,NaN,NaN,NaN,1,4,2,1,1,1,1,1,2,1,1,1,1,1,1,1,1,1,1,2,1,1,704590.558,4215511.775,2.162,Cob,7055,0,0,0,16,1
11109,4,2008030000447,1,2,18,5,1,3,1,CV-925,28.5,28,5,0,1,5,2,3,3,1,2,1,2,2,1,1,7,7,8,1,1,1,9,14,3,1,1,NaN,1,NaN,NaN,,NaN,,NaN,,66,NaN,60,NaN,1,4,2,1,1,1,1,1,1,1,1,1,1,1,1,1,1,1,1,2,1,2,690528.813,4196339.769,84.228,Sec,5348,0,0,0,15,1