Id,Ano,Numero_Accidente,Provincia,Mes,Dia,Hora,Dia_Semana,Tipo_Dia,Vehiculos_Implicados,Carretera,Pk,Km,Hm,Sentido,Zona,Tipo_Via,Anchura_Calzada,Anchura_Carril,Marcas_Viales,Arcen,Arcen_Pavimentado,Mediana,Barrera_Seguridad,Paneles_Direccionales,Hitos_Arista,Captafaros,Interseccion_Tipo,Interseccion_Acondicionamiento,Prioridad_Regulada_por,Superficie,Luminosidad,Factores_Atmosfericos,Visibilidad_Restringida_por,Otras_Circunstancias,Senalizacion_Peligro,Aceras,Arboles,Arboles_Metros_Calzada,Visibilidad_Senalizacion_Vertical,Colision_Vehiculos_Marcha,Colision_Vehiculo_Obstaculo_1,Colision_Vehiculo_Obstaculo_2,Atropello_1,Atropello_2,Vuelco_1,Vuelco_2,Salida_Sin_Colision,Salida_Con_Colision,Lado_Salida,Otro,Circulacion,Circulacion_Medidas_Especiales,Distraccion,Inexperiencia_Conductor,Alcohol_Drogas,Cansancio_Sueno,Enfermedad,Velocidad_Inadecuada,Infraccion_Norma_Circulacion,Estado_Condicion_Via,Estado_Condicion_Senalizacion,Tramo_Obras,Mal_Estado_Vehiculo,Averia_Mecanica,Meteorologia_Adversa,Irrupcion_Animal,Circular_Sentido_Contrario,Otro_Factor,Sin_Opinion_Definida,Pendiente,Curvatura,Peralte,GPS_x,GPS_y,GPS_z,Tipo_Est,IMD,N_Muertos,N_Graves,N_Leves,Hora_Real,Fuera_o_Interseccion
11111,4,2008030000451,1,2,23,6,6,1,1,CV-845,18.8,18,8,0,1,5,2,2,3,1,2,1,1,2,1,1,7,7,8,1,3,1,9,2,1,1,1,NaN,2,NaN,NaN,,NaN,,NaN,,67,NaN,60,NaN,1,4,1,1,1,1,1,2,1,1,1,1,1,1,1,1,1,1,1,2,1,1,678236.522,4238623.511,377.512,Cob,1344,0,3,0,19,5
11112,4,2008030000453,1,2,23,6,6,1,1,CV-820,11.9,11,9,1,1,5,2,3,3,3,2,1,2,1,1,1,7,7,8,1,5,1,9,14,3,1,1,NaN,2,NaN,NaN,,NaN,,NaN,,57,NaN,50,NaN,1,4,1,1,2,1,1,2,1,1,1,1,1,1,1,1,1,1,1,2,1,1,706040.364,4257062.586,273.465,Cob,3840,0,0,0,19,1
11113,4,2008030000458,1,2,23,4,6,2,1,CV-775,7.4,7,4,0,1,5,2,3,3,1,2,1,2,2,2,1,7,7,8,1,1,1,2,14,1,1,3,NaN,2,NaN,NaN,,NaN,,NaN,,NaN,54,50,NaN,1,4,2,1,1,1,1,2,1,1,1,1,1,1,1,1,1,1,1,2,2,2,729142.271,4263764.963,263.793,Cob,202,0,0,0,12,4
11114,4,2008030000463,1,2,23,1,6,2,1,CV-935,3.8,3,8,0,1,5,2,3,3,3,2,1,1,2,1,1,7,7,8,1,5,1,9,14,3,1,3,NaN,2,NaN,NaN,,NaN,,NaN,,NaN,64,60,NaN,1,4,2,1,1,1,1,1,1,1,1,1,1,1,1,1,1,1,1,2,1,1,693736.352,4217237.614,30.419,Sec,2456,0,1,1,1,1
11115,4,2008030000474,1,2,23,5,6,2,1,CV-840,14,14,0,0,1,5,2,2,3,3,2,1,1,1,1,1,7,7,8,1,1,1,9,14,1,1,1,NaN,1,NaN,NaN,,NaN,,NaN,,NaN,62,60,NaN,1,4,1,1,1,1,1,2,2,1,1,1,1,1,1,1,1,1,1,2,1,1,681590.253,4247993.639,485.068,Sec,2949,0,1,0,16,5
11116,4,2008030000485,1,2,24,3,7,3,1,CV-905,5,5,0,1,1,5,3,2,3,3,2,2,1,1,2,2,5,3,4,3,1,4,9,14,1,1,3,NaN,2,NaN,NaN,,NaN,,NaN,,NaN,54,50,NaN,1,4,2,2,1,1,1,1,1,2,1,1,1,1,1,1,1,1,1,2,1,1,701342.458,4211044.175,-9.224,Cob,31158,0,0,0,10,7
11117,4,2008030000493,1,2,24,2,7,3,1,CV-95,26.1,26,1,0,1,5,3,2,3,3,2,2,1,2,1,1,5,1,4,3,3,4,9,14,1,1,3,NaN,2,NaN,NaN,,NaN,,NaN,,55,NaN,50,NaN,1,4,2,1,1,1,1,1,1,1,1,1,1,1,1,1,1,1,1,2,1,1,700453.702,4204331.583,-7.055,Cob,21165,0,0,0,6,6
11119,4,2008030000494,1,2,21,1,4,1,2,CV-91,19.1,19,1,0,1,5,3,2,3,3,2,1,1,1,1,1,4,1,5,1,1,1,9,14,3,1,3,NaN,2,4,NaN,,NaN,,NaN,,NaN,NaN,NaN,NaN,1,4,2,1,1,1,1,1,2,1,1,1,1,1,1,1,1,1,1,2,1,1,699247.456,4219335.547,-17.413,Cob,8585,0,0,1,1,6
11121,4,2008030000512,1,3,3,4,1,4,2,CV-763,3.7,3,7,0,1,5,3,3,3,3,2,1,1,1,1,1,7,7,5,1,1,1,9,14,2,1,1,NaN,2,2,NaN,,NaN,,NaN,,NaN,NaN,NaN,NaN,1,4,1,1,1,1,1,1,2,1,1,1,1,1,1,1,1,1,1,2,1,1,751359.793,4275260.783,117.77,Cob,12197,0,0,0,12,2
11122,4,2008030000513,1,2,29,6,5,1,1,CV-820,2.7,2,7,1,1,5,3,2,3,3,2,1,1,1,1,1,7,7,8,1,5,1,9,14,3,1,1,NaN,2,NaN,NaN,,21,21,NaN,,NaN,NaN,NaN,NaN,1,4,2,1,2,1,1,1,1,1,1,1,1,1,1,1,1,1,1,2,1,1,698204.308,4252900.998,239.825,Cob,6724,0,1,0,21,2
11124,4,2008030000515,1,2,28,6,4,1,2,CV-84,5,5,0,0,1,5,3,1,3,3,2,2,1,1,1,1,5,1,4,3,4,1,9,14,1,1,1,NaN,2,2,NaN,,NaN,,NaN,,NaN,NaN,NaN,NaN,1,4,2,1,1,1,1,1,1,1,1,1,1,1,1,1,1,1,1,2,1,2,696102.456,4244179.549,255.781,Sec,22192,0,0,0,18,6
11125,4,2008030000520,1,3,2,6,7,3,1,CV-821,3.4,3,4,1,1,5,3,3,3,2,2,2,1,1,1,1,7,7,8,1,1,1,9,14,3,1,1,NaN,1,NaN,NaN,,NaN,,NaN,,NaN,63,60,NaN,1,4,2,1,1,1,1,1,1,1,1,1,1,1,1,1,1,1,1,2,2,3,721467.726,4254292.222,39.022,Sec,30367,0,1,1,17,1
11126,4,2008030000525,1,2,27,4,3,1,1,CV-821,3.4,3,4,1,1,5,3,2,3,3,2,2,2,2,2,2,7,7,8,1,1,1,9,14,3,2,2,2,2,NaN,NaN,,NaN,,NaN,,NaN,63,60,NaN,1,4,2,1,1,1,1,1,1,1,1,1,1,1,1,1,1,1,1,2,2,3,721467.726,4254292.222,39.022,Sec,30367,0,0,0,13,1
11128,4,2008030000528,1,3,4,4,2,1,2,CV-925,0.7,0,7,1,1,5,1,3,2,1,2,1,1,1,1,1,1,1,8,1,1,1,9,14,3,1,1,NaN,2,2,NaN,,NaN,,NaN,,NaN,NaN,NaN,NaN,1,4,1,1,1,1,1,1,2,1,1,1,1,1,1,1,1,1,1,2,1,1,693209.401,4194372.873,31.388,Cob,2235,0,0,1,14,7
11129,4,2008030000532,1,2,25,3,1,4,1,CV-941,5.2,5,2,0,1,5,2,3,3,1,2,1,1,1,1,1,7,7,5,3,2,9,9,14,3,1,3,NaN,2,NaN,NaN,,NaN,,NaN,,57,NaN,50,NaN,1,4,1,1,1,1,1,2,1,2,1,1,1,1,1,1,1,1,1,2,1,1,694731.25,4199576.901,48.133,Sec,4444,0,0,0,7,2
11130,4,2008030000533,1,3,1,6,6,2,1,CV-825,0.5,0,5,0,1,5,2,3,3,3,2,1,1,1,1,1,7,7,8,1,5,1,9,14,3,1,3,NaN,1,NaN,NaN,,NaN,,NaN,,68,NaN,60,NaN,1,4,2,1,2,1,1,1,1,1,1,1,1,1,1,1,1,1,1,2,1,1,695239.808,4247296.02,198.902,Sec,4601,0,0,0,22,1
11132,4,2008030000534,1,3,1,3,6,2,2,CV-865,11.6,11,6,0,1,5,3,2,3,1,2,2,1,1,2,2,1,1,3,1,1,1,8,14,1,2,3,NaN,2,2,NaN,,NaN,,NaN,,NaN,NaN,NaN,NaN,1,4,1,1,1,1,1,1,2,1,1,1,1,1,1,1,1,1,1,2,1,3,712605.53,4231192.817,-18.635,Sec,17817,0,0,2,10,6
11134,4,2008030000541,1,3,6,3,4,1,2,CV-820,19.3,19,3,1,1,5,3,2,3,4,2,1,1,1,1,1,2,4,3,1,1,1,9,14,1,1,3,NaN,4,1,NaN,,NaN,,NaN,,NaN,NaN,NaN,NaN,1,4,2,1,1,1,1,1,2,1,1,1,1,1,1,1,1,1,1,2,1,1,712720.173,4254427.731,125.361,Pri,2934,0,0,1,9,6
11135,4,2008030000548,1,3,7,4,5,1,1,CV-95,21.8,21,8,0,1,5,3,2,3,3,2,1,2,2,1,1,7,7,8,1,1,1,2,14,3,1,3,NaN,2,NaN,NaN,,NaN,,NaN,,NaN,53,50,NaN,1,4,1,1,1,1,1,2,1,1,1,1,1,1,1,1,1,1,1,2,1,1,696697.941,4205271.041,15.336,Cob,7851,0,1,0,13,2
11136,4,2008030000562,1,3,7,6,5,1,1,CV-773,1.5,1,5,0,1,5,2,2,3,1,2,1,1,2,1,1,7,7,5,1,5,1,9,14,3,1,1,NaN,1,NaN,NaN,,NaN,,NaN,,66,NaN,60,NaN,1,4,2,1,2,1,1,1,1,1,1,1,1,1,1,1,1,1,1,2,1,1,722908.133,4257872.214,80.53,Cob,4226,0,0,0,21,1
11139,4,2008030000563,1,3,11,4,2,1,3,CV-925,30.5,30,5,0,1,5,2,3,3,3,2,1,1,1,1,1,1,1,3,1,1,1,9,14,1,1,1,NaN,2,2,NaN,,NaN,,NaN,,NaN,NaN,NaN,NaN,1,4,1,1,1,1,1,1,2,1,1,1,1,1,1,1,1,1,1,2,1,1,692161.279,4195232.827,58.221,Sec,5348,0,0,1,13,6
11140,4,2008030000566,1,3,10,1,1,4,1,CV-905,4.9,4,9,1,1,5,3,2,3,3,2,2,1,2,2,2,5,1,4,1,4,1,9,14,1,1,1,NaN,1,NaN,NaN,,NaN,,NaN,,NaN,64,60,NaN,1,4,2,1,2,1,1,1,1,1,1,1,1,1,1,1,1,1,1,2,1,1,701405.323,4210977.515,-9.887,Cob,31158,0,0,0,4,6
11142,4,2008030000567,1,3,3,3,1,4,2,CV-945,9.5,9,5,1,1,5,3,2,3,3,2,1,1,1,1,1,1,1,8,1,1,1,9,14,1,1,1,NaN,1,2,NaN,,NaN,,NaN,,NaN,NaN,NaN,NaN,1,4,1,1,1,1,1,1,2,1,1,1,1,1,1,1,1,1,1,2,1,1,699761.247,4211764.804,-22.572,Cob,5514,0,0,1,10,6
11143,4,2008030000575,1,3,9,1,7,3,1,CV-925,31.1,31,1,0,1,5,2,3,3,1,2,1,1,1,1,1,7,7,8,1,4,1,9,14,1,1,1,NaN,1,NaN,NaN,,NaN,,NaN,,NaN,62,60,NaN,1,4,2,1,1,1,1,1,2,1,1,1,1,1,1,1,1,1,1,2,1,1,692693.874,4194785.206,45.215,Sec,5348,0,1,0,2,1
11144,4,2008030000623,1,3,2,3,7,3,1,CV-84,3.5,3,5,0,1,5,3,2,3,3,2,2,2,2,2,2,7,7,8,1,1,1,9,14,3,1,1,NaN,2,NaN,NaN,,NaN,,12,9,NaN,NaN,NaN,NaN,1,4,1,1,1,1,1,1,1,1,1,1,1,1,1,1,1,2,1,2,1,2,696764.293,4242949.287,194.168,Sec,22192,0,0,0,9,2
11145,4,2008030000627,1,3,9,6,7,3,1,CV-925,11,11,0,1,1,5,2,3,3,3,2,1,1,2,1,1,7,7,8,1,5,1,9,14,1,1,3,NaN,2,NaN,NaN,,NaN,,NaN,,NaN,63,60,NaN,1,4,2,1,2,1,1,1,1,1,1,1,1,1,1,1,1,1,1,2,2,2,686443.072,4200960.184,190.249,Cob,1968,0,0,0,21,4
11147,4,2008030000649,1,3,13,1,4,1,1,CV-870,0.4,0,4,1,1,5,2,3,3,3,2,1,1,2,1,1,7,7,8,1,4,1,9,14,1,1,3,NaN,2,NaN,NaN,,NaN,,NaN,,68,NaN,60,NaN,1,4,1,1,2,2,1,1,1,1,1,1,1,1,1,1,1,1,1,2,1,1,675859.176,4228821.114,112.752,Cob,0,0,0,0,1,1
11149,4,2008030000659,1,3,8,4,6,2,2,CV-855,13,13,0,0,1,5,2,2,3,3,2,1,1,1,1,1,7,7,5,1,1,1,9,14,2,1,1,NaN,1,3,NaN,,NaN,,NaN,,NaN,NaN,NaN,NaN,1,4,2,1,1,1,1,1,1,1,1,1,1,1,1,1,1,1,1,2,1,1,699511.212,4224756.822,-20.876,Cob,3921,0,0,0,14,1
11152,4,2008030000661,1,3,8,5,6,2,2,CV-83,14.8,14,8,1,1,5,3,2,3,3,2,1,2,2,2,1,3,6,5,1,1,1,9,14,1,1,3,NaN,2,4,NaN,,NaN,,NaN,,NaN,NaN,NaN,NaN,1,4,2,1,1,1,1,1,2,1,1,1,1,1,1,1,1,1,1,2,1,1,679935.228,4255180.812,486.804,Cob,5413,0,0,1,16,7
11153,4,2008030000663,1,3,18,4,2,2,1,CV-940,0.8,0,8,1,1,5,3,2,3,3,2,1,1,1,1,1,7,7,8,1,1,1,9,14,3,1,1,NaN,1,NaN,NaN,,NaN,,NaN,,66,NaN,60,NaN,1,4,1,1,1,1,1,1,1,1,1,1,1,1,1,1,1,1,1,2,1,1,697709.882,4216525.883,-13.428,Cob,6124,0,0,0,14,1
11155,4,2008030000664,1,3,18,5,2,2,2,CV-912,6,6,0,0,1,5,2,2,3,3,2,1,1,1,1,1,2,1,3,1,1,1,1,14,1,2,3,NaN,2,2,NaN,,NaN,,NaN,,NaN,NaN,NaN,NaN,1,4,1,1,1,1,1,1,2,1,1,1,1,1,1,1,1,1,1,2,1,1,692905.985,4221901.176,-22.346,Cob,2863,0,0,2,15,7
11156,4,2008030000669,1,3,19,3,3,3,1,CV-95,8.9,8,9,0,1,5,2,2,3,3,2,1,2,2,1,1,7,7,8,1,1,1,9,14,1,1,3,NaN,2,NaN,NaN,,NaN,,NaN,,NaN,64,60,NaN,1,4,1,1,2,2,1,1,1,1,1,1,1,1,1,1,1,1,1,2,1,1,687357.31,4213021.422,26.881,Cob,10290,0,0,0,10,5
11158,4,2008030000671,1,3,14,1,5,1,2,CV-915,4.9,4,9,0,1,5,3,2,3,1,2,1,1,1,1,1,1,1,8,1,3,1,9,14,1,1,1,NaN,2,2,NaN,,NaN,,NaN,,NaN,NaN,NaN,NaN,1,4,1,1,1,1,1,1,2,1,1,1,1,1,1,1,1,1,1,2,1,1,676622.899,4214361.027,3.344,Sec,10471,0,1,0,23,7
11160,4,2008030000672,1,3,19,5,3,3,2,CV-900,2.2,2,2,1,1,5,2,2,3,3,2,1,1,1,1,1,1,1,3,1,1,1,9,14,1,1,1,NaN,2,2,NaN,,NaN,,NaN,,NaN,NaN,NaN,NaN,1,4,2,1,1,1,1,1,2,1,1,1,1,1,1,1,1,1,1,2,1,1,685537.669,4225220.14,-7.856,Cob,8167,0,1,1,16,7
11161,4,2008030000673,1,3,19,5,3,3,1,CV-830,16,16,0,1,1,5,3,2,3,3,2,1,2,2,2,1,7,7,5,1,1,1,2,14,1,1,1,NaN,2,NaN,NaN,,NaN,,NaN,,NaN,63,60,NaN,1,4,2,1,2,1,1,2,2,1,1,1,1,1,1,1,1,1,1,2,1,1,682813.852,4262147.708,478.294,Pri,2973,0,0,0,16,5
11163,4,2008030000681,1,3,12,4,3,1,2,CV-949,5.2,5,2,0,1,5,2,3,3,3,2,1,1,2,1,1,7,7,8,1,1,1,9,14,1,1,1,NaN,2,1,NaN,,NaN,,NaN,,NaN,NaN,NaN,NaN,1,4,2,1,1,1,1,1,1,1,1,1,1,1,1,1,1,1,1,2,1,1,681306.078,4208566.012,90.201,Cob,793,0,0,1,11,5
11173,4,2008030000685,1,3,21,6,5,3,3,CV-763,3.4,3,4,1,1,5,2,3,3,3,2,1,1,1,1,1,1,1,8,1,2,1,9,14,1,1,3,NaN,2,2,NaN,,NaN,,NaN,,NaN,NaN,NaN,NaN,1,4,1,1,1,1,1,1,2,1,1,1,1,1,1,1,1,1,1,2,1,1,752721.537,4273830.899,49.382,Cob,12197,1,0,0,19,7
11175,4,2008030000690,1,3,19,4,3,3,2,CV-945,0.4,0,4,0,1,5,1,3,3,3,2,1,1,1,1,1,1,1,8,1,1,1,9,14,1,1,1,NaN,2,2,NaN,,NaN,,NaN,,NaN,NaN,NaN,NaN,1,4,1,1,2,1,1,1,2,1,1,1,1,1,1,1,1,1,1,2,1,1,700427.368,4211932.958,-21.422,Sec,12033,0,0,0,12,7
11177,4,2008030000694,1,3,23,4,7,3,2,CV-820,1.1,1,1,0,1,5,3,2,3,3,2,1,1,1,2,2,1,1,8,1,1,1,9,14,1,1,1,NaN,2,1,NaN,,NaN,,NaN,,NaN,NaN,NaN,NaN,1,4,1,1,1,1,1,1,2,1,1,1,1,1,1,1,1,1,1,2,1,1,712998.137,4254329.862,125.716,Cob,6724,0,1,1,12,6
11179,4,2008030000696,1,3,23,1,7,3,2,CV-95,23.3,23,3,0,1,5,3,3,3,3,2,1,2,2,1,1,7,7,7,1,5,1,9,8,1,1,1,NaN,2,3,NaN,,NaN,,NaN,,NaN,NaN,NaN,NaN,1,4,1,1,1,1,1,2,1,1,1,1,1,1,1,1,1,1,1,2,2,3,698103.521,4205352.707,-5.04,Cob,21165,0,0,0,23,5
11185,4,2008030000708,1,3,17,3,1,4,3,CV-820,19.6,19,6,0,1,5,2,2,3,3,2,1,1,1,1,1,7,7,8,1,1,1,9,14,1,1,1,NaN,1,2,NaN,,NaN,,NaN,,NaN,NaN,NaN,NaN,1,4,2,2,1,2,1,2,2,1,1,1,1,1,1,1,1,1,1,2,1,1,697058.342,4252010.124,210.122,Pri,2934,0,0,1,7,1
11188,4,2008030000709,1,3,25,3,2,1,3,CV-870,0.2,0,2,1,1,5,3,2,3,3,2,1,2,1,2,2,1,2,3,1,1,1,9,14,1,1,3,NaN,1,1,NaN,,NaN,,NaN,,NaN,NaN,NaN,NaN,1,4,1,1,1,1,1,1,2,1,1,1,1,1,1,1,1,1,1,2,1,1,675679.024,4228898.618,114.085,Cob,0,0,1,2,8,6
11189,4,2008030000712,1,3,24,3,1,3,1,CV-905,2.5,2,5,0,1,5,3,2,3,3,2,2,1,1,1,1,5,1,4,1,1,1,9,14,1,1,1,NaN,2,NaN,NaN,,NaN,,NaN,,65,NaN,60,NaN,1,4,2,1,2,1,1,1,1,1,1,1,1,1,1,1,1,1,1,2,1,1,699709.655,4214353.571,4.293,Pri,25974,0,0,0,9,6
11190,4,2008030000714,1,3,24,1,1,4,1,CV-870,0.6,0,6,0,1,5,3,1,3,4,2,1,1,1,1,2,7,7,8,1,5,1,9,14,3,1,1,NaN,2,NaN,NaN,,NaN,,NaN,,68,NaN,60,NaN,1,4,2,1,1,1,1,1,1,1,1,1,1,1,1,1,1,1,1,2,1,1,680947.824,4220548.811,5.919,Cob,0,0,0,0,3,1
11192,4,2008030000720,1,3,25,3,2,1,2,CV-70,46.1,46,1,1,1,5,3,2,3,2,2,2,1,1,1,1,1,1,8,1,1,1,9,14,2,2,3,NaN,2,3,NaN,,NaN,,NaN,,NaN,NaN,NaN,NaN,1,4,2,1,1,1,1,1,2,1,1,1,1,1,1,1,1,1,1,2,1,1,724124.817,4286955.264,668.585,Per,25542,0,0,1,9,7
11194,4,2008030000721,1,3,25,4,2,1,2,CV-736,6.6,6,6,1,1,5,1,3,3,2,1,1,1,1,1,1,7,7,8,1,1,1,2,4,1,1,1,NaN,2,1,NaN,,NaN,,NaN,,NaN,NaN,NaN,NaN,1,4,1,1,1,1,1,2,1,1,1,1,1,1,1,1,1,1,1,2,1,1,772380.74,4302338.936,18.454,Cob,4048,1,0,0,12,5
11195,4,2008030000727,1,3,23,1,7,3,1,CV-920,1,1,0,0,1,5,2,3,3,3,2,1,2,2,1,1,7,7,8,1,5,1,9,14,1,1,1,NaN,2,NaN,NaN,,NaN,,NaN,,NaN,64,60,NaN,1,4,1,1,1,1,1,2,1,1,1,1,1,1,1,1,1,1,1,2,1,1,686453.307,4214755.083,2.717,Pri,6709,0,1,0,1,5
11198,4,2008030000729,1,3,26,6,3,1,3,CV-870,1,1,0,1,1,5,3,2,3,3,2,1,1,1,1,1,7,7,8,1,1,1,9,14,3,1,1,NaN,2,5,NaN,,NaN,,NaN,,NaN,NaN,NaN,NaN,2,4,2,1,1,1,1,1,1,1,1,1,1,1,1,1,1,1,1,2,1,1,676401.128,4228586.856,104.156,Cob,0,0,0,4,18,1
11199,4,2008030000730,1,3,25,6,2,4,1,CV-950,3.9,3,9,0,1,5,2,3,3,3,2,1,2,2,1,1,7,7,8,1,3,1,9,14,1,1,1,NaN,2,NaN,NaN,,NaN,,NaN,,NaN,64,60,NaN,1,4,2,1,1,1,1,2,1,1,1,1,1,1,1,1,1,1,1,2,1,1,687217.917,4211674.933,81.644,Cob,442,0,2,0,20,5
11201,4,2008030000732,1,3,26,4,3,1,2,CV-70,46.5,46,5,0,1,5,3,2,3,2,2,2,1,1,1,2,5,1,4,1,1,1,9,14,1,1,1,NaN,1,3,NaN,,NaN,,NaN,,NaN,NaN,NaN,NaN,1,4,1,1,1,1,1,1,2,1,1,1,1,1,1,1,1,1,1,2,1,1,750366.458,4274559.856,161.073,Per,25542,0,0,0,14,7
11202,4,2008030000737,1,3,28,1,5,1,1,CV-763,3.7,3,7,0,1,5,2,2,3,3,2,1,1,1,1,1,7,7,8,1,5,1,9,14,2,1,1,NaN,1,NaN,NaN,,21,24,NaN,,NaN,NaN,NaN,NaN,1,4,1,1,1,1,1,1,1,1,1,1,1,1,1,2,1,1,1,2,1,1,751359.793,4275260.783,117.77,Cob,12197,0,0,0,2,1
11204,4,2008030000738,1,3,19,5,3,3,2,CV-855,14.9,14,9,1,1,5,3,2,3,3,2,1,2,2,2,2,7,7,8,1,1,1,9,14,3,1,1,NaN,2,3,NaN,,NaN,,NaN,,NaN,NaN,NaN,NaN,1,4,1,1,2,1,1,1,1,1,1,1,1,1,1,1,1,1,1,2,1,1,701493.153,4233857.912,18.272,Cob,3921,0,0,1,16,1
11206,4,2008030000742,1,3,8,4,6,2,2,CV-820,8.5,8,5,1,1,5,3,2,3,3,2,1,1,1,1,1,1,1,8,1,1,1,9,14,3,1,1,NaN,1,2,NaN,,NaN,,NaN,,NaN,NaN,NaN,NaN,1,4,1,1,1,1,1,1,2,1,1,1,1,1,1,1,1,1,1,2,1,1,703014.583,4255694.139,287.17,Cob,6724,0,0,1,12,7
11208,4,2008030000743,1,3,28,6,5,1,2,CV-800,13.6,13,6,1,1,5,3,2,3,3,2,1,2,2,2,2,7,7,8,1,1,1,9,14,1,1,1,NaN,2,1,NaN,,NaN,,NaN,,NaN,NaN,NaN,NaN,1,4,2,1,1,1,1,1,1,1,1,1,1,1,1,1,1,1,1,2,1,1,718054.181,4272890.35,635.663,Sec,6005,0,0,2,17,5
11210,4,2008030000745,1,3,19,6,3,3,2,CV-905,7.9,7,9,0,1,5,1,3,3,1,2,2,1,1,2,2,5,1,4,1,3,1,9,14,1,1,1,NaN,1,4,NaN,,NaN,,NaN,,NaN,NaN,NaN,NaN,1,4,1,1,1,1,1,1,1,1,1,1,1,1,1,1,1,1,2,2,1,1,702338.465,4209844.395,-18.518,Cob,31158,0,0,0,20,6
11212,4,2008030000746,1,3,27,3,4,1,2,CV-91,4,4,0,0,1,5,3,2,3,3,2,1,2,2,1,1,7,7,8,1,1,1,9,14,3,1,3,NaN,2,4,NaN,,NaN,,NaN,,NaN,NaN,NaN,NaN,1,4,2,1,1,1,1,1,1,1,1,1,1,1,1,1,1,1,1,2,1,1,684984.262,4218167.623,-12.066,Sec,13575,0,0,0,9,1
11214,4,2008030000757,1,3,30,4,7,3,2,CV-736,6.6,6,6,0,1,5,1,3,3,1,2,1,2,2,1,1,7,7,5,1,1,1,2,14,1,1,1,NaN,2,1,NaN,,NaN,,NaN,,NaN,NaN,NaN,NaN,1,4,1,1,1,1,1,2,1,1,1,1,1,1,1,1,1,1,1,2,1,1,774495.868,4299639.757,168.47,Cob,4048,0,1,0,12,5
11215,4,2008030000758,1,3,27,5,4,1,1,CV-700,53.2,53,2,1,1,5,2,3,3,2,2,1,1,1,1,1,7,7,5,1,1,1,9,14,3,1,3,NaN,2,NaN,NaN,,NaN,,NaN,,NaN,62,60,NaN,1,4,2,1,1,1,1,1,1,1,1,1,1,1,1,1,1,1,1,2,1,1,721387.342,4296136.226,407.789,Pri,3041,0,1,1,15,1
11217,4,2008030000760,1,3,30,3,7,3,1,CV-820,10.6,10,6,1,1,5,2,2,3,3,2,1,1,1,1,1,7,7,8,1,5,1,9,14,3,1,3,NaN,1,NaN,NaN,,NaN,,NaN,,NaN,53,50,NaN,1,4,1,1,2,2,1,1,1,1,1,1,1,1,1,1,1,1,1,2,1,1,704908.888,4256504.45,282.961,Cob,3840,0,0,0,7,2
11218,4,2008030000765,1,3,30,1,7,3,1,CV-920,18.5,18,5,1,1,5,2,3,3,2,2,1,2,2,2,1,1,6,8,1,5,1,9,14,1,1,1,NaN,2,NaN,NaN,,NaN,,NaN,,56,NaN,50,NaN,1,4,2,1,2,2,1,2,2,1,1,1,1,1,1,1,1,1,1,2,1,1,689793.634,4217496.22,-4.531,NaN,0,0,0,2,3,6
11220,4,2008030000778,1,3,30,4,7,3,2,CV-905,1.1,1,1,0,1,5,3,2,3,4,2,2,2,2,2,2,5,3,3,1,1,1,9,14,1,1,1,NaN,1,3,NaN,,NaN,,NaN,,NaN,NaN,NaN,NaN,1,4,1,1,2,1,1,1,2,1,1,1,1,1,1,1,1,1,1,2,1,1,699010.463,4215470.992,14.883,Pri,25974,0,0,0,11,6
11222,4,2008030000780,1,3,13,4,4,1,2,CV-830,20.6,20,6,0,1,5,2,2,3,2,2,1,1,2,1,2,1,1,3,1,1,1,9,14,3,1,3,NaN,2,2,NaN,,NaN,,NaN,,NaN,NaN,NaN,NaN,1,4,1,1,1,1,1,1,2,1,1,1,1,1,1,1,1,1,1,2,2,2,690484.471,4269155.322,469.377,Cob,4345,0,0,1,13,6
11224,4,2008030000781,1,3,30,2,7,3,1,CV-799,10.8,10,8,1,1,5,3,2,3,4,2,1,2,2,2,2,7,7,8,1,4,1,9,14,1,1,1,NaN,2,NaN,NaN,,NaN,,NaN,,66,NaN,60,NaN,1,4,2,1,1,1,1,2,1,1,1,1,1,1,1,1,1,1,1,2,1,1,690119.009,4278389.975,517.437,Cob,3707,0,1,0,5,5
11228,4,2008030000783,1,3,27,6,4,1,3,CV-91,12,12,0,1,1,5,3,2,3,3,2,1,2,2,2,2,3,1,4,1,3,8,9,13,1,1,1,NaN,2,5,NaN,,NaN,,NaN,,NaN,NaN,NaN,NaN,3,4,1,1,1,1,1,1,2,1,1,1,1,1,1,1,1,1,1,2,1,1,693893.746,4218813.249,-21.538,Pri,13282,0,0,2,19,6
11229,4,2008030000787,1,4,2,6,3,1,1,CV-904,0.5,0,5,0,1,5,3,2,3,3,2,1,2,2,2,1,5,6,4,1,3,1,9,14,1,1,3,NaN,2,NaN,NaN,,NaN,,NaN,,66,NaN,60,NaN,1,4,1,1,2,1,1,2,1,1,1,1,1,1,1,1,1,1,1,2,1,1,690798.117,4233292.071,47.592,Sec,7714,0,0,1,21,6
11233,4,2008030000791,1,3,25,5,2,1,2,CV-700,61,61,0,1,1,5,2,2,3,3,2,1,1,1,1,1,2,1,5,1,1,1,9,14,1,2,1,NaN,2,2,NaN,,NaN,,NaN,,NaN,NaN,NaN,NaN,1,4,1,1,1,1,1,2,2,1,1,1,1,1,1,1,1,1,1,2,1,1,715259.871,4295663.951,641.809,Cob,6702,0,2,2,16,6