Id,Ano,Numero_Accidente,Provincia,Mes,Dia,Hora,Dia_Semana,Tipo_Dia,Vehiculos_Implicados,Carretera,Pk,Km,Hm,Sentido,Zona,Tipo_Via,Anchura_Calzada,Anchura_Carril,Marcas_Viales,Arcen,Arcen_Pavimentado,Mediana,Barrera_Seguridad,Paneles_Direccionales,Hitos_Arista,Captafaros,Interseccion_Tipo,Interseccion_Acondicionamiento,Prioridad_Regulada_por,Superficie,Luminosidad,Factores_Atmosfericos,Visibilidad_Restringida_por,Otras_Circunstancias,Senalizacion_Peligro,Aceras,Arboles,Arboles_Metros_Calzada,Visibilidad_Senalizacion_Vertical,Colision_Vehiculos_Marcha,Colision_Vehiculo_Obstaculo_1,Colision_Vehiculo_Obstaculo_2,Atropello_1,Atropello_2,Vuelco_1,Vuelco_2,Salida_Sin_Colision,Salida_Con_Colision,Lado_Salida,Otro,Circulacion,Circulacion_Medidas_Especiales,Distraccion,Inexperiencia_Conductor,Alcohol_Drogas,Cansancio_Sueno,Enfermedad,Velocidad_Inadecuada,Infraccion_Norma_Circulacion,Estado_Condicion_Via,Estado_Condicion_Senalizacion,Tramo_Obras,Mal_Estado_Vehiculo,Averia_Mecanica,Meteorologia_Adversa,Irrupcion_Animal,Circular_Sentido_Contrario,Otro_Factor,Sin_Opinion_Definida,Pendiente,Curvatura,Peralte,GPS_x,GPS_y,GPS_z,Tipo_Est,IMD,N_Muertos,N_Graves,N_Leves,Hora_Real,Fuera_o_Interseccion
11236,4,2008030000793,1,4,2,5,3,1,2,CV-915,5.9,5,9,0,1,5,3,2,3,4,2,1,1,1,1,1,7,7,8,1,1,1,9,14,3,1,1,NaN,1,2,NaN,,NaN,,NaN,,NaN,NaN,NaN,NaN,1,4,2,2,1,1,1,1,1,1,1,1,1,1,1,1,1,1,1,2,1,1,676082.294,4213580.27,4.561,Sec,10471,0,0,0,16,2
11238,4,2008030000797,1,3,31,4,1,4,2,CV-705,1,1,0,0,1,5,2,2,3,2,1,1,2,2,1,1,7,7,8,1,1,1,2,14,1,1,1,NaN,2,4,NaN,,NaN,,NaN,,NaN,NaN,NaN,NaN,1,4,1,1,1,1,1,1,2,1,1,1,1,1,1,1,1,1,1,2,1,1,723274.369,4296553.909,352.816,Sec,3476,0,0,0,12,5
11239,4,2008030000799,1,3,31,3,1,4,1,CV-840,2.6,2,6,0,1,5,3,2,3,3,2,1,1,1,1,1,7,7,8,1,1,1,9,14,3,1,1,NaN,2,NaN,NaN,,NaN,,NaN,,NaN,62,60,NaN,1,4,2,1,1,1,1,1,1,1,1,1,1,1,1,1,1,1,1,2,1,1,692127.625,4249663.745,263.051,Cob,4371,0,0,0,10,1
11240,4,2008030000800,1,3,29,6,6,2,1,CV-81,50.2,50,2,1,1,5,2,2,3,4,2,1,1,1,1,1,7,7,8,1,1,1,9,14,3,1,3,NaN,2,NaN,NaN,,NaN,,NaN,,NaN,51,50,NaN,1,4,1,1,1,1,1,2,1,1,1,1,1,1,1,1,1,1,1,2,1,1,707490.946,4298082.003,399.049,Cob,5744,0,0,2,17,1
11243,4,2008030000803,1,4,4,4,5,1,3,CV-700,63.8,63,8,0,1,5,1,3,3,3,2,1,2,2,2,1,1,1,8,1,1,1,9,14,2,1,3,NaN,2,2,NaN,,NaN,,NaN,,NaN,NaN,NaN,NaN,1,4,1,1,1,1,1,1,2,1,1,1,1,1,1,1,1,1,1,2,1,2,756462.391,4304805.066,-14.625,Cob,6702,0,0,2,11,7
11244,4,2008030000806,1,4,4,3,5,1,1,CV-84,0.2,0,2,0,1,5,3,2,2,3,2,1,2,1,1,1,7,7,8,1,1,1,9,14,1,1,1,NaN,1,NaN,NaN,,NaN,,NaN,,NaN,64,60,NaN,1,4,1,1,1,1,1,2,1,1,1,1,1,1,1,1,1,1,1,2,1,1,698880.144,4240658.948,136.168,Sec,22192,0,0,0,9,2
11245,4,2008030000810,1,3,30,1,7,3,1,CV-905,2.5,2,5,0,1,5,3,2,3,3,2,2,1,1,1,1,7,7,8,1,3,1,9,14,3,1,1,NaN,2,NaN,NaN,,NaN,,NaN,,NaN,51,50,NaN,1,4,2,1,1,2,1,1,1,1,1,1,1,1,1,1,1,1,1,2,1,1,699709.655,4214353.571,4.293,Pri,25974,0,0,1,3,1
11247,4,2008030000813,1,4,2,4,3,1,2,CV-820,1.5,1,5,0,1,5,3,2,3,3,2,1,1,1,1,1,7,7,8,1,1,1,9,14,3,1,1,NaN,1,3,NaN,,NaN,,NaN,,NaN,NaN,NaN,NaN,1,4,1,1,1,1,1,2,2,1,1,1,1,1,1,1,1,1,1,2,1,1,712633.042,4254465.392,130.905,Cob,6724,0,0,1,14,1
11250,4,2008030000819,1,4,5,1,6,2,1,CV-925,2.1,2,1,1,1,5,2,3,3,1,2,1,1,1,1,1,7,7,8,1,3,1,9,14,2,1,1,NaN,2,NaN,NaN,,NaN,,NaN,,NaN,54,50,NaN,1,4,2,1,1,1,1,1,1,1,1,1,1,1,1,1,1,1,1,2,1,1,692142.198,4195253.73,56.542,Cob,2235,0,0,3,1,1
11251,4,2008030000820,1,4,8,3,2,1,1,CV-70,46.2,46,2,1,1,5,2,2,3,3,2,2,1,1,1,2,5,1,8,1,1,1,9,14,1,2,1,NaN,2,NaN,NaN,,NaN,,NaN,,65,NaN,60,NaN,1,4,2,1,1,1,1,1,1,1,1,1,1,1,1,1,1,1,1,2,1,1,723948.581,4287025.14,675.244,Per,25542,0,0,1,9,7
11253,4,2008030000827,1,4,4,6,5,1,2,CV-865,6,6,0,1,1,5,3,2,3,3,2,1,1,1,2,2,6,6,5,1,1,1,9,14,1,1,1,NaN,2,2,NaN,,NaN,,NaN,,NaN,NaN,NaN,NaN,1,4,1,1,1,1,1,1,2,1,1,1,1,1,1,1,1,1,1,2,1,1,708474.954,4234388.439,-1.081,Cob,14206,0,0,0,18,6
11255,4,2008030000831,1,3,28,6,5,1,2,CV-915,5.8,5,8,1,1,5,3,2,3,2,2,1,1,1,1,1,7,7,8,1,3,1,9,14,3,1,1,NaN,1,NaN,NaN,,NaN,,NaN,,NaN,NaN,NaN,71,1,4,1,1,1,1,1,2,2,1,1,1,1,1,1,1,1,1,1,2,1,1,679669.417,4217223.409,0.951,Sec,10471,0,0,0,19,1
11258,4,2008030000834,1,4,9,4,3,1,3,CV-800,2.7,2,7,1,1,5,2,2,3,3,2,1,2,2,2,2,1,1,3,1,1,4,9,14,1,1,1,NaN,2,2,NaN,,NaN,,NaN,,NaN,NaN,NaN,NaN,2,4,2,1,1,1,1,1,1,1,1,1,1,1,1,1,1,1,1,2,1,2,720097.892,4279015.461,857.235,Cob,14608,0,0,1,14,6
11262,4,2008030000835,1,4,9,6,3,1,4,CV-940,7.6,7,6,1,1,5,2,3,3,3,2,1,1,2,1,1,7,7,8,3,2,4,2,13,2,1,1,NaN,1,NaN,NaN,,NaN,,NaN,,NaN,NaN,NaN,71,1,4,1,1,2,1,1,2,1,1,1,1,1,1,1,1,1,1,1,2,1,1,696211.425,4210531.42,-4.52,Cob,5675,0,0,1,20,4
11263,4,2008030000838,1,4,7,6,1,4,1,CV-83,20.1,20,1,1,1,5,3,2,3,3,2,1,2,1,1,1,7,7,8,1,1,1,9,14,1,1,1,NaN,2,NaN,NaN,,NaN,,NaN,,66,NaN,60,NaN,1,4,1,1,1,1,1,2,1,1,1,1,1,1,1,1,1,1,1,2,1,1,684800.603,4257073.514,477.972,Cob,5174,0,1,0,17,2
11265,4,2008030000842,1,4,9,1,3,1,2,CV-905,7,7,0,0,1,5,3,2,3,3,2,1,2,2,2,1,7,7,8,1,5,1,9,14,1,1,3,NaN,2,3,NaN,,NaN,,NaN,,NaN,NaN,NaN,NaN,1,4,2,1,1,1,1,2,2,1,1,1,1,1,1,1,1,1,1,2,1,1,701855.225,4210579.953,-15.982,Cob,31158,0,0,0,23,4
11266,4,2008030000851,1,4,12,4,6,2,1,CV-935,0.9,0,9,0,1,5,2,2,3,3,2,1,2,2,1,1,7,7,8,1,1,1,9,14,1,1,1,NaN,2,NaN,NaN,,21,21,NaN,,NaN,NaN,NaN,NaN,1,4,1,1,1,1,1,1,2,1,1,1,1,1,1,1,1,1,1,2,1,1,693567.039,4219906.03,-18.493,Cob,7041,0,1,0,13,1
11268,4,2008030000855,1,4,13,4,7,3,2,CV-700,46.6,46,6,0,1,5,1,3,3,1,2,1,2,2,1,1,7,7,8,1,1,1,2,14,1,1,1,NaN,2,1,NaN,,NaN,,NaN,,NaN,NaN,NaN,NaN,1,4,1,1,1,1,1,1,2,1,1,1,1,1,1,1,1,1,1,2,2,2,742479.979,4301704.183,234.924,Cob,453,0,2,0,11,2
11270,4,2008030000856,1,4,13,4,7,3,2,CV-70,26.6,26,6,1,1,5,2,2,3,3,2,1,1,1,1,1,7,7,5,1,1,1,2,14,1,1,1,NaN,2,2,NaN,,NaN,,NaN,,NaN,NaN,NaN,NaN,1,4,1,2,1,1,1,2,1,1,1,1,1,1,1,1,1,1,1,2,1,1,738309.281,4285400.372,702.177,Sec,695,0,0,0,12,4
11272,4,2008030000860,1,4,2,6,3,1,2,CV-821,7.4,7,4,0,1,5,3,2,3,3,2,2,1,1,1,1,5,5,4,1,3,1,9,14,1,2,2,2,2,4,NaN,,NaN,,NaN,,NaN,NaN,NaN,NaN,1,4,2,1,1,1,1,1,1,1,1,1,1,1,1,1,1,1,1,2,1,1,722331.418,4253496.644,26.783,Cob,10986,0,0,0,22,6
11275,4,2008030000862,1,4,11,6,5,1,3,CV-821,3.5,3,5,0,1,5,3,2,3,3,2,2,1,1,1,1,5,5,5,1,1,1,9,14,1,2,2,2,2,4,NaN,,NaN,,NaN,,NaN,NaN,NaN,NaN,1,4,1,1,1,1,1,1,2,1,1,1,1,1,1,1,1,1,1,2,1,1,719324.93,4252803.54,49.862,Sec,30367,0,0,0,17,6
11279,4,2008030000869,1,4,8,5,2,1,2,CV-895,5.4,5,4,0,1,5,3,2,3,3,2,1,1,1,1,1,2,1,3,1,1,1,9,14,3,1,1,NaN,1,3,NaN,,NaN,,NaN,,NaN,NaN,NaN,NaN,1,4,1,1,1,1,1,1,2,1,1,1,1,1,1,1,1,1,1,2,1,1,704293.241,4215508.632,1.302,Cob,7055,0,0,0,15,6
11286,4,2008030000874,1,4,14,6,1,4,2,CV-895,1.2,1,2,1,1,5,3,3,3,4,2,1,1,1,1,1,1,4,3,1,1,1,9,14,1,1,1,NaN,2,2,NaN,,NaN,,NaN,,NaN,NaN,NaN,NaN,1,4,1,1,1,1,1,1,2,1,1,1,1,1,1,1,1,1,1,2,1,1,704731.77,4215516.827,2.744,Cob,7055,0,0,3,18,7
11287,4,2008030000875,1,4,12,6,6,2,1,CV-800,12,12,0,0,1,5,3,2,3,3,2,1,1,2,2,2,7,7,8,1,1,1,9,14,1,1,1,NaN,2,NaN,NaN,,NaN,,NaN,,NaN,63,60,NaN,1,4,1,1,1,1,1,2,1,1,1,1,1,1,1,1,1,1,1,2,1,2,719583.093,4278350.449,895.719,Sec,6005,0,0,1,17,5
11289,4,2008030000881,1,4,15,3,2,1,2,CV-70,49,49,0,1,1,5,3,2,3,3,2,1,1,2,2,2,5,1,4,1,1,1,9,14,1,1,3,NaN,2,3,NaN,,NaN,,NaN,,NaN,NaN,NaN,NaN,2,4,1,1,1,1,1,1,2,1,1,1,1,1,1,1,1,2,1,2,2,2,722245.837,4285856.787,758.977,Per,25542,0,0,1,8,6
11291,4,2008030000888,1,3,27,6,4,1,2,CV-91,10.6,10,6,0,1,5,3,2,3,3,2,1,2,1,2,2,7,7,8,1,1,1,9,14,3,1,1,NaN,2,2,NaN,,NaN,,NaN,,NaN,NaN,NaN,NaN,2,4,2,1,1,1,1,1,1,1,1,1,1,1,1,1,1,1,1,2,1,1,691376.719,4218022.685,-9.83,Pri,13282,0,0,0,18,1
11292,4,2008030000892,1,4,11,2,5,1,1,CV-81,51.2,51,2,0,1,5,3,2,3,4,2,1,2,2,2,2,7,7,8,1,2,1,9,14,1,1,1,NaN,1,NaN,NaN,,NaN,,NaN,,66,NaN,60,NaN,1,4,2,1,1,1,1,1,1,1,1,1,1,1,1,1,1,1,1,2,1,1,678078.811,4278211.175,476.566,Cob,5744,0,0,0,6,5
11294,4,2008030000900,1,4,11,1,5,1,2,CV-81,46.7,46,7,1,1,5,3,3,3,3,2,1,1,2,1,1,7,7,8,1,5,1,9,14,3,1,3,NaN,2,3,NaN,,NaN,,NaN,,NaN,NaN,NaN,NaN,1,4,2,1,1,1,1,1,2,1,1,1,1,1,1,1,1,1,1,2,2,3,708876.957,4296386.276,466.973,Cob,5744,0,0,0,23,2
11296,4,2008030000902,1,4,11,6,5,1,2,CV-860,3.2,3,2,0,1,5,3,3,3,3,2,1,1,1,1,1,2,1,8,1,2,1,9,14,1,1,3,NaN,2,4,NaN,,NaN,,NaN,,NaN,NaN,NaN,NaN,1,4,2,1,1,1,1,1,1,1,1,1,1,1,1,1,1,1,1,2,1,2,701417.698,4223213.36,-15.733,Cob,3871,0,0,1,18,6
11301,4,2008030000906,1,4,16,5,3,1,4,CV-95,6.2,6,2,1,1,5,3,2,3,3,2,1,2,1,2,2,7,7,8,1,1,1,9,14,1,1,3,NaN,2,5,NaN,,NaN,,NaN,,NaN,NaN,NaN,NaN,2,4,1,1,1,1,1,1,2,1,1,1,1,1,1,1,1,1,1,2,1,1,696295.577,4205324.779,13.144,Cob,10290,0,0,5,15,1
11304,4,2008030000926,1,4,18,4,5,1,3,CV-91,0.1,0,1,0,1,5,3,2,3,3,2,1,2,1,1,1,7,7,8,3,1,4,9,4,1,1,1,NaN,1,1,NaN,,NaN,,NaN,,NaN,NaN,NaN,NaN,1,4,1,1,1,1,1,2,1,1,1,1,1,1,1,1,1,1,1,2,3,1,681122.304,4217692.111,-7.772,Cob,8450,0,0,0,11,5
11306,4,2008030000927,1,4,5,5,6,2,2,CV-950,0.2,0,2,0,1,5,2,2,3,2,2,1,1,1,1,1,7,7,8,1,1,1,9,6,2,1,1,NaN,2,4,NaN,,NaN,,NaN,,NaN,NaN,NaN,NaN,1,4,2,1,1,1,1,1,1,1,1,1,1,1,1,1,1,1,1,2,1,1,689821.958,4211120.309,89.899,Cob,442,0,1,0,15,1
11308,4,2008030000930,1,4,19,4,6,2,2,CV-900,1.5,1,5,0,1,5,2,3,3,3,2,1,1,1,1,1,7,7,8,1,1,1,9,14,2,1,1,NaN,2,4,NaN,,NaN,,NaN,,NaN,NaN,NaN,NaN,1,4,1,1,1,1,1,1,2,1,1,1,1,1,1,1,1,1,1,2,1,1,682367.589,4219552.137,-1.387,Cob,8167,0,0,1,13,1
11309,4,2008030000932,1,4,19,6,6,2,1,CV-715,41.6,41,6,0,1,5,2,3,3,3,2,1,2,2,1,1,7,7,8,1,4,1,2,14,1,1,1,NaN,2,NaN,NaN,,NaN,,NaN,,NaN,51,50,NaN,1,4,1,1,1,1,1,2,1,1,1,1,1,1,1,1,1,1,1,2,1,1,751437.208,4282373.363,158.901,Cob,339,0,1,0,22,5
11311,4,2008030000933,1,4,20,1,7,3,1,CV-845,18.6,18,6,1,1,5,2,2,3,1,2,1,1,1,1,1,7,7,8,1,5,1,9,14,3,1,1,NaN,2,NaN,NaN,,NaN,,NaN,,56,NaN,50,NaN,1,4,2,1,1,1,1,1,1,1,1,1,1,1,1,1,1,1,1,2,1,1,693622.136,4244802.155,238.334,Cob,1344,1,0,0,2,1
11312,4,2008030000935,1,4,20,4,7,3,1,CV-70,49,49,0,1,1,5,2,2,3,1,2,1,1,1,1,1,5,1,4,1,1,1,9,14,1,1,3,NaN,2,NaN,NaN,,NaN,,12,9,NaN,NaN,NaN,NaN,1,4,1,1,1,1,1,2,1,1,1,1,1,1,1,1,1,1,1,2,2,2,722245.837,4285856.787,758.977,Per,25542,0,0,0,11,6
11314,4,2008030000943,1,4,20,6,7,3,2,CV-905,8,8,0,1,1,5,2,3,3,3,2,2,1,1,1,1,7,7,8,1,1,1,9,14,3,1,1,NaN,1,2,NaN,,NaN,,NaN,,NaN,NaN,NaN,NaN,1,4,1,1,1,1,1,1,2,1,1,1,1,1,1,1,1,1,1,2,1,1,699997.527,4213636.155,-4.937,Cob,31158,0,0,2,19,1
11315,4,2008030000944,1,4,17,5,4,1,1,CV-84,1.8,1,8,0,1,5,3,2,3,3,2,2,2,2,2,2,5,5,4,8,1,1,9,14,3,1,3,NaN,2,NaN,NaN,,NaN,,NaN,,66,NaN,60,NaN,1,4,1,1,1,1,1,1,1,2,1,1,1,1,1,1,1,1,1,2,1,1,697794.772,4241721.765,158.556,Sec,22192,0,0,0,15,6
11316,4,2008030000946,1,4,19,6,6,2,1,CV-70,0.8,0,8,1,1,5,2,2,3,1,2,1,1,2,1,1,7,7,8,1,1,1,2,14,2,1,1,NaN,2,NaN,NaN,,NaN,,NaN,,NaN,64,60,NaN,1,4,1,2,1,1,1,2,1,2,1,1,1,1,1,1,1,1,1,2,1,1,749833.572,4271811.595,79.532,Cob,644,0,0,0,17,3
11318,4,2008030000948,1,4,16,3,3,1,2,CV-904,1.1,1,1,1,1,5,3,2,3,4,2,1,1,1,1,1,1,4,3,1,1,1,9,14,1,1,3,NaN,2,4,NaN,,NaN,,NaN,,NaN,NaN,NaN,NaN,1,4,1,1,1,1,1,1,2,1,1,1,1,1,1,1,1,1,1,2,1,1,692186.077,4228123.399,-17.908,Sec,7714,0,0,2,8,6
11319,4,2008030000950,1,4,21,6,1,4,1,CV-715,11.1,11,1,1,1,5,2,3,3,1,2,1,1,2,1,1,7,7,5,1,1,1,9,14,1,1,1,NaN,2,NaN,NaN,,NaN,,NaN,,66,NaN,60,NaN,1,4,2,1,1,1,1,1,1,1,1,1,1,1,1,1,1,1,1,2,3,2,751933.215,4285797.867,290.463,Cob,2659,0,0,0,19,4
11320,4,2008030000952,1,4,21,3,1,4,1,CV-920,8.6,8,6,1,1,5,3,2,3,2,2,1,2,1,1,1,7,7,8,1,1,1,2,14,3,1,1,NaN,2,NaN,NaN,,NaN,,NaN,,57,NaN,50,NaN,1,4,2,1,1,1,1,2,1,1,1,1,1,1,1,1,1,1,1,2,1,1,699003.253,4217750.378,-12.909,Cob,3914,0,0,0,7,2
11325,4,2008030000958,1,4,15,3,2,1,4,CV-870,0,0,0,1,1,5,2,2,3,3,2,1,1,1,1,1,1,2,3,1,1,1,9,14,1,1,1,NaN,1,5,NaN,,NaN,,NaN,,NaN,NaN,NaN,NaN,1,4,2,1,1,1,1,1,2,1,1,1,1,1,1,1,1,1,1,2,1,1,675527.242,4228963.09,113.084,Cob,0,0,0,4,8,6
11326,4,2008030000976,1,4,20,6,7,3,1,CV-825,2.7,2,7,0,1,5,3,2,3,3,2,1,1,1,1,1,7,7,8,1,1,1,9,14,3,1,1,NaN,2,NaN,NaN,,NaN,,NaN,,NaN,61,60,NaN,1,4,2,1,1,1,1,1,1,1,1,1,1,1,1,1,1,1,1,2,1,1,696887.618,4248659.155,180.32,Sec,4601,0,0,0,17,1
11328,4,2008030000977,1,4,20,3,7,3,1,CV-70,16.5,16,5,1,1,5,1,3,3,2,2,1,2,2,2,1,7,7,8,1,1,8,3,14,2,1,1,NaN,2,NaN,NaN,,NaN,,NaN,,NaN,54,50,NaN,1,4,1,1,2,2,1,2,2,1,1,1,1,1,1,1,1,1,1,2,1,2,744216.251,4282831.445,657.28,Sec,695,0,0,0,10,2
11330,4,2008030000984,1,4,23,6,3,1,2,CV-736,1.7,1,7,0,1,5,3,3,3,3,2,1,2,2,1,1,2,1,3,1,1,1,9,14,3,1,1,NaN,2,2,NaN,,NaN,,NaN,,NaN,NaN,NaN,NaN,1,4,2,1,1,1,1,1,2,1,1,1,1,1,1,1,1,1,1,2,1,1,772243.292,4302598.767,12.58,Cob,4048,0,0,2,17,7
11331,4,2008030000986,1,4,23,4,3,1,1,CV-912,0,0,0,0,1,5,2,2,3,3,2,1,1,2,1,1,7,7,7,1,1,1,2,14,1,1,1,NaN,2,NaN,NaN,,NaN,,NaN,,58,NaN,50,NaN,1,4,1,1,1,1,1,2,1,1,1,1,1,1,1,1,1,1,1,2,1,1,688023.146,4219617.88,-9.479,Cob,2863,0,0,0,13,5
11333,4,2008030000991,1,4,18,3,5,1,2,CV-820,3.9,3,9,1,1,5,2,2,3,3,2,1,1,1,1,1,2,1,8,3,1,1,9,14,3,1,1,NaN,2,4,NaN,,NaN,,NaN,,NaN,NaN,NaN,NaN,1,4,1,1,1,1,1,1,2,1,1,1,1,1,1,1,1,1,1,2,1,1,699161.347,4253439.084,252.632,Cob,6724,0,0,1,10,6
11334,4,2008030000993,1,4,20,3,7,3,1,CV-911,1.7,1,7,1,1,5,2,3,3,3,2,1,1,1,1,1,1,1,6,1,5,1,9,14,2,1,1,NaN,1,NaN,NaN,,NaN,,NaN,,NaN,NaN,NaN,71,1,4,1,1,1,1,1,1,1,1,1,1,1,1,1,1,1,1,2,2,1,1,687745.526,4219532.977,-10.93,Cob,9251,0,0,0,7,6
11335,4,2008030001004,1,4,25,5,5,1,1,CV-70,46.1,46,1,1,1,5,3,2,3,2,2,2,1,1,1,2,7,7,5,1,1,1,9,14,1,1,3,NaN,2,NaN,NaN,,NaN,,12,9,NaN,NaN,NaN,NaN,1,4,2,2,1,1,1,1,1,1,1,1,1,1,1,1,1,1,1,2,1,1,724124.817,4286955.264,668.585,Per,25542,0,0,1,15,2
11336,4,2008030001009,1,4,26,3,6,2,1,CV-70,42.7,42,7,0,1,5,2,2,3,3,2,1,1,1,1,1,5,1,4,1,1,1,9,14,1,1,1,NaN,2,NaN,NaN,,NaN,,NaN,,NaN,64,60,NaN,1,4,2,1,2,2,1,1,1,1,1,1,1,1,1,1,1,1,1,2,1,1,749275.975,4277556.274,238.196,Cob,0,0,0,0,8,6
11338,4,2008030001010,1,4,24,4,4,1,2,CV-821,3.7,3,7,1,1,5,3,2,3,4,2,2,2,1,2,2,1,6,3,1,1,1,9,14,1,1,1,NaN,1,2,NaN,,NaN,,NaN,,NaN,NaN,NaN,NaN,1,4,1,1,1,1,1,1,2,1,1,1,1,1,1,1,1,1,1,2,1,1,721219.921,4254131.686,39.709,Sec,30367,0,0,1,12,6
11339,4,2008030001018,1,4,21,6,1,4,1,CV-825,0.9,0,9,1,1,5,3,2,3,3,2,1,1,1,1,1,7,7,8,1,5,1,9,14,3,1,1,NaN,1,NaN,NaN,,NaN,,NaN,,NaN,63,60,NaN,1,4,2,1,2,1,1,1,1,1,1,1,1,1,1,1,1,1,1,2,1,1,701154.645,4253953.51,259.466,Sec,4601,0,0,1,22,1
11341,4,2008030001019,1,4,27,4,7,3,2,CV-900,6.6,6,6,1,1,5,2,3,3,4,2,1,2,1,1,1,7,7,8,1,1,1,9,14,1,1,1,NaN,2,3,NaN,,NaN,,NaN,,NaN,NaN,NaN,NaN,1,4,2,1,1,1,1,1,1,1,2,1,1,1,1,1,1,1,1,2,1,1,687195.898,4221437.84,-12.17,Sec,11231,0,0,3,14,2
11342,4,2008030001023,1,4,27,6,7,3,1,CV-70,45.7,45,7,1,1,5,3,2,3,3,2,2,1,1,1,1,5,6,4,1,3,1,9,14,1,2,1,NaN,2,NaN,NaN,,NaN,,NaN,,NaN,61,60,NaN,1,4,2,1,2,1,1,1,2,1,1,1,1,1,1,1,1,1,1,2,1,1,724366.532,4286879.558,663.175,Per,25542,0,0,0,22,7
11343,4,2008030001026,1,4,27,3,7,3,1,CV-800,3,3,0,0,1,5,3,1,1,1,2,1,1,1,1,1,7,7,8,9,1,1,9,14,3,1,1,NaN,1,NaN,NaN,,NaN,,12,9,NaN,NaN,NaN,NaN,1,4,1,1,1,1,1,1,1,2,1,1,1,1,1,1,1,1,1,2,2,3,717359.823,4272760.291,689.825,Cob,14608,0,0,0,9,1
11344,4,2008030001031,1,4,28,6,1,4,1,CV-720,39.3,39,3,0,1,5,1,3,3,2,1,1,1,2,1,1,7,7,7,3,2,4,4,14,1,1,1,NaN,2,NaN,NaN,,NaN,,NaN,,NaN,52,50,NaN,1,4,1,1,1,1,1,2,2,1,1,1,1,1,2,1,1,1,1,2,1,2,755154.692,4292598.443,243.099,Cob,2205,0,0,1,20,2
11345,4,2008030001040,1,4,28,3,1,4,1,CV-700,17.1,17,1,0,1,5,1,3,3,1,2,1,1,1,1,1,7,7,8,1,1,1,9,14,1,1,1,NaN,2,NaN,NaN,,NaN,,NaN,,66,NaN,60,NaN,1,4,2,1,1,1,1,1,1,1,1,1,1,1,1,1,1,2,1,2,1,1,723292.812,4295906.67,365.676,Cob,3060,0,0,0,7,5
11346,4,2008030001044,1,4,29,3,2,1,1,CV-941,0.9,0,9,0,1,5,3,2,3,3,2,1,1,1,1,1,5,1,4,1,1,1,9,14,1,1,1,NaN,2,NaN,NaN,,NaN,,12,9,NaN,NaN,NaN,NaN,1,4,1,1,1,1,1,1,1,2,1,1,1,1,1,1,1,2,1,2,1,1,696157.876,4196643.054,26.188,Sec,4444,0,0,1,10,6
11350,4,2008030001054,1,4,29,6,2,1,4,CV-91,8.8,8,8,1,1,5,3,2,3,3,2,1,2,2,2,1,7,7,8,1,1,1,9,14,1,1,3,NaN,2,5,NaN,,NaN,,NaN,,NaN,NaN,NaN,NaN,2,4,2,1,1,1,1,1,1,1,1,1,1,1,1,1,1,1,1,2,1,1,696817.566,4219301.729,-27.003,Pri,13282,0,0,2,19,1
11351,4,2008030001065,1,4,30,4,3,2,1,CV-821,7.8,7,8,0,1,5,2,3,3,1,2,2,1,1,1,1,7,7,8,1,1,1,9,14,3,2,2,1,2,NaN,NaN,,NaN,,NaN,,NaN,51,50,NaN,1,4,2,1,1,1,1,1,1,1,1,1,1,1,1,1,1,1,1,2,1,1,722570.465,4253210.962,17.81,Cob,10986,0,0,1,13,2
11353,4,2008030001070,1,5,1,3,4,3,2,CV-913,3.8,3,8,1,1,5,3,2,3,3,2,1,1,2,1,1,7,7,8,1,1,1,9,14,1,2,1,NaN,2,4,NaN,,NaN,,NaN,,NaN,NaN,NaN,NaN,1,4,2,1,2,1,1,1,1,1,1,1,1,1,1,1,1,1,1,2,2,2,689873.976,4224107.941,-17.521,Sec,7483,0,0,0,10,4
11354,4,2008030001077,1,4,2,1,3,1,1,CV-870,6,6,0,1,1,5,3,2,3,2,2,1,1,2,1,1,7,7,8,1,4,1,2,14,1,1,1,NaN,2,NaN,NaN,,NaN,,NaN,,56,NaN,50,NaN,1,4,2,1,2,1,1,2,1,1,1,1,1,1,1,1,1,1,1,2,1,1,678653.798,4224965.169,32.709,Cob,5377,0,0,0,0,5
11355,4,2008030001083,1,5,3,5,6,2,1,CV-920,7.5,7,5,1,1,5,2,3,3,3,2,1,1,1,1,1,7,7,8,1,1,1,9,14,3,1,1,NaN,2,NaN,NaN,,NaN,,NaN,,NaN,53,50,NaN,1,4,2,1,1,1,1,1,1,1,1,1,1,1,1,1,1,1,1,2,1,1,699088.695,4218774.152,-17.528,Cob,3914,0,1,0,15,1
11358,4,2008030001084,1,4,26,6,6,2,3,CV-905,0.2,0,2,1,1,5,3,2,3,3,2,2,2,2,2,2,7,7,8,1,1,1,9,14,1,1,1,NaN,2,5,NaN,,NaN,,NaN,,NaN,NaN,NaN,NaN,2,4,2,1,1,1,1,1,1,1,1,1,1,1,1,1,1,1,1,2,1,1,703280.099,4206908.033,-4.163,Pri,25974,0,0,2,18,2
11360,4,2008030001096,1,5,6,4,2,1,2,CV-715,23,23,0,0,1,5,2,3,3,1,2,1,1,2,1,1,7,7,8,1,1,1,9,14,1,1,1,NaN,1,3,NaN,,NaN,,NaN,,NaN,NaN,NaN,NaN,1,4,1,1,1,1,1,1,2,1,1,1,1,1,1,1,1,1,1,2,1,1,755903.699,4290565.36,582.5,Cob,2659,0,0,1,12,1
11363,4,2008030001108,1,4,27,6,7,3,2,CV-945,7.7,7,7,0,1,5,2,3,3,3,2,1,1,1,2,1,7,7,8,1,1,1,9,14,3,1,1,NaN,2,2,NaN,,NaN,,NaN,,NaN,NaN,NaN,NaN,1,4,2,1,1,1,1,1,1,1,1,1,1,1,1,1,1,1,1,2,1,1,693418.892,4210881.062,14.721,Cob,5514,0,0,0,20,1