Id,Ano,Numero_Accidente,Provincia,Mes,Dia,Hora,Dia_Semana,Tipo_Dia,Vehiculos_Implicados,Carretera,Pk,Km,Hm,Sentido,Zona,Tipo_Via,Anchura_Calzada,Anchura_Carril,Marcas_Viales,Arcen,Arcen_Pavimentado,Mediana,Barrera_Seguridad,Paneles_Direccionales,Hitos_Arista,Captafaros,Interseccion_Tipo,Interseccion_Acondicionamiento,Prioridad_Regulada_por,Superficie,Luminosidad,Factores_Atmosfericos,Visibilidad_Restringida_por,Otras_Circunstancias,Senalizacion_Peligro,Aceras,Arboles,Arboles_Metros_Calzada,Visibilidad_Senalizacion_Vertical,Colision_Vehiculos_Marcha,Colision_Vehiculo_Obstaculo_1,Colision_Vehiculo_Obstaculo_2,Atropello_1,Atropello_2,Vuelco_1,Vuelco_2,Salida_Sin_Colision,Salida_Con_Colision,Lado_Salida,Otro,Circulacion,Circulacion_Medidas_Especiales,Distraccion,Inexperiencia_Conductor,Alcohol_Drogas,Cansancio_Sueno,Enfermedad,Velocidad_Inadecuada,Infraccion_Norma_Circulacion,Estado_Condicion_Via,Estado_Condicion_Senalizacion,Tramo_Obras,Mal_Estado_Vehiculo,Averia_Mecanica,Meteorologia_Adversa,Irrupcion_Animal,Circular_Sentido_Contrario,Otro_Factor,Sin_Opinion_Definida,Pendiente,Curvatura,Peralte,GPS_x,GPS_y,GPS_z,Tipo_Est,IMD,N_Muertos,N_Graves,N_Leves,Hora_Real,Fuera_o_Interseccion
11365,4,2008030001110,1,5,7,4,3,1,2,CV-865,4.4,4,4,0,1,5,3,2,3,3,2,1,1,1,2,2,7,7,8,1,1,1,9,14,1,1,1,NaN,2,2,NaN,,NaN,,NaN,,NaN,NaN,NaN,NaN,1,4,2,1,1,1,1,1,2,1,1,1,1,1,1,1,1,1,1,2,1,1,706837.842,4235440.984,17.866,Cob,14206,0,0,2,13,1
11366,4,2008030001115,1,5,4,5,7,3,1,CV-80,12,12,0,1,1,2,3,2,3,3,2,2,2,2,2,2,7,7,8,1,1,1,9,14,1,1,3,NaN,2,NaN,NaN,,NaN,,NaN,,NaN,54,50,NaN,1,4,1,1,1,1,1,1,1,1,1,1,1,1,1,1,1,1,2,2,1,1,695555.667,4273837.277,671.809,Sec,9815,0,0,0,15,1
11368,4,2008030001122,1,5,6,3,2,1,2,CV-809,3.7,3,7,1,1,5,2,2,3,3,2,1,1,1,1,1,2,1,3,1,1,1,9,14,1,1,1,NaN,2,NaN,NaN,,NaN,,12,9,NaN,NaN,NaN,NaN,1,4,1,1,1,1,1,1,2,1,1,1,1,1,1,1,1,1,1,2,1,1,682612.499,4281257.972,481.09,Cob,3359,0,0,1,10,6
11370,4,2008030001124,1,5,8,6,4,1,2,CV-870,1.5,1,5,0,1,5,2,2,3,3,2,1,1,2,1,1,1,1,8,3,1,4,9,14,3,1,1,NaN,2,4,NaN,,NaN,,NaN,,NaN,NaN,NaN,NaN,1,4,2,1,1,1,1,1,1,1,1,1,1,1,1,1,1,1,1,2,1,1,680368.673,4221206.61,9.235,Cob,0,0,0,0,19,6
11372,4,2008030001128,1,5,8,4,4,1,2,CV-725,0.4,0,4,0,1,5,1,1,3,3,2,2,2,1,1,2,7,7,5,3,1,4,9,14,1,1,3,NaN,2,1,NaN,,NaN,,NaN,,NaN,NaN,NaN,NaN,1,4,2,1,1,1,1,1,2,1,1,1,1,1,1,1,2,1,1,2,2,3,762882.279,4300897.573,19.783,Pri,22177,0,0,1,13,2
11373,4,2008030001130,1,5,4,6,7,3,1,CV-835,4.9,4,9,0,1,5,2,2,3,3,2,1,2,1,1,1,7,7,8,1,5,1,9,14,3,1,1,NaN,1,NaN,NaN,,21,24,NaN,,NaN,NaN,NaN,NaN,1,4,1,1,1,1,1,1,1,1,1,1,1,1,1,2,1,1,1,2,1,1,691281.738,4253079.659,335.721,Sec,4117,0,0,0,22,1
11376,4,2008030001142,1,5,9,6,5,1,3,CV-913,1.2,1,2,0,1,5,2,3,3,3,2,1,1,1,1,1,7,7,8,3,1,4,9,14,1,2,2,1,2,4,NaN,,NaN,,NaN,,NaN,NaN,NaN,NaN,1,4,2,1,1,1,1,2,2,1,1,1,1,1,1,1,1,1,1,2,1,1,688261.73,4222674.435,-13.976,Sec,7483,0,1,1,17,1
11382,4,2008030001143,1,5,11,3,7,3,2,CV-91,17,17,0,0,1,5,3,2,3,4,2,1,2,1,2,2,7,7,8,1,1,1,9,14,3,1,1,NaN,2,1,NaN,,NaN,,NaN,,NaN,NaN,NaN,NaN,1,4,1,1,1,1,1,1,2,1,1,1,1,1,1,1,1,1,1,2,1,1,697187.554,4219310.599,-20.278,Cob,9692,1,4,3,8,2
11383,4,2008030001146,1,5,4,6,7,3,1,CV-95,25,25,0,0,1,5,3,2,3,3,2,1,1,1,2,2,5,6,8,1,5,1,9,14,1,1,1,NaN,1,NaN,NaN,,NaN,,NaN,,NaN,NaN,NaN,71,1,4,1,1,1,1,1,1,1,2,1,1,1,1,1,1,1,1,1,2,2,3,699402.984,4204557.633,5.172,Cob,21165,0,0,0,21,6
11385,4,2008030001152,1,5,11,6,7,3,2,CV-949,2,2,0,0,1,5,3,2,3,3,2,1,1,2,2,2,7,7,8,1,1,1,9,14,1,1,1,NaN,2,3,NaN,,NaN,,NaN,,NaN,NaN,NaN,NaN,1,4,1,1,1,1,1,2,1,1,1,1,1,1,1,1,1,1,1,2,1,1,684153.407,4209372.866,75.853,Cob,793,0,1,0,18,5
11388,4,2008030001154,1,4,26,6,6,2,2,CV-925,14,14,0,0,1,5,3,2,3,2,2,1,1,1,1,1,1,1,3,1,1,1,9,14,1,1,1,NaN,2,2,NaN,,NaN,,NaN,,NaN,NaN,NaN,NaN,1,4,2,1,1,1,1,1,2,1,1,1,1,1,1,1,1,1,1,2,1,1,687674.458,4206772.261,92.585,Cob,1177,0,1,2,20,6
11389,4,2008030001158,1,5,12,1,1,1,1,CV-940,6.2,6,2,0,1,5,2,2,3,3,2,1,1,2,1,1,5,5,8,1,5,1,9,14,1,1,1,NaN,2,NaN,NaN,,NaN,,NaN,,68,NaN,60,NaN,1,4,2,1,2,1,1,1,1,1,1,1,1,1,1,1,1,1,1,2,1,1,696219.723,4211558.457,15.744,Cob,5675,0,0,0,23,6
11391,4,2008030001162,1,5,13,6,2,1,2,CV-900,2.3,2,3,0,1,5,2,2,3,3,2,1,1,1,1,1,7,7,8,1,1,1,9,14,3,1,1,NaN,2,4,NaN,,NaN,,NaN,,NaN,NaN,NaN,NaN,1,4,1,1,1,1,1,1,1,1,1,1,1,2,1,1,1,1,1,2,1,1,683020.186,4219991.99,-1.71,Cob,8167,0,0,2,20,1
11392,4,2008030001167,1,5,3,5,6,2,1,CV-81,55.6,55,6,0,1,5,3,2,3,3,2,1,1,1,2,1,7,7,5,1,1,1,9,14,3,1,1,NaN,1,NaN,NaN,,NaN,,NaN,,NaN,51,50,NaN,1,4,1,1,1,1,1,1,1,1,1,1,1,1,1,2,1,1,1,2,1,1,673952.589,4277131.788,527.956,Cob,5744,0,1,1,16,1
11393,4,2008030001173,1,5,5,2,1,1,1,CV-799,4.7,4,7,0,1,5,2,3,3,4,2,1,1,1,1,1,7,7,8,1,4,1,9,14,3,1,2,4,2,NaN,NaN,,21,24,NaN,,NaN,NaN,NaN,NaN,1,4,1,1,1,1,1,1,1,1,1,1,1,1,1,2,1,1,1,2,1,1,692008.654,4278319.208,569.619,Pri,4381,0,0,0,5,1
11396,4,2008030001177,1,5,10,6,6,2,2,CV-895,3.8,3,8,0,1,5,2,2,3,3,2,1,1,1,1,1,2,1,8,1,1,1,9,14,3,1,3,NaN,2,2,NaN,,NaN,,NaN,,NaN,NaN,NaN,NaN,1,4,1,1,1,1,1,1,2,1,1,1,1,1,1,1,1,1,1,2,1,1,702721.647,4215490.281,7.063,Cob,7055,0,0,0,18,6
11399,4,2008030001178,1,5,15,3,4,1,2,CV-81,50.2,50,2,1,1,5,3,2,3,3,2,1,1,1,1,1,2,6,8,1,1,1,9,14,3,1,1,NaN,2,4,NaN,,NaN,,NaN,,NaN,NaN,NaN,NaN,1,4,2,1,1,1,1,1,1,1,1,1,1,1,1,1,1,1,1,2,1,1,707490.946,4298082.003,399.049,Cob,5744,0,0,3,7,6
11401,4,2008030001179,1,5,8,4,4,1,2,CV-790,3.5,3,5,0,1,5,2,2,3,2,2,1,1,2,1,1,7,7,8,3,1,1,2,14,1,1,1,NaN,2,1,NaN,,NaN,,NaN,,NaN,NaN,NaN,NaN,1,4,1,1,1,1,1,2,1,1,1,1,1,1,1,1,1,1,1,2,1,1,724956.092,4289067.616,495.754,Cob,1803,0,0,0,12,5
11402,4,2008030001180,1,5,16,3,5,1,1,CV-911,2.8,2,8,1,1,5,2,2,3,3,2,1,1,1,2,2,7,7,8,1,1,1,9,14,1,1,1,NaN,2,NaN,NaN,,NaN,,12,9,NaN,NaN,NaN,NaN,1,4,1,1,1,1,1,2,1,1,1,1,1,1,1,1,1,1,1,2,1,1,687003.782,4220320.13,-9.963,Cob,9251,0,1,0,9,1
11406,4,2008030001184,1,5,3,6,6,2,2,CV-865,11.9,11,9,1,1,5,3,2,3,3,2,1,1,1,1,1,5,1,4,1,1,1,9,14,1,1,1,NaN,2,2,NaN,,NaN,,NaN,,NaN,NaN,NaN,NaN,1,4,1,1,1,1,1,1,2,1,1,1,1,1,1,1,1,1,1,2,1,1,703558.926,4237550.631,43.296,NaN,0,0,0,0,19,6
11408,4,2008030001188,1,5,13,3,2,1,2,CV-800,6.4,6,4,1,1,5,3,2,3,3,2,1,1,1,2,1,7,7,8,1,1,1,9,14,1,1,3,NaN,2,4,NaN,,NaN,,NaN,,NaN,NaN,NaN,NaN,1,4,1,1,1,1,1,1,2,1,1,1,1,1,1,1,1,1,1,2,1,2,718864.001,4275842.676,988.146,Sec,6005,0,0,0,8,2
11409,4,2008030001192,1,5,16,6,5,1,1,CV-920,13.5,13,5,0,1,5,2,3,3,3,2,1,1,2,1,1,2,1,3,1,1,1,2,14,1,1,1,NaN,2,NaN,NaN,,NaN,,NaN,,56,NaN,50,NaN,1,4,2,1,2,1,1,2,1,1,1,1,1,1,1,1,1,1,1,2,1,1,696988.643,4217240.708,-8.085,Cob,8153,0,0,1,17,7
11410,4,2008030001193,1,5,17,6,6,2,1,CV-905,4.9,4,9,1,1,5,2,2,3,3,2,2,2,1,1,1,5,1,4,1,1,1,9,14,1,1,3,NaN,2,NaN,NaN,,NaN,,NaN,,NaN,51,50,NaN,1,4,2,1,1,1,1,1,1,1,1,1,1,1,1,1,1,1,1,2,1,1,701405.323,4210977.515,-9.887,Cob,31158,0,0,1,17,6
11411,4,2008030001194,1,5,18,2,7,3,1,CV-935,4.6,4,6,0,1,5,2,2,3,3,2,1,2,2,1,1,7,7,8,1,5,1,9,14,1,1,3,NaN,2,NaN,NaN,,NaN,,NaN,,NaN,63,60,NaN,1,4,1,1,2,2,1,1,1,1,1,1,1,1,1,1,1,1,1,2,1,1,694107.552,4216541.8,48.148,Sec,2456,0,0,1,6,4
11412,4,2008030001201,1,5,13,3,2,1,1,CV-941,2.5,2,5,1,1,5,2,3,3,2,2,1,1,2,1,1,7,7,8,1,1,1,9,14,1,1,1,NaN,2,NaN,NaN,,NaN,,NaN,,66,NaN,60,NaN,1,4,1,1,1,1,1,2,1,1,1,1,1,1,1,1,1,1,1,2,1,1,693996.617,4204058.004,114.058,Sec,4444,0,1,1,7,2
11413,4,2008030001204,1,5,7,1,3,1,1,CV-91,10.9,10,9,0,1,5,3,2,3,3,2,1,2,1,2,2,7,7,8,1,5,1,9,14,3,1,1,NaN,1,NaN,NaN,,21,24,NaN,,NaN,NaN,NaN,NaN,1,4,1,1,1,1,1,1,1,1,1,1,1,1,1,2,1,1,1,2,1,1,691559.866,4218099.315,-9.971,Pri,13282,0,0,0,23,1
11414,4,2008030001207,1,5,19,4,1,4,1,CV-86,8,8,0,0,1,5,3,2,3,4,2,2,1,1,2,2,7,7,8,1,1,1,9,14,3,1,1,NaN,2,NaN,NaN,,NaN,,NaN,,56,NaN,50,NaN,1,4,2,1,1,1,1,1,1,1,1,1,1,1,1,1,1,1,1,2,1,2,704537.999,4240471.282,84.39,Sec,11489,0,1,0,14,1
11417,4,2008030001227,1,5,10,5,6,2,2,CV-81,54.2,54,2,0,1,5,3,2,3,3,2,1,2,1,2,2,7,7,8,3,1,5,9,14,3,1,1,NaN,2,4,NaN,,NaN,,NaN,,NaN,NaN,NaN,NaN,1,4,1,1,1,1,1,1,2,1,1,1,1,1,1,1,1,1,1,2,1,1,675196.041,4277456.884,512.517,Cob,5744,0,0,0,16,1
11419,4,2008030001238,1,5,18,3,7,3,2,CV-895,5,5,0,1,1,5,3,3,3,4,2,1,1,1,1,1,1,1,8,1,2,1,9,14,3,1,1,NaN,2,4,NaN,,NaN,,NaN,,NaN,NaN,NaN,NaN,1,4,2,1,1,1,1,1,1,1,1,1,1,1,1,1,1,1,1,2,1,1,701391.147,4214449.271,-8.067,Cob,7055,0,0,1,7,7
11421,4,2008030001239,1,5,23,6,5,1,2,CV-715,42.3,42,3,0,1,5,1,3,3,1,2,1,2,1,1,1,7,7,5,1,1,1,2,14,2,1,1,NaN,1,1,NaN,,NaN,,NaN,,NaN,NaN,NaN,NaN,1,4,2,1,1,1,1,1,1,1,1,1,1,1,1,1,1,1,1,2,2,1,750734.35,4282233.63,206.098,Cob,339,0,0,0,17,3
11423,4,2008030001241,1,5,22,4,4,1,2,CV-70,44.5,44,5,1,1,5,2,3,3,2,2,2,1,1,1,1,5,1,3,1,1,1,9,14,2,2,3,NaN,2,4,NaN,,NaN,,NaN,,NaN,NaN,NaN,NaN,1,4,2,1,1,1,1,1,1,1,1,1,1,1,1,1,1,1,1,2,2,1,725316.239,4286897.11,595.008,Per,25542,0,0,1,14,6
11425,4,2008030001246,1,5,24,6,6,2,2,CV-700,57.7,57,7,0,1,5,3,2,3,3,2,1,1,1,2,2,7,7,8,1,1,1,9,14,2,1,1,NaN,1,4,NaN,,NaN,,NaN,,NaN,NaN,NaN,NaN,1,4,2,1,1,1,1,1,1,1,1,1,1,1,1,1,1,1,1,2,1,1,750488.761,4303506.498,40.454,Cob,6702,0,0,3,17,1
11426,4,2008030001247,1,5,25,3,7,3,1,CV-70,47.7,47,7,1,1,5,2,2,3,3,2,2,2,1,1,1,7,7,8,3,1,4,9,14,1,2,1,NaN,2,NaN,NaN,,NaN,,NaN,,NaN,62,60,NaN,1,4,1,1,1,1,1,1,2,2,1,1,1,1,1,1,1,1,1,1,1,1,723108.108,4286381.86,741.514,Per,25542,0,0,1,10,1
11428,4,2008030001250,1,5,26,4,1,1,2,CV-870,2.7,2,7,1,1,5,3,2,3,4,2,1,2,1,1,1,7,7,8,1,1,1,2,8,1,1,3,NaN,2,4,NaN,,NaN,,NaN,,NaN,NaN,NaN,NaN,1,4,2,1,1,1,1,1,1,1,1,1,1,1,1,1,1,1,1,2,1,1,677948.569,4227964.684,81.843,Cob,0,0,0,1,13,1
11429,4,2008030001254,1,5,26,5,1,4,1,CV-845,2.6,2,6,1,1,5,2,3,3,3,2,1,1,1,1,1,7,7,8,1,1,1,9,14,2,1,1,NaN,1,NaN,NaN,,NaN,,NaN,,66,NaN,60,NaN,1,4,2,1,1,1,1,1,1,1,1,1,1,1,1,1,1,1,1,2,1,1,680117.249,4238147.31,398.513,Sec,5894,0,1,0,15,1
11430,4,2008030001262,1,5,22,3,4,1,1,CV-835,6.5,6,5,1,1,5,3,3,3,3,2,1,2,1,1,1,7,7,8,8,2,1,8,14,1,1,3,NaN,2,NaN,NaN,,NaN,,NaN,,NaN,64,60,NaN,1,4,1,1,1,1,1,1,1,2,1,1,1,1,2,1,1,2,1,2,1,1,691133.565,4259680.965,339.921,Sec,4117,0,0,0,7,5
11431,4,2008030001265,1,5,22,3,4,1,1,CV-951,1.5,1,5,0,1,5,2,3,3,1,2,1,1,1,1,1,7,7,8,1,1,1,9,14,1,1,1,NaN,2,NaN,NaN,,NaN,,NaN,,56,NaN,50,NaN,1,4,2,1,1,1,1,1,1,1,1,1,1,1,1,1,1,1,1,2,1,1,691219.849,4207931.093,95.034,Cob,1816,0,0,0,9,2
11432,4,2008030001277,1,5,28,4,3,1,1,CV-911,1.6,1,6,1,1,5,2,3,3,3,2,1,1,1,2,2,7,7,8,1,1,1,9,14,3,1,3,NaN,2,NaN,NaN,,NaN,,NaN,,66,NaN,60,NaN,1,4,2,1,1,1,1,1,1,1,1,1,1,1,1,1,1,1,1,2,1,1,687818.984,4219464.697,-11.324,Cob,9251,0,0,0,12,1
11433,4,2008030001297,1,5,29,5,4,1,1,CV-700,65.7,65,7,1,1,5,3,2,3,3,2,1,2,1,1,1,7,7,5,1,1,1,9,14,3,1,1,NaN,2,NaN,NaN,,NaN,,NaN,,NaN,64,60,NaN,1,4,1,1,1,1,2,1,1,1,1,1,1,1,1,1,1,1,1,2,2,2,711349.954,4294863.747,543.257,Cob,6702,0,0,1,15,1
11434,4,2008030001322,1,5,28,6,3,1,1,CV-806,4.7,4,7,1,1,5,2,2,3,3,2,1,2,1,1,1,7,7,8,1,1,1,9,14,3,1,1,NaN,2,NaN,NaN,,NaN,,NaN,,67,NaN,60,NaN,1,4,2,1,1,1,1,2,1,1,1,1,1,1,1,1,1,1,1,2,1,1,706536.773,4276176.071,648.213,Cob,4299,0,0,0,21,2
11435,4,2008030001325,1,5,24,2,6,2,1,CV-805,11.8,11,8,0,1,5,3,2,3,4,2,1,1,2,1,1,7,7,8,1,1,1,9,14,3,1,1,NaN,2,NaN,NaN,,NaN,,NaN,,56,NaN,50,NaN,1,4,2,1,1,1,1,2,1,1,1,1,1,1,1,1,1,1,1,2,1,2,708153.456,4267585.107,561.429,Cob,1766,0,0,0,6,2
11436,4,2008030001328,1,5,30,3,5,1,1,CV-835,7,7,0,0,1,5,2,2,3,4,2,1,1,1,1,1,7,7,8,3,1,4,9,14,3,1,1,NaN,1,NaN,NaN,,NaN,,NaN,,56,NaN,50,NaN,1,4,2,1,1,1,1,2,1,1,1,1,1,1,2,1,1,1,1,2,1,1,689997.15,4254772.943,336.854,Sec,4117,0,0,0,7,2
11438,4,2008030001331,1,5,25,6,7,3,2,CV-895,5.8,5,8,0,1,5,3,2,3,3,2,1,1,1,1,1,7,7,8,1,4,1,9,14,1,1,3,NaN,2,3,NaN,,NaN,,NaN,,NaN,NaN,NaN,NaN,1,4,1,1,1,1,1,1,2,1,1,1,1,1,1,1,1,1,1,2,1,1,704689.669,4215512.723,3.807,Cob,7055,0,0,2,21,1
11443,4,2008030001334,1,5,31,4,6,2,2,CV-941,10.6,10,6,0,1,5,2,2,3,3,2,1,1,1,1,1,1,1,3,3,1,4,9,14,1,1,1,NaN,2,1,NaN,,NaN,,NaN,,NaN,NaN,NaN,NaN,1,4,1,1,1,1,1,2,1,1,1,1,1,1,2,1,1,1,1,2,1,1,694084.958,4204743.967,94.001,Sec,4444,0,0,4,13,6
11445,4,2008030001336,1,5,24,4,6,2,2,CV-905,0.3,0,3,0,1,5,2,2,3,4,2,2,1,1,1,1,7,7,8,1,1,1,9,14,3,1,1,NaN,2,4,NaN,,NaN,,NaN,,NaN,NaN,NaN,NaN,1,4,2,1,1,1,1,1,1,1,1,1,1,1,1,1,1,1,1,2,1,1,698292.049,4215214.093,-3.809,Pri,25974,0,0,0,11,1
11447,4,2008030001341,1,5,30,6,5,1,2,CV-70,46.2,46,2,0,1,5,2,3,3,2,2,2,1,1,1,1,5,1,4,1,1,1,9,14,3,1,3,NaN,2,2,NaN,,NaN,,NaN,,NaN,NaN,NaN,NaN,1,4,1,1,1,1,1,1,2,1,1,1,1,1,1,1,1,1,1,2,1,2,750351.933,4274853.838,166.189,Per,25542,0,0,0,19,7
11449,4,2008030001343,1,5,27,5,2,1,2,CV-920,16.5,16,5,0,1,5,3,1,3,3,2,1,1,1,1,1,4,1,4,1,1,1,9,14,1,1,1,NaN,2,2,NaN,,NaN,,NaN,,NaN,NaN,NaN,NaN,1,4,1,1,1,1,1,1,2,1,1,1,1,1,1,1,1,1,1,2,1,1,699051.533,4218277.533,-10.88,Cob,8153,0,0,0,15,6
11450,4,2008030001347,1,5,30,6,5,1,1,CV-925,27.5,27,5,0,1,5,2,3,3,1,2,1,1,2,1,1,7,7,8,1,2,1,9,14,1,1,1,NaN,2,NaN,NaN,,NaN,,NaN,,56,NaN,50,NaN,1,4,1,1,2,1,1,2,1,1,1,1,1,1,1,1,1,1,1,2,1,1,689670.014,4196781.323,109.264,Sec,5348,0,0,1,20,4
11451,4,2008030001356,1,5,29,1,4,1,1,CV-820,17.6,17,6,1,1,5,2,2,3,3,2,1,2,2,2,1,7,7,8,1,5,1,9,14,1,1,1,NaN,2,NaN,NaN,,NaN,,NaN,,NaN,63,60,NaN,1,4,2,1,2,1,1,1,1,1,1,1,1,1,1,1,1,1,1,2,1,1,711127.398,4254977.106,150.098,Pri,2934,0,0,0,0,4
11453,4,2008030001374,1,5,31,6,6,2,2,CV-91,4,4,0,0,1,5,3,2,3,3,2,1,1,1,2,2,1,1,8,3,1,4,9,14,3,1,3,NaN,2,NaN,NaN,,NaN,,NaN,,67,NaN,60,NaN,1,4,1,1,1,1,1,1,1,1,1,1,1,1,1,1,1,1,2,2,1,1,684984.262,4218167.623,-12.066,Sec,13575,0,0,0,18,7
11458,4,2008030001389,1,6,2,4,1,4,2,CV-95,21.8,21,8,1,1,5,3,2,3,3,2,1,1,1,1,1,7,7,8,1,1,1,9,14,1,1,1,NaN,2,1,NaN,,NaN,,NaN,,NaN,NaN,NaN,NaN,1,4,1,1,1,1,1,1,2,1,1,1,1,1,1,1,1,1,1,2,1,2,685428.601,4215218.872,-0.885,Cob,7851,0,2,4,14,1
11459,4,2008030001416,1,5,31,6,6,2,1,CV-905,4,4,0,1,1,5,3,2,3,1,2,2,1,2,1,1,5,1,4,3,1,4,9,14,1,1,1,NaN,2,NaN,NaN,,NaN,,NaN,,NaN,63,60,NaN,1,4,1,1,1,1,1,2,1,1,1,1,1,1,2,1,1,1,1,2,1,1,702046.833,4210382.556,-15.776,Cob,27982,0,0,0,17,6
11463,4,2008030001418,1,5,9,5,5,1,2,CV-905,1.3,1,3,0,1,6,1,3,3,1,2,1,1,1,1,1,7,7,8,1,1,1,9,14,2,1,1,NaN,1,NaN,NaN,,NaN,,NaN,,NaN,64,60,NaN,1,4,1,1,1,1,1,1,2,1,1,1,1,1,1,1,1,1,1,2,1,1,699158.469,4215364.25,18.122,Pri,25974,0,0,0,15,2
11466,4,2008030001424,1,6,1,6,7,3,2,CV-855,16.3,16,3,0,1,5,2,3,3,1,2,1,1,1,1,1,1,1,8,3,1,5,4,14,3,1,3,NaN,2,4,NaN,,NaN,,NaN,,NaN,NaN,NaN,NaN,1,4,2,1,1,1,1,1,1,1,1,1,1,1,1,1,1,1,1,2,1,1,696355.008,4223761.06,-18.352,Cob,3921,0,0,2,19,7
11468,4,2008030001429,1,5,31,4,6,2,2,CV-905,5,5,0,1,1,5,3,2,3,3,2,2,2,2,2,2,5,6,7,3,1,4,4,14,3,1,3,NaN,2,3,NaN,,NaN,,NaN,,NaN,NaN,NaN,NaN,1,4,1,1,1,1,1,1,2,1,1,1,1,1,1,1,1,1,1,2,1,1,701342.458,4211044.175,-9.224,Cob,31158,0,0,0,14,7
11472,4,2008030001436,1,5,29,6,4,1,2,CV-905,1,1,0,0,1,5,2,2,3,3,2,2,1,2,1,1,5,6,4,1,5,1,9,14,3,1,1,NaN,2,4,NaN,,NaN,,NaN,,NaN,NaN,NaN,NaN,1,4,2,1,1,1,1,1,1,1,1,1,1,1,1,1,1,1,1,2,1,1,698911.672,4215474.309,11.782,Pri,25974,0,0,0,22,7
11473,4,2008030001440,1,6,4,6,3,1,1,CV-821,7.6,7,6,0,1,5,3,2,3,3,2,1,1,1,1,1,7,7,8,1,3,1,9,14,3,2,1,NaN,2,NaN,NaN,,NaN,,NaN,,NaN,52,50,NaN,1,4,2,1,1,1,1,1,1,1,1,1,1,1,1,1,1,1,1,2,2,2,722468.528,4253366.305,22.98,Cob,10986,0,1,0,22,2
11479,4,2008030001451,1,6,1,6,7,3,4,CV-865,0.2,0,2,0,1,5,2,2,3,2,2,1,2,1,1,1,7,7,8,3,1,1,9,14,1,1,1,NaN,1,5,NaN,,NaN,,NaN,,NaN,NaN,NaN,NaN,1,4,2,2,1,1,1,2,2,1,1,2,1,1,1,1,1,1,1,2,1,1,703323.441,4237637.981,50.106,Cob,14206,0,0,7,18,1
11483,4,2008030001454,1,6,6,2,5,1,2,CV-913,0.8,0,8,0,1,5,2,3,3,3,2,1,1,1,1,1,1,1,8,1,5,1,9,14,1,1,1,NaN,2,2,NaN,,NaN,,NaN,,NaN,NaN,NaN,NaN,1,4,2,1,1,1,1,1,2,1,1,1,1,1,1,1,1,1,1,2,1,1,687892.126,4222524.852,-12.328,Sec,7483,0,0,2,6,7
11488,4,2008030001470,1,6,8,3,7,3,5,CV-900,6,6,0,0,1,5,3,2,3,3,2,1,1,1,1,2,5,6,8,3,1,1,9,14,1,1,1,NaN,2,NaN,NaN,,NaN,,12,9,NaN,NaN,NaN,NaN,1,4,1,1,1,1,1,1,1,2,1,1,1,1,1,1,1,1,1,2,1,3,686241.512,4220987.654,-5.561,Cob,5356,0,0,0,10,6
11489,4,2008030001472,1,6,6,4,5,1,1,CV-84,3.5,3,5,0,1,5,3,2,3,4,2,2,1,2,2,2,7,7,8,1,1,1,9,14,3,1,1,NaN,1,NaN,NaN,,NaN,,NaN,,NaN,54,50,NaN,1,4,2,1,1,1,1,1,1,1,1,1,1,1,1,1,1,1,1,2,1,2,696764.293,4242949.287,194.168,Sec,22192,0,0,0,14,2
11491,4,2008030001481,1,6,9,3,1,4,2,CV-83,25.5,25,5,0,1,5,3,2,2,3,2,1,2,2,2,1,2,1,3,3,1,4,9,14,1,1,3,NaN,2,2,NaN,,NaN,,NaN,,NaN,NaN,NaN,NaN,1,4,2,1,1,1,1,1,2,2,1,1,1,1,1,1,1,1,1,2,1,1,671034.809,4253354.473,562.258,Cob,2536,0,1,1,7,6
11492,4,2008030001482,1,6,7,3,6,2,1,CV-775,8.4,8,4,0,1,5,2,3,3,1,2,1,1,1,1,1,7,7,8,7,1,1,9,14,3,1,1,NaN,1,NaN,NaN,,NaN,,12,9,NaN,NaN,NaN,NaN,1,4,2,2,1,1,1,1,1,1,1,1,1,1,1,1,1,1,1,2,1,1,729394.309,4264481.203,307.365,Cob,202,0,1,0,10,4
11493,4,2008030001494,1,6,6,3,5,1,1,CV-905,5,5,0,0,1,5,2,2,3,3,2,2,2,2,2,2,7,7,8,1,1,1,9,14,3,1,1,NaN,1,NaN,NaN,,NaN,,NaN,,NaN,63,60,NaN,1,4,2,1,1,1,1,1,1,1,1,1,1,1,1,1,1,1,1,2,1,1,700603.148,4212062.826,-15.523,Cob,31158,0,0,0,7,1
11494,4,2008030001495,1,6,7,1,6,2,1,CV-920,12,12,0,0,1,5,3,2,3,1,2,1,1,2,1,1,7,7,8,1,5,1,9,14,3,1,1,NaN,1,NaN,NaN,,NaN,,NaN,,56,NaN,50,NaN,1,4,2,1,2,1,1,1,1,1,1,1,1,1,1,1,1,1,1,2,1,1,695708.554,4217537.321,-7.474,Cob,3312,0,0,0,1,2
11495,4,2008030001496,1,6,11,5,3,1,1,CV-821,7,7,0,1,1,5,2,2,3,3,2,2,1,1,1,1,5,5,4,3,1,4,9,14,1,1,3,NaN,2,NaN,NaN,,NaN,,NaN,,NaN,63,60,NaN,1,4,2,1,1,1,1,2,1,2,1,1,1,1,1,1,1,1,1,2,1,1,718577.65,4252324.625,64.277,Cob,10986,0,0,0,15,6