Id,Ano,Numero_Accidente,Provincia,Mes,Dia,Hora,Dia_Semana,Tipo_Dia,Vehiculos_Implicados,Carretera,Pk,Km,Hm,Sentido,Zona,Tipo_Via,Anchura_Calzada,Anchura_Carril,Marcas_Viales,Arcen,Arcen_Pavimentado,Mediana,Barrera_Seguridad,Paneles_Direccionales,Hitos_Arista,Captafaros,Interseccion_Tipo,Interseccion_Acondicionamiento,Prioridad_Regulada_por,Superficie,Luminosidad,Factores_Atmosfericos,Visibilidad_Restringida_por,Otras_Circunstancias,Senalizacion_Peligro,Aceras,Arboles,Arboles_Metros_Calzada,Visibilidad_Senalizacion_Vertical,Colision_Vehiculos_Marcha,Colision_Vehiculo_Obstaculo_1,Colision_Vehiculo_Obstaculo_2,Atropello_1,Atropello_2,Vuelco_1,Vuelco_2,Salida_Sin_Colision,Salida_Con_Colision,Lado_Salida,Otro,Circulacion,Circulacion_Medidas_Especiales,Distraccion,Inexperiencia_Conductor,Alcohol_Drogas,Cansancio_Sueno,Enfermedad,Velocidad_Inadecuada,Infraccion_Norma_Circulacion,Estado_Condicion_Via,Estado_Condicion_Senalizacion,Tramo_Obras,Mal_Estado_Vehiculo,Averia_Mecanica,Meteorologia_Adversa,Irrupcion_Animal,Circular_Sentido_Contrario,Otro_Factor,Sin_Opinion_Definida,Pendiente,Curvatura,Peralte,GPS_x,GPS_y,GPS_z,Tipo_Est,IMD,N_Muertos,N_Graves,N_Leves,Hora_Real,Fuera_o_Interseccion
11497,4,2008030001499,1,6,8,3,7,3,1,CV-920,3,3,0,0,1,5,2,3,3,1,2,1,1,1,1,1,7,7,8,1,1,1,9,14,2,1,1,NaN,1,NaN,NaN,,NaN,,NaN,,NaN,61,60,NaN,1,4,2,1,1,1,1,2,1,1,1,1,1,1,1,1,1,1,1,2,1,1,688253.672,4215380.363,0.311,Pri,6709,0,0,0,7,2
11499,4,2008030001500,1,6,12,4,4,1,2,CV-821,8.5,8,5,0,1,5,3,2,3,3,2,1,1,1,2,2,5,1,4,1,1,1,9,14,3,2,3,NaN,2,2,NaN,,NaN,,NaN,,NaN,NaN,NaN,NaN,1,4,1,1,1,1,1,1,2,1,1,1,1,1,1,1,1,1,1,2,1,1,723095.203,4252784.061,10.129,Cob,10986,0,0,1,14,6
11502,4,2008030001501,1,6,12,4,4,1,3,CV-70,48.7,48,7,1,1,5,2,3,3,2,2,2,1,1,1,1,7,7,6,1,1,1,9,14,1,1,1,NaN,2,5,NaN,,NaN,,NaN,,NaN,NaN,NaN,NaN,1,4,2,1,1,1,1,1,2,1,1,1,1,1,1,1,1,1,1,2,1,2,722430.161,4285924.236,753.094,Per,25542,0,0,1,14,1
11504,4,2008030001503,1,6,6,5,5,1,2,CV-715,20.1,20,1,0,1,5,2,2,3,2,1,1,1,1,1,1,1,1,5,1,1,1,9,14,1,1,1,NaN,2,2,NaN,,NaN,,NaN,,NaN,NaN,NaN,NaN,1,4,1,1,1,1,1,1,2,1,1,1,1,1,1,1,1,1,1,2,1,1,754359.201,4291406.67,423.233,Cob,2659,0,1,0,16,7
11506,4,2008030001505,1,6,12,5,4,1,1,CV-700,54,54,0,1,1,5,1,3,3,1,2,1,1,1,1,1,7,7,8,1,1,1,9,14,3,1,1,NaN,2,NaN,NaN,,NaN,,NaN,,NaN,62,60,NaN,1,4,2,1,1,1,1,1,1,1,1,1,1,1,1,1,1,1,1,2,1,1,720679.362,4296442.966,439.031,Pri,3041,0,0,0,16,1
11508,4,2008030001513,1,6,15,4,7,3,2,CV-865,6.8,6,8,0,1,5,3,2,3,3,2,1,1,1,2,1,7,7,8,1,1,1,9,14,3,1,3,NaN,2,4,NaN,,NaN,,NaN,,NaN,NaN,NaN,NaN,1,4,2,1,1,1,1,1,2,1,1,1,1,1,1,1,1,1,1,2,1,1,708827.996,4234153.633,-3.283,Cob,14206,0,0,3,11,1
11509,4,2008030001516,1,6,13,4,5,1,1,CV-895,2.9,2,9,0,1,5,3,2,3,3,2,1,2,2,2,1,1,4,5,1,1,1,9,14,1,1,3,NaN,2,NaN,NaN,,NaN,,NaN,,NaN,63,60,NaN,1,4,1,1,1,1,1,1,1,1,1,1,1,1,1,1,1,2,1,2,1,1,701946.319,4215112.091,4.35,Cob,7055,0,0,1,14,6
11510,4,2008030001521,1,6,9,4,1,1,1,CV-710,0,0,0,0,1,5,3,2,3,1,2,1,1,1,1,1,7,7,8,1,1,1,9,14,3,1,1,NaN,1,NaN,NaN,,NaN,,NaN,,55,NaN,50,NaN,1,4,2,1,1,1,1,1,1,1,1,1,1,1,1,1,1,1,1,2,1,1,727922.671,4286937.226,515.893,Cob,844,0,0,0,12,2
11514,4,2008030001530,1,6,17,1,2,1,4,CV-715,5,5,0,0,1,5,2,2,3,3,2,1,1,1,1,1,7,7,5,1,5,1,9,14,2,1,1,NaN,4,NaN,30,32,NaN,,NaN,,NaN,NaN,NaN,NaN,1,4,1,1,1,1,1,1,1,1,1,1,1,1,1,1,1,2,1,2,1,1,752007.815,4307160.896,-18.476,Cob,5454,0,0,0,23,1
11515,4,2008030001535,1,6,13,6,5,1,1,CV-913,2.5,2,5,1,1,5,3,2,3,3,2,1,1,1,1,1,7,7,8,1,2,1,9,14,3,1,1,NaN,2,NaN,NaN,,NaN,,NaN,,NaN,54,50,NaN,1,4,1,1,1,1,1,1,1,1,1,1,1,1,1,2,1,1,1,2,1,2,690792.391,4224959.327,-18.005,Sec,7483,0,0,0,21,1
11516,4,2008030001537,1,6,17,1,2,1,1,CV-91,20.8,20,8,1,1,5,3,2,3,3,2,1,2,1,2,1,7,7,8,1,5,1,9,14,2,1,3,NaN,1,NaN,NaN,,NaN,,NaN,,NaN,63,60,NaN,1,4,2,1,1,1,1,1,1,1,1,1,1,1,1,1,1,1,1,2,1,1,685353.297,4218201.81,-17.935,Cob,8585,0,1,0,0,1
11517,4,2008030001539,1,6,19,4,4,1,1,CV-70,24.5,24,5,0,1,5,2,2,3,2,1,1,1,2,1,1,7,7,8,1,1,1,2,14,1,1,1,NaN,2,NaN,NaN,,NaN,,NaN,,66,NaN,60,NaN,1,4,2,1,2,1,1,1,1,1,1,1,1,1,1,1,1,1,1,2,2,3,738743.698,4285659.55,683.663,Sec,695,0,0,1,13,5
11519,4,2008030001542,1,6,19,4,4,1,2,CV-865,2.1,2,1,1,1,5,3,2,3,3,2,1,1,1,2,1,2,2,3,1,1,1,9,14,1,1,1,NaN,2,2,NaN,,NaN,,NaN,,NaN,NaN,NaN,NaN,1,4,2,1,1,1,1,1,2,1,1,1,1,1,1,1,1,1,1,2,1,1,711439.058,4231970.134,-15.27,Cob,14206,0,0,2,13,6
11520,4,2008030001545,1,6,20,1,5,1,1,CV-70,44.8,44,8,1,1,5,3,2,3,2,2,2,1,1,1,1,5,3,3,1,4,1,9,14,1,2,3,NaN,2,NaN,NaN,,NaN,,NaN,,NaN,61,60,NaN,1,4,2,1,2,1,1,1,1,1,1,1,1,1,1,1,1,1,1,2,2,2,725065.787,4286666.073,619.152,Per,25542,0,0,1,3,7
11522,4,2008030001546,1,6,15,1,7,3,2,CV-911,1.5,1,5,1,1,5,3,2,3,3,2,1,1,1,1,1,7,7,8,1,5,1,9,14,3,1,1,NaN,2,NaN,30,32,NaN,,NaN,,NaN,NaN,NaN,NaN,1,4,1,1,1,1,1,1,1,1,1,1,1,1,1,1,1,2,1,2,1,1,687892.093,4219396.866,-10.877,Cob,9251,0,0,0,2,1
11524,4,2008030001547,1,6,19,1,4,1,2,CV-855,9.8,9,8,0,1,5,2,2,3,3,2,1,1,1,1,1,2,1,8,1,5,1,9,14,3,1,1,NaN,2,4,NaN,,NaN,,NaN,,NaN,NaN,NaN,NaN,1,4,1,1,1,1,1,1,1,1,1,1,1,1,1,1,1,1,2,2,1,1,701362.421,4227030.377,-20.994,Cob,8570,0,0,0,0,6
11525,4,2008030001553,1,6,20,6,5,1,1,CV-70,23.8,23,8,0,1,5,1,3,3,2,1,1,2,2,1,1,7,7,8,1,5,1,2,14,1,1,1,NaN,2,NaN,NaN,,NaN,,NaN,,NaN,64,60,NaN,1,4,2,1,2,1,1,1,1,1,1,1,1,1,1,1,1,1,1,2,1,1,738322.998,4285402.414,705.093,Sec,695,0,0,0,21,3
11526,4,2008030001555,1,6,21,1,6,2,1,CV-720,43.1,43,1,0,1,5,3,3,3,3,2,1,1,1,1,1,7,7,5,1,5,1,9,14,2,1,3,NaN,1,NaN,NaN,,NaN,,NaN,,NaN,62,60,NaN,1,4,1,1,1,1,1,1,1,1,1,1,1,1,1,2,1,1,1,2,1,1,757892.414,4294469.15,221.001,Cob,2205,0,0,0,1,3
11527,4,2008030001557,1,6,9,5,1,1,1,CV-925,19.8,19,8,0,1,5,2,3,3,1,2,1,1,1,1,1,7,7,8,1,1,1,9,14,1,1,1,NaN,1,NaN,NaN,,NaN,,NaN,,57,NaN,50,NaN,1,4,2,1,1,1,1,1,1,1,1,1,1,1,1,1,1,1,1,2,1,1,686599.623,4202141.252,183.577,Cob,1177,0,0,0,15,5
11531,4,2008030001558,1,6,20,4,5,1,2,CV-91,14.8,14,8,1,1,5,3,2,3,3,2,1,1,2,1,1,5,1,4,1,1,1,9,14,1,1,1,NaN,2,2,NaN,,NaN,,NaN,,NaN,NaN,NaN,NaN,1,4,1,1,1,1,1,2,2,1,1,1,1,1,1,1,1,1,1,2,1,1,691306.273,4218003.897,-18.561,Pri,13282,0,0,0,14,6
11532,4,2008030001560,1,6,21,4,6,2,1,CV-950,1.9,1,9,1,1,5,2,2,3,1,2,1,1,2,1,1,7,7,8,1,1,1,9,14,1,1,1,NaN,2,NaN,NaN,,NaN,,NaN,,NaN,54,50,NaN,1,4,1,1,1,1,1,2,1,1,1,1,1,1,1,1,1,1,1,2,1,2,686018.91,4211396.94,104.34,Cob,442,0,1,0,13,2
11533,4,2008030001574,1,6,17,4,2,1,1,CV-84,4.2,4,2,1,1,5,3,2,3,3,2,2,1,1,2,1,7,7,8,1,1,1,9,14,1,1,1,NaN,1,NaN,NaN,,NaN,,NaN,,66,NaN,60,NaN,1,4,2,2,1,1,1,2,2,1,1,1,1,1,1,1,1,1,1,2,1,1,696700.63,4243187.779,204.537,Sec,22192,0,0,1,14,5
11535,4,2008030001577,1,6,19,5,4,1,2,CV-800,3.9,3,9,0,1,5,3,2,3,3,2,1,1,1,1,1,7,7,8,1,1,1,9,14,1,1,1,NaN,2,4,NaN,,NaN,,NaN,,NaN,NaN,NaN,NaN,1,4,2,1,1,1,1,1,1,1,1,1,1,1,1,1,1,1,1,2,1,1,722838.384,4257204.124,68.139,Sec,6005,0,0,1,15,1
11539,4,2008030001579,1,6,24,6,2,1,4,CV-865,1.5,1,5,1,1,5,2,2,3,4,2,1,1,1,1,1,7,7,8,1,1,1,9,14,3,1,3,NaN,2,5,NaN,,NaN,,NaN,,NaN,NaN,NaN,NaN,1,4,2,1,1,1,1,1,2,1,1,1,1,1,1,1,1,1,1,2,1,1,711926.317,4231628.724,-15.275,Cob,14206,0,0,3,19,1
11543,4,2008030001582,1,6,18,4,3,1,2,CV-820,19.3,19,3,1,1,5,2,3,3,3,2,1,1,1,1,1,1,1,8,1,1,1,9,14,2,1,3,NaN,2,3,NaN,,NaN,,NaN,,NaN,NaN,NaN,NaN,1,4,2,1,1,1,1,1,2,1,1,1,1,1,1,1,1,1,1,2,1,1,712720.173,4254427.731,125.361,Pri,2934,0,0,0,14,7
11549,4,2008030001586,1,6,7,1,6,2,2,CV-905,0,0,0,0,1,5,3,1,3,3,2,1,2,1,1,2,3,2,4,1,5,1,9,14,1,1,1,NaN,2,3,NaN,,NaN,,NaN,,NaN,NaN,NaN,NaN,1,4,2,1,1,1,1,1,2,1,1,1,1,1,1,1,1,1,1,2,2,3,698062.729,4215016.961,1.517,Pri,25974,0,0,0,23,6
11550,4,2008030001589,1,6,26,4,4,1,1,CV-95,26,26,0,1,1,5,3,2,3,3,2,1,2,2,1,1,7,7,8,1,1,1,9,14,3,1,3,NaN,1,NaN,NaN,,NaN,,NaN,,NaN,64,60,NaN,1,4,2,1,1,1,1,1,1,1,1,1,1,1,1,1,1,1,1,2,1,1,681796.187,4216500.521,-2.209,Cob,21165,0,1,0,13,1
11551,4,2008030001591,1,6,20,3,5,1,1,CV-905,7.5,7,5,1,1,5,2,3,3,3,2,2,1,1,1,1,7,7,8,1,1,1,9,14,3,1,1,NaN,2,NaN,NaN,,NaN,,NaN,,NaN,64,60,NaN,1,4,2,1,1,1,1,1,1,1,1,1,1,1,1,1,1,1,1,2,1,1,700175.686,4213174.274,-12.635,Cob,31158,0,0,0,10,1
11553,4,2008030001596,1,6,27,3,5,1,2,CV-734,5.2,5,2,0,1,5,3,2,3,3,2,1,1,1,1,1,7,7,5,1,1,1,9,14,2,1,1,NaN,1,1,NaN,,NaN,,NaN,,NaN,NaN,NaN,NaN,1,4,2,1,1,1,1,1,1,1,1,1,1,1,1,1,1,1,1,2,1,1,771891.901,4296696.212,20.536,Sec,13367,0,0,2,8,1
11555,4,2008030001599,1,6,23,2,1,1,1,CV-930,0.1,0,1,0,1,5,3,2,3,3,2,1,2,2,1,1,7,7,8,9,1,1,9,14,1,1,1,NaN,2,NaN,NaN,,NaN,,NaN,,NaN,53,50,NaN,1,4,1,1,1,1,1,1,1,1,1,1,1,1,1,1,1,2,1,2,1,1,681405.927,4219802.786,0.692,Cob,14316,0,0,0,6,5
11556,4,2008030001601,1,6,26,1,4,1,1,CV-845,4.5,4,5,1,1,5,2,2,3,3,2,1,1,2,1,2,7,7,8,1,5,1,2,14,1,1,3,NaN,2,NaN,NaN,,NaN,,NaN,,NaN,63,60,NaN,1,4,1,1,1,1,1,2,1,1,1,1,1,1,1,1,1,1,1,2,1,1,681859.107,4238708.084,395.867,Sec,5894,0,1,0,0,5
11557,4,2008030001603,1,6,27,4,5,1,1,CV-720,30,30,0,0,1,5,2,3,3,2,2,1,1,1,1,1,7,7,5,1,1,1,9,14,3,1,1,NaN,1,NaN,NaN,,NaN,,NaN,,66,NaN,60,NaN,1,4,2,1,1,1,1,1,1,1,1,1,1,1,1,1,1,1,1,2,1,1,746844.656,4293279.876,368.256,Cob,349,0,0,1,11,1
11558,4,2008030001607,1,6,28,6,6,2,1,CV-836,2.9,2,9,0,1,5,2,2,3,3,2,1,2,2,1,1,7,7,8,1,1,1,9,14,3,1,1,NaN,2,NaN,NaN,,NaN,,NaN,,56,NaN,50,NaN,1,4,2,1,1,1,1,1,1,1,1,1,1,1,1,1,1,1,1,2,1,1,670640.307,4256024.177,585.275,Cob,2844,0,1,0,17,1
11559,4,2008030001615,1,6,28,6,6,2,1,CV-91,13.4,13,4,0,1,5,3,2,4,3,2,1,1,1,2,1,7,7,5,1,1,1,9,14,3,1,1,NaN,1,NaN,NaN,,NaN,,NaN,,66,NaN,60,NaN,1,4,2,1,2,1,1,2,1,1,1,1,1,1,1,1,1,1,1,2,1,1,693863.124,4218816.991,-14.578,Pri,13282,0,0,1,20,1
11561,4,2008030001618,1,7,1,4,2,1,2,CV-70,45,45,0,1,1,5,2,3,3,2,2,2,1,1,1,1,7,7,8,1,1,1,9,14,3,2,3,NaN,2,4,NaN,,NaN,,NaN,,NaN,NaN,NaN,NaN,1,4,2,1,1,1,1,1,1,1,1,1,1,1,1,1,1,1,1,2,1,1,724976.924,4286705.277,627.155,Per,25542,0,0,1,13,1
11563,4,2008030001619,1,7,1,4,2,1,2,CV-900,1.9,1,9,0,1,5,3,3,3,3,2,1,1,1,1,1,1,1,8,1,1,1,9,14,2,1,1,NaN,2,2,NaN,,NaN,,NaN,,NaN,NaN,NaN,NaN,1,4,1,1,1,1,1,1,2,1,1,1,1,1,1,1,1,1,1,2,1,1,682685.769,4219784.543,-1.68,Cob,8167,0,0,0,14,7
11564,4,2008030001621,1,7,1,6,2,1,1,CV-720,44.3,44,3,1,1,5,2,2,3,1,2,1,2,2,2,2,7,7,8,1,5,1,9,14,1,1,1,NaN,2,NaN,NaN,,21,24,NaN,,NaN,NaN,NaN,NaN,1,4,1,1,1,1,1,1,1,1,1,1,1,1,1,2,1,1,1,2,1,1,734243.434,4291895.588,633.685,Cob,2205,0,0,0,22,1
11567,4,2008030001622,1,7,1,5,2,1,3,CV-895,2.5,2,5,1,1,5,2,3,3,3,2,1,1,1,1,1,1,1,8,1,1,1,9,14,2,1,3,NaN,1,4,NaN,,NaN,,NaN,,NaN,NaN,NaN,NaN,1,4,2,1,1,1,1,1,1,1,1,1,1,1,1,1,1,1,1,2,1,1,703443.737,4215501.995,1.323,Cob,7055,0,0,0,16,6
11568,4,2008030001628,1,6,18,6,3,1,1,CV-81,49.8,49,8,0,1,5,3,2,3,3,2,1,2,2,2,1,7,7,8,1,5,1,9,14,3,1,1,NaN,2,NaN,NaN,,NaN,,NaN,,NaN,51,50,NaN,1,4,1,1,1,1,1,2,1,1,1,1,1,1,1,1,1,1,1,2,1,1,679437.009,4278351.299,467.416,Cob,5744,0,1,0,22,4
11570,4,2008030001630,1,7,2,4,3,1,2,CV-905,0,0,0,0,1,5,3,2,3,3,2,1,2,2,2,1,5,1,5,1,1,1,9,14,3,1,3,NaN,2,2,NaN,,NaN,,NaN,,NaN,NaN,NaN,NaN,1,4,1,1,1,1,1,1,2,1,1,1,1,1,1,1,1,1,1,2,2,3,698062.729,4215016.961,1.517,Pri,25974,0,0,1,11,6
11573,4,2008030001634,1,6,11,3,3,1,3,CV-95,13.1,13,1,1,1,5,3,2,3,3,2,1,1,1,1,1,1,4,3,1,1,1,9,14,1,1,1,NaN,2,2,NaN,,NaN,,NaN,,NaN,NaN,NaN,NaN,1,4,1,1,1,1,1,1,2,1,1,1,1,1,1,1,1,1,1,2,1,1,691320.085,4209750.72,52.727,Cob,10290,0,1,1,8,6
11574,4,2008030001635,1,6,15,4,7,3,1,CV-905,9.8,9,8,1,1,5,3,2,3,3,2,2,1,1,2,2,1,1,5,1,1,1,9,14,2,1,1,NaN,1,NaN,NaN,,NaN,,NaN,,NaN,63,60,NaN,1,4,2,1,2,1,1,1,1,1,1,1,1,1,1,1,1,1,1,2,1,1,699303.748,4215258.861,27.878,Cob,31158,0,0,0,11,7
11575,4,2008030001637,1,7,2,6,3,1,1,CV-900,1.5,1,5,0,1,5,2,2,3,3,2,1,1,1,1,1,7,7,8,1,1,1,9,14,3,2,2,2,2,NaN,NaN,,NaN,,NaN,,NaN,63,60,NaN,1,4,2,1,1,1,1,1,1,1,1,1,1,1,1,1,1,1,1,2,1,1,682367.589,4219552.137,-1.387,Cob,8167,0,1,0,18,1
11579,4,2008030001640,1,7,2,3,3,1,4,CV-720,44,44,0,0,1,5,2,2,3,4,2,1,2,2,2,2,7,7,8,1,1,1,2,14,2,1,1,NaN,1,5,NaN,,NaN,,NaN,,NaN,NaN,NaN,NaN,1,4,1,1,1,1,1,1,1,1,1,1,1,1,1,1,1,2,1,2,1,1,758468.16,4295052.953,255.069,Cob,2205,0,0,0,10,2
11580,4,2008030001642,1,6,29,1,7,3,1,CV-806,1,1,0,1,1,5,2,2,3,3,2,1,2,2,1,1,7,7,8,1,5,1,9,14,3,1,1,NaN,2,NaN,NaN,,21,24,NaN,,NaN,NaN,NaN,NaN,1,4,1,1,1,1,1,1,1,1,1,1,1,1,1,1,1,1,2,2,1,1,709846.327,4277585.774,681.187,Cob,4299,0,0,0,0,1
11582,4,2008030001645,1,7,3,4,4,1,2,CV-70,45,45,0,0,1,5,2,2,3,2,2,2,1,1,1,1,5,3,4,1,1,1,9,14,1,2,1,NaN,2,4,NaN,,NaN,,NaN,,NaN,NaN,NaN,NaN,1,4,1,1,1,1,1,1,2,1,1,1,1,1,1,1,1,1,1,2,1,2,750268.893,4275932.196,188.882,Per,25542,0,0,1,12,6
11584,4,2008030001646,1,6,15,4,7,3,2,CV-870,6,6,0,1,1,5,3,2,3,3,2,1,2,2,2,2,5,1,8,1,1,1,9,14,1,1,1,NaN,2,3,NaN,,NaN,,NaN,,NaN,NaN,NaN,NaN,1,4,1,1,1,1,1,1,2,1,1,1,1,1,1,1,1,1,1,2,1,1,678653.798,4224965.169,32.709,Cob,5377,0,0,1,14,6
11585,4,2008030001649,1,6,23,1,1,4,1,CV-905,4.9,4,9,1,1,5,3,2,3,2,2,2,1,2,2,2,5,1,4,1,5,1,9,14,1,1,1,NaN,2,NaN,NaN,,NaN,,NaN,,NaN,53,50,NaN,1,4,2,1,2,1,1,2,1,1,1,1,1,1,1,1,1,1,1,2,1,1,701405.323,4210977.515,-9.887,Cob,31158,0,0,0,23,6
11587,4,2008030001655,1,7,3,6,4,1,2,CV-821,6.9,6,9,0,1,5,3,2,3,3,2,1,1,1,1,1,5,3,4,1,1,1,9,14,3,2,3,NaN,2,4,NaN,,NaN,,NaN,,NaN,NaN,NaN,NaN,1,4,2,1,1,1,1,1,1,1,1,1,1,1,1,1,1,1,1,2,1,1,721976.565,4253837.632,29.316,Cob,10986,0,0,0,17,6
11589,4,2008030001656,1,7,3,3,4,1,2,CV-91,3.4,3,4,1,1,5,2,3,3,1,2,1,1,1,1,1,7,7,5,1,1,1,9,14,1,2,1,NaN,2,1,NaN,,NaN,,NaN,,NaN,NaN,NaN,NaN,2,4,2,1,1,1,1,1,2,1,1,1,1,1,1,1,1,1,1,2,1,1,701964.001,4219257.451,-24.644,Sec,13575,0,0,2,8,1
11590,4,2008030001670,1,7,4,5,5,1,1,CV-91,17.6,17,6,1,1,5,3,2,3,3,2,1,1,1,2,2,7,7,8,1,1,1,9,14,1,1,3,NaN,2,NaN,NaN,,NaN,,NaN,,NaN,64,60,NaN,1,4,2,1,1,2,1,1,1,1,1,1,1,1,1,1,1,1,1,2,1,1,688578.176,4218170.464,-19.181,Cob,9692,0,0,0,16,1
11591,4,2008030001671,1,7,6,2,7,3,1,CV-895,3.4,3,4,1,1,5,2,2,3,3,2,1,1,1,1,1,7,7,8,1,4,1,2,14,2,1,3,NaN,2,NaN,NaN,,NaN,,NaN,,67,NaN,60,NaN,1,4,2,1,1,1,1,1,1,1,1,1,1,1,1,1,1,1,1,2,1,1,702554.468,4215488.78,9.041,Cob,7055,0,0,0,5,2
11593,4,2008030001674,1,7,6,4,7,3,2,CV-775,1.8,1,8,0,1,5,2,3,3,3,2,1,2,2,1,1,7,7,5,1,1,1,9,14,3,1,1,NaN,1,4,NaN,,NaN,,NaN,,NaN,NaN,NaN,NaN,1,4,2,1,1,1,1,1,1,1,1,1,1,1,1,1,1,1,1,2,1,2,727793.566,4259479.607,35.527,Cob,1705,0,0,2,12,2
11595,4,2008030001685,1,7,7,6,1,4,1,CV-941,6,6,0,1,1,5,2,2,3,1,2,1,1,1,1,1,7,7,8,1,1,1,9,14,3,1,1,NaN,1,NaN,NaN,,NaN,,NaN,,NaN,61,60,NaN,1,4,2,1,1,1,1,1,1,1,1,1,1,1,1,1,1,1,1,2,1,1,694333.801,4200560.745,62.875,Sec,4444,0,0,3,18,1
11596,4,2008030001687,1,7,7,4,1,4,1,CV-809,0.8,0,8,0,1,5,3,2,3,3,2,1,1,1,1,1,7,7,8,1,1,1,9,14,3,1,1,NaN,2,NaN,NaN,,NaN,,NaN,,56,NaN,50,NaN,1,4,2,1,1,1,1,1,1,1,1,1,1,1,1,1,1,1,1,2,1,1,683663.22,4280340.355,481.14,Cob,3359,0,1,0,11,2
11598,4,2008030001693,1,7,6,6,7,3,2,CV-83,25.6,25,6,1,1,5,2,2,3,3,2,1,2,1,1,1,2,1,5,1,1,1,9,14,3,1,1,NaN,2,2,NaN,,NaN,,NaN,,NaN,NaN,NaN,NaN,1,4,1,1,1,1,1,1,2,1,1,1,1,1,1,1,1,1,1,2,2,3,689999.81,4256899.701,326.535,Cob,2536,0,0,1,20,7
11599,4,2008030001701,1,6,27,5,5,1,1,CV-945,6.5,6,5,1,1,5,3,2,3,3,2,1,2,2,1,1,5,1,4,1,1,1,9,14,1,1,1,NaN,2,NaN,NaN,,NaN,,NaN,,NaN,54,50,NaN,1,4,1,1,1,1,1,2,1,1,1,1,1,1,1,1,1,1,1,2,1,1,696836.265,4211374.342,-3.542,Cob,5514,0,0,0,15,6
11601,4,2008030001704,1,6,24,4,2,1,2,CV-91,15,15,0,1,1,5,2,3,3,1,2,1,1,2,1,1,5,1,8,1,1,1,9,14,1,1,1,NaN,2,3,NaN,,NaN,,NaN,,NaN,NaN,NaN,NaN,1,4,1,1,1,1,1,1,2,1,1,1,1,1,1,1,1,1,1,2,1,1,691109.857,4217987.332,-18.485,Cob,9692,0,0,0,14,6
11603,4,2008030001712,1,7,9,4,3,1,2,CV-855,11.9,11,9,0,1,5,3,2,3,3,2,1,1,1,1,1,1,1,8,1,1,1,9,14,3,1,1,NaN,1,2,NaN,,NaN,,NaN,,NaN,NaN,NaN,NaN,1,4,1,1,1,1,1,1,1,1,1,1,1,1,1,1,1,1,2,2,1,1,700414.226,4225367.422,-20.825,Cob,3921,0,0,0,13,6
11605,4,2008030001713,1,7,4,6,5,1,2,CV-865,10.8,10,8,0,1,5,3,2,3,4,2,1,1,1,1,1,7,7,8,1,1,1,9,14,1,1,1,NaN,2,2,NaN,,NaN,,NaN,,NaN,NaN,NaN,NaN,2,4,2,1,1,2,1,1,1,1,1,1,1,1,1,1,1,1,1,2,1,1,711856.563,4231670.231,-13.426,Sec,17817,0,1,0,17,1
11606,4,2008030001720,1,7,6,4,7,3,1,CV-70,2.8,2,8,1,1,5,3,2,3,1,2,1,1,1,1,1,7,7,8,1,1,1,9,14,3,1,1,NaN,3,NaN,NaN,,NaN,,NaN,,66,NaN,60,NaN,1,4,2,1,1,1,1,1,1,1,1,1,1,1,1,1,1,1,1,2,1,1,750136.207,4273696.06,153.185,Cob,644,0,0,0,12,3
11610,4,2008030001724,1,7,9,3,3,1,2,CV-845,9.1,9,1,0,1,5,2,2,3,3,2,1,1,1,1,1,7,7,8,1,1,1,9,14,3,1,1,NaN,1,2,NaN,,NaN,,NaN,,NaN,NaN,NaN,NaN,1,4,2,1,1,1,1,1,2,1,1,1,1,1,1,1,1,1,1,2,1,2,685934.374,4242580.724,363.388,Cob,2699,0,1,0,8,1
11611,4,2008030001725,1,7,11,1,5,1,1,CV-95,10.4,10,4,1,1,5,2,2,3,3,2,1,1,2,2,2,7,7,8,1,5,1,9,14,1,1,1,NaN,1,NaN,NaN,,NaN,,NaN,,66,NaN,60,NaN,1,4,2,1,1,1,1,1,1,1,1,1,1,1,1,1,1,1,1,2,1,1,693017.108,4207578.136,39.209,Cob,10290,0,0,0,0,1
11613,4,2008030001729,1,7,10,1,4,1,2,CV-821,2.6,2,6,0,1,5,3,2,3,3,2,2,1,1,1,1,1,1,5,1,3,1,9,14,1,1,1,NaN,1,3,NaN,,NaN,,NaN,,NaN,NaN,NaN,NaN,1,4,1,1,2,1,1,1,2,1,1,1,1,1,1,1,1,1,1,2,2,1,718636.379,4252274.237,60.846,Sec,30367,0,0,0,23,6
11617,4,2008030001732,1,7,11,3,5,1,2,CV-821,2.6,2,6,0,1,5,3,2,3,3,2,2,2,2,2,2,5,6,4,1,1,1,9,14,1,2,1,NaN,2,4,NaN,,NaN,,NaN,,NaN,NaN,NaN,NaN,1,4,2,1,1,1,1,1,2,1,1,1,1,1,1,1,1,1,1,2,2,1,718636.379,4252274.237,60.846,Sec,30367,0,0,1,8,6
11618,4,2008030001734,1,7,12,3,6,2,1,CV-915,3,3,0,0,1,5,2,2,3,1,2,1,1,1,1,1,7,7,8,1,1,1,9,14,2,2,3,NaN,2,NaN,NaN,,NaN,,NaN,,NaN,64,60,NaN,1,4,2,1,1,2,1,1,1,1,1,1,1,1,1,1,1,1,1,2,1,1,677761.887,4215794.577,3.498,Sec,10471,0,0,1,7,2