Id,Ano,Numero_Accidente,Provincia,Mes,Dia,Hora,Dia_Semana,Tipo_Dia,Vehiculos_Implicados,Carretera,Pk,Km,Hm,Sentido,Zona,Tipo_Via,Anchura_Calzada,Anchura_Carril,Marcas_Viales,Arcen,Arcen_Pavimentado,Mediana,Barrera_Seguridad,Paneles_Direccionales,Hitos_Arista,Captafaros,Interseccion_Tipo,Interseccion_Acondicionamiento,Prioridad_Regulada_por,Superficie,Luminosidad,Factores_Atmosfericos,Visibilidad_Restringida_por,Otras_Circunstancias,Senalizacion_Peligro,Aceras,Arboles,Arboles_Metros_Calzada,Visibilidad_Senalizacion_Vertical,Colision_Vehiculos_Marcha,Colision_Vehiculo_Obstaculo_1,Colision_Vehiculo_Obstaculo_2,Atropello_1,Atropello_2,Vuelco_1,Vuelco_2,Salida_Sin_Colision,Salida_Con_Colision,Lado_Salida,Otro,Circulacion,Circulacion_Medidas_Especiales,Distraccion,Inexperiencia_Conductor,Alcohol_Drogas,Cansancio_Sueno,Enfermedad,Velocidad_Inadecuada,Infraccion_Norma_Circulacion,Estado_Condicion_Via,Estado_Condicion_Senalizacion,Tramo_Obras,Mal_Estado_Vehiculo,Averia_Mecanica,Meteorologia_Adversa,Irrupcion_Animal,Circular_Sentido_Contrario,Otro_Factor,Sin_Opinion_Definida,Pendiente,Curvatura,Peralte,GPS_x,GPS_y,GPS_z,Tipo_Est,IMD,N_Muertos,N_Graves,N_Leves,Hora_Real,Fuera_o_Interseccion
11620,4,2008030001735,1,7,12,4,6,2,2,CV-83,21.3,21,3,0,1,5,3,2,3,4,2,1,1,1,1,1,7,7,8,1,1,1,9,14,3,1,1,NaN,2,1,NaN,,NaN,,NaN,,NaN,NaN,NaN,NaN,1,4,2,1,1,1,1,1,2,1,1,1,1,1,1,1,1,1,1,2,1,1,674318.784,4254048.986,576.295,Cob,5174,1,0,0,12,1
11621,4,2008030001743,1,7,12,1,6,2,1,CV-800,2,2,0,0,1,5,3,2,3,4,2,1,2,2,2,2,1,1,5,1,5,1,9,14,3,1,1,NaN,1,NaN,NaN,,NaN,,NaN,,NaN,64,60,NaN,1,4,2,1,2,1,1,1,1,1,1,1,1,1,1,1,1,1,1,2,1,1,718092,4273004.24,642.584,Cob,14608,0,0,0,0,6
11626,4,2008030001745,1,7,12,6,6,2,5,CV-95,24.3,24,3,1,1,5,3,2,3,3,2,1,1,1,1,1,7,7,8,1,2,1,9,14,3,1,1,NaN,1,5,NaN,,NaN,,NaN,,NaN,NaN,NaN,NaN,2,4,1,1,1,1,1,1,2,1,1,1,1,1,1,1,1,1,1,2,1,1,683138.044,4215495.333,-2.983,Cob,21165,0,0,0,20,1
11634,4,2008030001748,1,7,13,6,7,3,5,CV-865,10,10,0,1,1,5,2,2,3,4,2,1,1,2,2,2,7,7,8,1,1,1,9,14,1,1,1,NaN,2,5,NaN,,NaN,,NaN,,NaN,NaN,NaN,NaN,3,4,2,1,1,1,1,1,1,1,1,1,1,1,1,1,1,1,1,2,1,1,705063.599,4236584.921,28.972,Sec,17817,0,0,4,19,1
11637,4,2008030001751,1,7,14,5,1,4,1,CV-715,42.7,42,7,1,1,5,2,3,3,1,2,1,2,1,1,1,7,7,8,3,1,4,9,14,3,1,1,NaN,2,NaN,NaN,,NaN,,NaN,,NaN,52,50,NaN,1,4,1,1,1,1,1,2,1,2,1,1,1,1,1,1,1,1,1,2,1,1,753326.102,4301630.51,130.397,Cob,339,0,0,0,15,3
11638,4,2008030001769,1,7,14,1,1,4,1,CV-865,7,7,0,1,1,5,2,2,3,3,2,1,1,1,1,1,7,7,8,1,4,1,9,14,1,1,1,NaN,1,NaN,NaN,,21,24,NaN,,NaN,NaN,NaN,NaN,1,4,1,1,1,1,1,1,1,1,1,1,1,1,1,2,1,1,1,2,1,1,707642.564,4234927.134,6.65,Cob,14206,0,0,0,0,1
11639,4,2008030001772,1,7,13,4,7,3,1,CV-800,12.5,12,5,0,1,5,2,2,3,3,2,1,2,1,2,2,7,7,5,1,1,1,9,14,3,1,1,NaN,2,NaN,NaN,,NaN,,NaN,,56,NaN,50,NaN,1,4,2,1,1,1,1,1,1,1,1,1,1,1,1,1,1,1,1,2,1,1,719861.934,4278749.559,872.38,Sec,6005,0,0,0,11,2
11641,4,2008030001773,1,7,14,3,1,4,2,CV-806,3.6,3,6,0,1,5,2,2,3,3,2,1,1,1,1,1,1,2,3,1,1,1,9,14,1,1,1,NaN,2,2,NaN,,NaN,,NaN,,NaN,NaN,NaN,NaN,1,4,1,1,1,1,1,1,2,1,1,1,1,1,1,1,1,1,1,2,1,1,706362.295,4276131.527,668.41,Cob,4299,0,0,0,9,6
11643,4,2008030001776,1,7,16,4,3,1,2,CV-734,0.9,0,9,1,1,5,2,2,3,3,2,1,1,1,1,1,5,6,4,1,1,1,9,14,1,1,1,NaN,2,3,NaN,,NaN,,NaN,,NaN,NaN,NaN,NaN,1,4,1,1,1,1,1,1,2,1,1,1,1,1,1,1,1,1,1,2,1,1,773331.778,4296802.517,-3.002,Sec,13367,0,0,1,13,6
11645,4,2008030001777,1,7,16,4,3,1,2,CV-70,43.2,43,2,1,1,5,3,2,3,1,2,1,1,1,1,1,5,6,4,1,1,1,9,14,1,2,3,NaN,2,2,NaN,,NaN,,NaN,,NaN,NaN,NaN,NaN,1,4,1,1,1,1,1,1,2,1,1,1,1,1,1,1,1,1,1,2,2,1,726356.537,4286931.79,509.088,Cob,0,0,0,1,14,6
11646,4,2008030001781,1,7,17,2,4,1,1,CV-95,9,9,0,0,1,5,2,2,3,3,2,1,1,1,2,2,7,7,8,1,5,1,9,14,2,1,1,NaN,2,NaN,NaN,,NaN,,NaN,,NaN,63,60,NaN,1,4,2,1,2,1,1,1,1,1,1,1,1,1,1,1,1,1,1,2,1,1,687454.355,4213020.082,30.193,Cob,10290,0,0,0,5,1
11648,4,2008030001786,1,7,13,5,7,3,2,CV-925,0.5,0,5,0,1,5,1,3,1,1,2,1,1,1,1,1,2,1,4,1,1,1,9,14,1,1,1,NaN,2,2,NaN,,NaN,,NaN,,NaN,NaN,NaN,NaN,1,4,1,1,1,1,1,1,2,1,1,1,1,1,1,1,1,1,1,2,2,3,680688.528,4216583.936,-7.151,Cob,2235,0,0,0,15,6
11650,4,2008030001791,1,7,17,6,4,1,2,CV-725,5.3,5,3,0,1,5,3,2,3,4,2,2,1,2,2,1,7,7,5,1,1,1,9,14,2,1,1,NaN,1,4,NaN,,NaN,,NaN,,NaN,NaN,NaN,NaN,2,4,1,1,1,1,1,2,1,1,1,1,1,1,1,1,1,1,1,2,1,1,766617.736,4303112.081,-4.555,Cob,29171,0,2,1,17,1
11651,4,2008030001795,1,7,18,4,5,1,1,CV-725,5.7,5,7,1,1,5,3,2,3,3,2,2,1,1,1,1,5,1,8,8,1,1,9,14,1,1,3,NaN,2,NaN,NaN,,NaN,,12,9,NaN,NaN,NaN,NaN,1,4,1,1,1,1,1,1,1,2,1,1,1,1,1,1,1,1,1,2,1,1,763900.789,4302078.763,5.05,Cob,29171,0,0,0,14,7
11652,4,2008030001797,1,7,15,6,2,1,1,CV-83,2.5,2,5,1,1,5,2,2,3,3,2,1,1,2,1,1,3,1,4,1,1,1,9,14,3,1,1,NaN,2,NaN,NaN,,NaN,,NaN,,56,NaN,50,NaN,1,4,2,1,1,1,1,1,1,1,1,1,1,1,1,1,1,1,1,2,1,1,669299.28,4252569.591,556.223,Cob,13848,0,0,0,18,6
11655,4,2008030001798,1,7,18,4,5,1,3,CV-95,18.3,18,3,0,1,5,3,2,3,3,2,1,2,1,2,1,7,7,8,1,1,1,9,14,3,1,1,NaN,1,5,NaN,,NaN,,NaN,,NaN,NaN,NaN,NaN,1,4,2,1,1,1,1,1,2,1,1,1,1,1,1,2,1,1,1,2,1,1,693795.935,4206804.133,39.243,Pri,9274,0,0,0,14,1
11659,4,2008030001806,1,7,18,4,5,1,2,CV-95,22.6,22,6,1,1,5,3,2,3,3,2,1,2,2,2,1,5,6,4,1,1,1,9,14,1,1,3,NaN,2,4,NaN,,NaN,,NaN,,NaN,NaN,NaN,NaN,1,4,2,1,1,1,1,1,1,1,1,1,1,1,1,1,1,1,1,2,1,1,684739.23,4215266.408,-3.098,Cob,7851,0,0,0,11,6
11661,4,2008030001817,1,7,21,3,1,4,2,CV-870,8.6,8,6,1,1,5,2,3,3,3,2,1,1,2,2,2,7,7,8,1,1,1,9,14,1,1,3,NaN,2,3,NaN,,NaN,,NaN,,NaN,NaN,NaN,NaN,1,4,1,1,1,1,1,2,1,1,1,1,1,1,1,1,1,1,1,2,1,1,679663.88,4222620.771,23.276,Cob,5377,1,0,1,10,5
11663,4,2008030001819,1,7,20,1,7,3,2,CV-70,46.2,46,2,1,1,5,3,2,3,3,2,2,1,1,2,2,5,1,4,1,4,1,9,14,1,1,1,NaN,2,2,NaN,,NaN,,NaN,,NaN,NaN,NaN,NaN,1,4,1,1,1,1,1,1,2,1,1,1,1,1,1,1,1,1,1,2,1,1,724042.291,4287005.308,669.809,Per,25542,0,0,1,0,6
11664,4,2008030001823,1,7,21,6,1,4,1,CV-865,0.4,0,4,0,1,5,3,2,3,3,2,1,1,1,1,2,7,7,8,1,2,1,9,14,3,1,1,NaN,2,NaN,NaN,,NaN,,NaN,,NaN,63,60,NaN,1,4,2,1,1,1,1,1,1,1,1,1,1,1,1,1,1,1,1,2,1,1,703507.595,4237574.593,48.473,Cob,14206,0,2,0,21,1
11666,4,2008030001826,1,7,21,3,1,1,2,CV-821,5.9,5,9,0,1,5,2,2,3,3,2,2,2,1,1,1,5,5,4,1,1,1,9,14,1,1,3,NaN,2,2,NaN,,NaN,,NaN,,NaN,NaN,NaN,NaN,1,4,1,1,1,1,1,1,2,1,1,1,1,1,1,1,1,1,1,2,1,1,721224.47,4254113.659,37.896,Sec,30367,0,0,1,10,6
11668,4,2008030001827,1,7,20,6,7,3,2,CV-70,48,48,0,1,1,5,2,2,3,4,2,1,1,2,2,2,5,1,8,1,2,1,9,14,1,2,1,NaN,2,4,NaN,,NaN,,NaN,,NaN,NaN,NaN,NaN,2,4,1,1,1,1,1,1,2,1,1,1,1,1,1,1,1,1,1,2,1,1,722892.911,4286192.466,720.231,Per,25542,0,0,0,20,6
11669,4,2008030001829,1,7,10,1,4,1,1,CV-773,6,6,0,0,1,5,2,2,3,3,2,1,2,2,1,1,7,7,8,1,3,1,9,14,1,1,1,NaN,2,NaN,NaN,,NaN,,NaN,,67,NaN,60,NaN,1,4,2,1,2,1,1,2,2,1,1,1,1,1,1,1,1,1,1,2,1,1,724792.468,4261476.769,222.713,Cob,4226,0,0,1,23,5
11673,4,2008030001834,1,7,16,6,3,1,2,CV-81,33.7,33,7,0,1,5,3,2,3,3,2,1,1,1,1,1,2,4,3,1,1,1,9,14,1,1,3,NaN,2,4,NaN,,NaN,,NaN,,NaN,NaN,NaN,NaN,1,4,1,1,1,1,1,1,2,1,1,1,1,1,1,1,1,1,1,2,1,1,691457.196,4284052.286,530.219,Cob,5436,0,0,0,17,6
11674,4,2008030001836,1,7,18,3,5,1,1,CV-81,46.2,46,2,1,1,5,3,3,3,3,2,1,1,1,1,1,7,7,8,1,1,1,9,8,1,1,1,NaN,2,NaN,NaN,,21,24,NaN,,NaN,NaN,NaN,NaN,1,4,1,1,1,1,1,1,1,1,1,1,1,1,1,2,1,1,1,2,2,1,709202.695,4296209.163,465.471,Cob,5744,0,0,0,9,1
11675,4,2008030001841,1,7,22,4,2,1,1,CV-820,8.5,8,5,0,1,5,3,2,3,3,2,1,1,1,1,1,7,7,6,1,1,1,9,14,1,1,1,NaN,2,NaN,NaN,,21,21,NaN,,NaN,NaN,NaN,NaN,1,4,2,1,1,1,1,2,2,1,1,1,1,1,1,1,1,1,1,2,1,1,706327.002,4256910.511,278.497,Cob,6724,0,0,1,14,2
11677,4,2008030001849,1,7,24,6,4,1,2,CV-914,1,1,0,0,1,5,2,3,3,1,2,1,1,1,1,1,7,7,8,1,1,1,9,14,1,1,1,NaN,2,3,NaN,,NaN,,NaN,,NaN,NaN,NaN,NaN,1,4,1,1,1,1,1,1,2,1,1,1,1,1,1,1,1,1,1,2,1,1,689743.637,4218201.019,-10.2,Cob,3934,0,0,0,20,1
11679,4,2008030001851,1,7,23,6,3,1,2,CV-865,0.9,0,9,0,1,5,2,2,3,3,2,1,1,2,2,2,5,1,8,1,1,1,9,14,3,1,3,NaN,2,4,NaN,,NaN,,NaN,,NaN,NaN,NaN,NaN,1,4,1,1,1,1,1,1,2,1,1,1,1,1,1,1,1,1,1,2,1,1,703924.145,4237310.333,44.116,Cob,14206,0,1,0,19,6
11682,4,2008030001852,1,7,25,4,5,1,3,CV-95,24.5,24,5,0,1,5,3,2,3,3,2,2,2,2,2,2,7,7,8,1,1,1,9,14,1,1,1,NaN,2,4,NaN,,NaN,,NaN,,NaN,NaN,NaN,NaN,1,4,2,1,1,1,1,1,2,1,1,1,1,1,1,1,1,1,1,2,1,1,698945.449,4204750.803,4.259,Cob,21165,0,0,1,14,1
11683,4,2008030001862,1,7,26,5,6,2,1,CV-913,4.8,4,8,1,1,5,3,2,3,3,2,1,1,1,2,2,7,7,8,1,1,1,9,14,3,1,1,NaN,1,NaN,NaN,,NaN,,NaN,,NaN,63,60,NaN,1,4,2,1,1,1,1,1,1,1,1,1,1,1,1,1,1,1,1,2,1,1,689225.791,4223366.022,-15.254,Sec,7483,0,0,2,15,2
11684,4,2008030001864,1,7,27,2,7,3,1,CV-821,4.2,4,2,1,1,5,3,2,3,3,2,2,2,1,1,1,7,7,5,1,3,1,9,14,1,2,2,5,2,NaN,NaN,,NaN,,NaN,,NaN,61,60,NaN,1,4,2,1,2,2,1,1,2,1,1,1,1,1,1,1,1,1,1,2,1,1,720837.323,4253817.102,41.605,Sec,30367,0,0,2,6,1
11686,4,2008030001868,1,7,27,6,7,3,2,CV-895,5.8,5,8,1,1,5,3,2,3,3,2,1,1,1,1,1,7,7,8,1,1,1,9,14,3,1,1,NaN,1,4,NaN,,NaN,,NaN,,NaN,NaN,NaN,NaN,2,4,2,1,1,1,1,1,1,1,1,1,1,1,1,1,1,1,1,2,1,1,700958.768,4213787.906,-13.957,Cob,7055,0,0,0,20,1
11688,4,2008030001869,1,7,26,5,6,2,2,CV-915,5,5,0,0,1,5,3,2,3,4,2,1,1,1,1,1,1,1,5,1,1,1,9,14,3,1,1,NaN,1,2,NaN,,NaN,,NaN,,NaN,NaN,NaN,NaN,1,4,2,1,1,1,1,1,2,1,1,1,1,1,1,1,1,1,1,2,2,1,676490.215,4214217.389,3.589,Sec,10471,0,0,0,15,7
11689,4,2008030001870,1,7,27,5,7,3,1,CV-855,16.1,16,1,1,1,5,2,2,3,3,2,1,2,1,1,1,7,7,8,1,1,1,9,14,3,1,1,NaN,2,NaN,NaN,,NaN,,NaN,,NaN,64,60,NaN,1,4,2,1,1,1,1,1,1,1,1,1,1,1,1,1,1,1,1,2,1,1,701371.828,4235120.634,30.129,Cob,3921,0,0,0,16,1
11690,4,2008030001880,1,7,28,3,1,4,1,CV-860,3.5,3,5,0,1,5,3,2,3,3,2,1,1,1,1,1,7,7,8,1,1,1,9,14,3,1,3,NaN,2,NaN,NaN,,NaN,,NaN,,NaN,64,60,NaN,1,4,2,1,1,1,1,1,1,1,1,1,1,1,1,1,1,1,1,2,1,1,701255.865,4222969.143,-15.163,Cob,5804,0,0,0,8,1
11692,4,2008030001882,1,7,28,6,1,4,1,CV-900,2.7,2,7,1,1,5,3,2,3,3,2,1,1,1,1,1,1,1,8,1,1,1,9,14,3,1,3,NaN,1,NaN,NaN,,21,21,NaN,,NaN,NaN,NaN,NaN,1,4,2,1,1,1,1,1,2,1,1,1,1,1,1,1,1,1,1,2,1,1,685658.446,4224755.2,-6.426,Cob,5356,0,0,2,20,7
11693,4,2008030001884,1,7,28,4,1,4,1,CV-941,7.7,7,7,0,1,5,3,2,3,3,2,1,1,1,1,1,7,7,8,1,1,1,2,4,1,1,3,NaN,2,NaN,NaN,,NaN,,NaN,,67,NaN,60,NaN,1,4,2,1,1,1,1,1,2,1,1,1,1,1,1,1,1,1,1,2,1,1,693999.491,4201904.57,103.432,Sec,4444,0,0,1,14,5
11700,4,2008030001898,1,7,27,1,7,3,3,CV-91,24.1,24,1,0,1,5,3,2,3,3,2,1,1,1,2,2,7,7,8,1,5,1,9,14,1,1,3,NaN,2,1,NaN,,NaN,,NaN,,NaN,NaN,NaN,NaN,1,4,2,1,1,1,1,2,1,1,1,1,1,1,1,1,1,1,1,2,1,1,703978.507,4219188.37,-25.621,Cob,8585,0,0,5,3,2
11701,4,2008030001899,1,7,27,2,7,3,1,CV-865,1.1,1,1,1,1,5,2,2,3,3,2,1,1,1,2,2,7,7,8,1,2,1,9,14,3,1,1,NaN,1,NaN,NaN,,NaN,,NaN,,NaN,63,60,NaN,1,4,1,1,1,1,1,1,2,1,1,1,1,1,1,1,1,1,1,2,1,1,712259.445,4231417.032,-15.784,Cob,14206,0,1,0,6,1
11703,4,2008030001902,1,7,30,3,3,1,2,CV-900,6,6,0,0,1,5,3,2,3,1,2,1,1,2,1,1,5,6,5,1,1,1,9,14,3,1,3,NaN,2,3,NaN,,NaN,,NaN,,NaN,NaN,NaN,NaN,1,4,1,1,1,1,1,1,1,1,1,1,1,1,1,1,1,1,2,2,1,3,686241.512,4220987.654,-5.561,Cob,5356,0,0,0,8,6
11707,4,2008030001906,1,7,25,3,5,1,2,CV-865,1.8,1,8,1,1,5,3,2,4,4,2,1,1,1,2,2,7,7,8,1,1,1,9,14,3,1,1,NaN,1,4,NaN,,NaN,,NaN,,NaN,NaN,NaN,NaN,2,4,1,1,1,1,1,1,2,1,1,1,1,1,1,1,1,1,1,2,1,1,711683.698,4231799.026,-15.072,Cob,14206,0,1,0,7,1
11708,4,2008030001912,1,7,21,6,1,1,1,CV-815,1.5,1,5,1,1,5,3,3,3,3,2,1,2,2,1,1,7,7,8,1,1,1,9,14,3,1,1,NaN,1,NaN,NaN,,NaN,,NaN,,NaN,64,60,NaN,1,4,1,1,1,1,1,1,2,1,1,1,1,1,1,1,1,1,1,2,1,1,703740.576,4273729.765,647.578,Cob,8969,0,0,0,20,3
11710,4,2008030001916,1,7,29,6,2,1,2,CV-95,26.1,26,1,0,1,5,2,3,3,3,2,1,1,1,1,1,7,7,8,1,1,1,9,14,3,1,1,NaN,1,4,NaN,,NaN,,NaN,,NaN,NaN,NaN,NaN,2,4,2,1,1,1,1,1,1,1,1,1,1,1,1,1,1,1,1,2,2,1,700550.91,4204307.758,-9.303,Cob,21165,0,0,0,19,1
11711,4,2008030001917,1,7,31,1,4,1,1,CV-905,2.8,2,8,0,1,5,2,3,3,2,2,1,1,1,1,1,5,6,8,1,4,1,9,14,1,1,1,NaN,1,NaN,NaN,,NaN,,NaN,,NaN,61,60,NaN,1,4,1,1,1,1,1,2,1,1,1,1,1,1,1,1,1,1,1,2,1,1,699814.231,4214083.395,-1.521,Pri,25974,0,0,0,23,6
11713,4,2008030001926,1,7,30,6,3,1,2,CV-820,8,8,0,0,1,5,3,2,3,3,2,1,1,1,2,2,7,7,8,1,1,1,9,14,3,1,1,NaN,1,2,NaN,,NaN,,NaN,,NaN,NaN,NaN,NaN,2,4,2,1,1,1,1,1,1,1,1,1,1,1,1,1,1,1,1,2,1,2,706703.756,4256584.1,258.97,Cob,6724,0,1,0,18,1
11714,4,2008030001932,1,7,25,6,5,1,1,CV-835,6.8,6,8,1,1,5,2,3,3,2,2,1,2,1,1,2,7,7,8,1,1,1,9,14,1,1,1,NaN,1,NaN,NaN,,NaN,,NaN,,NaN,61,60,NaN,1,4,1,2,1,1,1,2,2,1,1,1,1,1,1,1,1,1,1,2,1,1,691121.917,4259384.831,337.529,Sec,4117,0,0,0,18,2
11715,4,2008030001934,1,7,25,6,5,1,1,CV-70,43.2,43,2,0,1,5,2,2,3,3,2,2,1,1,1,1,7,7,5,1,3,1,9,14,1,1,1,NaN,2,NaN,NaN,,NaN,,NaN,,66,NaN,60,NaN,1,4,2,1,1,1,1,1,1,1,1,1,1,1,1,1,1,1,1,2,1,2,749387.885,4277204.482,225.208,Cob,0,0,0,2,22,2
11716,4,2008030001935,1,8,3,4,7,3,1,CV-755,7.9,7,9,1,1,5,2,2,4,1,2,1,1,1,1,1,7,7,8,1,1,1,9,14,2,1,3,NaN,1,NaN,NaN,,NaN,,NaN,,NaN,NaN,NaN,71,1,4,1,1,1,1,1,2,1,1,1,1,1,1,1,1,1,1,1,2,1,1,751935.116,4280948.467,125.692,Cob,606,0,0,1,13,2
11719,4,2008030001939,1,8,3,1,7,3,2,CV-925,23.8,23,8,0,1,5,2,2,3,3,2,1,1,2,1,1,7,7,8,1,5,1,9,14,1,1,2,3,2,1,NaN,,NaN,,NaN,,NaN,NaN,NaN,NaN,1,4,1,1,1,1,1,1,2,1,1,1,1,1,1,1,1,1,1,2,1,1,686972.716,4198870.209,180.348,Cob,1177,0,3,1,23,2
11720,4,2008030001943,1,8,4,4,1,1,1,CV-70,29.5,29,5,1,1,5,1,3,3,2,2,1,2,2,2,2,7,7,8,1,1,1,9,14,1,1,1,NaN,2,NaN,NaN,,NaN,,NaN,,56,NaN,50,NaN,1,4,2,1,1,2,1,1,1,1,1,1,1,1,1,1,1,1,1,2,1,1,736098.471,4286089.904,810.961,Sec,695,0,0,0,13,5
11722,4,2008030001946,1,7,31,4,4,1,2,CV-706,2,2,0,1,1,5,2,2,3,3,2,1,2,1,1,1,7,7,8,1,1,1,9,14,3,1,3,NaN,2,NaN,30,29,NaN,,NaN,,NaN,NaN,NaN,NaN,1,4,1,1,1,1,2,1,1,1,1,1,1,1,1,1,1,1,1,2,2,2,726138.37,4289878.838,464.441,Cob,1055,0,0,0,11,2
11724,4,2008030001950,1,7,29,6,2,1,2,CV-800,3,3,0,0,1,5,2,2,3,4,2,1,2,2,2,2,7,7,5,1,1,1,8,14,3,1,1,NaN,1,4,NaN,,NaN,,NaN,,NaN,NaN,NaN,NaN,1,4,1,1,1,1,1,1,2,1,1,1,1,1,1,2,1,1,1,2,2,3,717359.823,4272760.291,689.825,Cob,14608,0,0,0,17,2
11726,4,2008030001953,1,8,4,6,1,1,2,CV-763,2.5,2,5,1,1,5,2,3,3,3,2,1,1,1,1,1,7,7,5,1,1,1,9,14,3,1,1,NaN,1,2,NaN,,NaN,,NaN,,NaN,NaN,NaN,NaN,1,4,2,1,2,1,1,1,1,1,1,1,1,1,1,1,1,1,1,2,1,1,752221.551,4274556.035,85.597,Cob,12197,0,0,0,17,1
11727,4,2008030001956,1,8,5,4,2,1,1,CV-945,7.3,7,3,1,1,5,2,3,3,3,2,1,1,1,1,1,7,7,8,1,1,1,9,14,3,1,1,NaN,1,NaN,NaN,,NaN,,NaN,,NaN,63,60,NaN,1,4,2,1,1,1,1,1,1,1,1,1,1,1,1,1,1,1,1,2,1,1,697626.365,4211468.962,-10.253,Cob,5514,0,1,1,11,1
11728,4,2008030001957,1,8,2,2,6,2,1,CV-904,4.8,4,8,1,1,5,2,3,3,3,2,1,2,2,2,2,7,7,8,1,1,1,9,14,1,1,1,NaN,2,NaN,NaN,,NaN,,NaN,,NaN,63,60,NaN,1,4,2,1,2,1,1,1,1,1,1,1,1,1,1,1,1,1,1,2,1,1,691250.183,4231605.162,4.466,Cob,4764,0,0,0,6,2
11729,4,2008030001961,1,8,2,6,6,2,1,CV-720,41.7,41,7,1,1,5,2,2,3,2,2,1,1,1,1,1,7,7,8,1,4,1,9,14,3,1,1,NaN,1,NaN,NaN,,21,24,NaN,,NaN,NaN,NaN,NaN,1,4,1,1,1,1,1,1,1,1,1,1,1,1,1,2,1,1,1,2,1,1,736189.932,4292683.944,707.094,Cob,2205,0,0,0,22,1
11733,4,2008030001973,1,8,6,5,3,1,2,CV-755,2.5,2,5,1,1,5,2,2,3,1,2,1,1,1,1,1,1,1,5,1,1,1,9,14,3,1,1,NaN,2,4,NaN,,NaN,,NaN,,NaN,NaN,NaN,NaN,1,4,1,1,1,1,1,1,2,1,1,1,1,1,1,1,1,1,1,2,1,1,756510.939,4279985.362,39.149,Cob,606,0,0,0,15,7
11736,4,2008030001978,1,8,6,6,3,1,3,CV-91,18.3,18,3,0,1,5,3,2,3,3,2,1,2,1,1,1,7,7,8,1,1,1,9,14,3,1,1,NaN,1,5,NaN,,NaN,,NaN,,NaN,NaN,NaN,NaN,1,4,1,1,1,1,1,1,2,1,1,1,1,1,1,1,1,1,1,2,1,1,698472.002,4219255.421,-21.256,Cob,9692,0,0,2,20,2
11739,4,2008030001979,1,8,1,4,5,1,2,CV-715,19.8,19,8,0,1,5,3,2,3,3,2,1,1,1,2,2,1,1,8,1,1,1,9,14,2,1,3,NaN,1,2,NaN,,NaN,,NaN,,NaN,NaN,NaN,NaN,1,4,2,1,1,1,1,1,2,1,1,1,1,1,1,1,1,1,1,2,1,1,754590.598,4291586.151,401.876,Cob,2659,0,0,0,11,6
11740,4,2008030001982,1,8,6,6,3,1,1,CV-715,7,7,0,0,1,5,3,2,3,3,2,1,2,2,2,2,7,7,8,1,5,1,9,14,3,1,1,NaN,1,NaN,NaN,,21,24,NaN,,NaN,NaN,NaN,NaN,1,4,1,1,1,1,1,1,1,1,1,1,1,1,1,2,1,1,1,2,1,1,751263.806,4305357.852,-1.782,Cob,5454,0,0,0,22,1
11742,4,2008030002000,1,8,7,4,4,1,2,CV-920,5.2,5,2,1,1,5,2,2,3,3,2,1,1,1,1,1,7,7,7,1,1,1,9,14,1,1,1,NaN,2,1,NaN,,NaN,,NaN,,NaN,NaN,NaN,NaN,1,4,2,1,1,1,1,1,2,1,1,1,1,1,1,1,1,1,1,2,1,1,700479.581,4219681.444,-21.833,Pri,6709,0,0,0,14,2
11746,4,2008030002006,1,8,8,3,5,1,3,CV-755,15.1,15,1,0,1,5,2,2,3,1,2,1,1,1,1,1,1,1,8,1,1,1,9,14,1,1,1,NaN,1,5,NaN,,NaN,,NaN,,NaN,NaN,NaN,NaN,1,4,1,1,1,1,1,1,2,1,1,1,1,1,1,1,1,1,1,2,1,1,752484.305,4280426.874,114.101,Cob,3323,0,0,0,9,7
11747,4,2008030002017,1,8,9,6,6,2,1,CV-821,7.5,7,5,0,1,5,3,2,3,3,2,2,1,1,2,2,5,1,4,1,1,1,9,14,1,1,1,NaN,1,NaN,NaN,,NaN,,NaN,,56,NaN,50,NaN,1,4,1,1,1,1,1,2,1,1,1,1,1,1,1,1,1,1,1,2,1,1,722414.757,4253442.95,26.279,Cob,10986,0,1,0,18,6
11749,4,2008030002019,1,8,8,6,5,1,2,CV-905,1,1,0,0,1,5,3,2,3,3,2,2,2,2,2,2,5,1,8,1,1,1,9,14,1,1,1,NaN,2,3,NaN,,NaN,,NaN,,NaN,NaN,NaN,NaN,1,4,2,1,1,1,1,1,2,1,1,1,1,1,1,1,1,1,1,2,1,1,698911.672,4215474.309,11.782,Pri,25974,0,0,1,18,6
11756,4,2008030002023,1,8,10,2,7,3,5,CV-821,8.8,8,8,1,1,5,2,3,3,2,2,2,1,1,1,1,7,7,8,1,1,1,9,14,3,1,1,NaN,2,NaN,30,29,NaN,,NaN,,NaN,NaN,NaN,NaN,1,4,2,1,2,1,1,1,1,1,1,1,1,1,1,1,1,1,1,2,1,1,717034.335,4252178.169,70.908,Cob,10986,0,0,2,6,1
11758,4,2008030002026,1,8,10,3,7,3,2,CV-905,0,0,0,0,1,5,2,2,3,3,2,1,2,1,2,2,4,6,8,1,1,1,9,14,1,1,1,NaN,1,2,NaN,,NaN,,NaN,,NaN,NaN,NaN,NaN,1,4,1,1,1,1,1,1,2,1,1,1,1,1,1,1,1,1,1,2,2,3,698062.729,4215016.961,1.517,Pri,25974,0,1,0,10,6