Id,Ano,Numero_Accidente,Provincia,Mes,Dia,Hora,Dia_Semana,Tipo_Dia,Vehiculos_Implicados,Carretera,Pk,Km,Hm,Sentido,Zona,Tipo_Via,Anchura_Calzada,Anchura_Carril,Marcas_Viales,Arcen,Arcen_Pavimentado,Mediana,Barrera_Seguridad,Paneles_Direccionales,Hitos_Arista,Captafaros,Interseccion_Tipo,Interseccion_Acondicionamiento,Prioridad_Regulada_por,Superficie,Luminosidad,Factores_Atmosfericos,Visibilidad_Restringida_por,Otras_Circunstancias,Senalizacion_Peligro,Aceras,Arboles,Arboles_Metros_Calzada,Visibilidad_Senalizacion_Vertical,Colision_Vehiculos_Marcha,Colision_Vehiculo_Obstaculo_1,Colision_Vehiculo_Obstaculo_2,Atropello_1,Atropello_2,Vuelco_1,Vuelco_2,Salida_Sin_Colision,Salida_Con_Colision,Lado_Salida,Otro,Circulacion,Circulacion_Medidas_Especiales,Distraccion,Inexperiencia_Conductor,Alcohol_Drogas,Cansancio_Sueno,Enfermedad,Velocidad_Inadecuada,Infraccion_Norma_Circulacion,Estado_Condicion_Via,Estado_Condicion_Senalizacion,Tramo_Obras,Mal_Estado_Vehiculo,Averia_Mecanica,Meteorologia_Adversa,Irrupcion_Animal,Circular_Sentido_Contrario,Otro_Factor,Sin_Opinion_Definida,Pendiente,Curvatura,Peralte,GPS_x,GPS_y,GPS_z,Tipo_Est,IMD,N_Muertos,N_Graves,N_Leves,Hora_Real,Fuera_o_Interseccion
11759,4,2008030002027,1,8,8,6,5,1,1,CV-855,0.3,0,3,0,1,5,2,2,3,3,2,1,1,1,2,2,7,7,8,1,5,1,9,14,3,1,1,NaN,2,NaN,NaN,,NaN,,NaN,,NaN,62,60,NaN,1,4,2,1,2,1,1,1,1,1,1,1,1,1,1,1,1,1,1,2,1,1,701567.829,4236272.207,39.724,Pri,5312,0,0,0,21,1
11760,4,2008030002031,1,8,9,6,6,2,1,CV-705,4.5,4,5,0,1,5,2,2,3,3,2,1,2,2,2,2,7,7,8,1,1,1,9,14,3,1,1,NaN,1,NaN,NaN,,NaN,,NaN,,66,NaN,60,NaN,1,4,2,1,1,1,1,1,1,1,1,1,1,1,1,1,1,1,1,2,1,1,724912.18,4298541.056,378.443,Cob,2067,0,0,0,19,1
11762,4,2008030002038,1,8,11,6,1,4,2,CV-915,4.2,4,2,1,1,5,2,2,3,2,2,1,1,1,1,1,5,3,3,1,3,1,1,14,1,2,1,NaN,2,2,NaN,,NaN,,NaN,,NaN,NaN,NaN,NaN,1,4,1,1,1,1,1,1,2,1,1,1,1,1,1,1,1,1,1,2,1,1,678351.279,4216417.592,1.903,Sec,10471,0,0,0,21,6
11764,4,2008030002041,1,8,11,4,1,4,2,CV-70,43.3,43,3,0,1,5,3,2,3,3,2,2,2,1,1,1,1,2,5,1,1,1,9,14,1,1,1,NaN,2,4,NaN,,NaN,,NaN,,NaN,NaN,NaN,NaN,1,4,1,1,1,1,1,1,2,1,1,1,1,1,1,1,1,1,1,2,1,2,749516.441,4277054.454,225.302,Cob,31192,0,0,0,12,6
11765,4,2008030002044,1,8,8,3,5,1,1,CV-809,0.9,0,9,0,1,5,3,2,3,3,2,1,1,2,2,2,7,7,8,1,1,1,9,14,3,1,1,NaN,1,NaN,NaN,,NaN,,NaN,,67,NaN,60,NaN,1,4,2,1,1,1,1,1,1,1,1,1,1,1,1,1,1,1,1,2,1,1,683599.585,4280414.999,480.728,Cob,3359,0,0,0,9,1
11769,4,2008030002055,1,8,12,4,2,1,2,CV-70,43.2,43,2,0,1,5,3,2,3,3,2,2,1,1,1,1,5,6,8,1,1,1,9,14,1,1,1,NaN,2,3,NaN,,NaN,,NaN,,NaN,NaN,NaN,NaN,1,4,1,1,1,1,1,1,2,1,1,1,1,1,1,1,1,1,1,2,1,2,749446.453,4277124.539,225.26,Cob,0,0,1,0,13,6
11770,4,2008030002056,1,8,11,6,1,1,1,CV-95,25.6,25,6,0,1,5,3,2,3,1,2,1,1,1,1,1,5,1,8,1,2,1,9,14,1,1,1,NaN,2,NaN,NaN,,NaN,,NaN,,67,NaN,60,NaN,1,4,1,1,1,1,1,2,1,1,1,1,1,1,1,1,1,1,1,2,1,1,699978.274,4204431.877,-0.117,Cob,21165,0,0,0,21,6
11776,4,2008030002062,1,8,11,4,1,1,4,CV-865,8.5,8,5,0,1,5,3,2,3,1,2,1,1,1,1,1,7,7,8,1,1,1,9,14,3,1,1,NaN,1,5,NaN,,NaN,,NaN,,NaN,NaN,NaN,NaN,2,4,1,1,1,1,1,1,2,1,1,1,1,1,1,1,1,1,1,2,1,1,710191.706,4233166.132,-18.54,Cob,14206,0,0,0,12,1
11777,4,2008030002063,1,8,10,1,7,3,1,CV-900,3,3,0,0,1,5,3,2,3,3,2,1,1,1,1,1,5,1,4,1,3,1,9,14,1,1,1,NaN,1,NaN,NaN,,NaN,,NaN,,NaN,51,50,NaN,1,4,2,1,2,1,1,2,1,1,1,1,1,1,1,1,1,1,1,2,2,2,683610.873,4220339.392,-3.245,Cob,5356,0,0,0,0,6
11779,4,2008030002066,1,8,13,3,3,1,2,CV-715,14,14,0,0,1,5,2,3,3,1,2,1,2,1,1,1,7,7,8,3,1,1,2,14,1,1,1,NaN,2,1,NaN,,NaN,,NaN,,NaN,NaN,NaN,NaN,1,4,1,1,1,1,1,1,2,1,1,1,1,1,1,1,1,2,1,2,1,1,755329.764,4294451.636,217,Cob,2659,0,0,0,10,4
11781,4,2008030002076,1,8,14,4,4,2,2,CV-725,0.5,0,5,1,1,5,3,2,3,4,2,1,2,1,2,2,4,6,8,1,1,1,9,14,2,1,1,NaN,2,1,NaN,,NaN,,NaN,,NaN,NaN,NaN,NaN,2,4,1,1,1,1,1,1,2,1,1,1,1,1,1,1,1,1,1,2,1,1,768470.733,4303582.087,-11.992,Pri,22177,0,0,1,14,6
11782,4,2008030002080,1,8,12,1,2,1,1,CV-95,9.6,9,6,1,1,5,3,2,3,3,2,1,1,1,1,1,7,7,8,1,5,1,9,14,2,1,1,NaN,1,NaN,NaN,,NaN,,NaN,,NaN,51,50,NaN,1,4,1,1,1,1,1,2,1,1,1,1,1,1,1,1,1,1,1,2,1,1,693506.155,4207094.383,37.244,Cob,10290,0,0,2,1,2
11783,4,2008030002082,1,8,15,6,5,3,1,CV-820,7,7,0,1,1,5,3,2,3,3,2,1,1,2,1,1,7,7,8,1,1,1,9,14,1,1,3,NaN,2,NaN,NaN,,NaN,,NaN,,NaN,53,50,NaN,1,4,2,1,1,1,1,1,1,1,1,1,1,1,1,1,1,1,1,2,1,1,701783.929,4255072.28,295.033,Cob,6724,0,1,1,17,2
11784,4,2008030002083,1,8,15,3,5,3,1,CV-949,3.4,3,4,1,1,5,2,3,3,3,2,1,1,1,1,1,7,7,8,1,1,1,9,14,3,1,1,NaN,1,NaN,NaN,,NaN,,NaN,,NaN,64,60,NaN,1,4,2,1,2,1,1,1,1,1,1,1,1,1,1,1,1,1,1,2,1,1,682084.771,4208581.434,107.364,Cob,793,0,0,0,9,1
11785,4,2008030002085,1,8,14,6,4,1,1,CV-91,19,19,0,1,1,5,3,2,3,3,2,1,1,1,1,1,7,7,8,1,1,1,9,14,3,1,1,NaN,1,NaN,30,32,NaN,,NaN,,NaN,NaN,NaN,NaN,1,4,1,1,1,1,1,1,1,1,1,1,1,1,1,1,1,2,1,2,1,1,687210.383,4218141.9,-18.596,Cob,8585,0,0,0,18,2
11799,4,2008030002088,1,8,16,6,6,2,3,CV-95,25.8,25,8,1,1,5,3,2,3,3,2,1,2,1,1,2,7,7,8,1,1,1,9,13,1,2,1,NaN,2,4,NaN,,NaN,,NaN,,NaN,NaN,NaN,NaN,2,4,2,1,1,1,1,1,2,1,1,1,1,1,1,1,1,1,1,2,1,1,681954.291,4216380.995,-3.655,Cob,21165,0,0,4,17,1
11800,4,2008030002092,1,8,16,4,6,2,1,CV-715,10,10,0,0,1,5,3,2,3,3,2,1,1,2,2,2,7,7,8,1,1,1,9,14,3,1,1,NaN,2,NaN,NaN,,NaN,,NaN,,NaN,62,60,NaN,1,4,1,1,1,1,1,1,1,1,1,1,1,1,1,1,1,1,2,2,1,2,754933.336,4297287.816,97.513,Cob,2659,0,0,0,14,2
11801,4,2008030002094,1,8,17,6,7,3,1,CV-91,8.8,8,8,1,1,5,3,2,3,3,2,1,1,2,1,1,7,7,8,1,1,1,9,14,1,1,1,NaN,1,NaN,NaN,,NaN,,NaN,,66,NaN,60,NaN,1,4,1,1,1,2,1,1,1,1,1,1,1,1,1,1,1,1,1,2,1,1,696817.566,4219301.729,-27.003,Pri,13282,0,0,1,18,1
11803,4,2008030002096,1,8,17,3,7,3,2,CV-95,24.8,24,8,1,1,5,3,2,3,1,2,1,1,1,2,1,7,7,8,1,1,1,9,13,1,1,1,NaN,2,4,NaN,,NaN,,NaN,,NaN,NaN,NaN,NaN,1,4,2,1,2,2,1,1,1,1,1,1,1,1,1,1,1,1,1,2,1,1,682736.906,4215796.227,-2.711,Cob,21165,0,0,0,8,1
11805,4,2008030002108,1,8,16,3,6,2,2,CV-840,6.3,6,3,0,1,5,2,3,3,3,2,1,1,1,1,1,1,1,3,1,1,1,9,14,2,1,3,NaN,2,2,NaN,,NaN,,NaN,,NaN,NaN,NaN,NaN,1,4,1,1,2,1,1,1,2,1,1,1,1,1,1,1,1,1,1,2,1,1,688586.85,4249145.573,361.495,Cob,4371,0,0,1,7,6
11807,4,2008030002110,1,8,18,4,1,1,2,CV-95,6.7,6,7,0,1,5,3,2,3,3,2,1,1,1,1,1,1,1,3,1,1,1,9,14,1,1,3,NaN,2,2,NaN,,NaN,,NaN,,NaN,NaN,NaN,NaN,1,4,1,1,1,1,1,1,2,1,1,1,1,1,1,1,1,1,1,2,1,2,685697.773,4214380.97,22.127,Cob,10290,0,0,1,14,7
11808,4,2008030002128,1,8,17,3,7,3,1,CV-705,4.8,4,8,1,1,5,3,2,3,3,2,1,1,2,1,1,1,1,8,1,1,1,9,14,1,1,3,NaN,2,NaN,NaN,,NaN,,NaN,,NaN,63,60,NaN,1,4,2,1,1,1,1,1,1,1,1,1,1,1,1,1,1,1,1,2,1,1,728096.671,4303283.181,449.242,Cob,2067,0,1,0,7,7
11810,4,2008030002136,1,8,19,6,2,1,2,CV-70,47.2,47,2,1,1,5,2,2,3,2,2,2,1,1,2,2,1,1,8,1,1,1,9,14,1,2,3,NaN,2,4,NaN,,NaN,,NaN,,NaN,NaN,NaN,NaN,1,4,1,1,1,1,1,1,2,1,1,1,1,1,1,1,1,1,1,2,2,3,723439.962,4286509.909,726.689,Per,25542,0,0,1,20,7
11812,4,2008030002137,1,8,18,6,1,4,2,CV-821,7.4,7,4,0,1,5,3,2,3,1,2,1,1,2,2,2,5,1,4,1,1,1,9,14,3,1,1,NaN,1,2,NaN,,NaN,,NaN,,NaN,NaN,NaN,NaN,1,4,2,1,1,1,1,1,1,1,1,1,1,1,1,1,1,1,1,2,1,1,722331.418,4253496.644,26.783,Cob,10986,0,0,1,18,6
11813,4,2008030002138,1,8,16,6,6,2,1,CV-734,3.4,3,4,0,1,5,2,3,2,3,2,1,1,1,1,1,7,7,8,1,4,1,9,14,2,1,3,NaN,1,NaN,NaN,,21,24,NaN,,NaN,NaN,NaN,NaN,1,4,1,1,1,1,1,1,1,1,1,1,1,1,1,2,1,1,1,2,1,1,770132.52,4296900.409,38.166,Sec,13367,0,0,0,22,1
11814,4,2008030002139,1,8,17,1,7,3,1,CV-905,6.7,6,7,1,1,5,3,2,3,3,2,2,1,2,2,2,7,7,8,1,3,1,9,14,3,1,1,NaN,2,NaN,NaN,,NaN,,NaN,,66,NaN,60,NaN,1,4,2,1,1,1,1,2,1,1,1,1,1,1,1,1,1,1,1,2,1,1,700459.616,4212443.844,-16.509,Cob,31158,0,1,0,0,2
11816,4,2008030002145,1,8,20,4,3,1,2,CV-720,38.7,38,7,0,1,5,2,3,3,3,2,1,2,2,2,2,1,1,2,1,1,1,2,14,1,1,1,NaN,2,2,NaN,,NaN,,NaN,,NaN,NaN,NaN,NaN,1,4,1,1,1,1,1,1,2,1,1,1,1,1,1,1,1,1,1,2,1,1,754627.634,4292623.306,254.355,Cob,2205,0,1,0,11,7
11819,4,2008030002148,1,8,20,1,3,1,2,CV-821,7.4,7,4,1,1,5,3,2,3,3,2,2,1,1,2,1,5,6,8,1,3,1,9,14,1,1,1,NaN,2,4,NaN,,NaN,,NaN,,NaN,NaN,NaN,NaN,1,4,2,1,1,1,1,1,1,1,1,1,1,1,1,1,1,1,1,2,1,1,718182.568,4252351.814,65.999,Cob,10986,0,0,0,1,6
11820,4,2008030002153,1,8,21,5,4,1,1,CV-724,3.8,3,8,0,1,5,2,2,3,3,2,1,1,1,1,1,7,7,8,1,1,1,9,14,2,1,3,NaN,1,NaN,NaN,,NaN,,NaN,,NaN,NaN,NaN,71,1,4,1,1,1,1,1,1,1,1,1,1,1,1,1,1,1,2,1,2,1,1,764898.033,4301795.401,8.062,Sec,6493,0,0,0,15,1
11823,4,2008030002170,1,8,15,4,5,3,3,CV-845,0.4,0,4,0,1,5,3,2,3,3,2,1,2,2,2,1,1,1,8,1,1,1,9,14,3,1,1,NaN,2,4,NaN,,NaN,,NaN,,NaN,NaN,NaN,NaN,1,4,2,1,1,1,1,1,2,1,1,1,1,1,1,1,1,1,1,2,1,1,693931.495,4244967.988,236.353,Sec,5894,0,0,0,14,6
11825,4,2008030002171,1,8,22,4,5,1,2,CV-95,5.3,5,3,1,1,5,3,2,3,3,2,1,2,2,1,1,7,7,8,1,1,1,9,14,3,1,3,NaN,1,NaN,NaN,,NaN,,NaN,,NaN,NaN,NaN,71,1,4,1,1,1,1,1,1,1,1,1,1,1,1,1,1,1,2,1,2,1,1,697140.558,4205417.96,24.155,Cob,12644,0,0,0,14,1
11828,4,2008030002181,1,8,23,6,6,2,1,CV-905,1.8,1,8,1,1,5,3,2,3,3,2,2,1,2,2,2,7,7,8,1,1,1,2,14,1,1,1,NaN,2,NaN,NaN,,NaN,,NaN,,NaN,51,50,NaN,2,4,1,1,1,1,1,2,1,1,1,1,1,1,1,1,1,1,1,2,2,2,702869.439,4208394.54,-18.988,Pri,25974,0,1,0,19,5
11829,4,2008030002184,1,8,24,3,7,3,1,CV-91,0.1,0,1,1,1,5,3,2,3,4,2,1,1,2,2,2,7,7,8,1,1,1,9,14,1,1,1,NaN,2,NaN,NaN,,NaN,,NaN,,NaN,61,60,NaN,1,4,1,1,2,1,1,2,1,1,1,1,1,1,1,1,1,1,1,2,2,1,705020.837,4219105.224,-24.132,Cob,8450,0,0,0,9,4
11832,4,2008030002204,1,8,25,4,1,1,2,CV-700,62,62,0,1,1,5,3,2,3,3,2,1,1,1,2,2,7,7,8,1,1,1,9,14,3,1,3,NaN,1,2,NaN,,NaN,,NaN,,NaN,NaN,NaN,NaN,1,4,1,1,1,1,1,1,2,1,1,1,1,1,1,1,1,1,1,2,2,3,714545.792,4295421.489,639.418,Cob,6702,0,0,0,14,1
11833,4,2008030002206,1,8,24,1,7,3,1,CV-855,10.3,10,3,0,1,5,3,1,3,1,2,1,1,1,1,1,7,7,8,1,5,1,9,14,3,1,1,NaN,1,NaN,NaN,,NaN,,NaN,,56,NaN,50,NaN,1,4,2,1,1,1,1,1,1,1,1,1,1,1,1,1,1,1,1,2,1,1,701348.8,4226536.887,-21.058,Cob,8570,0,0,1,2,1
11836,4,2008030002208,1,8,24,6,7,3,2,CV-91,1,1,0,0,1,5,3,2,3,3,2,1,2,2,2,2,7,7,8,1,3,1,9,14,1,1,1,NaN,2,2,NaN,,NaN,,NaN,,NaN,NaN,NaN,NaN,1,4,1,1,1,1,1,2,1,1,1,1,1,1,1,1,1,1,1,2,1,1,681955.657,4217827.252,-7.229,Cob,8450,0,0,4,20,5
11838,4,2008030002221,1,8,20,6,3,1,2,CV-820,20.1,20,1,0,1,5,3,2,3,3,2,2,2,2,2,2,5,6,4,1,1,1,9,14,1,2,1,NaN,2,3,NaN,,NaN,,NaN,,NaN,NaN,NaN,NaN,1,4,2,1,1,1,1,1,2,1,1,1,1,1,1,1,1,1,1,2,1,2,696615.481,4251788.1,207.645,Cob,0,0,0,0,18,7
11839,4,2008030002232,1,8,25,1,1,1,1,CV-855,12.6,12,6,1,1,5,2,2,3,3,2,1,1,2,2,1,7,7,8,1,5,1,9,14,3,1,1,NaN,1,NaN,NaN,,NaN,,NaN,,NaN,61,60,NaN,1,4,2,1,1,1,1,1,1,1,1,1,1,1,1,1,1,1,1,2,1,2,701695.072,4231675.253,0.737,Cob,3921,0,2,0,2,1
11841,4,2008030002235,1,8,26,6,2,1,2,CV-925,30.5,30,5,0,1,5,3,2,3,3,2,1,1,1,2,2,2,1,3,1,2,1,9,14,1,1,1,NaN,1,2,NaN,,NaN,,NaN,,NaN,NaN,NaN,NaN,1,4,1,1,1,1,1,1,2,1,1,1,1,1,1,1,1,1,1,2,1,1,692161.279,4195232.827,58.221,Sec,5348,0,0,0,19,6
11842,4,2008030002270,1,8,23,6,6,2,1,CV-724,5.5,5,5,0,1,5,2,2,3,1,2,1,1,1,1,1,7,7,8,1,1,1,1,14,1,1,1,NaN,2,NaN,NaN,,NaN,,NaN,,NaN,62,60,NaN,1,4,1,2,2,1,1,1,2,1,1,1,1,1,1,1,1,1,1,2,1,1,766033.908,4302885.099,-3.767,Cob,3448,0,0,0,19,1
11844,4,2008030002272,1,8,24,1,7,3,2,CV-734,3.8,3,8,1,1,5,3,2,3,4,2,1,1,1,1,1,7,7,8,1,4,1,9,14,3,1,3,NaN,1,4,NaN,,NaN,,NaN,,NaN,NaN,NaN,NaN,1,4,2,1,1,1,1,1,1,1,1,1,1,1,1,1,1,1,1,2,1,1,770482.938,4296796.786,24.643,Sec,13367,0,1,2,0,1
11848,4,2008030002324,1,8,27,6,3,1,2,CV-865,10.8,10,8,0,1,5,3,2,3,4,2,1,1,1,2,2,1,5,3,1,1,1,9,14,1,1,1,NaN,2,2,NaN,,NaN,,NaN,,NaN,NaN,NaN,NaN,1,4,2,1,1,1,1,1,2,1,1,1,1,1,1,1,1,1,1,2,1,1,711856.563,4231670.231,-13.426,Sec,17817,0,0,2,18,7
11849,4,2008030002328,1,8,30,3,6,2,1,CV-905,3.4,3,4,1,1,5,3,2,3,3,2,2,1,1,2,2,7,7,8,1,1,1,9,14,1,1,1,NaN,2,NaN,NaN,,NaN,,NaN,,NaN,63,60,NaN,1,4,1,1,1,1,1,2,1,1,1,1,1,1,1,1,1,1,1,2,1,1,702339.687,4209866.366,-18.06,Pri,25974,0,0,0,9,4
11850,4,2008030002330,1,8,30,4,6,2,1,CV-827,8,8,0,1,1,5,2,2,3,1,2,1,1,2,1,1,7,7,8,1,1,1,9,14,1,1,1,NaN,2,NaN,NaN,,NaN,,NaN,,NaN,53,50,NaN,1,4,1,1,1,1,1,2,1,1,1,1,1,1,1,1,1,1,1,2,1,1,707330.229,4262416.855,587.55,Cob,374,0,1,0,12,4
11851,4,2008030002333,1,8,31,3,7,3,1,CV-70,48.2,48,2,1,1,5,3,3,3,3,2,2,1,1,1,1,7,7,8,1,1,1,9,14,1,2,3,NaN,2,NaN,30,32,NaN,,NaN,,NaN,NaN,NaN,NaN,1,4,2,1,1,1,1,1,1,1,1,1,1,1,1,1,1,1,1,2,2,2,722674.425,4286114.123,722.796,Per,25542,0,0,1,10,2
11852,4,2008030002334,1,8,25,6,1,1,1,CV-84,4.2,4,2,0,1,5,3,2,3,4,2,2,1,2,2,2,5,3,4,1,1,1,9,14,1,1,1,NaN,2,NaN,NaN,,NaN,,NaN,,66,NaN,60,NaN,1,4,1,2,1,1,1,2,1,1,1,1,1,1,1,1,1,1,1,2,2,1,696596.149,4243605.835,223.111,Sec,22192,0,0,0,18,6
11854,4,2008030002342,1,9,1,4,1,4,2,CV-800,14.6,14,6,1,1,5,3,2,3,4,2,1,2,2,2,1,7,7,5,1,1,1,9,14,1,1,3,NaN,2,1,NaN,,NaN,,NaN,,NaN,NaN,NaN,NaN,1,4,2,1,1,1,2,1,2,1,1,1,1,1,1,1,1,1,1,2,2,2,717661.156,4272147.363,586.416,Sec,6005,0,2,0,13,2
11856,4,2008030002344,1,9,1,3,1,1,2,CV-91,14.9,14,9,1,1,5,3,2,3,3,2,1,1,2,2,2,5,1,8,1,1,1,9,14,1,1,3,NaN,2,3,NaN,,NaN,,NaN,,NaN,NaN,NaN,NaN,1,4,1,1,1,1,1,1,2,1,1,1,1,1,1,1,1,1,1,2,1,1,691208.699,4217989.509,-18.49,Pri,13282,0,0,0,10,6
11858,4,2008030002353,1,8,27,4,3,1,2,CV-800,8.1,8,1,0,1,5,2,2,3,3,2,1,2,2,2,1,7,7,8,1,1,1,9,14,3,1,1,NaN,2,3,NaN,,NaN,,NaN,,NaN,NaN,NaN,NaN,1,4,1,2,1,1,1,1,1,1,1,1,1,1,1,1,1,1,1,2,1,1,718561.603,4275024.321,943.563,Sec,6005,0,0,0,14,1
11859,4,2008030002362,1,8,28,4,4,1,1,CV-806,2.6,2,6,0,1,5,3,2,3,4,2,1,1,2,2,2,7,7,8,1,1,1,9,14,1,1,1,NaN,1,NaN,NaN,,NaN,,NaN,,NaN,51,50,NaN,1,4,1,1,1,1,1,2,1,1,1,1,1,1,1,1,1,1,1,2,1,1,705417.076,4276149.772,676.768,Cob,4299,0,1,0,14,5
11861,4,2008030002365,1,9,3,3,3,1,2,CV-734,5.7,5,7,1,1,5,3,2,3,3,2,1,1,2,2,2,1,1,8,1,1,1,9,14,1,1,3,NaN,2,2,NaN,,NaN,,NaN,,NaN,NaN,NaN,NaN,1,4,2,1,1,1,1,1,2,1,1,1,1,1,1,1,1,1,1,2,1,1,768705.745,4297445.731,46.313,Sec,13367,0,1,1,8,6
11862,4,2008030002371,1,9,4,3,4,1,1,CV-821,4.9,4,9,0,1,5,2,3,3,2,2,1,1,1,1,1,5,3,6,1,1,1,9,14,1,1,1,NaN,2,NaN,NaN,,21,21,NaN,,NaN,NaN,NaN,NaN,1,4,2,1,1,1,1,1,1,1,1,1,1,1,1,1,1,1,1,2,1,1,720445.22,4253532.481,50.014,Sec,30367,0,0,1,9,6
11864,4,2008030002378,1,9,4,4,4,1,2,CV-95,12.6,12,6,1,1,5,3,2,3,3,2,1,2,2,1,1,7,7,8,1,1,1,9,14,2,1,3,NaN,1,2,NaN,,NaN,,NaN,,NaN,NaN,NaN,NaN,1,4,1,1,1,1,1,1,2,1,1,1,1,1,1,1,1,1,1,2,1,1,691666.582,4209269.544,50.75,Cob,10290,0,0,2,13,1
11865,4,2008030002386,1,9,1,6,1,1,1,CV-720,48.3,48,3,0,1,5,3,2,3,3,2,1,1,2,1,1,7,7,8,1,5,1,9,14,1,1,1,NaN,2,NaN,NaN,,NaN,,NaN,,NaN,64,60,NaN,1,4,2,1,1,1,1,2,1,1,1,1,1,1,1,1,1,1,1,2,1,1,761400.304,4296730.584,120.07,Cob,2205,0,1,0,21,4
11868,4,2008030002387,1,9,5,1,5,1,2,CV-951,5.2,5,2,0,1,5,2,2,3,3,2,1,1,1,1,1,1,1,3,1,5,1,9,14,1,1,1,NaN,2,2,NaN,,NaN,,NaN,,NaN,NaN,NaN,NaN,1,4,1,1,2,1,1,1,2,1,1,1,1,1,1,1,1,1,1,2,1,1,688419.149,4206430.042,84.517,Cob,1816,0,1,2,2,6
11869,4,2008030002399,1,9,7,2,7,3,1,CV-865,5.3,5,3,0,1,5,3,2,3,4,2,1,1,1,1,1,7,7,5,1,5,1,9,14,3,1,1,NaN,1,NaN,NaN,,NaN,,NaN,,NaN,51,50,NaN,1,4,1,1,1,1,1,1,2,1,1,1,1,1,1,2,1,1,1,2,1,1,707585.799,4234957.058,8.538,Cob,14206,0,0,1,5,1
11871,4,2008030002407,1,9,8,3,1,1,2,CV-895,1.1,1,1,1,1,5,3,2,3,4,2,1,1,1,2,2,3,4,3,1,1,1,9,14,1,1,1,NaN,2,1,NaN,,NaN,,NaN,,NaN,NaN,NaN,NaN,1,4,1,1,1,1,1,1,2,1,1,1,1,1,1,1,1,1,1,2,1,1,704830.554,4215518.112,5.083,Cob,7055,0,0,1,10,6
11872,4,2008030002408,1,9,6,1,6,2,1,CV-865,8.1,8,1,1,1,5,3,2,3,4,2,1,1,1,1,1,7,7,8,1,5,1,9,14,3,1,1,NaN,2,NaN,NaN,,NaN,,NaN,,66,NaN,60,NaN,1,4,2,1,1,1,1,1,1,1,1,1,1,1,1,1,1,1,1,2,1,1,706641.123,4235574.262,17.144,Cob,14206,0,0,2,0,1
11874,4,2008030002413,1,9,5,6,5,1,1,CV-821,6,6,0,0,1,5,3,2,3,1,2,1,1,1,2,2,5,1,8,1,3,1,9,14,3,1,1,NaN,1,NaN,NaN,,NaN,,NaN,,67,NaN,60,NaN,1,4,1,2,1,1,1,2,1,1,1,1,1,1,1,1,1,1,1,2,1,1,721301.285,4254176.069,37.678,Cob,10986,0,0,0,22,6
11875,4,2008030002432,1,9,6,1,6,2,1,CV-945,5.7,5,7,0,1,5,2,3,3,3,2,1,2,2,1,1,7,7,8,1,5,1,9,14,1,1,3,NaN,2,NaN,NaN,,NaN,,NaN,,56,NaN,50,NaN,1,4,1,1,2,1,1,2,1,1,1,1,1,1,1,1,1,1,1,2,1,1,695328.283,4210957.402,2.719,Cob,6003,0,0,0,23,5
11877,4,2008030002433,1,9,9,6,2,1,2,CV-855,1.3,1,3,0,1,5,3,2,3,3,2,2,1,2,1,1,5,2,8,1,3,1,9,14,1,1,1,NaN,2,3,NaN,,NaN,,NaN,,NaN,NaN,NaN,NaN,1,4,2,2,1,1,1,2,2,1,1,1,1,1,1,1,1,1,1,2,1,1,701349.717,4235308.18,30.088,Pri,5312,0,0,1,20,6
11879,4,2008030002439,1,9,10,1,3,1,2,CV-914,3.4,3,4,0,1,5,2,3,3,1,2,1,1,1,1,1,1,1,8,1,5,1,9,14,3,1,3,NaN,1,1,NaN,,NaN,,NaN,,NaN,NaN,NaN,NaN,1,4,1,1,2,1,1,1,2,1,1,1,1,1,1,1,1,1,1,2,1,1,691953.71,4219077.955,-10.649,Cob,3934,0,0,1,23,7
11880,4,2008030002445,1,9,6,2,6,2,1,CV-905,2.9,2,9,1,1,5,3,2,3,3,2,2,1,1,1,1,7,7,8,1,5,1,9,14,3,1,1,NaN,2,NaN,NaN,,NaN,,NaN,,NaN,63,60,NaN,1,4,1,1,2,2,1,1,1,1,1,1,1,1,1,1,1,1,1,2,1,1,702543.341,4209427.041,-18.68,Pri,25974,0,0,0,6,1
11881,4,2008030002446,1,9,11,5,4,1,1,CV-821,1.3,1,3,0,1,5,2,2,3,3,2,2,1,1,1,1,1,1,3,1,1,1,9,14,3,2,3,NaN,2,NaN,NaN,,NaN,,12,9,NaN,NaN,NaN,NaN,1,4,1,1,1,1,1,1,1,1,1,1,1,1,1,1,1,2,1,2,1,1,717424.142,4252527.276,68.81,Sec,30367,0,0,1,15,6
11882,4,2008030002449,1,9,8,1,1,4,1,CV-720,49,49,0,0,1,5,2,3,3,3,2,1,1,1,1,1,7,7,8,1,5,1,9,14,3,1,1,NaN,1,NaN,NaN,,NaN,,NaN,,NaN,62,60,NaN,1,4,2,1,2,1,1,1,1,1,1,1,1,1,1,1,1,1,1,2,1,2,761803.624,4297139.085,99.709,Cob,2205,0,0,0,1,1
11883,4,2008030002467,1,9,12,6,5,1,1,CV-895,4.7,4,7,1,1,5,2,2,3,3,2,1,1,1,1,1,7,7,8,1,1,1,9,7,1,1,3,NaN,2,NaN,NaN,,NaN,,NaN,,66,NaN,60,NaN,1,4,2,1,1,1,1,1,1,1,1,1,1,1,1,1,1,1,1,2,1,1,701579.296,4214685.374,-5.188,Cob,7055,1,0,0,17,1