Id,Ano,Numero_Accidente,Provincia,Mes,Dia,Hora,Dia_Semana,Tipo_Dia,Vehiculos_Implicados,Carretera,Pk,Km,Hm,Sentido,Zona,Tipo_Via,Anchura_Calzada,Anchura_Carril,Marcas_Viales,Arcen,Arcen_Pavimentado,Mediana,Barrera_Seguridad,Paneles_Direccionales,Hitos_Arista,Captafaros,Interseccion_Tipo,Interseccion_Acondicionamiento,Prioridad_Regulada_por,Superficie,Luminosidad,Factores_Atmosfericos,Visibilidad_Restringida_por,Otras_Circunstancias,Senalizacion_Peligro,Aceras,Arboles,Arboles_Metros_Calzada,Visibilidad_Senalizacion_Vertical,Colision_Vehiculos_Marcha,Colision_Vehiculo_Obstaculo_1,Colision_Vehiculo_Obstaculo_2,Atropello_1,Atropello_2,Vuelco_1,Vuelco_2,Salida_Sin_Colision,Salida_Con_Colision,Lado_Salida,Otro,Circulacion,Circulacion_Medidas_Especiales,Distraccion,Inexperiencia_Conductor,Alcohol_Drogas,Cansancio_Sueno,Enfermedad,Velocidad_Inadecuada,Infraccion_Norma_Circulacion,Estado_Condicion_Via,Estado_Condicion_Senalizacion,Tramo_Obras,Mal_Estado_Vehiculo,Averia_Mecanica,Meteorologia_Adversa,Irrupcion_Animal,Circular_Sentido_Contrario,Otro_Factor,Sin_Opinion_Definida,Pendiente,Curvatura,Peralte,GPS_x,GPS_y,GPS_z,Tipo_Est,IMD,N_Muertos,N_Graves,N_Leves,Hora_Real,Fuera_o_Interseccion
11885,4,2008030002475,1,9,14,3,7,3,2,CV-736,0.8,0,8,1,1,5,2,3,3,1,2,1,2,2,2,2,7,7,8,1,1,1,2,14,1,1,3,NaN,2,1,NaN,,NaN,,NaN,,NaN,NaN,NaN,NaN,1,4,2,1,1,1,1,1,1,1,1,1,1,1,1,1,1,1,1,2,2,2,774482.139,4298845.861,83.71,Cob,4048,0,0,1,9,5
11887,4,2008030002480,1,9,15,5,1,4,2,CV-865,0.6,0,6,1,1,5,2,2,3,3,2,1,1,1,1,1,2,5,3,1,1,1,9,14,3,1,1,NaN,2,2,NaN,,NaN,,NaN,,NaN,NaN,NaN,NaN,1,4,1,1,1,1,1,1,2,1,1,1,1,1,1,1,1,1,1,2,1,1,712680.828,4231179.757,-20.469,Cob,14206,0,0,2,15,7
11889,4,2008030002485,1,9,13,3,6,2,2,CV-865,6.6,6,6,1,1,5,2,2,3,4,2,1,1,1,1,1,1,1,8,1,1,1,9,14,1,1,1,NaN,1,4,NaN,,NaN,,NaN,,NaN,NaN,NaN,NaN,1,4,2,1,1,1,1,1,2,1,1,1,1,1,1,1,1,1,1,2,1,1,707974.888,4234712.141,2.979,Cob,14206,0,1,0,10,6
11890,4,2008030002488,1,9,13,2,6,2,1,CV-815,2.1,2,1,0,1,5,3,2,3,3,2,1,1,1,2,2,5,6,4,1,5,1,9,14,1,1,1,NaN,2,NaN,NaN,,NaN,,NaN,,NaN,52,50,NaN,1,4,2,1,1,1,1,2,1,1,1,1,1,1,1,1,1,1,1,2,2,1,703080.994,4276101.878,627.672,Cob,4038,0,0,0,6,6
11892,4,2008030002492,1,9,12,5,5,1,2,CV-821,3.5,3,5,0,1,5,3,2,3,3,2,2,1,1,2,2,5,6,4,1,1,1,9,14,1,1,1,NaN,2,2,NaN,,NaN,,NaN,,NaN,NaN,NaN,NaN,1,4,2,1,1,1,1,1,2,1,1,1,1,1,1,1,1,1,1,2,1,1,719324.93,4252803.54,49.862,Sec,30367,0,0,0,16,6
11894,4,2008030002498,1,9,15,4,1,4,2,CV-70,46.1,46,1,0,1,5,3,2,3,1,2,1,1,1,1,1,5,6,8,1,1,1,9,14,3,2,3,NaN,2,4,NaN,,NaN,,NaN,,NaN,NaN,NaN,NaN,1,4,1,1,1,1,1,1,2,1,1,1,1,1,1,1,1,2,1,2,1,1,750382.568,4274947.929,167.364,Per,25542,0,0,2,11,7
11895,4,2008030002505,1,9,17,4,3,1,1,CV-914,1.9,1,9,0,1,5,2,2,1,1,2,1,1,1,1,1,7,7,8,1,1,1,9,14,3,1,1,NaN,1,NaN,NaN,,NaN,,NaN,,66,NaN,60,NaN,1,4,2,1,1,1,1,1,1,1,1,1,1,1,1,1,1,1,1,2,1,1,690566.672,4218530.193,-10.244,Cob,3934,0,1,0,13,1
11897,4,2008030002506,1,9,16,6,2,1,2,CV-775,0.3,0,3,1,1,5,2,2,3,3,2,1,2,1,1,1,5,1,4,1,3,1,9,14,3,1,1,NaN,2,2,NaN,,NaN,,NaN,,NaN,NaN,NaN,NaN,1,4,1,1,1,1,1,1,2,1,1,1,1,1,1,1,1,1,1,2,2,2,738222.743,4274591.979,260.711,Cob,1705,0,1,0,21,6
11898,4,2008030002519,1,9,18,4,4,1,1,CV-700,19.1,19,1,0,1,5,2,3,3,1,2,1,1,2,1,1,7,7,8,1,1,1,9,14,1,1,3,NaN,2,NaN,NaN,,NaN,,NaN,,68,NaN,60,NaN,1,4,2,1,2,1,1,1,1,1,1,1,1,1,1,1,1,1,1,2,1,1,725028.808,4295659.659,335.247,Cob,3060,0,0,0,13,1
11902,4,2008030002528,1,9,18,4,4,1,2,CV-870,0.2,0,2,0,1,5,3,2,3,3,2,1,2,2,1,1,1,2,5,1,1,1,9,8,1,1,3,NaN,1,4,NaN,,NaN,,NaN,,NaN,NaN,NaN,NaN,1,4,2,1,1,1,1,1,1,1,1,1,1,1,1,1,1,1,1,2,1,1,681291.72,4220445.825,4.18,Cob,0,0,0,0,11,6
11903,4,2008030002530,1,9,21,2,7,3,1,CV-800,8.5,8,5,1,1,5,3,2,3,3,2,1,2,2,2,1,7,7,8,1,5,1,9,14,2,1,3,NaN,2,NaN,NaN,,NaN,,NaN,,56,NaN,50,NaN,1,4,2,1,1,2,1,2,1,1,1,1,1,1,1,1,1,1,1,2,1,1,717959.568,4274115.609,889.476,Sec,6005,0,0,1,6,5
11904,4,2008030002532,1,9,13,6,6,2,1,CV-820,5.6,5,6,0,1,5,3,2,3,3,2,1,1,2,1,1,7,7,8,1,3,1,9,14,1,1,1,NaN,1,NaN,NaN,,NaN,,NaN,,NaN,63,60,NaN,1,4,2,1,1,1,1,2,1,1,1,1,1,1,1,1,1,1,1,2,1,1,708737.299,4255456.388,197.843,Cob,6724,0,1,0,20,5
11905,4,2008030002533,1,9,21,6,7,3,1,CV-855,2.1,2,1,0,1,5,3,2,3,1,2,2,2,2,2,1,5,3,4,1,1,1,9,14,1,1,1,NaN,2,NaN,NaN,,NaN,,NaN,,NaN,63,60,NaN,1,4,1,1,1,1,1,2,2,1,1,1,1,1,1,1,1,1,1,2,1,1,701371.885,4234520.201,22.354,Pri,5312,0,0,0,19,6
11907,4,2008030002534,1,9,22,3,1,4,2,CV-905,8,8,0,0,1,5,3,2,3,3,2,2,1,1,1,1,7,7,8,3,1,1,9,14,3,1,3,NaN,1,4,NaN,,NaN,,NaN,,NaN,NaN,NaN,NaN,1,4,1,1,1,1,1,2,1,1,1,1,1,1,1,1,1,1,1,2,1,1,702386.809,4209757.539,-18.644,Cob,31158,0,0,0,9,1
11909,4,2008030002540,1,9,19,6,5,1,2,CV-845,14.1,14,1,0,1,5,3,2,3,3,2,1,1,1,1,1,1,1,8,1,1,1,9,14,1,1,1,NaN,2,2,NaN,,NaN,,NaN,,NaN,NaN,NaN,NaN,1,4,1,1,1,1,1,1,2,1,1,1,1,1,1,1,1,1,1,2,1,1,682292.761,4239308.071,401.977,Cob,2699,0,0,0,17,6
11911,4,2008030002544,1,9,22,5,1,4,2,CV-940,1,1,0,1,1,5,3,2,3,3,2,1,1,1,1,1,1,1,8,1,1,1,9,14,2,1,1,NaN,1,3,NaN,,NaN,,NaN,,NaN,NaN,NaN,NaN,1,4,1,1,1,1,1,1,2,1,1,1,1,1,1,1,1,1,1,2,1,2,697653.928,4216339.566,-12.497,Cob,6124,0,0,0,15,6
11913,4,2008030002547,1,9,23,6,2,1,2,CV-945,3.2,3,2,0,1,5,2,2,3,3,2,1,1,1,1,1,7,7,8,1,2,1,9,14,3,1,3,NaN,2,4,NaN,,NaN,,NaN,,NaN,NaN,NaN,NaN,2,4,1,1,1,1,1,1,2,1,1,1,1,1,1,1,1,1,1,2,1,1,697716.114,4211472.037,-9.02,Sec,12033,0,0,0,19,1
11916,4,2008030002552,1,9,23,6,2,1,1,CV-800,20.8,20,8,1,1,5,2,2,3,3,2,1,1,2,2,2,7,7,8,3,1,4,9,14,1,1,1,NaN,1,NaN,NaN,,NaN,,NaN,,NaN,NaN,NaN,71,1,4,1,1,1,1,1,2,1,2,1,1,1,1,2,1,1,1,1,2,1,1,718145.744,4267568.834,339.729,Cob,1402,0,0,0,19,5
11918,4,2008030002565,1,9,27,5,6,2,2,CV-895,1.5,1,5,0,1,5,3,2,3,3,2,1,1,1,2,2,7,7,8,1,1,1,9,14,3,1,1,NaN,1,4,NaN,,NaN,,NaN,,NaN,NaN,NaN,NaN,1,4,1,1,1,1,1,1,2,1,1,1,1,1,1,1,1,1,1,2,1,1,701115.881,4214009.523,-12.495,Cob,7055,0,0,0,16,1
11919,4,2008030002567,1,9,28,2,7,3,1,CV-734,0.1,0,1,1,1,5,3,2,3,3,2,1,1,1,1,1,7,7,8,1,5,1,9,14,3,1,1,NaN,1,NaN,NaN,,NaN,,NaN,,NaN,63,60,NaN,1,4,2,1,2,1,1,1,1,1,1,1,1,1,1,1,1,1,1,2,1,1,773867.451,4297325.567,-1.938,Sec,13367,0,0,0,5,1
11921,4,2008030002568,1,9,28,3,7,3,1,CV-905,2.6,2,6,0,1,5,3,2,3,3,2,1,1,1,1,1,5,3,4,3,4,4,9,14,1,1,3,NaN,2,NaN,NaN,,NaN,,NaN,,NaN,53,50,NaN,1,4,2,1,1,1,1,1,1,1,1,1,1,1,1,1,1,1,1,2,1,1,699745.852,4214260.46,1.749,Pri,25974,0,0,0,7,6
11923,4,2008030002569,1,9,24,6,3,1,2,CV-715,22.5,22,5,1,1,5,3,2,3,1,2,1,1,2,2,2,7,7,8,3,5,4,9,14,1,1,3,NaN,2,2,NaN,,NaN,,NaN,,NaN,NaN,NaN,NaN,1,4,1,1,1,1,1,2,2,1,1,1,1,1,1,1,1,1,1,2,1,1,755050.211,4289953.044,548.933,Cob,2659,0,0,0,19,5
11924,4,2008030002570,1,9,25,3,4,1,1,CV-941,4.8,4,8,1,1,5,2,2,3,3,2,1,1,1,1,1,7,7,5,1,1,1,9,14,2,1,1,NaN,1,NaN,NaN,,NaN,,NaN,,NaN,52,50,NaN,1,4,1,1,1,2,1,1,1,1,1,1,1,1,1,1,1,1,1,2,1,1,694010.962,4201797.111,92.476,Sec,4444,0,1,0,10,1
11926,4,2008030002571,1,9,25,6,4,1,2,CV-715,6,6,0,1,1,5,3,2,3,3,2,1,2,2,2,2,7,7,8,3,5,1,9,14,1,1,3,NaN,2,3,NaN,,NaN,,NaN,,NaN,NaN,NaN,NaN,1,4,2,1,1,1,1,2,2,1,1,1,1,1,1,1,1,1,1,2,1,1,751869.295,4282734.419,148.383,Cob,5454,0,0,1,21,5
11930,4,2008030002575,1,9,25,5,4,1,2,CV-900,1.7,1,7,0,1,5,2,2,3,3,2,1,1,1,1,1,1,1,8,1,1,1,9,14,1,1,1,NaN,2,1,NaN,,NaN,,NaN,,NaN,NaN,NaN,NaN,1,4,1,1,1,1,1,1,2,1,1,1,1,1,1,1,1,1,1,2,1,1,682552.74,4219642.795,-1.333,Cob,8167,0,0,2,16,7
11931,4,2008030002577,1,9,25,3,4,1,1,CV-935,4.9,4,9,1,1,5,2,2,4,3,2,1,1,1,1,1,7,7,5,3,1,1,2,14,2,1,1,NaN,1,NaN,NaN,,NaN,,NaN,,NaN,64,60,NaN,1,4,2,1,1,1,1,2,1,1,1,1,1,1,1,1,1,1,1,2,1,1,694549.329,4215498.457,61.293,Sec,2456,0,0,0,10,2
11935,4,2008030002579,1,9,29,4,1,1,1,CV-799,10.9,10,9,0,1,5,3,2,3,3,2,1,2,2,2,2,7,7,8,1,1,1,2,14,1,1,1,NaN,2,NaN,NaN,,NaN,,NaN,,66,NaN,60,NaN,1,4,1,1,1,1,1,2,1,1,1,1,1,1,1,1,1,1,1,2,1,1,696983.759,4276589.872,776.498,Cob,3707,0,1,4,14,1
11937,4,2008030002581,1,9,28,6,7,3,2,CV-775,6,6,0,1,1,5,3,2,3,3,2,1,2,2,1,1,1,6,8,3,1,5,9,14,1,1,3,NaN,2,2,NaN,,NaN,,NaN,,NaN,NaN,NaN,NaN,1,4,2,1,2,1,1,2,2,1,1,1,1,1,1,1,1,1,1,2,2,1,734722.348,4275017.383,417.205,Cob,1705,0,0,0,19,7
11938,4,2008030002585,1,9,28,6,7,3,1,CV-755,7.5,7,5,0,1,5,2,3,3,3,2,1,1,1,1,1,7,7,4,1,5,1,9,14,1,1,1,NaN,2,NaN,NaN,,NaN,,NaN,,NaN,63,60,NaN,1,4,1,1,1,1,1,2,1,1,1,1,1,1,1,1,1,1,1,2,2,2,747023.292,4283445.198,219.05,Cob,606,0,0,1,21,5
11939,4,2008030002587,1,9,29,4,1,4,1,CV-70,38.1,38,1,0,1,5,2,2,3,4,2,1,2,2,1,1,7,7,5,1,1,1,9,14,1,1,1,NaN,2,NaN,NaN,,NaN,,NaN,,NaN,61,60,NaN,1,4,1,1,1,1,1,1,1,1,1,1,1,2,1,1,1,2,1,1,1,1,747113.02,4281030.547,354.712,Cob,1833,0,1,0,12,5
11942,4,2008030002592,1,9,30,5,2,1,2,CV-925,30.5,30,5,1,1,5,2,2,3,3,2,1,1,2,1,1,2,1,3,1,1,1,9,14,1,1,1,NaN,2,2,NaN,,NaN,,NaN,,NaN,NaN,NaN,NaN,1,4,1,1,1,1,1,1,2,1,1,1,1,1,1,1,1,1,1,2,1,1,681619.884,4215371.901,-5.856,Sec,5348,0,0,1,15,6
11945,4,2008030002594,1,9,30,5,2,1,1,CV-91,21.5,21,5,0,1,5,3,2,3,4,2,1,2,2,1,1,7,7,8,1,1,1,9,14,1,1,1,NaN,2,NaN,NaN,,NaN,,NaN,,66,NaN,60,NaN,1,4,2,1,1,1,1,1,1,1,1,1,1,1,1,1,1,1,1,2,1,1,701524.71,4218987.452,-22.06,Cob,8585,0,0,4,16,2
11947,4,2008030002596,1,9,26,6,5,1,2,CV-905,9,9,0,0,1,5,3,2,3,3,2,2,1,1,1,1,7,7,8,1,3,1,9,13,2,1,1,NaN,2,4,NaN,,NaN,,NaN,,NaN,NaN,NaN,NaN,1,4,1,1,1,1,1,1,2,1,1,1,1,1,1,1,1,1,1,2,1,1,702704.304,4208839.843,-19.001,Cob,31158,0,0,0,20,1
11948,4,2008030002604,1,9,28,1,7,3,1,CV-821,4.2,4,2,0,1,5,3,2,3,3,2,2,1,1,1,1,5,1,4,1,3,1,9,14,1,2,2,3,1,NaN,NaN,,NaN,,NaN,,NaN,61,60,NaN,1,4,2,1,2,2,1,2,2,1,1,1,1,1,1,1,1,1,1,2,1,1,719880.982,4253153.651,48.33,Sec,30367,0,0,2,3,6
11950,4,2008030002610,1,10,1,6,3,1,2,CV-95,25.1,25,1,1,1,5,3,2,3,1,2,1,1,1,1,1,5,3,4,1,2,1,9,14,1,1,1,NaN,2,4,NaN,,NaN,,NaN,,NaN,NaN,NaN,NaN,1,4,1,1,2,1,1,1,2,1,1,1,1,1,1,1,1,1,1,2,1,1,682420.036,4216033.911,-3.538,Cob,21165,0,0,0,19,7
11951,4,2008030002611,1,9,30,1,2,1,1,CV-736,5,5,0,1,1,5,2,3,3,1,2,1,2,1,1,1,7,7,8,1,5,1,2,2,1,1,1,NaN,2,NaN,NaN,,NaN,,NaN,,NaN,64,60,NaN,1,4,2,1,2,1,1,1,1,1,1,1,1,1,1,1,1,1,1,2,1,1,773378.198,4301398.844,56.424,Cob,4048,0,0,0,1,2
11953,4,2008030002627,1,10,3,4,5,1,2,CV-91,7.9,7,9,1,1,5,3,2,3,3,2,1,1,1,2,1,1,1,8,1,1,1,9,14,2,1,1,NaN,1,4,NaN,,NaN,,NaN,,NaN,NaN,NaN,NaN,1,4,2,1,1,1,1,1,2,1,1,1,1,1,1,1,1,1,1,2,1,1,697704.109,4219310.315,-27.193,Sec,13575,0,0,0,11,6
11954,4,2008030002629,1,10,4,1,6,2,1,CV-700,65.4,65,4,0,1,5,2,2,3,3,2,1,2,1,1,1,7,7,5,1,5,1,9,14,3,1,1,NaN,2,NaN,NaN,,21,24,NaN,,NaN,NaN,NaN,NaN,1,4,1,1,1,1,1,1,1,1,1,1,1,1,1,1,1,2,1,2,1,1,757817.045,4304937.054,-15.915,Cob,6702,0,0,0,1,1
11955,4,2008030002631,1,10,4,2,6,2,1,CV-821,5,5,0,0,1,5,3,2,3,4,2,1,2,1,2,2,5,1,8,1,2,1,9,14,1,1,1,NaN,2,NaN,NaN,,NaN,,NaN,,NaN,51,50,NaN,1,4,2,1,2,1,1,1,1,1,1,1,1,1,1,1,1,1,1,2,1,1,720535.453,4253572.925,48.63,Sec,30367,0,0,0,6,6
11956,4,2008030002633,1,10,3,6,5,1,1,CV-820,18.1,18,1,1,1,5,3,3,3,3,2,1,2,2,1,1,7,7,8,1,2,1,9,14,1,1,3,NaN,2,NaN,NaN,,NaN,,NaN,,NaN,63,60,NaN,1,4,2,1,2,1,1,1,2,1,1,1,1,1,1,1,1,1,1,2,1,1,711511.023,4254880.061,146.971,Pri,2934,0,1,0,19,1
11957,4,2008030002634,1,10,4,5,6,2,1,CV-925,8.4,8,4,1,1,5,2,2,3,1,2,1,1,1,1,1,7,7,8,1,1,1,9,14,2,1,3,NaN,1,NaN,NaN,,NaN,,NaN,,66,NaN,60,NaN,1,4,2,1,1,1,1,1,1,1,1,1,1,1,1,1,1,1,1,2,1,1,687207.907,4198745.082,176.622,Cob,1516,0,0,1,16,2
11959,4,2008030002635,1,10,4,6,6,2,2,CV-912,5.6,5,6,1,1,5,2,2,3,1,2,1,1,2,1,1,7,7,8,1,1,1,9,14,1,1,1,NaN,2,3,NaN,,NaN,,NaN,,NaN,NaN,NaN,NaN,1,4,1,1,1,1,1,1,2,1,1,1,1,1,1,1,1,1,1,2,1,1,689617.342,4220617.76,-17.467,Cob,2863,0,0,1,18,5
11960,4,2008030002637,1,10,5,2,7,3,1,CV-830,14,14,0,0,1,5,2,2,3,2,2,1,1,2,1,1,7,7,8,1,5,1,9,14,1,1,1,NaN,2,NaN,NaN,,NaN,,NaN,,66,NaN,60,NaN,1,4,2,1,1,1,1,1,1,1,1,1,1,1,1,1,1,1,1,2,1,1,686257.605,4265599.036,529.932,Pri,2973,0,0,1,5,1
11963,4,2008030002653,1,9,19,1,5,1,2,CV-91,1.3,1,3,0,1,5,3,2,3,3,2,1,1,1,2,2,1,1,3,1,3,1,9,14,1,1,1,NaN,2,1,NaN,,NaN,,NaN,,NaN,NaN,NaN,NaN,1,4,1,1,2,1,1,1,2,1,1,1,1,1,1,1,1,1,1,2,1,1,682235.822,4217911.07,-8.224,Cob,8450,0,0,3,23,6
11965,4,2008030002684,1,10,3,5,5,1,2,CV-95,13.5,13,5,0,1,5,2,3,3,3,2,1,1,2,1,1,1,4,4,1,1,1,9,14,2,1,1,NaN,2,4,NaN,,NaN,,NaN,,NaN,NaN,NaN,NaN,1,4,1,1,1,1,1,1,2,1,1,1,1,1,1,1,1,1,1,2,1,1,690808.77,4210462.863,57.807,Pri,9274,0,0,0,16,6
11966,4,2008030002689,1,10,9,3,4,3,1,CV-827,3.9,3,9,1,1,5,2,2,3,1,2,1,2,2,1,1,7,7,8,3,1,4,2,14,1,1,3,NaN,2,NaN,NaN,,NaN,,NaN,,NaN,52,50,NaN,1,4,1,1,1,1,1,2,1,1,1,1,1,1,1,1,1,1,1,2,1,1,706050.21,4260250.695,426.366,Cob,374,0,1,1,10,4
11968,4,2008030002692,1,10,8,6,3,2,2,CV-70,48.5,48,5,0,1,5,2,2,3,3,2,2,1,1,1,1,7,7,5,1,3,1,9,14,1,1,1,NaN,2,4,NaN,,NaN,,NaN,,NaN,NaN,NaN,NaN,1,4,1,1,2,1,1,1,2,1,1,1,1,1,1,1,1,1,1,2,1,1,749830.674,4272754.69,119.008,Per,25542,0,0,0,20,2
11969,4,2008030002709,1,10,8,1,3,1,1,CV-835,4.2,4,2,0,1,5,2,2,2,1,2,1,2,1,1,1,7,7,8,1,5,1,2,14,3,1,1,NaN,1,NaN,NaN,,NaN,,NaN,,57,NaN,50,NaN,1,4,2,1,1,1,1,1,1,1,1,1,1,1,1,1,1,1,1,2,1,1,691509.81,4252430.104,317.23,Sec,4117,0,0,0,1,3
11970,4,2008030002711,1,10,8,3,3,1,1,CV-821,8.6,8,6,1,1,5,2,2,3,2,2,2,1,1,1,1,7,7,6,1,1,1,9,14,1,1,1,NaN,2,NaN,NaN,,21,21,NaN,,NaN,NaN,NaN,NaN,1,4,2,1,1,1,1,1,2,1,1,1,1,1,1,1,1,1,1,2,1,1,717157.047,4252320.58,71.93,Cob,10986,0,1,0,8,1
11971,4,2008030002717,1,10,11,1,6,2,1,CV-825,2,2,0,0,1,5,2,2,3,3,2,1,1,1,1,1,7,7,8,1,5,1,9,14,1,1,1,NaN,1,NaN,NaN,,NaN,,NaN,,56,NaN,50,NaN,1,4,2,2,1,2,1,2,2,1,1,1,1,1,1,1,1,1,1,2,1,1,696286.513,4248317.025,184.351,Sec,4601,0,0,0,4,5
11972,4,2008030002718,1,10,12,3,7,3,1,CV-920,4.7,4,7,0,1,5,3,2,3,3,2,1,2,1,2,2,5,3,8,1,1,1,9,14,1,1,1,NaN,1,NaN,NaN,,NaN,,NaN,,NaN,53,50,NaN,1,4,1,1,1,1,1,2,1,1,1,1,1,1,1,1,1,1,1,2,1,1,689074.12,4216772.029,0.242,Pri,6709,0,0,0,10,6
11973,4,2008030002719,1,10,12,1,7,3,1,CV-925,4.9,4,9,0,1,5,3,2,3,3,2,1,2,2,1,1,7,7,8,1,5,1,9,14,1,1,1,NaN,1,NaN,NaN,,NaN,,NaN,,NaN,53,50,NaN,1,4,1,1,1,1,1,2,1,1,1,1,1,1,1,1,1,1,1,2,1,1,683279.957,4213397.01,63.836,Cob,1516,0,0,0,23,4
11974,4,2008030002720,1,10,11,6,6,2,1,CV-865,3.4,3,4,1,1,5,3,2,3,4,2,1,1,1,2,2,7,7,8,1,4,1,9,14,3,1,1,NaN,1,NaN,NaN,,21,24,NaN,,NaN,NaN,NaN,NaN,1,4,1,1,1,1,1,1,1,1,1,1,1,1,1,2,1,1,1,2,1,1,710566.857,4232900.245,-20.401,Cob,14206,0,0,0,22,1
11976,4,2008030002726,1,10,9,4,4,1,2,CV-800,8.3,8,3,0,1,5,3,2,3,4,2,1,2,2,2,2,7,7,5,3,1,4,9,14,3,1,1,NaN,1,3,NaN,,NaN,,NaN,,NaN,NaN,NaN,NaN,1,4,1,1,1,1,1,2,2,1,1,1,1,1,2,1,1,1,1,2,1,1,718636.325,4275089.697,948.091,Sec,6005,0,0,0,12,2
11977,4,2008030002728,1,10,13,6,1,3,1,CV-820,4.7,4,7,1,1,5,2,2,3,3,2,1,1,1,1,1,7,7,5,1,1,1,9,14,3,1,1,NaN,1,NaN,30,32,NaN,,NaN,,NaN,NaN,NaN,NaN,1,4,1,1,1,1,1,1,1,1,1,1,1,1,1,1,1,2,1,2,1,1,699765.077,4253945.061,268.073,Cob,6724,0,0,1,19,1
11978,4,2008030002730,1,10,14,6,2,1,1,CV-70,46.2,46,2,1,1,5,2,2,3,2,2,2,1,1,1,1,5,3,4,1,1,1,9,14,1,2,1,NaN,2,NaN,NaN,,NaN,,NaN,,NaN,61,60,NaN,1,4,2,1,1,1,1,1,1,1,1,1,1,1,1,1,1,1,1,2,1,1,723948.581,4287025.14,675.244,Per,25542,0,0,0,17,7
11980,4,2008030002731,1,10,14,4,2,1,2,CV-820,6.8,6,8,1,1,5,3,2,3,3,2,1,1,1,2,2,1,1,8,1,1,1,9,14,1,1,1,NaN,2,2,NaN,,NaN,,NaN,,NaN,NaN,NaN,NaN,1,4,1,1,1,1,1,1,2,1,1,1,1,1,1,1,1,1,1,2,1,1,701550.604,4254891.122,287.849,Cob,6724,0,1,0,14,6
11984,4,2008030002736,1,10,13,3,1,1,2,CV-70,43.2,43,2,0,1,5,1,2,3,3,2,2,2,2,2,2,5,1,4,1,1,1,9,14,1,1,1,NaN,1,3,NaN,,NaN,,NaN,,NaN,NaN,NaN,NaN,1,4,2,1,1,1,1,1,1,1,1,1,1,1,1,1,1,1,1,2,1,2,749446.453,4277124.539,225.26,Cob,0,0,0,1,7,6
11985,4,2008030002739,1,10,10,4,5,1,1,CV-951,0.5,0,5,1,1,5,2,2,3,1,2,1,1,2,1,1,7,7,8,1,1,1,9,13,2,1,3,NaN,1,NaN,NaN,,NaN,,NaN,,56,NaN,50,NaN,1,4,2,1,1,1,1,2,2,1,2,1,1,1,1,1,1,1,1,2,1,1,688421.063,4206430.023,84.991,Cob,1816,0,0,0,12,3
11986,4,2008030002741,1,10,15,1,3,1,1,CV-95,10.5,10,5,1,1,5,3,2,3,3,2,1,2,2,2,1,7,7,8,1,5,1,9,14,1,1,3,NaN,2,NaN,NaN,,NaN,,NaN,,NaN,64,60,NaN,1,4,2,1,2,1,1,1,1,1,1,1,1,1,1,1,1,1,1,2,1,1,692947.495,4207648.413,39.237,Cob,10290,0,0,0,4,2
11987,4,2008030002750,1,10,9,3,4,3,1,CV-941,3.1,3,1,0,1,5,2,2,3,1,2,1,2,2,1,1,7,7,8,3,1,5,4,14,1,1,1,NaN,2,NaN,NaN,,NaN,,NaN,,NaN,64,60,NaN,1,4,1,1,1,1,1,2,1,1,1,1,1,1,2,1,1,1,1,2,1,1,695072.186,4198089.874,63.367,Sec,4444,0,0,0,9,5
11988,4,2008030002756,1,10,11,6,6,2,1,CV-900,3.5,3,5,0,1,5,2,2,3,3,2,1,2,1,1,1,7,7,8,1,4,9,9,14,2,1,1,NaN,1,NaN,NaN,,NaN,,NaN,,NaN,54,50,NaN,1,4,1,1,1,1,1,2,1,1,1,1,1,1,1,1,1,1,1,2,1,1,684073.266,4220419.626,-4.33,Cob,5356,0,0,0,22,3
11989,4,2008030002784,1,10,17,6,5,1,1,CV-83,21.3,21,3,0,1,5,3,2,3,4,2,1,2,1,2,2,7,7,8,1,5,1,9,14,3,1,1,NaN,1,NaN,NaN,,21,21,NaN,,NaN,NaN,NaN,NaN,1,4,1,1,1,1,1,1,2,1,1,1,1,1,1,1,1,1,1,2,1,1,674318.784,4254048.986,576.295,Cob,5174,0,1,0,21,2
11990,4,2008030002785,1,10,17,3,5,1,1,CV-775,0.7,0,7,0,1,5,1,3,3,3,2,1,1,1,1,1,7,7,5,1,1,1,9,14,2,1,2,-1,2,NaN,NaN,,NaN,,NaN,,NaN,61,60,NaN,1,4,2,1,1,1,1,1,1,1,1,1,1,1,1,1,1,1,1,2,1,2,727954.685,4258483.788,19.457,Cob,1705,0,0,1,10,1
11992,4,2008030002786,1,10,16,3,4,1,2,CV-820,19.5,19,5,0,1,5,3,3,3,3,2,1,1,1,1,1,3,4,3,1,1,1,9,14,2,1,1,NaN,2,2,NaN,,NaN,,NaN,,NaN,NaN,NaN,NaN,1,4,2,1,1,1,1,1,2,1,1,1,1,1,1,1,1,1,1,2,1,1,697141.66,4252063.545,211.629,Pri,2934,0,0,0,10,6
11996,4,2008030002796,1,10,11,4,6,2,4,CV-91,15,15,0,1,1,5,3,2,3,3,2,1,1,1,1,1,5,3,4,1,1,1,9,14,1,1,1,NaN,2,3,NaN,,NaN,,NaN,,NaN,NaN,NaN,NaN,1,4,1,1,1,1,1,2,2,1,1,1,1,1,1,1,1,1,1,2,1,1,691109.857,4217987.332,-18.485,Cob,9692,0,0,2,12,6