Id,Ano,Numero_Accidente,Provincia,Mes,Dia,Hora,Dia_Semana,Tipo_Dia,Vehiculos_Implicados,Carretera,Pk,Km,Hm,Sentido,Zona,Tipo_Via,Anchura_Calzada,Anchura_Carril,Marcas_Viales,Arcen,Arcen_Pavimentado,Mediana,Barrera_Seguridad,Paneles_Direccionales,Hitos_Arista,Captafaros,Interseccion_Tipo,Interseccion_Acondicionamiento,Prioridad_Regulada_por,Superficie,Luminosidad,Factores_Atmosfericos,Visibilidad_Restringida_por,Otras_Circunstancias,Senalizacion_Peligro,Aceras,Arboles,Arboles_Metros_Calzada,Visibilidad_Senalizacion_Vertical,Colision_Vehiculos_Marcha,Colision_Vehiculo_Obstaculo_1,Colision_Vehiculo_Obstaculo_2,Atropello_1,Atropello_2,Vuelco_1,Vuelco_2,Salida_Sin_Colision,Salida_Con_Colision,Lado_Salida,Otro,Circulacion,Circulacion_Medidas_Especiales,Distraccion,Inexperiencia_Conductor,Alcohol_Drogas,Cansancio_Sueno,Enfermedad,Velocidad_Inadecuada,Infraccion_Norma_Circulacion,Estado_Condicion_Via,Estado_Condicion_Senalizacion,Tramo_Obras,Mal_Estado_Vehiculo,Averia_Mecanica,Meteorologia_Adversa,Irrupcion_Animal,Circular_Sentido_Contrario,Otro_Factor,Sin_Opinion_Definida,Pendiente,Curvatura,Peralte,GPS_x,GPS_y,GPS_z,Tipo_Est,IMD,N_Muertos,N_Graves,N_Leves,Hora_Real,Fuera_o_Interseccion
11997,4,2008030002799,1,10,17,6,5,1,1,CV-941,1.8,1,8,0,1,5,2,3,3,3,2,1,1,1,1,1,7,7,8,1,5,1,9,14,1,1,1,NaN,2,NaN,NaN,,NaN,,NaN,,NaN,54,50,NaN,1,4,2,1,1,1,1,2,1,1,1,1,1,1,1,1,1,1,1,2,1,1,695371.317,4196988.176,38.209,Sec,4444,0,0,0,21,4
11999,4,2008030002807,1,10,22,6,3,1,2,CV-70,34.8,34,8,0,1,5,2,3,3,3,2,1,2,2,2,2,7,7,8,3,1,4,2,14,1,1,1,NaN,2,2,NaN,,NaN,,NaN,,NaN,NaN,NaN,NaN,1,4,1,1,1,1,1,2,1,1,1,1,1,1,1,1,1,1,1,2,1,1,745100.224,4282515.715,636.247,Cob,1833,0,0,0,19,2
12003,4,2008030002808,1,10,22,5,3,1,3,CV-736,6.5,6,5,0,1,5,2,2,3,2,2,1,2,1,1,1,7,7,5,3,1,4,9,14,1,1,1,NaN,2,1,NaN,,NaN,,NaN,,NaN,NaN,NaN,NaN,1,4,1,1,1,1,1,2,1,1,1,1,1,1,1,1,1,1,1,2,1,2,774489.898,4299736.918,175.17,Cob,4048,0,0,2,15,2
12004,4,2008030002810,1,10,19,3,7,3,1,CV-912,1.8,1,8,1,1,5,2,3,3,3,2,1,1,2,1,1,7,7,5,1,1,1,9,14,3,1,1,NaN,1,NaN,NaN,,NaN,,NaN,,NaN,54,50,NaN,3,4,2,1,1,1,1,1,1,1,1,1,1,1,1,1,1,1,1,2,1,2,692657.64,4222084.068,-17.548,Cob,2863,0,0,0,10,5
12005,4,2008030002818,1,10,20,1,1,1,1,CV-903,1,1,0,0,1,5,3,2,3,3,2,2,1,2,2,2,7,7,8,1,3,1,9,14,1,1,3,NaN,2,NaN,NaN,,NaN,,NaN,,NaN,63,60,NaN,1,4,1,1,1,1,1,2,1,1,1,1,1,1,1,1,1,1,1,2,1,1,699306.356,4219014.299,-12.875,Cob,0,0,0,0,1,5
12007,4,2008030002821,1,10,23,6,4,1,2,CV-835,1.5,1,5,1,1,5,3,2,2,3,2,1,1,2,2,1,7,7,8,1,4,1,9,14,1,1,1,NaN,2,1,NaN,,NaN,,NaN,,NaN,NaN,NaN,NaN,1,4,1,1,1,1,1,2,1,1,1,1,1,1,1,1,1,1,1,2,1,1,692619.451,4263034.031,397.452,Sec,4117,0,1,0,20,5
12009,4,2008030002827,1,10,22,4,3,1,2,CV-941,9.5,9,5,0,1,5,2,2,3,3,2,1,1,1,1,1,1,1,3,1,1,1,9,14,1,1,1,NaN,2,4,NaN,,NaN,,NaN,,NaN,NaN,NaN,NaN,1,4,2,1,1,1,1,1,2,1,1,1,1,1,1,1,1,1,1,2,1,1,693944.767,4203664.661,126.659,Sec,4444,0,0,0,11,6
12011,4,2008030002831,1,10,17,4,5,1,2,CV-941,10.5,10,5,0,1,5,2,3,3,3,2,1,1,1,1,1,1,1,8,1,1,9,9,14,2,1,3,NaN,2,4,NaN,,NaN,,NaN,,NaN,NaN,NaN,NaN,1,4,2,1,1,1,1,1,1,1,1,1,1,1,1,1,1,1,1,2,1,1,694072.182,4204646.086,98.064,Sec,4444,0,0,0,13,6
12013,4,2008030002833,1,10,22,4,3,1,2,CV-915,4.5,4,5,1,1,5,2,2,3,1,2,1,1,1,1,1,1,1,3,1,1,1,2,14,2,1,1,NaN,2,2,NaN,,NaN,,NaN,,NaN,NaN,NaN,NaN,1,4,2,1,1,1,1,1,2,1,1,1,1,1,1,1,1,1,1,2,1,1,678567.112,4216613.746,1.998,Sec,10471,0,0,2,12,7
12015,4,2008030002836,1,10,23,5,4,1,2,CV-855,16,16,0,0,1,5,3,3,3,1,2,1,2,1,1,1,7,7,5,1,1,1,9,14,3,1,1,NaN,1,3,NaN,,NaN,,NaN,,NaN,NaN,NaN,NaN,1,4,2,1,1,1,1,1,2,1,1,1,1,1,1,1,1,1,1,2,1,1,696735.846,4223854.501,-18.819,Cob,3921,0,0,1,15,1
12016,4,2008030002844,1,10,26,3,7,3,1,CV-715,33.2,33,2,0,1,5,1,3,2,1,2,1,2,2,1,1,7,7,7,2,5,1,9,14,1,1,1,NaN,2,NaN,NaN,,NaN,,NaN,,NaN,53,50,NaN,1,4,2,1,1,1,1,1,1,1,1,1,1,1,1,1,1,1,1,1,2,2,752950.644,4286616.273,436.719,Cob,339,0,0,1,7,1
12017,4,2008030002849,1,10,25,1,6,2,1,CV-95,4.6,4,6,1,1,5,3,1,3,3,2,1,1,1,1,2,5,6,4,3,3,1,9,14,1,2,2,11,2,NaN,NaN,,NaN,,NaN,,NaN,51,50,NaN,1,4,1,1,2,1,1,2,1,1,1,1,1,1,1,1,1,1,1,2,1,1,697768.442,4205293.096,6.443,Cob,12644,0,0,0,1,7
12020,4,2008030002858,1,10,26,1,7,3,1,CV-920,5.5,5,5,0,1,5,3,1,3,3,2,2,2,1,1,1,4,1,8,3,4,4,9,14,1,1,1,NaN,2,NaN,NaN,,NaN,,NaN,,65,NaN,60,NaN,1,4,2,1,1,1,1,1,1,1,1,1,1,1,1,1,1,1,1,2,1,1,689496.985,4217409.54,-2.529,Cob,3914,0,1,3,0,6
12022,4,2008030002862,1,10,26,4,7,3,2,CV-835,20.6,20,6,1,1,5,2,2,3,3,2,1,1,1,1,1,1,6,4,1,1,1,9,14,1,1,1,NaN,2,2,NaN,,NaN,,NaN,,NaN,NaN,NaN,NaN,1,4,2,1,1,1,1,1,2,1,1,1,1,1,1,1,1,1,1,2,1,1,694431.78,4250724.673,227.77,Cob,0,0,0,0,14,7
12023,4,2008030002865,1,10,30,4,4,1,1,CV-736,2.7,2,7,0,1,5,1,3,2,1,2,1,1,1,1,1,7,7,5,1,1,1,9,3,2,1,1,NaN,1,NaN,NaN,,NaN,,NaN,,67,NaN,60,NaN,1,4,2,1,1,1,1,1,1,1,1,1,1,1,1,1,1,1,1,2,1,1,772728.965,4301786.471,32.344,Cob,4048,0,0,1,12,1
12024,4,2008030002870,1,10,29,6,3,1,1,CV-700,66,66,0,1,1,5,2,3,3,3,2,1,1,1,1,1,7,7,5,1,5,1,9,14,2,1,1,NaN,1,NaN,NaN,,21,24,NaN,,NaN,NaN,NaN,NaN,1,4,1,1,1,1,1,1,1,1,1,1,1,1,1,2,1,1,1,2,1,1,711154.56,4294889.033,541.511,Cob,6702,0,0,0,21,1
12025,4,2008030002872,1,10,25,6,6,2,1,CV-820,1.2,1,2,0,1,5,3,2,3,4,2,1,1,1,1,1,7,7,8,3,1,4,9,14,1,1,1,NaN,2,NaN,NaN,,21,24,NaN,,NaN,NaN,NaN,NaN,1,4,1,1,1,1,1,1,1,1,1,1,1,1,1,2,1,1,1,2,1,1,712907.706,4254363.452,125.848,Cob,6724,0,0,0,17,1
12027,4,2008030002875,1,10,31,3,5,1,2,CV-920,6.7,6,7,1,1,5,2,3,3,3,2,1,2,2,1,1,7,7,8,1,1,1,9,14,3,1,3,NaN,1,4,NaN,,NaN,,NaN,,NaN,NaN,NaN,NaN,1,4,1,1,1,1,1,1,2,1,1,1,1,1,1,1,1,1,1,2,2,1,699242.795,4219449.115,-20.126,Cob,3914,0,0,2,8,1
12028,4,2008030002885,1,10,28,6,2,1,1,CV-800,6,6,0,1,1,5,2,2,3,3,2,1,1,1,2,2,7,7,8,3,5,5,4,14,3,1,1,NaN,2,NaN,NaN,,21,21,NaN,,NaN,NaN,NaN,NaN,1,4,1,1,1,1,1,1,2,1,1,1,1,1,1,1,1,1,1,2,1,1,719021.061,4276079.647,998.111,Sec,6005,0,1,0,18,1
12029,4,2008030002888,1,11,3,1,1,4,1,CV-905,4.9,4,9,1,1,5,3,2,3,1,2,2,1,2,1,2,5,1,4,1,4,1,9,14,1,1,1,NaN,2,NaN,NaN,,NaN,,NaN,,NaN,53,50,NaN,1,4,1,1,2,1,1,1,1,1,1,1,1,1,1,1,1,1,1,2,1,1,701405.323,4210977.515,-9.887,Cob,31158,0,0,0,0,6
12030,4,2008030002889,1,11,2,5,7,3,1,CV-700,66.2,66,2,0,1,5,2,3,3,3,2,1,1,2,1,1,7,7,8,1,1,1,9,14,3,1,1,NaN,2,NaN,NaN,,21,24,NaN,,NaN,NaN,NaN,NaN,1,4,1,1,1,1,1,1,1,1,1,1,1,1,1,2,1,1,1,2,1,1,758525.518,4304941.901,-15.582,Cob,6702,0,0,0,16,1
12032,4,2008030002894,1,10,27,4,1,4,2,CV-905,0,0,0,0,1,5,1,1,3,4,2,1,2,1,1,2,5,1,4,1,1,1,9,14,3,1,3,NaN,1,4,NaN,,NaN,,NaN,,NaN,NaN,NaN,NaN,1,4,2,1,1,1,1,1,1,1,1,1,1,1,1,1,1,1,1,2,2,3,698062.729,4215016.961,1.517,Pri,25974,0,0,1,11,6
12033,4,2008030002897,1,11,3,6,1,1,1,CV-775,27.8,27,8,1,1,5,3,2,3,1,2,1,2,1,1,1,7,7,8,1,3,1,9,14,2,1,3,NaN,2,NaN,NaN,,NaN,,NaN,,NaN,62,60,NaN,1,4,2,1,1,1,1,1,1,1,1,1,1,1,1,1,1,1,1,2,1,1,728439.713,4260981.951,86.223,Cob,997,0,0,0,19,1
12035,4,2008030002900,1,10,28,4,2,1,2,CV-95,19.8,19,8,0,1,5,3,2,3,1,2,1,1,1,1,1,2,2,3,1,1,1,9,14,1,1,1,NaN,2,2,NaN,,NaN,,NaN,,NaN,NaN,NaN,NaN,1,4,2,1,1,1,1,1,2,1,1,1,1,1,1,1,1,1,1,2,1,1,694864.848,4205837.175,42.122,Cob,7851,0,1,0,12,7
12038,4,2008030002903,1,11,4,3,2,1,3,CV-821,5.8,5,8,1,1,5,2,2,3,3,2,2,1,1,1,1,7,7,8,1,1,1,9,14,1,2,1,NaN,2,1,NaN,,NaN,,NaN,,NaN,NaN,NaN,NaN,1,4,2,1,1,1,1,2,1,1,1,1,1,1,1,1,1,1,1,2,2,1,719585.868,4252897.963,49.272,Sec,30367,0,2,1,8,2
12039,4,2008030002906,1,11,4,6,2,1,1,CV-799,5.2,5,2,0,1,5,3,2,3,4,2,1,1,2,2,1,7,7,8,1,5,1,9,14,1,1,1,NaN,2,NaN,NaN,,NaN,,NaN,,NaN,51,50,NaN,1,4,2,1,1,1,1,1,2,1,1,1,1,1,1,1,1,1,1,2,1,1,692503.409,4278301.531,586.869,Pri,4381,0,1,0,18,1
12041,4,2008030002912,1,11,4,6,2,1,2,CV-865,7,7,0,0,1,5,3,2,3,3,2,1,1,1,2,2,6,5,3,1,1,1,9,14,1,1,1,NaN,1,2,NaN,,NaN,,NaN,,NaN,NaN,NaN,NaN,1,4,2,1,1,1,1,1,2,1,1,1,1,1,1,1,1,1,1,2,1,1,708987.995,4234037.544,-6.337,Cob,14206,0,0,0,17,6
12042,4,2008030002913,1,11,5,6,3,1,1,CV-800,17.6,17,6,0,1,5,2,2,3,4,2,1,2,2,2,2,7,7,8,1,4,1,9,14,3,1,3,NaN,2,NaN,NaN,,NaN,,NaN,,NaN,63,60,NaN,1,4,1,1,1,1,1,1,1,1,1,1,1,2,1,1,1,1,1,2,1,1,718023.537,4268520.443,391.686,Cob,2863,1,1,0,19,4
12043,4,2008030002916,1,10,25,6,6,2,1,CV-95,22.8,22,8,0,1,5,3,2,3,3,2,1,2,2,2,1,7,7,8,3,1,4,9,13,1,1,1,NaN,1,NaN,NaN,,NaN,,NaN,,NaN,64,60,NaN,1,4,1,1,1,1,1,1,1,2,1,1,1,1,2,1,1,1,1,2,1,1,697614.916,4205400.502,11.39,Cob,7851,0,0,0,18,5
12044,4,2008030002918,1,11,5,4,3,1,1,CV-821,7.4,7,4,0,1,5,2,2,3,3,2,2,1,1,1,1,5,6,4,1,1,1,9,14,3,1,1,NaN,2,NaN,NaN,,NaN,,NaN,,NaN,63,60,NaN,1,4,1,1,1,1,1,2,1,1,1,1,1,1,1,1,1,1,1,2,1,1,722331.418,4253496.644,26.783,Cob,10986,0,0,0,11,7
12048,4,2008030002923,1,11,6,3,4,1,2,CV-821,7,7,0,0,1,5,3,2,3,3,2,2,1,1,2,2,5,2,4,1,3,1,9,14,1,1,1,NaN,2,4,NaN,,NaN,,NaN,,NaN,NaN,NaN,NaN,1,4,1,1,1,1,1,1,2,1,1,1,1,1,1,1,1,1,1,2,1,1,722046.478,4253767.462,27.231,Cob,10986,0,0,0,7,6
12049,4,2008030002925,1,11,4,1,2,1,1,CV-870,7.8,7,8,1,1,5,2,2,3,3,2,1,1,2,1,1,7,7,8,1,5,1,2,14,1,1,2,4,2,NaN,NaN,,NaN,,NaN,,NaN,61,60,NaN,1,4,1,1,1,1,1,2,1,1,1,1,1,1,1,1,1,1,1,2,1,1,679111.031,4223317.108,23.488,Cob,5377,0,1,0,1,5
12051,4,2008030002926,1,11,4,3,2,1,2,CV-870,0.3,0,3,1,1,5,3,2,3,1,2,1,1,1,1,1,1,2,3,1,1,1,9,14,1,1,1,NaN,2,2,NaN,,NaN,,NaN,,NaN,NaN,NaN,NaN,1,4,2,1,1,2,1,1,2,1,1,1,1,1,1,1,1,1,1,2,1,1,675768.139,4228860.458,113.617,Cob,0,0,0,1,9,6
12053,4,2008030002931,1,11,8,2,6,2,2,CV-800,3.6,3,6,1,1,5,3,2,3,4,2,1,2,1,2,2,7,7,8,1,3,1,9,14,3,1,1,NaN,2,1,NaN,,NaN,,NaN,,NaN,NaN,NaN,NaN,1,4,2,1,2,1,1,1,1,1,1,1,1,1,1,1,1,1,1,2,1,1,719573.276,4278341.283,895.971,Sec,6005,0,0,2,5,1
12054,4,2008030002932,1,11,5,6,3,1,1,CV-700,55.1,55,1,1,1,5,2,2,3,2,2,1,1,1,1,1,7,7,5,1,5,1,9,14,2,1,1,NaN,1,NaN,NaN,,NaN,,NaN,,NaN,63,60,NaN,1,4,2,1,1,1,1,1,1,1,1,1,1,1,1,1,1,1,1,2,1,1,719792.487,4296887.199,461.258,Pri,3041,0,0,0,19,1
12057,4,2008030002934,1,11,6,6,4,1,2,CV-805,2.1,2,1,0,1,5,2,2,3,3,2,1,2,2,2,2,5,1,4,1,2,1,9,14,1,1,3,NaN,2,4,NaN,,NaN,,NaN,,NaN,NaN,NaN,NaN,1,4,1,1,1,1,1,2,2,1,1,1,1,1,1,1,1,1,1,2,1,1,709847.596,4276085.743,644.682,Cob,1766,0,0,0,19,6
12059,4,2008030002938,1,11,8,1,6,2,2,CV-91,9,9,0,0,1,5,3,2,3,3,2,1,1,1,2,1,7,7,8,1,5,1,9,14,2,1,1,NaN,2,1,NaN,,NaN,,NaN,,NaN,NaN,NaN,NaN,1,4,1,1,2,1,1,1,2,1,1,1,1,1,1,1,1,1,1,2,1,2,689706.962,4218031.527,-11.874,Pri,13282,0,0,2,0,1
12061,4,2008030002940,1,11,8,6,6,2,2,CV-70,48.5,48,5,0,1,5,3,2,3,3,2,2,1,1,1,1,7,7,5,1,2,1,9,14,2,2,1,NaN,2,4,NaN,,NaN,,NaN,,NaN,NaN,NaN,NaN,1,4,2,1,1,1,1,1,1,1,1,1,1,1,1,1,1,1,1,2,1,1,749830.674,4272754.69,119.008,Per,25542,0,1,0,17,1
12063,4,2008030002947,1,11,6,4,4,1,2,CV-915,5,5,0,0,1,5,3,2,3,3,2,1,1,1,1,1,5,3,4,1,1,1,9,14,1,1,1,NaN,2,4,NaN,,NaN,,NaN,,NaN,NaN,NaN,NaN,1,4,2,1,1,1,1,1,2,1,1,1,1,1,1,1,1,1,1,2,2,1,676490.215,4214217.389,3.589,Sec,10471,0,0,1,14,6
12064,4,2008030002955,1,11,8,6,6,2,1,CV-720,6.5,6,5,0,1,5,2,2,3,3,2,1,1,1,1,1,7,7,8,1,1,1,9,14,2,1,1,NaN,1,NaN,NaN,,NaN,,12,9,NaN,NaN,NaN,NaN,1,4,2,1,1,1,1,2,1,1,1,1,1,1,1,1,1,1,1,2,1,1,733570.021,4291740.778,636.279,Cob,337,0,0,0,17,2
12065,4,2008030002984,1,11,9,6,7,3,1,CV-83,7.7,7,7,0,1,5,3,2,3,3,2,1,2,2,2,1,7,7,8,1,1,1,9,14,1,1,1,NaN,2,NaN,NaN,,NaN,,NaN,,56,NaN,50,NaN,1,4,2,1,1,2,1,1,1,1,1,1,1,1,1,1,1,1,1,2,1,1,687101.785,4256958.293,415.498,Cob,5819,0,0,0,17,4
12067,4,2008030002993,1,11,9,3,7,3,2,CV-91,15.6,15,6,0,1,5,3,2,3,3,2,1,2,1,2,2,7,7,8,1,5,1,9,14,3,1,1,NaN,1,2,NaN,,NaN,,NaN,,NaN,NaN,NaN,NaN,1,4,2,1,2,2,1,1,2,1,1,1,1,1,1,1,1,1,1,2,2,1,695837.74,4219241.798,-18.62,Cob,9692,0,0,1,7,1
12068,4,2008030002994,1,11,1,1,6,2,1,CV-91,17,17,0,0,1,5,3,2,3,4,2,1,2,1,2,2,7,7,8,1,5,1,9,14,3,1,3,NaN,2,NaN,NaN,,NaN,,NaN,,NaN,63,60,NaN,1,4,2,1,1,1,1,1,1,1,1,1,1,1,1,1,1,1,1,2,1,1,697187.554,4219310.599,-20.278,Cob,9692,0,0,0,1,1
12070,4,2008030002996,1,11,11,6,2,1,2,CV-80,5,5,0,0,1,2,3,2,3,4,2,2,2,2,2,2,7,7,8,1,4,1,9,14,3,1,1,NaN,2,4,NaN,,NaN,,NaN,,NaN,NaN,NaN,NaN,1,4,2,1,1,1,1,1,1,1,1,1,1,1,1,1,1,1,1,2,1,1,693078.803,4272241.415,587.711,Sec,8667,0,0,0,19,1
12071,4,2008030002997,1,10,30,4,4,1,1,CV-905,3.5,3,5,0,1,5,3,2,3,3,2,2,1,1,1,1,5,1,4,1,1,1,9,14,1,1,1,NaN,2,NaN,NaN,,NaN,,NaN,,NaN,NaN,NaN,71,1,4,1,1,1,1,1,1,1,1,1,1,1,2,1,1,1,2,1,2,1,1,700062.875,4213442.997,-12.771,Pri,25974,0,0,0,12,6
12073,4,2008030003000,1,11,14,6,5,1,2,CV-83,15,15,0,1,1,5,2,2,3,3,2,1,1,1,1,2,2,1,5,1,1,1,9,14,3,1,1,NaN,2,2,NaN,,NaN,,NaN,,NaN,NaN,NaN,NaN,1,4,2,1,1,1,1,1,2,1,1,1,1,1,1,1,1,1,1,2,1,1,680114.265,4255263.431,484.524,Cob,5413,0,2,0,17,7
12075,4,2008030003001,1,11,10,6,1,4,2,CV-905,9,9,0,1,1,5,3,2,3,3,2,2,2,2,2,1,5,6,4,1,2,1,9,14,1,1,3,NaN,2,3,NaN,,NaN,,NaN,,NaN,NaN,NaN,NaN,1,4,1,1,1,1,1,1,2,1,1,1,1,1,1,1,1,1,1,2,1,1,699609.635,4214637.097,17.208,Cob,31158,0,0,0,18,6
12079,4,2008030003004,1,11,15,5,6,2,2,CV-720,4.5,4,5,0,1,5,2,3,3,1,2,1,1,2,1,1,7,7,8,1,1,1,2,4,1,1,1,NaN,2,3,NaN,,NaN,,NaN,,NaN,NaN,NaN,NaN,1,4,1,1,1,1,1,1,2,1,1,1,1,1,1,1,1,1,1,2,1,1,732424.469,4290988.981,612.345,Cob,337,0,0,1,16,4
12083,4,2008030003007,1,11,16,3,7,3,4,CV-705,11.4,11,4,0,1,5,1,3,3,3,2,1,2,1,1,1,1,1,8,1,1,1,2,3,1,1,3,NaN,2,2,NaN,,NaN,,NaN,,NaN,NaN,NaN,NaN,1,4,1,1,1,1,1,1,2,1,1,1,1,1,1,1,1,1,1,2,1,2,727476.407,4301230.591,465.181,Cob,212,0,0,1,10,6
12085,4,2008030003008,1,11,15,6,6,2,2,CV-900,2.5,2,5,1,1,5,3,2,3,1,2,1,1,1,1,1,7,7,8,1,1,1,9,14,3,2,3,NaN,1,3,NaN,,NaN,,NaN,,NaN,NaN,NaN,NaN,1,4,1,1,1,1,1,1,2,1,1,1,1,1,1,1,1,1,1,2,1,1,685609.788,4224945.095,-7.003,Cob,8167,0,0,1,17,1
12087,4,2008030003012,1,11,16,4,7,3,2,CV-70,46.2,46,2,1,1,5,3,2,3,3,2,2,1,1,1,2,5,1,5,1,1,1,9,14,1,1,1,NaN,2,3,NaN,,NaN,,NaN,,NaN,NaN,NaN,NaN,1,4,1,1,1,1,1,1,2,1,1,1,1,1,1,1,1,1,1,2,1,1,723948.581,4287025.14,675.244,Per,25542,0,0,0,12,6
12089,4,2008030003018,1,11,9,6,7,3,1,CV-914,0.5,0,5,1,1,5,2,3,3,2,2,1,1,1,1,1,5,1,8,1,5,1,9,14,3,1,1,NaN,1,NaN,NaN,,NaN,,NaN,,NaN,63,60,NaN,1,4,2,1,2,1,1,1,2,1,1,1,1,1,1,1,1,1,1,2,1,1,693322.124,4220033.383,-18.251,Cob,11579,0,0,0,19,6
12090,4,2008030003021,1,11,16,6,7,3,1,CV-855,9.6,9,6,1,1,5,3,2,3,3,2,2,2,2,2,2,7,7,8,1,1,1,9,14,3,1,1,NaN,2,NaN,NaN,,NaN,,NaN,,57,NaN,50,NaN,1,4,1,1,1,1,1,1,1,1,1,1,1,1,1,2,1,1,1,2,1,1,701412.477,4228897.646,-12.587,Cob,8570,0,0,0,17,1
12097,4,2008030003042,1,11,17,6,1,4,1,CV-800,7.9,7,9,1,1,5,3,2,3,3,2,1,2,2,2,2,7,7,8,1,5,1,9,14,1,1,1,NaN,2,NaN,NaN,,21,24,NaN,,NaN,NaN,NaN,NaN,1,4,1,1,1,1,1,1,1,1,1,1,1,1,1,2,1,1,1,2,2,2,718226.326,4274646.959,917.833,Sec,6005,0,0,0,21,2
12099,4,2008030003044,1,11,11,6,2,1,2,CV-821,9,9,0,0,1,5,3,2,1,3,2,2,1,1,1,1,5,2,4,1,3,1,9,14,1,1,1,NaN,2,4,NaN,,NaN,,NaN,,NaN,NaN,NaN,NaN,1,4,2,1,1,1,1,1,2,1,1,1,1,1,1,1,1,1,1,2,1,1,723471.217,4252462.388,4.617,Cob,10986,0,0,0,19,6
12101,4,2008030003051,1,11,19,3,3,1,2,CV-755,13.9,13,9,0,1,5,2,3,3,3,2,1,1,1,1,1,2,1,8,3,1,4,9,14,3,1,3,NaN,2,3,NaN,,NaN,,NaN,,NaN,NaN,NaN,NaN,1,4,1,1,1,1,1,1,2,1,1,1,1,1,1,1,1,1,1,2,1,1,751693.2,4281307.426,149.907,Cob,3323,0,0,0,9,6
12102,4,2008030003054,1,11,9,6,7,3,1,CV-815,5.8,5,8,0,1,5,2,2,3,3,2,1,1,1,1,1,5,5,4,1,3,1,9,14,1,1,1,NaN,1,NaN,NaN,,NaN,,NaN,,NaN,53,50,NaN,1,4,2,1,2,1,1,1,1,1,1,1,1,1,1,1,1,1,1,2,1,1,704329.81,4272899.966,634.121,Cob,4038,0,0,0,17,6
12103,4,2008030003055,1,11,11,1,2,1,1,CV-95,15.5,15,5,1,1,5,3,2,3,3,2,1,2,2,2,2,7,7,8,3,5,2,4,14,1,1,3,NaN,2,NaN,NaN,,NaN,,NaN,,NaN,53,50,NaN,1,4,1,1,1,1,1,2,1,1,1,1,1,1,1,1,1,1,1,2,1,1,689718.313,4211278.236,86.195,Pri,9274,0,1,0,2,1
12104,4,2008030003058,1,11,15,1,6,2,1,CV-915,2.8,2,8,0,1,5,2,2,3,2,2,1,1,1,1,1,7,7,8,1,3,1,9,14,3,2,1,NaN,2,NaN,NaN,,NaN,,NaN,,NaN,51,50,NaN,1,4,2,1,1,1,1,1,1,1,1,1,1,1,1,1,1,1,1,2,1,1,677918.369,4215917.826,3.342,Sec,10471,0,0,0,2,1
12105,4,2008030003061,1,11,17,4,1,4,1,CV-870,3.1,3,1,1,1,5,3,1,3,1,2,1,1,1,1,1,5,3,4,1,1,1,9,8,1,1,1,NaN,2,NaN,30,32,NaN,,NaN,,NaN,NaN,NaN,NaN,1,4,1,1,2,1,1,2,2,1,1,1,1,1,1,1,1,1,1,2,1,1,678276.212,4227780.836,76.508,Cob,5377,0,0,0,13,6
12107,4,2008030003062,1,11,19,3,3,1,2,CV-821,3.5,3,5,0,1,5,3,1,3,3,2,1,1,1,1,1,5,2,4,1,1,1,9,14,2,1,1,NaN,2,3,NaN,,NaN,,NaN,,NaN,NaN,NaN,NaN,1,4,2,1,1,1,1,1,2,1,1,1,1,1,1,1,1,1,1,2,1,1,719324.93,4252803.54,49.862,Sec,30367,0,0,1,8,6
12108,4,2008030003088,1,11,15,4,6,2,1,CV-855,6.2,6,2,0,1,5,3,2,3,3,2,2,1,2,2,2,5,6,4,1,1,1,9,14,1,1,1,NaN,2,NaN,NaN,,NaN,,NaN,,NaN,53,50,NaN,1,4,2,1,2,1,1,1,1,1,1,1,1,1,1,1,1,1,1,2,1,1,701456.462,4230565.664,-3.899,Pri,5312,0,0,0,13,7
12110,4,2008030003094,1,11,20,4,4,1,2,CV-821,4.5,4,5,1,1,3,3,2,3,1,2,1,1,1,1,1,5,1,4,3,1,4,9,14,1,1,1,NaN,2,3,NaN,,NaN,,NaN,,NaN,NaN,NaN,NaN,1,4,1,1,1,1,1,1,2,1,1,1,1,1,1,1,1,1,1,2,1,1,720614.781,4253632.676,47.983,Sec,30367,0,0,0,14,6
12114,4,2008030003115,1,11,22,4,6,2,2,CV-840,1.1,1,1,1,1,5,2,3,3,3,2,1,2,2,1,1,7,7,8,1,1,1,2,14,1,1,3,NaN,2,2,NaN,,NaN,,NaN,,NaN,NaN,NaN,NaN,1,4,1,1,1,1,1,2,1,1,1,1,1,1,1,1,1,1,1,2,1,2,671557.622,4248092.086,517.635,Cob,4371,0,2,2,13,5
12117,4,2008030003121,1,11,23,4,7,3,2,CV-820,2.5,2,5,1,1,5,3,2,3,3,2,1,1,2,2,1,1,3,8,1,1,1,9,14,1,2,3,NaN,2,2,NaN,,NaN,,NaN,,NaN,NaN,NaN,NaN,1,4,2,1,1,1,1,1,2,1,1,1,1,1,1,1,1,1,1,2,1,1,698034.079,4252799.218,233.442,Cob,6724,0,1,1,14,6
12119,4,2008030003123,1,11,16,6,7,3,2,CV-905,0,0,0,0,1,5,3,2,3,3,2,2,2,2,2,1,5,6,4,1,1,1,9,14,1,1,3,NaN,2,4,NaN,,NaN,,NaN,,NaN,NaN,NaN,NaN,1,4,2,1,1,1,1,1,1,1,1,1,1,1,1,1,1,1,1,2,2,3,698062.729,4215016.961,1.517,Pri,25974,0,0,0,17,6