Id,Ano,Numero_Accidente,Provincia,Mes,Dia,Hora,Dia_Semana,Tipo_Dia,Vehiculos_Implicados,Carretera,Pk,Km,Hm,Sentido,Zona,Tipo_Via,Anchura_Calzada,Anchura_Carril,Marcas_Viales,Arcen,Arcen_Pavimentado,Mediana,Barrera_Seguridad,Paneles_Direccionales,Hitos_Arista,Captafaros,Interseccion_Tipo,Interseccion_Acondicionamiento,Prioridad_Regulada_por,Superficie,Luminosidad,Factores_Atmosfericos,Visibilidad_Restringida_por,Otras_Circunstancias,Senalizacion_Peligro,Aceras,Arboles,Arboles_Metros_Calzada,Visibilidad_Senalizacion_Vertical,Colision_Vehiculos_Marcha,Colision_Vehiculo_Obstaculo_1,Colision_Vehiculo_Obstaculo_2,Atropello_1,Atropello_2,Vuelco_1,Vuelco_2,Salida_Sin_Colision,Salida_Con_Colision,Lado_Salida,Otro,Circulacion,Circulacion_Medidas_Especiales,Distraccion,Inexperiencia_Conductor,Alcohol_Drogas,Cansancio_Sueno,Enfermedad,Velocidad_Inadecuada,Infraccion_Norma_Circulacion,Estado_Condicion_Via,Estado_Condicion_Senalizacion,Tramo_Obras,Mal_Estado_Vehiculo,Averia_Mecanica,Meteorologia_Adversa,Irrupcion_Animal,Circular_Sentido_Contrario,Otro_Factor,Sin_Opinion_Definida,Pendiente,Curvatura,Peralte,GPS_x,GPS_y,GPS_z,Tipo_Est,IMD,N_Muertos,N_Graves,N_Leves,Hora_Real,Fuera_o_Interseccion
12121,4,2008030003124,1,11,24,3,1,4,2,CV-84,6,6,0,0,1,5,3,2,3,3,2,2,2,2,2,1,7,7,8,1,1,1,5,14,3,1,3,NaN,1,4,NaN,,NaN,,NaN,,NaN,NaN,NaN,NaN,1,4,2,1,1,1,1,1,1,1,1,1,1,1,1,1,1,2,1,2,1,1,695269.436,4244668.99,270.545,Sec,14032,1,0,0,9,1
12123,4,2008030003133,1,11,24,6,1,4,2,CV-70,44,44,0,0,1,5,3,2,3,3,2,2,1,1,1,1,7,7,5,3,3,5,9,14,2,2,1,NaN,2,NaN,NaN,,NaN,,NaN,,NaN,54,50,NaN,1,4,1,1,1,1,1,2,1,1,1,1,1,1,2,1,1,1,1,2,1,1,750044.113,4276814.099,220.564,Cob,31192,0,0,0,21,2
12124,4,2008030003134,1,11,18,6,2,1,1,CV-865,0.5,0,5,0,1,5,3,2,3,3,2,1,1,1,2,1,7,7,5,1,5,1,9,14,3,1,1,NaN,1,NaN,NaN,,NaN,,NaN,,NaN,NaN,NaN,71,1,4,1,1,1,1,1,1,2,1,1,1,1,1,1,1,1,1,1,2,1,1,703591.505,4237522.702,47.666,Cob,14206,0,0,1,18,1
12128,4,2008030003135,1,11,25,3,2,1,4,CV-91,7.6,7,6,1,1,5,3,2,3,3,2,2,2,2,2,1,7,7,8,1,1,1,9,14,1,2,2,5,2,5,NaN,,NaN,,NaN,,NaN,NaN,NaN,NaN,2,4,1,1,1,1,1,1,2,1,1,1,1,1,1,1,1,1,1,2,1,1,697998.087,4219271.573,-27.05,Sec,13575,0,0,2,9,1
12130,4,2008030003137,1,11,24,6,1,4,2,CV-95,16,16,0,1,1,5,2,2,3,3,2,1,1,1,1,1,1,1,3,1,2,1,9,14,1,1,3,NaN,2,2,NaN,,NaN,,NaN,,NaN,NaN,NaN,NaN,1,4,2,1,1,1,1,1,1,1,1,1,1,1,1,1,1,1,1,2,1,1,689323.473,4211576.515,73.561,Pri,9274,0,0,1,18,6
12131,4,2008030003156,1,11,22,2,6,2,1,CV-913,1.6,1,6,0,1,5,2,3,3,3,2,1,1,1,1,1,6,3,2,1,3,1,9,14,1,2,1,NaN,2,NaN,NaN,,NaN,,NaN,,NaN,64,60,NaN,1,4,2,1,1,1,1,2,1,1,1,1,1,1,1,1,1,1,1,2,1,1,688574.353,4222916.47,-15.042,Sec,7483,0,0,1,5,7
12132,4,2008030003160,1,11,23,4,7,3,1,CV-800,23,23,0,1,1,5,3,2,3,4,2,1,2,2,2,2,7,7,8,1,1,1,9,14,1,1,1,NaN,2,NaN,NaN,,NaN,,NaN,,NaN,64,60,NaN,1,4,2,1,1,1,1,1,1,1,1,1,1,1,1,1,1,1,1,2,2,2,719139.088,4266191.599,308.432,Cob,1402,0,0,0,14,4
12135,4,2008030003161,1,11,25,4,2,1,3,CV-725,4.5,4,5,0,1,5,3,3,3,2,2,1,2,1,1,2,3,1,8,1,1,1,9,13,3,1,1,NaN,2,3,NaN,,NaN,,NaN,,NaN,NaN,NaN,NaN,1,4,2,1,1,1,1,1,2,1,1,1,1,1,1,1,2,1,1,2,1,1,765836.18,4303137.426,1.798,Cob,29171,0,0,0,11,6
12136,4,2008030003165,1,11,22,6,6,2,1,CV-805,5.2,5,2,0,1,5,3,2,3,3,2,1,1,1,1,1,7,7,8,1,5,1,9,14,3,1,1,NaN,2,NaN,NaN,,NaN,,NaN,,67,NaN,60,NaN,1,4,2,1,2,1,1,1,1,1,1,1,1,1,1,1,1,1,1,2,1,1,708582.984,4273454.983,585.112,Cob,1766,0,0,0,22,1
12138,4,2008030003167,1,11,22,6,6,2,2,CV-95,16,16,0,0,1,5,3,2,3,4,2,1,2,1,2,2,1,1,3,1,5,1,9,14,3,1,1,NaN,2,4,NaN,,NaN,,NaN,,NaN,NaN,NaN,NaN,1,4,1,1,2,1,1,1,2,1,1,1,1,1,1,1,1,1,1,2,1,1,692332.58,4208535.292,43.586,Pri,9274,0,0,0,21,6
12140,4,2008030003181,1,11,26,6,3,1,1,CV-925,12,12,0,1,1,5,2,2,3,3,2,1,1,1,1,1,7,7,8,3,5,4,9,14,3,1,1,NaN,2,NaN,NaN,,21,24,NaN,,NaN,NaN,NaN,NaN,1,4,1,1,1,1,1,1,1,1,1,1,1,1,2,2,1,1,1,2,1,1,686981.605,4201646.165,159.873,Cob,1968,0,0,0,20,1
12142,4,2008030003182,1,11,24,3,1,1,2,CV-81,42.5,42,5,0,1,5,3,2,3,4,2,1,2,2,2,1,7,7,8,1,1,1,8,13,1,1,1,NaN,2,2,NaN,,NaN,,NaN,,NaN,NaN,NaN,NaN,1,4,2,1,1,1,1,1,1,1,1,1,1,1,1,1,1,1,1,2,1,2,684873.169,4280070.537,479.734,Cob,5744,0,0,0,10,2
12144,4,2008030003188,1,11,27,6,4,1,2,CV-809,5.2,5,2,0,1,5,2,3,3,3,2,1,1,1,1,1,7,7,8,1,4,1,9,14,3,1,1,NaN,2,NaN,NaN,,NaN,,NaN,,NaN,NaN,NaN,71,1,4,1,1,1,1,1,1,2,1,1,1,1,1,1,1,1,1,1,2,1,1,680160.22,4282870.975,477.345,Cob,3359,0,0,0,19,1
12146,4,2008030003192,1,11,26,3,3,1,2,CV-715,6,6,0,0,1,5,3,2,3,4,2,1,2,2,1,1,7,7,8,3,1,5,2,14,1,1,1,NaN,2,1,NaN,,NaN,,NaN,,NaN,NaN,NaN,NaN,1,4,1,1,1,1,1,2,2,1,1,1,1,1,1,1,1,1,1,2,1,1,751630.94,4306254.434,-7.204,Cob,5454,0,0,0,10,5
12148,4,2008030003193,1,11,29,5,6,2,2,CV-925,4.9,4,9,0,1,5,2,2,3,3,2,1,2,2,1,1,7,7,8,1,1,1,9,14,1,1,1,NaN,2,NaN,NaN,,NaN,,NaN,,NaN,NaN,NaN,71,1,4,1,1,1,1,1,2,1,1,1,1,1,1,1,1,1,1,1,2,1,1,683279.957,4213397.01,63.836,Cob,1516,0,0,2,16,5
12150,4,2008030003195,1,11,29,6,6,2,2,CV-913,0.3,0,3,0,1,5,2,3,3,3,2,1,1,1,1,1,7,7,5,1,2,1,9,14,1,2,1,NaN,2,NaN,NaN,,NaN,,NaN,,NaN,NaN,NaN,71,1,4,2,1,1,1,1,1,2,1,1,1,1,1,1,1,1,1,1,2,1,1,687435.448,4222340.542,-12.727,Sec,7483,0,0,2,18,1
12152,4,2008030003200,1,11,20,3,4,1,2,CV-821,2.6,2,6,1,1,5,2,2,3,3,2,2,2,2,2,2,5,1,4,1,1,1,9,14,1,1,1,NaN,1,4,NaN,,NaN,,NaN,,NaN,NaN,NaN,NaN,1,4,1,1,1,1,1,1,2,1,1,1,1,1,1,1,1,1,1,2,1,1,722008.833,4253817.591,30.067,Sec,30367,0,0,1,8,6
12153,4,2008030003205,1,11,30,6,7,3,1,CV-913,4.8,4,8,1,1,5,3,2,3,3,1,1,1,2,2,2,5,1,4,1,1,1,9,14,1,1,1,NaN,2,NaN,NaN,,NaN,,NaN,,NaN,51,50,NaN,1,4,2,1,2,1,1,1,1,1,1,1,1,1,1,1,1,1,1,2,1,1,689225.791,4223366.022,-15.254,Sec,7483,0,0,0,17,6
12156,4,2008030003206,1,11,30,6,7,3,3,CV-734,0.1,0,1,0,1,5,2,3,3,2,2,1,2,2,1,1,7,7,8,1,5,1,9,14,1,1,1,NaN,2,5,NaN,,NaN,,NaN,,NaN,NaN,NaN,NaN,1,4,2,1,1,1,1,2,1,1,1,1,1,1,1,1,1,1,1,1,1,2,767247.092,4297747.251,52.397,Sec,13367,0,0,0,19,5
12157,4,2008030003209,1,11,30,2,7,3,1,CV-945,1,1,0,1,1,5,2,3,3,3,2,1,1,1,1,1,7,7,8,3,5,4,9,14,3,1,1,NaN,2,NaN,NaN,,NaN,,NaN,,68,NaN,60,NaN,1,4,2,1,2,1,1,1,1,1,1,1,1,1,1,1,1,1,1,2,1,1,691531.137,4210626.227,29.778,Sec,12033,0,0,1,6,1
12159,4,2008030003221,1,12,2,3,2,1,2,CV-724,3.9,3,9,0,1,5,2,2,3,2,2,1,1,1,1,1,1,1,5,1,2,1,9,14,2,1,3,NaN,1,2,NaN,,NaN,,NaN,,NaN,NaN,NaN,NaN,1,4,1,1,1,1,1,1,2,1,1,1,1,1,1,1,1,1,1,2,1,2,764993.682,4301824.067,12.082,Sec,6493,0,0,0,7,7
12161,4,2008030003225,1,11,28,3,5,1,2,CV-821,3.9,3,9,0,1,5,2,2,3,4,2,2,1,2,1,1,1,1,3,1,1,1,9,14,1,1,1,NaN,2,2,NaN,,NaN,,NaN,,NaN,NaN,NaN,NaN,1,4,1,1,1,1,1,1,2,1,1,1,1,1,1,1,1,1,1,2,1,1,719663.421,4252954.088,47.18,Sec,30367,0,0,0,9,7
12163,4,2008030003232,1,12,1,4,1,4,2,CV-855,7.5,7,5,0,1,5,2,2,3,3,2,2,2,1,2,2,5,6,3,1,1,1,2,13,3,1,1,NaN,2,4,NaN,,NaN,,NaN,,NaN,NaN,NaN,NaN,1,4,1,1,1,1,1,1,2,1,1,1,1,1,1,1,1,1,1,2,2,1,701396.358,4229291.003,-11.455,Cob,8570,0,0,0,13,6
12165,4,2008030003234,1,11,26,4,3,1,2,CV-935,1.7,1,7,1,1,5,3,2,3,1,2,1,1,2,1,1,5,1,4,3,1,4,9,14,1,1,1,NaN,2,2,NaN,,NaN,,NaN,,NaN,NaN,NaN,NaN,1,4,1,1,1,1,1,1,2,1,1,1,1,1,1,1,1,1,1,2,1,1,695408.115,4212555.199,40.673,Cob,7041,0,0,0,13,6
12166,4,2008030003235,1,11,27,4,4,1,1,CV-941,2,2,0,1,1,5,2,2,2,3,2,1,1,2,1,1,7,7,8,3,1,4,9,14,1,1,1,NaN,2,NaN,NaN,,NaN,,NaN,,NaN,54,50,NaN,1,4,1,1,1,1,1,1,1,1,1,1,1,1,2,1,1,1,1,2,1,1,694058.508,4204549.024,102.443,Sec,4444,0,0,0,13,5
12168,4,2008030003241,1,11,20,6,4,1,2,CV-720,39.8,39,8,0,1,5,2,2,3,3,2,1,1,1,1,1,7,7,5,1,5,1,9,14,1,1,3,NaN,2,1,NaN,,NaN,,NaN,,NaN,NaN,NaN,NaN,1,4,1,1,1,1,1,1,2,1,1,1,1,1,1,1,1,1,1,2,1,1,755619.903,4292710.407,219.939,Cob,2205,0,0,2,18,4
12170,4,2008030003242,1,12,2,6,2,1,2,CV-904,1.5,1,5,0,1,5,3,2,3,4,2,1,2,2,1,1,5,6,4,1,1,1,9,14,1,1,3,NaN,2,2,NaN,,NaN,,NaN,,NaN,NaN,NaN,NaN,1,4,2,1,1,1,1,1,2,1,1,1,1,1,1,1,1,1,1,2,1,1,691053.679,4232333.886,10.699,Cob,4764,0,0,1,17,6
12173,4,2008030003256,1,12,3,2,3,1,1,CV-83,10.1,10,1,1,1,5,3,2,3,3,2,1,2,2,1,2,7,7,8,1,5,1,9,14,1,1,1,NaN,2,NaN,NaN,,NaN,,NaN,,58,NaN,50,NaN,1,4,2,1,2,1,1,1,1,1,1,1,1,1,1,1,1,1,1,2,1,1,675577.82,4254625.03,572.769,Cob,5819,0,0,4,5,1
12174,4,2008030003259,1,11,30,6,7,3,1,CV-799,3,3,0,0,1,5,2,2,3,3,2,1,1,1,1,1,7,7,8,1,4,1,3,14,3,1,1,NaN,2,NaN,NaN,,21,24,NaN,,NaN,NaN,NaN,NaN,1,4,1,1,1,1,1,1,1,1,1,1,1,1,1,2,1,1,1,2,1,1,690325.186,4278377.5,520.132,Pri,4381,0,0,0,21,1
12175,4,2008030003263,1,11,11,3,2,1,1,CV-70,48.2,48,2,0,1,5,2,2,3,3,2,2,1,1,1,1,5,1,8,1,1,1,9,14,1,1,1,NaN,1,NaN,NaN,,NaN,,12,9,NaN,NaN,NaN,NaN,1,4,1,1,1,1,1,2,1,1,1,1,1,1,1,1,1,1,1,2,1,1,749857.861,4272950.771,131.341,Per,25542,0,0,1,7,6
12177,4,2008030003264,1,12,3,3,3,1,2,CV-821,3.5,3,5,1,1,5,3,2,3,3,2,2,2,1,1,2,5,1,4,1,1,1,9,14,1,1,1,NaN,1,3,NaN,,NaN,,NaN,,NaN,NaN,NaN,NaN,1,4,1,1,1,1,1,1,1,1,1,1,1,1,1,1,1,1,2,2,1,1,721374.884,4254255.378,39.161,Sec,30367,0,0,0,8,6
12178,4,2008030003271,1,12,1,1,1,1,1,CV-895,1.5,1,5,0,1,5,3,2,3,3,2,1,1,1,1,1,7,7,8,3,5,1,9,14,2,1,1,NaN,1,NaN,NaN,,NaN,,NaN,,NaN,64,60,NaN,1,4,1,1,1,1,1,1,1,2,1,1,1,1,1,1,1,1,1,2,1,1,701115.881,4214009.523,-12.495,Cob,7055,0,0,0,23,1
12182,4,2008030003272,1,12,3,6,3,1,2,CV-95,9.8,9,8,0,1,5,3,2,3,3,2,1,1,1,1,1,1,2,5,1,2,1,2,14,1,1,1,NaN,2,4,NaN,,NaN,,NaN,,NaN,NaN,NaN,NaN,3,4,1,1,1,1,1,1,2,1,1,1,1,1,1,1,1,2,1,2,1,1,688195.681,4212843.398,56.884,Cob,10290,0,0,6,19,6
12185,4,2008030003274,1,12,4,3,4,1,3,CV-95,25,25,0,0,1,5,2,3,3,4,2,2,1,1,1,1,7,7,8,1,1,1,9,14,1,1,1,NaN,2,5,NaN,,NaN,,NaN,,NaN,NaN,NaN,NaN,2,4,2,1,1,1,1,1,2,1,1,1,1,1,1,1,1,1,1,2,2,3,699402.984,4204557.633,5.172,Cob,21165,0,0,4,9,1
12188,4,2008030003286,1,12,5,4,5,2,3,CV-70,47,47,0,0,1,5,2,3,3,3,2,2,1,1,2,2,6,1,8,1,1,1,9,14,1,2,1,NaN,2,2,NaN,,NaN,,NaN,,NaN,NaN,NaN,NaN,1,4,1,1,1,1,1,1,2,1,1,1,1,1,1,1,1,1,1,2,1,1,750252.936,4274105.303,153.927,Per,25542,0,0,1,13,7
12192,4,2008030003287,1,12,4,6,4,1,4,CV-91,7.8,7,8,0,1,5,3,2,3,3,2,1,1,1,1,1,7,7,8,1,5,1,9,14,3,1,1,NaN,1,5,NaN,,NaN,,NaN,,NaN,NaN,NaN,NaN,1,4,1,1,1,1,1,1,2,1,1,1,1,1,1,1,1,1,1,2,1,1,688572.692,4218167.148,-15.099,Sec,13575,0,0,1,18,1
12193,4,2008030003288,1,12,5,6,5,2,1,CV-821,6,6,0,1,1,5,3,2,3,1,2,2,1,1,1,1,7,7,8,1,1,1,9,14,3,2,2,1,2,NaN,NaN,,NaN,,NaN,,NaN,61,60,NaN,1,4,1,1,1,1,1,2,1,1,1,1,1,1,1,1,1,1,1,2,1,1,719404.692,4252837.394,51.08,Cob,10986,1,0,0,17,2
12195,4,2008030003289,1,12,4,3,4,1,2,CV-865,7,7,0,1,1,5,2,2,3,4,2,1,1,2,1,1,1,5,3,1,1,1,9,14,1,1,1,NaN,2,2,NaN,,NaN,,NaN,,NaN,NaN,NaN,NaN,1,4,1,1,1,1,1,1,2,1,1,1,1,1,1,1,1,1,1,2,1,1,707559.454,4234980.822,7.549,Cob,14206,0,0,0,9,7
12197,4,2008030003290,1,12,2,3,2,1,2,CV-800,13,13,0,0,1,5,3,2,3,4,2,1,2,2,2,2,2,1,3,1,1,1,9,14,1,1,1,NaN,2,NaN,NaN,,NaN,,NaN,,67,NaN,60,NaN,1,4,1,1,1,1,1,1,2,1,1,1,1,1,1,1,1,1,1,2,1,1,720060.424,4279120.758,854.289,Sec,6005,0,0,0,8,6
12201,4,2008030003291,1,12,5,3,5,2,2,CV-840,1.1,1,1,0,1,5,3,2,3,3,2,1,2,2,2,2,7,7,8,1,1,1,2,14,1,1,1,NaN,2,1,NaN,,NaN,,NaN,,NaN,NaN,NaN,NaN,1,4,1,1,1,2,1,1,1,1,1,1,1,1,1,1,1,1,1,2,1,1,693425.754,4250316.802,251.247,Cob,4371,0,1,1,7,4
12204,4,2008030003293,1,12,6,4,6,3,2,CV-820,0.5,0,5,0,1,5,3,2,3,3,2,1,1,1,2,2,2,1,3,1,1,1,9,14,1,1,1,NaN,2,4,NaN,,NaN,,NaN,,NaN,NaN,NaN,NaN,1,4,1,1,1,1,1,1,2,1,1,1,1,1,1,1,1,1,1,2,1,1,713559.594,4254120.435,122.612,Cob,6724,0,0,1,13,6
12205,4,2008030003296,1,12,7,3,7,3,1,CV-800,13.3,13,3,1,1,5,3,1,3,4,2,1,1,2,1,1,7,7,5,1,2,1,2,4,1,1,3,NaN,2,NaN,NaN,,NaN,,NaN,,NaN,64,60,NaN,1,4,1,1,1,1,1,2,1,1,1,1,1,1,1,1,1,1,1,2,2,3,717955.447,4273004.514,654.527,Sec,6005,0,1,0,7,5
12206,4,2008030003297,1,12,6,6,6,3,1,CV-855,8,8,0,0,1,5,3,1,3,3,2,2,1,1,2,2,5,1,8,1,2,1,9,14,1,1,3,NaN,2,NaN,NaN,,NaN,,NaN,,NaN,62,60,NaN,1,4,1,1,2,1,1,2,1,1,1,1,1,1,1,1,1,1,1,2,1,1,701400.121,4228706.976,-14.128,Cob,8570,0,0,0,18,6
12209,4,2008030003300,1,12,7,4,7,3,2,CV-763,0.6,0,6,0,1,5,2,2,3,4,2,1,1,1,1,1,1,1,5,1,1,1,9,14,2,1,1,NaN,2,4,NaN,,NaN,,NaN,,NaN,NaN,NaN,NaN,1,4,2,1,1,1,1,1,1,1,1,1,1,1,1,1,1,1,1,2,1,1,753365.554,4273171.242,22.494,Cob,12197,0,0,2,14,7
12211,4,2008030003302,1,12,1,5,1,4,2,CV-940,0.3,0,3,0,1,5,2,3,3,3,2,1,1,1,1,1,1,2,3,1,1,1,3,14,2,1,1,NaN,2,2,NaN,,NaN,,NaN,,NaN,NaN,NaN,NaN,1,4,2,1,1,1,1,1,2,1,1,1,1,1,1,1,1,1,1,2,1,1,694379.376,4206422.59,42.151,Cob,6124,0,0,0,15,6
12212,4,2008030003303,1,12,6,4,6,3,1,CV-724,1.5,1,5,1,1,5,2,2,3,2,2,1,1,1,1,1,7,7,5,1,1,1,9,14,3,1,1,NaN,1,NaN,NaN,,21,21,NaN,,NaN,NaN,NaN,NaN,1,4,1,1,1,1,1,1,1,1,1,1,1,1,1,1,1,2,1,2,1,1,765801.903,4303633.933,-3.171,Sec,6493,0,0,1,12,2
12213,4,2008030003306,1,12,8,3,1,3,1,CV-95,7.9,7,9,0,1,5,2,2,3,3,2,1,2,2,1,1,7,7,8,1,4,1,9,14,2,1,1,NaN,2,NaN,NaN,,NaN,,NaN,,NaN,63,60,NaN,1,4,2,1,1,2,1,1,1,1,1,1,1,1,1,1,1,1,1,2,1,1,686512.457,4213517.736,23.304,Cob,10290,0,0,0,7,4
12216,4,2008030003307,1,12,7,6,7,3,3,CV-900,9.9,9,9,0,1,5,2,3,3,3,2,1,2,1,1,1,7,7,8,1,2,1,9,14,1,1,1,NaN,2,1,NaN,,NaN,,NaN,,NaN,NaN,NaN,NaN,1,4,1,1,1,1,1,1,2,1,1,1,1,1,1,1,1,1,1,2,1,1,686372.178,4223300.619,-12.359,Sec,11231,0,0,2,18,1
12218,4,2008030003308,1,12,7,6,7,3,1,CV-84,1.9,1,9,1,1,5,3,2,3,3,2,2,2,1,2,2,7,7,8,1,1,1,9,14,2,1,1,NaN,2,NaN,NaN,,NaN,,NaN,,NaN,52,50,NaN,1,4,2,1,2,1,1,1,1,1,1,1,1,1,1,1,1,1,1,2,1,1,695199.18,4244688.895,269.731,Sec,22192,0,0,1,17,2
12219,4,2008030003309,1,12,8,4,1,3,1,CV-773,12.6,12,6,0,1,5,2,3,3,3,2,1,1,1,1,1,7,7,8,1,1,1,9,14,1,1,1,NaN,2,NaN,NaN,,NaN,,NaN,,67,NaN,60,NaN,1,4,1,1,1,1,1,2,1,1,1,1,1,1,1,1,1,1,1,1,2,2,728171.406,4263695.874,304.687,Cob,318,0,1,0,13,5
12220,4,2008030003311,1,12,9,1,2,4,1,CV-700,61.7,61,7,0,1,5,2,3,3,3,2,1,1,1,1,1,7,7,5,3,5,1,9,14,2,1,1,NaN,2,NaN,NaN,,NaN,,NaN,,NaN,52,50,NaN,1,4,2,1,1,1,1,2,1,1,1,1,1,1,1,1,1,1,1,2,1,1,754434.021,4304371.49,-10.266,Cob,6702,0,0,1,2,1
12222,4,2008030003321,1,12,7,6,7,3,1,CV-91,17.6,17,6,1,1,5,3,2,3,3,2,1,1,2,2,2,7,7,8,1,5,1,9,14,3,1,1,NaN,1,NaN,NaN,,NaN,,NaN,,55,NaN,50,NaN,1,4,2,1,1,1,1,1,1,1,1,1,1,1,1,1,1,1,1,2,1,1,688479.114,4218179.93,-19.205,Cob,9692,0,0,2,22,1
12223,4,2008030003338,1,12,3,1,3,1,1,CV-920,22.5,22,5,0,1,5,3,2,3,3,2,1,1,1,1,1,7,7,8,1,3,1,9,14,3,1,1,NaN,2,NaN,NaN,,NaN,,NaN,,56,NaN,50,NaN,1,4,2,1,1,1,1,2,1,1,1,1,1,1,1,1,1,1,1,2,1,1,703523.83,4219883.027,-24.159,NaN,0,0,0,0,3,1
12225,4,2008030003345,1,12,11,4,4,1,2,CV-736,3.7,3,7,1,1,5,1,3,3,1,2,1,2,2,1,1,7,7,5,1,1,1,9,4,1,1,1,NaN,2,2,NaN,,NaN,,NaN,,NaN,NaN,NaN,NaN,1,4,1,1,1,1,1,2,2,1,1,1,1,1,1,1,1,1,1,2,1,3,773601.71,4300902.494,136.348,Cob,4048,0,0,0,11,5
12226,4,2008030003346,1,12,11,6,4,1,1,CV-91,7.2,7,2,0,1,5,2,3,3,3,2,2,1,1,1,1,5,3,4,1,3,1,9,14,1,2,1,NaN,2,NaN,NaN,,NaN,,NaN,,NaN,51,50,NaN,1,4,2,1,2,1,1,1,1,1,1,1,1,1,1,1,1,1,1,2,1,1,687998.066,4218158.312,-15.418,Sec,13575,0,0,0,21,6
12227,4,2008030003356,1,12,12,3,5,1,1,CV-720,48.2,48,2,1,1,5,2,2,3,3,2,1,1,1,1,1,7,7,8,1,1,1,9,14,1,1,3,NaN,2,NaN,NaN,,NaN,,NaN,,66,NaN,60,NaN,1,4,2,1,1,1,1,1,1,1,1,1,1,1,1,1,1,1,1,2,2,2,731439.278,4291241.521,597.174,Cob,2205,0,0,0,8,1
12228,4,2008030003359,1,12,13,4,6,2,1,CV-800,34.1,34,1,1,1,5,2,2,3,4,2,1,1,2,2,2,7,7,5,1,1,1,9,14,3,1,1,NaN,1,NaN,NaN,,21,24,NaN,,NaN,NaN,NaN,NaN,1,4,1,1,1,1,1,1,1,1,1,1,1,1,1,2,1,1,1,2,1,1,723559.033,4256840.36,56.442,Cob,1402,0,0,1,12,2
12230,4,2008030003375,1,12,14,1,7,3,2,CV-715,21.5,21,5,1,1,5,2,2,3,1,2,1,1,1,1,1,7,7,5,1,5,1,9,14,2,1,1,NaN,2,3,NaN,,NaN,,NaN,,NaN,NaN,NaN,NaN,1,4,1,1,1,1,1,2,1,1,1,1,1,1,1,1,1,1,1,2,1,1,754247.632,4289595.341,501.91,Cob,2659,0,0,0,0,2
12232,4,2008030003379,1,12,16,1,2,1,1,CV-773,4,4,0,1,1,5,2,2,3,3,2,1,1,2,1,1,1,2,8,1,5,1,9,14,1,1,1,NaN,2,NaN,NaN,,NaN,,NaN,,NaN,63,60,NaN,1,4,1,1,2,1,1,1,1,1,1,1,1,1,1,1,1,1,1,2,1,1,726282.364,4263452.759,329.486,Cob,4226,0,0,0,2,7
12234,4,2008030003381,1,12,12,5,5,1,2,CV-940,8.3,8,3,0,1,5,3,2,3,3,2,1,1,1,1,1,1,2,3,1,1,1,2,14,1,1,1,NaN,2,NaN,NaN,,NaN,,NaN,,67,NaN,60,NaN,1,4,1,1,1,1,1,1,2,1,1,1,1,1,1,1,1,1,1,2,1,1,697227.517,4213349.025,30.065,Cob,5675,0,0,0,15,6
12236,4,2008030003385,1,12,17,4,3,1,2,CV-734,3.6,3,6,0,1,5,2,3,3,3,2,1,1,1,1,1,1,1,5,1,1,1,9,14,1,1,1,NaN,2,2,NaN,,NaN,,NaN,,NaN,NaN,NaN,NaN,1,4,1,1,1,1,1,1,2,1,1,1,1,1,1,1,1,1,1,2,1,1,770321.983,4296842.499,33.292,Sec,13367,0,0,0,14,7
12237,4,2008030003393,1,12,17,6,3,1,1,CV-84,5.5,5,5,1,1,5,3,2,3,3,2,2,1,1,2,1,5,1,8,1,3,1,9,14,3,1,3,NaN,2,NaN,NaN,,NaN,,12,9,NaN,NaN,NaN,NaN,1,4,1,1,1,1,1,1,1,1,1,1,1,1,1,1,1,2,1,2,1,2,697453.008,4242269.272,178.335,Sec,14032,0,0,1,18,7
12238,4,2008030003397,1,12,18,6,4,1,1,CV-715,6.5,6,5,0,1,5,2,2,3,4,2,1,1,1,1,1,7,7,8,1,4,1,9,14,3,1,1,NaN,2,NaN,NaN,,21,24,NaN,,NaN,NaN,NaN,NaN,1,4,1,1,1,1,1,1,1,1,1,1,1,1,1,2,1,1,1,2,1,1,751510.726,4305787.866,-6.178,Cob,5454,0,0,0,22,1
12240,4,2008030003399,1,12,15,6,1,1,2,CV-705,1.8,1,8,1,1,5,2,3,3,2,2,1,2,2,1,1,7,7,8,1,1,1,9,14,3,1,1,NaN,2,3,NaN,,NaN,,NaN,,NaN,NaN,NaN,NaN,1,4,2,1,2,1,1,1,1,1,1,1,1,1,1,1,1,1,1,2,1,1,727133.31,4304956.746,333.425,Sec,3476,0,0,0,18,3
12241,4,2008030003400,1,12,18,6,4,1,1,CV-865,4,4,0,0,1,5,3,2,3,4,2,1,1,1,2,1,7,7,8,1,5,1,9,14,3,1,3,NaN,2,NaN,NaN,,NaN,,NaN,,NaN,63,60,NaN,1,4,1,1,1,1,1,1,1,1,1,1,1,2,1,1,1,1,1,2,1,1,706497.585,4235659.735,21.709,Cob,14206,0,0,1,19,1
12244,4,2008030003402,1,12,16,6,2,1,3,CV-840,11.5,11,5,0,1,5,2,2,3,3,2,1,1,2,2,2,1,1,8,1,5,1,9,14,3,1,1,NaN,1,2,NaN,,NaN,,NaN,,NaN,NaN,NaN,NaN,1,4,2,1,1,1,1,1,1,1,1,1,1,1,1,1,1,1,1,2,1,1,683702.909,4248332.529,407.526,Sec,2949,0,0,1,19,6