Id,Ano,Numero_Accidente,Provincia,Mes,Dia,Hora,Dia_Semana,Tipo_Dia,Vehiculos_Implicados,Carretera,Pk,Km,Hm,Sentido,Zona,Tipo_Via,Anchura_Calzada,Anchura_Carril,Marcas_Viales,Arcen,Arcen_Pavimentado,Mediana,Barrera_Seguridad,Paneles_Direccionales,Hitos_Arista,Captafaros,Interseccion_Tipo,Interseccion_Acondicionamiento,Prioridad_Regulada_por,Superficie,Luminosidad,Factores_Atmosfericos,Visibilidad_Restringida_por,Otras_Circunstancias,Senalizacion_Peligro,Aceras,Arboles,Arboles_Metros_Calzada,Visibilidad_Senalizacion_Vertical,Colision_Vehiculos_Marcha,Colision_Vehiculo_Obstaculo_1,Colision_Vehiculo_Obstaculo_2,Atropello_1,Atropello_2,Vuelco_1,Vuelco_2,Salida_Sin_Colision,Salida_Con_Colision,Lado_Salida,Otro,Circulacion,Circulacion_Medidas_Especiales,Distraccion,Inexperiencia_Conductor,Alcohol_Drogas,Cansancio_Sueno,Enfermedad,Velocidad_Inadecuada,Infraccion_Norma_Circulacion,Estado_Condicion_Via,Estado_Condicion_Senalizacion,Tramo_Obras,Mal_Estado_Vehiculo,Averia_Mecanica,Meteorologia_Adversa,Irrupcion_Animal,Circular_Sentido_Contrario,Otro_Factor,Sin_Opinion_Definida,Pendiente,Curvatura,Peralte,GPS_x,GPS_y,GPS_z,Tipo_Est,IMD,N_Muertos,N_Graves,N_Leves,Hora_Real,Fuera_o_Interseccion
12245,4,2008030003405,1,12,17,2,3,1,1,CV-945,9,9,0,1,1,5,2,2,3,3,2,1,1,1,1,1,7,7,7,1,5,1,9,14,3,1,1,NaN,1,NaN,NaN,,NaN,,NaN,,NaN,61,60,NaN,1,4,2,1,1,1,1,1,1,1,1,1,1,1,1,1,1,1,1,2,1,1,699276.255,4211715.962,-20.3,Cob,5514,0,0,0,5,1
12246,4,2008030003406,1,12,19,6,5,1,1,CV-91,13.6,13,6,0,1,5,3,2,3,3,2,1,1,1,1,1,7,7,8,1,5,1,9,14,3,1,1,NaN,2,NaN,NaN,,NaN,,NaN,,NaN,54,50,NaN,1,4,2,1,2,2,1,1,1,1,1,1,1,1,1,1,1,1,1,2,1,1,694061.044,4218814.725,-14.87,Pri,13282,0,0,0,20,1
12248,4,2008030003409,1,12,20,1,6,2,1,CV-700,55.1,55,1,1,1,5,2,3,3,3,2,1,1,1,1,1,7,7,8,1,5,1,9,3,1,1,1,NaN,2,NaN,NaN,,NaN,,NaN,,NaN,62,60,NaN,1,4,2,1,1,1,1,2,1,1,1,1,1,1,1,1,1,1,1,2,1,1,719792.487,4296887.199,461.258,Pri,3041,0,1,2,2,4
12252,4,2008030003412,1,12,21,4,7,3,3,CV-763,3.4,3,4,1,1,5,2,3,3,3,2,1,1,1,1,1,1,1,8,1,1,1,9,14,2,1,1,NaN,2,4,NaN,,NaN,,NaN,,NaN,NaN,NaN,NaN,1,4,1,1,1,1,1,1,2,1,1,1,1,1,1,1,1,1,1,2,1,1,752721.537,4273830.899,49.382,Cob,12197,0,0,0,14,7
12254,4,2008030003413,1,12,20,6,6,2,2,CV-945,5,5,0,1,1,5,2,2,3,3,2,1,1,1,1,1,5,1,4,1,3,1,9,14,1,1,1,NaN,2,4,NaN,,NaN,,NaN,,NaN,NaN,NaN,NaN,1,4,2,1,1,1,1,1,1,1,1,1,1,1,1,1,1,1,1,2,1,1,695414.89,4210990.607,1.449,Cob,6003,0,0,1,21,6
12258,4,2008030003414,1,12,21,5,7,3,2,CV-95,4.5,4,5,1,1,5,3,2,3,3,2,2,1,2,1,1,5,3,4,1,1,1,9,14,1,1,1,NaN,2,4,NaN,,NaN,,NaN,,NaN,NaN,NaN,NaN,1,4,1,1,1,1,1,1,1,1,1,1,1,1,1,1,1,1,2,2,1,2,697859.257,4205261.103,1.2,Cob,12644,0,0,0,16,6
12261,4,2008030003419,1,12,13,6,6,2,2,CV-80,17.5,17,5,1,1,2,3,2,3,4,2,2,2,2,2,1,7,7,8,3,4,1,4,14,3,1,3,NaN,2,4,NaN,,NaN,,NaN,,NaN,NaN,NaN,NaN,1,4,2,1,1,1,1,1,1,1,1,1,1,1,2,1,1,1,1,2,1,1,691534.383,4270388.198,501.032,NaN,0,0,0,0,20,1
12263,4,2008030003426,1,12,13,1,6,2,2,CV-805,5,5,0,0,1,5,3,2,3,1,2,1,1,1,2,2,2,1,3,3,5,4,9,14,1,1,1,NaN,2,2,NaN,,NaN,,NaN,,NaN,NaN,NaN,NaN,1,4,1,1,1,1,1,1,2,1,1,1,1,1,1,1,1,1,1,2,1,1,708610.265,4273654.689,590.606,Cob,1766,0,0,0,23,6
12264,4,2008030003430,1,12,21,3,7,3,1,CV-941,3,3,0,0,1,5,3,2,3,1,2,1,1,1,1,1,7,7,8,1,1,1,9,14,1,1,1,NaN,2,NaN,NaN,,NaN,,NaN,,66,NaN,60,NaN,1,4,1,1,2,1,1,1,2,1,1,1,1,1,1,1,1,1,1,2,1,1,695043.963,4197995.276,62.176,Sec,4444,0,0,0,10,2
12267,4,2008030003434,1,12,23,6,2,1,1,CV-755,17.1,17,1,0,1,5,2,3,3,2,2,1,1,1,1,1,7,7,5,1,5,1,9,14,3,1,1,NaN,2,NaN,NaN,,NaN,,NaN,,NaN,62,60,NaN,1,4,1,1,1,1,1,2,1,1,1,1,1,1,1,1,1,2,1,2,1,1,754274.002,4280002.238,41.841,Cob,3323,0,0,2,20,4
12268,4,2008030003435,1,12,18,1,4,1,1,CV-775,3.5,3,5,0,1,5,3,2,3,2,2,1,1,2,1,1,7,7,5,1,5,1,9,14,3,1,1,NaN,1,NaN,NaN,,NaN,,NaN,,58,NaN,50,NaN,1,4,2,1,2,1,1,1,2,1,1,1,1,1,1,1,1,1,1,2,1,1,728435.331,4260958.809,86.833,Cob,1705,0,0,0,2,1
12276,4,2008030003444,1,12,24,4,3,2,4,CV-900,2.7,2,7,1,1,5,3,2,3,1,2,1,1,1,1,1,7,7,8,1,1,1,9,14,3,2,3,NaN,2,NaN,NaN,,NaN,,NaN,,NaN,64,60,NaN,1,4,1,1,1,1,2,1,1,1,1,1,1,1,1,1,1,1,1,2,1,1,685658.446,4224755.2,-6.426,Cob,5356,0,0,9,14,1
12277,4,2008030003445,1,12,25,2,4,3,1,CV-941,3,3,0,1,1,5,2,2,3,1,2,1,1,2,1,1,7,7,8,1,5,1,2,14,1,1,1,NaN,2,NaN,NaN,,NaN,,NaN,,NaN,63,60,NaN,1,4,1,1,2,1,1,1,1,1,1,1,1,1,1,1,1,1,1,2,1,1,693931.926,4203567.23,128.82,Sec,4444,0,0,0,5,5
12278,4,2008030003446,1,12,20,4,6,2,1,CV-895,2.5,2,5,1,1,5,2,3,3,3,2,1,1,1,1,1,7,7,8,1,1,1,9,14,3,1,3,NaN,2,NaN,NaN,,21,23,NaN,,NaN,NaN,NaN,NaN,1,4,1,1,1,1,1,1,1,1,1,1,1,1,1,2,1,1,1,2,1,1,703443.737,4215501.995,1.323,Cob,7055,0,0,0,13,2
12279,4,2008030003449,1,12,23,6,2,1,1,CV-827,6.3,6,3,0,1,5,3,2,3,2,2,1,2,2,1,1,7,7,8,1,5,1,2,14,1,1,1,NaN,2,NaN,NaN,,NaN,,NaN,,56,NaN,50,NaN,1,4,2,1,2,1,1,2,1,1,1,1,1,1,1,1,1,1,1,2,1,1,705896.138,4261083.402,468.525,Cob,374,0,0,0,20,5
12281,4,2008030003450,1,12,26,3,5,1,2,CV-736,6.8,6,8,1,1,5,2,3,3,3,2,1,1,1,1,1,1,1,3,3,1,9,2,14,1,1,1,NaN,2,2,NaN,,NaN,,NaN,,NaN,NaN,NaN,NaN,1,4,1,1,1,1,1,1,2,1,1,1,1,1,1,1,1,1,1,2,1,1,772301.344,4302518.736,11.127,Cob,4048,0,0,0,9,7
12285,4,2008030003452,1,12,21,6,7,3,2,CV-95,16,16,0,0,1,5,2,2,3,3,2,1,1,1,1,1,1,1,8,1,5,1,9,14,3,1,1,NaN,2,2,NaN,,NaN,,NaN,,NaN,NaN,NaN,NaN,1,4,1,1,1,1,1,1,1,1,1,1,1,1,1,1,1,1,2,2,1,1,692332.58,4208535.292,43.586,Pri,9274,0,0,0,20,6
12287,4,2008030003456,1,12,26,4,5,1,2,CV-755,11.5,11,5,1,1,5,1,3,1,1,2,1,1,1,1,1,1,1,8,1,1,1,2,14,2,1,3,NaN,1,2,NaN,,NaN,,NaN,,NaN,NaN,NaN,NaN,1,4,1,1,1,1,1,1,2,1,1,1,1,1,1,1,1,1,1,2,2,1,749209.171,4282431.627,223.251,Cob,606,0,1,0,13,6
12289,4,2008030003457,1,12,20,3,6,2,1,CV-809,5.2,5,2,0,1,5,3,2,3,2,2,1,2,1,1,1,1,1,8,1,5,1,9,14,3,1,3,NaN,2,NaN,NaN,,NaN,,NaN,,65,NaN,60,NaN,1,4,1,1,2,1,1,1,1,1,1,1,1,1,1,1,1,1,1,2,1,1,680160.22,4282870.975,477.345,Cob,3359,0,0,0,8,6
12290,4,2008030003466,1,12,18,3,4,1,1,CV-805,11.5,11,5,1,1,5,3,2,4,3,2,1,1,1,1,1,7,7,8,1,1,1,9,14,3,1,1,NaN,2,NaN,NaN,,NaN,,NaN,,NaN,61,60,NaN,1,4,1,1,1,1,1,1,1,1,1,1,1,1,1,2,1,1,1,2,1,1,709632.694,4275775.859,631.86,Cob,1766,0,0,0,8,2
12292,4,2008030003468,1,12,21,4,7,3,2,CV-840,17.3,17,3,1,1,5,2,2,3,3,2,1,1,1,1,1,7,7,8,1,1,1,9,14,3,1,1,NaN,2,4,NaN,,NaN,,NaN,,NaN,NaN,NaN,NaN,1,4,1,1,1,1,1,1,2,1,1,1,1,1,1,1,1,1,1,2,1,1,684969.637,4248484.58,372.928,Sec,2949,0,0,0,12,1
12294,4,2008030003470,1,12,21,3,7,3,2,CV-865,2.5,2,5,0,1,5,2,2,3,3,2,1,1,1,2,2,5,1,3,1,1,1,9,14,1,1,1,NaN,2,2,NaN,,NaN,,NaN,,NaN,NaN,NaN,NaN,1,4,1,1,1,1,1,1,2,1,1,1,1,1,1,1,1,1,1,2,1,1,705252.859,4236458.122,32.45,Cob,14206,0,0,0,9,6
12295,4,2008030003471,1,12,29,6,1,4,1,CV-800,25.5,25,5,1,1,5,2,2,3,3,2,1,2,2,2,2,7,7,8,1,2,2,4,14,3,1,1,NaN,2,NaN,30,30,NaN,,NaN,,NaN,NaN,NaN,NaN,1,4,1,1,1,1,1,2,1,1,1,1,1,1,1,1,1,1,1,2,1,1,719920.153,4263969.037,216.968,Cob,1402,0,0,0,18,4
12298,4,2008030003472,1,12,17,6,3,1,2,CV-820,20,20,0,0,1,5,2,2,3,3,2,1,1,2,1,1,7,7,8,1,1,1,9,14,3,1,1,NaN,2,3,NaN,,NaN,,NaN,,NaN,NaN,NaN,NaN,1,4,1,1,1,1,1,1,2,1,1,1,1,1,1,1,1,1,1,2,1,1,696703.334,4251832.033,208.622,Cob,0,0,0,0,17,1
12300,4,2008030003478,1,12,20,3,6,2,1,CV-809,4.6,4,6,0,1,5,2,3,3,3,2,1,1,1,1,1,1,1,8,1,1,1,9,14,3,1,3,NaN,1,NaN,NaN,,NaN,,NaN,,65,NaN,60,NaN,1,4,2,1,1,1,1,1,1,1,1,1,1,1,1,1,1,1,1,2,1,1,680641.328,4282521.652,475.273,Cob,3359,0,0,0,8,6
12302,4,2008030003481,1,12,23,4,2,1,2,CV-820,6.8,6,8,0,1,5,3,3,3,3,2,1,2,2,2,1,7,7,5,1,1,1,9,14,2,1,3,NaN,2,NaN,NaN,,NaN,,NaN,,56,NaN,50,NaN,1,4,1,1,1,1,1,1,2,1,1,1,1,1,1,1,1,1,1,2,1,1,707650.658,4255893.82,232.4,Cob,6724,0,0,1,13,1
12303,4,2008030003485,1,12,27,6,6,2,1,CV-91,13.5,13,5,0,1,6,1,3,1,1,2,1,1,1,1,1,7,7,8,1,5,1,9,14,3,1,3,NaN,1,NaN,NaN,,NaN,,NaN,,NaN,54,50,NaN,1,4,2,1,2,1,1,1,1,1,1,1,1,1,1,1,1,1,1,2,1,1,693962.073,4218812.397,-14.614,Pri,13282,0,0,0,21,1
12304,4,2008030003492,1,12,31,4,3,2,1,CV-870,6.7,6,7,0,1,5,2,3,3,1,2,1,1,1,1,1,7,7,8,1,1,1,9,14,3,1,1,NaN,2,NaN,NaN,,21,21,NaN,,NaN,NaN,NaN,NaN,1,4,1,1,1,1,1,1,2,1,1,1,1,1,1,1,1,1,1,2,1,1,678556.472,4225703.156,41.158,Cob,5377,0,1,0,13,1
12305,3,2008120000002,2,12,31,5,1,1,1,CV-10,40.5,40,5,0,1,5,3,2,3,3,2,1,2,1,1,1,7,7,8,1,1,1,9,14,3,1,1,NaN,1,NaN,NaN,,NaN,,NaN,,NaN,53,50,NaN,1,4,1,1,1,1,1,1,1,1,1,1,1,1,1,1,1,1,2,2,1,1,758127.393,4447148.004,252.017,NaN,0,0,0,0,16,1
12306,4,2008120000006,2,1,3,6,4,1,1,CV-132,3.7,3,7,1,1,5,2,3,3,3,2,1,1,2,1,1,7,7,8,3,4,1,2,14,1,1,1,NaN,2,NaN,NaN,,NaN,,NaN,,NaN,62,60,NaN,1,4,1,1,1,1,1,2,1,1,1,1,1,1,1,1,1,1,1,2,1,1,769449.483,4485769.868,331.628,Sec,2776,0,1,0,21,2
12307,4,2008120000007,2,1,2,6,3,4,1,CV-15,3.7,3,7,0,1,5,3,2,3,3,2,1,1,1,1,1,7,7,8,3,1,4,9,14,3,1,3,NaN,2,NaN,NaN,,NaN,,NaN,,66,NaN,60,NaN,1,4,1,1,1,1,1,1,2,1,1,1,1,1,2,1,1,1,1,2,1,1,754737.717,4447219.32,237.133,Cob,6624,0,0,0,17,1
12308,4,2008120000008,2,1,3,6,4,1,1,CV-15,0.3,0,3,1,1,5,3,2,3,3,2,1,1,1,2,1,7,7,8,2,4,1,9,14,1,1,1,NaN,2,NaN,NaN,,21,24,NaN,,NaN,NaN,NaN,NaN,1,4,1,1,1,1,1,1,1,1,1,1,1,1,1,2,1,1,1,2,1,1,728039.064,4482839.882,1112.136,Pri,10514,0,0,0,22,1
12309,4,2008120000009,2,1,4,6,5,1,1,CV-11,19.1,19,1,0,1,5,3,3,3,4,2,1,1,1,1,2,7,7,8,1,5,1,9,14,3,1,1,NaN,2,NaN,NaN,,21,24,NaN,,NaN,NaN,NaN,NaN,1,4,1,1,1,1,1,1,1,1,1,1,1,1,1,2,1,1,1,2,1,1,789640.389,4495352.723,104.885,Sec,4865,0,0,0,19,1
12310,4,2008120000010,2,1,5,5,6,2,1,CV-17,0,0,0,0,1,5,3,2,3,3,2,1,1,1,1,1,2,2,8,1,4,1,9,14,1,1,1,NaN,2,NaN,30,30,NaN,,NaN,,NaN,NaN,NaN,NaN,1,4,1,1,1,1,1,2,2,1,1,1,1,1,1,1,1,1,1,2,1,1,748841.023,4430372.381,52.248,Sec,23017,0,1,0,15,6
12312,4,2008120000017,2,1,3,6,4,1,2,CV-18,4.2,4,2,0,1,5,2,3,3,3,2,1,2,1,1,1,1,1,3,1,4,1,3,3,2,1,1,NaN,2,2,NaN,,NaN,,NaN,,NaN,NaN,NaN,NaN,1,4,1,1,1,1,1,1,2,1,1,1,1,1,1,1,1,1,1,2,1,1,751347.015,4424581.575,17.41,Cob,16390,0,0,0,19,6
12314,4,2008120000036,2,1,8,4,2,1,2,CV-16,2.8,2,8,1,1,5,1,1,3,3,2,2,2,1,1,1,5,1,4,1,1,1,9,14,1,1,1,NaN,2,4,NaN,,NaN,,NaN,,NaN,NaN,NaN,NaN,1,4,2,1,1,1,1,1,1,1,1,1,1,1,1,1,1,1,1,2,1,1,741641.933,4437286.634,127.786,Sec,0,0,0,0,13,6
12317,4,2008120000038,2,1,6,3,7,3,2,CV-10,22.8,22,8,0,1,5,3,2,3,4,2,1,1,2,1,2,5,6,1,1,1,1,9,14,1,1,1,NaN,2,4,NaN,,NaN,,NaN,,NaN,NaN,NaN,NaN,1,3,2,1,1,1,1,1,1,1,1,1,1,1,1,1,1,1,1,2,1,2,748074.827,4433474.937,90.595,Pri,21352,0,0,3,8,6
12319,4,2008120000049,2,1,9,6,3,1,2,CV-18,1.1,1,1,0,1,5,3,2,3,4,2,2,2,2,1,1,5,1,4,1,4,1,9,14,1,1,1,NaN,2,2,NaN,,NaN,,NaN,,NaN,NaN,NaN,NaN,1,4,1,1,1,1,1,1,2,1,1,1,1,1,1,1,1,1,1,2,1,1,751403.532,4427333.158,18.349,Pri,26935,0,0,1,21,6
12321,4,2008120000050,2,1,10,6,4,1,2,CV-18,2.4,2,4,1,1,5,3,2,3,4,2,2,2,2,1,1,5,1,4,1,4,1,9,14,1,1,1,NaN,2,NaN,NaN,,NaN,,12,9,NaN,NaN,NaN,NaN,1,4,1,1,1,1,1,1,2,1,1,1,1,1,1,1,1,1,1,2,1,1,746207.456,4417603.619,1.593,Pri,26935,0,0,1,20,6
12322,4,2008120000052,2,1,11,4,5,1,1,CV-16,3.9,3,9,1,1,5,3,2,3,3,2,2,1,1,2,2,7,7,2,1,1,1,9,13,1,2,3,NaN,2,NaN,NaN,,21,21,NaN,,NaN,NaN,NaN,NaN,1,4,1,1,1,1,1,1,2,1,1,1,1,1,1,1,1,1,1,2,1,2,742252.207,4436524.475,128.926,Sec,0,1,0,0,14,1
12323,4,2008120000055,2,1,10,1,4,1,1,CV-18,5.4,5,4,1,1,5,3,2,3,3,2,1,1,1,1,1,7,7,8,1,5,1,9,14,3,1,1,NaN,1,NaN,NaN,,NaN,,NaN,,NaN,63,60,NaN,1,4,1,1,1,1,1,2,1,1,1,1,1,1,1,1,1,1,1,2,1,1,748049.458,4419703.59,1.223,Cob,16390,0,0,2,2,1
12326,4,2008120000061,2,1,7,4,1,1,3,CV-16,4.4,4,4,1,1,5,3,2,3,3,2,2,2,1,1,1,5,1,8,1,1,1,9,14,3,1,1,NaN,2,5,NaN,,NaN,,NaN,,NaN,NaN,NaN,NaN,2,4,1,1,1,1,1,1,2,1,1,1,1,1,1,1,1,1,1,2,1,2,742748.697,4436518.916,128.56,Sec,0,0,0,0,13,6
12328,4,2008120000065,2,1,14,3,1,4,2,CV-10,48.8,48,8,0,1,5,3,2,3,3,2,1,1,1,1,1,7,7,8,1,1,1,4,14,3,1,3,NaN,1,4,NaN,,NaN,,NaN,,NaN,NaN,NaN,NaN,1,4,2,1,1,1,1,1,1,1,1,1,1,1,1,1,1,1,1,2,1,1,759239.766,4455252.528,280.023,Cob,4050,0,0,1,8,1
12329,4,2008120000078,2,1,16,2,3,1,1,CV-222,2.2,2,2,1,1,5,2,2,3,4,2,1,1,1,1,1,7,7,7,1,5,1,9,14,3,1,1,NaN,1,NaN,NaN,,NaN,,NaN,,NaN,51,50,NaN,1,4,2,1,1,1,1,1,1,1,1,1,1,1,1,1,1,1,1,2,2,1,746574.274,4420853.515,16.354,Cob,7191,0,0,1,5,1
12330,4,2008120000079,2,1,15,5,2,1,1,CV-195,5.9,5,9,1,1,5,2,2,3,1,2,1,1,1,1,1,7,7,8,1,1,1,9,14,3,1,3,NaN,1,NaN,NaN,,NaN,,NaN,,NaN,NaN,NaN,71,1,4,1,1,1,1,1,1,1,1,1,1,1,1,1,1,1,2,1,2,1,2,716862.721,4443836.041,822.618,Pri,841,0,0,0,16,1
12332,4,2008120000083,2,1,16,4,3,1,2,CV-10,60,60,0,0,1,5,3,2,3,4,2,1,1,1,1,2,1,1,8,1,1,1,9,14,3,1,1,NaN,2,4,NaN,,NaN,,NaN,,NaN,NaN,NaN,NaN,1,4,2,1,1,1,1,1,1,1,1,1,1,1,1,1,1,1,1,2,1,1,763560.022,4464829.559,206.397,Cob,4050,0,0,0,12,6
12333,4,2008120000084,2,1,16,6,3,1,1,CV-190,21.6,21,6,1,1,5,2,2,3,2,2,1,2,2,1,2,7,7,8,9,1,8,2,14,2,1,3,NaN,2,NaN,NaN,,NaN,,NaN,,NaN,63,60,NaN,1,4,1,1,1,1,1,1,1,1,1,1,1,1,2,1,1,1,1,2,1,1,718343.595,4445661.976,893.27,Cob,715,0,0,0,17,3
12335,4,2008120000099,2,1,19,4,6,2,2,CV-11,16.8,16,8,0,1,5,3,2,3,3,2,1,1,2,1,1,2,1,3,1,1,1,9,14,1,1,1,NaN,2,2,NaN,,NaN,,NaN,,NaN,NaN,NaN,NaN,1,4,1,1,1,1,1,1,2,1,1,1,1,1,1,1,1,1,1,2,1,1,788061.109,4496862.119,137.633,Sec,4865,0,0,0,11,6
12336,4,2008120000101,2,1,20,3,7,3,1,CV-20,23.5,23,5,0,1,5,3,2,3,1,2,1,2,2,1,1,7,7,8,2,1,1,2,14,1,1,2,4,2,NaN,NaN,,NaN,,12,9,NaN,NaN,NaN,NaN,1,4,1,1,1,1,1,2,1,2,1,1,1,1,1,1,1,1,1,2,1,1,728065.028,4433669.051,243.994,Cob,609,0,0,1,10,4
12337,4,2008120000109,2,1,20,3,7,3,1,CV-10,37.5,37,5,0,1,5,3,2,3,4,2,1,2,2,1,2,7,7,8,1,2,1,9,14,2,1,1,NaN,2,NaN,NaN,,NaN,,NaN,,NaN,54,50,NaN,1,4,2,1,1,1,1,1,1,1,1,1,1,1,2,1,1,1,1,2,1,1,756677.782,4444581.844,263.157,Cob,8119,0,0,0,7,1
12338,4,2008120000112,2,1,19,1,6,2,1,CV-15,21.3,21,3,1,1,5,3,2,3,3,2,1,2,2,1,2,7,7,8,1,5,1,9,14,1,1,1,NaN,2,NaN,NaN,,NaN,,NaN,,56,NaN,50,NaN,1,4,1,1,1,1,1,1,2,1,1,1,1,1,1,1,1,1,1,2,1,1,742355.898,4481807.843,1055.96,Per,2792,0,0,1,3,5
12339,4,2008120000113,2,1,19,6,6,2,1,CV-190,16.1,16,1,0,1,5,2,3,3,1,2,1,2,1,1,1,7,7,8,1,5,3,2,14,3,1,3,NaN,2,NaN,NaN,,NaN,,NaN,,NaN,53,50,NaN,1,4,2,1,1,1,1,2,1,1,1,1,1,1,1,1,1,1,1,2,2,1,731844.633,4446451.97,564.094,Cob,3590,0,0,0,22,4
12341,4,2008120000117,2,1,21,3,1,4,2,CV-10,42.5,42,5,0,1,5,3,2,3,3,2,1,1,1,1,1,1,1,8,3,1,3,9,14,2,1,1,NaN,2,2,NaN,,NaN,,NaN,,NaN,NaN,NaN,NaN,1,4,1,1,1,1,1,1,2,1,1,1,1,1,1,1,1,1,1,2,1,1,758816.612,4449000.589,241.813,NaN,0,0,0,0,8,6
12342,4,2008120000118,2,1,23,4,3,1,1,CV-21,9.9,9,9,0,1,5,3,2,3,3,2,1,1,1,1,1,1,1,8,1,1,1,9,14,3,1,1,NaN,1,NaN,NaN,,NaN,,NaN,,66,NaN,60,NaN,3,4,2,1,1,1,1,1,2,1,1,1,1,1,1,1,1,1,1,2,1,1,738026.349,4430946.826,144.584,Cob,4786,0,0,0,13,6
12343,4,2008120000131,2,1,26,4,6,2,1,CV-235,14.5,14,5,1,1,5,2,2,3,2,2,1,2,1,1,1,7,7,8,1,1,1,9,14,3,1,1,NaN,1,NaN,NaN,,NaN,,NaN,,NaN,63,60,NaN,1,4,2,1,1,1,1,1,2,1,1,1,1,1,1,1,1,1,1,1,2,2,696380.212,4419612.128,693.966,Cob,109,0,0,1,11,2
12344,4,2008120000133,2,1,27,4,7,3,1,CV-190,44.5,44,5,0,1,5,2,3,3,1,2,1,2,2,1,1,7,7,5,1,1,1,2,14,1,1,1,NaN,2,NaN,NaN,,NaN,,12,9,NaN,NaN,NaN,NaN,1,4,1,1,1,1,1,2,2,1,1,1,1,1,1,1,1,1,1,2,2,2,716899.504,4446866.946,923.414,Cob,159,0,1,1,13,3
12346,4,2008120000136,2,1,27,6,7,3,2,CV-141,3,3,0,0,1,5,3,2,3,1,2,1,1,1,1,1,1,1,3,1,4,1,9,14,1,1,1,NaN,2,2,NaN,,NaN,,NaN,,NaN,NaN,NaN,NaN,1,4,1,1,1,1,1,1,2,1,1,1,1,1,1,1,1,1,1,2,1,1,787512.409,4475751.259,10.093,Cob,6704,0,0,0,20,6
12347,4,2008120000137,2,1,28,4,1,1,1,CV-235,18.1,18,1,0,1,5,2,3,3,2,2,1,2,2,1,1,7,7,8,1,1,1,9,14,1,1,1,NaN,2,NaN,NaN,,NaN,,12,9,NaN,NaN,NaN,NaN,1,4,1,2,1,1,1,1,1,1,1,1,1,1,1,1,1,1,1,2,1,2,695823.797,4415722.741,922.369,Cob,109,0,1,0,11,5
12349,4,2008120000157,2,1,24,6,4,1,2,CV-151,0,0,0,1,1,5,3,2,3,3,2,1,2,2,1,1,5,1,4,1,3,1,9,14,1,1,1,NaN,2,2,NaN,,NaN,,NaN,,NaN,NaN,NaN,NaN,1,4,1,1,1,1,1,1,2,1,1,1,1,1,1,1,1,1,1,2,2,1,748213.103,4433694.393,105.447,Pri,26842,0,0,0,18,6
12351,4,2008120000158,2,1,28,3,1,4,2,CV-18,3,3,0,1,1,5,3,2,3,3,2,2,1,1,1,1,1,1,5,1,1,1,9,14,2,1,3,NaN,2,4,NaN,,NaN,,NaN,,NaN,NaN,NaN,NaN,2,4,1,1,1,1,1,1,2,1,1,1,1,1,1,1,1,1,1,2,1,1,746709.878,4417938.236,-5.418,Cob,16390,0,0,0,7,6
12353,4,2008120000160,2,1,29,4,2,1,2,CV-10,39.1,39,1,0,1,5,3,2,3,3,2,1,1,2,1,2,5,6,3,1,1,1,9,14,1,1,1,NaN,2,2,NaN,,NaN,,NaN,,NaN,NaN,NaN,NaN,1,4,1,1,1,1,1,1,2,1,1,1,1,1,1,1,1,1,1,2,1,1,757644.338,4445842.322,276.892,Cob,8119,0,0,2,13,6
12354,4,2008120000161,2,1,29,6,2,1,1,CV-10,37.7,37,7,1,1,5,3,2,3,3,2,1,2,2,1,2,7,7,8,1,2,1,9,14,3,1,1,NaN,2,NaN,NaN,,NaN,,12,9,NaN,NaN,NaN,NaN,1,4,1,1,1,1,1,1,1,1,1,1,1,1,1,1,1,2,1,2,1,2,760225.023,4459186.462,266.448,Cob,8119,0,0,0,19,1
12355,4,2008120000162,2,1,29,6,2,1,1,CV-16,0.1,0,1,0,1,5,3,2,3,4,2,1,2,1,1,1,5,1,8,1,4,1,9,14,1,1,1,NaN,2,NaN,NaN,,NaN,,NaN,,NaN,53,50,NaN,1,4,2,1,1,1,1,1,1,1,1,1,1,1,1,1,1,1,1,2,1,1,748979.196,4431181.697,63.673,Sec,18725,0,0,1,21,6
12357,4,2008120000182,2,2,2,5,6,2,2,CV-10,63.7,63,7,0,1,5,3,2,3,3,2,1,1,1,2,1,1,1,8,1,1,1,9,14,1,1,1,NaN,2,2,NaN,,NaN,,NaN,,NaN,NaN,NaN,NaN,1,4,1,1,1,1,1,1,2,1,1,1,1,1,1,1,1,1,1,2,1,1,765504.821,4467936.251,170.755,Cob,4550,0,0,0,15,6
12359,4,2008120000186,2,1,31,4,4,1,2,CV-183,2,2,0,0,1,5,3,2,3,3,2,1,2,2,2,2,5,2,4,1,1,1,9,14,1,1,3,NaN,2,4,NaN,,NaN,,NaN,,NaN,NaN,NaN,NaN,1,4,2,1,1,1,1,1,1,1,1,1,1,1,1,1,1,1,1,2,1,1,753375.396,4426867.112,-2.877,Cob,6314,0,0,0,13,6
12362,4,2008120000187,2,1,31,6,4,1,3,CV-10,12,12,0,0,1,5,3,2,3,3,2,2,2,1,2,2,3,2,4,1,3,1,9,14,1,1,3,NaN,2,5,NaN,,NaN,,NaN,,NaN,NaN,NaN,NaN,2,4,2,1,1,1,1,1,1,1,1,1,1,1,1,1,1,1,1,2,1,1,741124.273,4426221.843,67.589,Sec,39142,0,0,0,19,6