Id,Ano,Numero_Accidente,Provincia,Mes,Dia,Hora,Dia_Semana,Tipo_Dia,Vehiculos_Implicados,Carretera,Pk,Km,Hm,Sentido,Zona,Tipo_Via,Anchura_Calzada,Anchura_Carril,Marcas_Viales,Arcen,Arcen_Pavimentado,Mediana,Barrera_Seguridad,Paneles_Direccionales,Hitos_Arista,Captafaros,Interseccion_Tipo,Interseccion_Acondicionamiento,Prioridad_Regulada_por,Superficie,Luminosidad,Factores_Atmosfericos,Visibilidad_Restringida_por,Otras_Circunstancias,Senalizacion_Peligro,Aceras,Arboles,Arboles_Metros_Calzada,Visibilidad_Senalizacion_Vertical,Colision_Vehiculos_Marcha,Colision_Vehiculo_Obstaculo_1,Colision_Vehiculo_Obstaculo_2,Atropello_1,Atropello_2,Vuelco_1,Vuelco_2,Salida_Sin_Colision,Salida_Con_Colision,Lado_Salida,Otro,Circulacion,Circulacion_Medidas_Especiales,Distraccion,Inexperiencia_Conductor,Alcohol_Drogas,Cansancio_Sueno,Enfermedad,Velocidad_Inadecuada,Infraccion_Norma_Circulacion,Estado_Condicion_Via,Estado_Condicion_Senalizacion,Tramo_Obras,Mal_Estado_Vehiculo,Averia_Mecanica,Meteorologia_Adversa,Irrupcion_Animal,Circular_Sentido_Contrario,Otro_Factor,Sin_Opinion_Definida,Pendiente,Curvatura,Peralte,GPS_x,GPS_y,GPS_z,Tipo_Est,IMD,N_Muertos,N_Graves,N_Leves,Hora_Real,Fuera_o_Interseccion
12363,4,2008120000188,2,1,25,4,5,1,1,CV-230,26.6,26,6,1,1,5,3,3,3,3,2,1,1,1,1,1,7,7,5,1,1,1,9,14,3,1,1,NaN,1,NaN,NaN,,NaN,,NaN,,NaN,64,60,NaN,1,4,2,1,1,1,1,1,2,1,1,1,1,1,1,1,1,1,1,2,2,2,720788.538,4410691.965,226.754,Cob,5213,0,0,0,11,1
12364,4,2008120000190,2,2,4,2,1,4,1,CV-235,5.6,5,6,1,1,5,3,3,3,1,2,1,1,1,1,1,7,7,8,3,5,4,2,14,3,1,1,NaN,1,NaN,NaN,,NaN,,NaN,,67,NaN,60,NaN,1,4,1,1,1,1,1,2,1,2,1,1,1,1,1,1,1,1,1,2,1,1,696483.595,4413599.371,986.899,Cob,789,0,0,1,5,3
12366,4,2008120000192,2,2,5,3,2,1,2,CV-20,10,10,0,1,1,5,3,2,3,3,2,1,1,1,1,1,5,1,5,1,1,1,9,14,1,1,1,NaN,2,2,NaN,,NaN,,NaN,,NaN,NaN,NaN,NaN,1,4,1,1,1,1,1,1,2,1,1,1,1,1,1,1,1,1,1,2,2,2,708448.457,4440488.605,586.241,Pri,18731,0,0,1,10,7
12368,4,2008120000208,2,2,1,3,5,1,2,CV-16,6.8,6,8,0,1,5,3,2,3,3,2,1,1,1,1,1,5,1,4,1,1,1,9,14,1,1,1,NaN,2,4,NaN,,NaN,,NaN,,NaN,NaN,NaN,NaN,1,4,2,1,1,1,1,1,2,1,1,1,1,1,1,1,1,1,1,2,1,1,743831.62,4434866.979,139.683,Sec,0,0,0,0,10,6
12369,4,2008120000213,2,2,5,4,2,1,1,CV-160,4.9,4,9,1,1,5,3,2,3,3,2,1,1,1,1,1,5,1,4,1,1,1,9,14,1,1,1,NaN,2,NaN,NaN,,NaN,,NaN,,NaN,64,60,NaN,1,4,1,1,1,1,1,2,2,1,1,1,1,1,1,1,1,1,1,2,1,1,750751.252,4444994.308,240.917,Cob,1561,0,0,0,14,6
12371,4,2008120000215,2,2,6,3,3,1,2,CV-10,12,12,0,0,1,5,3,2,3,3,2,2,2,1,1,1,7,7,8,1,2,1,9,14,2,1,1,NaN,1,NaN,NaN,,NaN,,NaN,,NaN,NaN,NaN,71,1,4,1,1,1,1,1,1,1,1,1,1,1,2,1,1,1,1,1,2,1,1,741181.76,4426303.056,67.272,Sec,39142,0,0,0,7,1
12373,4,2008120000225,2,2,10,4,7,3,2,CV-195,15.5,15,5,1,1,5,3,2,3,1,2,1,2,1,1,1,7,7,8,1,1,1,9,14,3,1,1,NaN,1,2,NaN,,NaN,,NaN,,NaN,NaN,NaN,NaN,1,4,1,1,1,1,1,2,2,1,1,1,1,1,1,1,1,1,1,2,1,1,712194.427,4439270.067,501.816,Pri,841,0,0,0,12,2
12374,4,2008120000236,2,2,8,4,5,1,1,CV-205,8.8,8,8,0,1,5,3,2,3,1,2,1,1,1,1,1,7,7,8,2,1,1,9,14,1,1,1,NaN,2,NaN,NaN,,NaN,,NaN,,57,NaN,50,NaN,1,4,1,1,1,1,1,2,1,1,1,1,1,1,1,1,1,1,1,2,2,2,725832.554,4429932.334,418.592,Cob,489,0,0,0,13,2
12375,4,2008120000240,2,2,8,3,5,2,1,CV-205,1.2,1,2,1,1,5,3,2,3,1,2,1,1,1,1,1,7,7,8,2,1,1,9,14,1,1,1,NaN,2,NaN,NaN,,NaN,,NaN,,NaN,64,60,NaN,1,4,1,1,1,1,1,2,1,1,1,1,1,1,1,1,1,1,1,2,1,2,721131.202,4432798.375,468.901,Cob,489,0,0,0,8,2
12376,4,2008120000247,2,2,9,3,6,2,1,CV-20,21.8,21,8,0,1,5,3,2,3,3,2,1,2,1,1,1,7,7,8,1,1,1,9,14,1,1,1,NaN,1,NaN,NaN,,NaN,,NaN,,NaN,54,50,NaN,1,4,1,1,1,1,1,1,2,1,1,1,1,1,1,1,1,1,1,2,1,2,728280.085,4432521.843,238.356,Cob,609,0,0,2,9,5
12377,4,2008120000248,2,2,9,3,6,2,1,CV-10,4.6,4,6,0,1,5,3,2,3,4,2,2,2,2,1,2,7,7,8,1,2,1,9,14,2,1,1,NaN,1,NaN,NaN,,NaN,,NaN,,NaN,NaN,NaN,71,1,4,1,1,1,1,1,1,1,1,1,1,1,1,1,1,1,2,1,2,1,1,739850.599,4419279.801,74.661,Cob,31157,0,0,0,7,1
12378,4,2008120000251,2,2,12,3,2,1,1,CV-15,55.5,55,5,0,1,5,2,2,3,1,2,1,2,1,1,1,7,7,8,1,2,1,9,14,2,1,1,NaN,1,NaN,NaN,,NaN,,NaN,,NaN,64,60,NaN,1,4,1,1,1,1,1,2,1,1,1,1,1,1,1,1,1,1,1,2,1,1,741184.726,4482792.047,1075.193,Cob,1648,0,0,0,7,2
12380,4,2008120000264,2,2,10,4,7,3,2,CV-18,9.5,9,5,1,1,5,3,2,3,3,2,1,1,2,1,1,5,6,4,1,1,1,9,14,1,1,1,NaN,2,4,NaN,,NaN,,NaN,,NaN,NaN,NaN,NaN,1,4,2,1,1,1,1,1,1,1,1,1,1,1,1,1,1,1,1,2,1,1,750403.815,4422470.303,4.931,Sec,16246,0,0,1,13,6
12382,4,2008120000267,2,2,11,3,1,4,2,CV-222,4,4,0,0,1,5,3,2,4,3,2,1,1,1,1,1,7,7,8,1,1,1,9,14,3,1,1,NaN,1,4,NaN,,NaN,,NaN,,NaN,NaN,NaN,NaN,3,4,2,1,1,1,1,1,1,1,1,1,1,1,1,1,1,1,1,2,1,1,743474.728,4422249.559,39.359,Cob,7191,0,0,0,8,1
12384,4,2008120000269,2,2,5,3,2,1,2,CV-151,0.1,0,1,1,1,5,3,2,3,3,2,2,2,1,1,1,5,1,4,1,1,1,9,14,1,1,1,NaN,2,3,NaN,,NaN,,NaN,,NaN,NaN,NaN,NaN,1,4,2,1,1,1,1,1,2,1,1,1,1,1,1,1,1,1,1,2,2,1,748213.102,4433603.176,103.192,Pri,26842,0,0,0,10,6
12385,4,2008120000272,2,2,12,3,2,1,1,CV-20,1.9,1,9,0,1,5,3,2,3,3,2,1,1,2,2,2,4,6,4,3,2,9,9,14,1,1,1,NaN,2,NaN,NaN,,NaN,,NaN,,NaN,64,60,NaN,1,4,1,1,1,1,1,2,1,1,1,1,1,1,1,1,1,1,1,2,2,1,743527.684,4425967.232,50.37,Sec,15185,0,0,0,7,6
12387,4,2008120000273,2,2,12,4,2,1,2,CV-190,10.5,10,5,1,1,5,3,2,3,1,2,1,1,1,1,1,7,7,8,3,1,4,9,14,1,1,1,NaN,2,2,NaN,,NaN,,NaN,,NaN,NaN,NaN,NaN,1,4,1,1,1,1,1,2,1,1,1,1,1,1,1,1,1,1,1,2,1,2,711507.069,4450640.669,1047.316,Cob,3590,0,0,2,11,2
12388,4,2008120000274,2,2,9,4,6,2,1,CV-10,47.7,47,7,1,1,5,3,2,3,3,2,1,1,1,1,1,7,7,8,1,1,1,9,14,3,1,1,NaN,1,NaN,NaN,,NaN,,NaN,,NaN,64,60,NaN,1,4,2,1,1,1,1,1,1,1,1,1,1,1,1,1,1,1,1,2,1,1,758988.399,4449474.637,239.5,Cob,4050,0,0,0,11,1
12390,4,2008120000277,2,2,14,5,4,1,2,CV-21,5.2,5,2,1,1,5,3,2,3,3,2,1,2,2,2,2,7,7,8,3,1,4,9,14,1,1,3,NaN,2,1,NaN,,NaN,,NaN,,NaN,NaN,NaN,NaN,1,4,1,1,1,1,1,1,2,1,1,1,1,1,1,1,1,1,1,2,1,1,738352.463,4431231.944,140.954,Sec,6863,2,1,0,16,4
12392,4,2008120000279,2,2,15,5,5,1,2,CV-20,0.2,0,2,0,1,5,3,2,3,3,2,2,1,1,2,1,7,7,8,1,1,1,9,14,2,1,3,NaN,1,4,NaN,,NaN,,NaN,,NaN,NaN,NaN,NaN,1,4,2,1,2,1,1,1,2,1,1,1,1,1,1,1,1,1,1,2,1,1,745202.251,4425791.179,46.298,Sec,15185,0,0,1,16,1
12394,4,2008120000281,2,2,16,1,6,2,1,CV-10,84.9,84,9,1,1,5,2,3,3,1,2,1,1,2,2,2,7,7,8,1,5,1,9,14,3,1,1,NaN,1,NaN,NaN,,NaN,,NaN,,NaN,63,60,NaN,1,4,2,1,1,1,1,1,1,1,1,1,1,1,1,1,1,1,1,2,1,1,739759.341,4420582.931,76.301,Cob,1531,0,2,1,4,2
12395,4,2008120000284,2,2,16,4,6,3,1,CV-15,54.5,54,5,0,1,5,2,3,3,3,2,1,2,2,1,1,7,7,8,1,1,1,2,14,1,1,1,NaN,1,NaN,NaN,,NaN,,NaN,,NaN,62,60,NaN,1,4,1,1,1,1,1,2,1,1,1,1,1,1,1,1,1,1,1,2,2,1,741837.363,4482854.961,1108.693,Cob,1648,0,1,0,13,4
12396,4,2008120000288,2,2,16,3,6,2,1,CV-11,4.5,4,5,0,1,5,2,2,3,4,2,1,1,1,2,2,7,7,8,1,5,1,8,14,2,1,1,NaN,1,NaN,NaN,,21,24,NaN,,NaN,NaN,NaN,NaN,1,4,1,1,1,1,1,1,1,1,1,1,1,1,1,2,1,1,1,2,1,1,781734.612,4494550.753,185.948,Cob,2330,0,0,0,8,1
12397,4,2008120000322,2,2,14,3,4,1,1,CV-20,24.1,24,1,0,1,5,3,2,3,1,2,1,2,2,1,1,7,7,8,3,1,4,9,14,1,1,1,NaN,2,NaN,NaN,,NaN,,NaN,,NaN,54,50,NaN,1,4,1,1,1,1,1,2,1,1,1,1,1,1,1,1,1,1,1,2,1,1,728346.469,4434233.817,264.254,Cob,609,0,0,0,9,5
12398,4,2008120000324,2,2,15,6,5,1,1,CV-222,2.3,2,3,0,1,5,3,2,3,3,2,1,1,2,1,1,7,7,8,1,2,1,9,14,3,1,1,NaN,2,NaN,NaN,,NaN,,NaN,,56,NaN,50,NaN,1,4,1,1,1,1,1,1,1,1,1,1,1,1,1,1,1,2,1,2,1,1,741785.086,4422792.264,56.549,Cob,7191,0,0,0,19,2
12400,4,2008120000327,2,2,19,3,2,1,2,CV-10,76.5,76,5,1,1,5,2,2,3,3,2,1,1,1,1,1,2,1,3,3,1,4,9,14,1,1,1,NaN,2,2,NaN,,NaN,,NaN,,NaN,NaN,NaN,NaN,1,4,1,1,1,1,1,1,2,1,1,1,1,1,1,1,1,1,1,2,1,1,742721.897,4427816.557,72.656,Pri,3096,0,0,0,9,6
12401,4,2008120000329,2,2,19,3,2,1,1,CV-14,4.5,4,5,0,1,5,2,2,3,1,2,1,1,2,1,1,7,7,8,3,1,4,4,14,2,1,1,NaN,2,NaN,NaN,,NaN,,NaN,,56,NaN,50,NaN,1,4,1,1,1,1,1,2,1,1,1,1,1,1,1,1,1,1,1,2,1,1,742264.411,4501041.645,737.498,Sec,1179,0,0,0,9,2
12404,4,2008120000331,2,2,19,5,2,1,3,CV-185,0.1,0,1,0,1,5,3,2,3,3,2,1,1,1,1,1,7,7,8,3,1,4,9,14,3,1,1,NaN,1,4,NaN,,NaN,,NaN,,NaN,NaN,NaN,NaN,3,4,2,1,1,1,1,1,1,1,1,1,1,1,1,1,1,1,1,2,1,1,748227.511,4424072.253,19.794,Sec,15042,0,0,0,15,1
12406,4,2008120000332,2,2,21,3,4,1,2,CV-21,7,7,0,1,1,5,3,2,3,4,2,1,2,2,2,2,2,1,3,1,1,1,9,14,1,1,1,NaN,2,2,NaN,,NaN,,NaN,,NaN,NaN,NaN,NaN,1,4,1,1,1,1,1,1,2,1,1,1,1,1,1,1,1,1,1,2,1,1,739873.355,4432254.392,156.981,Cob,4786,0,1,0,7,6
12407,4,2008120000333,2,2,20,2,3,1,1,CV-10,15,15,0,0,1,5,3,2,3,4,2,2,2,2,1,2,7,7,8,3,5,5,9,14,2,1,1,NaN,2,NaN,NaN,,NaN,,NaN,,NaN,52,50,NaN,1,4,1,1,1,1,1,1,1,2,1,1,1,1,2,1,1,1,1,2,1,1,743086.388,4428365.438,77.99,Cob,21544,0,0,0,5,1
12409,4,2008120000334,2,2,20,6,3,1,2,CV-20,4,4,0,1,1,5,3,2,3,4,2,1,1,2,1,1,5,6,8,1,1,1,9,14,3,1,1,NaN,2,2,NaN,,NaN,,NaN,,NaN,NaN,NaN,NaN,1,4,1,1,1,1,1,1,2,1,1,1,1,1,1,1,1,1,1,2,1,1,705517.059,4441921.88,617.734,Sec,15185,0,0,0,17,6
12410,4,2008120000335,2,2,21,4,4,1,1,CV-135,20.8,20,8,0,2,5,3,3,3,1,2,1,1,1,1,1,7,7,8,7,1,1,9,14,3,1,1,NaN,1,NaN,NaN,,NaN,,NaN,,NaN,NaN,NaN,71,1,4,1,1,1,1,1,1,1,1,1,1,1,1,1,1,1,1,2,2,1,1,789061.406,4481438.354,11.284,Pri,3531,0,1,0,12,1
12412,4,2008120000338,2,2,21,6,4,1,2,CV-18,2.1,2,1,0,1,5,3,2,3,4,2,1,1,1,1,1,7,7,8,1,5,1,9,14,3,1,1,NaN,2,4,NaN,,NaN,,NaN,,NaN,NaN,NaN,NaN,3,4,1,1,1,1,1,1,2,1,1,1,1,1,1,1,1,1,1,2,1,1,751701.311,4426477.821,14.315,Pri,26935,0,0,2,19,1
12414,4,2008120000339,2,2,18,6,1,4,2,CV-18,2.7,2,7,1,1,5,3,2,3,3,2,1,1,1,1,1,7,7,5,3,1,4,4,14,3,1,3,NaN,1,4,NaN,,NaN,,NaN,,NaN,NaN,NaN,NaN,1,4,1,1,1,1,1,1,2,1,1,1,1,1,1,1,1,1,1,2,1,1,746460.369,4417772.212,-2.334,Cob,16390,0,0,0,18,1
12416,4,2008120000340,2,2,18,2,1,4,2,CV-16,3.5,3,5,0,1,5,3,2,3,3,2,2,1,1,1,1,5,3,5,3,3,4,4,14,1,1,1,NaN,2,3,NaN,,NaN,,NaN,,NaN,NaN,NaN,NaN,1,4,1,1,1,1,1,1,2,1,1,1,1,1,1,1,1,1,1,2,1,1,746163.949,4432848.13,102.849,Sec,0,0,0,0,5,6
12417,4,2008120000344,2,2,22,6,5,1,1,CV-132,0.2,0,2,0,1,5,3,2,3,4,2,1,1,1,1,1,1,1,8,1,5,1,9,14,3,1,3,NaN,2,NaN,NaN,,21,21,NaN,,NaN,NaN,NaN,NaN,1,4,1,1,1,1,1,1,2,1,1,1,1,1,1,1,1,1,1,2,1,1,770245.056,4484655.849,307.665,Sec,2776,1,0,0,19,6
12418,4,2008120000350,2,2,24,4,7,3,1,CV-15,55.5,55,5,0,1,5,3,2,3,3,2,1,1,2,1,1,7,7,8,3,1,4,9,14,2,1,1,NaN,1,NaN,NaN,,NaN,,NaN,,NaN,61,60,NaN,1,4,1,1,1,1,1,2,1,1,1,1,1,1,1,1,1,1,1,2,1,1,741184.726,4482792.047,1075.193,Cob,1648,0,1,1,14,2
12419,4,2008120000351,2,2,24,6,7,3,1,CV-15,43.3,43,3,0,1,5,2,2,3,3,2,1,1,2,2,1,7,7,8,3,5,4,2,14,2,1,1,NaN,1,NaN,NaN,,NaN,,NaN,,56,NaN,50,NaN,1,4,1,1,1,1,1,2,1,1,1,1,1,1,1,1,1,1,1,2,1,1,745186.658,4475740.422,693.67,Cob,1648,0,0,1,18,3
12420,4,2008120000357,2,2,24,1,7,3,1,CV-18,4.2,4,2,1,1,5,3,2,3,3,2,1,2,2,1,1,1,6,3,1,5,1,9,14,1,1,1,NaN,2,NaN,NaN,,NaN,,NaN,,NaN,NaN,NaN,71,1,4,1,1,1,1,1,1,2,1,1,1,1,1,1,1,1,1,1,2,1,1,747511.872,4418650.133,-3.663,Cob,16390,0,0,0,0,6
12421,4,2008120000364,2,2,27,6,3,1,1,CV-16,2.1,2,1,1,1,5,3,2,3,3,2,2,2,2,1,2,7,7,8,1,5,1,9,14,3,1,1,NaN,1,NaN,NaN,,NaN,,NaN,,NaN,52,50,NaN,1,4,1,2,1,1,1,1,1,1,1,1,1,1,1,1,1,1,1,2,1,1,741126.192,4437716.343,145.074,Sec,18725,0,0,0,19,1
12422,4,2008120000371,2,3,1,2,6,2,1,CV-135,21.5,21,5,1,1,5,2,3,3,1,2,1,1,2,2,1,7,7,8,1,5,1,9,14,3,1,1,NaN,2,NaN,NaN,,NaN,,NaN,,NaN,62,60,NaN,1,4,2,1,2,1,1,1,1,1,1,1,1,1,1,1,1,1,1,2,1,1,773597.112,4485761.183,316.605,Pri,3531,0,0,0,5,1
12424,4,2008120000373,2,2,29,3,5,1,2,CV-141,4.6,4,6,0,1,5,3,3,3,3,2,1,1,1,2,2,5,6,8,1,1,1,9,14,1,1,1,NaN,2,3,NaN,,NaN,,NaN,,NaN,NaN,NaN,NaN,1,4,1,1,1,1,1,1,2,1,1,1,1,1,1,1,1,1,1,2,1,1,788232.32,4474339.819,-10.753,Cob,6704,0,0,0,10,6
12425,4,2008120000375,2,3,1,6,6,2,1,CV-16,4.3,4,3,0,1,5,3,2,3,3,2,2,2,1,1,1,5,6,4,1,3,1,9,14,1,1,3,NaN,2,NaN,NaN,,NaN,,NaN,,NaN,53,50,NaN,1,4,2,1,1,1,1,2,1,1,1,1,1,1,1,1,1,1,1,2,1,1,745553.026,4433313.114,123.252,Sec,0,0,0,0,22,6
12429,4,2008120000377,2,3,2,1,7,3,4,CV-10,15,15,0,1,1,5,3,2,3,4,2,2,2,1,2,2,7,7,8,1,5,1,2,14,2,1,1,NaN,2,5,NaN,,NaN,,NaN,,NaN,NaN,NaN,NaN,1,4,2,1,2,1,1,1,2,1,1,1,1,1,1,1,1,1,1,2,1,1,769073.023,4478632.442,298.8,Cob,21544,0,0,0,2,2
12430,4,2008120000384,2,3,6,3,4,1,1,CV-18,6.9,6,9,1,1,5,3,2,3,3,2,1,1,1,2,1,7,7,5,1,1,1,9,14,3,1,1,NaN,1,NaN,NaN,,NaN,,NaN,,NaN,53,50,NaN,1,4,2,1,1,2,1,1,1,1,1,1,1,1,1,1,1,1,1,2,1,1,749141.676,4420627.16,1.499,Cob,16390,0,0,1,8,1
12431,4,2008120000393,2,3,8,5,6,2,1,CV-10,15,15,0,0,1,5,3,2,3,4,2,2,2,1,1,1,7,7,8,1,1,1,9,14,3,1,1,NaN,1,NaN,NaN,,NaN,,12,9,NaN,NaN,NaN,NaN,1,4,1,1,1,1,1,1,2,1,1,1,1,1,1,1,1,1,1,2,1,1,743086.388,4428365.438,77.99,Cob,21544,0,0,1,15,2
12432,4,2008120000409,2,3,8,1,6,2,1,CV-10,31,31,0,0,1,5,3,2,3,4,2,2,2,2,1,2,7,7,8,1,5,1,9,14,3,1,1,NaN,2,NaN,NaN,,NaN,,NaN,,NaN,64,60,NaN,1,4,2,1,1,1,1,1,1,1,1,1,1,1,1,1,1,1,1,2,1,1,752969.759,4439452.33,201.466,Cob,14165,0,0,1,3,1
12434,4,2008120000412,2,3,11,6,2,1,2,CV-10,44.5,44,5,0,1,5,3,2,3,4,2,1,1,1,1,1,1,1,8,1,4,1,9,14,1,1,1,NaN,2,4,NaN,,NaN,,NaN,,NaN,NaN,NaN,NaN,1,4,2,1,1,1,1,1,2,1,1,2,1,1,1,1,1,1,1,2,1,1,759141.897,4450917.284,254.839,NaN,0,0,2,0,20,6
12436,4,2008120000416,2,3,13,6,4,1,2,CV-190,1.8,1,8,1,1,5,3,1,3,1,2,2,1,1,1,1,1,1,5,1,3,1,9,14,2,1,1,NaN,1,3,NaN,,NaN,,NaN,,NaN,NaN,NaN,NaN,1,4,1,1,1,1,1,1,2,1,1,1,1,1,1,1,1,2,1,2,2,1,707579.929,4448739.128,826.851,Cob,5592,0,1,1,21,7
12438,4,2008120000423,2,3,15,2,6,2,2,CV-222,3,3,0,0,1,5,2,2,3,3,2,1,1,2,1,1,7,7,8,1,4,1,4,14,1,1,3,NaN,2,3,NaN,,NaN,,NaN,,NaN,NaN,NaN,NaN,1,4,2,1,1,2,1,1,2,1,1,1,1,1,2,1,1,1,1,2,1,1,742429.361,4422551.469,50.073,Cob,7191,0,0,1,6,5
12440,4,2008120000438,2,3,22,1,6,2,1,CV-10,77.5,77,5,0,1,5,3,2,3,3,2,1,1,1,2,2,7,7,8,1,5,1,9,14,3,1,1,NaN,1,NaN,NaN,,21,24,NaN,,NaN,NaN,NaN,NaN,1,4,1,1,1,1,1,1,1,1,1,1,1,1,1,2,1,1,1,2,1,1,769709.56,4480363.719,309.036,Pri,3096,0,0,0,0,1
12441,4,2008120000441,2,3,23,1,7,3,1,CV-141,2.2,2,2,1,1,5,3,3,3,3,2,1,1,1,1,1,7,7,8,1,5,8,9,14,3,1,1,NaN,2,NaN,NaN,,NaN,,NaN,,NaN,62,60,NaN,1,4,1,1,1,1,1,1,1,1,1,1,1,1,1,1,1,2,1,2,1,1,787435.426,4475853.89,10.551,Cob,6704,0,0,0,3,1
12442,4,2008120000451,2,3,14,6,5,1,1,CV-10,10.5,10,5,0,1,5,3,2,3,4,2,2,2,2,2,2,7,7,8,1,5,1,9,14,2,1,1,NaN,1,NaN,30,32,NaN,,NaN,,NaN,NaN,NaN,NaN,1,4,1,1,1,1,1,1,1,1,1,1,1,1,1,1,1,2,1,2,1,2,740393.283,4424945.891,76.615,Sec,39142,0,0,0,22,1
12443,4,2008120000452,2,3,14,4,5,1,1,CV-16,8.8,8,8,0,1,5,3,2,4,3,2,1,2,2,2,2,5,6,8,1,1,1,9,14,1,1,1,NaN,2,NaN,NaN,,NaN,,12,9,NaN,NaN,NaN,NaN,1,4,1,1,1,1,1,1,1,1,1,1,1,1,1,1,1,2,1,2,1,1,743126.614,4436486.996,127.588,Sec,7336,0,0,1,13,6
12445,4,2008120000458,2,3,16,3,7,3,1,CV-149,1.3,1,3,0,1,5,3,2,3,4,2,1,2,2,2,2,7,7,8,1,1,1,9,14,3,1,1,NaN,1,NaN,NaN,,NaN,,NaN,,66,NaN,60,NaN,1,4,1,1,1,1,1,1,1,1,1,1,1,1,1,2,1,1,1,2,1,1,758313.997,4436079.89,-0.14,Sec,13579,0,0,1,9,1
12447,4,2008120000462,2,3,18,4,2,1,2,CV-20,2.4,2,4,1,1,5,3,2,3,3,2,2,2,1,1,1,1,1,8,1,1,1,9,14,2,1,1,NaN,1,2,NaN,,NaN,,NaN,,NaN,NaN,NaN,NaN,1,4,2,1,1,1,1,1,2,1,1,1,1,1,1,1,1,1,1,2,1,2,704556.829,4442905.722,598.303,Sec,15185,0,0,0,14,6
12448,4,2008120000465,2,3,21,4,5,3,1,CV-170,13.5,13,5,0,1,5,1,3,3,2,1,1,1,2,1,1,7,7,5,1,1,1,9,14,1,1,1,NaN,2,NaN,NaN,,NaN,,NaN,,NaN,63,60,NaN,1,4,1,1,1,1,1,1,2,1,1,1,1,1,1,1,1,2,1,2,1,1,740259.298,4457673.29,432.211,Cob,947,0,0,0,13,5
12451,4,2008120000466,2,3,23,4,7,3,2,CV-230,4.4,4,4,1,1,5,2,3,4,1,2,1,1,2,1,1,7,7,8,1,1,1,2,14,2,1,1,NaN,2,2,NaN,,NaN,,NaN,,NaN,NaN,NaN,NaN,1,4,2,1,1,1,1,2,2,1,1,1,1,1,1,1,1,1,1,2,1,1,737893.546,4410064.606,57.048,Cob,772,0,0,3,12,3
12452,4,2008120000468,2,3,22,5,6,2,1,CV-10,9.6,9,6,0,1,5,3,2,3,4,2,2,2,1,2,2,7,7,8,1,1,5,9,14,3,1,1,NaN,2,NaN,NaN,,NaN,,NaN,,NaN,64,60,NaN,1,4,1,1,1,1,1,2,1,1,1,1,1,1,1,1,1,1,1,2,1,2,740346.185,4424167.241,73.372,Sec,39142,0,0,0,16,2
12453,4,2008120000471,2,3,25,6,2,1,1,CV-10,16.8,16,8,0,1,5,3,2,3,4,2,2,2,1,1,2,7,7,8,1,2,1,9,14,3,1,1,NaN,2,NaN,NaN,,NaN,,NaN,,NaN,54,50,NaN,1,4,2,1,1,1,1,1,1,1,1,1,1,1,1,1,1,1,1,2,1,1,744196.726,4429729.11,67.21,Cob,21544,0,0,0,19,2
12454,4,2008120000475,2,3,28,6,5,1,1,CV-15,50.7,50,7,0,1,5,2,2,3,1,2,1,1,2,1,2,7,7,8,1,1,1,9,14,1,1,1,NaN,2,NaN,NaN,,NaN,,12,9,NaN,NaN,NaN,NaN,1,4,1,1,1,1,1,2,1,1,1,1,1,1,1,1,1,1,1,2,1,2,742876.003,4481122.324,974.431,Cob,1648,0,0,0,17,5
12456,4,2008120000478,2,3,30,2,7,3,1,CV-222,4.2,4,2,1,1,5,3,2,3,3,2,1,1,1,1,1,7,7,8,1,5,1,9,14,3,1,1,NaN,1,NaN,NaN,,NaN,,NaN,,NaN,61,60,NaN,1,4,1,1,1,2,1,1,1,1,1,1,1,1,1,1,1,1,1,2,1,1,744838.084,4421571.422,26.917,Cob,7191,0,0,0,5,2
12458,4,2008120000499,2,4,1,6,2,1,2,CV-135,20.8,20,8,0,1,5,2,3,3,1,2,1,1,1,1,1,1,1,3,1,1,1,9,14,3,1,1,NaN,2,4,NaN,,NaN,,NaN,,NaN,NaN,NaN,NaN,1,4,1,1,1,1,1,1,2,1,1,1,1,1,1,1,1,1,1,2,1,1,789061.406,4481438.354,11.284,Pri,3531,0,0,1,19,7
12459,4,2008120000541,2,4,5,4,6,2,1,CV-15,32.5,32,5,0,1,5,3,2,3,1,2,1,1,1,1,1,7,7,8,1,1,1,9,14,2,1,1,NaN,1,NaN,NaN,,21,24,NaN,,NaN,NaN,NaN,NaN,1,4,1,1,1,1,1,1,1,1,1,1,1,1,1,2,1,1,1,2,1,1,754445.739,4470818.65,512.453,Sec,1874,0,0,0,13,1
12461,4,2008120000653,2,4,7,4,1,4,2,CV-10,37.1,37,1,1,1,5,3,1,3,4,2,1,2,1,1,1,7,7,8,3,1,4,9,8,1,1,3,NaN,2,4,NaN,,NaN,,NaN,,NaN,NaN,NaN,NaN,2,4,1,1,1,1,1,1,2,1,1,1,1,1,1,1,1,1,1,2,1,1,760595.447,4459640.047,259.258,Cob,14165,0,0,0,14,1
12463,4,2008120000657,2,4,11,3,5,1,2,CV-222,4.9,4,9,0,1,5,2,2,3,3,2,1,1,1,1,1,2,1,3,1,1,1,2,14,1,1,1,NaN,2,2,NaN,,NaN,,NaN,,NaN,NaN,NaN,NaN,3,4,2,1,1,1,1,2,2,1,1,1,1,1,1,1,1,1,1,2,1,1,744221.646,4422007.296,33.358,Cob,7191,0,1,0,7,6
12464,4,2008120000659,2,4,13,3,7,3,1,CV-141,0,0,0,1,1,5,3,2,3,4,2,1,2,2,2,2,5,1,4,1,1,1,9,14,1,1,1,NaN,2,NaN,NaN,,NaN,,12,9,NaN,NaN,NaN,NaN,1,4,1,1,2,1,1,2,1,1,1,1,1,1,1,1,1,1,1,2,1,1,788413.217,4473920.958,-12.052,Cob,6704,0,0,1,9,6