Id,Ano,Numero_Accidente,Provincia,Mes,Dia,Hora,Dia_Semana,Tipo_Dia,Vehiculos_Implicados,Carretera,Pk,Km,Hm,Sentido,Zona,Tipo_Via,Anchura_Calzada,Anchura_Carril,Marcas_Viales,Arcen,Arcen_Pavimentado,Mediana,Barrera_Seguridad,Paneles_Direccionales,Hitos_Arista,Captafaros,Interseccion_Tipo,Interseccion_Acondicionamiento,Prioridad_Regulada_por,Superficie,Luminosidad,Factores_Atmosfericos,Visibilidad_Restringida_por,Otras_Circunstancias,Senalizacion_Peligro,Aceras,Arboles,Arboles_Metros_Calzada,Visibilidad_Senalizacion_Vertical,Colision_Vehiculos_Marcha,Colision_Vehiculo_Obstaculo_1,Colision_Vehiculo_Obstaculo_2,Atropello_1,Atropello_2,Vuelco_1,Vuelco_2,Salida_Sin_Colision,Salida_Con_Colision,Lado_Salida,Otro,Circulacion,Circulacion_Medidas_Especiales,Distraccion,Inexperiencia_Conductor,Alcohol_Drogas,Cansancio_Sueno,Enfermedad,Velocidad_Inadecuada,Infraccion_Norma_Circulacion,Estado_Condicion_Via,Estado_Condicion_Senalizacion,Tramo_Obras,Mal_Estado_Vehiculo,Averia_Mecanica,Meteorologia_Adversa,Irrupcion_Animal,Circular_Sentido_Contrario,Otro_Factor,Sin_Opinion_Definida,Pendiente,Curvatura,Peralte,GPS_x,GPS_y,GPS_z,Tipo_Est,IMD,N_Muertos,N_Graves,N_Leves,Hora_Real,Fuera_o_Interseccion
12672,4,2008120001399,2,8,12,3,2,1,1,CV-191,0.6,0,6,0,1,5,2,2,3,3,2,1,1,1,1,1,7,7,5,1,1,1,9,14,3,1,1,NaN,1,NaN,NaN,,NaN,,12,9,NaN,NaN,NaN,NaN,1,4,2,1,1,2,1,1,1,1,1,1,1,1,1,1,1,1,1,2,1,2,736111.297,4438637.023,290.237,Cob,5089,0,0,1,10,1
12673,4,2008120001401,2,8,9,5,6,2,1,CV-10,30.6,30,6,0,1,5,3,2,3,4,2,2,2,1,2,1,4,2,8,1,1,1,9,14,3,1,3,NaN,2,NaN,NaN,,NaN,,NaN,,66,NaN,60,NaN,1,4,2,1,1,1,1,1,1,1,1,1,1,1,1,1,1,1,1,2,1,1,752757.487,4439121.423,201.967,Cob,14165,0,0,1,16,6
12676,4,2008120001408,2,7,8,6,2,1,2,CV-10,14.5,14,5,0,1,5,3,2,3,4,2,2,2,1,2,1,7,7,8,1,1,1,9,14,3,1,1,NaN,1,3,NaN,,NaN,,NaN,,NaN,NaN,NaN,NaN,1,4,2,1,1,1,1,1,2,1,1,1,1,1,1,1,1,1,1,2,1,1,742827.641,4427943.654,78.591,Sec,39142,0,0,0,17,1
12677,4,2008120001410,2,8,14,6,4,2,1,CV-20,4.7,4,7,0,1,5,3,2,3,3,2,1,1,1,1,1,5,1,3,1,4,1,9,14,1,1,1,NaN,2,NaN,NaN,,NaN,,NaN,,NaN,NaN,NaN,71,1,4,2,1,2,1,1,1,1,1,1,1,1,1,1,1,1,1,1,2,1,2,740875.225,4426225.953,67.702,Pri,18731,0,0,0,21,6
12678,4,2008120001414,2,8,15,6,5,3,1,CV-132,3.5,3,5,1,1,5,3,2,3,4,2,1,1,2,1,1,7,7,8,1,1,1,9,14,1,1,1,NaN,2,NaN,NaN,,NaN,,NaN,,68,NaN,60,NaN,1,4,1,1,1,1,1,2,1,1,1,1,1,1,1,1,1,1,1,2,1,2,769466.733,4485967.412,342.554,Sec,2776,0,0,1,18,5
12680,4,2008120001416,2,8,15,1,5,3,1,CV-149,3,3,0,1,1,5,3,2,3,3,2,2,2,2,2,1,7,7,8,1,4,1,9,14,3,1,1,NaN,1,NaN,NaN,,NaN,,NaN,,NaN,63,60,NaN,1,4,2,1,2,2,1,1,1,1,1,1,1,1,1,1,1,1,1,2,1,1,758238.167,4435995.416,0.685,Sec,13579,1,0,0,23,1
12682,4,2008120001421,2,8,13,4,3,1,2,CV-20,2.4,2,4,1,1,5,3,2,3,3,2,2,2,1,1,1,5,6,4,1,1,1,9,14,1,1,3,NaN,1,3,NaN,,NaN,,NaN,,NaN,NaN,NaN,NaN,1,4,1,1,1,1,1,1,2,1,1,1,1,1,1,1,1,1,1,2,1,2,704556.829,4442905.722,598.303,Sec,15185,0,0,1,14,6
12683,4,2008120001422,2,8,17,1,7,3,1,CV-205,1.5,1,5,1,1,5,2,3,3,3,2,1,2,2,1,1,7,7,8,1,4,1,9,14,1,1,3,NaN,2,NaN,30,30,NaN,,NaN,,NaN,NaN,NaN,NaN,1,4,2,1,2,1,1,1,1,1,1,1,1,1,1,1,1,1,1,2,1,1,721335.606,4432597.8,468.184,Cob,489,0,0,0,0,3
12684,4,2008120001433,2,8,20,1,3,1,1,CV-10,28.1,28,1,0,1,5,3,2,3,3,2,2,1,1,2,1,7,7,5,1,5,1,9,14,3,1,1,NaN,1,NaN,NaN,,NaN,,NaN,,NaN,54,50,NaN,1,4,2,1,1,1,1,1,1,1,1,1,1,1,1,1,1,1,1,2,1,1,751175.472,4437352.459,171.349,Sec,19252,0,0,1,1,2
12685,4,2008120001445,2,8,20,4,3,1,1,CV-15,13.5,13,5,1,1,5,3,2,3,3,1,1,1,1,1,1,7,7,8,1,1,1,9,14,1,1,3,NaN,2,NaN,NaN,,NaN,,12,9,NaN,NaN,NaN,NaN,1,4,1,1,1,1,2,1,1,1,1,1,1,1,1,1,1,1,1,2,1,1,737974.73,4481413.066,1150.754,Per,2792,0,0,1,11,1
12686,4,2008120001464,2,8,18,6,1,1,1,CV-223,26.5,26,5,0,1,5,2,3,3,4,2,1,2,1,1,2,7,7,5,1,5,1,9,2,1,1,3,NaN,2,NaN,NaN,,21,24,NaN,,NaN,NaN,NaN,NaN,1,4,1,1,1,1,1,1,1,1,1,1,1,1,1,2,1,1,1,2,1,1,729246.948,4424954.262,248.627,Cob,413,0,0,0,21,1
12687,4,2008120001469,2,8,20,2,3,1,1,CV-21,12.9,12,9,1,1,5,2,2,3,4,2,1,1,1,1,2,7,7,8,1,4,1,9,14,3,1,3,NaN,1,NaN,NaN,,NaN,,NaN,,NaN,64,60,NaN,1,4,1,1,1,1,1,1,1,1,1,1,1,1,1,1,1,2,1,2,1,1,738956.524,4437478.05,187.96,Cob,4786,0,0,0,6,1
12688,4,2008120001482,2,8,22,6,5,1,1,CV-14,30.6,30,6,1,1,5,2,3,3,1,2,1,1,2,1,1,7,7,8,3,5,4,2,14,1,1,1,NaN,2,NaN,NaN,,NaN,,NaN,,55,NaN,50,NaN,1,4,1,1,1,1,1,2,2,1,1,1,1,1,1,1,1,1,1,2,1,1,744984.038,4499711.211,806.391,Cob,931,0,0,2,22,5
12689,4,2008120001484,2,8,23,3,6,2,1,CV-191,3,3,0,1,1,5,2,2,3,3,2,1,2,2,1,1,2,1,8,1,1,1,9,14,1,1,1,NaN,2,NaN,NaN,,NaN,,NaN,,NaN,64,60,NaN,1,4,2,1,1,1,1,2,2,1,1,1,1,1,1,1,1,1,1,2,1,1,733233.115,4432427.496,197.819,Cob,5089,0,1,0,10,6
12690,4,2008120001487,2,8,23,6,6,2,1,CV-170,38.1,38,1,0,1,5,1,3,3,1,2,1,1,1,1,1,7,7,8,1,2,1,9,14,2,1,1,NaN,1,NaN,NaN,,NaN,,NaN,,NaN,63,60,NaN,1,4,2,1,2,1,1,1,2,1,1,1,1,1,1,1,1,1,1,2,1,1,729535.773,4464674.771,1162.369,Cob,198,0,0,1,21,3
12691,4,2008120001489,2,8,23,3,6,2,1,CV-230,0.9,0,9,1,1,5,2,2,3,2,1,1,2,2,1,1,7,7,8,1,2,1,9,14,1,1,3,NaN,2,NaN,NaN,,NaN,,NaN,,NaN,54,50,NaN,1,4,1,1,2,1,1,2,1,1,1,1,1,1,1,1,1,1,1,2,1,1,740058.354,4407947.365,10.242,Cob,772,0,0,0,7,5
12692,4,2008120001522,2,8,26,2,2,1,1,CV-194,21.1,21,1,0,1,5,2,3,3,1,2,1,2,2,1,1,7,7,8,1,5,1,9,14,1,1,1,NaN,2,NaN,NaN,,NaN,,NaN,,NaN,51,50,NaN,1,4,2,1,2,2,1,1,2,1,1,1,1,1,1,1,1,1,1,2,2,1,724054.223,4443549.752,577.545,Cob,298,0,0,0,6,3
12693,4,2008120001553,2,8,25,6,1,4,1,CV-16,1.3,1,3,1,1,5,2,2,3,3,2,2,2,1,1,1,5,6,4,1,1,1,9,14,1,1,3,NaN,2,NaN,30,30,NaN,,NaN,,NaN,NaN,NaN,NaN,1,4,2,1,2,1,1,2,1,1,1,1,1,1,1,1,1,1,1,2,1,1,740467.049,4438152.77,173.471,Sec,18725,0,0,0,18,6
12694,4,2008120001557,2,8,22,4,5,1,1,CV-165,0.9,0,9,1,1,5,3,2,3,1,2,1,1,1,1,1,7,7,8,1,1,1,9,14,2,1,1,NaN,2,NaN,NaN,,NaN,,NaN,,NaN,63,60,NaN,1,4,2,1,1,1,1,1,1,1,1,1,1,1,1,1,1,1,1,2,1,1,750519.547,4472795.982,576.608,Cob,1372,0,0,1,12,1
12695,4,2008120001558,2,8,27,6,3,1,1,CV-135,20.5,20,5,1,1,5,3,2,3,1,2,1,1,2,2,2,7,7,8,1,1,1,9,14,2,1,1,NaN,2,NaN,NaN,,NaN,,NaN,,NaN,62,60,NaN,1,4,1,1,2,1,1,1,1,1,1,1,1,1,1,1,1,1,1,2,1,1,774551.274,4485484.55,287.624,Pri,3531,0,0,1,19,1
12696,4,2008120001568,2,8,25,5,1,4,1,CV-18,1.3,1,3,1,1,5,3,2,3,3,2,1,1,1,1,1,5,1,8,1,1,1,9,14,1,1,1,NaN,2,NaN,NaN,,NaN,,12,9,NaN,NaN,NaN,NaN,1,4,1,1,1,1,1,2,1,2,1,1,1,1,1,1,1,1,1,2,1,1,745295.243,4416995.689,-6.159,Pri,26935,0,0,1,15,6
12698,4,2008120001569,2,8,26,3,2,1,2,CV-10,1.8,1,8,0,1,5,2,2,3,1,2,1,1,1,1,1,7,7,8,1,1,9,9,14,1,1,1,NaN,2,1,NaN,,NaN,,NaN,,NaN,NaN,NaN,NaN,1,4,1,1,1,1,1,1,2,1,1,1,1,1,1,1,1,1,1,2,1,1,741415.191,4417122.889,17.63,Cob,31157,0,0,1,8,2
12699,4,2008120001578,2,8,31,3,7,3,1,CV-20,45.8,45,8,0,1,5,2,2,3,1,2,1,1,2,1,1,7,7,8,1,1,1,2,14,1,1,3,NaN,2,NaN,NaN,,NaN,,NaN,,NaN,63,60,NaN,1,4,1,1,1,1,1,2,1,1,1,1,1,1,1,1,1,1,1,2,1,1,714537.545,4438850.145,403.845,Cob,609,0,0,1,10,4
12701,4,2008120001584,2,8,29,4,5,1,2,CV-15,11.1,11,1,0,1,5,2,2,3,3,2,1,2,2,2,2,7,7,8,1,1,1,9,14,2,1,1,NaN,1,2,NaN,,NaN,,NaN,,NaN,NaN,NaN,NaN,1,4,2,1,1,1,1,1,2,1,1,1,1,1,1,1,1,1,1,2,1,1,751720.141,4453483.533,310.158,Cob,5125,0,0,0,12,1
12702,4,2008120001585,2,8,30,6,6,2,1,CV-230,15,15,0,0,1,5,2,2,3,3,2,1,2,2,2,2,7,7,8,1,1,1,9,14,1,1,1,NaN,2,NaN,NaN,,NaN,,NaN,,NaN,64,60,NaN,1,4,1,1,1,1,1,2,1,1,1,1,1,1,1,1,1,1,1,2,1,1,733039.287,4412708.782,193.834,Sec,2257,0,0,1,18,5
12709,4,2008120001631,2,9,4,6,4,1,2,CV-20,13.5,13,5,1,1,5,3,2,4,3,2,1,1,1,1,1,1,1,3,1,5,1,2,14,1,1,1,NaN,2,2,NaN,,NaN,,NaN,,NaN,NaN,NaN,NaN,1,4,1,1,1,1,1,1,2,1,1,1,1,1,1,1,1,1,1,2,1,1,710481.18,4439105.525,463.186,Cob,2452,0,0,5,21,6
12710,4,2008120001640,2,9,7,1,7,3,1,CV-10,2.6,2,6,0,1,5,3,2,3,4,2,2,2,1,2,1,7,7,8,1,5,9,9,14,3,1,1,NaN,1,NaN,NaN,,NaN,,NaN,,NaN,63,60,NaN,1,4,2,1,1,2,1,1,1,1,1,1,1,1,1,1,1,1,1,2,1,1,740734.257,4417530.852,36.486,Cob,31157,0,0,1,3,1
12711,4,2008120001642,2,9,7,3,7,3,1,CV-129,6.6,6,6,0,1,5,2,3,3,1,2,1,1,2,2,2,7,7,8,1,1,1,9,14,1,1,1,NaN,2,NaN,NaN,,NaN,,12,9,NaN,NaN,NaN,NaN,1,4,1,1,1,1,1,1,2,1,1,1,1,1,1,1,1,1,1,2,1,1,761635.712,4472224.609,466.873,Cob,470,0,0,0,10,5
12713,4,2008120001646,2,9,8,6,1,1,2,CV-195,0,0,0,0,1,5,3,2,1,1,2,1,1,1,1,1,7,7,8,1,3,1,9,14,3,1,1,NaN,1,NaN,30,29,NaN,,NaN,,NaN,NaN,NaN,NaN,1,4,1,1,2,1,1,1,1,1,1,1,1,1,1,1,1,1,1,2,1,1,707693.291,4421373.76,476.463,Cob,2469,0,0,0,21,1
12714,4,2008120001661,2,9,10,6,3,1,1,CV-18,3.2,3,2,1,1,5,3,1,3,3,2,1,1,1,1,1,5,1,4,1,1,1,9,14,1,1,1,NaN,2,NaN,NaN,,NaN,,NaN,,NaN,54,50,NaN,1,4,2,1,2,1,1,1,2,1,1,1,1,1,1,1,1,1,1,2,1,1,746876.191,4418048.856,-5.265,Cob,16390,0,0,0,17,6
12716,4,2008120001662,2,7,18,4,5,1,2,CV-20,3.6,3,6,0,1,5,2,3,3,3,2,1,2,2,2,2,5,2,4,1,1,1,9,14,1,1,1,NaN,1,3,NaN,,NaN,,NaN,,NaN,NaN,NaN,NaN,1,4,1,1,1,1,1,1,2,1,1,1,1,1,1,1,1,1,1,2,1,1,741865.482,4426170.998,58.912,Sec,15185,0,0,0,12,6
12718,4,2008120001663,2,9,8,6,1,4,2,CV-16,0,0,0,0,1,5,3,2,3,2,2,1,2,2,2,2,5,2,4,1,1,1,9,14,1,1,1,NaN,2,NaN,NaN,,NaN,,NaN,,NaN,NaN,NaN,71,1,4,1,1,1,1,1,1,2,1,1,1,1,1,1,1,1,1,1,2,1,1,749063.673,4431130.778,65.577,Sec,18725,0,0,0,17,6
12719,4,2008120001665,2,9,10,6,3,1,1,CV-10,5,5,0,0,1,5,3,2,3,3,2,2,2,2,2,2,7,7,8,1,3,1,9,14,1,1,1,NaN,2,NaN,NaN,,NaN,,NaN,,NaN,64,60,NaN,1,4,1,1,1,1,1,2,1,1,1,1,1,1,1,1,1,1,1,2,1,2,739726.024,4419654.572,81.89,Sec,37086,0,0,0,21,2
12722,4,2008120001667,2,9,12,3,5,1,2,CV-16,1.8,1,8,0,1,2,2,2,3,3,2,2,2,1,2,2,7,7,8,1,1,1,9,14,3,1,1,NaN,2,NaN,NaN,,NaN,,NaN,,NaN,NaN,NaN,71,1,4,2,1,1,1,1,1,1,1,1,1,1,1,1,1,1,1,1,2,1,1,747624.633,4432063.703,78.311,Sec,18725,0,0,1,8,1
12723,4,2008120001668,2,9,12,1,5,1,1,CV-10,0,0,0,0,1,2,2,2,3,3,2,2,2,1,2,2,7,7,8,1,4,1,9,14,3,1,1,NaN,2,NaN,NaN,,21,24,NaN,,NaN,NaN,NaN,NaN,1,4,1,1,1,1,1,1,1,1,1,1,1,1,1,2,1,1,1,2,2,1,741358.403,4416113.213,11.973,Sec,32605,0,0,0,2,1
12725,4,2008120001679,2,9,11,4,4,1,2,CV-16,0.5,0,5,0,1,5,3,2,3,3,2,1,1,1,1,1,5,1,5,1,1,1,9,14,3,1,1,NaN,1,2,NaN,,NaN,,NaN,,NaN,NaN,NaN,NaN,1,4,2,1,1,1,1,1,2,1,1,1,1,1,1,1,1,1,1,2,1,1,748618.25,4431352.715,67.607,Sec,18725,0,0,1,14,6
12726,4,2008120001680,2,9,15,6,1,4,1,CV-15,11.3,11,3,1,1,5,3,3,3,3,2,1,2,2,2,2,7,7,8,1,1,1,9,14,1,1,1,NaN,2,NaN,NaN,,NaN,,NaN,,NaN,53,50,NaN,1,4,2,1,1,1,1,1,1,1,1,1,1,1,1,1,1,1,1,2,1,1,735913.997,4481415.047,1168.233,Cob,5125,0,1,0,18,1
12727,4,2008120001685,2,9,16,5,2,1,1,CV-25,33.8,33,8,1,1,5,1,3,2,1,2,1,1,2,1,1,7,7,8,1,1,1,9,14,1,1,1,NaN,2,NaN,NaN,,NaN,,NaN,,NaN,63,60,NaN,1,4,2,1,1,1,1,2,1,1,1,1,1,1,1,1,1,1,1,2,1,1,708470.651,4392836.138,187.791,Cob,574,0,0,1,16,4
12728,4,2008120001687,2,9,17,1,3,1,1,CV-183,2.3,2,3,0,1,5,3,2,3,3,2,2,2,2,1,1,5,1,3,1,5,1,9,14,1,1,1,NaN,2,NaN,NaN,,NaN,,NaN,,NaN,NaN,NaN,71,1,4,2,1,1,1,1,1,2,1,1,1,1,1,1,1,1,2,1,2,1,1,753634.278,4427013.005,-4.633,Cob,6314,0,0,0,0,6
12733,4,2008120001697,2,9,19,5,5,1,1,CV-162,2,2,0,0,1,5,2,2,3,1,2,1,2,2,1,1,7,7,5,1,1,1,9,14,1,1,1,NaN,2,NaN,NaN,,NaN,,NaN,,NaN,62,60,NaN,1,4,1,1,1,1,1,2,1,1,1,1,1,1,1,1,1,1,1,2,1,1,750635.747,4447046.211,214.447,Cob,1350,0,0,1,16,2
12737,4,2008120001699,2,9,19,6,5,1,4,CV-16,1.8,1,8,1,1,5,3,2,3,3,2,2,1,1,1,1,7,7,8,1,5,1,9,14,3,1,1,NaN,1,5,NaN,,NaN,,NaN,,NaN,NaN,NaN,NaN,1,4,1,1,2,1,1,1,2,1,1,1,1,1,1,1,1,1,1,2,1,1,740879.268,4437880.324,156.065,Sec,18725,0,0,0,21,1
12738,4,2008120001703,2,9,19,4,5,1,1,CV-10,39.7,39,7,1,1,5,3,2,3,3,2,1,1,1,1,1,7,7,8,1,1,1,9,14,3,1,1,NaN,1,NaN,NaN,,NaN,,NaN,,NaN,53,50,NaN,1,4,2,1,1,1,1,1,1,1,1,1,1,1,1,1,1,1,1,2,1,1,759679.416,4457324.018,299.018,Cob,8119,0,0,0,11,1
12740,4,2008120001704,2,9,20,4,6,2,2,CV-135,21.6,21,6,1,1,5,2,3,3,1,2,1,1,1,1,1,1,1,3,1,1,1,1,14,1,1,3,NaN,2,2,NaN,,NaN,,NaN,,NaN,NaN,NaN,NaN,1,4,1,1,1,1,1,1,2,1,1,1,1,1,1,1,1,1,1,2,1,1,773402.783,4485803.851,315.841,Pri,3531,0,0,2,14,7
12741,4,2008120001705,2,9,21,4,7,3,1,CV-20,7.7,7,7,1,1,5,3,2,3,3,2,2,1,1,1,1,7,7,8,1,1,1,9,14,3,1,1,NaN,2,NaN,NaN,,21,21,NaN,,NaN,NaN,NaN,NaN,1,4,1,1,1,1,1,1,2,1,1,1,1,1,1,1,1,1,1,2,1,1,707503.331,4441058.136,581.596,Pri,18731,0,1,0,14,1
12742,4,2008120001707,2,9,22,2,1,1,1,CV-10,11.3,11,3,1,1,5,3,2,3,4,2,2,1,1,2,2,7,7,8,3,4,5,8,14,1,1,1,NaN,2,NaN,NaN,,NaN,,NaN,,NaN,52,50,NaN,1,4,1,1,1,1,1,2,1,1,1,1,1,1,1,1,1,1,1,2,1,1,769812.594,4482221.585,297.541,Sec,39142,0,0,1,5,1
12744,4,2008120001726,2,9,22,6,1,1,2,CV-223,10,10,0,1,1,5,2,3,3,3,2,1,1,1,1,1,7,7,8,3,1,9,9,14,1,1,3,NaN,2,NaN,30,29,NaN,,NaN,,NaN,NaN,NaN,NaN,1,4,1,1,1,1,1,1,1,1,1,1,1,1,2,1,1,1,1,2,1,3,727777.883,4422832.145,375.87,Sec,3938,0,0,1,17,1
12745,4,2008120001744,2,9,23,6,2,1,1,CV-223,24.5,24,5,0,1,5,2,3,3,1,2,1,1,1,1,1,7,7,8,3,2,4,4,14,1,1,1,NaN,2,NaN,NaN,,NaN,,NaN,,NaN,64,60,NaN,1,4,1,1,1,1,1,2,1,2,1,1,1,1,2,1,1,1,1,2,1,1,727819.511,4424226.31,322.02,Cob,413,0,0,1,20,5
12746,4,2008120001770,2,9,21,2,7,3,1,CV-10,15,15,0,1,1,5,3,1,3,4,2,2,2,1,1,1,7,7,8,1,5,1,9,14,3,1,1,NaN,2,NaN,NaN,,21,24,NaN,,NaN,NaN,NaN,NaN,1,4,1,1,1,1,1,1,1,1,1,1,1,1,1,2,1,1,1,2,1,1,769123.381,4478717.487,301.148,Cob,21544,0,0,0,5,1
12748,4,2008120001822,2,9,24,4,3,1,2,CV-10,49.1,49,1,0,1,5,3,2,3,3,2,1,1,1,1,1,2,1,8,3,1,1,9,14,1,1,3,NaN,2,4,NaN,,NaN,,NaN,,NaN,NaN,NaN,NaN,1,4,2,1,1,1,1,1,2,1,1,1,1,1,2,1,1,1,1,2,1,1,759216.798,4455457.654,282.34,Cob,4050,0,0,1,12,6
12751,4,2008120001868,2,9,26,5,5,1,3,CV-10,13.4,13,4,0,1,5,3,2,3,4,2,2,2,2,2,2,7,7,8,1,1,1,9,14,1,1,1,NaN,2,NaN,NaN,,NaN,,NaN,,NaN,NaN,NaN,71,1,4,2,1,1,1,1,2,2,1,1,1,1,1,1,1,1,1,1,2,1,2,742234.834,4427031.718,76.189,Sec,39142,0,0,0,15,2
12752,4,2008120001870,2,9,25,3,4,1,1,CV-20,4.2,4,2,1,1,5,3,2,3,3,2,2,2,1,2,2,5,1,4,1,1,1,9,14,1,1,1,NaN,2,NaN,NaN,,NaN,,NaN,,NaN,NaN,NaN,71,1,4,1,1,1,1,1,1,1,1,1,1,1,2,1,1,1,1,1,2,1,1,705565.444,4441836.509,623.544,Pri,18731,0,0,1,10,6
12753,4,2008120001871,2,9,26,3,5,1,1,CV-15,46,46,0,0,1,5,2,3,3,3,2,1,2,1,1,1,7,7,8,1,2,1,9,14,3,1,3,NaN,2,NaN,NaN,,NaN,,NaN,,56,NaN,50,NaN,1,4,2,1,1,1,1,1,1,1,1,1,1,1,1,1,1,1,1,2,1,1,743497.407,4477522.007,752.895,Cob,1648,0,0,0,7,2
12754,4,2008120001877,2,9,28,3,7,3,1,CV-20,8.8,8,8,0,1,5,2,2,3,4,2,2,2,1,1,2,5,6,8,1,3,1,9,14,3,1,3,NaN,2,NaN,30,32,NaN,,NaN,,NaN,NaN,NaN,NaN,1,4,1,1,2,1,1,1,1,1,1,1,1,1,1,1,1,1,1,2,1,1,737038.238,4427248.046,131.064,Pri,18731,0,0,1,7,6
12755,4,2008120001923,2,9,30,5,2,1,1,CV-14,1.3,1,3,1,1,5,2,3,3,3,2,1,1,1,1,1,7,7,8,1,1,1,9,14,3,1,3,NaN,2,NaN,NaN,,NaN,,NaN,,66,NaN,60,NaN,1,4,2,1,1,1,1,1,1,1,1,1,1,1,1,1,1,1,1,2,1,1,740340.979,4518687.866,540.131,Cob,1062,0,0,0,16,1
12756,4,2008120001966,2,10,3,6,5,1,1,CV-10,81.7,81,7,1,1,5,3,2,3,3,2,1,1,2,2,1,5,1,8,1,5,1,9,14,3,1,1,NaN,2,NaN,NaN,,NaN,,NaN,,NaN,63,60,NaN,1,4,2,1,1,1,1,1,1,1,1,1,1,1,1,1,1,1,1,2,1,1,740128.105,4423549.695,72.724,Pri,3096,0,0,0,20,6
12757,4,2008120001971,2,10,5,4,7,3,1,CV-160,11.4,11,4,1,1,5,2,2,3,1,2,1,1,1,1,1,7,7,8,1,1,1,9,14,2,1,3,NaN,2,NaN,NaN,,NaN,,NaN,,66,NaN,60,NaN,1,4,2,1,1,1,1,1,1,1,1,1,1,1,1,1,1,1,1,2,1,1,746362.678,4440838.851,213.486,Cob,1561,0,1,1,12,1
12759,4,2008120001974,2,10,1,3,3,1,2,CV-21,7,7,0,0,1,5,3,2,3,3,2,1,1,1,1,1,1,1,3,1,4,1,9,14,2,1,1,NaN,2,3,NaN,,NaN,,NaN,,NaN,NaN,NaN,NaN,1,4,1,1,1,1,1,1,2,1,1,1,1,1,1,1,1,1,1,2,1,2,740199.938,4432573.454,152.23,Cob,4786,0,0,0,7,6
12760,4,2008120001981,2,10,1,4,3,1,1,CV-20,35,35,0,1,1,5,3,2,3,1,2,1,2,2,1,1,7,7,8,1,1,1,9,14,1,1,1,NaN,2,NaN,NaN,,NaN,,12,9,NaN,NaN,NaN,NaN,1,4,1,1,1,1,1,2,1,1,1,1,1,1,1,1,1,1,1,2,1,1,723663.036,4435965.99,293.758,Cob,609,0,0,1,11,4
12762,4,2008120001982,2,10,6,4,1,4,2,CV-11,16.8,16,8,1,1,5,3,2,3,4,2,1,1,1,2,1,2,1,3,1,1,1,9,14,2,1,1,NaN,2,3,NaN,,NaN,,NaN,,NaN,NaN,NaN,NaN,1,4,1,1,1,1,1,1,2,1,1,1,1,1,1,1,1,1,1,2,1,1,781741.836,4494566.458,193.256,Sec,4865,0,0,2,14,6
12764,4,2008120002000,2,10,7,6,2,1,1,CV-230,18.8,18,8,1,1,5,2,2,3,3,2,1,2,2,2,2,7,7,8,1,4,1,9,14,2,1,3,NaN,1,NaN,NaN,,NaN,,NaN,,NaN,62,60,NaN,1,4,1,1,1,1,1,2,1,1,1,1,1,1,1,1,1,1,1,2,1,1,727321.967,4412949.51,301.772,Sec,2257,0,0,2,22,3
12766,4,2008120002036,2,10,8,4,3,2,1,CV-149,0.7,0,7,0,1,5,3,2,3,4,2,2,1,1,2,1,7,7,5,1,1,1,9,14,3,1,1,NaN,1,NaN,NaN,,NaN,,NaN,,NaN,54,50,NaN,1,4,2,1,1,1,1,1,2,1,1,1,1,1,1,1,1,1,1,2,1,1,758779.041,4436151.728,-5.96,Sec,13579,0,0,1,11,2
12769,4,2008120002041,2,10,11,6,6,2,1,CV-20,14.6,14,6,1,1,5,3,2,3,3,2,1,2,1,1,2,7,7,8,3,4,4,2,14,1,1,3,NaN,2,NaN,NaN,,NaN,,NaN,,66,NaN,60,NaN,1,4,1,1,1,1,1,2,1,2,1,1,1,1,2,1,1,1,1,2,1,1,711252.743,4438623.394,439.486,Cob,2452,0,0,3,20,4
12770,4,2008120002043,2,10,12,3,7,3,1,CV-132,2.5,2,5,1,1,5,3,2,3,3,2,1,1,2,1,1,7,7,8,3,3,4,9,14,2,1,1,NaN,1,NaN,NaN,,NaN,,NaN,,NaN,52,50,NaN,1,4,1,1,1,1,1,2,1,1,1,1,1,1,1,1,1,1,1,2,1,2,769036.462,4486826.999,367.316,Sec,2776,0,0,0,7,3
12771,4,2008120002044,2,10,12,4,7,3,1,CV-230,5.9,5,9,0,1,5,2,2,3,3,2,1,2,1,1,1,7,7,8,3,1,4,9,14,3,1,1,NaN,1,NaN,NaN,,NaN,,NaN,,NaN,62,60,NaN,1,4,2,1,1,1,1,1,1,1,1,1,1,1,1,1,1,1,1,2,1,2,725321.954,4413313.834,268.24,Cob,772,0,0,0,13,1
12772,4,2008120002047,2,10,11,5,6,2,1,CV-230,23.8,23,8,1,1,5,3,2,3,3,2,1,2,1,2,2,5,1,4,3,1,4,9,14,1,1,1,NaN,2,NaN,NaN,,NaN,,NaN,,NaN,63,60,NaN,1,4,1,1,1,1,1,2,1,1,1,1,1,1,1,1,1,1,1,2,1,1,723203.572,4411828.683,286.108,Cob,13451,0,0,0,16,6
12773,4,2008120002073,2,9,30,3,2,1,1,CV-15,5.3,5,3,0,1,5,3,2,3,4,2,1,1,1,1,1,7,7,8,1,4,1,9,14,3,1,1,NaN,2,NaN,NaN,,21,24,NaN,,NaN,NaN,NaN,NaN,1,4,1,1,1,1,1,1,1,1,1,1,1,1,1,2,1,1,1,2,1,1,754424.981,4448778.886,230.179,Cob,6624,0,0,0,7,1