Id,Ano,Numero_Accidente,Provincia,Mes,Dia,Hora,Dia_Semana,Tipo_Dia,Vehiculos_Implicados,Carretera,Pk,Km,Hm,Sentido,Zona,Tipo_Via,Anchura_Calzada,Anchura_Carril,Marcas_Viales,Arcen,Arcen_Pavimentado,Mediana,Barrera_Seguridad,Paneles_Direccionales,Hitos_Arista,Captafaros,Interseccion_Tipo,Interseccion_Acondicionamiento,Prioridad_Regulada_por,Superficie,Luminosidad,Factores_Atmosfericos,Visibilidad_Restringida_por,Otras_Circunstancias,Senalizacion_Peligro,Aceras,Arboles,Arboles_Metros_Calzada,Visibilidad_Senalizacion_Vertical,Colision_Vehiculos_Marcha,Colision_Vehiculo_Obstaculo_1,Colision_Vehiculo_Obstaculo_2,Atropello_1,Atropello_2,Vuelco_1,Vuelco_2,Salida_Sin_Colision,Salida_Con_Colision,Lado_Salida,Otro,Circulacion,Circulacion_Medidas_Especiales,Distraccion,Inexperiencia_Conductor,Alcohol_Drogas,Cansancio_Sueno,Enfermedad,Velocidad_Inadecuada,Infraccion_Norma_Circulacion,Estado_Condicion_Via,Estado_Condicion_Senalizacion,Tramo_Obras,Mal_Estado_Vehiculo,Averia_Mecanica,Meteorologia_Adversa,Irrupcion_Animal,Circular_Sentido_Contrario,Otro_Factor,Sin_Opinion_Definida,Pendiente,Curvatura,Peralte,GPS_x,GPS_y,GPS_z,Tipo_Est,IMD,N_Muertos,N_Graves,N_Leves,Hora_Real,Fuera_o_Interseccion
12774,4,2008120002075,2,10,11,5,6,2,1,CV-18,14.6,14,6,0,1,5,3,2,3,3,2,2,2,1,1,1,5,1,5,1,1,4,9,14,1,1,1,NaN,1,NaN,NaN,,NaN,,NaN,,NaN,53,50,NaN,1,4,2,1,1,1,1,2,1,1,1,1,1,1,1,1,1,1,1,2,1,1,745329.186,4417038.874,-6.349,Cob,11773,0,0,0,15,6
12780,4,2008120002077,2,10,13,3,1,1,3,CV-10,23,23,0,1,1,5,3,2,3,5,2,2,2,1,2,2,4,6,8,1,1,1,9,14,3,1,1,NaN,1,5,NaN,,NaN,,NaN,,NaN,NaN,NaN,NaN,1,4,2,1,1,1,1,1,2,1,1,1,1,1,1,1,1,1,1,2,1,1,766078.693,4471676.73,206.665,Pri,21352,0,0,0,8,6
12781,4,2008120002098,2,10,18,4,6,2,1,CV-195,15,15,0,0,1,5,2,2,3,3,2,1,2,2,1,1,7,7,8,3,1,4,9,14,1,1,1,NaN,1,NaN,NaN,,NaN,,NaN,,NaN,64,60,NaN,1,4,1,1,1,1,1,2,1,1,1,1,1,1,1,1,1,1,1,2,1,2,707389.907,4432287.349,648.508,Pri,841,0,0,1,11,5
12784,4,2008120002099,2,10,19,1,7,3,1,CV-10,39.7,39,7,0,1,5,3,2,2,4,2,1,1,1,1,1,7,7,8,3,5,5,4,14,1,1,1,NaN,2,NaN,NaN,,NaN,,NaN,,NaN,64,60,NaN,1,4,1,2,1,1,1,1,1,1,1,1,1,1,1,1,1,1,1,2,1,1,757885.667,4446494.294,260.038,Cob,8119,0,0,4,0,1
12785,4,2008120002100,2,10,19,3,7,3,1,CV-10,35.7,35,7,0,1,5,3,2,3,4,2,2,2,1,1,1,7,7,8,1,1,1,9,14,1,1,1,NaN,2,NaN,NaN,,NaN,,NaN,,NaN,62,60,NaN,1,4,1,1,2,1,1,2,1,1,1,1,1,1,1,1,1,1,1,2,1,2,755979.599,4443054.443,284.206,Cob,14165,0,0,0,8,3
12786,4,2008120002103,2,10,20,6,1,1,1,CV-10,72.7,72,7,1,1,5,3,3,3,3,2,1,1,1,1,1,7,7,8,1,5,1,9,14,2,1,1,NaN,1,NaN,NaN,,21,24,NaN,,NaN,NaN,NaN,NaN,1,4,1,1,1,1,1,1,1,1,1,1,1,1,1,2,1,1,1,2,1,1,745300.324,4430209.578,64.647,Pri,3096,0,0,0,21,1
12788,4,2008120002104,2,10,21,5,2,1,2,CV-141,0,0,0,0,1,5,1,2,3,3,2,1,2,1,1,1,5,6,4,1,1,1,9,14,3,1,1,NaN,2,4,NaN,,NaN,,NaN,,NaN,NaN,NaN,NaN,1,4,2,1,1,1,1,1,2,1,1,1,1,1,1,1,1,1,1,2,1,1,785763.092,4477631.559,20.506,Cob,6704,0,0,2,16,6
12790,4,2008120002105,2,10,17,5,5,1,2,CV-151,2.1,2,1,1,1,5,3,1,3,3,2,2,2,2,2,2,5,6,4,1,1,1,9,14,1,1,3,NaN,2,2,NaN,,NaN,,NaN,,NaN,NaN,NaN,NaN,1,4,2,1,1,1,1,1,2,1,1,1,1,1,1,1,1,1,1,2,1,1,749613.694,4432282.346,76.867,NaN,0,0,0,0,15,6
12791,4,2008120002110,2,10,15,6,3,1,1,CV-15,40.7,40,7,0,1,5,3,2,3,4,2,1,1,1,1,1,7,7,8,1,5,1,9,14,3,1,1,NaN,2,NaN,NaN,,21,24,NaN,,NaN,NaN,NaN,NaN,1,4,1,1,1,1,1,1,1,1,1,1,1,1,1,2,1,1,1,2,1,1,747479.605,4474393.997,642.58,Cob,2343,0,0,0,21,1
12792,4,2008120002114,2,10,19,1,7,3,1,CV-20,1.7,1,7,1,1,5,3,2,3,3,2,2,2,1,2,2,5,1,4,3,4,4,9,14,1,1,1,NaN,2,NaN,NaN,,NaN,,NaN,,NaN,53,50,NaN,1,4,2,1,2,1,1,1,1,1,1,1,1,1,1,1,1,1,1,2,1,2,704168.265,4443469.37,590.361,Sec,15185,0,0,0,4,6
12793,4,2008120002146,2,10,26,4,7,3,1,CV-20,12.9,12,9,1,1,5,3,2,3,3,2,1,2,2,1,1,7,7,8,1,1,1,2,14,1,1,1,NaN,2,NaN,NaN,,NaN,,NaN,,66,NaN,60,NaN,1,4,1,1,1,1,1,2,2,1,1,1,1,1,1,1,1,1,1,2,1,1,709972.154,4439258.528,479.138,Cob,9529,0,0,1,12,5
12795,4,2008120002150,2,10,24,5,5,1,2,CV-185,2.1,2,1,0,1,5,2,2,3,4,2,1,1,1,1,1,7,7,8,3,1,1,9,14,3,1,2,2,1,4,NaN,,NaN,,NaN,,NaN,NaN,NaN,NaN,1,4,1,1,1,1,1,1,2,1,1,1,1,1,1,1,1,1,1,2,1,1,748847.181,4422454.223,6.783,Sec,15042,0,0,1,15,1
12796,4,2008120002156,2,10,27,5,1,1,1,CV-223,0,0,0,1,1,5,3,1,3,3,2,1,1,2,1,1,7,7,8,1,1,1,2,14,1,1,1,NaN,2,NaN,NaN,,NaN,,NaN,,NaN,63,60,NaN,1,4,1,1,1,1,1,2,1,1,1,1,1,1,1,1,1,1,1,2,1,1,733822.911,4427884.61,157.615,Sec,3938,0,0,1,16,5
12798,4,2008120002159,2,10,25,3,6,2,2,CV-10,49.5,49,5,0,1,5,3,2,3,3,2,1,1,1,1,1,1,1,8,1,1,1,9,14,1,1,1,NaN,1,4,NaN,,NaN,,NaN,,NaN,NaN,NaN,NaN,1,4,2,1,1,1,1,1,1,1,1,1,1,1,1,1,1,1,1,2,1,1,759177.199,4455852.486,287.692,Cob,4050,0,0,0,8,6
12799,4,2008120002164,2,10,28,5,2,1,1,CV-12,10.3,10,3,0,1,5,2,2,3,1,2,1,1,2,2,2,7,7,8,1,1,1,2,14,1,1,1,NaN,2,NaN,NaN,,NaN,,NaN,,55,NaN,50,NaN,1,4,1,1,1,1,1,2,1,1,1,1,1,1,1,1,1,1,1,2,1,2,740585.054,4490628.781,876.885,Cob,730,0,1,1,15,5
12800,4,2008120002177,2,10,24,4,5,1,1,CV-190,5,5,0,1,1,5,2,2,3,3,2,1,2,1,1,1,7,7,8,3,1,4,2,14,3,1,3,NaN,1,NaN,NaN,,NaN,,NaN,,NaN,54,50,NaN,1,4,1,1,1,1,1,2,2,1,1,1,1,1,2,1,1,1,1,2,1,2,708817.04,4450680.843,984.079,Cob,5592,0,0,0,13,3
12802,4,2008120002181,2,10,27,3,1,4,2,CV-10,4.6,4,6,0,1,5,3,2,3,4,2,2,2,1,2,1,7,7,8,1,1,1,9,14,3,1,1,NaN,2,4,NaN,,NaN,,NaN,,NaN,NaN,NaN,NaN,1,4,2,1,1,1,1,1,2,1,1,1,1,1,1,1,1,1,1,2,1,1,739850.599,4419279.801,74.661,Cob,31157,0,0,0,8,1
12803,4,2008120002185,2,10,30,3,4,1,1,CV-20,25,25,0,0,1,5,3,2,3,1,2,1,2,2,1,1,7,7,8,1,1,1,2,14,1,1,1,NaN,2,NaN,NaN,,NaN,,NaN,,NaN,51,50,NaN,1,4,2,2,1,1,1,1,1,1,1,1,1,1,1,1,1,1,1,2,1,1,727699.584,4434505.41,264.274,Cob,609,0,0,1,10,3
12806,4,2008120002186,2,10,23,4,4,3,3,CV-160,5.5,5,5,1,1,5,2,2,3,2,2,1,1,1,2,2,7,7,8,3,1,4,9,14,1,1,1,NaN,1,4,NaN,,NaN,,NaN,,NaN,NaN,NaN,NaN,1,4,2,1,1,1,1,1,2,1,1,1,1,1,2,1,1,1,1,2,1,1,750358.018,4444558.317,246.867,Cob,1561,0,0,0,13,1
12807,4,2008120002191,2,11,2,3,7,3,1,CV-10,9.3,9,3,0,1,5,3,2,3,4,2,2,2,2,2,2,7,7,8,3,1,5,9,14,3,1,3,NaN,2,NaN,NaN,,NaN,,NaN,,NaN,64,60,NaN,1,4,2,1,1,1,1,2,1,1,1,1,1,1,2,1,1,1,1,2,1,1,740237.738,4423786.454,75.193,Sec,39142,0,0,0,9,2
12811,4,2008120002192,2,11,1,6,6,2,2,CV-222,8.6,8,6,0,1,5,3,2,3,4,2,1,2,1,2,2,7,7,8,3,3,4,4,13,1,1,1,NaN,2,1,NaN,,NaN,,NaN,,NaN,NaN,NaN,NaN,1,4,2,1,2,1,1,1,1,1,1,1,1,1,1,1,1,1,1,2,1,1,747390.291,4420742.455,7.916,Cob,10400,0,0,4,20,1
12812,4,2008120002196,2,10,31,6,5,2,1,CV-10,27.3,27,3,0,1,5,3,2,3,4,2,2,2,1,2,1,7,7,8,1,1,1,9,14,3,1,3,NaN,2,NaN,NaN,,NaN,,NaN,,NaN,64,60,NaN,1,4,2,1,2,1,1,1,1,1,1,1,1,1,1,1,1,1,1,2,1,2,750753.875,4436572.752,154.866,Sec,19252,0,0,0,22,1
12814,4,2008120002201,2,10,31,3,5,2,2,CV-16,6,6,0,1,1,5,3,2,3,3,2,2,1,1,1,1,5,6,4,1,1,1,9,14,1,1,3,NaN,2,4,NaN,,NaN,,NaN,,NaN,NaN,NaN,NaN,1,4,2,1,1,1,1,2,1,1,1,1,1,1,1,1,1,1,1,2,1,1,743264.728,4435395.863,145.452,Sec,0,0,0,0,9,6
12816,4,2008120002216,2,10,26,5,7,3,1,CV-10,5.5,5,5,1,1,5,3,2,4,4,2,2,2,2,2,2,7,7,8,1,1,1,9,14,1,1,3,NaN,2,NaN,NaN,,21,24,NaN,,NaN,NaN,NaN,NaN,1,4,1,1,1,1,1,1,1,1,1,1,1,1,1,2,1,1,1,2,1,1,772393.544,4485818.924,303.954,Sec,37086,0,0,0,16,1
12817,4,2008120002223,2,11,6,5,4,1,1,CV-190,5.5,5,5,0,1,5,3,2,3,3,2,1,2,2,2,2,7,7,8,1,1,1,9,14,3,1,1,NaN,1,NaN,NaN,,NaN,,12,9,NaN,NaN,NaN,NaN,1,4,2,1,1,1,1,1,1,1,1,1,1,1,1,1,1,1,1,2,1,1,738201.224,4442400.853,306.733,Cob,5592,0,1,0,15,2
12819,4,2008120002236,2,11,9,4,7,3,1,CV-245,24.5,24,5,1,1,5,2,3,3,1,2,1,2,2,1,1,7,7,8,1,1,1,2,4,1,1,2,4,2,NaN,NaN,,NaN,,NaN,,NaN,64,60,NaN,1,4,1,1,1,1,1,2,1,1,1,1,1,1,1,1,1,1,1,2,1,1,696941.666,4406994.277,716.839,Cob,718,1,0,0,13,5
12820,4,2008120002237,2,11,9,4,7,3,1,CV-12,3.7,3,7,0,1,5,2,3,3,1,2,1,1,2,1,1,7,7,8,1,1,1,9,14,3,1,3,NaN,2,NaN,NaN,,NaN,,NaN,,65,NaN,60,NaN,1,4,1,1,1,1,1,2,1,1,1,1,1,1,1,1,1,1,1,2,1,1,742489.095,4485213.77,960.36,Cob,730,0,1,0,12,2
12822,4,2008120002244,2,11,6,4,4,1,2,CV-16,11.4,11,4,0,1,5,2,2,3,3,2,1,1,1,1,1,7,7,8,1,1,1,9,14,2,1,1,NaN,1,2,NaN,,NaN,,NaN,,NaN,NaN,NaN,NaN,1,4,1,1,1,1,1,1,2,1,1,1,1,1,1,1,1,1,1,2,1,1,741439.752,4437505.741,139.364,Sec,7336,0,0,0,13,1
12825,4,2008120002246,2,11,8,3,6,2,3,CV-18,3.4,3,4,1,1,5,3,2,3,2,2,1,2,1,1,1,5,2,5,1,1,1,9,14,1,1,1,NaN,2,NaN,NaN,,NaN,,NaN,,NaN,NaN,NaN,71,1,4,1,2,1,1,1,2,2,1,1,1,1,1,1,1,1,1,1,2,1,1,747042.587,4418159.747,-5.07,Cob,16390,0,0,0,10,6
12826,4,2008120002248,2,11,10,5,1,1,1,CV-10,22.6,22,6,1,1,5,3,2,3,4,2,2,2,2,2,2,7,7,8,1,1,1,9,14,3,1,3,NaN,2,NaN,NaN,,NaN,,NaN,,NaN,64,60,NaN,1,4,2,1,1,1,1,1,1,1,1,1,1,1,1,1,1,1,1,2,1,1,766224.17,4472019.953,214.622,Pri,21352,0,1,0,15,1
12827,4,2008120002322,2,11,9,1,7,3,1,CV-148,0.1,0,1,1,1,5,1,1,3,4,2,1,2,2,1,1,7,7,8,1,5,1,2,14,1,1,1,NaN,2,NaN,NaN,,NaN,,NaN,,NaN,54,50,NaN,1,4,2,1,1,1,1,2,2,1,1,1,1,1,1,1,1,1,1,2,1,1,767148.61,4443299.989,-8.312,Cob,679,0,1,0,23,3
12828,4,2008120002325,2,11,13,4,4,1,1,CV-183,0,0,0,0,1,5,3,2,3,3,2,1,2,1,2,2,5,2,4,1,1,1,9,14,1,1,1,NaN,2,NaN,NaN,,NaN,,NaN,,NaN,NaN,NaN,71,1,4,1,1,1,1,1,1,1,1,1,1,2,2,1,1,1,1,1,2,1,1,751769.968,4425907.625,10.044,Cob,6314,0,0,0,14,6
12830,4,2008120002327,2,11,14,3,5,1,2,CV-10,9,9,0,0,1,5,3,2,3,4,2,2,2,1,1,1,7,7,8,1,1,1,9,14,3,1,1,NaN,2,2,NaN,,NaN,,NaN,,NaN,NaN,NaN,NaN,1,4,1,1,1,1,1,2,1,1,1,1,1,1,1,1,1,1,1,2,1,1,740146.865,4423515.725,77.595,Sec,39142,0,0,0,10,2
12832,4,2008120002330,2,11,13,3,4,1,1,CV-18,14.6,14,6,1,1,5,3,2,3,3,2,1,2,1,2,2,5,1,4,1,2,1,9,14,1,1,1,NaN,2,NaN,NaN,,NaN,,NaN,,66,NaN,60,NaN,1,4,1,1,2,1,1,2,1,1,1,1,1,1,1,1,1,1,1,2,1,2,751601.323,4427055.414,16.091,Cob,11773,0,0,0,7,6
12833,4,2008120002331,2,11,15,6,6,2,1,CV-10,80,80,0,1,1,5,3,2,3,3,2,1,1,1,1,2,7,7,8,1,1,1,9,14,3,1,1,NaN,2,NaN,NaN,,21,24,NaN,,NaN,NaN,NaN,NaN,1,4,1,1,1,1,1,1,1,1,1,1,1,1,1,2,1,1,1,2,1,2,740578.495,4425211.165,65.307,Pri,3096,0,0,0,17,1
12834,4,2008120002333,2,11,16,4,7,3,1,CV-160,6.2,6,2,0,1,5,2,2,4,1,2,1,2,2,2,2,7,7,8,1,1,1,2,14,1,1,1,NaN,2,NaN,NaN,,NaN,,12,9,NaN,NaN,NaN,NaN,1,4,1,1,1,1,1,2,1,1,1,1,1,1,1,1,1,1,1,2,2,2,746197.996,4440788.726,206.585,Cob,1561,0,0,1,14,2
12836,4,2008120002359,2,11,14,3,5,1,2,CV-16,0.4,0,4,0,1,5,3,2,3,3,2,2,2,1,2,1,5,3,5,1,3,1,9,14,1,1,1,NaN,2,3,NaN,,NaN,,NaN,,NaN,NaN,NaN,NaN,1,4,1,1,1,1,1,1,2,1,1,1,1,1,1,1,1,1,1,2,1,1,748703.591,4431302.813,66.469,Sec,18725,0,0,0,7,6
12838,4,2008120002360,2,11,14,6,5,1,2,CV-162,3.6,3,6,1,1,5,2,2,3,1,2,1,1,1,1,1,1,1,5,1,5,1,9,14,3,1,1,NaN,2,2,NaN,,NaN,,NaN,,NaN,NaN,NaN,NaN,1,4,1,1,1,1,1,1,2,1,1,1,1,1,1,1,1,1,1,2,1,1,750142.767,4450524.378,241.903,Cob,1350,0,0,0,18,6
12839,4,2008120002369,2,11,18,6,2,1,1,CV-20,30.1,30,1,0,1,5,3,2,3,2,2,1,2,2,1,1,7,7,5,1,5,1,9,14,1,1,1,NaN,2,NaN,NaN,,NaN,,NaN,,66,NaN,60,NaN,1,4,2,1,1,1,1,1,1,1,1,1,1,1,1,1,1,1,1,2,1,1,724556.388,4435916.339,273.059,Cob,609,0,0,0,20,2
12840,4,2008120002384,2,11,19,5,3,1,1,CV-10,53.1,53,1,1,1,5,3,2,3,4,2,1,1,2,1,2,7,7,8,1,1,1,9,14,1,1,1,NaN,2,NaN,NaN,,NaN,,NaN,,57,NaN,50,NaN,1,4,1,1,1,2,1,1,1,1,1,1,1,1,1,1,1,1,1,2,1,1,756824.75,4444766.074,266.766,Cob,4050,0,0,0,15,2
12842,4,2008120002408,2,11,19,6,3,1,2,CV-10,29,29,0,1,1,5,3,2,3,4,2,2,1,1,2,1,7,7,8,1,5,1,9,14,3,1,1,NaN,2,4,NaN,,NaN,,NaN,,NaN,NaN,NaN,NaN,1,4,2,1,1,1,1,1,1,1,1,1,1,1,1,1,1,1,1,2,1,1,764486.295,4466357.128,162.86,Sec,19252,0,0,0,19,1
12843,4,2008120002412,2,11,23,3,7,3,1,CV-165,9.5,9,5,0,1,5,2,3,3,1,2,1,2,2,1,1,7,7,8,1,1,1,9,14,1,1,1,NaN,2,NaN,NaN,,NaN,,NaN,,66,NaN,60,NaN,1,4,2,1,1,1,1,1,1,1,1,1,1,1,1,1,1,1,1,2,1,1,740054.256,4447524.73,438.407,Cob,1372,0,1,0,10,4
12845,4,2008120002414,2,11,23,5,7,3,2,CV-10,69.5,69,5,0,1,5,3,2,3,3,2,1,2,2,2,1,7,7,7,1,1,1,9,14,1,1,1,NaN,2,4,NaN,,NaN,,NaN,,NaN,NaN,NaN,NaN,1,4,1,1,1,1,1,1,2,1,1,1,1,1,1,1,1,1,1,2,1,1,766572.906,4473206.468,250.79,Pri,3096,0,0,2,16,5
12846,4,2008120002420,2,11,22,2,6,2,1,CV-10,11.8,11,8,1,1,5,3,2,3,4,2,2,2,1,2,1,7,7,5,1,5,1,9,14,2,1,1,NaN,1,NaN,NaN,,21,24,NaN,,NaN,NaN,NaN,NaN,1,4,1,1,1,1,1,1,1,1,1,1,1,1,1,2,1,1,1,2,1,1,769752.967,4481740.835,298.52,Sec,39142,0,0,0,5,1
12848,4,2008120002462,2,11,27,4,4,1,2,CV-230,26.8,26,8,1,1,5,3,1,3,3,2,1,1,2,2,2,5,6,4,1,1,1,9,14,1,1,1,NaN,2,2,NaN,,NaN,,NaN,,NaN,NaN,NaN,NaN,1,4,2,1,2,1,1,1,1,1,1,1,1,1,1,1,1,1,1,2,1,1,720699.966,4410716.738,232.435,Cob,5213,0,0,0,13,6
12850,4,2008120002465,2,11,30,3,7,3,2,CV-10,28.8,28,8,0,1,5,3,3,3,5,2,2,2,1,2,2,7,7,8,1,5,1,9,14,3,1,3,NaN,2,4,NaN,,NaN,,NaN,,NaN,NaN,NaN,NaN,1,4,1,1,2,2,1,1,1,1,1,1,1,1,1,1,1,1,1,2,1,1,751645.784,4437864.224,177.341,Sec,19252,0,0,1,7,1
12852,4,2008120002469,2,12,1,3,1,4,2,CV-135,4.9,4,9,0,1,5,2,3,3,1,2,1,1,1,1,1,7,7,7,1,1,9,5,8,1,1,3,NaN,2,NaN,30,29,NaN,,NaN,,NaN,NaN,NaN,NaN,1,3,1,1,1,1,1,1,1,1,1,1,1,1,1,1,1,2,1,2,1,2,776621.79,4484095.232,273.003,Cob,483,0,0,0,8,2
12855,4,2008120002472,2,12,1,6,1,4,3,CV-20,5.4,5,4,1,1,5,3,2,3,3,2,2,2,1,2,1,5,2,5,1,3,1,9,14,1,1,1,NaN,2,5,NaN,,NaN,,NaN,,NaN,NaN,NaN,NaN,1,4,1,1,1,1,1,1,2,1,1,1,1,1,1,1,1,1,1,2,1,1,706456.173,4441917.184,642.022,Pri,18731,0,0,0,18,6
12856,4,2008120002476,2,12,2,6,2,1,1,CV-16,6,6,0,1,1,5,3,2,3,3,2,2,1,1,1,1,7,7,7,1,5,1,9,14,3,1,1,NaN,2,NaN,NaN,,NaN,,12,9,NaN,NaN,NaN,NaN,1,4,2,1,1,1,1,1,1,1,1,1,1,1,1,1,1,1,1,2,1,1,743264.728,4435395.863,145.452,Sec,0,0,0,1,21,1
12857,4,2008120002492,2,12,3,4,3,1,1,CV-10,43.1,43,1,0,1,5,2,2,3,3,2,1,1,1,1,1,7,7,8,1,1,1,9,14,1,2,1,NaN,2,NaN,NaN,,NaN,,NaN,,NaN,62,60,NaN,1,4,2,1,1,2,1,1,1,1,1,1,1,1,1,1,1,1,1,2,1,1,759024.725,4449557.576,245.728,NaN,0,0,0,0,14,1
12858,4,2008120002505,2,12,4,6,4,1,1,CV-166,0.5,0,5,0,1,5,2,3,3,1,2,1,1,1,1,1,7,7,8,1,5,1,9,14,3,1,1,NaN,1,NaN,NaN,,21,24,NaN,,NaN,NaN,NaN,NaN,1,4,1,1,1,1,1,1,1,1,1,1,1,1,1,2,1,1,1,2,1,1,745099.698,4475252.929,683.364,Cob,848,0,0,0,19,1
12859,4,2008120002510,2,12,7,5,7,3,1,CV-195,10.8,10,8,0,1,5,2,3,3,1,2,1,2,1,1,1,7,7,8,1,1,1,2,14,1,1,1,NaN,2,NaN,NaN,,NaN,,NaN,,NaN,54,50,NaN,1,4,1,2,1,1,1,1,1,1,1,1,1,1,1,1,1,1,1,2,1,1,706520.323,4429765.837,884.483,Pri,841,0,0,0,16,5
12861,4,2008120002511,2,12,8,4,1,3,2,CV-133,9.8,9,8,1,1,5,2,2,3,1,2,1,2,2,1,1,7,7,8,3,1,4,2,14,1,1,1,NaN,2,1,NaN,,NaN,,NaN,,NaN,NaN,NaN,NaN,1,4,1,1,1,1,1,2,2,1,1,1,1,1,1,1,1,1,1,2,2,1,770556.995,4465288.347,275.026,Cob,562,0,0,2,13,5
12863,4,2008120002513,2,12,8,4,1,3,2,CV-230,18,18,0,0,1,5,3,2,3,3,2,1,2,2,1,1,7,7,8,8,1,4,9,14,1,1,1,NaN,1,1,NaN,,NaN,,NaN,,NaN,NaN,NaN,NaN,1,4,1,1,1,1,1,1,1,2,1,1,1,1,1,1,1,1,1,2,2,1,734742.487,4412233.242,153.371,Sec,2257,0,0,2,11,2
12864,4,2008120002516,2,12,8,4,1,3,1,CV-133,12.6,12,6,1,1,5,2,2,3,1,2,1,2,1,2,1,7,7,8,3,1,4,9,14,1,1,1,NaN,1,NaN,NaN,,NaN,,NaN,,NaN,54,50,NaN,1,4,1,1,1,1,1,2,1,1,1,1,1,1,1,1,1,1,1,2,1,1,772685.274,4466497.163,171.188,Cob,562,0,0,0,12,3
12865,4,2008120002519,2,12,2,4,2,1,1,CV-21,2.5,2,5,0,1,5,3,2,3,4,2,1,2,2,2,2,7,7,8,1,1,1,9,14,1,1,1,NaN,2,NaN,NaN,,NaN,,NaN,,NaN,53,50,NaN,1,4,2,1,1,1,1,2,1,1,1,1,1,1,1,1,1,1,1,2,1,1,738977.218,4436745.713,158.101,Sec,6863,0,0,0,11,2
12868,4,2008120002521,2,12,8,4,1,3,3,CV-190,3.1,3,1,1,1,5,2,2,3,1,2,1,2,2,1,1,7,7,8,1,1,4,2,14,1,1,1,NaN,1,5,NaN,,NaN,,NaN,,NaN,NaN,NaN,NaN,1,4,1,1,1,1,1,2,2,1,1,1,1,1,2,1,1,1,1,2,2,2,708513.398,4449192.476,910.714,Cob,5592,0,0,2,11,5
12869,4,2008120002524,2,12,10,6,3,1,1,CV-222,2.6,2,6,1,1,5,3,2,3,5,2,1,1,2,2,1,7,7,8,1,4,1,9,14,1,1,1,NaN,2,NaN,NaN,,NaN,,NaN,,NaN,64,60,NaN,1,4,2,1,1,2,1,1,1,1,1,1,1,1,1,1,1,1,1,2,1,1,746224.248,4421004.154,18.629,Cob,7191,0,1,0,18,1
12870,4,2008120002525,2,12,8,6,1,4,1,CV-10,47.8,47,8,1,1,5,3,2,3,4,2,1,1,1,1,1,7,7,8,1,5,4,9,14,3,1,1,NaN,1,NaN,NaN,,NaN,,NaN,,57,NaN,50,NaN,2,4,1,1,1,1,1,1,1,2,1,1,1,1,2,1,1,1,1,2,1,1,758956.571,4449389.153,239.169,Cob,4050,0,0,0,19,1
12871,4,2008120002528,2,12,12,3,5,1,1,CV-165,2,2,0,0,1,5,1,3,3,1,2,1,1,1,2,2,7,7,8,1,1,1,9,14,2,1,1,NaN,1,NaN,NaN,,NaN,,NaN,,58,NaN,50,NaN,1,4,1,1,1,1,1,1,1,1,1,1,1,2,1,1,1,1,1,2,1,1,738949.779,4444856.991,385.706,Cob,1372,0,0,1,10,2
12872,4,2008120002536,2,12,14,3,7,3,1,CV-185,2.1,2,1,0,1,5,3,2,3,3,2,1,1,1,1,1,7,7,8,1,1,1,9,14,3,1,1,NaN,1,NaN,NaN,,NaN,,NaN,,65,NaN,60,NaN,1,4,2,1,1,2,1,1,1,1,1,1,1,1,1,1,1,1,1,2,1,1,748847.181,4422454.223,6.783,Sec,15042,0,0,1,7,1
12873,4,2008120002554,2,12,9,3,2,4,1,CV-165,2.5,2,5,1,1,5,2,3,3,1,2,1,1,1,1,1,7,7,8,3,1,4,9,14,1,1,1,NaN,2,NaN,NaN,,NaN,,NaN,,68,NaN,60,NaN,1,4,1,1,1,1,1,1,2,1,1,1,1,1,1,1,1,1,1,2,1,1,740649.273,4453468.134,466.666,Cob,1372,0,0,0,10,2
12874,4,2008120002557,2,12,12,1,5,1,1,CV-18,0.2,0,2,1,1,5,3,1,3,4,2,2,2,2,2,2,5,2,4,1,4,1,9,14,1,1,1,NaN,2,NaN,NaN,,NaN,,NaN,,NaN,63,60,NaN,1,4,2,1,2,1,1,2,2,1,1,1,1,1,1,1,1,1,1,2,1,1,744438.783,4417248.617,0.147,Pri,26935,0,0,0,1,6
12875,4,2008120002558,2,12,15,6,1,4,1,CV-10,11,11,0,1,1,5,3,2,3,4,2,2,2,2,2,2,7,7,8,1,4,1,9,14,1,1,1,NaN,2,NaN,NaN,,NaN,,12,9,NaN,NaN,NaN,NaN,1,4,2,1,1,2,1,1,1,1,1,1,1,1,1,1,1,1,1,2,1,1,769890.503,4482404.376,297.186,Sec,39142,0,1,0,18,2
12876,4,2008120002562,2,12,11,5,4,1,1,CV-18,10,10,0,1,1,5,3,2,3,4,2,2,2,1,2,2,7,7,8,1,1,1,9,14,1,1,1,NaN,2,NaN,NaN,,NaN,,NaN,,NaN,61,60,NaN,1,4,1,1,1,1,1,1,1,1,1,1,1,1,1,1,1,2,1,2,1,1,750667.199,4422885.478,5.923,Cob,10112,0,0,0,15,1
12877,4,2008120002568,2,12,13,6,6,2,1,CV-10,31,31,0,0,1,5,2,2,3,3,2,2,2,2,2,2,7,7,8,3,4,1,9,14,3,1,1,NaN,1,NaN,NaN,,21,24,NaN,,NaN,NaN,NaN,NaN,1,4,1,1,1,1,1,1,1,1,1,1,1,1,1,2,1,1,1,2,1,1,752969.759,4439452.33,201.466,Cob,14165,0,0,0,21,1