Id,Ano,Numero_Accidente,Provincia,Mes,Dia,Hora,Dia_Semana,Tipo_Dia,Vehiculos_Implicados,Carretera,Pk,Km,Hm,Sentido,Zona,Tipo_Via,Anchura_Calzada,Anchura_Carril,Marcas_Viales,Arcen,Arcen_Pavimentado,Mediana,Barrera_Seguridad,Paneles_Direccionales,Hitos_Arista,Captafaros,Interseccion_Tipo,Interseccion_Acondicionamiento,Prioridad_Regulada_por,Superficie,Luminosidad,Factores_Atmosfericos,Visibilidad_Restringida_por,Otras_Circunstancias,Senalizacion_Peligro,Aceras,Arboles,Arboles_Metros_Calzada,Visibilidad_Senalizacion_Vertical,Colision_Vehiculos_Marcha,Colision_Vehiculo_Obstaculo_1,Colision_Vehiculo_Obstaculo_2,Atropello_1,Atropello_2,Vuelco_1,Vuelco_2,Salida_Sin_Colision,Salida_Con_Colision,Lado_Salida,Otro,Circulacion,Circulacion_Medidas_Especiales,Distraccion,Inexperiencia_Conductor,Alcohol_Drogas,Cansancio_Sueno,Enfermedad,Velocidad_Inadecuada,Infraccion_Norma_Circulacion,Estado_Condicion_Via,Estado_Condicion_Senalizacion,Tramo_Obras,Mal_Estado_Vehiculo,Averia_Mecanica,Meteorologia_Adversa,Irrupcion_Animal,Circular_Sentido_Contrario,Otro_Factor,Sin_Opinion_Definida,Pendiente,Curvatura,Peralte,GPS_x,GPS_y,GPS_z,Tipo_Est,IMD,N_Muertos,N_Graves,N_Leves,Hora_Real,Fuera_o_Interseccion
12879,4,2008120002570,2,12,14,3,7,3,2,CV-185,2.2,2,2,0,1,5,2,2,3,3,2,1,1,1,1,1,7,7,8,1,1,1,9,14,3,1,1,NaN,1,4,NaN,,NaN,,NaN,,NaN,NaN,NaN,NaN,1,4,1,1,1,1,1,1,2,1,1,1,1,1,1,1,1,1,1,2,1,1,748883.145,4422361.872,5.988,Sec,15042,0,0,0,10,1
12880,4,2008120002583,2,12,16,1,2,1,1,CV-190,19.1,19,1,0,1,5,2,2,3,3,2,1,1,2,1,1,7,7,8,1,5,1,2,14,1,1,1,NaN,2,NaN,NaN,,NaN,,NaN,,NaN,63,60,NaN,1,4,2,1,1,1,1,1,1,1,1,1,1,1,1,1,1,1,1,2,1,1,730577.628,4446694.987,717.323,Cob,715,0,0,0,1,5
12881,4,2008120002593,2,12,23,1,2,1,1,CV-10,60,60,0,1,1,5,3,2,3,3,2,1,1,1,2,1,7,7,8,1,4,3,9,14,3,1,1,NaN,1,NaN,NaN,,21,24,NaN,,NaN,NaN,NaN,NaN,1,4,1,1,1,1,1,1,1,1,1,1,1,1,1,2,1,1,1,2,1,1,752866.951,4439330.814,196.304,Cob,4050,0,0,0,0,1
12883,4,2008120002595,2,12,23,4,2,1,2,CV-18,13.8,13,8,1,1,5,3,2,3,4,2,2,2,2,1,1,7,7,8,1,1,1,9,14,3,1,1,NaN,1,3,NaN,,NaN,,NaN,,NaN,NaN,NaN,NaN,1,4,1,1,1,1,1,1,1,1,1,1,1,1,1,1,1,2,1,2,1,1,751707.055,4426278.216,12.571,Cob,11773,0,0,0,12,1
12885,4,2008120002598,2,12,18,6,4,1,2,CV-151,0.1,0,1,0,1,5,3,2,3,3,2,1,2,1,2,2,5,1,4,1,2,1,9,14,1,1,1,NaN,2,2,NaN,,NaN,,NaN,,NaN,NaN,NaN,NaN,1,4,1,1,1,1,1,1,2,1,1,1,1,1,1,1,1,1,1,2,2,1,750320.557,4431917.716,51.386,Pri,26842,0,0,0,17,6
12886,4,2008120002602,2,12,25,1,4,3,1,CV-11,9.4,9,4,0,1,5,3,2,3,3,2,1,1,1,1,2,7,7,8,1,5,1,9,14,3,1,1,NaN,2,NaN,NaN,,NaN,,NaN,,NaN,61,60,NaN,1,4,2,1,1,1,1,1,1,1,1,1,1,1,1,1,1,1,1,2,1,1,783340.236,4499018.825,219.051,Cob,2330,0,0,1,4,1
12888,4,2008120002604,2,12,16,4,2,1,2,CV-222,3.5,3,5,0,1,5,3,2,3,4,2,1,2,2,2,2,1,1,8,1,1,1,9,14,1,1,1,NaN,2,4,NaN,,NaN,,NaN,,NaN,NaN,NaN,NaN,1,4,2,1,1,1,1,1,2,1,1,1,1,1,1,1,1,1,1,2,1,1,742905.019,4422389.169,46.329,Cob,7191,0,0,0,12,6
12889,4,2008120002609,2,12,27,6,6,2,1,CV-10,63,63,0,1,1,5,2,2,3,4,2,1,1,1,2,2,7,7,7,1,1,1,9,14,3,1,1,NaN,1,NaN,NaN,,NaN,,NaN,,NaN,63,60,NaN,1,4,2,1,1,1,1,1,1,1,1,1,1,1,1,1,1,1,1,2,1,1,750954.694,4437061.614,156.65,Cob,4550,0,0,1,17,1
12890,4,2008120002612,2,12,27,3,6,2,1,CV-135,20.8,20,8,0,1,5,2,2,3,1,2,1,2,1,1,1,7,7,8,1,4,1,9,14,3,1,1,NaN,1,NaN,NaN,,NaN,,NaN,,NaN,64,60,NaN,1,4,2,1,1,1,1,1,1,1,1,1,1,1,1,1,1,1,1,2,1,1,788984.48,4481500.997,12.399,Pri,3531,0,0,0,9,1
12891,4,2008120002613,2,12,27,6,6,2,1,CV-10,78.2,78,2,0,1,5,3,2,3,3,2,1,1,1,2,1,7,7,8,3,4,5,9,14,2,1,1,NaN,1,NaN,NaN,,21,24,NaN,,NaN,NaN,NaN,NaN,1,4,1,1,1,1,1,1,1,1,1,1,1,1,1,2,1,1,1,2,1,1,769817.2,4480952.262,310.858,Pri,3096,0,0,0,21,1
12893,4,2008120002619,2,12,24,5,3,2,2,CV-16,3.4,3,4,0,1,5,3,2,3,4,2,2,2,1,2,1,5,2,5,1,1,1,9,14,1,1,1,NaN,2,3,NaN,,NaN,,NaN,,NaN,NaN,NaN,NaN,1,4,1,1,1,1,1,1,2,1,1,1,1,1,1,1,1,1,1,2,1,1,746256.294,4432812.816,100.109,Sec,0,0,0,0,15,6
12894,4,2008120002620,2,12,26,1,5,4,1,CV-10,4,4,0,0,1,5,3,2,3,4,2,2,2,1,2,1,7,7,8,1,5,1,9,14,3,1,1,NaN,1,NaN,NaN,,NaN,,NaN,,NaN,64,60,NaN,1,4,1,1,1,1,1,1,1,1,1,1,1,1,1,1,1,2,1,2,1,1,740066.55,4418741.684,63.186,Cob,31157,0,0,0,23,1
12895,4,2008120002621,2,12,27,6,6,2,1,CV-10,5.5,5,5,1,1,5,3,2,3,4,2,2,2,1,2,1,7,7,8,1,4,1,9,14,2,1,1,NaN,1,NaN,NaN,,21,24,NaN,,NaN,NaN,NaN,NaN,1,4,1,1,1,1,1,1,1,1,1,1,1,1,1,2,1,1,1,2,1,1,772393.544,4485818.924,303.954,Sec,37086,0,0,0,21,1
12896,4,2008120002622,2,12,29,3,1,1,1,CV-10,50.3,50,3,1,1,5,3,2,3,3,2,1,1,1,2,1,7,7,8,3,1,4,9,14,3,1,1,NaN,1,NaN,NaN,,NaN,,NaN,,56,NaN,50,NaN,1,4,1,1,1,1,1,2,1,1,1,1,1,1,1,1,1,1,1,2,1,1,758091.277,4447075.483,245.765,Cob,4050,0,0,1,9,1
12897,4,2008120002624,2,12,28,4,7,3,1,CV-160,0.1,0,1,0,1,5,3,2,3,2,2,1,1,1,1,1,5,2,8,3,1,4,9,14,1,1,1,NaN,2,NaN,NaN,,NaN,,NaN,,NaN,64,60,NaN,1,4,1,1,1,1,1,2,1,1,1,1,1,1,2,1,1,1,1,2,1,1,743157.248,4436656.413,116.939,Sec,7106,0,0,0,13,6
12899,4,2008120002629,2,12,29,4,1,4,2,CV-205,0.5,0,5,1,1,5,3,3,4,1,2,1,2,2,2,2,7,7,8,3,1,1,2,14,1,1,1,NaN,2,2,NaN,,NaN,,NaN,,NaN,NaN,NaN,NaN,1,4,2,1,1,1,1,2,1,1,1,1,1,1,1,1,1,1,1,2,2,2,720551.351,4433154.996,478.932,Cob,489,0,0,0,12,5
12904,4,2008120002636,2,12,30,6,2,1,2,CV-151,2.1,2,1,1,1,5,3,2,3,3,2,2,2,1,2,1,5,2,4,1,1,1,9,14,1,1,1,NaN,2,2,NaN,,NaN,,NaN,,NaN,NaN,NaN,NaN,1,4,1,1,1,1,1,1,2,1,1,1,1,1,1,1,1,1,1,2,1,1,749613.694,4432282.346,76.867,NaN,0,0,0,0,19,6
12905,4,2008460000029,3,1,2,6,3,1,1,CV-50,72.5,72,5,1,1,5,3,2,3,2,2,2,2,2,2,2,7,7,8,3,5,1,9,8,1,1,1,NaN,2,NaN,NaN,,NaN,,NaN,,NaN,63,60,NaN,1,4,2,1,2,1,1,1,1,1,1,1,1,1,1,1,1,1,1,2,1,1,721834.245,4336105.574,-0.547,Sec,6123,0,1,0,19,4
12909,4,2008460000041,3,1,2,6,3,3,4,CV-35,3.5,3,5,1,1,2,3,2,3,4,2,2,2,1,2,2,7,7,8,3,3,9,4,14,2,1,3,NaN,2,5,NaN,,NaN,,NaN,,NaN,NaN,NaN,NaN,3,4,1,1,1,1,1,2,1,1,1,1,1,1,2,1,1,2,1,2,2,1,654507.777,4422863.684,906.357,Per,127608,0,0,0,18,1
12910,4,2008460000042,3,1,2,5,3,4,1,CV-365,0.1,0,1,0,1,5,3,2,3,3,2,2,2,1,2,2,7,7,8,3,1,4,9,14,3,1,3,NaN,2,NaN,NaN,,NaN,,NaN,,NaN,64,60,NaN,1,4,1,1,1,1,1,2,1,1,1,1,1,1,2,1,1,1,1,2,1,1,721567.618,4376547.92,34.747,Cob,39072,0,0,0,15,2
12911,4,2008460000045,3,1,2,2,3,4,1,CV-500,25.6,25,6,0,1,5,3,2,3,3,2,1,2,1,2,2,7,7,8,1,4,1,9,14,3,1,1,NaN,2,NaN,NaN,,NaN,,NaN,,NaN,54,50,NaN,1,4,2,1,1,1,1,1,1,1,1,1,1,1,1,1,1,1,1,2,1,1,733379.784,4346038.753,-10.273,Cob,7846,0,0,1,6,1
12913,4,2008460000047,3,1,1,3,2,3,2,CV-500,17.3,17,3,0,1,5,2,2,3,3,2,1,1,1,2,2,7,7,8,1,1,1,9,14,3,1,3,NaN,2,4,NaN,,NaN,,NaN,,NaN,NaN,NaN,NaN,1,4,1,1,1,1,1,1,2,1,1,1,1,1,1,1,1,1,1,2,1,1,734192.286,4352848.975,-15.84,Sec,11773,0,0,0,8,1
12915,4,2008460000108,3,1,7,3,1,1,2,CV-81,0,0,0,0,1,5,3,2,3,3,2,1,1,1,1,1,5,1,4,1,1,1,9,14,1,1,1,NaN,2,3,NaN,,NaN,,NaN,,NaN,NaN,NaN,NaN,1,4,2,1,1,1,1,1,1,1,1,1,1,1,1,1,1,1,1,2,1,1,712115.176,4301150.611,318.053,Cob,19535,0,0,1,8,6
12916,4,2008460000112,3,1,4,6,5,1,1,CV-36,3.4,3,4,1,1,2,3,2,3,4,2,2,2,2,2,2,1,6,8,1,5,1,9,14,1,1,1,NaN,2,NaN,NaN,,NaN,,NaN,,NaN,64,60,NaN,1,4,1,1,2,1,1,1,1,1,1,1,1,1,1,1,1,1,1,2,1,1,719748.391,4369085.786,18.244,Pri,71972,0,0,0,18,6
12917,4,2008460000115,3,1,8,1,2,1,1,CV-41,1.8,1,8,0,1,5,2,2,2,1,2,1,2,1,1,1,7,7,5,1,5,1,9,8,1,1,1,NaN,2,NaN,NaN,,NaN,,NaN,,NaN,52,50,NaN,1,4,1,1,1,1,1,1,1,1,1,2,1,2,1,1,1,1,1,2,1,1,720895.063,4334876.47,2.859,Cob,16071,0,0,0,4,2
12919,4,2008460000149,3,1,4,5,5,1,2,CV-403,1.5,1,5,0,1,5,3,2,3,3,2,1,1,1,1,1,5,1,5,1,1,1,9,14,3,1,3,NaN,2,3,NaN,,NaN,,NaN,,NaN,NaN,NaN,NaN,1,4,1,1,1,1,1,1,1,1,1,1,1,1,1,1,1,1,2,2,1,1,719797.152,4371662.429,21.447,Cob,17665,0,0,0,16,6
12920,4,2008460000202,3,1,7,3,1,4,1,CV-42,8.1,8,1,0,1,5,2,2,3,3,2,1,2,2,2,2,7,7,8,1,1,1,9,14,3,1,1,NaN,1,NaN,NaN,,NaN,,NaN,,NaN,54,50,NaN,1,4,1,1,1,1,1,1,1,1,1,1,1,1,1,1,1,1,2,2,1,1,722516.075,4344133.806,-6.522,Cob,8736,0,0,0,10,1
12922,4,2008460000235,3,1,10,4,4,1,2,CV-35,3.5,3,5,1,1,2,3,2,3,4,2,2,2,1,2,2,7,7,8,1,1,1,9,14,2,1,1,NaN,2,NaN,30,29,NaN,,NaN,,NaN,NaN,NaN,NaN,1,4,1,1,1,1,1,1,1,1,1,1,1,1,1,1,1,1,2,2,2,1,654507.777,4422863.684,906.357,Per,127608,0,0,1,13,2
12931,4,2008460000338,3,1,9,6,3,1,3,CV-36,0.7,0,7,0,1,2,3,2,3,4,2,2,2,1,1,1,7,7,8,1,2,1,9,14,2,1,3,NaN,2,5,NaN,,NaN,,NaN,,NaN,NaN,NaN,NaN,3,4,2,1,1,1,1,1,1,1,1,1,1,1,1,1,1,1,1,2,1,2,717441.906,4369582.815,43.394,Pri,71972,0,0,0,18,1
12934,4,2008460000342,3,1,9,4,3,1,3,CV-35,11,11,0,1,1,2,3,2,3,4,2,2,2,1,1,1,7,7,8,1,1,1,9,8,1,1,3,NaN,2,5,NaN,,NaN,,NaN,,NaN,NaN,NaN,NaN,2,4,2,1,1,1,1,1,1,1,1,1,1,1,1,1,1,1,1,2,1,1,660247.686,4420870.323,907.356,Per,97287,0,0,4,14,1
12939,4,2008460000343,3,1,10,3,4,1,5,CV-35,3.9,3,9,0,1,2,3,2,3,4,2,2,2,2,2,2,7,7,8,1,5,1,9,14,2,1,1,NaN,1,4,NaN,,NaN,,NaN,,NaN,NaN,NaN,NaN,1,4,1,1,1,1,1,1,1,1,1,1,1,1,1,1,1,1,2,2,1,1,720842.306,4377484.452,51.474,Per,127608,0,0,1,7,1
12940,4,2008460000346,3,1,9,5,3,1,1,CV-35,5.7,5,7,0,1,2,3,2,3,4,2,1,1,1,1,1,7,7,8,1,1,1,9,14,3,1,1,NaN,1,NaN,NaN,,NaN,,NaN,,NaN,52,50,NaN,1,4,1,1,1,1,1,1,1,1,1,1,1,1,1,1,1,2,1,2,1,1,719795.668,4378929.365,66.533,Per,100952,0,0,1,15,1
12943,4,2008460000393,3,1,17,2,4,1,3,CV-32,5.3,5,3,0,1,5,3,2,3,3,2,1,1,1,2,1,7,7,8,1,5,1,9,14,3,1,3,NaN,1,1,NaN,,NaN,,NaN,,NaN,NaN,NaN,NaN,1,4,2,1,1,2,1,1,1,1,1,1,1,1,1,1,1,1,1,2,1,1,727838.171,4383584.89,-1.178,Cob,20746,2,0,1,6,1
12945,4,2008460000453,3,1,15,6,2,1,2,CV-400,1.2,1,2,1,1,5,3,2,2,3,2,2,2,1,2,2,5,1,8,1,1,1,9,14,1,1,1,NaN,2,3,NaN,,NaN,,NaN,,NaN,NaN,NaN,NaN,1,4,2,1,1,1,1,1,2,1,1,1,1,1,1,1,1,1,1,2,1,1,722655.812,4364936.987,-6.982,Sec,50900,0,0,0,17,6
12949,4,2008460000455,3,1,15,3,2,1,4,CV-35,11,11,0,0,1,2,3,2,3,3,2,2,2,1,1,2,7,7,7,1,4,1,9,8,1,1,1,NaN,1,5,NaN,,NaN,,NaN,,NaN,NaN,NaN,NaN,3,4,1,1,1,1,1,1,1,1,1,1,1,1,1,1,1,2,1,2,1,1,715598.038,4381852.54,86.348,Per,97287,0,0,0,7,1
12950,4,2008460000456,3,1,16,4,3,1,1,CV-35,10.3,10,3,1,1,2,1,2,3,3,2,2,2,2,1,2,3,1,7,1,1,8,9,8,3,1,1,NaN,1,NaN,NaN,,NaN,,NaN,,NaN,NaN,NaN,71,1,4,1,1,1,1,1,1,1,1,1,1,1,1,1,1,1,1,2,2,1,1,659629.328,4421143.105,916.167,Per,97287,0,0,0,11,6
12954,4,2008460000459,3,1,16,6,3,1,2,CV-410,4,4,0,0,1,5,3,2,3,4,2,1,1,1,1,1,5,1,8,1,3,1,9,14,3,1,1,NaN,2,3,NaN,,NaN,,NaN,,NaN,NaN,NaN,NaN,1,4,2,1,1,1,1,1,1,1,1,1,1,1,1,1,1,1,1,2,2,1,717332.473,4372266.354,36.033,Pri,30175,0,0,1,21,6
12956,4,2008460000460,3,1,16,4,3,1,2,CV-35,12.5,12,5,1,1,5,2,2,3,3,2,2,2,1,1,2,7,7,7,1,1,8,9,8,1,1,1,NaN,2,4,NaN,,NaN,,NaN,,NaN,NaN,NaN,NaN,1,4,1,1,1,1,1,1,1,1,1,2,1,1,1,1,1,1,1,2,1,1,661600.094,4420410.72,886.686,Per,97287,0,0,1,11,1
12957,4,2008460000499,3,1,18,1,5,1,1,CV-365,0.1,0,1,0,1,5,3,2,3,4,2,2,2,2,2,2,7,7,8,1,3,1,9,14,1,1,1,NaN,1,NaN,NaN,,NaN,,NaN,,NaN,52,50,NaN,1,4,2,1,1,1,1,1,1,1,1,1,1,1,1,1,1,1,1,2,1,1,721567.618,4376547.92,34.747,Cob,39072,0,0,0,1,5
12958,4,2008460000503,3,1,19,3,6,2,1,CV-81,11.8,11,8,1,1,5,3,2,3,4,2,1,1,1,2,1,7,7,5,1,1,1,9,14,1,1,1,NaN,2,NaN,NaN,,21,24,NaN,,NaN,NaN,NaN,NaN,1,4,1,1,1,1,1,1,1,1,1,1,1,1,1,2,1,1,1,2,2,1,684231.539,4278540.359,479.12,Cob,5778,0,0,0,9,1
12964,4,2008460000512,3,1,18,1,5,1,2,CV-410,1,1,0,1,1,5,3,2,3,3,2,1,1,2,1,1,5,1,8,1,3,1,9,14,3,1,1,NaN,1,4,NaN,,NaN,,NaN,,NaN,NaN,NaN,NaN,1,4,2,1,2,1,1,1,1,1,1,1,1,1,1,1,1,1,1,2,1,1,716959.604,4372588.823,38.65,Cob,15129,0,0,0,23,6
12966,4,2008460000513,3,1,18,1,5,1,1,CV-36,6,6,0,1,1,2,3,2,3,3,2,2,2,1,2,2,7,7,5,1,4,1,9,8,2,1,3,NaN,1,NaN,30,32,NaN,,NaN,,NaN,NaN,NaN,NaN,1,4,1,1,1,1,1,1,1,1,1,1,1,1,1,1,1,1,2,2,1,1,721983.89,4369453.095,4.9,Cob,38015,0,0,1,23,1
12967,4,2008460000516,3,1,20,1,7,3,1,CV-32,0.8,0,8,0,1,5,3,2,3,3,2,1,1,1,1,1,5,1,4,2,3,1,9,14,2,1,3,NaN,2,NaN,NaN,,NaN,,NaN,,58,NaN,50,NaN,1,4,1,1,2,1,1,2,1,1,1,1,1,1,1,1,1,1,1,2,1,1,731810.089,4381716.847,-19.172,Per,23936,0,0,2,2,6
12968,4,2008460000518,3,1,20,6,7,3,1,CV-500,8.6,8,6,1,1,5,3,2,3,3,2,1,1,1,2,2,7,7,5,1,1,1,9,9,2,1,1,NaN,2,NaN,NaN,,NaN,,NaN,,66,NaN,60,NaN,1,4,1,1,1,1,1,1,1,2,1,1,1,1,1,1,1,1,1,2,1,1,735538.207,4349661.372,-16.868,Cob,18575,0,1,0,17,1
12970,4,2008460000553,3,1,21,6,1,1,2,CV-686,2.2,2,2,0,1,5,3,2,3,3,2,1,2,1,2,2,7,7,8,1,2,1,9,14,3,1,3,NaN,2,4,NaN,,NaN,,NaN,,NaN,NaN,NaN,NaN,1,4,1,1,1,1,1,1,2,1,1,1,1,1,1,1,1,1,1,2,1,1,742952.813,4314813.091,20.542,Cob,18552,0,0,2,18,1
12972,4,2008460000620,3,1,24,6,4,1,2,CV-81,21,21,0,1,1,5,2,2,3,3,2,1,2,2,2,2,1,6,8,1,1,1,9,13,1,1,3,NaN,2,2,NaN,,NaN,,NaN,,NaN,NaN,NaN,NaN,1,4,1,1,1,1,1,1,2,1,1,1,1,1,1,1,1,1,1,2,1,1,689963.319,4282868.478,530.885,Pri,5084,0,0,1,18,6
12974,4,2008460000622,3,1,24,4,4,1,2,CV-515,1,1,0,1,1,5,3,2,3,3,2,1,1,1,1,1,6,6,3,1,1,1,9,14,1,1,1,NaN,2,2,NaN,,NaN,,NaN,,NaN,NaN,NaN,NaN,1,4,1,1,1,1,1,1,2,1,1,1,1,1,1,1,1,1,1,2,1,1,731034.25,4343425.335,-2.705,Cob,4232,0,0,3,12,6
12975,4,2008460000624,3,1,23,4,3,1,1,CV-50,8,8,0,0,1,5,3,2,3,3,2,1,1,1,1,2,7,7,8,1,1,1,9,14,3,1,1,NaN,1,NaN,NaN,,NaN,,NaN,,66,NaN,60,NaN,1,4,2,1,2,1,1,1,1,1,1,1,1,1,1,1,1,1,1,2,1,1,731635.997,4328578.884,51.785,Cob,10467,0,0,0,12,1
12977,4,2008460000641,3,1,26,2,6,2,2,CV-35,19.5,19,5,0,1,2,2,2,3,1,2,2,2,2,1,1,7,7,8,1,5,1,9,8,1,1,3,NaN,2,1,NaN,,NaN,,NaN,,NaN,NaN,NaN,NaN,1,4,1,1,2,1,1,1,1,1,1,1,1,1,1,1,2,1,1,2,1,1,710062.541,4387872.003,122.941,Per,51759,0,0,0,6,1
12978,4,2008460000643,3,1,26,2,6,2,1,CV-81,9,9,0,1,1,5,3,2,3,1,2,1,2,2,2,2,7,7,8,1,5,1,9,14,3,1,3,NaN,2,NaN,NaN,,NaN,,NaN,,NaN,52,50,NaN,1,4,2,1,1,1,1,1,1,1,1,1,1,1,1,1,1,1,1,2,1,1,681483.614,4278485.292,462.382,Cob,5778,0,0,0,5,1
12979,4,2008460000649,3,1,27,1,7,3,1,CV-81,5.5,5,5,1,1,5,3,2,3,4,2,2,2,1,2,1,7,7,8,1,3,1,9,14,3,1,1,NaN,1,NaN,NaN,,NaN,,NaN,,NaN,NaN,NaN,71,1,4,2,1,2,1,1,1,1,1,1,1,1,1,1,1,1,1,1,2,1,1,678096.163,4278209.412,476.426,Sec,14585,0,0,1,2,1
12982,4,2008460000650,3,1,27,4,7,3,1,CV-500,22.8,22,8,0,1,5,2,2,3,4,2,1,2,1,2,1,7,7,8,1,1,1,9,14,3,1,1,NaN,1,NaN,NaN,,NaN,,NaN,,NaN,64,60,NaN,1,4,2,1,2,1,1,1,1,1,1,1,1,1,1,1,1,1,1,2,1,1,735152.713,4348129.869,-12.269,Cob,7846,0,0,0,14,1
12984,4,2008460000654,3,1,18,4,5,1,2,CV-50,74,74,0,0,1,5,3,2,3,1,2,1,1,1,1,1,2,1,3,1,1,1,9,14,1,1,3,NaN,2,2,NaN,,NaN,,NaN,,NaN,NaN,NaN,NaN,1,4,2,1,1,1,1,1,2,1,1,1,1,1,1,1,1,1,1,2,1,2,698572.638,4373034.983,198.136,Cob,4246,0,0,2,12,6
12987,4,2008460000666,3,1,23,3,3,1,3,CV-36,1,1,0,1,1,2,3,2,3,4,2,2,2,1,1,1,7,7,8,1,1,1,9,8,1,1,3,NaN,2,4,NaN,,NaN,,NaN,,NaN,NaN,NaN,NaN,2,4,2,1,1,1,1,1,2,1,1,1,1,1,1,1,1,1,1,2,1,2,711934.082,4368698.871,72.601,Pri,71972,0,0,2,9,1
12989,4,2008460000700,3,1,28,5,1,4,2,CV-645,1,1,0,1,1,5,3,2,3,4,2,1,1,1,1,1,1,1,5,1,1,1,5,14,3,1,1,NaN,1,4,NaN,,NaN,,NaN,,NaN,NaN,NaN,NaN,2,4,2,1,1,1,1,1,1,1,1,1,1,1,1,1,1,2,1,2,1,1,714014.824,4319141.732,77.064,Cob,13224,0,0,1,16,7
12991,4,2008460000718,3,1,28,3,1,4,2,CV-515,4,4,0,0,1,5,2,3,3,3,2,1,1,1,1,1,7,7,8,1,1,1,9,14,3,1,3,NaN,1,3,NaN,,NaN,,NaN,,NaN,NaN,NaN,NaN,1,4,1,1,1,1,1,1,2,1,1,1,1,1,1,1,1,1,1,2,1,1,726078.808,4342853.869,-1.043,Cob,4232,0,0,1,8,2
12997,4,2008460000725,3,1,29,3,2,1,3,CV-35,16,16,0,0,1,2,3,2,3,4,1,2,1,1,1,1,7,7,8,1,1,1,9,8,1,1,1,NaN,1,5,NaN,,NaN,,NaN,,NaN,NaN,NaN,NaN,1,4,2,1,1,1,1,1,1,1,1,1,1,1,1,1,1,1,1,2,1,1,711685.092,4384877.705,80.474,Per,51759,0,0,0,8,1
12998,4,2008460000748,3,1,23,4,3,1,1,CV-35,10,10,0,1,1,2,3,2,3,3,2,1,2,2,2,2,5,1,4,9,1,1,9,14,1,1,3,NaN,2,NaN,NaN,,NaN,,12,9,NaN,NaN,NaN,NaN,1,4,1,1,1,1,1,1,1,1,1,1,1,1,1,1,1,1,2,2,1,1,659370,4421291.33,927.739,Per,62359,0,0,1,12,6
13000,4,2008460000757,3,1,24,4,4,1,2,CV-400,1.2,1,2,0,1,5,2,2,3,1,2,1,1,1,1,1,5,6,8,1,1,1,9,14,1,1,1,NaN,2,NaN,NaN,,NaN,,NaN,,56,NaN,50,NaN,1,4,1,1,1,1,1,1,2,1,1,1,1,1,1,1,1,1,1,2,1,1,723966.411,4368475.226,-1.812,Sec,50900,0,0,1,14,6
13001,4,2008460000765,3,1,26,4,6,2,1,CV-400,1.2,1,2,0,1,5,3,2,3,3,2,1,2,2,2,2,5,1,4,1,1,1,9,14,1,1,1,NaN,1,NaN,NaN,,NaN,,12,9,NaN,NaN,NaN,NaN,1,4,1,1,1,1,1,1,1,2,1,1,1,1,1,1,1,1,1,2,1,1,723966.411,4368475.226,-1.812,Sec,50900,0,0,2,13,6
13004,4,2008460000771,3,1,25,3,5,1,3,CV-35,13.5,13,5,1,1,2,2,2,3,3,2,2,2,2,2,2,7,7,8,1,1,1,9,14,3,1,1,NaN,1,4,NaN,,NaN,,NaN,,NaN,NaN,NaN,NaN,2,4,2,1,1,1,1,1,2,1,1,1,1,1,1,1,1,1,1,2,2,1,662071.639,4419710.831,881.245,Per,78771,0,0,2,10,1
13005,4,2008460000777,3,1,26,3,6,2,1,CV-500,8.5,8,5,0,1,5,2,2,2,3,2,1,1,1,1,1,5,1,4,1,3,1,9,14,3,1,1,NaN,2,NaN,NaN,,NaN,,NaN,,68,NaN,60,NaN,1,4,1,1,2,1,1,1,1,1,1,1,1,1,1,1,1,1,1,2,1,1,729970.889,4362075.502,-19.116,Cob,18575,0,0,0,8,6
13008,4,2008460000781,3,1,25,6,5,1,3,CV-30,0.5,0,5,1,1,2,2,2,3,2,2,2,2,2,2,2,7,7,8,1,3,1,9,14,2,1,1,NaN,1,4,NaN,,NaN,,NaN,,NaN,NaN,NaN,NaN,1,4,2,1,1,1,1,1,1,1,1,1,1,1,1,1,1,1,1,2,1,2,721913.716,4375198.329,9.338,Pri,72128,0,0,1,19,2
13010,4,2008460000785,3,1,28,3,1,4,2,CV-32,0.3,0,3,0,1,5,2,2,3,3,2,1,1,2,2,1,5,1,8,1,1,1,9,14,3,1,1,NaN,2,2,NaN,,NaN,,NaN,,NaN,NaN,NaN,NaN,1,4,1,1,1,1,1,1,2,1,1,1,1,1,1,1,1,1,1,2,1,1,732291.886,4381692.359,-13.687,Per,23936,0,0,0,8,6
13012,4,2008460000797,3,1,28,3,1,4,1,CV-33,3.5,3,5,1,1,5,3,2,3,4,2,2,2,1,2,2,4,1,5,1,1,1,9,14,3,1,3,NaN,2,NaN,NaN,,NaN,,NaN,,NaN,64,60,NaN,1,4,2,1,2,1,1,1,1,1,1,1,1,1,1,1,1,1,1,2,1,1,717523.094,4370187.218,28.958,Cob,30062,0,0,0,10,6
13013,4,2008460000801,3,1,26,4,6,2,1,CV-35,55.5,55,5,1,1,2,2,2,3,1,2,1,1,1,1,1,7,7,8,1,1,1,9,14,3,1,3,NaN,1,NaN,NaN,,21,24,NaN,,NaN,NaN,NaN,NaN,1,4,1,1,1,1,1,1,1,1,1,1,1,1,1,1,1,1,2,2,1,1,684791.052,4396737.209,361.782,Sec,2381,0,1,0,12,3