Id,Ano,Numero_Accidente,Provincia,Mes,Dia,Hora,Dia_Semana,Tipo_Dia,Vehiculos_Implicados,Carretera,Pk,Km,Hm,Sentido,Zona,Tipo_Via,Anchura_Calzada,Anchura_Carril,Marcas_Viales,Arcen,Arcen_Pavimentado,Mediana,Barrera_Seguridad,Paneles_Direccionales,Hitos_Arista,Captafaros,Interseccion_Tipo,Interseccion_Acondicionamiento,Prioridad_Regulada_por,Superficie,Luminosidad,Factores_Atmosfericos,Visibilidad_Restringida_por,Otras_Circunstancias,Senalizacion_Peligro,Aceras,Arboles,Arboles_Metros_Calzada,Visibilidad_Senalizacion_Vertical,Colision_Vehiculos_Marcha,Colision_Vehiculo_Obstaculo_1,Colision_Vehiculo_Obstaculo_2,Atropello_1,Atropello_2,Vuelco_1,Vuelco_2,Salida_Sin_Colision,Salida_Con_Colision,Lado_Salida,Otro,Circulacion,Circulacion_Medidas_Especiales,Distraccion,Inexperiencia_Conductor,Alcohol_Drogas,Cansancio_Sueno,Enfermedad,Velocidad_Inadecuada,Infraccion_Norma_Circulacion,Estado_Condicion_Via,Estado_Condicion_Senalizacion,Tramo_Obras,Mal_Estado_Vehiculo,Averia_Mecanica,Meteorologia_Adversa,Irrupcion_Animal,Circular_Sentido_Contrario,Otro_Factor,Sin_Opinion_Definida,Pendiente,Curvatura,Peralte,GPS_x,GPS_y,GPS_z,Tipo_Est,IMD,N_Muertos,N_Graves,N_Leves,Hora_Real,Fuera_o_Interseccion
13014,4,2008460000809,3,1,29,6,2,1,1,CV-50,51.8,51,8,1,1,5,3,2,3,1,2,1,1,1,1,1,7,7,8,1,4,1,9,14,2,1,1,NaN,1,NaN,NaN,,NaN,,NaN,,66,NaN,60,NaN,1,4,1,2,1,1,1,2,1,1,1,1,1,1,1,1,1,1,1,2,1,1,709134.312,4350482.774,84.072,Cob,1481,0,0,1,19,2
13016,4,2008460000816,3,1,30,5,3,1,2,CV-35,7.5,7,5,0,1,2,3,2,3,3,2,2,2,1,1,1,7,7,8,1,1,1,9,14,3,1,1,NaN,2,3,NaN,,NaN,,NaN,,NaN,NaN,NaN,NaN,1,4,1,1,1,1,1,1,1,1,1,1,1,1,1,1,1,2,1,2,1,1,718640.495,4380249.255,83.048,Per,100952,0,0,0,15,1
13018,4,2008460000825,3,1,30,6,3,1,2,CV-32,0.5,0,5,0,1,5,3,2,3,3,2,2,2,1,1,1,7,7,8,1,3,1,9,14,3,1,1,NaN,2,4,NaN,,NaN,,NaN,,NaN,NaN,NaN,NaN,1,4,1,1,1,1,1,1,2,1,1,1,1,1,1,1,1,1,1,2,2,1,732099.951,4381729.04,-19.267,Per,23936,0,0,1,18,2
13021,4,2008460000835,3,1,30,3,3,1,3,CV-400,2,2,0,1,1,5,2,2,2,3,2,2,2,1,1,1,5,1,8,1,1,1,9,14,3,1,1,NaN,2,3,NaN,,NaN,,NaN,,NaN,NaN,NaN,NaN,1,4,1,1,1,1,1,1,1,1,1,1,1,1,1,1,1,1,2,2,1,1,723067.319,4365593.946,-4.043,Pri,33544,0,0,1,10,6
13022,4,2008460000845,3,1,31,1,4,1,1,CV-50,8,8,0,1,1,2,2,2,3,4,2,1,1,2,2,2,7,7,8,1,4,1,9,14,1,1,1,NaN,2,NaN,NaN,,NaN,,NaN,,67,NaN,60,NaN,1,4,1,1,1,1,1,1,1,1,1,1,1,1,1,1,1,2,1,2,1,1,703451.878,4382148.714,104.003,Cob,10467,0,0,0,1,4
13028,3,2008460000871,3,11,6,3,2,1,5,CV-31,4.2,4,2,1,1,5,1,3,1,3,2,1,1,1,1,1,2,1,2,1,1,1,9,14,2,1,1,NaN,1,2,NaN,,NaN,,NaN,,NaN,NaN,NaN,NaN,2,4,1,1,1,1,1,1,1,1,1,1,1,1,1,1,1,1,2,2,1,1,721473.218,4374993.384,14.077,Cob,32100,0,0,3,9,7
13030,4,2008460000905,3,2,2,4,6,2,2,CV-235,22.8,22,8,1,1,5,2,3,3,1,2,1,1,2,2,1,7,7,8,1,1,1,2,14,2,1,3,NaN,1,NaN,NaN,,NaN,,12,9,NaN,NaN,NaN,NaN,1,4,1,1,1,1,1,2,2,1,1,1,1,1,1,1,1,1,1,2,1,1,701578.401,4421203.95,660.099,Cob,155,0,0,1,12,3
13033,4,2008460000906,3,2,1,1,5,1,3,CV-35,16.3,16,3,1,1,2,3,2,3,3,2,2,2,1,1,1,7,7,8,1,5,1,9,8,1,1,3,NaN,2,4,NaN,,NaN,,NaN,,NaN,NaN,NaN,NaN,1,3,1,1,1,1,1,1,2,1,1,2,1,1,1,1,1,1,1,2,1,1,662700.055,4417114.899,870.817,Per,51759,0,1,3,23,1
13035,4,2008460000910,3,2,1,3,5,1,2,CV-550,1.5,1,5,1,1,5,2,2,3,3,2,1,1,1,1,1,7,7,8,1,1,1,9,14,2,1,3,NaN,2,4,NaN,,NaN,,NaN,,NaN,NaN,NaN,NaN,1,4,2,1,1,1,1,1,1,1,1,1,1,1,1,1,1,1,1,2,1,1,719655.16,4336394.685,-7.113,Sec,8381,0,0,0,7,1
13037,4,2008460000932,3,2,1,4,5,1,2,CV-500,18,18,0,1,1,5,2,3,3,3,2,1,2,1,1,1,7,7,5,1,1,1,9,14,2,1,1,NaN,2,4,NaN,,NaN,,NaN,,NaN,NaN,NaN,NaN,1,4,2,1,1,1,1,1,1,1,1,1,1,1,1,1,1,1,1,2,1,1,731457.167,4357671.174,-22.47,Sec,11773,0,0,0,11,1
13039,4,2008460000935,3,2,1,3,5,1,1,CV-35,26,26,0,0,1,2,2,2,3,2,2,2,2,2,1,1,7,7,8,1,3,1,9,14,3,1,1,NaN,2,NaN,NaN,,NaN,,NaN,,NaN,NaN,NaN,71,1,4,1,1,1,1,1,1,1,1,1,1,1,1,1,1,1,1,2,2,1,1,705670.953,4390496.553,145.153,Per,15481,0,0,1,7,1
13040,4,2008460000944,3,2,3,3,7,3,1,CV-40,6.5,6,5,0,1,2,3,2,3,4,2,2,2,2,2,2,7,7,5,1,2,1,9,14,1,1,1,NaN,2,NaN,NaN,,NaN,,NaN,,NaN,54,50,NaN,1,4,2,1,1,1,1,1,1,1,1,1,1,1,1,1,1,1,1,2,1,2,711520.746,4314581.032,147.771,Per,0,0,0,0,8,2
13042,4,2008460000966,3,2,1,5,5,1,2,CV-410,3.5,3,5,0,3,5,2,2,3,3,2,2,2,2,1,1,7,7,8,1,1,1,9,14,3,1,1,NaN,1,NaN,NaN,,21,24,NaN,,NaN,NaN,NaN,NaN,1,4,1,1,1,1,1,1,1,1,1,1,1,1,1,1,1,2,1,2,1,1,717227.257,4371800.411,33.531,Sec,25925,0,0,1,15,1
13044,4,2008460001004,3,2,4,3,1,1,2,CV-31,2,2,0,0,1,5,3,2,3,3,2,2,2,2,2,2,7,7,4,1,1,1,9,14,3,1,1,NaN,2,4,NaN,,NaN,,NaN,,NaN,NaN,NaN,NaN,1,4,1,1,1,1,1,1,1,1,1,1,1,1,1,1,1,1,2,2,1,1,720883.481,4376267.103,21.509,Cob,41907,0,0,0,8,1
13054,4,2008460001005,3,2,4,5,1,1,3,CV-35,16,16,0,1,1,2,3,2,3,3,2,2,2,2,2,2,7,7,8,1,1,1,9,8,3,1,1,NaN,1,4,NaN,,NaN,,NaN,,NaN,NaN,NaN,NaN,1,4,2,1,1,1,1,1,1,1,1,1,1,1,1,1,1,1,1,2,1,1,662706.406,4417512.916,878.39,Per,51759,0,0,6,15,1
13056,4,2008460001017,3,2,3,6,7,3,2,CV-32,3.4,3,4,1,1,5,3,2,3,2,2,2,2,2,2,2,5,1,4,1,3,1,9,14,1,1,1,NaN,2,3,NaN,,NaN,,NaN,,NaN,NaN,NaN,NaN,1,4,2,1,2,1,1,1,1,1,1,1,1,1,1,1,1,1,1,2,1,1,727336.23,4385175.279,12.859,Cob,20746,0,0,0,20,6
13058,4,2008460001022,3,2,4,6,1,1,2,CV-36,5,5,0,0,1,2,2,2,3,3,2,2,2,2,1,1,7,7,8,1,2,1,9,14,1,1,1,NaN,2,4,NaN,,NaN,,NaN,,NaN,NaN,NaN,NaN,1,4,2,1,1,1,1,1,1,1,1,1,1,1,1,1,1,1,1,2,1,1,713254.604,4369018.754,55.538,Cob,38015,0,0,0,18,2
13060,4,2008460001049,3,1,30,3,3,1,2,CV-50,43.5,43,5,0,1,5,2,2,4,2,2,1,1,1,2,2,1,1,8,1,1,1,9,14,3,1,1,NaN,1,4,NaN,,NaN,,NaN,,NaN,NaN,NaN,NaN,1,4,2,1,1,1,1,1,1,1,1,1,1,1,1,1,1,1,1,2,1,1,708851.908,4352387.658,85.749,Pri,2913,0,0,0,10,6
13063,4,2008460001059,3,2,4,4,1,1,3,CV-35,8,8,0,1,1,2,3,2,3,4,2,2,2,2,2,2,7,7,5,1,1,1,9,8,3,1,3,NaN,2,3,NaN,,NaN,,NaN,,NaN,NaN,NaN,NaN,1,4,2,1,1,1,1,1,1,1,1,1,1,1,1,1,1,1,1,2,1,1,657700.159,4422076.53,1004.365,Per,100952,0,0,0,14,1
13064,4,2008460001080,3,2,7,4,4,1,1,CV-40,10.6,10,6,0,1,2,3,2,3,3,2,2,2,1,2,2,7,7,8,1,1,1,9,14,3,1,3,NaN,1,NaN,NaN,,NaN,,NaN,,NaN,54,50,NaN,1,4,1,1,1,1,1,2,1,1,1,1,1,1,1,1,1,1,1,2,1,1,710468.328,4311036.731,302.343,Per,0,0,0,1,14,2
13068,4,2008460001084,3,2,7,6,4,1,4,CV-35,3.6,3,6,1,1,2,3,2,3,3,2,2,2,2,2,2,7,7,8,1,3,1,9,14,2,1,1,NaN,1,5,NaN,,NaN,,NaN,,NaN,NaN,NaN,NaN,1,4,1,1,1,1,1,1,1,1,1,1,1,1,1,1,1,2,1,2,1,1,654573.541,4422927.151,910.747,Per,127608,0,0,0,19,1
13069,4,2008460001085,3,2,3,3,7,3,1,CV-35,17,17,0,0,1,2,3,2,3,3,2,2,2,2,2,2,7,7,5,1,2,1,9,8,1,1,1,NaN,1,NaN,NaN,,NaN,,12,9,NaN,NaN,NaN,NaN,1,4,2,1,1,1,1,1,1,1,1,1,1,1,1,1,1,1,1,2,1,1,711149.502,4385700.71,92.42,Per,51759,0,0,0,8,1
13072,4,2008460001096,3,2,7,3,4,1,3,CV-35,10.5,10,5,1,1,2,3,2,3,3,2,2,2,2,2,2,7,7,8,1,1,1,9,14,1,1,1,NaN,1,5,NaN,,NaN,,NaN,,NaN,NaN,NaN,NaN,1,4,1,1,1,1,1,1,1,1,1,1,1,1,1,1,1,2,1,2,1,1,659800.29,4421040.881,907.132,Per,97287,0,0,1,9,1
13073,4,2008460001108,3,2,7,6,4,1,1,CV-81,11,11,0,1,1,5,3,2,3,2,2,1,2,2,2,2,7,7,8,1,1,1,9,14,1,1,3,NaN,2,NaN,NaN,,NaN,,12,9,NaN,NaN,NaN,NaN,1,4,2,1,2,1,1,2,1,1,1,1,1,1,1,1,1,1,1,2,1,1,683541.245,4278462.032,492.931,Cob,5778,0,0,1,17,5
13075,4,2008460001110,3,2,7,6,4,1,2,CV-50,18.5,18,5,1,1,5,3,2,3,3,2,1,2,2,2,2,1,1,8,1,1,1,9,14,3,1,3,NaN,2,2,NaN,,NaN,,NaN,,NaN,NaN,NaN,NaN,1,4,1,1,1,1,1,1,2,1,1,1,1,1,1,1,1,1,1,2,1,1,698814.529,4373896.904,203.106,Cob,11300,0,1,3,17,6
13076,4,2008460001124,3,2,9,6,6,3,1,CV-41,14.6,14,6,1,1,5,3,2,3,3,2,1,1,2,2,2,7,7,8,1,5,1,9,14,3,1,1,NaN,2,NaN,NaN,,21,24,NaN,,NaN,NaN,NaN,NaN,1,4,1,1,1,1,1,1,1,1,1,1,1,1,1,2,1,1,1,2,2,3,719030.797,4331445.994,-2.125,Cob,8790,0,0,0,21,1
13078,4,2008460001128,3,2,8,6,5,1,2,CV-81,1.5,1,5,1,1,5,1,3,3,3,2,1,1,1,1,2,5,1,4,1,1,1,9,14,1,1,1,NaN,1,4,NaN,,NaN,,NaN,,NaN,NaN,NaN,NaN,1,4,1,1,1,1,1,1,1,1,1,1,1,1,1,1,1,2,1,2,1,1,674269.505,4277208.68,525.744,Sec,14585,0,0,0,17,6
13082,4,2008460001130,3,2,1,6,5,1,3,CV-35,16.3,16,3,1,1,2,3,2,3,3,2,2,2,1,2,2,7,7,8,1,4,1,9,8,1,1,3,NaN,2,NaN,NaN,,NaN,,NaN,,NaN,NaN,NaN,71,1,4,1,1,2,1,1,1,2,1,1,1,1,1,1,1,1,1,1,2,1,1,662700.055,4417114.899,870.817,Per,51759,0,1,2,22,1
13083,4,2008460001162,3,2,11,3,1,4,1,CV-35,42,42,0,1,1,5,2,2,3,3,2,1,2,2,2,2,7,7,8,1,1,1,2,8,1,1,1,NaN,2,NaN,NaN,,NaN,,NaN,,NaN,53,50,NaN,1,4,2,1,1,1,1,1,1,1,1,1,1,1,1,1,1,1,1,2,1,1,674035.544,4400150.071,373.763,Per,4228,0,1,1,10,4
13085,4,2008460001165,3,1,9,5,3,2,2,CV-32,0,0,0,0,1,5,2,2,2,3,2,1,2,1,1,1,5,1,8,1,1,1,9,13,3,1,1,NaN,2,4,NaN,,NaN,,NaN,,NaN,NaN,NaN,NaN,1,4,1,1,1,1,1,1,1,1,1,1,1,1,1,1,1,1,2,2,1,1,732496.164,4381670.375,-18.685,Per,23936,0,0,0,16,6
13093,4,2008460001166,3,2,10,6,7,3,8,CV-35,5,5,0,1,1,5,3,2,3,4,2,2,2,1,2,2,7,7,8,1,3,1,9,14,1,1,1,NaN,1,4,NaN,,NaN,,NaN,,NaN,NaN,NaN,NaN,2,4,1,1,1,1,1,1,1,1,1,1,1,1,1,1,1,1,2,2,1,1,655684.852,4423022.859,935.81,Per,87297,0,0,1,20,1
13097,4,2008460001177,3,2,11,6,1,4,2,CV-35,26,26,0,1,1,2,3,2,3,4,2,2,2,1,2,2,3,1,4,1,4,1,9,14,3,1,1,NaN,2,4,NaN,,NaN,,NaN,,NaN,NaN,NaN,NaN,1,4,2,1,1,1,1,1,1,1,1,1,1,1,1,1,1,1,1,2,1,1,663023.539,4409050.119,846.982,Per,15481,0,0,4,21,6
13100,4,2008460001183,3,2,11,3,1,1,3,CV-35,4.7,4,7,0,1,2,2,2,2,3,2,2,2,2,2,2,7,7,8,1,4,1,9,14,3,1,1,NaN,1,4,NaN,,NaN,,NaN,,NaN,NaN,NaN,NaN,1,4,1,1,1,1,1,1,1,1,1,1,1,1,1,1,1,1,2,2,1,1,720377.337,4378128.521,56.264,Per,87297,0,0,0,10,2
13102,4,2008460001200,3,2,8,4,5,1,2,CV-35,6,6,0,0,1,2,3,2,3,4,2,2,2,1,2,2,7,7,8,1,1,1,9,14,3,1,1,NaN,1,NaN,30,30,NaN,,NaN,,NaN,NaN,NaN,NaN,1,4,1,1,1,1,1,1,2,1,1,1,1,1,1,1,1,1,1,2,1,1,719620.885,4379170.261,71.16,Per,100952,0,0,1,13,1
13104,4,2008460001294,3,2,14,4,4,1,2,CV-35,8.1,8,1,0,1,2,3,2,3,3,2,2,2,1,2,2,4,1,8,2,1,1,9,14,1,1,3,NaN,2,3,NaN,,NaN,,NaN,,NaN,NaN,NaN,NaN,1,4,1,1,1,1,1,1,2,1,1,1,1,1,1,1,1,1,1,2,1,1,718078.445,4380665.564,90.389,Per,100952,0,1,0,13,6
13106,4,2008460001334,3,2,15,4,5,1,1,CV-40,21.5,21,5,0,1,2,3,2,3,4,2,2,2,1,2,2,7,7,8,1,1,5,9,14,3,1,1,NaN,1,NaN,NaN,,NaN,,NaN,,NaN,64,60,NaN,1,4,1,1,1,1,1,2,1,1,1,1,1,1,1,1,1,1,1,2,1,1,712206.291,4301119.928,312.007,Cob,0,0,0,0,14,1
13108,4,2008460001337,3,2,15,4,5,1,2,CV-40,22.8,22,8,0,1,2,3,2,3,4,2,2,2,2,2,2,7,7,8,3,1,5,4,14,3,1,1,NaN,2,2,NaN,,NaN,,NaN,,NaN,NaN,NaN,NaN,1,4,1,1,1,1,1,2,1,1,1,1,1,1,1,1,1,1,1,2,1,1,713483.559,4300991.349,319.553,Cob,0,0,0,0,14,1
13109,4,2008460001338,3,2,15,3,5,1,1,CV-40,1.2,1,2,0,1,2,3,2,3,4,2,2,2,2,2,2,4,1,8,3,1,4,9,14,3,1,1,NaN,2,NaN,NaN,,NaN,,NaN,,NaN,53,50,NaN,1,4,1,1,1,1,1,2,1,1,1,1,1,1,1,1,1,1,1,2,1,1,709195.877,4318509.701,136.519,Cob,20544,0,0,1,8,6
13111,4,2008460001346,3,2,15,2,5,1,2,CV-41,13.6,13,6,0,1,5,3,2,3,4,2,1,2,1,2,2,7,7,8,3,1,5,4,14,3,1,1,NaN,1,3,NaN,,NaN,,NaN,,NaN,NaN,NaN,NaN,1,4,1,1,1,1,1,1,1,1,1,1,1,1,1,1,1,1,2,2,1,1,716482.801,4325109.72,37.866,Cob,8790,0,0,0,6,1
13114,4,2008460001348,3,2,14,1,4,1,3,CV-35,6,6,0,0,1,2,3,2,3,4,2,2,2,1,2,2,7,7,5,2,5,1,9,14,3,1,3,NaN,2,NaN,NaN,,NaN,,12,9,NaN,NaN,NaN,NaN,1,4,2,1,1,1,1,1,1,1,1,1,1,1,1,1,1,1,1,2,1,1,719620.885,4379170.261,71.16,Per,100952,0,1,0,0,1
13116,4,2008460001401,3,2,12,5,2,1,2,CV-33,0,0,0,1,1,5,3,2,3,3,2,1,2,2,2,1,7,7,5,3,1,4,9,14,3,1,1,NaN,1,1,NaN,,NaN,,NaN,,NaN,NaN,NaN,NaN,1,4,2,1,1,1,1,2,2,2,1,1,1,1,2,1,1,1,1,2,1,1,719794.305,4367686.054,16.824,Cob,32997,0,0,2,16,2
13118,4,2008460001405,3,2,18,4,1,4,2,CV-41,18.5,18,5,0,1,5,3,2,3,3,2,1,1,1,1,1,5,1,4,3,1,4,9,8,1,1,1,NaN,2,2,NaN,,NaN,,NaN,,NaN,NaN,NaN,NaN,1,4,1,1,1,1,1,1,2,1,1,1,1,1,2,1,1,1,1,2,1,2,715625.407,4320842.637,53.123,Cob,8790,0,0,1,14,6
13119,4,2008460001414,3,2,18,6,1,4,1,CV-610,6.4,6,4,1,1,5,3,2,3,3,2,1,1,2,1,1,7,7,5,3,5,4,2,14,1,1,1,NaN,2,NaN,NaN,,NaN,,NaN,,66,NaN,60,NaN,1,4,1,1,1,1,1,1,1,1,1,1,1,1,1,1,1,2,1,2,1,1,729850.758,4313374.223,240.798,Cob,2593,0,0,0,19,5
13121,4,2008460001428,3,2,18,5,1,4,2,CV-35,5.5,5,5,0,1,2,3,2,3,3,2,2,2,1,2,2,7,7,8,3,1,4,9,14,3,1,1,NaN,2,2,NaN,,NaN,,NaN,,NaN,NaN,NaN,NaN,2,4,1,1,1,1,1,2,1,1,1,1,1,1,1,1,1,1,1,2,1,1,719911.89,4378769.129,63.204,Per,87297,0,1,0,15,1
13123,3,2008460001445,3,12,22,3,6,2,2,CV-31,4.7,4,7,0,1,5,2,2,4,4,2,1,2,2,2,2,2,4,3,1,5,1,9,14,1,1,3,NaN,2,2,NaN,,NaN,,NaN,,NaN,NaN,NaN,NaN,1,4,1,1,1,1,1,1,2,1,1,1,1,1,1,1,1,1,1,2,1,1,721683.388,4378388.233,28.301,Cob,32100,0,0,1,9,6
13125,4,2008460001480,3,2,13,3,3,1,2,CV-35,13,13,0,1,1,2,3,2,3,4,2,2,2,2,2,2,4,1,5,3,1,4,9,8,2,1,3,NaN,2,3,NaN,,NaN,,NaN,,NaN,NaN,NaN,NaN,2,4,1,1,1,1,1,1,1,1,1,1,1,1,2,1,1,2,1,2,1,2,661885.067,4420024.045,879.951,Per,97287,0,0,0,9,6
13128,4,2008460001484,3,2,14,3,4,1,2,CV-35,10.5,10,5,0,1,2,3,2,3,3,2,2,2,1,2,2,7,7,5,3,1,1,9,8,3,1,3,NaN,2,3,NaN,,NaN,,NaN,,NaN,NaN,NaN,NaN,1,4,1,1,1,1,1,1,1,1,1,1,1,1,1,1,1,1,2,2,1,1,715993.41,4381554.16,84.082,Per,97287,0,0,0,8,1
13130,4,2008460001486,3,2,14,6,4,1,2,CV-35,3,3,0,1,1,2,3,2,3,4,2,2,2,2,2,2,7,7,5,3,3,9,9,14,3,1,3,NaN,2,3,NaN,,NaN,,NaN,,NaN,NaN,NaN,NaN,1,4,2,1,1,1,1,1,1,1,1,1,1,1,1,1,1,1,1,2,1,1,654462.088,4422571.739,887.738,Per,127608,0,0,0,19,1
13131,4,2008460001497,3,2,16,2,6,2,1,CV-500,13.8,13,8,0,1,5,3,2,3,3,2,1,1,2,1,1,7,7,5,1,4,1,9,14,3,1,3,NaN,2,NaN,NaN,,NaN,,NaN,,NaN,54,50,NaN,1,4,1,1,1,2,1,1,1,1,1,1,1,1,1,1,1,1,1,2,1,1,731668.967,4357309.228,-15.665,Sec,11773,0,0,0,6,2
13133,4,2008460001502,3,2,16,1,6,2,1,CV-35,16,16,0,1,1,2,3,2,3,4,2,2,2,2,2,2,7,7,5,1,4,1,9,8,1,1,3,NaN,2,NaN,NaN,,NaN,,NaN,,67,NaN,60,NaN,1,4,1,1,1,1,1,1,1,1,1,1,1,2,1,1,1,1,1,2,1,1,662706.406,4417512.916,878.39,Per,51759,0,0,0,3,1
13134,4,2008460001528,3,2,21,3,4,1,1,CV-41,6,6,0,1,1,5,3,2,3,4,2,1,1,1,2,1,7,7,8,3,1,4,9,14,3,1,2,4,1,NaN,NaN,,NaN,,NaN,,56,NaN,50,NaN,1,4,1,1,1,1,1,2,2,1,1,1,1,1,1,1,1,1,1,2,1,2,716799.939,4324274.511,37.245,Pri,10358,0,1,0,10,1
13136,4,2008460001529,3,2,17,1,7,3,2,CV-500,3.3,3,3,1,1,5,3,2,3,3,2,2,2,1,2,2,7,7,8,1,4,1,9,14,2,1,1,NaN,1,3,NaN,,NaN,,NaN,,NaN,NaN,NaN,NaN,1,4,2,2,1,1,1,1,1,1,1,1,1,1,1,1,1,1,1,2,1,1,733154.332,4345509.933,-12.797,Pri,18575,0,0,0,0,1
13137,4,2008460001530,3,2,17,1,7,3,1,CV-245,9.5,9,5,0,1,5,2,2,2,1,2,1,1,1,1,1,7,7,8,1,5,1,9,14,2,1,1,NaN,1,NaN,NaN,,NaN,,NaN,,NaN,64,60,NaN,1,4,1,1,1,1,1,2,1,1,1,1,1,1,1,1,1,1,1,2,2,1,696995.469,4402971.64,584.554,Cob,327,0,0,1,1,3
13138,4,2008460001533,3,2,18,3,1,4,1,CV-36,3.5,3,5,1,1,2,3,2,3,3,2,1,2,1,2,2,7,7,8,3,1,5,9,14,3,1,1,NaN,1,NaN,NaN,,NaN,,NaN,,NaN,54,50,NaN,1,4,1,1,1,1,1,1,1,1,1,1,1,1,1,1,1,1,2,2,1,1,719849.268,4369082.029,17.712,Cob,38015,0,0,0,10,2
13139,4,2008460001568,3,2,23,6,6,2,1,CV-36,3.5,3,5,0,1,2,1,1,4,2,2,2,2,2,2,1,7,7,8,1,2,1,9,14,1,1,1,NaN,2,NaN,NaN,,NaN,,NaN,,NaN,54,50,NaN,1,4,2,1,2,1,1,2,1,1,1,1,1,1,1,1,1,1,1,2,1,1,714714.686,4369269.587,52.254,Cob,38015,0,0,0,18,5
13141,4,2008460001573,3,2,22,6,5,1,1,CV-42,18,18,0,0,1,5,2,3,3,3,2,1,2,2,1,1,7,7,8,1,3,1,9,14,3,1,1,NaN,1,NaN,NaN,,NaN,,NaN,,NaN,54,50,NaN,1,4,1,1,1,1,1,2,1,1,1,1,1,1,1,1,1,1,1,2,1,1,723388.374,4353473.235,-6.841,Cob,15175,0,0,0,19,2
13143,4,2008460001578,3,2,23,5,6,2,2,CV-410,4,4,0,0,1,5,2,2,3,3,2,1,2,1,1,1,5,1,4,1,1,1,9,14,3,1,1,NaN,1,2,NaN,,NaN,,NaN,,NaN,NaN,NaN,NaN,3,4,2,1,1,1,1,1,1,1,1,1,1,1,1,1,1,1,1,2,2,1,717332.473,4372266.354,36.033,Pri,30175,0,0,0,16,6
13146,4,2008460001585,3,2,18,3,1,1,2,CV-35,17.8,17,8,0,1,2,2,2,3,4,2,2,2,2,2,2,4,1,8,3,2,5,9,8,1,1,1,NaN,2,4,NaN,,NaN,,NaN,,NaN,NaN,NaN,NaN,1,4,1,1,1,1,1,1,1,1,1,1,1,1,1,1,1,1,2,2,1,2,710974.066,4386467.164,111.745,Per,51759,0,0,0,7,6
13147,4,2008460001591,3,2,18,5,1,1,1,CV-35,12,12,0,0,1,2,2,2,3,4,2,2,2,2,2,2,4,1,8,3,1,4,9,8,1,1,1,NaN,2,NaN,NaN,,NaN,,NaN,,NaN,53,50,NaN,1,4,1,1,1,1,1,2,1,1,1,1,1,1,1,1,1,1,1,2,1,1,714879.194,4382530.859,92.225,Per,97287,0,0,0,15,6
13148,4,2008460001595,3,2,23,4,6,2,1,CV-245,10.5,10,5,0,1,5,2,2,2,3,2,1,2,1,1,1,7,7,8,1,1,1,9,14,1,1,1,NaN,1,NaN,NaN,,NaN,,NaN,,NaN,64,60,NaN,1,4,2,1,1,1,1,2,1,1,1,1,1,1,1,1,1,1,1,2,2,1,697138.6,4403744.338,643.72,Cob,327,0,0,1,12,4
13149,4,2008460001596,3,2,18,5,1,1,1,CV-35,12,12,0,0,1,7,3,2,3,4,2,2,2,2,2,2,4,1,8,3,1,4,9,8,1,1,1,NaN,2,NaN,NaN,,NaN,,NaN,,NaN,53,50,NaN,1,4,2,2,1,1,1,2,1,1,1,2,1,1,2,1,1,1,1,2,1,1,714879.194,4382530.859,92.225,Per,97287,0,0,0,15,6
13151,4,2008460001622,3,2,25,4,1,1,2,CV-410,1.2,1,2,0,1,5,2,2,3,3,2,1,2,1,1,1,5,1,8,1,1,1,9,14,1,1,1,NaN,1,3,NaN,,NaN,,NaN,,NaN,NaN,NaN,NaN,1,4,1,1,1,1,1,1,1,1,1,1,1,1,1,1,1,2,1,2,1,1,717804.569,4369678.906,28.866,Cob,15129,0,0,0,12,6
13153,4,2008460001629,3,2,25,6,1,1,2,CV-50,40.8,40,8,0,1,5,2,3,3,3,2,1,2,1,1,1,5,1,4,1,1,1,9,14,1,1,1,NaN,1,2,NaN,,NaN,,NaN,,NaN,NaN,NaN,NaN,1,4,2,1,1,1,1,1,1,1,1,1,1,1,1,1,1,1,1,2,1,1,709340.969,4349971.039,70.133,Pri,2913,0,0,1,18,6
13158,4,2008460001635,3,2,16,4,6,2,4,CV-35,3.2,3,2,0,1,2,3,2,3,4,2,2,2,1,2,2,3,1,4,1,1,1,9,14,1,1,1,NaN,2,5,NaN,,NaN,,NaN,,NaN,NaN,NaN,NaN,1,4,1,1,1,1,1,1,1,1,1,1,1,1,1,1,1,1,2,2,1,1,721194.342,4376895.311,36.806,Per,127608,0,0,0,12,6
13160,4,2008460001651,3,2,23,3,6,2,2,CV-50,6.8,6,8,1,1,5,2,2,3,3,2,1,1,1,1,1,7,7,8,1,1,1,9,14,3,1,1,NaN,1,3,NaN,,NaN,,NaN,,NaN,NaN,NaN,NaN,1,4,1,1,1,1,1,1,2,1,1,1,1,1,1,1,1,1,1,2,1,1,704164.671,4383074.125,87.428,Cob,10467,0,0,0,7,1
13161,4,2008460001652,3,2,23,1,6,2,1,CV-41,1,1,0,0,1,5,2,2,3,3,2,1,1,1,2,1,2,1,8,1,5,1,9,8,2,1,1,NaN,1,NaN,NaN,,NaN,,NaN,,67,NaN,60,NaN,1,4,1,1,2,1,1,1,1,1,1,1,1,1,1,1,1,1,1,2,1,1,721267.036,4335570.402,2.598,Cob,16071,0,0,0,23,6