Id,Ano,Numero_Accidente,Provincia,Mes,Dia,Hora,Dia_Semana,Tipo_Dia,Vehiculos_Implicados,Carretera,Pk,Km,Hm,Sentido,Zona,Tipo_Via,Anchura_Calzada,Anchura_Carril,Marcas_Viales,Arcen,Arcen_Pavimentado,Mediana,Barrera_Seguridad,Paneles_Direccionales,Hitos_Arista,Captafaros,Interseccion_Tipo,Interseccion_Acondicionamiento,Prioridad_Regulada_por,Superficie,Luminosidad,Factores_Atmosfericos,Visibilidad_Restringida_por,Otras_Circunstancias,Senalizacion_Peligro,Aceras,Arboles,Arboles_Metros_Calzada,Visibilidad_Senalizacion_Vertical,Colision_Vehiculos_Marcha,Colision_Vehiculo_Obstaculo_1,Colision_Vehiculo_Obstaculo_2,Atropello_1,Atropello_2,Vuelco_1,Vuelco_2,Salida_Sin_Colision,Salida_Con_Colision,Lado_Salida,Otro,Circulacion,Circulacion_Medidas_Especiales,Distraccion,Inexperiencia_Conductor,Alcohol_Drogas,Cansancio_Sueno,Enfermedad,Velocidad_Inadecuada,Infraccion_Norma_Circulacion,Estado_Condicion_Via,Estado_Condicion_Senalizacion,Tramo_Obras,Mal_Estado_Vehiculo,Averia_Mecanica,Meteorologia_Adversa,Irrupcion_Animal,Circular_Sentido_Contrario,Otro_Factor,Sin_Opinion_Definida,Pendiente,Curvatura,Peralte,GPS_x,GPS_y,GPS_z,Tipo_Est,IMD,N_Muertos,N_Graves,N_Leves,Hora_Real,Fuera_o_Interseccion
13163,4,2008460001653,3,2,24,6,7,3,1,CV-40,11,11,0,1,1,2,3,2,3,3,2,2,2,2,2,2,7,7,5,3,4,4,8,14,3,1,1,NaN,1,NaN,NaN,,NaN,,NaN,,NaN,52,50,NaN,1,4,1,1,1,1,1,1,1,1,1,1,1,1,1,1,1,2,1,2,1,1,710173.856,4307024.447,250.518,Cob,22336,0,0,0,22,1
13164,4,2008460001685,3,2,26,6,2,1,1,CV-40,6,6,0,1,1,2,3,2,3,4,2,2,2,2,2,2,7,7,8,1,1,1,2,14,1,1,1,NaN,2,NaN,NaN,,NaN,,NaN,,NaN,64,60,NaN,1,4,1,1,1,1,1,2,1,1,1,1,1,1,1,1,1,1,1,2,1,2,711140.371,4302282.702,325.754,Per,0,0,0,2,17,5
13166,4,2008460001686,3,2,26,3,2,1,2,CV-35,10,10,0,1,1,2,3,3,3,4,2,2,2,2,2,2,7,7,8,1,1,1,9,8,1,1,1,NaN,2,4,NaN,,NaN,,NaN,,NaN,NaN,NaN,NaN,2,4,2,1,1,1,1,1,2,1,1,1,1,1,1,1,1,1,1,2,1,1,659370,4421291.33,927.739,Per,62359,0,0,2,9,1
13167,4,2008460001709,3,2,25,6,1,1,1,CV-50,9.6,9,6,0,1,5,3,2,3,3,2,1,1,1,2,2,7,7,8,1,1,1,9,14,3,1,2,-1,2,NaN,NaN,,NaN,,NaN,,NaN,62,60,NaN,1,4,2,1,1,2,1,1,1,1,1,1,1,1,1,1,1,1,1,2,1,1,730284.385,4329564.725,79.434,Cob,10467,0,1,0,17,1
13168,4,2008460001710,3,2,23,5,6,2,1,CV-407,3.6,3,6,1,1,5,3,1,3,3,2,2,2,2,2,2,7,7,8,1,1,1,9,14,2,1,1,NaN,2,NaN,NaN,,NaN,,NaN,,NaN,54,50,NaN,1,4,1,1,2,1,1,1,1,1,1,1,1,1,1,1,1,1,1,2,1,1,721762.961,4368501.021,7.986,Sec,23334,0,0,1,15,2
13170,4,2008460001717,3,2,26,3,2,1,2,CV-400,1.5,1,5,0,1,5,2,2,3,3,2,1,2,2,2,2,5,1,4,1,1,1,9,14,1,2,1,NaN,2,4,NaN,,NaN,,NaN,,NaN,NaN,NaN,NaN,1,4,2,1,1,1,1,1,1,1,1,1,1,1,1,1,1,1,1,2,2,1,723815.234,4368223.978,-2.966,Pri,33544,0,0,0,10,6
13171,4,2008460001729,3,2,19,4,2,1,1,CV-35,20,20,0,1,1,2,2,2,3,3,2,2,2,2,2,2,7,7,8,3,1,4,9,8,1,1,1,NaN,1,NaN,30,32,NaN,,NaN,,NaN,NaN,NaN,NaN,1,4,1,1,1,1,1,1,1,1,1,1,1,1,1,1,1,2,1,2,1,1,664016.005,4414484.171,794.013,Per,51759,0,0,0,14,2
13172,4,2008460001755,3,2,28,3,4,1,1,CV-42,1.3,1,3,0,1,5,3,2,3,4,2,2,2,2,2,2,5,6,4,1,1,3,9,14,1,1,1,NaN,2,NaN,NaN,,NaN,,NaN,,56,NaN,50,NaN,1,4,2,1,1,1,1,1,1,1,1,1,1,1,1,1,1,1,1,2,1,1,720919.737,4339318.981,-5.955,Sec,14459,0,0,1,9,6
13175,4,2008460001789,3,2,28,6,4,1,3,CV-35,3.5,3,5,1,1,2,2,2,3,4,2,2,2,2,2,2,7,7,8,1,3,1,9,14,3,1,1,NaN,1,5,NaN,,NaN,,NaN,,NaN,NaN,NaN,NaN,1,4,2,1,1,1,1,2,1,1,1,1,1,1,1,1,1,1,1,2,2,1,654507.777,4422863.684,906.357,Per,127608,0,0,0,19,1
13178,4,2008460001790,3,2,28,6,4,1,3,CV-35,8,8,0,0,1,2,2,2,3,4,2,2,2,2,2,2,7,7,8,1,3,1,9,8,1,1,1,NaN,1,5,NaN,,NaN,,NaN,,NaN,NaN,NaN,NaN,1,4,2,1,1,1,1,2,1,1,1,1,1,1,1,1,1,1,1,2,1,1,718236.963,4380535.666,87.354,Per,100952,0,0,1,22,1
13180,4,2008460001798,3,2,29,4,5,1,2,CV-590,60,60,0,1,1,5,3,2,3,3,2,1,1,1,1,1,1,4,4,1,1,1,9,14,1,1,1,NaN,1,2,NaN,,NaN,,NaN,,NaN,NaN,NaN,NaN,1,4,1,1,1,1,1,1,2,1,1,1,1,1,1,1,1,1,1,2,1,1,670679.655,4324138.752,585.871,Sec,6940,0,0,2,13,6
13181,4,2008460001801,3,3,1,1,6,2,1,CV-50,16.3,16,3,1,1,5,3,2,3,4,2,1,1,2,2,1,7,7,8,1,5,1,2,14,1,1,1,NaN,2,NaN,NaN,,NaN,,NaN,,NaN,54,50,NaN,1,4,2,1,1,2,1,1,1,1,1,1,1,1,1,1,1,1,1,2,1,1,699354.789,4375652.253,197.978,Cob,10467,0,0,0,1,4
13193,4,2008460001865,3,3,1,4,6,2,2,CV-35,26,26,0,0,1,2,1,2,3,1,2,1,1,1,1,1,3,6,7,1,1,1,9,8,1,1,1,NaN,1,3,NaN,,NaN,,NaN,,NaN,NaN,NaN,NaN,1,4,1,1,1,1,1,1,2,1,1,1,1,1,1,1,1,1,1,2,1,1,705670.953,4390496.553,145.153,Per,15481,0,0,0,12,6
13195,4,2008460001870,3,3,3,3,1,1,2,CV-30,1.2,1,2,1,1,2,2,2,3,4,2,2,2,2,2,2,7,7,5,1,1,1,9,14,3,1,1,NaN,1,4,NaN,,NaN,,NaN,,NaN,NaN,NaN,NaN,1,4,2,1,1,1,1,1,2,1,1,1,1,1,1,1,1,1,1,2,1,1,721315.405,4374870.227,10.191,Pri,72128,0,0,2,9,1
13197,4,2008460001877,3,2,26,6,2,1,2,CV-410,4,4,0,0,1,5,2,2,3,2,2,2,1,2,1,1,5,1,4,1,1,1,9,14,1,1,1,NaN,1,NaN,NaN,,21,21,NaN,,NaN,NaN,NaN,NaN,1,4,2,1,1,1,1,1,1,1,1,1,1,1,1,1,1,1,1,2,2,1,717357.644,4372352.465,36.388,Pri,30175,0,1,0,19,6
13198,4,2008460001899,3,2,25,3,1,4,1,CV-50,37.6,37,6,1,1,5,2,2,3,1,2,1,1,1,1,1,7,7,8,1,1,1,2,14,3,1,1,NaN,1,NaN,NaN,,NaN,,NaN,,NaN,53,50,NaN,1,4,2,1,1,1,1,1,1,1,1,1,1,1,1,1,1,1,1,2,1,1,702293.845,4360078.432,198.546,Cob,4710,0,0,0,10,3
13199,4,2008460001908,3,2,29,1,5,1,1,CV-36,2.7,2,7,0,1,2,3,2,3,4,2,2,2,2,2,2,7,7,8,3,3,1,9,14,1,1,1,NaN,2,NaN,NaN,,NaN,,12,9,NaN,NaN,NaN,NaN,1,4,2,1,2,1,1,1,1,1,1,1,1,1,1,1,1,1,1,2,1,2,715495.964,4369379.684,42.68,Pri,71972,0,0,1,0,1
13200,4,2008460001997,3,3,5,5,3,1,1,CV-300,6,6,0,1,1,5,2,2,3,2,2,1,2,1,1,1,5,1,6,1,1,1,9,14,1,1,1,NaN,1,NaN,NaN,,21,21,NaN,,NaN,NaN,NaN,NaN,1,4,2,1,1,1,1,1,1,1,1,1,1,1,1,1,1,1,1,2,1,1,729533.666,4383255.038,-1.979,Cob,18172,0,0,2,15,6
13201,4,2008460002018,3,3,9,5,7,3,1,CV-650,2,2,0,0,1,5,2,2,3,3,2,1,2,1,2,2,1,1,8,1,1,1,9,14,3,1,3,NaN,2,NaN,NaN,,NaN,,NaN,,NaN,62,60,NaN,1,4,2,1,2,1,1,1,1,1,1,1,1,1,1,1,1,1,1,2,1,1,709592.102,4303499.621,280.149,Cob,9560,0,0,0,16,6
13202,4,2008460002020,3,3,9,6,7,3,1,CV-40,21,21,0,1,1,2,3,2,3,3,2,2,2,1,2,2,7,7,8,1,1,1,9,14,3,1,1,NaN,2,NaN,NaN,,NaN,,NaN,,NaN,54,50,NaN,1,4,2,1,1,1,1,1,1,1,1,1,1,1,1,1,1,1,1,2,1,1,710983.415,4315909.714,125.52,Cob,0,0,0,0,17,1
13203,4,2008460002111,3,3,11,5,2,1,1,CV-36,4.5,4,5,0,1,2,3,2,3,3,2,2,2,2,2,2,1,1,8,1,1,1,9,14,3,1,1,NaN,1,NaN,NaN,,NaN,,NaN,,56,NaN,50,NaN,1,4,2,1,2,1,1,1,1,1,1,1,1,1,1,1,1,1,1,2,1,1,713733.129,4369149.184,52.927,Cob,38015,0,0,0,16,6
13205,4,2008460002114,3,3,7,4,5,1,2,CV-33,0.1,0,1,0,1,5,1,3,3,3,2,1,2,2,2,2,5,1,4,1,1,1,9,14,1,1,1,NaN,1,4,NaN,,NaN,,NaN,,NaN,NaN,NaN,NaN,1,4,2,1,1,1,1,1,1,1,1,1,1,1,1,1,1,1,1,3,3,1,724146.111,4363224.868,-14.734,Cob,32997,0,0,1,13,6
13206,4,2008460002121,3,3,7,6,5,1,1,CV-36,3.5,3,5,1,1,2,2,2,3,4,2,2,2,2,2,2,7,7,8,1,1,1,8,14,1,1,1,NaN,1,NaN,NaN,,NaN,,NaN,,57,NaN,50,NaN,1,4,1,1,1,1,2,1,1,1,1,1,1,1,1,1,1,1,1,2,1,1,719849.268,4369082.029,17.712,Cob,38015,0,0,0,18,4
13210,4,2008460002126,3,3,8,3,6,2,2,CV-50,74,74,0,1,1,5,3,2,3,3,2,1,1,1,1,1,1,5,3,1,1,1,9,14,1,1,3,NaN,2,2,NaN,,NaN,,NaN,,NaN,NaN,NaN,NaN,1,4,1,1,1,1,1,1,2,1,1,1,1,1,1,1,1,1,1,2,1,1,723088.946,4335446.576,2.863,Cob,4246,0,0,0,10,6
13211,4,2008460002128,3,3,8,5,6,2,1,CV-500,8.6,8,6,1,1,5,3,2,3,4,2,1,1,1,2,2,7,7,5,1,1,1,9,14,1,1,1,NaN,2,NaN,NaN,,NaN,,12,9,NaN,NaN,NaN,NaN,1,4,1,1,1,1,1,1,1,2,1,1,1,1,1,1,1,2,1,2,1,1,735538.207,4349661.372,-16.868,Cob,18575,0,0,1,16,1
13213,4,2008460002129,3,3,8,4,6,2,1,CV-36,6,6,0,0,1,2,3,2,3,4,2,2,2,2,2,2,7,7,5,7,1,1,9,8,1,1,3,NaN,2,NaN,NaN,,NaN,,NaN,,NaN,52,50,NaN,1,4,1,1,1,1,1,1,1,1,1,2,1,1,1,1,1,1,1,2,1,1,712202.115,4368729.655,64.909,Cob,38015,0,0,1,12,4
13215,4,2008460002131,3,3,8,6,6,2,2,CV-410,1.1,1,1,0,1,5,3,2,3,3,2,1,1,2,2,2,5,1,4,1,1,1,9,14,3,1,3,NaN,2,3,NaN,,NaN,,NaN,,NaN,NaN,NaN,NaN,1,4,1,1,1,1,1,1,2,1,1,1,1,1,1,1,1,1,1,2,1,1,717902.487,4369699.061,28.405,Cob,15129,0,0,0,18,6
13217,4,2008460002134,3,3,9,6,7,3,2,CV-33,0.5,0,5,1,1,2,3,2,3,4,2,2,2,1,2,2,4,1,5,1,1,1,9,14,1,1,3,NaN,2,2,NaN,,NaN,,NaN,,NaN,NaN,NaN,NaN,1,4,1,1,1,1,1,1,2,1,1,1,1,1,1,1,1,1,1,2,1,1,718505.938,4369347.994,20.717,Cob,32997,0,0,0,17,6
13221,4,2008460002139,3,3,12,4,3,1,4,CV-41,1.8,1,8,1,1,5,2,2,3,3,2,1,1,1,1,1,7,7,8,1,1,1,9,14,3,1,1,NaN,1,5,NaN,,NaN,,NaN,,NaN,NaN,NaN,NaN,1,4,1,1,1,1,1,1,2,1,1,1,1,1,1,1,1,1,1,2,1,1,715592.37,4320457.38,58.882,Cob,16071,0,0,1,14,1
13223,4,2008460002144,3,3,9,4,7,3,2,CV-35,38.7,38,7,1,1,2,1,3,3,3,2,1,2,1,1,1,7,7,8,1,1,1,9,14,2,1,1,NaN,1,2,NaN,,NaN,,NaN,,NaN,NaN,NaN,NaN,1,4,1,1,1,1,1,1,2,1,1,1,1,1,1,1,1,1,1,2,1,1,671838.479,4402008.25,467.684,Per,8821,0,0,1,13,1
13225,4,2008460002167,3,3,6,5,4,1,2,CV-410,2.9,2,9,1,1,5,3,2,3,4,2,2,2,2,2,2,7,7,8,1,1,1,9,14,3,1,1,NaN,1,4,NaN,,NaN,,NaN,,NaN,NaN,NaN,NaN,1,4,1,1,1,1,1,1,2,1,1,1,1,1,1,1,1,1,1,2,1,1,717329.61,4370854.602,32.642,Cob,31151,0,1,1,15,1
13227,4,2008460002178,3,3,14,6,5,1,2,CV-686,1.8,1,8,1,1,5,2,2,3,3,2,1,1,1,1,1,7,7,8,1,5,1,9,14,3,1,2,5,2,3,NaN,,NaN,,NaN,,NaN,NaN,NaN,NaN,1,4,1,1,1,1,1,1,1,1,1,1,1,1,1,1,1,2,1,2,1,1,742690.25,4314357.956,20.273,Cob,18552,0,0,1,20,1
13228,4,2008460002185,3,3,16,1,7,3,1,CV-35,12.3,12,3,0,1,2,3,2,3,3,2,2,2,1,1,1,7,7,5,1,5,1,9,8,1,1,3,NaN,2,NaN,NaN,,NaN,,NaN,,NaN,54,50,NaN,1,4,2,1,1,1,1,1,1,1,1,1,1,1,1,1,1,1,1,2,1,1,714643.635,4382720.731,97.107,Per,97287,0,1,0,0,2
13230,4,2008460002187,3,3,15,4,6,2,1,CV-42,18.5,18,5,0,1,5,3,2,3,4,2,1,1,2,1,1,5,1,4,1,1,1,2,14,1,1,1,NaN,2,NaN,NaN,,NaN,,NaN,,NaN,54,50,NaN,1,4,2,1,2,1,1,1,1,1,1,1,1,1,1,1,1,1,1,2,1,1,723461.505,4353960.604,-6.272,Cob,3159,0,0,3,11,6
13231,4,2008460002191,3,3,17,1,1,4,1,CV-400,4.7,4,7,0,1,5,3,2,3,3,2,1,1,1,2,2,5,1,5,1,3,1,9,14,1,1,3,NaN,2,NaN,NaN,,NaN,,NaN,,NaN,61,60,NaN,1,4,2,1,2,1,1,2,1,1,1,1,1,1,1,1,1,1,1,2,1,1,722896.608,4365363.61,-5.866,Cob,21381,0,0,1,1,6
13239,4,2008460002222,3,3,14,3,5,1,4,CV-35,11.5,11,5,0,1,5,3,2,3,4,2,2,2,1,2,2,7,7,8,1,1,1,9,8,1,1,1,NaN,2,5,NaN,,NaN,,NaN,,NaN,NaN,NaN,NaN,3,4,2,1,1,1,1,1,1,1,1,1,1,1,1,1,1,1,1,2,1,1,715236.341,4382187.139,90.677,Per,97287,0,0,1,9,1
13240,4,2008460002227,3,3,13,2,4,1,1,CV-35,10.1,10,1,1,1,2,2,2,3,4,2,2,2,2,2,2,7,7,8,1,5,1,9,14,2,1,1,NaN,1,NaN,NaN,,NaN,,NaN,,67,NaN,60,NaN,1,4,1,1,1,1,1,2,1,1,1,1,1,1,1,1,1,1,1,2,1,1,659544.135,4421193.789,920.262,Per,97287,0,0,1,6,1
13243,4,2008460002228,3,3,14,6,5,1,3,CV-35,12,12,0,0,1,5,3,2,3,3,2,2,2,1,2,2,4,1,8,1,3,1,9,8,1,1,1,NaN,2,2,NaN,,NaN,,NaN,,NaN,NaN,NaN,NaN,1,4,1,2,1,1,1,1,1,1,1,1,1,1,1,1,1,1,1,2,1,1,714879.194,4382530.859,92.225,Per,97287,0,0,1,20,6
13244,4,2008460002260,3,3,16,2,7,3,1,CV-35,47.7,47,7,0,1,2,2,2,3,4,2,2,2,2,2,2,7,7,5,1,5,1,9,8,1,1,1,NaN,1,NaN,NaN,,NaN,,NaN,,NaN,54,50,NaN,1,4,2,1,1,2,1,1,1,1,1,1,1,1,1,1,1,1,1,2,1,1,686666.999,4396952.431,395.064,Per,4228,0,0,1,6,1
13245,4,2008460002274,3,3,19,6,3,2,1,CV-50,0.5,0,5,0,1,5,2,2,3,3,2,1,1,1,1,1,7,7,8,1,1,1,9,8,1,1,1,NaN,1,NaN,NaN,,NaN,,NaN,,67,NaN,60,NaN,1,4,2,1,1,1,1,1,1,1,1,1,1,1,1,1,1,1,1,2,1,1,738213.24,4329210.298,-15.443,Cob,17044,0,0,0,17,2
13246,4,2008460002284,3,3,18,6,2,1,1,CV-35,13,13,0,0,1,2,2,2,3,4,2,2,2,1,1,1,7,7,8,1,4,1,9,14,3,1,1,NaN,1,NaN,NaN,,NaN,,NaN,,58,NaN,50,NaN,1,4,1,1,1,1,1,1,1,1,1,1,1,1,1,1,1,1,2,2,1,1,714102.074,4383155.325,100.375,Per,97287,0,0,1,20,1
13247,4,2008460002287,3,3,18,4,2,1,1,CV-35,59.2,59,2,0,1,2,2,2,3,3,2,1,2,1,1,1,7,7,8,1,1,1,9,14,3,1,1,NaN,1,NaN,NaN,,NaN,,NaN,,NaN,64,60,NaN,1,4,1,1,1,1,1,1,1,1,1,1,1,1,1,1,1,2,1,2,1,2,676818.292,4398291.443,331.856,Sec,2381,0,0,1,14,2
13251,4,2008460002293,3,3,13,3,4,1,3,CV-35,11.8,11,8,0,1,5,3,2,3,4,2,2,2,1,2,2,7,7,8,1,1,1,9,8,1,1,1,NaN,2,5,NaN,,NaN,,NaN,,NaN,NaN,NaN,NaN,3,4,1,1,1,1,1,1,2,1,1,1,1,1,1,1,1,1,1,2,1,1,715023.109,4382394.354,91.616,Per,97287,0,0,0,9,1
13253,4,2008460002294,3,3,17,6,1,4,2,CV-500,27.5,27,5,0,1,5,3,2,3,3,2,2,2,1,2,2,5,1,8,1,3,1,9,14,3,1,1,NaN,2,3,NaN,,NaN,,NaN,,NaN,NaN,NaN,NaN,1,4,2,1,1,1,1,1,1,1,1,1,1,1,1,1,1,1,1,2,1,1,732689.444,4344404.045,-9.482,Cob,7846,0,0,0,19,6
13258,4,2008460002305,3,3,20,6,4,3,2,CV-35,2.9,2,9,0,1,5,3,2,3,4,2,2,2,1,2,2,7,7,8,1,3,1,9,14,3,1,1,NaN,2,2,NaN,,NaN,,NaN,,NaN,NaN,NaN,NaN,1,4,2,1,1,1,1,1,2,1,1,1,1,1,1,1,1,1,1,2,1,1,721414.905,4376688.972,35.953,Per,127608,0,0,2,20,1
13260,4,2008460002308,3,3,21,4,5,3,2,CV-515,9.3,9,3,0,1,5,2,2,3,3,2,1,1,1,1,1,7,7,8,1,1,1,9,14,3,1,1,NaN,2,1,NaN,,NaN,,NaN,,NaN,NaN,NaN,NaN,1,4,2,1,1,1,1,1,1,1,1,1,1,1,1,1,1,1,1,2,1,1,731003.484,4343441.895,-7.223,Cob,6391,0,0,3,13,1
13262,4,2008460002314,3,3,22,6,6,2,2,CV-590,59.7,59,7,0,1,5,2,2,3,3,2,1,1,1,1,1,7,7,8,1,2,9,2,14,1,1,3,NaN,2,3,NaN,,NaN,,NaN,,NaN,NaN,NaN,NaN,1,4,2,1,2,1,1,1,2,1,1,1,1,1,1,1,1,1,1,2,1,1,708985.557,4321204.126,158.815,Sec,6940,0,0,0,19,3
13264,4,2008460002316,3,3,23,3,7,3,1,CV-40,17.3,17,3,0,1,2,3,2,3,4,2,2,2,1,2,2,7,7,8,1,1,1,9,14,3,1,3,NaN,2,NaN,NaN,,NaN,,NaN,,NaN,62,60,NaN,1,4,2,1,1,1,1,1,1,1,1,1,1,1,1,1,1,1,1,2,1,1,710661.559,4304477.617,294.048,Cob,0,0,0,2,9,2
13265,4,2008460002331,3,3,22,6,6,2,1,CV-35,14,14,0,1,1,2,2,2,2,4,2,2,2,2,2,2,7,7,8,1,4,1,9,14,3,1,1,NaN,1,NaN,NaN,,NaN,,NaN,,57,NaN,50,NaN,1,4,1,1,1,1,1,1,1,1,1,1,1,1,1,1,1,2,1,2,1,1,662386.877,4419383.786,895.429,Per,78771,0,0,1,22,1
13266,4,2008460002332,3,3,24,2,1,3,1,CV-50,0.5,0,5,0,1,5,3,2,3,3,2,1,1,1,1,1,7,7,7,1,4,1,9,14,1,1,1,NaN,1,NaN,NaN,,NaN,,NaN,,NaN,63,60,NaN,1,4,2,1,2,2,1,1,1,1,1,1,1,1,1,1,1,1,1,2,1,1,738213.24,4329210.298,-15.443,Cob,17044,0,0,0,5,1
13267,4,2008460002333,3,3,24,6,1,3,1,CV-590,51.1,51,1,0,1,5,3,2,3,3,2,1,2,1,1,1,7,7,8,1,4,1,9,14,3,1,1,NaN,1,NaN,NaN,,NaN,,NaN,,NaN,61,60,NaN,1,4,1,1,1,1,1,1,1,1,1,1,1,1,1,2,1,1,1,2,1,1,701955.267,4318707.18,240.782,Cob,5352,0,0,0,20,1
13269,4,2008460002344,3,3,24,4,1,1,2,CV-40,2.5,2,5,0,1,2,3,2,3,4,2,2,2,2,2,2,7,7,8,1,1,1,9,14,3,1,3,NaN,1,NaN,30,32,NaN,,NaN,,NaN,NaN,NaN,NaN,1,4,1,1,1,1,1,1,1,2,1,1,1,1,1,1,1,1,1,2,1,1,710232.528,4317760.819,110.224,Cob,20544,0,0,0,13,1
13270,4,2008460002391,3,3,25,2,2,1,1,CV-50,24.5,24,5,0,1,5,3,2,2,4,2,2,2,1,2,2,7,7,5,1,5,1,9,14,3,1,1,NaN,1,NaN,NaN,,NaN,,NaN,,NaN,54,50,NaN,1,4,1,1,1,1,2,1,1,1,1,1,1,1,1,1,1,1,1,2,1,1,719606.066,4338463.305,-7.17,Sec,27865,0,0,0,6,1
13271,4,2008460002412,3,3,26,3,3,1,1,CV-590,57.6,57,6,0,1,5,2,2,3,3,2,1,2,2,2,2,7,7,8,1,1,1,9,14,3,1,1,NaN,1,NaN,NaN,,NaN,,NaN,,NaN,54,50,NaN,1,4,1,1,1,1,1,2,2,1,1,1,1,1,1,1,1,1,1,2,1,1,706889.656,4320957.075,125.569,Sec,6940,0,0,1,7,2
13272,4,2008460002432,3,3,27,5,4,1,1,CV-365,1,1,0,0,1,7,2,2,3,3,2,1,2,1,1,1,7,7,8,1,1,1,9,14,3,1,1,NaN,1,NaN,NaN,,NaN,,NaN,,NaN,54,50,NaN,1,4,2,1,1,1,1,2,1,1,1,1,1,1,1,1,1,1,1,2,1,1,720863.867,4376619.819,39.486,Sec,45897,0,0,1,15,1
13274,4,2008460002437,3,3,27,6,4,1,2,CV-403,0,0,0,1,1,5,2,2,3,3,2,2,2,1,1,1,7,7,8,1,3,1,9,14,2,1,1,NaN,1,4,NaN,,NaN,,NaN,,NaN,NaN,NaN,NaN,1,4,2,1,1,1,1,1,2,1,1,1,1,1,1,1,1,1,1,2,1,1,719126.098,4369170.972,24.09,Cob,17665,0,0,0,22,1
13277,4,2008460002445,3,3,29,1,6,2,1,CV-610,14,14,0,0,1,5,3,1,4,3,2,1,1,1,1,1,7,7,8,1,4,1,2,14,2,1,3,NaN,1,NaN,NaN,,NaN,,NaN,,NaN,63,60,NaN,1,4,2,1,2,1,1,2,1,1,1,1,1,1,1,1,1,1,1,2,1,1,725745.412,4314240.333,205.857,Cob,3247,0,1,2,2,3
13278,4,2008460002446,3,3,25,6,2,4,1,CV-35,67.4,67,4,0,1,3,2,2,3,3,2,1,2,1,1,1,7,7,8,3,5,4,9,14,3,1,1,NaN,1,NaN,NaN,,21,24,NaN,,NaN,NaN,NaN,NaN,1,4,1,1,1,1,1,1,1,1,1,1,1,1,1,1,1,1,2,2,1,1,671113.887,4402632.791,469.818,Pri,2455,0,0,0,20,1
13282,4,2008460002448,3,3,28,4,5,1,2,CV-36,5.5,5,5,0,1,2,2,2,3,4,2,2,2,2,2,2,7,7,5,1,1,1,9,8,1,1,1,NaN,1,4,NaN,,NaN,,NaN,,NaN,NaN,NaN,NaN,1,4,2,1,1,1,1,1,1,1,1,1,1,1,1,1,1,1,1,2,1,1,712775.714,4368888.734,57.433,Cob,38015,0,0,3,14,1
13284,4,2008460002450,3,3,27,2,4,1,2,CV-33,0.5,0,5,0,1,5,2,2,3,3,2,1,2,1,1,1,5,1,8,1,1,1,9,14,2,1,1,NaN,1,3,NaN,,NaN,,NaN,,NaN,NaN,NaN,NaN,1,4,1,1,1,1,1,1,2,1,1,1,1,1,1,1,1,1,1,2,1,1,717247.393,4371527.21,32.058,Cob,32997,0,0,1,6,6
13285,4,2008460002453,3,3,30,4,7,3,1,CV-40,12,12,0,1,1,2,3,2,3,4,2,2,2,1,2,2,7,7,8,9,1,1,9,14,3,1,1,NaN,2,NaN,NaN,,NaN,,12,9,NaN,NaN,NaN,NaN,1,4,1,1,1,1,1,1,1,2,1,1,1,1,1,1,1,1,1,2,1,1,710184.224,4308104.68,268.057,Cob,22336,0,0,1,11,1
13287,4,2008460002454,3,3,28,5,5,1,2,CV-40,0.2,0,2,0,1,2,3,2,3,4,2,2,2,2,2,2,7,7,8,1,1,1,9,14,1,1,1,NaN,2,NaN,NaN,,NaN,,NaN,,NaN,NaN,NaN,71,1,4,2,1,2,1,1,1,1,1,1,1,2,2,1,1,1,1,1,2,1,2,709562.067,4319153.073,154.413,Cob,20544,0,0,1,16,5
13290,4,2008460002457,3,3,30,4,7,3,1,CV-590,58,58,0,0,1,5,3,2,3,3,2,1,2,2,1,1,7,7,5,1,1,1,9,14,1,1,1,NaN,2,NaN,NaN,,NaN,,NaN,,66,NaN,60,NaN,1,4,1,1,1,1,1,1,1,1,1,1,1,1,1,1,1,2,1,2,1,1,707309.791,4320984.996,139.451,Sec,6940,0,0,1,11,2
13292,4,2008460002459,3,3,29,3,6,2,2,CV-50,28.6,28,6,0,1,5,3,2,3,3,2,2,1,1,1,1,5,1,4,1,1,1,9,14,3,1,1,NaN,1,3,NaN,,NaN,,NaN,,NaN,NaN,NaN,NaN,1,4,1,1,1,1,1,1,2,1,1,1,1,1,1,1,1,1,1,2,1,1,716586.23,4341067.513,1.854,Cob,14945,0,0,1,9,6
13295,4,2008460002462,3,3,29,4,6,2,2,CV-60,30.1,30,1,1,1,5,3,2,3,4,2,2,2,1,2,2,7,7,8,1,1,1,9,14,1,1,3,NaN,2,4,NaN,,NaN,,NaN,,NaN,NaN,NaN,NaN,1,4,1,1,1,1,1,1,2,1,1,1,1,1,1,1,1,1,1,2,1,1,718133.725,4308246.528,147.509,Cob,12836,0,0,2,11,2
13296,4,2008460002472,3,3,30,3,7,3,1,CV-300,8.1,8,1,0,1,5,2,2,3,3,2,1,2,1,1,1,5,1,4,1,1,1,9,14,1,1,1,NaN,1,NaN,NaN,,NaN,,NaN,,NaN,64,60,NaN,1,4,2,2,1,1,1,1,1,1,1,1,1,1,1,1,1,1,1,2,1,1,728706.327,4382029.053,22.249,Cob,11362,0,0,2,7,6
13299,4,2008460002477,3,3,30,4,7,3,3,CV-35,12,12,0,0,1,2,3,2,3,4,2,2,2,1,1,1,7,7,8,1,1,1,9,8,3,1,1,NaN,2,5,NaN,,NaN,,NaN,,NaN,NaN,NaN,NaN,2,4,2,1,1,1,1,1,2,1,1,1,1,1,1,1,1,1,1,2,1,1,714879.194,4382530.859,92.225,Per,97287,0,0,1,12,1