Id,Ano,Numero_Accidente,Provincia,Mes,Dia,Hora,Dia_Semana,Tipo_Dia,Vehiculos_Implicados,Carretera,Pk,Km,Hm,Sentido,Zona,Tipo_Via,Anchura_Calzada,Anchura_Carril,Marcas_Viales,Arcen,Arcen_Pavimentado,Mediana,Barrera_Seguridad,Paneles_Direccionales,Hitos_Arista,Captafaros,Interseccion_Tipo,Interseccion_Acondicionamiento,Prioridad_Regulada_por,Superficie,Luminosidad,Factores_Atmosfericos,Visibilidad_Restringida_por,Otras_Circunstancias,Senalizacion_Peligro,Aceras,Arboles,Arboles_Metros_Calzada,Visibilidad_Senalizacion_Vertical,Colision_Vehiculos_Marcha,Colision_Vehiculo_Obstaculo_1,Colision_Vehiculo_Obstaculo_2,Atropello_1,Atropello_2,Vuelco_1,Vuelco_2,Salida_Sin_Colision,Salida_Con_Colision,Lado_Salida,Otro,Circulacion,Circulacion_Medidas_Especiales,Distraccion,Inexperiencia_Conductor,Alcohol_Drogas,Cansancio_Sueno,Enfermedad,Velocidad_Inadecuada,Infraccion_Norma_Circulacion,Estado_Condicion_Via,Estado_Condicion_Senalizacion,Tramo_Obras,Mal_Estado_Vehiculo,Averia_Mecanica,Meteorologia_Adversa,Irrupcion_Animal,Circular_Sentido_Contrario,Otro_Factor,Sin_Opinion_Definida,Pendiente,Curvatura,Peralte,GPS_x,GPS_y,GPS_z,Tipo_Est,IMD,N_Muertos,N_Graves,N_Leves,Hora_Real,Fuera_o_Interseccion
13303,4,2008460002479,3,3,29,3,6,2,2,CV-245,18,18,0,0,1,5,3,2,3,3,2,1,1,1,1,1,1,1,8,1,1,1,9,14,3,1,1,NaN,2,4,NaN,,NaN,,NaN,,NaN,NaN,NaN,NaN,1,4,2,1,1,1,1,1,1,1,1,1,1,1,1,1,1,1,1,2,1,1,698232.789,4409260.23,814.602,Cob,718,0,0,0,10,6
13305,4,2008460002491,3,3,29,4,6,2,2,CV-35,14,14,0,1,1,2,3,2,3,4,2,2,2,1,2,2,4,1,8,1,1,1,9,8,1,1,1,NaN,2,3,NaN,,NaN,,NaN,,NaN,NaN,NaN,NaN,1,4,1,1,1,1,1,1,1,1,1,2,1,1,1,1,1,1,1,2,1,1,662386.877,4419383.786,895.429,Per,78771,0,0,0,13,6
13308,4,2008460002499,3,3,31,6,1,3,2,CV-35,33.5,33,5,1,1,2,2,2,3,1,2,1,1,1,1,1,7,7,8,1,4,1,9,8,2,1,1,NaN,1,2,NaN,,NaN,,NaN,,NaN,NaN,NaN,NaN,1,4,2,1,1,1,1,1,1,1,1,1,1,1,1,1,1,1,1,2,1,1,667853.12,4404716.168,575.141,Per,15481,0,0,4,21,1
13309,4,2008460002531,3,4,2,2,3,1,1,CV-306,1.5,1,5,1,1,5,3,2,3,3,2,1,1,1,1,1,7,7,8,1,5,1,9,8,1,1,3,NaN,3,NaN,NaN,,NaN,,NaN,,NaN,62,60,NaN,1,4,1,1,1,1,1,1,1,1,2,1,1,1,1,1,1,1,1,2,2,1,730753.162,4388087.512,1.504,Cob,8060,0,0,0,6,5
13310,4,2008460002541,3,4,2,4,3,1,1,CV-400,5,5,0,0,1,5,2,3,3,3,2,1,2,1,1,1,5,1,4,1,1,1,9,14,1,1,1,NaN,1,NaN,NaN,,NaN,,NaN,,66,NaN,60,NaN,1,4,1,1,1,1,1,1,1,1,1,1,1,1,1,1,1,2,1,2,1,1,722737.802,4365110.194,-6.484,Cob,21381,0,0,1,14,6
13312,4,2008460002551,3,4,2,3,3,1,2,CV-42,5,5,0,0,1,5,3,2,3,3,2,1,1,1,1,1,5,1,4,1,2,1,9,14,1,1,1,NaN,2,4,NaN,,NaN,,NaN,,NaN,NaN,NaN,NaN,1,4,1,1,1,1,1,1,2,1,1,1,1,1,1,1,1,1,1,2,1,1,720190.807,4342738.596,4.808,Cob,6611,0,0,1,7,6
13313,4,2008460002565,3,4,5,2,6,2,1,CV-35,70.9,70,9,1,1,5,2,3,2,1,2,1,1,1,1,1,7,7,8,1,5,1,9,14,3,1,1,NaN,1,NaN,NaN,,NaN,,NaN,,67,NaN,60,NaN,1,4,2,1,2,1,1,1,1,1,1,1,1,1,1,1,1,1,1,2,1,1,698787.129,4394415.346,218.781,Cob,2496,0,0,1,6,1
13314,4,2008460002570,3,4,3,4,4,1,1,CV-35,25,25,0,1,1,2,2,2,3,3,2,2,2,1,1,1,7,7,8,1,1,1,9,8,1,1,1,NaN,1,NaN,NaN,,NaN,,NaN,,NaN,64,60,NaN,1,4,2,1,1,1,1,1,1,1,1,1,1,1,1,1,1,1,1,2,1,1,663021.135,4409996.529,896.455,Per,31868,0,0,0,12,1
13317,4,2008460002580,3,4,3,3,4,1,3,CV-35,8.3,8,3,0,1,2,2,2,3,4,2,2,2,2,2,2,7,7,8,1,1,1,9,14,3,1,1,NaN,1,5,NaN,,NaN,,NaN,,NaN,NaN,NaN,NaN,1,4,2,1,1,1,1,1,2,1,1,1,1,1,1,1,1,1,1,2,1,1,717997.993,4380723.919,91.675,Per,100952,0,0,0,8,1
13321,4,2008460002586,3,4,2,4,3,1,2,CV-35,9,9,0,0,1,2,2,3,3,4,2,2,2,2,2,2,3,1,8,1,1,1,9,14,3,1,1,NaN,1,4,NaN,,NaN,,NaN,,NaN,NaN,NaN,NaN,1,4,1,1,1,1,1,1,1,1,1,1,1,1,1,1,1,1,2,2,1,1,717369.299,4381014.853,95.977,Per,62359,0,0,0,12,6
13323,4,2008460002594,3,4,4,3,5,1,2,CV-25,1,1,0,0,1,5,3,2,3,3,2,2,2,1,2,2,5,1,8,1,2,1,9,14,2,1,1,NaN,1,3,NaN,,NaN,,NaN,,NaN,NaN,NaN,NaN,1,4,1,1,1,1,1,1,2,1,1,1,1,1,1,1,1,1,1,2,1,1,707525.075,4391149.521,158.589,Sec,10653,0,0,0,7,6
13324,4,2008460002595,3,4,5,4,6,2,1,CV-35,28,28,0,0,1,2,3,2,3,3,2,1,2,2,1,2,7,7,8,1,1,1,9,8,3,1,1,NaN,1,NaN,30,32,NaN,,NaN,,NaN,NaN,NaN,NaN,1,4,1,1,1,1,1,1,1,1,1,1,1,1,1,1,1,1,2,2,1,1,703978.766,4390947.283,147.526,Per,15481,0,0,0,12,4
13327,4,2008460002598,3,4,5,6,6,1,2,CV-31,0,0,0,0,1,5,2,2,3,3,2,2,2,2,2,2,7,7,8,1,1,1,9,14,2,1,1,NaN,1,4,NaN,,NaN,,NaN,,NaN,NaN,NaN,NaN,1,4,2,1,1,1,1,1,1,1,1,1,1,1,1,1,1,1,1,2,1,1,721113.281,4374710.606,8.439,Cob,56596,0,0,0,19,1
13329,4,2008460002599,3,4,4,4,5,1,2,CV-610,0.8,0,8,0,1,5,2,3,3,1,2,2,1,1,1,2,7,7,8,1,1,1,9,14,1,1,1,NaN,2,3,NaN,,NaN,,NaN,,NaN,NaN,NaN,NaN,1,4,1,1,1,1,1,1,1,1,1,1,1,1,1,1,1,2,1,2,1,1,716127.832,4318903.372,80.382,Cob,4644,0,0,0,13,1
13332,4,2008460002605,3,4,5,4,6,2,1,CV-40,4.4,4,4,0,1,2,3,2,3,5,2,2,2,2,2,2,7,7,8,1,1,1,9,14,3,1,1,NaN,2,NaN,NaN,,NaN,,NaN,,NaN,64,60,NaN,1,4,2,1,1,1,1,1,1,1,1,1,1,1,1,1,1,1,1,2,1,1,711044.749,4316192.291,124.193,Per,0,0,0,1,11,2
13334,4,2008460002607,3,4,5,6,6,2,2,CV-41,15.9,15,9,1,1,5,2,3,3,3,2,1,2,1,2,2,1,2,8,1,1,1,9,14,1,1,1,NaN,1,4,NaN,,NaN,,NaN,,NaN,NaN,NaN,NaN,1,4,1,1,1,1,1,1,1,1,1,1,1,1,1,1,1,1,2,2,1,1,719354.121,4332560.5,-0.016,Cob,8790,0,0,0,17,6
13335,4,2008460002610,3,4,5,2,6,2,1,CV-35,13,13,0,0,1,2,3,2,3,3,2,2,2,1,2,2,7,7,8,1,5,1,9,8,1,1,3,NaN,2,NaN,NaN,,NaN,,NaN,,NaN,52,50,NaN,1,4,2,1,1,2,1,1,1,1,1,1,1,1,1,1,1,1,1,2,1,1,714023.599,4383213.042,99.529,Per,97287,0,1,0,6,1
13337,4,2008460002624,3,4,7,4,1,1,2,CV-35,17,17,0,1,1,2,2,2,3,4,2,2,2,2,2,2,7,7,8,7,1,1,9,8,1,1,1,NaN,1,3,NaN,,NaN,,NaN,,NaN,NaN,NaN,NaN,1,4,2,1,1,1,1,1,1,1,1,1,1,1,1,1,1,1,1,2,1,1,662757.921,4416523.85,866.802,Per,51759,0,0,0,12,1
13339,4,2008460002640,3,4,8,3,2,1,2,CV-60,6.4,6,4,0,1,5,2,2,3,4,2,1,1,1,2,2,5,6,4,1,1,1,9,14,1,1,3,NaN,2,2,NaN,,NaN,,NaN,,NaN,NaN,NaN,NaN,1,4,2,1,1,1,1,1,2,1,1,1,1,1,1,1,1,1,1,2,1,1,716228.279,4308439.9,175.286,Cob,9364,0,0,0,10,6
13340,4,2008460002645,3,4,8,2,2,1,1,CV-410,1.3,1,3,1,1,5,2,3,3,3,2,1,2,1,1,1,5,1,8,1,3,1,9,8,3,1,1,NaN,1,NaN,NaN,,NaN,,NaN,,NaN,NaN,NaN,71,1,4,1,1,1,1,1,1,1,2,1,1,1,1,1,1,1,1,1,2,1,1,717195.664,4372406.532,37.242,Cob,15129,0,0,1,6,6
13341,4,2008460002650,3,4,9,6,3,1,1,CV-81,8.5,8,5,1,1,5,3,2,3,3,2,1,2,2,1,1,7,7,5,1,1,1,9,14,1,1,3,NaN,2,NaN,NaN,,NaN,,12,9,NaN,NaN,NaN,NaN,1,4,1,1,1,1,1,2,1,1,1,1,1,1,1,1,1,1,1,2,1,1,681044.314,4278258.539,461.52,Cob,5778,0,0,0,17,5
13342,4,2008460002654,3,4,8,1,2,1,1,CV-403,3.3,3,3,0,1,5,3,2,3,4,2,1,2,2,2,2,7,7,8,1,3,1,9,14,1,1,3,NaN,2,NaN,NaN,,NaN,,NaN,,NaN,54,50,NaN,1,4,1,1,2,1,1,2,1,1,1,1,1,1,1,1,1,1,1,2,1,1,719097.832,4370230.115,22.806,Sec,15075,0,0,0,23,5
13343,4,2008460002662,3,4,11,1,5,1,1,CV-50,16.5,16,5,0,1,5,3,2,3,3,2,1,1,2,1,1,7,7,8,1,5,1,9,14,1,1,3,NaN,2,NaN,NaN,,NaN,,NaN,,66,NaN,60,NaN,1,4,1,1,1,1,1,1,1,1,1,1,1,1,1,1,1,2,1,2,1,1,724742.258,4333166.356,13.7,Cob,10467,0,0,2,4,1
13344,4,2008460002663,3,4,5,4,6,2,1,CV-31,2,2,0,0,1,5,2,2,3,3,2,2,2,2,2,2,7,7,8,1,1,1,9,14,3,1,1,NaN,1,NaN,NaN,,NaN,,NaN,,NaN,54,50,NaN,1,4,1,1,1,1,1,1,1,1,1,1,1,1,1,1,1,1,2,2,1,1,720883.481,4376267.103,21.509,Cob,41907,0,0,1,12,1
13345,4,2008460002665,3,4,11,1,5,1,1,CV-500,6.5,6,5,0,1,5,2,3,2,3,2,1,2,1,1,1,5,1,4,1,5,1,9,14,3,1,1,NaN,1,NaN,NaN,,NaN,,NaN,,NaN,54,50,NaN,1,4,2,1,1,1,1,2,2,1,1,1,1,1,1,1,1,1,1,2,1,1,729660.794,4364143.905,-17.925,Cob,18575,0,0,0,1,6
13347,4,2008460002666,3,4,11,2,5,1,1,CV-33,1.5,1,5,0,1,5,3,2,3,4,2,2,2,2,2,2,7,7,8,1,5,1,9,14,3,1,1,NaN,2,NaN,NaN,,21,24,NaN,,NaN,NaN,NaN,NaN,1,4,1,1,1,1,1,1,1,1,1,1,1,1,1,2,1,1,1,2,1,1,717251.566,4372390.591,35.442,Cob,30062,0,0,1,6,1
13352,4,2008460002668,3,4,10,6,4,1,5,CV-412,0,0,0,0,1,5,2,2,3,4,2,1,1,1,1,1,7,7,8,1,1,1,9,14,3,1,1,NaN,1,4,NaN,,NaN,,NaN,,NaN,NaN,NaN,NaN,2,4,2,1,1,1,1,1,1,1,1,1,1,1,1,1,1,1,1,2,1,1,725704.222,4365753.575,-15.056,NaN,0,0,0,1,19,1
13354,4,2008460002671,3,4,11,4,5,1,2,CV-550,3.1,3,1,0,1,5,3,2,3,3,2,1,1,1,2,2,7,7,8,1,1,1,9,8,1,1,1,NaN,2,4,NaN,,NaN,,NaN,,NaN,NaN,NaN,NaN,1,4,1,1,1,1,1,1,2,1,1,1,1,1,1,1,1,1,1,2,1,1,717006.092,4334713.284,-3.523,Cob,14067,0,0,0,14,1
13355,4,2008460002674,3,4,11,6,5,1,1,CV-50,35.7,35,7,1,1,5,3,2,3,3,2,1,1,1,2,2,7,7,8,1,1,1,9,14,3,1,1,NaN,2,NaN,NaN,,NaN,,NaN,,NaN,62,60,NaN,1,4,2,1,1,1,1,1,1,1,1,1,1,1,1,1,1,1,1,2,1,1,700478.356,4359861.124,189.846,Cob,4710,0,0,1,19,1
13356,4,2008460002677,3,4,12,2,6,2,1,CV-31,2.2,2,2,0,1,5,2,2,3,4,2,2,2,2,2,2,4,6,8,1,5,1,9,14,1,1,1,NaN,2,NaN,NaN,,NaN,,NaN,,NaN,53,50,NaN,1,4,1,1,2,1,1,2,1,1,1,1,1,1,1,1,1,1,1,2,1,1,720826.13,4376452.945,21.039,Cob,51056,0,0,0,6,6
13357,4,2008460002685,3,4,12,4,6,2,1,CV-60,20.1,20,1,0,1,5,3,2,2,3,2,1,2,1,2,2,7,7,8,1,1,1,9,14,3,1,1,NaN,1,NaN,NaN,,NaN,,NaN,,NaN,64,60,NaN,1,4,2,1,1,2,1,1,1,1,1,1,1,1,1,1,1,1,1,2,1,1,729064.035,4307758.279,279.14,Cob,9487,0,0,1,12,2
13359,4,2008460002692,3,4,14,3,1,4,2,CV-30,1.1,1,1,1,1,2,3,2,3,5,2,2,2,1,2,2,7,7,8,1,1,1,9,14,2,1,3,NaN,2,4,NaN,,NaN,,NaN,,NaN,NaN,NaN,NaN,2,4,1,1,1,1,1,1,2,1,1,1,1,1,1,1,1,1,1,2,1,1,721397.698,4374926.014,10.026,Pri,72128,0,1,0,8,1
13361,4,2008460002693,3,4,10,3,4,1,2,CV-35,9.6,9,6,1,1,2,3,2,3,3,2,2,2,1,1,1,7,7,5,1,1,1,9,8,1,1,1,NaN,2,NaN,30,32,NaN,,NaN,,NaN,NaN,NaN,NaN,1,4,1,1,1,1,1,1,1,1,1,2,1,1,1,1,1,1,1,2,1,1,659017.134,4421480.576,938.008,Per,62359,0,0,0,8,1
13363,4,2008460002694,3,4,10,4,4,1,2,CV-333,1.5,1,5,0,1,5,3,2,3,3,2,1,1,1,1,1,5,1,5,1,1,1,9,14,2,1,1,NaN,2,3,NaN,,NaN,,NaN,,NaN,NaN,NaN,NaN,1,4,1,1,1,1,1,1,2,1,1,1,1,1,1,1,1,1,1,2,1,1,717615.106,4387514.049,90.237,Sec,7328,0,0,1,11,6
13365,4,2008460002703,3,4,15,4,2,1,2,CV-50,12.9,12,9,0,2,5,3,2,3,3,2,1,1,1,1,1,7,7,8,1,1,1,8,14,3,1,3,NaN,2,NaN,NaN,,NaN,,NaN,,NaN,NaN,NaN,71,1,4,1,1,1,1,1,1,2,1,1,1,1,1,1,1,1,1,1,2,1,1,727627.857,4331281.423,52.707,Cob,10467,0,0,0,12,1
13368,4,2008460002720,3,4,14,3,1,1,2,CV-41,4.2,4,2,1,1,5,2,2,3,3,2,1,1,1,1,2,7,7,8,1,1,1,9,14,1,1,3,NaN,2,4,NaN,,NaN,,NaN,,NaN,NaN,NaN,NaN,1,4,1,1,1,1,1,1,2,1,1,1,1,1,1,1,1,1,1,2,1,1,715931.659,4322678.316,49.556,Cob,16071,0,0,0,9,1
13369,4,2008460002734,3,4,10,4,4,1,1,CV-32,10,10,0,0,1,5,3,2,3,3,2,2,2,2,2,2,5,1,4,1,1,1,9,14,1,1,1,NaN,2,NaN,NaN,,NaN,,12,9,NaN,NaN,NaN,NaN,1,4,1,1,1,1,1,1,1,1,1,1,1,1,1,1,1,2,1,2,1,1,725162.785,4386863.603,49.45,NaN,0,0,0,1,12,6
13370,4,2008460002753,3,4,17,1,4,1,1,CV-35,10,10,0,0,1,2,2,2,3,4,2,2,2,2,2,2,7,7,8,1,4,1,9,8,1,1,1,NaN,1,NaN,NaN,,NaN,,NaN,,56,NaN,50,NaN,1,4,2,1,1,1,1,2,1,1,1,1,1,1,1,1,1,1,1,2,1,1,716342.895,4381368.696,84.738,Per,62359,0,0,1,2,5
13372,4,2008460002757,3,4,12,4,6,1,2,CV-300,6.9,6,9,0,1,5,2,2,3,3,2,1,2,1,1,1,5,1,4,1,1,1,9,14,1,1,1,NaN,1,2,NaN,,NaN,,NaN,,NaN,NaN,NaN,NaN,1,4,1,1,1,1,1,1,2,1,1,1,1,1,1,1,1,1,1,2,1,1,729210.79,4383026.963,20.376,Sec,16047,0,0,1,14,6
13374,4,2008460002760,3,4,14,3,1,1,2,CV-400,1,1,0,0,1,5,2,2,3,3,2,1,2,1,1,1,7,7,4,1,1,1,9,14,1,1,1,NaN,1,4,NaN,,NaN,,NaN,,NaN,NaN,NaN,NaN,1,4,1,1,1,1,1,1,2,1,1,1,1,1,1,1,1,1,1,2,1,1,724053.199,4368653.32,-1.294,Sec,50900,0,0,1,7,1
13375,4,2008460002787,3,4,16,4,3,1,1,CV-32,0.5,0,5,1,1,5,3,2,4,3,2,2,2,2,2,2,5,1,4,1,1,1,9,14,1,1,3,NaN,2,NaN,NaN,,NaN,,NaN,,NaN,63,60,NaN,1,4,2,1,2,1,1,1,1,1,1,1,1,1,1,1,1,1,1,2,1,1,725218.233,4386733.151,44.25,Per,23936,0,0,0,14,6
13377,4,2008460002791,3,4,19,1,6,2,2,CV-550,4.5,4,5,1,1,5,3,2,3,2,2,1,2,2,2,2,7,7,8,1,4,1,9,14,3,1,3,NaN,2,3,NaN,,NaN,,NaN,,NaN,NaN,NaN,NaN,1,4,1,1,1,1,1,1,2,1,1,1,1,1,1,1,1,1,1,2,2,1,717170.658,4334805.572,-6.837,Cob,14067,0,0,0,1,1
13379,4,2008460002796,3,4,17,5,4,1,2,CV-35,25,25,0,1,1,2,2,2,3,4,2,2,2,2,2,2,7,7,4,1,1,1,9,14,2,1,1,NaN,1,4,NaN,,NaN,,NaN,,NaN,NaN,NaN,NaN,1,4,2,1,1,1,1,1,1,1,1,1,1,1,1,1,1,1,1,2,1,1,663021.135,4409996.529,896.455,Per,31868,0,0,2,15,1
13382,4,2008460002798,3,4,17,6,4,1,3,CV-35,3,3,0,1,1,2,2,2,3,4,2,2,2,2,2,2,7,7,8,1,1,1,9,14,3,1,1,NaN,1,5,NaN,,NaN,,NaN,,NaN,NaN,NaN,NaN,1,4,2,1,1,1,1,1,2,1,1,1,1,1,1,1,1,1,1,2,1,1,654462.088,4422571.739,887.738,Per,127608,0,0,1,19,1
13384,4,2008460002805,3,4,17,4,4,1,2,CV-35,8.5,8,5,1,1,2,3,2,3,1,2,2,2,1,1,1,7,7,8,1,1,1,9,14,1,1,1,NaN,2,4,NaN,,NaN,,NaN,,NaN,NaN,NaN,NaN,1,4,2,1,1,1,1,1,1,1,1,1,1,1,1,1,1,1,1,2,1,1,658087.343,4421872.418,977.319,Per,62359,0,0,1,13,1
13386,4,2008460002808,3,4,15,3,2,1,2,CV-35,7.9,7,9,0,1,2,2,2,3,4,2,2,2,2,2,2,7,7,5,1,1,1,9,14,3,1,1,NaN,1,3,NaN,,NaN,,NaN,,NaN,NaN,NaN,NaN,1,4,1,1,1,1,1,1,2,1,1,1,1,1,1,1,1,1,1,2,1,1,718313.367,4380472.539,86.029,Per,100952,0,0,0,9,1
13390,4,2008460002819,3,4,20,4,7,3,1,CV-610,21.6,21,6,1,1,5,2,3,3,1,2,1,1,1,1,1,7,7,8,1,1,1,9,14,3,1,3,NaN,1,NaN,NaN,,NaN,,NaN,,56,NaN,50,NaN,1,4,2,1,1,1,1,1,1,1,1,1,1,1,1,1,1,1,1,2,1,2,718465.115,4318612.546,93.57,Cob,2933,0,0,0,11,3
13392,4,2008460002832,3,4,16,6,3,1,2,CV-35,15,15,0,0,1,2,2,3,3,1,2,2,1,1,1,1,7,7,8,1,3,1,9,8,3,1,1,NaN,1,4,NaN,,NaN,,NaN,,NaN,NaN,NaN,NaN,1,4,1,1,1,1,1,1,1,1,1,1,1,1,1,1,1,1,2,2,1,1,712443.922,4384231.652,90.159,Per,78771,0,0,0,22,1
13393,4,2008460002845,3,4,19,2,6,2,1,CV-35,15.8,15,8,0,1,2,3,2,3,3,2,2,2,1,1,1,4,1,8,1,4,1,9,14,2,1,1,NaN,1,NaN,NaN,,NaN,,NaN,,66,NaN,60,NaN,1,4,1,1,1,1,1,1,1,2,1,2,1,1,1,1,1,1,1,2,1,1,711835.167,4384746.596,80.358,Per,78771,0,0,1,6,6
13394,4,2008460002852,3,4,21,2,1,1,1,CV-60,11,11,0,1,1,5,3,2,3,3,2,1,2,1,1,1,7,7,8,1,5,1,9,14,3,1,1,NaN,1,NaN,NaN,,NaN,,NaN,,NaN,64,60,NaN,1,4,1,1,1,1,1,1,1,1,1,1,1,2,1,1,1,1,1,2,1,1,735481.503,4310636.079,134.138,Cob,10455,0,0,0,6,1
13396,4,2008460002872,3,4,22,5,2,1,2,CV-35,11,11,0,1,1,2,3,2,3,2,2,2,2,1,2,2,7,7,5,1,1,1,9,8,1,1,3,NaN,2,NaN,NaN,,NaN,,12,9,NaN,NaN,NaN,NaN,2,4,2,1,1,1,1,2,2,1,1,1,1,1,1,1,1,1,1,2,1,1,660247.686,4420870.323,907.356,Per,97287,0,2,0,16,2
13398,4,2008460002893,3,4,20,6,7,3,2,CV-400,1.2,1,2,0,1,5,3,2,3,3,2,2,2,2,2,2,5,1,4,1,3,1,9,14,1,1,3,NaN,2,1,NaN,,NaN,,NaN,,NaN,NaN,NaN,NaN,1,4,1,1,2,1,1,1,2,1,1,1,1,1,1,1,2,1,1,2,1,1,723966.411,4368475.226,-1.812,Sec,50900,0,0,2,21,6
13399,4,2008460002903,3,4,23,4,3,1,1,CV-407,3.6,3,6,0,1,5,3,2,3,3,2,1,1,2,2,2,5,1,8,1,1,1,9,14,1,1,1,NaN,2,NaN,NaN,,NaN,,NaN,,NaN,64,60,NaN,1,4,2,1,2,1,1,1,1,1,1,1,1,1,1,1,1,1,1,2,1,1,724165.796,4367994.431,-6.426,Sec,23334,0,0,0,13,6
13400,4,2008460002937,3,4,22,3,2,1,1,CV-306,1.5,1,5,0,1,5,3,2,3,3,2,1,1,1,1,1,5,1,4,1,1,1,9,8,1,1,1,NaN,2,NaN,NaN,,NaN,,NaN,,NaN,63,60,NaN,1,4,2,1,2,1,1,1,1,1,1,1,1,1,1,1,1,1,1,2,1,1,730473.979,4386612.119,-2.095,Cob,8060,0,0,0,8,6
13402,4,2008460002954,3,4,24,6,4,1,1,CV-35,4,4,0,0,1,2,3,2,3,4,2,2,2,1,2,2,4,1,5,1,1,1,9,14,3,1,3,NaN,2,NaN,NaN,,NaN,,NaN,,NaN,52,50,NaN,1,4,2,1,1,1,1,1,1,1,1,1,1,1,1,1,1,1,1,2,1,1,720724.843,4377649.703,55.333,Per,127608,0,0,2,18,6
13405,4,2008460002957,3,4,27,6,7,3,3,CV-500,9,9,0,1,1,5,3,2,3,3,2,1,1,1,2,2,7,7,8,1,1,1,9,14,1,1,1,NaN,2,4,NaN,,NaN,,NaN,,NaN,NaN,NaN,NaN,2,4,2,1,1,1,1,1,1,1,1,1,1,1,1,1,1,1,1,2,2,2,735451.379,4349951.161,-17.197,Cob,18575,0,2,0,19,1
13406,4,2008460002967,3,4,28,3,1,4,1,CV-590,56.7,56,7,0,1,5,3,2,2,3,2,1,2,2,1,1,7,7,8,1,1,1,9,14,1,1,1,NaN,1,NaN,NaN,,NaN,,NaN,,NaN,64,60,NaN,1,4,2,1,1,1,1,1,1,1,1,1,1,1,1,1,1,1,1,2,1,1,706137.93,4320984.086,165.438,Sec,6940,0,0,0,10,5
13408,4,2008460002977,3,4,28,3,1,1,2,CV-400,1.2,1,2,0,1,5,2,2,3,4,2,1,2,1,1,1,5,1,4,1,1,1,9,14,1,1,1,NaN,1,4,NaN,,NaN,,NaN,,NaN,NaN,NaN,NaN,1,4,2,1,1,1,1,1,1,1,1,1,1,1,1,1,1,1,1,2,1,1,723966.411,4368475.226,-1.812,Sec,50900,0,0,0,7,6
13409,4,2008460002979,3,4,29,4,2,1,1,CV-500,12.9,12,9,0,1,5,3,2,3,3,2,1,1,1,1,1,7,7,8,1,1,1,9,14,2,1,1,NaN,1,NaN,NaN,,NaN,,NaN,,57,NaN,50,NaN,1,4,1,1,1,1,1,1,1,1,1,1,1,1,1,1,1,1,2,2,1,1,731212.644,4358065.565,-14.535,Sec,11773,0,0,1,14,1
13410,4,2008460002990,3,4,25,6,5,2,1,CV-50,91.4,91,4,0,1,5,3,2,3,3,2,1,2,1,1,1,7,7,8,1,2,1,9,13,1,1,1,NaN,1,NaN,NaN,,NaN,,NaN,,NaN,54,50,NaN,1,4,2,1,1,1,1,1,1,1,1,1,1,1,1,1,1,1,1,2,1,1,705926.469,4387352.776,131.174,Per,6934,0,0,0,20,1
13411,4,2008460002996,3,4,29,4,2,1,1,CV-81,7.2,7,2,0,1,5,2,3,3,2,2,1,2,2,2,1,7,7,8,1,1,1,9,14,1,1,1,NaN,2,NaN,NaN,,NaN,,NaN,,NaN,NaN,NaN,71,1,4,1,1,1,1,1,1,1,1,1,1,1,1,1,1,1,2,1,2,2,1,707477.007,4297362.817,381.648,Cob,5778,0,0,0,12,5
13413,4,2008460003004,3,4,21,3,1,1,2,CV-50,6.3,6,3,1,1,5,3,2,3,1,2,1,1,1,1,1,5,2,8,1,1,1,9,14,3,1,1,NaN,1,2,NaN,,NaN,,NaN,,NaN,NaN,NaN,NaN,1,4,1,1,1,1,1,1,2,1,1,1,1,1,1,1,1,1,1,2,1,1,704277.933,4383550.017,82.514,Sec,12267,0,1,0,10,6
13414,4,2008460003015,3,5,2,3,5,4,1,CV-610,2.1,2,1,0,1,5,2,2,3,5,2,1,1,1,1,1,7,7,8,1,1,1,2,14,3,1,1,NaN,1,NaN,NaN,,NaN,,NaN,,67,NaN,60,NaN,1,4,1,1,1,1,1,1,1,1,1,1,1,1,1,2,1,1,1,2,1,1,717390.667,4319010.449,70.033,Pri,9016,0,0,1,10,3
13415,4,2008460003016,3,5,2,6,5,4,1,CV-81,11,11,0,1,1,5,1,1,3,3,2,1,1,2,2,2,7,7,8,1,1,1,2,14,3,1,3,NaN,2,NaN,NaN,,NaN,,NaN,,NaN,63,60,NaN,1,4,2,1,1,1,1,1,1,1,1,1,1,1,1,1,1,2,1,2,1,1,683541.245,4278462.032,492.931,Cob,5778,0,0,0,17,4
13416,4,2008460003024,3,5,2,5,5,1,1,CV-32,0,0,0,0,1,7,2,2,3,3,2,1,2,1,1,1,3,1,4,8,1,1,9,14,3,1,1,NaN,1,NaN,NaN,,NaN,,NaN,,66,NaN,60,NaN,1,4,1,1,1,1,1,1,1,1,1,1,1,1,1,1,1,2,1,2,1,1,732496.164,4381670.375,-18.685,Per,23936,0,0,1,16,6
13417,4,2008460003025,3,5,2,6,5,1,1,CV-35,5.3,5,3,1,1,2,2,2,3,4,2,2,2,2,2,2,7,7,8,1,1,1,9,14,3,1,1,NaN,1,NaN,NaN,,NaN,,NaN,,NaN,64,60,NaN,1,4,1,1,1,1,1,2,1,1,1,1,1,1,1,1,1,1,1,2,1,1,655959.825,4423053.42,939.148,Per,87297,0,0,0,19,2