Id,Ano,Numero_Accidente,Provincia,Mes,Dia,Hora,Dia_Semana,Tipo_Dia,Vehiculos_Implicados,Carretera,Pk,Km,Hm,Sentido,Zona,Tipo_Via,Anchura_Calzada,Anchura_Carril,Marcas_Viales,Arcen,Arcen_Pavimentado,Mediana,Barrera_Seguridad,Paneles_Direccionales,Hitos_Arista,Captafaros,Interseccion_Tipo,Interseccion_Acondicionamiento,Prioridad_Regulada_por,Superficie,Luminosidad,Factores_Atmosfericos,Visibilidad_Restringida_por,Otras_Circunstancias,Senalizacion_Peligro,Aceras,Arboles,Arboles_Metros_Calzada,Visibilidad_Senalizacion_Vertical,Colision_Vehiculos_Marcha,Colision_Vehiculo_Obstaculo_1,Colision_Vehiculo_Obstaculo_2,Atropello_1,Atropello_2,Vuelco_1,Vuelco_2,Salida_Sin_Colision,Salida_Con_Colision,Lado_Salida,Otro,Circulacion,Circulacion_Medidas_Especiales,Distraccion,Inexperiencia_Conductor,Alcohol_Drogas,Cansancio_Sueno,Enfermedad,Velocidad_Inadecuada,Infraccion_Norma_Circulacion,Estado_Condicion_Via,Estado_Condicion_Senalizacion,Tramo_Obras,Mal_Estado_Vehiculo,Averia_Mecanica,Meteorologia_Adversa,Irrupcion_Animal,Circular_Sentido_Contrario,Otro_Factor,Sin_Opinion_Definida,Pendiente,Curvatura,Peralte,GPS_x,GPS_y,GPS_z,Tipo_Est,IMD,N_Muertos,N_Graves,N_Leves,Hora_Real,Fuera_o_Interseccion
13420,4,2008460003028,3,4,26,4,6,2,2,CV-50,44.3,44,3,0,1,5,2,2,3,3,2,1,2,1,1,1,7,7,5,1,1,1,9,14,3,1,1,NaN,1,2,NaN,,NaN,,NaN,,NaN,NaN,NaN,NaN,1,4,1,1,1,1,1,1,2,1,1,1,1,1,1,1,1,1,1,2,1,1,708986.501,4353249.527,80.997,Pri,2913,0,0,3,13,1
13421,4,2008460003031,3,5,3,6,6,2,1,CV-40,0.8,0,8,1,1,2,3,2,3,4,2,2,2,1,2,2,7,7,8,1,1,1,9,14,3,1,1,NaN,2,NaN,NaN,,NaN,,NaN,,NaN,63,60,NaN,1,4,2,1,2,1,1,1,1,1,1,1,1,1,1,1,1,1,1,2,1,1,715581.72,4301099.475,351.093,Cob,20544,0,0,2,18,1
13423,4,2008460003045,3,4,30,4,3,1,2,CV-410,5,5,0,0,1,5,2,2,3,3,2,1,2,1,1,1,7,7,5,1,1,1,9,14,3,1,1,NaN,1,3,NaN,,NaN,,NaN,,NaN,NaN,NaN,NaN,1,4,1,1,1,1,1,1,2,1,1,1,1,1,1,1,1,1,1,2,2,1,716570.18,4372696.828,44.817,Pri,30175,0,0,0,11,1
13425,4,2008460003048,3,4,29,6,2,1,2,CV-50,36.6,36,6,1,1,5,2,2,2,3,2,1,1,1,1,1,2,1,3,1,1,1,9,14,1,1,1,NaN,1,3,NaN,,NaN,,NaN,,NaN,NaN,NaN,NaN,1,4,1,1,1,1,1,1,2,1,1,1,1,1,1,1,1,1,1,2,1,1,701341.951,4360018.619,189.565,Cob,4710,0,0,1,20,6
13426,4,2008460003051,3,5,5,3,1,4,1,CV-40,0,0,0,0,1,2,3,2,3,4,2,2,2,2,2,2,7,7,5,1,1,1,9,14,1,1,1,NaN,2,NaN,NaN,,NaN,,NaN,,NaN,NaN,NaN,71,1,4,1,1,1,1,1,1,1,1,1,1,1,1,1,1,1,2,1,2,1,1,709681.881,4319315.029,146.18,Cob,20544,0,0,0,7,1
13430,4,2008460003057,3,4,30,5,3,2,4,CV-35,3,3,0,0,1,2,2,2,3,4,2,2,2,2,2,2,7,7,8,1,1,1,9,14,3,1,1,NaN,1,5,NaN,,NaN,,NaN,,NaN,NaN,NaN,NaN,2,4,2,1,1,1,1,1,2,1,1,1,1,1,1,1,1,1,1,2,1,1,721342.935,4376757.345,36.184,Per,127608,0,0,0,16,1
13431,4,2008460003061,3,5,5,5,1,1,1,CV-33,4.4,4,4,1,1,2,2,2,3,4,2,2,2,2,2,2,7,7,8,1,1,1,9,14,3,1,1,NaN,1,NaN,NaN,,NaN,,NaN,,NaN,54,50,NaN,1,4,2,1,1,1,1,1,1,1,1,1,1,1,1,1,1,1,1,2,1,1,717934.456,4369703.144,23.308,Sec,30622,0,0,0,16,1
13433,4,2008460003062,3,4,30,4,3,2,2,CV-35,6.8,6,8,0,1,2,2,2,2,4,2,2,2,2,1,1,7,7,8,1,1,1,9,14,3,1,1,NaN,1,NaN,NaN,,NaN,,NaN,,NaN,54,50,NaN,1,4,1,1,1,1,1,1,1,1,1,1,1,1,1,1,1,2,1,2,1,1,719160.114,4379809.805,79.389,Per,100952,0,0,1,13,1
13442,4,2008460003066,3,4,29,6,2,1,9,CV-35,11,11,0,1,1,5,3,2,3,4,2,2,2,2,2,2,7,7,8,1,1,1,9,8,1,1,1,NaN,2,5,NaN,,NaN,,NaN,,NaN,NaN,NaN,NaN,2,4,2,1,1,1,1,1,1,1,1,1,1,1,1,1,1,1,1,2,1,1,660247.686,4420870.323,907.356,Per,97287,0,0,4,19,1
13451,4,2008460003085,3,5,4,4,7,3,1,CV-245,8.6,8,6,1,1,5,2,2,3,2,2,1,2,2,1,1,7,7,8,1,1,1,9,14,1,1,1,NaN,1,NaN,NaN,,NaN,,NaN,,NaN,63,60,NaN,1,4,1,1,1,1,1,2,1,1,1,1,1,1,1,1,1,1,1,2,1,1,705448.255,4414008.473,667.354,Cob,327,0,0,1,12,4
13453,4,2008460003086,3,5,8,3,4,1,2,CV-410,1,1,0,0,1,5,3,2,3,4,2,1,1,1,2,1,7,7,8,1,1,1,9,14,3,1,1,NaN,1,2,NaN,,NaN,,NaN,,NaN,NaN,NaN,NaN,1,4,1,1,1,1,1,1,2,1,1,1,1,1,1,1,1,1,1,2,1,1,718000.244,4369719.495,27.92,Cob,15129,0,1,0,7,1
13455,4,2008460003088,3,5,2,4,5,1,2,CV-35,3.8,3,8,1,1,2,3,2,3,3,2,2,2,2,2,2,7,7,8,1,1,1,9,14,3,1,1,NaN,1,4,NaN,,NaN,,NaN,,NaN,NaN,NaN,NaN,2,4,1,1,1,1,1,2,1,1,1,1,1,1,1,1,1,2,1,2,2,1,654684.717,4423088.273,919.616,Per,127608,0,0,1,14,1
13456,4,2008460003093,3,5,7,5,3,1,1,CV-50,42.6,42,6,0,1,5,3,2,3,3,2,1,1,1,1,1,7,7,8,1,1,1,9,14,2,1,1,NaN,2,NaN,NaN,,NaN,,NaN,,NaN,64,60,NaN,1,4,2,1,2,1,1,1,1,1,1,1,1,1,1,1,1,1,1,2,1,2,708814.641,4351519.226,77.16,Pri,2913,0,0,0,16,1
13457,4,2008460003096,3,5,8,3,4,1,1,CV-40,14.1,14,1,1,1,2,3,2,3,4,2,2,2,1,2,2,7,7,8,3,1,5,4,14,3,1,1,NaN,1,NaN,NaN,,NaN,,NaN,,NaN,64,60,NaN,1,4,1,1,1,1,1,2,1,1,1,1,1,1,1,1,1,1,1,2,1,2,710316.512,4310154.736,300.242,Cob,22336,0,0,0,9,1
13460,4,2008460003098,3,5,8,4,4,1,2,CV-567,1.1,1,1,1,1,5,1,3,1,1,2,1,1,1,1,1,7,7,8,3,1,1,4,2,2,1,1,NaN,1,2,NaN,,NaN,,NaN,,NaN,NaN,NaN,NaN,1,4,2,1,1,1,1,1,1,1,1,1,1,1,1,1,1,1,1,2,1,1,712797.852,4318301.651,90.525,Cob,1036,0,0,0,14,2
13462,4,2008460003104,3,5,6,5,2,1,1,CV-35,9,9,0,1,1,2,3,2,3,3,2,2,2,1,1,1,7,7,5,1,1,1,9,8,1,1,3,NaN,2,NaN,30,32,NaN,,NaN,,NaN,NaN,NaN,NaN,1,4,1,1,1,1,1,1,1,1,1,2,1,1,1,1,1,2,1,2,1,1,658497.987,4421757.959,958.721,Per,62359,0,0,0,15,5
13465,4,2008460003106,3,4,30,4,3,1,3,CV-35,3.5,3,5,0,1,2,3,2,3,3,2,2,2,1,2,2,7,7,8,1,1,1,9,14,3,1,1,NaN,1,5,NaN,,NaN,,NaN,,NaN,NaN,NaN,NaN,2,4,1,1,1,1,1,1,2,1,1,1,1,1,1,1,1,1,1,2,1,1,721004.664,4377121.261,41.494,Per,127608,0,0,0,14,1
13467,4,2008460003116,3,5,7,3,3,1,2,CV-35,3.5,3,5,1,1,2,3,2,3,4,2,2,2,1,2,2,7,7,5,1,1,1,9,14,3,1,3,NaN,2,4,NaN,,NaN,,NaN,,NaN,NaN,NaN,NaN,1,4,1,1,1,1,1,1,2,1,1,1,1,1,1,1,1,1,1,2,2,1,654507.777,4422863.684,906.357,Per,127608,0,0,1,8,1
13468,4,2008460003123,3,5,10,1,6,2,1,CV-40,23,23,0,1,1,2,1,2,4,3,2,1,1,2,1,1,4,1,8,3,5,1,2,14,1,1,1,NaN,2,NaN,NaN,,NaN,,NaN,,56,NaN,50,NaN,1,4,1,1,1,1,1,2,1,1,1,1,1,1,1,1,1,1,1,2,1,1,710401.193,4317648.294,104.323,Cob,0,0,0,0,2,6
13472,4,2008460003127,3,5,8,6,4,1,3,CV-33,6.5,6,5,0,1,5,3,1,3,4,2,2,2,1,2,2,4,1,8,1,3,1,9,14,1,1,1,NaN,3,NaN,NaN,,NaN,,NaN,,NaN,NaN,NaN,71,2,4,1,1,1,1,1,2,1,1,1,1,1,1,1,1,1,1,1,2,1,1,719667.009,4367136.838,17.45,Pri,53690,0,0,3,20,6
13474,4,2008460003130,3,5,8,6,4,1,2,CV-410,1.5,1,5,1,1,5,2,2,3,4,2,1,2,1,1,1,5,1,4,3,1,1,9,8,1,1,1,NaN,1,2,NaN,,NaN,,NaN,,NaN,NaN,NaN,NaN,1,4,2,1,1,1,1,1,1,1,1,2,1,1,2,1,1,1,1,2,2,2,717269.035,4372239.069,36.136,Cob,31151,0,0,1,19,6
13475,4,2008460003135,3,5,11,6,7,3,1,CV-60,0,0,0,1,1,5,3,2,3,3,2,1,1,1,2,2,5,1,4,1,1,1,9,14,1,1,1,NaN,2,NaN,NaN,,NaN,,NaN,,68,NaN,60,NaN,1,4,2,1,1,1,1,1,1,1,1,1,1,1,1,1,1,1,1,1,1,1,743958.713,4312753.388,28.224,Cob,12380,0,0,0,17,6
13478,4,2008460003139,3,5,8,4,4,1,2,CV-35,5.7,5,7,0,1,2,2,2,3,4,2,2,2,2,2,2,7,7,8,3,1,5,9,14,2,1,1,NaN,1,2,NaN,,NaN,,NaN,,NaN,NaN,NaN,NaN,1,4,1,1,1,1,1,2,1,1,1,1,1,1,2,1,1,1,1,2,1,1,719795.668,4378929.365,66.533,Per,100952,0,0,0,14,1
13481,4,2008460003149,3,5,8,4,4,1,3,CV-365,0.8,0,8,0,1,5,3,2,3,4,2,2,2,1,2,2,3,1,8,3,1,5,9,14,3,1,1,NaN,2,4,NaN,,NaN,,NaN,,NaN,NaN,NaN,NaN,1,4,2,1,1,1,1,1,1,1,1,1,1,1,2,1,1,1,1,2,1,1,721038.524,4376713.844,38.879,Cob,39072,0,0,1,14,6
13483,4,2008460003150,3,5,8,6,4,1,2,CV-365,0.3,0,3,0,1,5,3,2,3,4,1,2,2,1,2,1,7,7,8,3,2,5,9,13,2,1,1,NaN,1,2,NaN,,NaN,,NaN,,NaN,NaN,NaN,NaN,1,4,1,1,1,1,1,1,1,2,1,1,1,1,2,1,1,1,1,2,1,1,721443.274,4376708.567,36.933,Cob,39072,0,0,0,20,2
13484,4,2008460003151,3,5,8,1,4,1,1,CV-35,13.6,13,6,1,1,2,3,2,3,4,2,2,2,1,1,1,7,7,8,3,5,4,9,14,2,1,1,NaN,2,NaN,NaN,,NaN,,NaN,,NaN,61,60,NaN,1,4,2,1,1,1,1,1,1,1,1,1,1,1,1,1,1,1,1,2,1,1,662243.161,4419606.383,887.761,Per,78771,0,0,0,23,1
13486,4,2008460003170,3,5,13,6,2,1,2,CV-400,1.4,1,4,0,1,5,2,2,3,3,2,1,2,1,1,1,5,1,8,1,3,1,9,14,3,1,1,NaN,1,3,NaN,,NaN,,NaN,,NaN,NaN,NaN,NaN,1,4,2,2,1,1,1,1,1,1,1,1,1,1,1,1,1,1,1,2,1,1,723880.809,4368299.599,-2.574,Pri,33544,0,0,1,22,6
13488,4,2008460003175,3,5,9,3,5,1,2,CV-410,2.3,2,3,1,1,2,3,2,3,3,2,2,2,2,2,2,5,1,4,3,1,9,9,14,3,1,3,NaN,2,3,NaN,,NaN,,NaN,,NaN,NaN,NaN,NaN,1,4,1,1,1,1,1,1,2,1,1,1,1,1,1,1,1,1,1,2,1,1,717238.128,4371449.218,32.317,Cob,31151,0,0,0,9,6
13491,4,2008460003214,3,5,11,4,7,3,1,CV-35,5.6,5,6,0,1,2,2,2,3,4,2,2,2,2,2,2,7,7,8,3,1,5,9,14,3,1,1,NaN,1,NaN,NaN,,NaN,,NaN,,NaN,64,60,NaN,1,4,1,1,1,1,1,1,1,1,1,1,1,2,1,1,1,1,1,2,1,1,719853.787,4378849.542,64.974,Per,87297,0,0,0,11,1
13495,4,2008460003219,3,5,11,6,7,3,3,CV-35,4.6,4,6,1,1,2,2,2,3,4,2,2,2,2,2,2,7,7,4,3,1,9,9,14,3,1,1,NaN,1,5,NaN,,NaN,,NaN,,NaN,NaN,NaN,NaN,1,4,1,1,1,1,1,2,1,1,1,1,1,1,1,1,1,1,1,2,1,1,655342.221,4422910.775,942.954,Per,87297,0,0,0,18,2
13496,4,2008460003223,3,5,15,4,4,1,1,CV-36,0.5,0,5,1,1,2,3,2,3,4,2,2,2,1,2,2,4,1,5,1,1,1,9,14,3,1,3,NaN,2,NaN,NaN,,NaN,,12,9,NaN,NaN,NaN,NaN,1,4,1,1,1,1,1,1,1,1,1,1,1,2,1,1,1,1,1,2,1,2,711530.066,4368947.207,70.029,Pri,71972,0,1,1,14,6
13498,4,2008460003250,3,5,16,4,5,1,2,CV-60,37,37,0,0,1,5,3,2,3,3,2,1,1,1,2,2,5,6,4,1,1,1,9,14,1,1,1,NaN,2,3,NaN,,NaN,,NaN,,NaN,NaN,NaN,NaN,1,4,1,1,1,1,1,1,2,1,1,1,1,1,1,1,1,1,1,2,1,1,743043.225,4312401.754,37.912,NaN,0,0,0,0,14,6
13500,4,2008460003251,3,5,8,6,4,1,2,CV-42,11.4,11,4,1,1,5,3,2,3,3,2,1,1,1,1,1,1,1,8,3,1,4,9,14,2,1,1,NaN,2,2,NaN,,NaN,,NaN,,NaN,NaN,NaN,NaN,1,4,1,1,1,1,1,1,2,1,1,1,1,1,1,1,1,1,1,2,1,1,722501.45,4344145.713,-10.627,Cob,8736,0,0,0,18,7
13502,4,2008460003256,3,5,16,4,5,1,2,CV-590,59.8,59,8,0,1,5,3,2,3,4,2,1,2,1,2,2,1,4,3,1,1,1,9,14,1,1,1,NaN,2,2,NaN,,NaN,,NaN,,NaN,NaN,NaN,NaN,1,4,1,1,1,1,1,1,2,1,1,1,1,1,1,1,1,1,1,2,1,1,709069.04,4321256.196,161.14,Sec,6940,0,0,1,11,6
13505,4,2008460003265,3,5,15,3,4,1,3,CV-50,0.9,0,9,0,1,5,2,2,3,3,2,1,1,1,2,1,7,7,8,1,1,1,9,14,1,1,1,NaN,2,4,NaN,,NaN,,NaN,,NaN,NaN,NaN,NaN,1,4,2,1,1,1,1,1,1,1,1,1,1,1,1,1,1,1,1,2,2,1,737821.823,4329139.434,-13.809,Cob,17044,0,0,3,9,1
13508,4,2008460003266,3,5,17,6,6,2,3,CV-500,7.8,7,8,0,1,5,3,2,3,3,2,1,1,1,2,2,1,1,8,3,1,1,9,14,3,1,1,NaN,2,4,NaN,,NaN,,NaN,,NaN,NaN,NaN,NaN,1,4,1,1,2,1,1,1,2,1,1,1,1,1,1,1,1,1,1,2,1,1,729794.086,4362363.851,-17.93,Cob,18575,0,0,1,19,6
13509,4,2008460003269,3,5,17,1,6,2,1,CV-35,5.9,5,9,1,1,2,3,2,3,4,2,2,2,1,2,2,4,1,8,1,3,1,9,14,2,1,1,NaN,2,NaN,NaN,,NaN,,NaN,,NaN,54,50,NaN,1,4,2,1,2,1,1,1,1,1,1,1,1,1,1,1,1,1,1,2,1,1,656516.701,4423004.079,947.969,Per,100952,0,0,0,23,6
13510,4,2008460003272,3,5,18,5,7,3,1,CV-81,1.7,1,7,0,1,5,3,2,3,3,2,1,2,2,1,1,5,1,4,3,1,4,9,14,1,1,1,NaN,2,NaN,NaN,,NaN,,NaN,,NaN,63,60,NaN,1,4,1,1,1,1,1,2,1,1,1,1,1,1,1,1,1,1,1,2,1,1,710741.291,4300916.369,329.408,Sec,14585,0,0,0,15,6
13513,4,2008460003275,3,5,12,4,1,4,3,CV-35,6,6,0,1,1,2,3,2,3,3,2,2,2,1,2,2,7,7,8,1,1,1,9,14,3,1,1,NaN,1,5,NaN,,NaN,,NaN,,NaN,NaN,NaN,NaN,1,4,2,1,1,1,1,1,1,1,1,1,1,1,1,1,1,1,1,2,1,1,656613.793,4422984.476,951.347,Per,100952,0,0,1,14,1
13516,4,2008460003287,3,5,14,3,3,1,3,CV-35,12.5,12,5,1,1,2,2,2,3,3,2,2,2,1,2,2,7,7,8,1,1,1,9,8,3,1,1,NaN,2,5,NaN,,NaN,,NaN,,NaN,NaN,NaN,NaN,1,4,2,1,1,1,1,1,1,1,1,1,1,1,1,1,1,1,1,2,1,1,661600.094,4420410.72,886.686,Per,97287,0,0,0,8,1
13518,4,2008460003294,3,5,14,4,3,1,2,CV-410,4,4,0,1,1,5,3,2,3,3,2,2,1,2,2,2,5,1,4,1,1,1,9,14,2,1,1,NaN,2,2,NaN,,NaN,,NaN,,NaN,NaN,NaN,NaN,1,4,1,1,1,1,1,1,2,1,1,1,1,1,1,1,1,1,1,2,1,1,717642.222,4369822.594,29.726,Pri,30175,0,0,1,13,6
13522,4,2008460003296,3,5,15,6,4,1,2,CV-35,9,9,0,1,1,2,3,2,3,4,2,2,2,2,2,2,7,7,8,1,1,1,9,8,1,1,1,NaN,2,3,NaN,,NaN,,NaN,,NaN,NaN,NaN,NaN,1,4,2,1,1,1,1,1,1,1,1,1,1,1,1,1,1,1,1,2,1,1,658497.987,4421757.959,958.721,Per,62359,0,0,0,19,1
13525,4,2008460003298,3,5,15,5,4,4,3,CV-35,9.5,9,5,1,1,2,3,2,3,1,2,2,2,2,2,2,7,7,8,1,1,1,9,14,1,1,1,NaN,2,5,NaN,,NaN,,NaN,,NaN,NaN,NaN,NaN,2,4,1,1,1,1,1,1,2,1,1,1,1,1,1,1,1,1,1,2,1,1,658933.246,4421525.484,942.048,Per,62359,0,0,0,16,1
13527,4,2008460003310,3,5,19,4,1,1,2,CV-50,0.8,0,8,0,1,5,3,2,3,3,2,1,1,2,2,2,5,1,4,1,1,1,9,14,1,1,1,NaN,2,4,NaN,,NaN,,NaN,,NaN,NaN,NaN,NaN,1,4,2,1,1,1,1,1,2,1,1,1,1,1,1,1,1,1,1,2,1,1,737922.855,4329140.647,-14.539,Cob,17044,0,0,1,13,6
13529,4,2008460003317,3,5,19,3,1,1,2,CV-686,3.1,3,1,0,1,5,3,2,3,3,2,1,1,1,2,2,5,1,4,1,1,1,9,14,1,1,1,NaN,1,2,NaN,,NaN,,NaN,,NaN,NaN,NaN,NaN,1,4,1,1,1,1,1,1,2,1,1,1,1,1,1,1,1,1,1,2,1,1,743387.212,4315576.337,11.219,Cob,18552,0,0,0,10,6
13530,4,2008460003337,3,5,17,6,6,2,1,CV-36,0.2,0,2,0,1,5,2,2,3,3,2,1,1,1,1,1,7,7,8,3,3,4,9,14,3,1,1,NaN,1,NaN,30,30,NaN,,NaN,,NaN,NaN,NaN,NaN,1,4,1,1,1,1,1,1,1,1,1,1,1,1,1,1,1,2,1,2,1,1,717881.795,4369393.912,34.703,Pri,71972,0,0,0,22,1
13532,4,2008460003338,3,5,17,3,6,2,2,CV-333,0.9,0,9,0,1,5,2,3,3,3,2,1,1,1,1,1,5,3,3,1,1,1,9,14,2,1,1,NaN,1,2,NaN,,NaN,,NaN,,NaN,NaN,NaN,NaN,1,4,1,1,1,1,1,1,2,1,1,1,1,1,1,1,1,1,1,2,1,1,718000.641,4387071.083,83.881,Sec,7328,0,0,0,10,6
13534,4,2008460003348,3,5,16,3,5,1,1,CV-50,43.5,43,5,1,1,5,2,2,3,3,2,1,2,1,1,1,7,7,5,1,1,1,9,14,2,1,1,NaN,1,NaN,NaN,,NaN,,NaN,,NaN,63,60,NaN,1,4,1,1,1,2,1,1,1,1,1,1,1,1,1,1,1,1,1,2,1,1,706297.386,4356896.413,117.044,Pri,2913,0,0,2,7,1
13536,4,2008460003349,3,5,17,1,6,2,2,CV-35,17,17,0,0,1,2,2,2,3,4,2,2,2,2,1,1,7,7,8,3,4,4,9,8,1,1,1,NaN,1,NaN,NaN,,NaN,,NaN,,NaN,52,50,NaN,1,4,1,1,1,1,1,1,1,1,1,1,1,1,1,1,1,1,2,2,1,1,711149.502,4385700.71,92.42,Per,51759,0,0,1,23,1
13538,4,2008460003351,3,5,17,6,6,2,2,CV-35,4.5,4,5,1,1,2,2,2,3,4,2,2,2,2,2,2,7,7,8,3,1,1,9,14,3,1,1,NaN,1,4,NaN,,NaN,,NaN,,NaN,NaN,NaN,NaN,2,4,2,1,1,1,1,1,2,1,1,1,1,2,1,1,1,1,1,2,1,1,655246.047,4422938.623,943.174,Per,87297,0,0,0,19,1
13540,4,2008460003352,3,5,17,5,6,2,2,CV-365,0.4,0,4,0,1,5,2,2,3,4,2,1,2,1,1,1,7,7,7,3,1,4,9,14,1,1,1,NaN,1,2,NaN,,NaN,,NaN,,NaN,NaN,NaN,NaN,1,4,2,1,1,1,1,2,1,1,1,1,1,1,2,1,1,1,1,2,1,2,721394.787,4376795.691,35.22,Cob,39072,0,0,1,15,5
13541,4,2008460003358,3,5,21,1,3,1,1,CV-60,3,3,0,1,1,5,1,1,2,3,2,1,1,2,2,2,7,7,8,1,4,1,9,14,1,1,1,NaN,2,NaN,NaN,,NaN,,NaN,,NaN,52,50,NaN,1,4,1,1,1,1,1,2,1,1,1,1,1,1,1,1,1,1,1,2,1,1,741740.533,4313042.645,33.285,Cob,10766,0,1,0,3,5
13542,4,2008460003364,3,5,17,6,6,2,1,CV-50,35.7,35,7,1,1,5,3,2,3,3,2,1,1,1,2,2,7,7,5,1,1,1,9,14,3,1,3,NaN,2,NaN,NaN,,NaN,,NaN,,66,NaN,60,NaN,1,4,2,1,1,1,1,1,1,1,1,1,1,1,1,1,1,1,1,2,1,1,700478.356,4359861.124,189.846,Cob,4710,0,0,2,21,1
13544,4,2008460003368,3,5,19,6,1,1,2,CV-33,6.7,6,7,1,1,5,2,2,3,4,2,2,2,2,2,2,7,7,8,3,1,4,9,14,1,1,1,NaN,1,NaN,NaN,,NaN,,NaN,,66,NaN,60,NaN,1,4,2,2,1,1,1,2,1,1,1,1,1,1,1,1,1,1,1,2,1,1,723661.406,4363393.066,-6.551,Pri,53690,0,0,1,20,4
13545,4,2008460003374,3,5,19,5,1,4,1,CV-50,88.5,88,5,1,1,5,3,3,3,3,2,1,1,1,2,2,7,7,5,1,1,1,9,14,2,1,3,NaN,2,NaN,NaN,,NaN,,NaN,,66,NaN,60,NaN,1,4,1,1,1,1,1,1,1,1,1,1,1,2,1,1,1,1,1,2,1,1,734254.237,4327695.785,11.426,Cob,10828,0,0,1,16,3
13547,4,2008460003376,3,5,21,2,3,1,2,CV-60,14.8,14,8,0,1,5,3,2,3,4,2,1,1,1,2,2,7,7,8,1,4,1,9,14,2,1,3,NaN,2,NaN,NaN,,NaN,,NaN,,NaN,64,60,NaN,1,4,2,1,2,1,1,1,1,1,1,1,1,1,1,1,1,1,1,2,1,1,724293.924,4307008.349,209.373,Cob,10455,0,0,1,5,1
13548,4,2008460003381,3,5,18,6,7,3,1,CV-365,0.4,0,4,0,1,5,3,2,3,4,2,2,2,2,2,2,7,7,8,1,1,1,9,14,1,1,1,NaN,1,NaN,NaN,,NaN,,NaN,,NaN,61,60,NaN,1,4,2,1,2,1,1,2,1,1,1,1,1,1,1,1,1,1,1,2,1,2,721394.787,4376795.691,35.22,Cob,39072,0,0,0,20,5
13555,4,2008460003389,3,5,18,6,7,3,7,CV-35,8.6,8,6,1,1,2,3,2,3,4,2,2,2,1,2,2,7,7,8,3,1,4,8,8,1,1,3,NaN,2,NaN,30,32,NaN,,NaN,,NaN,NaN,NaN,NaN,1,4,1,1,1,1,1,1,1,2,1,2,1,1,1,1,1,1,1,2,2,2,658261.088,4421922.198,973.241,Per,62359,0,0,0,18,1
13556,4,2008460003391,3,5,22,4,4,1,1,CV-32,0.5,0,5,0,1,5,3,2,3,2,2,1,1,2,1,1,5,1,4,1,1,1,9,14,3,1,3,NaN,2,NaN,NaN,,NaN,,12,9,NaN,NaN,NaN,NaN,1,4,2,1,1,1,1,2,1,1,1,1,1,1,1,1,1,1,1,2,2,1,732099.951,4381729.04,-19.267,Per,23936,0,0,0,12,6
13557,4,2008460003395,3,5,21,4,3,1,1,CV-35,7,7,0,1,1,2,3,2,3,5,2,2,2,1,2,2,7,7,8,1,1,1,9,8,1,1,3,NaN,2,NaN,NaN,,NaN,,NaN,,NaN,64,60,NaN,1,4,2,1,1,1,1,1,1,1,1,1,1,1,1,1,1,1,1,2,1,1,657177.082,4422332.73,982.471,Per,100952,0,1,0,11,1
13560,4,2008460003396,3,5,23,2,5,1,3,CV-50,30.6,30,6,1,1,2,3,2,3,4,2,1,1,1,1,1,1,1,8,1,5,1,9,14,2,1,1,NaN,2,NaN,NaN,,NaN,,NaN,,NaN,NaN,NaN,71,1,4,2,1,1,1,1,1,1,1,1,1,1,1,1,1,1,1,1,2,1,1,698299.23,4363115.923,235.221,Cob,14945,0,1,1,6,7
13561,4,2008460003397,3,5,18,6,7,3,1,CV-31,2,2,0,0,1,3,2,2,3,4,2,2,2,2,2,2,7,7,8,3,1,5,4,14,3,1,1,NaN,1,NaN,NaN,,NaN,,NaN,,66,NaN,60,NaN,1,4,1,1,1,1,1,2,1,2,1,1,1,1,2,1,1,1,1,2,1,1,720883.481,4376267.103,21.509,Cob,41907,0,0,1,17,1
13562,4,2008460003399,3,5,22,6,4,1,1,CV-500,23.1,23,1,1,1,5,2,2,3,3,2,1,2,1,1,1,7,7,5,1,1,1,9,14,1,1,1,NaN,1,NaN,NaN,,NaN,,NaN,,65,NaN,60,NaN,1,4,2,1,1,1,1,1,1,1,1,1,1,1,1,1,1,1,1,2,1,1,729775.573,4362463.677,-20.407,Cob,7846,0,0,1,18,4
13564,4,2008460003401,3,5,21,6,3,1,2,CV-410,4.7,4,7,0,1,5,3,2,3,5,2,2,2,1,2,2,7,7,8,1,1,1,9,14,1,1,1,NaN,2,4,NaN,,NaN,,NaN,,NaN,NaN,NaN,NaN,3,4,2,1,2,1,1,1,1,1,1,1,1,1,1,1,1,1,1,2,1,1,716849.775,4372644.513,39.249,Pri,30175,0,0,1,17,1
13565,4,2008460003413,3,5,25,1,7,3,1,CV-25,4.4,4,4,0,1,5,3,2,3,3,2,2,1,1,2,2,5,1,8,1,5,1,9,14,1,1,1,NaN,2,NaN,NaN,,NaN,,NaN,,68,NaN,60,NaN,1,4,2,1,1,1,1,1,1,1,1,1,1,1,1,1,1,1,1,2,1,1,709068.179,4394093.627,185.145,Sec,10653,0,1,0,0,6
13568,4,2008460003414,3,5,23,6,5,1,2,CV-35,5.5,5,5,1,1,2,3,2,3,4,2,2,2,1,2,2,7,7,7,3,3,4,9,8,1,1,1,NaN,2,3,NaN,,NaN,,NaN,,NaN,NaN,NaN,NaN,1,4,2,1,1,1,1,2,1,1,1,1,1,1,1,1,1,1,1,2,1,1,656155.285,4423077.166,942.697,Per,87297,0,1,3,20,1