Id,Ano,Numero_Accidente,Provincia,Mes,Dia,Hora,Dia_Semana,Tipo_Dia,Vehiculos_Implicados,Carretera,Pk,Km,Hm,Sentido,Zona,Tipo_Via,Anchura_Calzada,Anchura_Carril,Marcas_Viales,Arcen,Arcen_Pavimentado,Mediana,Barrera_Seguridad,Paneles_Direccionales,Hitos_Arista,Captafaros,Interseccion_Tipo,Interseccion_Acondicionamiento,Prioridad_Regulada_por,Superficie,Luminosidad,Factores_Atmosfericos,Visibilidad_Restringida_por,Otras_Circunstancias,Senalizacion_Peligro,Aceras,Arboles,Arboles_Metros_Calzada,Visibilidad_Senalizacion_Vertical,Colision_Vehiculos_Marcha,Colision_Vehiculo_Obstaculo_1,Colision_Vehiculo_Obstaculo_2,Atropello_1,Atropello_2,Vuelco_1,Vuelco_2,Salida_Sin_Colision,Salida_Con_Colision,Lado_Salida,Otro,Circulacion,Circulacion_Medidas_Especiales,Distraccion,Inexperiencia_Conductor,Alcohol_Drogas,Cansancio_Sueno,Enfermedad,Velocidad_Inadecuada,Infraccion_Norma_Circulacion,Estado_Condicion_Via,Estado_Condicion_Senalizacion,Tramo_Obras,Mal_Estado_Vehiculo,Averia_Mecanica,Meteorologia_Adversa,Irrupcion_Animal,Circular_Sentido_Contrario,Otro_Factor,Sin_Opinion_Definida,Pendiente,Curvatura,Peralte,GPS_x,GPS_y,GPS_z,Tipo_Est,IMD,N_Muertos,N_Graves,N_Leves,Hora_Real,Fuera_o_Interseccion
13571,4,2008460003426,3,5,22,4,4,1,3,CV-35,17.8,17,8,0,1,2,2,2,3,4,2,2,2,2,2,2,7,7,8,1,1,1,9,14,3,1,1,NaN,1,5,NaN,,NaN,,NaN,,NaN,NaN,NaN,NaN,1,4,1,1,1,1,1,1,2,1,1,2,1,1,1,1,1,1,1,2,1,2,710974.066,4386467.164,111.745,Per,51759,0,0,0,11,1
13573,4,2008460003427,3,5,15,4,4,1,2,CV-410,5,5,0,1,1,5,2,2,3,3,2,1,2,1,1,1,5,1,4,1,1,1,9,14,1,1,1,NaN,1,3,NaN,,NaN,,NaN,,NaN,NaN,NaN,NaN,1,4,1,1,1,1,1,1,1,1,1,1,1,1,1,1,1,2,1,2,1,1,718411.522,4369798.371,25.715,Pri,30175,0,0,0,13,6
13574,4,2008460003432,3,5,23,6,5,1,1,CV-35,9.1,9,1,1,1,2,3,2,3,3,2,2,2,2,2,2,4,1,8,3,1,5,4,14,3,1,1,NaN,1,NaN,NaN,,NaN,,NaN,,66,NaN,60,NaN,1,4,1,1,1,1,1,2,1,1,1,1,1,1,1,1,1,1,1,2,1,1,658670.914,4421665.557,949.739,Per,62359,0,0,0,20,6
13578,4,2008460003458,3,5,24,2,6,2,2,CV-36,1,1,0,1,1,2,3,2,3,3,2,2,2,2,1,1,7,7,5,3,5,9,9,8,1,1,3,NaN,2,4,NaN,,NaN,,NaN,,NaN,NaN,NaN,NaN,1,4,2,1,1,1,1,1,1,1,1,1,1,1,1,1,1,1,1,2,1,2,711934.082,4368698.871,72.601,Pri,71972,0,0,3,5,1
13580,4,2008460003462,3,5,27,3,2,1,2,CV-35,38.5,38,5,0,1,2,2,2,3,3,2,1,2,1,2,1,7,7,8,3,1,4,4,14,3,1,3,NaN,2,3,NaN,,NaN,,NaN,,NaN,NaN,NaN,NaN,1,4,1,1,1,1,1,1,2,1,1,1,1,1,1,1,1,1,1,2,1,1,695793.798,4396866.134,305.397,Per,8821,0,0,0,8,1
13583,4,2008460003466,3,5,27,4,2,1,3,CV-50,35.3,35,3,0,1,5,2,2,3,3,2,1,1,1,2,1,7,7,8,1,1,1,9,14,3,1,3,NaN,2,NaN,NaN,,NaN,,12,9,NaN,NaN,NaN,NaN,1,4,1,1,1,1,1,1,2,1,1,1,1,1,1,1,1,2,1,2,1,1,712951.275,4346186.568,36.819,Cob,4710,0,0,1,14,1
13585,4,2008460003474,3,5,29,6,4,1,2,CV-610,21.6,21,6,1,1,5,2,2,3,1,2,1,2,2,2,1,7,7,5,1,1,1,9,14,1,1,1,NaN,2,1,NaN,,NaN,,NaN,,NaN,NaN,NaN,NaN,1,4,1,1,1,1,1,1,2,1,1,1,1,1,1,1,1,1,1,2,1,2,718465.115,4318612.546,93.57,Cob,2933,1,0,0,18,2
13586,4,2008460003482,3,5,29,4,4,1,1,CV-35,12.5,12,5,1,1,2,2,2,3,3,2,2,2,2,2,2,7,7,8,1,1,1,9,8,1,1,1,NaN,1,NaN,30,32,NaN,,NaN,,NaN,NaN,NaN,NaN,1,4,2,1,1,1,1,1,2,1,1,1,1,1,1,1,1,1,1,2,1,1,661600.094,4420410.72,886.686,Per,97287,0,0,1,14,1
13587,4,2008460003485,3,5,29,6,4,1,1,CV-35,71,71,0,1,1,2,3,3,3,3,2,1,1,1,2,1,7,7,8,1,1,1,9,14,2,1,3,NaN,2,NaN,NaN,,NaN,,NaN,,65,NaN,60,NaN,1,4,2,1,1,1,1,1,1,1,1,1,1,1,1,1,1,1,1,2,1,1,698950.226,4394306.167,214.834,Cob,2496,0,1,0,18,1
13588,4,2008460003491,3,6,1,2,7,3,1,CV-500,6.5,6,5,0,1,5,2,3,3,1,2,2,2,2,2,2,5,1,4,1,3,1,9,14,1,1,1,NaN,1,NaN,NaN,,NaN,,NaN,,NaN,53,50,NaN,1,4,2,1,2,2,1,2,1,1,1,1,1,1,1,1,1,1,1,2,1,1,729660.794,4364143.905,-17.925,Cob,18575,0,0,1,6,6
13590,4,2008460003493,3,5,30,3,5,1,2,CV-410,4.8,4,8,1,1,5,1,2,2,3,2,1,2,1,1,1,5,1,4,1,1,1,9,14,1,1,1,NaN,1,3,NaN,,NaN,,NaN,,NaN,NaN,NaN,NaN,1,4,1,1,1,1,1,1,2,1,1,1,1,1,1,1,1,1,1,2,1,1,718219.774,4369761.324,26.616,Pri,30175,0,0,0,10,6
13591,4,2008460003498,3,5,30,6,5,1,1,CV-32,7,7,0,1,1,5,2,2,3,3,2,1,2,1,1,1,7,7,8,1,3,1,9,14,3,1,1,NaN,1,NaN,NaN,,NaN,,NaN,,NaN,64,60,NaN,1,4,2,1,1,1,1,1,1,1,1,1,1,1,1,1,1,1,1,2,1,1,729522.056,4382823.708,-5.396,Sec,21131,0,0,0,22,1
13593,4,2008460003500,3,5,31,4,6,1,1,CV-35,55,55,0,1,1,2,2,2,3,4,2,2,2,2,1,1,7,7,8,3,1,4,9,14,1,1,1,NaN,1,NaN,NaN,,NaN,,NaN,,56,NaN,50,NaN,1,4,1,1,1,1,1,2,1,1,1,1,1,1,2,1,1,1,1,2,1,1,684299.712,4396680.772,358.11,Sec,2381,0,0,2,14,5
13598,4,2008460003512,3,6,1,6,7,3,2,CV-400,5.2,5,2,1,1,5,2,2,3,3,2,1,2,1,1,1,5,1,5,1,1,1,9,14,1,1,1,NaN,1,4,NaN,,NaN,,NaN,,NaN,NaN,NaN,NaN,1,4,2,1,1,1,1,1,1,1,1,1,1,1,1,1,1,1,1,2,1,1,723962.722,4368434.654,-0.753,Cob,13575,0,0,1,20,6
13602,4,2008460003513,3,6,2,3,1,2,2,CV-35,16,16,0,1,1,2,2,2,3,4,2,2,2,2,2,2,7,7,8,1,1,1,9,14,3,1,1,NaN,1,2,NaN,,NaN,,NaN,,NaN,NaN,NaN,NaN,1,4,2,1,1,1,1,1,1,1,1,2,1,1,1,1,1,1,1,2,1,1,662706.406,4417512.916,878.39,Per,51759,0,0,1,9,1
13603,4,2008460003517,3,6,1,6,7,3,1,CV-36,0.2,0,2,0,1,2,2,2,3,4,2,2,2,2,2,2,7,7,8,1,3,1,9,14,3,1,1,NaN,1,NaN,NaN,,NaN,,NaN,,NaN,54,50,NaN,1,4,2,1,1,1,1,2,2,1,1,1,1,1,1,1,1,1,1,2,1,1,717881.795,4369393.912,34.703,Pri,71972,0,0,1,21,1
13607,4,2008460003524,3,6,3,6,2,1,2,CV-410,4,4,0,0,1,5,2,2,2,3,2,1,2,1,1,1,5,1,8,1,1,1,9,14,1,1,1,NaN,1,3,NaN,,NaN,,NaN,,NaN,NaN,NaN,NaN,1,4,1,1,1,1,1,1,2,1,1,1,1,1,1,1,1,1,1,2,2,1,717332.473,4372266.354,36.033,Pri,30175,0,0,0,20,6
13609,4,2008460003529,3,6,3,3,2,1,2,CV-42,9,9,0,1,1,5,3,2,3,4,2,1,1,1,1,1,7,7,5,1,1,1,9,14,1,1,1,NaN,2,3,NaN,,NaN,,NaN,,NaN,NaN,NaN,NaN,2,4,1,1,1,1,1,1,2,1,1,1,1,1,1,1,1,1,1,2,1,1,722738.833,4346462.96,-10.495,Cob,8736,0,0,0,10,1
13610,4,2008460003533,3,6,4,6,3,1,1,CV-35,5.7,5,7,0,1,2,2,2,3,4,2,2,2,2,2,2,7,7,8,1,1,1,9,8,1,1,1,NaN,1,NaN,30,32,NaN,,NaN,,NaN,NaN,NaN,NaN,1,4,1,1,1,1,1,1,1,1,1,2,1,1,1,1,1,1,1,2,1,1,719795.668,4378929.365,66.533,Per,100952,0,0,0,18,1
13611,4,2008460003534,3,6,4,4,3,1,1,CV-35,4,4,0,0,1,2,2,2,4,4,2,2,2,2,1,1,7,7,8,7,1,1,9,8,1,1,1,NaN,1,NaN,NaN,,NaN,,NaN,,NaN,NaN,NaN,71,1,4,1,1,1,1,1,1,1,2,1,2,1,1,1,1,1,1,1,2,1,1,720784.077,4377568.43,53.321,Per,127608,0,0,2,11,1
13612,4,2008460003549,3,6,2,6,1,1,1,CV-610,21.8,21,8,0,1,5,3,2,3,1,2,1,1,2,1,1,7,7,8,3,1,4,9,14,1,1,1,NaN,2,NaN,NaN,,NaN,,NaN,,66,NaN,60,NaN,1,4,2,1,2,1,1,1,1,1,1,1,1,1,1,1,1,1,1,2,1,1,730833.801,4310989.92,204.772,Cob,2933,0,0,1,17,1
13613,4,2008460003554,3,6,5,6,4,1,1,CV-35,9.5,9,5,1,1,2,2,2,3,4,2,2,2,2,1,1,7,7,8,3,5,5,9,14,1,1,1,NaN,1,NaN,NaN,,NaN,,NaN,,NaN,54,50,NaN,1,4,1,1,1,1,1,1,1,1,1,1,1,1,1,1,1,1,2,2,1,1,658933.246,4421525.484,942.048,Per,62359,0,0,1,22,1
13619,4,2008460003562,3,6,4,4,3,1,6,CV-35,15.4,15,4,0,1,2,2,2,3,4,2,2,2,2,1,1,7,7,8,1,1,1,9,14,3,1,1,NaN,1,5,NaN,,NaN,,NaN,,NaN,NaN,NaN,NaN,2,4,2,1,1,1,1,2,1,1,1,2,1,1,1,1,1,1,1,2,1,1,712137.291,4384491.134,87.931,Per,78771,0,0,4,11,1
13620,4,2008460003573,3,6,6,5,5,1,1,CV-645,0.8,0,8,0,1,5,3,2,3,4,2,1,2,2,2,2,7,7,8,1,1,1,9,14,1,1,1,NaN,2,NaN,NaN,,NaN,,NaN,,66,NaN,60,NaN,1,4,2,1,1,1,1,1,1,1,1,1,1,1,1,1,1,1,1,2,2,1,711310.757,4316621.991,116.32,Cob,13224,0,0,0,15,2
13622,4,2008460003580,3,6,6,3,5,1,2,CV-42,3.4,3,4,1,1,5,3,2,3,1,2,1,1,1,1,1,5,6,5,1,1,1,9,14,2,1,1,NaN,2,NaN,NaN,,NaN,,12,9,NaN,NaN,NaN,NaN,1,4,1,1,1,1,1,1,1,1,1,1,1,1,1,1,1,1,2,2,1,1,723150.058,4351878.259,-14.867,Cob,6611,0,0,1,8,6
13623,4,2008460003584,3,6,8,6,7,3,1,CV-390,29.6,29,6,0,1,5,2,3,3,3,2,1,1,2,1,1,7,7,8,3,1,4,2,14,1,1,1,NaN,2,NaN,NaN,,NaN,,NaN,,NaN,61,60,NaN,1,4,2,2,1,1,1,2,2,1,1,1,1,1,2,1,1,1,1,2,1,1,656764.477,4395655.107,914.855,Cob,208,0,0,1,18,4
13624,4,2008460003597,3,6,6,6,5,1,1,CV-81,9,9,0,1,1,5,3,2,3,2,2,1,1,2,2,1,7,7,5,1,5,1,2,14,2,1,1,NaN,2,NaN,NaN,,NaN,,NaN,,NaN,62,60,NaN,1,4,1,1,1,1,1,2,1,1,1,1,1,1,1,1,1,1,1,2,1,1,681483.614,4278485.292,462.382,Cob,5778,0,0,0,22,3
13626,4,2008460003609,3,6,6,6,5,1,2,CV-306,0.4,0,4,0,1,5,2,1,2,3,2,1,2,1,1,1,5,1,8,1,1,1,9,14,3,1,1,NaN,1,2,NaN,,NaN,,NaN,,NaN,NaN,NaN,NaN,1,4,1,1,1,1,1,1,2,1,1,1,1,1,1,1,1,1,1,2,1,1,730022.033,4385653.962,-5.013,Cob,8060,0,0,1,19,6
13627,4,2008460003624,3,6,9,6,1,4,1,CV-50,23.6,23,6,1,1,5,3,2,3,4,2,2,2,1,1,1,7,7,5,3,1,1,9,14,2,1,1,NaN,1,NaN,NaN,,NaN,,NaN,,NaN,54,50,NaN,1,4,1,2,1,1,1,1,1,1,1,1,1,1,1,1,1,2,1,2,1,1,699471.501,4369276.919,243.299,Sec,27865,0,0,0,18,2
13628,4,2008460003652,3,6,10,6,2,1,1,CV-81,7.9,7,9,1,1,5,2,2,3,3,2,1,2,2,1,1,7,7,8,3,1,4,2,14,1,1,1,NaN,1,NaN,NaN,,NaN,,NaN,,68,NaN,60,NaN,1,4,1,1,1,1,1,2,1,1,1,1,1,1,1,1,1,1,1,2,1,1,680453.74,4278289.013,461.256,Cob,5778,0,0,0,20,5
13629,4,2008460003653,3,6,10,6,2,1,1,CV-41,14.5,14,5,0,1,5,2,2,3,3,2,1,1,1,2,1,7,7,8,3,1,4,2,14,3,1,1,NaN,1,NaN,NaN,,NaN,,NaN,,68,NaN,60,NaN,1,4,1,1,1,1,1,2,1,1,1,1,1,1,1,1,1,1,1,2,1,1,716763.986,4324363.598,40.691,Cob,8790,0,0,0,18,2
13630,4,2008460003655,3,6,10,6,2,1,1,CV-40,7.8,7,8,1,1,2,3,2,3,4,2,2,2,2,2,2,7,7,8,3,1,4,2,4,3,1,1,NaN,1,NaN,NaN,,NaN,,NaN,,NaN,62,60,NaN,1,4,1,1,1,1,1,2,1,1,1,1,1,1,1,1,1,1,1,2,1,1,710958.379,4304040.24,304.623,Per,0,0,0,1,17,2
13631,4,2008460003657,3,6,7,6,6,2,1,CV-35,6,6,0,0,1,2,3,2,3,4,2,2,2,2,1,1,7,7,8,1,1,1,9,14,1,1,1,NaN,1,NaN,NaN,,NaN,,NaN,,NaN,54,50,NaN,1,4,1,1,1,1,1,1,2,1,1,1,1,1,1,1,1,1,1,2,1,1,719620.885,4379170.261,71.16,Per,100952,0,0,0,19,1
13632,4,2008460003658,3,6,9,1,1,4,1,CV-645,0.8,0,8,0,1,5,3,2,3,3,2,1,2,2,1,1,5,1,4,3,4,4,2,14,1,1,1,NaN,2,NaN,NaN,,NaN,,NaN,,NaN,53,50,NaN,1,4,1,1,2,1,1,2,1,1,1,1,1,1,1,1,1,1,1,2,2,1,711310.757,4316621.991,116.32,Cob,13224,0,0,0,1,6
13633,4,2008460003672,3,6,8,5,7,3,1,CV-36,3.4,3,4,0,1,2,3,2,3,4,2,1,1,1,1,1,7,7,8,3,1,5,9,14,3,1,1,NaN,1,NaN,NaN,,NaN,,NaN,,67,NaN,60,NaN,1,4,1,1,1,1,1,1,1,2,1,1,1,1,1,1,1,1,1,2,1,1,714811.159,4369292.738,51.278,Pri,71972,0,1,0,16,2
13635,4,2008460003695,3,2,25,4,1,1,2,CV-300,11.5,11,5,0,1,5,3,2,3,3,2,1,1,1,1,1,1,1,5,1,1,1,9,14,2,2,1,NaN,2,2,NaN,,NaN,,NaN,,NaN,NaN,NaN,NaN,1,4,1,1,1,1,1,1,1,1,1,1,1,1,1,1,1,2,1,2,1,1,727570.762,4379047.11,36.293,Cob,17392,0,0,1,13,7
13636,4,2008460003715,3,6,12,4,4,1,1,CV-40,5.9,5,9,0,1,2,2,2,2,4,2,2,2,2,2,2,7,7,7,1,1,1,9,14,3,1,1,NaN,1,NaN,NaN,,NaN,,NaN,,NaN,52,50,NaN,1,4,2,1,1,1,1,1,1,1,1,1,1,1,1,1,1,1,1,2,1,2,710991.761,4314815.428,138.249,Per,0,0,0,2,13,2
13638,4,2008460003721,3,6,9,4,1,1,2,CV-32,0.8,0,8,1,1,5,2,2,3,3,2,2,2,2,1,1,5,1,4,3,1,5,9,14,1,1,1,NaN,1,4,NaN,,NaN,,NaN,,NaN,NaN,NaN,NaN,1,4,1,1,1,1,1,1,2,1,1,1,1,1,2,1,1,1,1,2,1,1,725378.257,4386513.074,39.625,Per,23936,0,0,2,13,6
13639,4,2008460003732,3,6,10,3,2,1,1,CV-31,0.2,0,2,0,1,5,1,2,3,4,2,2,2,2,2,2,7,7,8,3,1,5,9,14,1,1,1,NaN,2,NaN,NaN,,NaN,,NaN,,NaN,54,50,NaN,1,4,1,1,1,1,1,2,1,1,1,1,1,1,2,1,1,1,1,2,1,1,721277.669,4374822.003,7.911,Cob,56596,0,0,1,7,5
13640,4,2008460003764,3,6,9,4,1,3,1,CV-35,25,25,0,1,1,2,2,2,3,3,2,2,2,2,1,1,7,7,7,3,1,5,9,8,1,1,1,NaN,1,NaN,NaN,,NaN,,NaN,,66,NaN,60,NaN,1,4,2,1,1,1,1,1,1,2,1,2,1,1,2,1,1,1,1,2,1,1,663021.135,4409996.529,896.455,Per,31868,0,0,1,14,2
13641,4,2008460003768,3,6,13,6,5,1,1,CV-41,15.1,15,1,0,1,5,3,2,3,4,2,1,1,1,1,1,7,7,8,1,4,1,9,14,3,1,1,NaN,1,NaN,NaN,,NaN,,NaN,,NaN,61,60,NaN,1,4,1,1,1,1,1,1,1,1,1,1,1,1,1,1,1,2,1,2,1,1,716464.45,4323832.015,57.605,Cob,8790,0,0,1,22,1
13642,4,2008460003774,3,6,13,4,5,1,1,CV-50,47.5,47,5,0,1,5,2,2,3,3,2,1,2,1,1,1,7,7,5,1,1,1,9,14,3,1,1,NaN,1,NaN,NaN,,NaN,,NaN,,NaN,62,60,NaN,1,4,1,1,1,1,1,1,1,1,1,1,1,1,1,1,1,1,2,2,1,1,708132.437,4356082.012,88.518,Pri,2913,0,0,1,11,2
13643,4,2008460003781,3,6,15,1,7,3,1,CV-41,12,12,0,0,1,5,3,2,3,3,2,1,2,2,1,1,5,1,4,1,3,1,9,14,1,1,1,NaN,2,NaN,NaN,,NaN,,NaN,,56,NaN,50,NaN,1,4,1,1,1,1,1,2,2,1,1,1,1,1,1,1,1,1,1,2,1,1,717341.06,4326366.081,26.295,Cob,8790,0,1,0,0,6
13644,4,2008460003788,3,6,12,6,4,1,1,CV-619,4,4,0,0,1,5,2,3,3,3,2,1,1,2,2,2,7,7,8,1,1,1,9,14,3,1,1,NaN,2,NaN,NaN,,NaN,,NaN,,66,NaN,60,NaN,1,4,1,1,1,1,1,1,1,1,1,1,1,1,1,1,1,2,1,2,1,3,729405.975,4307395.335,275.529,Cob,1222,0,0,0,17,1
13646,4,2008460003821,3,6,13,3,5,1,2,CV-365,1.5,1,5,0,1,5,2,3,3,3,2,1,1,1,1,1,7,7,8,1,1,1,9,14,3,1,1,NaN,1,4,NaN,,NaN,,NaN,,NaN,NaN,NaN,NaN,1,4,2,1,1,1,1,1,1,1,1,1,1,1,1,1,1,1,1,2,1,1,720401.568,4376544.505,53.642,Sec,45897,0,0,2,9,1
13647,4,2008460003825,3,6,14,3,6,2,1,CV-35,43.7,43,7,0,1,2,2,2,3,3,2,1,2,2,2,2,7,7,8,1,1,1,9,14,3,1,1,NaN,1,NaN,NaN,,NaN,,NaN,,68,NaN,60,NaN,1,4,1,1,1,1,1,1,1,1,1,1,1,1,1,1,1,1,2,2,1,1,690619.35,4397238.666,440.353,Per,4228,0,0,1,9,1
13648,4,2008460003832,3,6,16,6,1,1,1,CV-403,3.8,3,8,1,1,5,2,2,3,3,2,1,2,1,2,2,7,7,8,1,1,1,9,14,3,1,1,NaN,1,NaN,NaN,,NaN,,NaN,,NaN,62,60,NaN,1,4,2,1,1,1,1,1,1,1,1,1,1,1,1,1,1,1,1,2,1,2,720544.922,4371829.09,15.534,Sec,15075,0,0,0,17,2
13653,4,2008460003859,3,6,17,6,2,1,5,CV-35,4,4,0,1,1,2,3,2,3,4,2,2,2,2,2,2,7,7,8,1,1,1,9,14,3,1,1,NaN,2,5,NaN,,NaN,,NaN,,NaN,NaN,NaN,NaN,2,4,2,1,1,1,1,1,1,1,1,1,1,1,1,1,1,1,1,2,1,1,654864.02,4422931.21,936.214,Per,127608,0,0,2,19,1
13655,4,2008460003875,3,6,17,4,2,1,2,CV-50,23.5,23,5,0,1,5,3,2,3,3,2,2,1,2,1,1,5,1,4,1,1,1,9,14,1,1,3,NaN,2,3,NaN,,NaN,,NaN,,NaN,NaN,NaN,NaN,1,4,1,1,1,1,1,1,2,1,1,1,1,1,1,1,1,1,1,2,1,1,720386.675,4337945.953,1.115,Sec,27865,0,0,0,13,6
13658,4,2008460003883,3,6,18,6,3,1,2,CV-403,3.4,3,4,0,1,5,3,2,3,3,2,1,2,2,1,1,7,7,5,1,3,1,9,14,1,1,3,NaN,2,NaN,NaN,,NaN,,NaN,,NaN,64,60,NaN,1,4,1,1,2,1,1,2,1,1,1,1,1,1,1,1,1,1,1,2,1,2,719020.851,4370166.784,23.202,Sec,15075,0,0,0,21,5
13659,4,2008460003889,3,6,15,6,7,3,1,CV-500,0.8,0,8,1,1,5,3,2,3,4,2,2,1,2,2,2,7,7,8,1,1,1,9,14,2,1,3,NaN,1,NaN,NaN,,NaN,,NaN,,NaN,54,50,NaN,1,4,1,1,1,1,1,2,1,1,1,1,1,1,1,1,1,1,1,2,1,1,732064.944,4343666.654,-0.41,Pri,18575,0,1,0,19,3
13661,4,2008460003945,3,6,20,4,5,1,2,CV-686,3.5,3,5,0,1,5,3,2,3,4,2,1,1,1,1,1,1,1,8,1,1,1,9,14,2,1,3,NaN,1,3,NaN,,NaN,,NaN,,NaN,NaN,NaN,NaN,1,4,2,1,1,1,1,1,2,1,1,1,1,1,1,1,1,1,1,2,2,1,743608.789,4315901.824,7.837,Cob,18552,0,0,1,11,6
13662,4,2008460003946,3,6,20,2,5,1,1,CV-50,10.5,10,5,1,1,5,2,2,3,3,2,1,1,1,1,1,7,7,8,1,5,1,9,14,2,1,3,NaN,1,NaN,NaN,,21,24,NaN,,NaN,NaN,NaN,NaN,1,4,1,1,1,1,1,1,1,1,1,1,1,1,1,1,1,2,1,2,1,1,702580.022,4379968.845,127.847,Cob,10467,0,0,0,5,1
13663,4,2008460003951,3,6,21,1,6,2,1,CV-60,21,21,0,0,1,5,3,2,3,4,2,1,2,2,2,2,7,7,8,1,4,1,9,14,3,1,3,NaN,2,NaN,NaN,,NaN,,NaN,,67,NaN,60,NaN,1,4,2,1,1,1,1,1,1,1,1,1,1,1,1,1,1,1,1,2,1,1,729649.404,4308397.55,256.943,Cob,9487,0,0,0,1,1
13665,4,2008460003952,3,6,21,6,6,2,1,CV-35,9,9,0,1,1,2,3,2,3,3,2,2,2,2,2,2,7,7,8,1,1,1,9,8,1,1,1,NaN,2,NaN,NaN,,NaN,,NaN,,NaN,52,50,NaN,1,4,2,1,1,1,1,1,1,1,1,1,1,1,1,1,1,1,1,2,1,1,658497.987,4421757.959,958.721,Per,62359,0,1,0,18,1
13668,4,2008460003963,3,6,20,4,5,1,3,CV-403,3.5,3,5,0,1,5,3,2,3,3,2,1,1,2,2,2,6,1,8,1,1,1,9,14,3,1,1,NaN,1,4,NaN,,NaN,,NaN,,NaN,NaN,NaN,NaN,1,4,2,1,1,1,1,1,1,1,1,1,1,1,1,1,1,1,1,2,1,1,718991.687,4370071.434,23.807,Sec,15075,0,0,1,11,6
13671,4,2008460003982,3,6,17,6,2,1,2,CV-35,5,5,0,0,1,5,3,2,3,3,2,2,2,2,2,2,7,7,8,1,1,1,5,13,3,1,1,NaN,1,3,NaN,,NaN,,NaN,,NaN,NaN,NaN,NaN,1,4,1,1,1,1,1,1,2,1,1,1,1,1,1,1,1,2,1,2,1,1,720203.659,4378367.102,52.835,Per,87297,0,0,1,20,1
13672,4,2008460003983,3,6,21,4,6,2,1,CV-81,11.1,11,1,0,1,5,1,3,3,3,2,1,2,2,2,2,7,7,8,1,1,1,9,14,3,1,3,NaN,2,NaN,NaN,,NaN,,NaN,,67,NaN,60,NaN,1,4,2,1,1,1,1,1,1,1,1,1,1,1,1,1,1,1,1,2,2,2,709424.356,4295640.78,508.12,Cob,5778,0,0,1,13,1
13674,4,2008460003992,3,6,18,4,3,1,2,CV-35,3.2,3,2,1,1,2,2,2,3,4,2,2,2,2,1,1,7,7,8,1,1,1,9,14,3,1,1,NaN,1,4,NaN,,NaN,,NaN,,NaN,NaN,NaN,NaN,1,4,2,1,1,1,1,1,1,1,1,1,1,1,1,1,1,1,1,2,1,1,654390.753,4422745.389,898.869,Per,127608,0,0,0,14,1
13676,4,2008460003999,3,6,17,6,2,1,2,CV-31,2.6,2,6,0,1,2,2,2,3,4,2,2,2,2,2,2,7,7,8,1,1,1,9,14,3,1,1,NaN,1,NaN,30,32,NaN,,NaN,,NaN,NaN,NaN,NaN,1,4,1,2,1,1,1,2,1,1,1,1,1,1,1,1,1,1,1,2,1,1,720796.741,4376847.514,26.078,Cob,51056,0,0,1,19,3
13678,4,2008460004027,3,6,20,6,5,1,2,CV-32,3.2,3,2,1,1,5,2,2,3,3,2,1,2,1,1,1,7,7,8,1,1,1,9,14,2,1,1,NaN,1,2,NaN,,NaN,,NaN,,NaN,NaN,NaN,NaN,1,4,1,1,1,1,1,1,2,1,1,1,1,1,1,1,1,1,1,2,1,1,727279.076,4385366.127,15.665,Cob,20746,0,0,0,19,1
13680,4,2008460004031,3,6,21,6,6,2,2,CV-500,10,10,0,1,1,5,2,2,3,3,2,1,2,1,1,1,7,7,8,1,1,1,9,14,3,1,1,NaN,1,1,NaN,,NaN,,NaN,,NaN,NaN,NaN,NaN,1,4,2,1,1,1,1,1,1,1,1,1,1,1,1,1,1,1,1,2,1,1,735026.489,4350821.116,-16.954,Cob,18575,0,0,0,18,2
13682,4,2008460004032,3,6,20,4,5,1,2,CV-306,1.1,1,1,0,1,5,2,2,3,3,2,1,2,1,1,1,6,1,3,1,1,1,9,14,2,1,1,NaN,1,1,NaN,,NaN,,NaN,,NaN,NaN,NaN,NaN,1,4,1,1,1,1,1,1,2,1,1,1,1,1,1,1,1,1,1,2,1,1,730299.038,4386264.514,-3.454,Cob,8060,0,0,1,13,6
13683,4,2008460004053,3,6,19,6,4,1,1,CV-42,11.6,11,6,1,1,5,3,2,3,1,2,1,1,1,1,1,5,1,4,1,1,1,9,14,1,1,1,NaN,1,NaN,NaN,,NaN,,NaN,,56,NaN,50,NaN,1,4,2,1,1,1,1,2,1,1,1,1,1,1,1,1,1,1,1,2,1,1,722436.168,4343955.407,-10.695,Cob,8736,0,0,0,21,6
13685,4,2008460004074,3,6,23,5,1,1,2,CV-32,3.8,3,8,1,1,5,2,2,3,3,2,1,2,1,1,1,7,7,5,1,1,1,9,14,1,1,1,NaN,1,3,NaN,,NaN,,NaN,,NaN,NaN,NaN,NaN,1,4,2,1,1,1,1,1,2,1,1,1,1,1,1,1,1,1,1,2,1,1,727449.031,4384797.615,11.355,Cob,20746,0,0,1,15,1
13691,4,2008460004075,3,6,24,4,2,1,3,CV-36,2.1,2,1,0,1,2,2,2,3,4,2,2,2,2,2,2,7,7,8,1,1,1,9,14,3,1,1,NaN,1,4,NaN,,NaN,,NaN,,NaN,NaN,NaN,NaN,1,4,1,1,1,1,1,2,1,1,1,1,1,1,1,1,1,1,1,2,1,2,716083.29,4369297.802,35.462,Pri,71972,0,0,5,14,1