Id,Ano,Numero_Accidente,Provincia,Mes,Dia,Hora,Dia_Semana,Tipo_Dia,Vehiculos_Implicados,Carretera,Pk,Km,Hm,Sentido,Zona,Tipo_Via,Anchura_Calzada,Anchura_Carril,Marcas_Viales,Arcen,Arcen_Pavimentado,Mediana,Barrera_Seguridad,Paneles_Direccionales,Hitos_Arista,Captafaros,Interseccion_Tipo,Interseccion_Acondicionamiento,Prioridad_Regulada_por,Superficie,Luminosidad,Factores_Atmosfericos,Visibilidad_Restringida_por,Otras_Circunstancias,Senalizacion_Peligro,Aceras,Arboles,Arboles_Metros_Calzada,Visibilidad_Senalizacion_Vertical,Colision_Vehiculos_Marcha,Colision_Vehiculo_Obstaculo_1,Colision_Vehiculo_Obstaculo_2,Atropello_1,Atropello_2,Vuelco_1,Vuelco_2,Salida_Sin_Colision,Salida_Con_Colision,Lado_Salida,Otro,Circulacion,Circulacion_Medidas_Especiales,Distraccion,Inexperiencia_Conductor,Alcohol_Drogas,Cansancio_Sueno,Enfermedad,Velocidad_Inadecuada,Infraccion_Norma_Circulacion,Estado_Condicion_Via,Estado_Condicion_Senalizacion,Tramo_Obras,Mal_Estado_Vehiculo,Averia_Mecanica,Meteorologia_Adversa,Irrupcion_Animal,Circular_Sentido_Contrario,Otro_Factor,Sin_Opinion_Definida,Pendiente,Curvatura,Peralte,GPS_x,GPS_y,GPS_z,Tipo_Est,IMD,N_Muertos,N_Graves,N_Leves,Hora_Real,Fuera_o_Interseccion
13697,4,2008460004095,3,6,22,6,7,3,4,CV-35,15,15,0,1,1,2,3,2,3,3,2,2,2,1,2,2,7,7,8,1,1,1,9,8,1,1,1,NaN,2,5,NaN,,NaN,,NaN,,NaN,NaN,NaN,NaN,1,4,2,1,1,1,1,1,1,1,1,1,1,1,1,1,1,1,1,2,1,1,662673.198,4418488.399,911.867,Per,78771,0,0,4,19,1
13701,4,2008460004097,3,6,21,6,6,2,3,CV-500,10,10,0,1,1,5,3,2,3,3,2,1,2,1,2,2,7,7,8,1,1,1,9,14,3,1,1,NaN,1,5,NaN,,NaN,,NaN,,NaN,NaN,NaN,NaN,1,4,2,1,1,1,1,1,1,1,1,1,1,1,1,1,1,1,1,2,1,1,735026.489,4350821.116,-16.954,Cob,18575,0,0,1,17,1
13702,4,2008460004098,3,6,24,4,2,1,1,CV-407,3.5,3,5,1,1,5,2,2,3,3,2,2,2,2,1,1,7,7,8,1,1,1,9,14,3,1,1,NaN,1,NaN,30,32,NaN,,NaN,,NaN,NaN,NaN,NaN,1,4,1,1,1,1,1,1,1,1,1,1,1,1,1,1,1,2,1,2,1,1,721861.339,4368482.627,7.512,Sec,23334,0,0,1,11,1
13703,4,2008460004102,3,6,25,6,3,1,1,CV-686,2.1,2,1,0,1,5,3,2,3,3,2,1,1,1,1,1,7,7,8,1,1,1,9,14,3,1,1,NaN,1,NaN,NaN,,NaN,,NaN,,66,NaN,60,NaN,1,4,2,1,1,1,1,1,1,1,1,1,1,1,1,1,1,1,1,2,1,1,742903.284,4314725.688,20.366,Cob,18552,0,0,0,21,1
13709,4,2008460004108,3,6,24,5,2,1,4,CV-35,8,8,0,0,1,2,2,2,3,4,2,2,2,2,2,2,7,7,8,1,1,1,9,14,1,1,1,NaN,1,5,NaN,,NaN,,NaN,,NaN,NaN,NaN,NaN,1,4,1,1,1,1,1,1,2,1,1,1,1,1,1,1,1,1,1,2,1,1,718236.963,4380535.666,87.354,Per,100952,0,0,1,15,1
13711,4,2008460004125,3,6,24,6,2,1,2,CV-36,0.8,0,8,1,1,2,3,2,3,4,2,2,2,1,2,2,3,1,8,1,1,1,9,8,3,1,1,NaN,2,4,NaN,,NaN,,NaN,,NaN,NaN,NaN,NaN,1,4,2,1,1,1,1,1,1,1,1,1,1,1,1,1,1,1,1,2,1,2,711742.544,4368750.886,73.986,Pri,71972,0,1,0,18,6
13713,4,2008460004126,3,6,25,3,3,1,2,CV-515,7.4,7,4,1,1,5,3,2,3,3,2,1,2,1,2,2,6,5,3,1,1,1,9,14,1,1,1,NaN,1,2,NaN,,NaN,,NaN,,NaN,NaN,NaN,NaN,1,4,1,1,1,1,1,1,2,1,1,1,1,1,1,1,1,1,1,2,1,2,725095.59,4342937.835,3.057,Cob,6391,0,0,1,8,6
13714,4,2008460004128,3,6,26,6,4,1,1,CV-550,0,0,0,1,1,5,3,2,3,3,2,1,1,1,1,1,5,1,4,1,1,1,2,14,1,1,1,NaN,2,NaN,NaN,,NaN,,NaN,,66,NaN,60,NaN,1,4,1,1,1,1,1,2,1,1,1,1,1,1,1,1,1,1,1,2,2,1,720548.606,4337161.442,-7.985,Sec,8381,0,0,0,18,6
13717,4,2008460004137,3,6,26,6,4,1,3,CV-686,1.5,1,5,0,1,5,2,2,4,3,2,1,1,1,1,1,7,7,8,1,1,1,9,14,1,1,1,NaN,1,4,NaN,,NaN,,NaN,,NaN,NaN,NaN,NaN,2,4,2,1,1,1,1,1,2,1,1,1,1,1,1,1,1,1,1,2,1,1,742607.929,4314202.745,20.661,Cob,18552,0,1,1,18,1
13721,4,2008460004143,3,6,27,6,5,1,3,CV-60,3.7,3,7,1,1,5,3,2,3,4,2,1,2,1,2,2,7,7,5,1,1,1,9,14,3,1,1,NaN,2,2,NaN,,NaN,,NaN,,NaN,NaN,NaN,NaN,1,4,2,1,1,2,1,1,1,1,1,1,1,1,1,1,1,1,1,2,1,1,741187.111,4313444.264,29.591,Cob,10766,1,0,0,17,2
13723,4,2008460004147,3,6,25,6,3,1,2,CV-33,0.9,0,9,1,1,5,2,2,3,4,2,2,2,2,1,1,7,7,8,1,1,1,9,14,3,1,1,NaN,1,4,NaN,,NaN,,NaN,,NaN,NaN,NaN,NaN,1,4,1,1,1,1,1,1,2,1,1,1,1,1,1,1,1,1,1,2,1,1,718095.245,4369737.076,22.739,Cob,32997,0,0,3,17,1
13725,4,2008460004153,3,6,27,6,5,1,2,CV-60,6.3,6,3,1,1,5,3,2,3,3,2,1,1,1,2,1,7,7,8,1,1,1,9,14,2,1,1,NaN,2,4,NaN,,NaN,,NaN,,NaN,NaN,NaN,NaN,1,4,1,1,1,1,1,2,1,1,1,1,1,1,1,1,1,1,1,2,1,1,738906.838,4313543.728,54.919,Cob,9364,0,0,1,19,1
13727,4,2008460004156,3,6,28,1,6,2,2,CV-40,6.4,6,4,1,1,2,3,2,3,4,2,2,2,1,2,2,7,7,5,1,5,1,9,14,2,1,1,NaN,2,4,NaN,,NaN,,NaN,,NaN,NaN,NaN,NaN,1,4,2,1,2,1,1,1,1,1,1,1,1,1,1,1,1,1,1,2,1,2,711023.231,4302660.207,319.54,Per,0,0,0,1,23,2
13728,4,2008460004158,3,6,29,1,7,3,1,CV-60,16.1,16,1,0,1,5,3,2,3,3,2,1,1,1,2,2,1,1,8,1,5,1,9,14,3,1,3,NaN,2,NaN,NaN,,NaN,,NaN,,67,NaN,60,NaN,1,4,1,1,2,1,1,1,1,1,1,1,1,1,1,1,1,1,1,2,1,1,725456.155,4306475.431,265.605,Cob,9487,0,0,0,4,6
13729,4,2008460004159,3,6,29,1,7,3,1,CV-41,14,14,0,1,1,5,3,2,3,3,2,1,2,1,2,1,7,7,8,1,1,1,9,14,3,1,1,NaN,2,NaN,NaN,,NaN,,NaN,,NaN,62,60,NaN,1,4,1,1,1,1,1,1,1,1,1,1,1,1,1,1,1,2,1,2,1,1,718667.952,4330971.194,2.225,Cob,8790,0,0,0,0,1
13730,4,2008460004163,3,6,28,1,6,2,1,CV-60,29.8,29,8,0,1,2,2,2,2,4,2,2,2,2,2,2,7,7,8,1,5,1,9,14,1,1,3,NaN,2,NaN,NaN,,NaN,,NaN,,NaN,62,60,NaN,1,4,1,1,2,2,1,1,1,1,1,1,1,1,1,1,1,1,1,2,1,1,737045.249,4312036.048,133.197,Cob,12836,0,0,0,3,4
13734,4,2008460004164,3,6,24,3,2,1,2,CV-35,9,9,0,1,1,2,2,2,3,4,2,2,2,2,2,2,7,7,8,1,1,1,9,8,1,1,1,NaN,1,4,NaN,,NaN,,NaN,,NaN,NaN,NaN,NaN,2,4,1,1,1,1,1,1,2,2,2,2,1,1,1,1,1,1,1,2,1,1,658497.987,4421757.959,958.721,Per,62359,0,0,1,8,1
13736,4,2008460004203,3,6,23,4,1,1,2,CV-50,28.8,28,8,1,1,5,2,2,3,4,2,1,2,1,1,1,5,1,4,1,1,1,9,14,1,1,1,NaN,1,4,NaN,,NaN,,NaN,,NaN,NaN,NaN,NaN,1,4,2,1,1,1,1,1,1,1,1,1,1,1,1,1,1,1,1,2,1,2,699090.293,4364532.25,245.399,Cob,14945,0,0,1,12,6
13740,4,2008460004220,3,6,26,6,4,1,4,CV-36,4.4,4,4,1,1,2,3,2,3,3,2,1,1,1,1,1,7,7,8,1,1,1,9,8,1,1,1,NaN,1,4,NaN,,NaN,,NaN,,NaN,NaN,NaN,NaN,1,4,1,1,1,1,1,1,1,1,1,2,1,1,1,1,1,1,1,2,1,1,720584.409,4368905.588,14.622,Cob,38015,0,0,1,19,1
13741,4,2008460004236,3,6,30,6,1,1,1,CV-35,19.1,19,1,1,1,2,3,2,3,4,2,2,2,2,2,2,7,7,8,1,5,1,9,14,3,1,1,NaN,1,NaN,NaN,,NaN,,NaN,,NaN,62,60,NaN,1,4,2,1,1,1,1,1,1,1,1,1,1,1,1,1,1,1,1,2,2,2,663850.224,4415118.644,822.084,Per,51759,0,0,1,22,1
13743,4,2008460004241,3,7,1,6,2,1,2,CV-81,1.3,1,3,1,1,5,3,2,3,1,2,1,1,2,2,2,5,1,4,1,1,1,9,14,3,1,1,NaN,2,3,NaN,,NaN,,NaN,,NaN,NaN,NaN,NaN,1,4,1,1,1,1,1,1,1,1,1,1,1,2,1,1,1,1,1,2,1,1,674077.467,4277158.906,526.945,Sec,14585,0,0,0,19,6
13744,4,2008460004267,3,7,2,2,3,1,1,CV-610,14.9,14,9,1,1,5,2,3,3,1,2,1,2,2,1,1,7,7,5,1,5,1,9,14,1,1,1,NaN,1,NaN,NaN,,NaN,,NaN,,NaN,63,60,NaN,1,4,1,1,1,1,1,1,1,1,1,1,1,1,1,1,1,1,2,2,1,1,722812.032,4316259.503,196.118,Cob,3247,0,0,0,5,4
13745,4,2008460004280,3,6,28,1,6,2,1,CV-36,4.2,4,2,0,1,2,2,2,3,4,2,2,2,2,1,1,7,7,8,1,5,1,9,14,3,1,1,NaN,1,NaN,NaN,,NaN,,NaN,,NaN,64,60,NaN,1,4,2,1,1,2,1,2,1,1,1,1,1,1,1,1,1,1,1,2,1,2,714024.203,4369211.356,51.438,Cob,38015,0,0,2,1,1
13748,4,2008460004281,3,6,28,5,6,2,2,CV-50,91.7,91,7,1,1,5,2,2,2,3,2,1,2,1,1,1,5,1,4,1,1,1,9,14,1,1,1,NaN,1,2,NaN,,NaN,,NaN,,NaN,NaN,NaN,NaN,1,4,1,1,1,1,1,1,2,1,1,1,1,1,1,1,1,1,1,2,1,1,737151.903,4328848.037,-9.353,Per,6934,0,0,2,15,6
13750,4,2008460004287,3,6,28,5,6,2,2,CV-35,9.1,9,1,1,1,2,2,2,3,4,2,2,2,2,1,1,7,7,8,1,1,1,9,8,1,1,1,NaN,1,2,NaN,,NaN,,NaN,,NaN,NaN,NaN,NaN,1,4,1,1,1,1,1,1,1,1,1,2,2,1,1,1,1,1,1,2,1,1,658670.914,4421665.557,949.739,Per,62359,0,0,0,16,1
13751,4,2008460004288,3,6,28,6,6,2,1,CV-245,9,9,0,1,1,5,2,2,2,3,2,1,2,1,1,1,7,7,8,1,1,1,9,14,3,1,1,NaN,1,NaN,NaN,,NaN,,NaN,,NaN,54,50,NaN,1,4,1,1,1,1,1,2,1,1,1,1,1,1,1,1,1,1,1,2,2,2,705189.549,4413801.411,702.63,Cob,327,0,1,0,19,2
13753,4,2008460004290,3,6,28,6,6,2,2,CV-32,9.5,9,5,0,1,5,2,2,3,4,2,1,2,1,1,1,5,1,8,8,2,1,9,14,1,1,1,NaN,1,NaN,30,29,NaN,,NaN,,NaN,NaN,NaN,NaN,1,4,1,1,1,1,1,1,1,1,1,1,1,2,1,1,1,2,1,2,1,2,725431.461,4386465.417,39.511,NaN,0,0,0,1,21,6
13757,4,2008460004293,3,7,2,3,3,1,2,CV-590,60.7,60,7,0,1,5,3,2,3,4,2,1,1,1,2,2,7,7,5,1,1,1,9,14,3,1,1,NaN,2,4,NaN,,NaN,,NaN,,NaN,NaN,NaN,NaN,1,4,2,1,1,1,1,1,1,1,1,1,1,1,1,1,1,1,1,2,1,1,709849.155,4321221.71,125.278,Sec,6940,0,0,1,8,1
13759,4,2008460004295,3,6,26,3,4,1,2,CV-403,1.2,1,2,1,1,5,3,2,3,3,2,1,2,1,2,2,7,7,8,1,1,1,9,14,3,1,1,NaN,1,3,NaN,,NaN,,NaN,,NaN,NaN,NaN,NaN,1,4,2,1,2,2,1,1,1,1,1,1,1,1,1,1,1,1,1,2,1,1,719089.104,4370222.067,24.442,Cob,17665,0,0,1,8,1
13763,4,2008460004297,3,7,2,4,3,1,1,CV-35,54.8,54,8,1,1,5,3,1,3,3,2,1,2,2,1,1,7,7,8,1,1,1,2,14,1,1,3,NaN,2,NaN,NaN,,NaN,,NaN,,NaN,64,60,NaN,1,1,1,1,1,1,1,2,1,1,1,1,1,1,1,1,1,1,1,2,1,1,684200.73,4396669.382,354.337,Sec,2381,0,0,5,13,5
13764,4,2008460004298,3,6,30,4,1,1,1,CV-306,1.6,1,6,0,1,5,2,2,3,3,2,1,2,1,1,1,5,1,8,1,1,1,9,14,2,1,1,NaN,1,NaN,NaN,,NaN,,NaN,,66,NaN,60,NaN,1,4,2,1,1,1,1,1,1,1,1,1,1,1,1,1,1,1,1,2,1,1,730499.042,4386707.577,-2.093,Cob,8060,0,0,1,14,6
13765,4,2008460004334,3,7,2,6,3,1,1,CV-60,8.3,8,3,0,1,5,2,2,3,1,2,1,1,1,1,1,5,1,4,1,1,1,9,14,2,1,1,NaN,2,NaN,NaN,,NaN,,NaN,,57,NaN,50,NaN,1,4,1,1,1,1,1,2,1,1,1,1,1,1,1,1,1,1,1,2,1,1,718081.09,4308261.88,153.617,Cob,9364,0,0,0,17,6
13766,4,2008460004339,3,7,2,6,3,1,1,CV-36,3.1,3,1,0,1,2,3,2,3,3,2,2,2,2,2,2,1,1,8,1,1,1,9,14,3,1,1,NaN,1,NaN,NaN,,NaN,,NaN,,NaN,63,60,NaN,1,4,2,1,2,1,1,1,1,1,1,1,1,1,1,1,1,1,1,2,1,2,715100.73,4369362.19,47.745,Pri,71972,0,0,1,20,6
13769,4,2008460004377,3,7,3,4,4,1,2,CV-50,28.5,28,5,1,1,2,3,1,3,3,2,2,2,2,2,2,5,1,4,1,1,1,9,14,1,1,1,NaN,2,2,NaN,,NaN,,NaN,,NaN,NaN,NaN,NaN,1,4,1,1,1,1,1,1,2,1,1,1,1,1,1,1,1,1,1,2,1,2,699036.556,4364917.433,250.295,Cob,14945,0,0,0,12,6
13770,4,2008460004393,3,6,29,6,7,3,1,CV-35,16.8,16,8,0,1,2,2,2,3,3,2,2,2,2,1,1,7,7,8,1,1,1,9,14,3,1,1,NaN,1,NaN,NaN,,21,24,NaN,,NaN,NaN,NaN,NaN,1,4,1,1,1,1,1,1,1,1,1,1,1,1,1,1,1,1,2,2,1,1,711194.328,4385612.442,91.602,Per,51759,0,0,0,18,1
13773,4,2008460004397,3,6,29,6,7,3,3,CV-35,10.8,10,8,1,1,2,2,2,3,4,2,2,2,2,1,1,7,7,8,1,1,1,9,14,3,1,1,NaN,1,4,NaN,,NaN,,NaN,,NaN,NaN,NaN,NaN,1,4,1,1,1,1,1,1,2,1,1,1,1,1,1,1,1,1,1,2,1,1,660074.395,4420964.41,905.979,Per,97287,0,0,0,17,1
13774,4,2008460004410,3,7,5,6,6,2,1,CV-619,5,5,0,0,1,5,1,3,3,1,2,1,1,1,1,1,7,7,8,1,1,1,2,13,2,1,1,NaN,1,NaN,NaN,,NaN,,NaN,,NaN,53,50,NaN,1,4,1,1,1,1,1,2,1,1,1,1,1,1,1,1,1,1,1,2,1,1,730244.419,4307870.457,256.199,Cob,1222,0,0,0,21,1
13775,4,2008460004516,3,7,2,4,3,1,1,CV-32,0.2,0,2,0,1,5,3,2,3,3,2,2,2,1,2,2,5,1,8,8,1,1,9,14,3,1,1,NaN,2,NaN,NaN,,NaN,,12,9,NaN,NaN,NaN,NaN,1,4,1,1,1,1,1,1,1,2,1,1,1,1,1,1,1,1,1,2,2,1,732392.066,4381689.679,-16.771,Per,23936,0,0,1,14,6
13776,4,2008460004520,3,7,8,6,2,1,1,CV-550,6.5,6,5,0,1,5,3,2,3,3,2,1,1,1,2,2,7,7,8,1,5,1,9,14,3,1,1,NaN,2,NaN,NaN,,21,24,NaN,,NaN,NaN,NaN,NaN,1,4,1,1,1,1,1,1,1,1,1,1,1,1,1,1,1,1,2,2,1,1,719797.875,4336520.21,-11.39,Cob,14067,0,0,0,22,1
13777,4,2008460004572,3,7,9,4,3,1,1,CV-35,5.9,5,9,1,1,2,3,2,3,4,2,2,2,1,2,2,7,7,5,1,1,1,9,14,3,1,3,NaN,2,NaN,NaN,,NaN,,12,9,NaN,NaN,NaN,NaN,1,4,2,1,1,1,1,1,1,1,1,1,1,1,1,1,1,1,1,2,1,1,656516.701,4423004.079,947.969,Per,100952,0,1,0,12,1
13779,4,2008460004618,3,7,9,1,3,1,2,CV-35,14.4,14,4,0,1,2,1,2,3,2,2,2,2,2,2,2,7,7,5,1,5,1,9,8,1,1,1,NaN,2,NaN,30,29,NaN,,NaN,,NaN,NaN,NaN,NaN,1,4,2,1,2,1,1,1,1,1,1,1,1,1,1,1,1,1,1,2,1,1,712932.067,4383895.886,88.951,Per,78771,0,0,0,1,4
13782,4,2008460004654,3,7,14,6,1,4,1,CV-81,8.6,8,6,0,1,5,2,2,3,3,2,1,2,1,2,2,7,7,8,3,1,4,2,14,1,1,3,NaN,2,NaN,NaN,,NaN,,NaN,,67,NaN,60,NaN,1,4,1,1,1,1,1,2,1,1,1,1,1,1,1,1,1,1,1,2,2,2,708584.029,4297249.144,424.952,Cob,5778,0,0,0,18,4
13784,4,2008460004656,3,7,11,4,5,1,2,CV-390,18.8,18,8,0,1,5,1,3,4,2,2,1,2,1,2,1,7,7,8,1,1,1,9,14,3,1,3,NaN,2,3,NaN,,NaN,,NaN,,NaN,NaN,NaN,NaN,1,4,1,1,1,1,1,1,2,1,1,1,1,1,1,1,1,1,1,2,1,1,662432.786,4399569.654,647.834,Cob,207,0,1,0,12,2
13788,4,2008460004662,3,7,3,3,4,1,2,CV-35,9,9,0,1,1,2,3,2,3,3,2,2,2,2,2,2,7,7,8,1,1,1,9,14,3,1,1,NaN,1,3,NaN,,NaN,,NaN,,NaN,NaN,NaN,NaN,1,4,1,1,1,1,1,1,2,1,1,1,1,1,1,1,1,1,1,2,1,1,658497.987,4421757.959,958.721,Per,62359,0,0,0,7,1
13798,4,2008460004671,3,7,4,3,5,1,10,CV-35,5.2,5,2,0,1,2,3,2,3,4,2,2,2,2,2,2,7,7,8,1,1,1,9,14,3,1,1,NaN,1,5,NaN,,NaN,,NaN,,NaN,NaN,NaN,NaN,2,4,1,1,1,1,1,1,2,1,1,1,1,1,1,1,1,1,1,2,1,1,720086.648,4378528.514,56.125,Per,87297,0,0,3,8,1
13799,4,2008460004675,3,7,14,4,1,1,1,CV-50,17,17,0,0,1,5,3,2,3,3,2,1,1,1,2,2,7,7,5,1,1,1,9,14,3,1,1,NaN,2,NaN,NaN,,NaN,,NaN,,66,NaN,60,NaN,1,4,2,1,1,1,1,1,1,1,1,1,1,1,1,1,1,1,1,2,1,1,724451.225,4333547.183,7.662,Cob,11300,0,0,0,14,1
13801,4,2008460004676,3,7,14,4,1,4,2,CV-515,3.2,3,2,1,1,5,1,3,3,3,2,1,1,1,1,1,1,4,3,1,1,1,9,14,1,1,3,NaN,1,1,NaN,,NaN,,NaN,,NaN,NaN,NaN,NaN,1,4,2,1,1,1,1,1,1,1,1,1,1,1,1,1,1,1,1,2,1,1,728990.247,4343415.873,2.042,Cob,4232,0,0,0,12,6
13802,4,2008460004709,3,7,2,6,3,1,1,CV-30,2.5,2,5,0,1,2,3,2,3,4,2,2,2,2,2,2,7,7,5,1,1,1,9,14,3,1,3,NaN,2,NaN,NaN,,NaN,,NaN,,NaN,62,60,NaN,1,4,1,1,1,1,1,1,1,1,1,1,1,1,1,1,1,1,2,2,1,1,722472.822,4375200.756,6.742,Sec,56027,0,0,0,20,2
13803,4,2008460004725,3,7,16,4,3,1,1,CV-590,60,60,0,1,1,5,3,2,3,3,2,1,1,1,2,2,7,7,5,1,1,1,9,14,1,1,1,NaN,2,NaN,NaN,,NaN,,NaN,,66,NaN,60,NaN,1,4,2,1,1,1,1,1,1,1,1,1,1,1,1,1,1,1,1,2,1,1,670679.655,4324138.752,585.871,Sec,6940,0,0,2,14,1
13807,4,2008460004733,3,7,4,5,5,1,4,CV-35,10,10,0,0,1,2,3,2,3,4,2,2,2,2,2,2,7,7,8,1,1,1,9,14,1,1,1,NaN,2,5,NaN,,NaN,,NaN,,NaN,NaN,NaN,NaN,2,4,1,1,1,1,1,1,2,1,1,1,1,1,1,1,1,1,1,2,1,1,716435.035,4381334.63,85.823,Per,62359,0,0,0,15,1
13811,4,2008460004738,3,7,16,6,3,1,1,CV-40,2.6,2,6,1,1,2,3,2,3,5,2,2,2,2,2,2,7,7,8,1,1,1,9,14,3,1,1,NaN,2,NaN,NaN,,NaN,,NaN,,NaN,NaN,NaN,71,1,4,1,1,1,1,1,1,1,1,1,1,1,1,1,1,1,2,1,2,1,1,713829.963,4300984.33,313.028,Cob,20544,0,0,0,18,1
13813,4,2008460004749,3,7,16,1,3,1,2,CV-42,2.4,2,4,1,1,5,3,2,3,4,2,1,2,1,2,2,7,7,8,1,1,1,9,14,3,1,1,NaN,2,4,NaN,,NaN,,NaN,,NaN,NaN,NaN,NaN,1,4,1,1,1,1,1,1,2,1,1,1,1,1,1,1,1,1,1,2,1,1,723518.676,4352751.274,-14.609,Cob,6611,0,0,0,1,1
13814,4,2008460004776,3,7,6,1,7,3,1,CV-500,25,25,0,1,1,5,3,2,3,3,2,1,2,1,2,2,7,7,8,1,5,1,9,14,3,1,3,NaN,1,NaN,NaN,,NaN,,NaN,,56,NaN,50,NaN,1,4,1,1,1,1,1,2,1,1,1,1,1,1,1,1,1,1,1,2,1,1,729686.711,4364234.145,-20.642,Cob,7846,0,0,0,23,1
13816,4,2008460004799,3,7,18,6,5,1,1,CV-60,1,1,0,0,1,5,3,2,3,4,2,1,2,1,2,1,7,7,8,1,1,1,9,14,2,1,1,NaN,1,NaN,NaN,,NaN,,NaN,,NaN,52,50,NaN,1,4,1,1,1,1,1,1,2,1,1,1,1,1,1,1,1,1,1,2,1,1,711182.68,4309624.386,279.162,Cob,12380,0,0,0,20,1
13817,4,2008460004806,3,7,20,3,7,3,1,CV-610,10.5,10,5,1,1,5,3,2,3,3,2,1,2,2,2,1,7,7,8,1,1,1,9,14,1,1,1,NaN,2,NaN,NaN,,NaN,,NaN,,68,NaN,60,NaN,1,4,1,2,1,1,1,1,1,1,1,1,1,1,1,1,1,1,1,2,1,1,726243.898,4314116.363,207.046,Cob,2593,0,0,1,9,5
13818,4,2008460004815,3,7,6,3,7,3,1,CV-410,1.4,1,4,0,1,5,2,2,3,3,2,1,1,1,2,2,5,1,4,1,1,1,9,14,2,1,1,NaN,1,NaN,NaN,,NaN,,NaN,,67,NaN,60,NaN,1,4,2,1,2,1,1,2,2,1,1,1,1,1,1,1,1,1,1,2,1,1,717669.766,4369791.094,29.712,Cob,31151,0,0,0,9,6
13820,4,2008460004817,3,7,7,6,1,4,2,CV-36,2.1,2,1,0,1,2,3,2,3,3,2,2,2,1,2,2,7,7,8,1,1,1,9,14,3,1,1,NaN,1,4,NaN,,NaN,,NaN,,NaN,NaN,NaN,NaN,1,4,2,1,1,1,1,1,1,1,1,1,1,1,1,1,1,1,1,2,1,2,716083.29,4369297.802,35.462,Pri,71972,0,0,3,18,1
13822,4,2008460004819,3,7,7,4,1,4,2,CV-32,3.1,3,1,1,1,5,3,2,3,3,2,2,2,1,2,2,5,1,8,1,1,1,9,14,3,1,1,NaN,1,3,NaN,,NaN,,NaN,,NaN,NaN,NaN,NaN,1,4,1,1,1,1,1,1,2,1,1,1,1,1,1,1,1,1,1,2,1,1,727246.316,4385460.269,17.492,Cob,20746,0,0,0,11,6
13824,4,2008460004821,3,7,7,5,1,4,2,CV-25,5.5,5,5,0,1,5,2,2,3,3,2,1,1,1,1,1,5,1,4,1,1,1,9,14,1,1,1,NaN,2,2,NaN,,NaN,,NaN,,NaN,NaN,NaN,NaN,1,4,2,1,1,1,1,1,2,1,1,1,1,1,1,1,1,2,1,2,1,1,709750.219,4394930.281,192.97,Sec,3478,0,0,1,15,7
13825,4,2008460004822,3,7,19,1,6,2,1,CV-40,6,6,0,1,1,2,3,2,3,4,2,2,2,2,2,2,7,7,5,1,5,1,9,14,1,1,1,NaN,2,NaN,NaN,,NaN,,NaN,,68,NaN,60,NaN,1,4,2,1,1,1,1,1,1,1,1,1,1,1,1,1,1,1,1,2,1,2,711140.371,4302282.702,325.754,Per,0,0,0,0,1,2
13827,4,2008460004824,3,7,10,3,4,1,2,CV-36,7.5,7,5,1,1,2,2,2,3,3,2,2,2,2,2,2,7,7,8,1,1,1,9,14,3,1,1,NaN,1,3,NaN,,NaN,,NaN,,NaN,NaN,NaN,NaN,1,4,2,1,1,1,1,1,1,1,1,1,1,1,1,1,1,1,1,2,1,1,723077.924,4370454.584,8.476,Sec,25386,0,0,0,9,1
13830,4,2008460004831,3,7,10,6,4,1,1,CV-35,9.3,9,3,0,1,2,2,2,3,3,2,2,2,2,2,2,3,1,8,1,4,1,9,8,2,1,1,NaN,1,NaN,NaN,,NaN,,NaN,,NaN,52,50,NaN,1,4,1,1,1,1,1,1,1,1,2,1,1,1,1,1,1,1,1,2,1,1,717094.747,4381118.894,93.036,Per,62359,0,0,0,22,6
13832,4,2008460004838,3,7,8,3,2,1,2,CV-32,8,8,0,0,1,5,2,2,3,3,2,1,1,2,2,2,5,6,8,1,1,1,9,14,3,1,1,NaN,1,3,NaN,,NaN,,NaN,,NaN,NaN,NaN,NaN,1,4,1,1,1,1,1,1,1,1,1,1,1,1,1,1,1,1,2,2,1,1,726818.617,4386024.26,27.037,NaN,0,0,0,1,8,6
13833,4,2008460004846,3,7,9,1,3,1,1,CV-35,14.9,14,9,0,1,2,2,2,3,4,2,2,2,2,2,2,7,7,7,1,5,1,9,14,2,1,1,NaN,1,NaN,NaN,,NaN,,12,9,NaN,NaN,NaN,NaN,1,4,2,1,1,1,1,2,1,1,1,1,1,1,1,1,1,1,1,2,1,1,712519.345,4384167.374,90.678,Per,78771,0,0,0,1,2
13834,4,2008460004848,3,7,11,1,5,1,1,CV-36,4.2,4,2,0,1,2,2,2,3,3,2,2,2,2,2,2,7,7,8,1,4,1,9,14,3,1,1,NaN,1,NaN,NaN,,NaN,,NaN,,NaN,54,50,NaN,1,4,1,1,1,1,1,1,1,1,1,1,1,1,1,1,1,1,2,2,1,2,714024.203,4369211.356,51.438,Cob,38015,0,0,1,0,2
13836,4,2008460004905,3,7,22,3,2,1,2,CV-32,0.4,0,4,1,1,5,3,2,3,4,2,2,2,2,2,2,7,7,8,1,1,1,9,14,1,1,1,NaN,2,4,NaN,,NaN,,NaN,,NaN,NaN,NaN,NaN,2,4,2,1,1,1,1,1,1,1,1,1,1,1,1,1,1,1,1,2,1,1,725175.318,4386823.354,47.035,Per,23936,0,1,0,8,1
13838,4,2008460004907,3,7,11,4,5,1,2,CV-35,10,10,0,0,1,2,3,2,3,4,2,2,2,1,2,1,7,7,8,1,1,1,9,14,3,1,3,NaN,2,4,NaN,,NaN,,NaN,,NaN,NaN,NaN,NaN,3,4,2,1,1,1,1,1,2,1,1,1,1,1,1,1,1,1,1,2,1,1,716435.035,4381334.63,85.823,Per,62359,0,0,0,13,1