Id,Ano,Numero_Accidente,Provincia,Mes,Dia,Hora,Dia_Semana,Tipo_Dia,Vehiculos_Implicados,Carretera,Pk,Km,Hm,Sentido,Zona,Tipo_Via,Anchura_Calzada,Anchura_Carril,Marcas_Viales,Arcen,Arcen_Pavimentado,Mediana,Barrera_Seguridad,Paneles_Direccionales,Hitos_Arista,Captafaros,Interseccion_Tipo,Interseccion_Acondicionamiento,Prioridad_Regulada_por,Superficie,Luminosidad,Factores_Atmosfericos,Visibilidad_Restringida_por,Otras_Circunstancias,Senalizacion_Peligro,Aceras,Arboles,Arboles_Metros_Calzada,Visibilidad_Senalizacion_Vertical,Colision_Vehiculos_Marcha,Colision_Vehiculo_Obstaculo_1,Colision_Vehiculo_Obstaculo_2,Atropello_1,Atropello_2,Vuelco_1,Vuelco_2,Salida_Sin_Colision,Salida_Con_Colision,Lado_Salida,Otro,Circulacion,Circulacion_Medidas_Especiales,Distraccion,Inexperiencia_Conductor,Alcohol_Drogas,Cansancio_Sueno,Enfermedad,Velocidad_Inadecuada,Infraccion_Norma_Circulacion,Estado_Condicion_Via,Estado_Condicion_Senalizacion,Tramo_Obras,Mal_Estado_Vehiculo,Averia_Mecanica,Meteorologia_Adversa,Irrupcion_Animal,Circular_Sentido_Contrario,Otro_Factor,Sin_Opinion_Definida,Pendiente,Curvatura,Peralte,GPS_x,GPS_y,GPS_z,Tipo_Est,IMD,N_Muertos,N_Graves,N_Leves,Hora_Real,Fuera_o_Interseccion
13839,4,2008460004911,3,7,22,5,2,1,1,CV-41,5,5,0,0,1,5,3,2,3,4,2,1,1,1,2,2,7,7,5,1,1,1,9,14,3,1,1,NaN,2,NaN,NaN,,NaN,,NaN,,58,NaN,50,NaN,1,4,2,1,1,1,1,1,1,1,1,1,1,1,1,1,1,1,1,2,1,1,719263.03,4332379.642,3.908,Pri,10358,0,0,0,15,1
13840,4,2008460004919,3,7,11,6,5,1,1,CV-500,19.5,19,5,0,1,5,2,2,3,3,2,1,1,1,1,1,7,7,8,1,1,1,9,14,3,1,1,NaN,1,NaN,NaN,,NaN,,NaN,,NaN,NaN,NaN,71,1,4,1,1,1,1,1,1,1,1,1,1,1,1,1,1,1,1,2,2,1,1,734972.997,4350931.529,-15.282,Cob,8018,0,0,0,18,1
13843,4,2008460004927,3,7,12,4,6,2,2,CV-500,23.5,23,5,1,1,5,3,2,3,3,2,1,1,1,1,1,1,1,3,1,1,1,9,14,1,1,1,NaN,2,2,NaN,,NaN,,NaN,,NaN,NaN,NaN,NaN,1,4,2,1,1,1,1,1,2,1,1,1,1,1,1,1,1,1,1,2,1,1,729714.946,4362753.317,-20.033,Cob,7846,0,0,5,13,6
13844,4,2008460004929,3,7,12,6,6,2,1,CV-32,6.5,6,5,1,1,5,3,2,3,3,2,2,2,2,2,2,7,7,8,1,1,1,9,14,3,1,1,NaN,2,NaN,NaN,,NaN,,NaN,,NaN,63,60,NaN,1,4,1,1,1,1,1,1,1,1,1,1,1,1,1,1,1,1,2,2,1,1,729106.763,4383053.719,2.558,Sec,21131,0,0,1,18,1
13846,4,2008460004932,3,7,22,2,2,1,2,CV-515,2.5,2,5,1,1,5,3,2,3,3,2,1,1,1,1,1,1,4,3,1,1,1,9,14,1,1,1,NaN,2,2,NaN,,NaN,,NaN,,NaN,NaN,NaN,NaN,1,4,1,1,1,1,1,1,2,1,1,1,1,1,1,1,1,1,1,2,1,1,729600.407,4343737.856,1.485,Cob,4232,0,0,1,6,6
13848,4,2008460004958,3,7,23,3,3,1,2,CV-81,4,4,0,1,1,5,1,1,4,1,2,1,2,1,1,1,4,1,4,1,1,1,9,14,2,1,3,NaN,2,4,NaN,,NaN,,NaN,,NaN,NaN,NaN,NaN,1,4,1,1,1,1,1,1,2,1,1,1,1,1,1,1,1,1,1,2,1,1,676663.662,4277834.867,495.481,Sec,14585,0,0,0,8,6
13852,4,2008460005016,3,7,20,4,7,3,4,CV-41,1.5,1,5,0,1,5,3,2,3,2,2,1,1,1,1,1,1,1,7,1,1,1,9,14,2,1,1,NaN,1,NaN,NaN,,NaN,,NaN,,NaN,NaN,NaN,71,1,4,2,1,1,1,1,1,1,1,1,1,1,1,1,1,1,1,1,2,1,1,721060.997,4335122.904,3.565,Cob,16071,0,1,4,12,7
13853,4,2008460005023,3,7,26,6,6,2,1,CV-35,55.3,55,3,1,1,5,3,2,3,3,2,1,2,2,2,1,7,7,8,1,1,1,2,14,1,1,3,NaN,2,NaN,NaN,,NaN,,NaN,,NaN,63,60,NaN,1,4,1,1,1,1,1,2,1,1,1,1,1,1,1,1,1,1,1,2,1,1,684692.415,4396725.863,360.597,Sec,2381,0,0,1,19,5
13855,4,2008460005028,3,7,27,6,7,3,2,CV-36,3.5,3,5,1,1,7,1,1,4,4,2,2,2,1,2,2,7,7,8,1,1,1,9,14,3,1,3,NaN,2,3,NaN,,NaN,,NaN,,NaN,NaN,NaN,NaN,1,4,2,1,1,1,1,1,1,1,1,1,1,1,1,1,1,1,1,2,1,1,719849.268,4369082.029,17.712,Cob,38015,0,0,1,18,1
13857,4,2008460005029,3,7,21,6,1,1,2,CV-50,40.3,40,3,1,1,5,1,2,3,1,2,2,1,1,1,1,2,1,2,1,4,1,1,14,1,2,3,NaN,2,2,NaN,,NaN,,NaN,,NaN,NaN,NaN,NaN,1,4,1,1,1,1,1,1,2,1,1,1,1,1,1,1,1,1,1,2,1,1,704183.182,4358449.962,166.753,Cob,4710,0,0,0,22,7
13859,4,2008460005031,3,7,21,1,1,1,2,CV-35,4,4,0,1,1,2,3,2,3,4,2,2,2,2,2,2,7,7,8,1,3,1,9,8,3,1,1,NaN,1,3,NaN,,NaN,,NaN,,NaN,NaN,NaN,NaN,1,4,2,1,2,1,1,1,1,1,1,1,1,1,1,1,1,1,1,2,2,2,654769.303,4422941.759,930.62,Per,127608,0,0,1,23,1
13862,4,2008460005065,3,7,26,1,6,2,1,CV-550,5.7,5,7,1,1,5,3,2,3,3,2,1,1,1,1,1,1,1,5,1,5,1,9,14,2,1,1,NaN,1,NaN,NaN,,NaN,,NaN,,68,NaN,60,NaN,1,4,2,1,1,1,1,1,1,1,1,1,1,1,1,1,1,1,1,2,1,1,716110.097,4334341.169,-6.744,Cob,14067,0,0,0,0,7
13863,4,2008460005068,3,7,25,6,5,1,1,CV-31,2.4,2,4,0,1,5,3,2,3,4,2,2,2,2,2,2,7,7,8,1,1,1,9,14,2,1,1,NaN,1,NaN,30,30,NaN,,NaN,,NaN,NaN,NaN,NaN,2,4,1,1,1,1,1,2,1,1,1,1,1,1,1,1,1,1,1,2,1,1,720808.076,4376649.133,21.271,Cob,51056,0,1,0,19,2
13864,4,2008460005118,3,7,25,4,5,1,1,CV-32,10,10,0,0,1,5,2,2,3,4,2,2,2,2,2,2,5,1,8,9,1,1,9,14,1,1,1,NaN,2,NaN,NaN,,NaN,,12,9,NaN,NaN,NaN,NaN,1,4,1,1,1,1,1,1,1,2,1,1,1,1,1,1,1,1,1,2,1,1,725162.785,4386863.603,49.45,NaN,0,0,0,1,14,6
13866,4,2008460005131,3,7,29,4,2,1,2,CV-41,15.1,15,1,1,1,5,3,2,3,3,2,1,1,1,1,1,1,1,8,1,1,1,9,14,3,1,1,NaN,2,4,NaN,,NaN,,NaN,,NaN,NaN,NaN,NaN,1,4,1,1,1,1,1,1,1,1,1,1,1,1,1,1,1,1,1,2,1,1,719148.264,4331909.816,-0.172,Cob,8790,0,0,0,11,7
13868,4,2008460005140,3,7,30,6,3,1,2,CV-50,25.1,25,1,0,1,5,3,2,3,4,2,2,2,2,2,2,7,7,8,1,5,1,9,14,3,1,1,NaN,2,3,NaN,,NaN,,NaN,,NaN,NaN,NaN,NaN,1,4,2,1,1,1,1,1,1,1,1,1,1,1,1,1,1,1,1,2,1,1,719172.479,4339005.683,-6.373,Sec,27865,0,0,0,21,1
13869,4,2008460005154,3,7,15,3,2,1,1,CV-35,20,20,0,0,1,2,3,2,3,4,2,2,2,2,2,2,7,7,8,1,1,1,9,14,2,1,1,NaN,2,NaN,NaN,,NaN,,NaN,,NaN,63,60,NaN,1,4,1,1,1,1,1,1,1,1,1,1,1,1,1,1,1,1,2,2,1,1,709661.741,4388163.343,125.543,Per,51759,0,0,1,7,1
13870,4,2008460005166,3,7,31,6,4,1,1,CV-35,5.6,5,6,0,1,2,3,2,3,4,2,2,2,2,2,2,7,7,8,1,1,1,9,14,1,1,1,NaN,2,NaN,NaN,,NaN,,NaN,,56,NaN,50,NaN,1,4,2,1,1,1,1,1,1,1,1,1,1,1,1,1,1,1,1,2,1,1,719853.787,4378849.542,64.974,Per,87297,0,1,1,17,2
13871,4,2008460005168,3,7,31,6,4,1,1,CV-41,14.1,14,1,1,1,5,3,2,3,3,2,1,1,1,2,1,7,7,8,7,1,1,2,13,1,1,1,NaN,2,NaN,NaN,,NaN,,NaN,,65,NaN,60,NaN,1,4,2,1,1,1,1,1,1,1,1,1,1,1,1,1,1,1,1,2,1,1,718732.735,4331046.317,1.667,Cob,8790,0,0,1,17,5
13872,4,2008460005177,3,7,31,2,4,1,1,CV-50,8.8,8,8,0,1,5,3,2,3,3,2,1,1,1,1,1,7,7,8,1,4,1,9,14,3,1,1,NaN,1,NaN,NaN,,NaN,,NaN,,NaN,64,60,NaN,1,4,1,1,1,1,1,1,1,1,1,1,1,1,1,1,1,1,2,2,1,1,731006.648,4329035.116,69.881,Cob,10467,0,0,1,5,1
13874,4,2008460005215,3,7,31,4,4,1,2,CV-365,0.2,0,2,0,1,5,3,2,3,4,2,2,2,1,2,2,7,7,5,1,1,1,9,14,1,1,3,NaN,2,NaN,NaN,,NaN,,NaN,,NaN,54,50,NaN,1,4,1,1,1,1,1,2,1,1,1,1,1,1,1,1,1,1,1,2,1,1,721501.627,4376617.573,36.809,Cob,39072,0,1,0,12,4
13875,4,2008460005219,3,8,2,3,6,2,1,CV-81,6.4,6,4,0,1,5,3,1,3,3,2,1,2,1,1,1,7,7,8,1,1,1,9,14,1,1,1,NaN,2,NaN,NaN,,NaN,,NaN,,NaN,54,50,NaN,1,4,2,1,1,1,1,1,1,1,1,1,1,1,1,1,1,1,1,2,1,1,707495.06,4298115.139,396.716,Cob,5778,0,0,1,8,4
13877,4,2008460005226,3,7,16,4,3,1,2,CV-50,90,90,0,0,1,5,3,2,3,3,2,1,1,1,2,2,5,1,4,1,1,1,9,14,1,1,3,NaN,2,3,NaN,,NaN,,NaN,,NaN,NaN,NaN,NaN,1,4,1,1,1,1,1,1,2,1,1,1,1,1,1,1,1,1,1,2,1,1,705342.573,4386226.112,127.923,Cob,10828,0,0,1,14,6
13878,4,2008460005232,3,8,3,3,7,3,1,CV-36,1.5,1,5,0,1,2,3,2,3,4,2,2,2,2,2,2,7,7,8,1,1,1,9,8,1,1,1,NaN,2,NaN,NaN,,NaN,,NaN,,NaN,61,60,NaN,1,4,2,1,1,2,1,1,1,1,1,1,1,1,1,1,1,1,1,2,1,1,716665.141,4369416.782,39.657,Pri,71972,0,0,1,8,1
13879,4,2008460005235,3,8,3,1,7,3,1,CV-550,4,4,0,0,1,5,1,2,3,3,2,1,1,1,1,1,7,7,8,1,5,1,9,14,3,1,1,NaN,2,NaN,30,32,NaN,,NaN,,NaN,NaN,NaN,NaN,1,4,1,1,1,1,1,1,2,1,1,1,2,1,1,1,1,1,1,2,1,1,717869.854,4335176.406,-5.255,Cob,14067,0,1,0,23,1
13880,4,2008460005251,3,7,17,4,4,1,1,CV-42,19,19,0,0,1,5,3,2,3,4,2,2,2,1,2,2,5,6,8,1,1,1,9,14,3,1,3,NaN,2,NaN,NaN,,NaN,,12,9,NaN,NaN,NaN,NaN,1,4,1,1,1,1,1,2,1,1,1,1,1,1,1,1,1,1,1,2,1,1,723712.144,4354371.742,-5.776,Cob,3159,0,0,0,14,6
13884,4,2008460005258,3,8,3,6,7,3,2,CV-50,74.7,74,7,0,1,5,3,2,3,4,2,1,2,1,2,2,7,7,8,1,1,1,9,14,3,1,3,NaN,2,2,NaN,,NaN,,NaN,,NaN,NaN,NaN,NaN,1,4,2,1,1,1,1,1,2,1,1,1,1,1,1,1,1,1,1,2,1,3,698841.168,4373763.299,201.383,Cob,4246,0,0,1,18,1
13885,4,2008460005299,3,8,5,1,2,1,1,CV-50,4,4,0,1,1,5,3,2,4,3,2,1,1,1,1,1,4,4,8,1,5,1,9,14,1,1,3,NaN,2,NaN,NaN,,NaN,,NaN,,NaN,62,60,NaN,1,4,2,1,1,1,1,1,1,1,1,1,1,1,1,1,1,1,1,2,1,1,705146.023,4385504.651,122.649,Sec,12267,0,2,0,23,7
13886,4,2008460005300,3,8,5,6,2,1,1,CV-550,2.4,2,4,0,1,5,3,2,3,2,2,1,1,1,1,1,5,1,8,1,4,1,9,14,1,1,1,NaN,2,NaN,NaN,,NaN,,NaN,,NaN,53,50,NaN,1,4,2,1,2,1,1,1,1,1,1,1,1,1,1,1,1,1,1,2,1,1,716394.244,4334395.411,-3.013,Cob,14067,0,0,1,22,6
13889,4,2008460005301,3,8,6,1,3,1,2,CV-35,16.6,16,6,1,1,5,3,2,3,4,2,2,2,2,2,2,7,7,8,1,4,1,9,13,3,1,1,NaN,2,4,NaN,,NaN,,NaN,,NaN,NaN,NaN,NaN,1,4,1,1,1,1,1,1,2,1,1,1,1,1,1,1,1,1,1,2,1,1,662718.959,4416819.042,872.196,Per,51759,2,0,3,1,2
13890,4,2008460005322,3,7,18,3,5,1,1,CV-500,5.3,5,3,1,1,5,3,2,3,4,2,2,2,1,2,2,7,7,8,1,1,1,9,14,3,1,1,NaN,1,NaN,NaN,,NaN,,NaN,,NaN,64,60,NaN,1,4,1,1,1,2,1,1,1,1,1,1,1,1,1,1,1,1,1,2,1,1,734164.033,4347210.988,-15.872,Pri,18575,0,0,0,7,2
13891,4,2008460005329,3,7,18,5,5,1,1,CV-35,17,17,0,0,1,2,3,2,3,3,2,1,1,1,1,1,5,1,4,6,1,1,9,14,3,1,1,NaN,1,NaN,NaN,,NaN,,12,9,NaN,NaN,NaN,NaN,1,4,1,1,1,1,1,1,1,2,1,1,1,1,1,1,1,1,1,2,1,1,711149.502,4385700.71,92.42,Per,51759,0,0,0,15,6
13896,4,2008460005345,3,7,19,4,6,2,2,CV-500,4.6,4,6,0,1,5,2,2,3,4,2,2,2,2,2,2,7,7,8,1,1,1,9,14,3,1,1,NaN,1,3,NaN,,NaN,,NaN,,NaN,NaN,NaN,NaN,2,4,1,1,1,1,1,1,1,1,1,1,1,1,1,1,1,1,2,2,1,1,729242.334,4365974.646,-16.915,Pri,18575,0,0,0,14,1
13898,4,2008460005358,3,7,20,6,7,3,2,CV-500,23.5,23,5,1,1,5,3,2,3,3,2,1,1,1,1,1,2,4,3,1,1,1,9,14,3,1,3,NaN,2,2,NaN,,NaN,,NaN,,NaN,NaN,NaN,NaN,1,4,2,1,1,1,1,1,2,1,1,1,1,1,1,1,1,1,1,2,1,1,729714.946,4362753.317,-20.033,Cob,7846,0,0,0,18,6
13906,4,2008460005369,3,7,20,4,7,3,3,CV-500,4.7,4,7,0,1,5,3,2,3,3,2,1,1,1,2,2,7,7,5,1,1,1,9,14,3,1,3,NaN,2,4,NaN,,NaN,,NaN,,NaN,NaN,NaN,NaN,3,4,2,1,1,1,1,1,1,1,1,1,1,1,1,1,1,1,1,2,1,1,729280.082,4365883.04,-17.102,Pri,18575,0,0,1,13,1
13908,4,2008460005379,3,7,23,3,3,1,2,CV-400,3,3,0,1,1,5,2,3,3,3,2,1,1,1,1,1,5,1,4,1,1,1,9,14,3,1,1,NaN,1,4,NaN,,NaN,,NaN,,NaN,NaN,NaN,NaN,1,4,1,1,1,1,1,1,1,1,1,1,1,1,1,1,1,1,2,2,1,1,723512.315,4366391.478,-2.518,Cob,21955,0,0,1,10,6
13909,4,2008460005390,3,8,4,1,1,1,1,CV-36,1.5,1,5,1,1,2,3,2,3,4,2,2,2,2,2,2,7,7,8,1,3,1,9,8,1,1,1,NaN,1,NaN,NaN,,NaN,,12,9,NaN,NaN,NaN,NaN,1,4,2,1,1,1,1,1,1,1,1,1,1,1,1,1,1,1,1,2,1,1,717944.192,4369319.25,25.347,Pri,71972,0,0,1,23,1
13911,4,2008460005393,3,8,7,2,4,1,2,CV-35,8,8,0,1,1,5,3,2,3,4,2,2,2,2,2,2,7,7,7,1,3,1,9,14,3,1,1,NaN,1,3,NaN,,NaN,,NaN,,NaN,NaN,NaN,NaN,1,4,2,1,1,1,1,1,1,1,1,1,1,1,1,1,1,1,1,2,1,1,657700.159,4422076.53,1004.365,Per,100952,0,1,1,6,1
13917,4,2008460005404,3,8,7,4,4,1,1,CV-590,43.3,43,3,0,1,5,1,3,2,1,2,1,2,1,1,1,7,7,8,1,1,1,9,14,3,1,1,NaN,1,NaN,NaN,,NaN,,NaN,,NaN,63,60,NaN,1,4,1,2,1,1,1,2,1,1,1,1,1,1,1,1,1,1,1,2,1,1,697662.606,4313731.649,379.491,Cob,877,0,0,4,12,1
13918,4,2008460005411,3,7,24,3,4,1,1,CV-35,17,17,0,1,1,2,3,2,3,4,2,2,2,1,2,2,7,7,8,1,1,1,9,14,3,1,3,NaN,2,NaN,NaN,,NaN,,NaN,,NaN,NaN,NaN,71,1,4,1,1,1,1,1,1,1,1,1,1,1,1,1,1,1,1,2,2,1,1,662757.921,4416523.85,866.802,Per,51759,0,0,0,9,1
13920,4,2008460005414,3,7,25,4,5,1,2,CV-32,0.8,0,8,0,1,5,2,2,3,3,2,1,2,2,2,2,4,1,8,1,1,1,9,14,3,1,1,NaN,1,4,NaN,,NaN,,NaN,,NaN,NaN,NaN,NaN,1,4,1,1,1,1,1,1,1,1,1,1,1,1,1,1,1,1,2,2,1,1,731810.089,4381716.847,-19.172,Per,23936,0,0,0,12,6
13923,4,2008460005433,3,7,24,3,4,1,2,CV-500,11,11,0,1,1,5,2,2,3,3,2,1,1,1,2,1,7,7,8,1,1,1,9,14,3,1,3,NaN,2,NaN,NaN,,NaN,,NaN,,NaN,NaN,NaN,71,2,4,1,1,1,1,1,1,1,1,1,1,1,1,1,2,1,1,1,2,1,1,734689.306,4351840.153,-17.176,Sec,11773,0,0,0,9,1
13928,4,2008460005434,3,7,27,1,7,3,2,CV-403,3.6,3,6,0,1,5,3,2,3,4,2,1,1,1,1,1,7,7,8,1,5,1,9,14,3,1,1,NaN,1,1,NaN,,NaN,,NaN,,NaN,NaN,NaN,NaN,1,4,2,1,1,1,1,1,1,1,1,1,1,1,1,1,1,1,1,2,2,2,718966.19,4369976.71,23.295,Sec,15075,0,0,0,1,2
13930,4,2008460005449,3,7,28,3,1,4,2,CV-35,14.5,14,5,1,1,2,3,2,3,4,2,2,2,1,2,2,7,7,5,1,1,1,9,14,1,1,3,NaN,2,4,NaN,,NaN,,NaN,,NaN,NaN,NaN,NaN,3,4,2,1,1,1,1,1,1,1,1,1,1,1,1,1,1,1,1,2,1,1,662539.606,4418955.073,912.931,Per,78771,0,0,0,9,1
13933,4,2008460005461,3,7,29,4,2,1,3,CV-412,1.1,1,1,1,1,5,2,2,3,3,2,1,1,1,1,1,7,7,8,1,1,1,9,14,3,1,1,NaN,1,4,NaN,,NaN,,NaN,,NaN,NaN,NaN,NaN,1,4,2,1,1,1,1,1,1,1,1,1,1,1,1,1,1,1,1,2,2,1,724883.098,4366108.401,-13.67,NaN,0,0,0,0,14,1
13934,4,2008460005465,3,7,31,6,4,1,1,CV-245,8.6,8,6,1,1,5,2,2,3,3,2,1,2,2,2,2,7,7,8,1,1,1,9,14,1,1,1,NaN,2,NaN,NaN,,NaN,,NaN,,NaN,64,60,NaN,1,4,2,1,1,1,1,1,1,1,1,1,1,1,1,1,1,1,1,2,1,1,705448.255,4414008.473,667.354,Cob,327,0,0,0,19,5
13935,4,2008460005466,3,7,31,4,4,1,1,CV-410,1.5,1,5,1,1,5,3,2,3,3,2,1,1,1,2,2,5,1,8,7,1,1,9,8,1,1,3,NaN,2,NaN,NaN,,NaN,,NaN,,NaN,53,50,NaN,1,4,2,1,1,1,1,2,1,1,1,2,1,1,1,1,1,1,1,2,2,2,717269.035,4372239.069,36.136,Cob,31151,0,0,1,11,6
13936,4,2008460005467,3,7,31,5,4,1,1,CV-31,2.2,2,2,0,1,5,2,2,3,3,2,2,2,2,2,2,4,1,8,1,1,1,9,14,1,1,1,NaN,2,NaN,NaN,,NaN,,NaN,,NaN,54,50,NaN,1,4,1,1,1,1,1,2,1,1,1,1,1,1,1,1,1,1,1,2,1,1,720826.13,4376452.945,21.039,Cob,51056,0,0,1,15,6
13938,4,2008460005475,3,8,9,1,6,2,2,CV-407,2.5,2,5,1,1,5,3,2,4,3,2,1,1,1,2,2,7,7,8,1,3,1,9,14,3,1,1,NaN,2,NaN,NaN,,NaN,,NaN,,NaN,NaN,NaN,71,1,4,2,1,1,1,1,1,2,1,1,1,1,1,1,1,1,1,1,2,1,1,722836.224,4368597.805,4.722,Cob,12486,0,1,0,0,1
13940,4,2008460005506,3,8,11,4,1,1,2,CV-590,58.7,58,7,0,1,5,3,2,3,4,2,1,2,1,2,2,7,7,8,1,1,1,9,14,3,1,1,NaN,2,1,NaN,,NaN,,NaN,,NaN,NaN,NaN,NaN,1,4,1,1,1,1,1,1,2,1,1,1,1,1,1,1,1,1,1,2,1,1,708069.817,4321083.973,127.826,Sec,6940,1,1,0,13,1
13941,4,2008460005513,3,8,11,4,1,1,1,CV-390,24.5,24,5,1,1,5,1,3,4,1,2,1,1,1,1,1,7,7,8,1,1,1,9,14,3,1,1,NaN,1,NaN,NaN,,NaN,,NaN,,NaN,61,60,NaN,1,4,1,1,1,2,1,1,1,1,1,1,1,1,1,1,1,1,1,2,1,1,660742.126,4397282.503,799.359,Cob,208,0,0,1,14,2
13946,4,2008460005521,3,8,4,4,1,4,2,CV-403,3.6,3,6,0,1,5,2,2,3,3,2,1,2,1,2,1,7,7,5,1,1,1,9,14,3,1,1,NaN,2,1,NaN,,NaN,,NaN,,NaN,NaN,NaN,NaN,1,4,1,1,1,1,1,1,2,1,1,1,1,1,1,1,1,1,1,2,2,2,718966.19,4369976.71,23.295,Sec,15075,0,0,1,11,2
13947,4,2008460005525,3,8,11,6,1,1,1,CV-25,12.5,12,5,0,1,5,2,2,3,2,2,1,1,1,1,1,7,7,8,1,1,1,9,14,3,1,1,NaN,1,NaN,NaN,,NaN,,NaN,,NaN,52,50,NaN,1,4,2,1,2,1,1,1,1,1,1,1,1,1,1,1,1,1,1,2,1,1,711230.912,4399530.609,305.66,Cob,313,0,0,1,20,2
13948,4,2008460005528,3,8,8,3,5,1,1,CV-407,2.1,2,1,0,1,5,3,2,3,3,2,1,1,1,1,1,7,7,5,1,1,1,9,14,3,1,3,NaN,2,NaN,NaN,,NaN,,NaN,,58,NaN,50,NaN,1,4,2,1,1,1,1,1,1,1,1,1,1,1,1,1,1,1,1,2,1,1,722917.399,4368613.868,2.966,Cob,12486,0,0,1,8,2
13950,4,2008460005537,3,8,5,4,2,1,2,CV-500,26.6,26,6,0,1,5,3,2,3,4,2,1,1,1,1,1,1,2,3,1,1,1,9,14,3,1,1,NaN,2,2,NaN,,NaN,,NaN,,NaN,NaN,NaN,NaN,1,4,2,1,1,1,1,1,1,1,1,1,1,1,1,1,1,1,1,2,1,1,732974.166,4345136.395,-9.397,Cob,7846,0,0,0,11,6
13956,4,2008460005556,3,8,7,6,4,1,4,CV-500,8.4,8,4,1,1,5,3,2,3,4,2,1,2,1,2,2,7,7,5,1,1,1,9,14,3,1,3,NaN,2,5,NaN,,NaN,,NaN,,NaN,NaN,NaN,NaN,3,4,1,1,1,1,1,1,1,1,1,1,1,1,1,1,1,1,2,2,1,1,735615.275,4349374.972,-16.957,Cob,18575,0,0,0,19,1
13957,4,2008460005559,3,8,7,4,4,1,1,CV-300,4,4,0,0,1,3,3,2,3,3,2,2,2,2,2,2,5,1,5,1,1,1,9,14,3,1,3,NaN,2,NaN,NaN,,NaN,,NaN,,NaN,NaN,NaN,71,1,4,1,1,1,1,1,1,1,1,1,1,1,2,1,1,1,1,1,2,2,2,730173.13,4385418.402,10.797,Cob,18172,0,0,0,11,6
13959,4,2008460005588,3,5,30,6,5,1,2,CV-31,4.2,4,2,1,1,5,2,1,3,4,2,1,1,1,1,1,2,3,2,1,1,1,9,14,1,1,1,NaN,2,2,NaN,,NaN,,NaN,,NaN,NaN,NaN,NaN,1,4,1,1,1,1,1,1,1,1,1,1,1,1,1,1,1,2,1,2,1,1,721473.218,4374993.384,14.077,Cob,24946,0,2,2,17,6
13963,4,2008460005611,3,8,10,6,7,3,2,CV-500,9.5,9,5,1,1,5,3,1,3,3,2,1,1,1,2,2,7,7,8,1,1,1,9,14,3,1,1,NaN,1,4,NaN,,NaN,,NaN,,NaN,NaN,NaN,NaN,3,4,2,1,1,1,1,1,1,1,1,1,1,1,1,1,1,1,1,2,1,1,735253.425,4350386.685,-16.64,Cob,18575,0,0,0,18,1
13964,4,2008460005633,3,8,10,6,7,3,1,CV-50,47.1,47,1,0,1,5,2,2,3,4,2,1,2,2,2,2,7,7,8,1,1,1,9,14,3,1,1,NaN,1,NaN,NaN,,NaN,,NaN,,NaN,64,60,NaN,1,4,2,1,1,1,2,1,1,1,1,1,1,1,1,1,1,1,1,2,1,2,708402.64,4355811.224,87.094,Pri,2913,0,0,1,18,2
13965,4,2008460005644,3,8,12,5,2,1,1,CV-306,2,2,0,0,1,5,1,2,3,3,2,1,1,1,2,2,5,1,8,1,1,1,9,14,1,1,1,NaN,1,NaN,NaN,,NaN,,NaN,,NaN,64,60,NaN,1,4,2,1,1,1,1,2,1,1,1,1,1,1,1,1,1,1,1,2,1,1,730580.089,4387095.048,-1.23,Cob,8060,0,1,1,16,6
13966,4,2008460005645,3,8,12,6,2,1,1,CV-35,16.5,16,5,0,1,2,3,2,4,4,2,2,2,2,2,2,7,7,7,1,1,1,9,14,3,1,1,NaN,1,NaN,NaN,,NaN,,NaN,,NaN,52,50,NaN,1,4,1,1,1,1,1,1,1,1,1,1,1,1,1,1,1,2,1,2,1,1,711377.266,4385260.8,85.372,Per,51759,0,0,1,17,1
13969,4,2008460005659,3,8,13,6,3,1,3,CV-40,16.1,16,1,1,1,2,3,1,3,4,2,2,2,1,2,2,4,1,8,1,2,1,9,14,1,1,1,NaN,2,5,NaN,,NaN,,NaN,,NaN,NaN,NaN,NaN,1,4,1,1,1,1,1,2,1,1,1,1,1,1,1,1,1,1,1,2,1,1,710432.839,4312057.814,318.64,Cob,22336,0,0,0,20,6
13972,4,2008460005665,3,8,13,3,3,1,2,CV-550,3,3,0,1,1,5,3,2,3,3,2,1,1,2,2,2,5,6,8,3,1,4,9,14,3,1,1,NaN,2,4,NaN,,NaN,,NaN,,NaN,NaN,NaN,NaN,1,4,1,1,1,1,1,1,1,1,1,1,1,1,2,1,1,1,1,2,1,1,718482.973,4335507.363,-9.105,Cob,14067,0,0,0,10,6
13974,4,2008460005666,3,8,14,4,4,1,2,CV-666,0,0,0,0,1,5,3,2,3,4,2,1,2,1,2,2,1,6,3,1,1,1,9,14,1,1,1,NaN,2,2,NaN,,NaN,,NaN,,NaN,NaN,NaN,NaN,1,4,1,1,1,1,1,1,2,1,1,1,1,1,1,1,1,1,1,2,2,3,713750.321,4301050.965,312.768,NaN,0,0,0,2,12,6
13975,4,2008460005671,3,8,16,3,6,2,1,CV-35,7,7,0,1,1,2,3,2,3,4,2,2,2,2,2,2,7,7,8,1,1,1,9,14,3,1,1,NaN,1,NaN,NaN,,NaN,,NaN,,NaN,64,60,NaN,1,4,2,1,1,2,1,1,1,1,1,1,1,1,1,1,1,1,1,2,1,1,657177.082,4422332.73,982.471,Per,100952,0,0,1,10,1