Id,Ano,Numero_Accidente,Provincia,Mes,Dia,Hora,Dia_Semana,Tipo_Dia,Vehiculos_Implicados,Carretera,Pk,Km,Hm,Sentido,Zona,Tipo_Via,Anchura_Calzada,Anchura_Carril,Marcas_Viales,Arcen,Arcen_Pavimentado,Mediana,Barrera_Seguridad,Paneles_Direccionales,Hitos_Arista,Captafaros,Interseccion_Tipo,Interseccion_Acondicionamiento,Prioridad_Regulada_por,Superficie,Luminosidad,Factores_Atmosfericos,Visibilidad_Restringida_por,Otras_Circunstancias,Senalizacion_Peligro,Aceras,Arboles,Arboles_Metros_Calzada,Visibilidad_Senalizacion_Vertical,Colision_Vehiculos_Marcha,Colision_Vehiculo_Obstaculo_1,Colision_Vehiculo_Obstaculo_2,Atropello_1,Atropello_2,Vuelco_1,Vuelco_2,Salida_Sin_Colision,Salida_Con_Colision,Lado_Salida,Otro,Circulacion,Circulacion_Medidas_Especiales,Distraccion,Inexperiencia_Conductor,Alcohol_Drogas,Cansancio_Sueno,Enfermedad,Velocidad_Inadecuada,Infraccion_Norma_Circulacion,Estado_Condicion_Via,Estado_Condicion_Senalizacion,Tramo_Obras,Mal_Estado_Vehiculo,Averia_Mecanica,Meteorologia_Adversa,Irrupcion_Animal,Circular_Sentido_Contrario,Otro_Factor,Sin_Opinion_Definida,Pendiente,Curvatura,Peralte,GPS_x,GPS_y,GPS_z,Tipo_Est,IMD,N_Muertos,N_Graves,N_Leves,Hora_Real,Fuera_o_Interseccion
13976,4,2008460005684,3,8,17,1,7,3,1,CV-550,1.8,1,8,0,1,5,3,2,3,3,2,1,1,1,1,2,7,7,8,1,5,1,9,14,1,1,1,NaN,1,NaN,NaN,,NaN,,NaN,,68,NaN,60,NaN,1,4,1,1,1,2,1,1,1,1,1,1,1,1,1,1,1,1,1,2,1,1,715815.254,4334287.603,-3.342,Sec,8381,0,0,0,4,1
13977,4,2008460005687,3,8,14,5,4,1,1,CV-400,0.7,0,7,0,1,5,3,2,3,4,2,2,2,1,2,2,7,7,8,1,1,1,9,14,2,1,1,NaN,1,NaN,30,32,NaN,,NaN,,NaN,NaN,NaN,NaN,1,4,1,1,1,1,1,1,1,1,1,1,1,1,1,1,1,2,1,2,1,1,724182.282,4368919.93,2.794,Sec,50900,0,0,0,15,1
13981,4,2008460005703,3,8,15,6,5,3,2,CV-500,19.5,19,5,1,1,5,3,2,3,3,2,1,1,1,2,1,7,7,8,1,1,1,9,14,3,1,1,NaN,1,4,NaN,,NaN,,NaN,,NaN,NaN,NaN,NaN,2,4,2,1,1,1,1,1,1,1,1,1,1,1,1,1,1,1,1,2,1,1,730804.265,4359002.936,-23.009,Cob,8018,0,0,0,18,1
13984,4,2008460005735,3,8,18,4,1,1,2,CV-515,2.6,2,6,0,1,5,2,2,3,3,2,1,1,1,1,1,1,6,7,1,1,1,9,13,2,1,3,NaN,1,2,NaN,,NaN,,NaN,,NaN,NaN,NaN,NaN,1,4,2,1,1,1,1,1,2,1,1,1,1,1,1,1,1,1,1,2,1,1,724793.183,4342838.458,0.435,Cob,4232,0,0,1,13,6
13986,4,2008460005758,3,8,19,6,2,1,2,CV-500,21.5,21,5,1,1,5,2,2,3,3,2,1,1,1,2,2,5,1,8,1,1,1,9,14,1,1,1,NaN,2,4,NaN,,NaN,,NaN,,NaN,NaN,NaN,NaN,1,4,2,1,1,1,1,1,1,1,1,1,1,1,1,1,1,1,1,2,1,1,730289.978,4360909.165,-20.943,Cob,7846,0,0,0,17,7
13989,4,2008460005774,3,8,20,6,3,1,2,CV-645,3.3,3,3,0,1,5,1,3,3,2,2,1,1,1,2,2,5,6,4,1,1,1,9,14,3,1,1,NaN,2,4,NaN,,NaN,,NaN,,NaN,NaN,NaN,NaN,1,4,2,1,1,1,1,1,1,1,1,1,1,1,1,1,1,1,1,2,1,1,713054.019,4318019.85,103.171,Cob,13224,0,0,0,19,6
13992,4,2008460005775,3,8,20,6,3,1,2,CV-645,3.3,3,3,0,1,5,1,3,3,2,2,1,1,1,2,2,5,6,4,1,1,1,9,14,3,1,1,NaN,2,4,NaN,,NaN,,NaN,,NaN,NaN,NaN,NaN,1,4,2,1,1,1,1,1,1,1,1,1,1,1,1,1,1,1,1,2,1,1,713054.019,4318019.85,103.171,Cob,13224,0,0,1,20,6
13995,4,2008460005781,3,8,20,4,3,1,3,CV-500,28,28,0,1,1,5,2,2,3,3,2,1,1,1,1,1,7,7,8,1,1,1,9,14,2,1,1,NaN,1,4,NaN,,NaN,,NaN,,NaN,NaN,NaN,NaN,1,4,2,1,1,1,1,1,1,1,1,1,1,1,1,1,1,1,1,2,1,1,728904.534,4367088.405,-19.857,Cob,7846,0,0,0,12,1
13996,4,2008460005826,3,8,22,1,5,1,1,CV-403,4.2,4,2,1,1,5,3,2,3,3,2,2,2,2,2,2,5,1,4,1,3,1,9,8,1,1,1,NaN,1,NaN,NaN,,NaN,,NaN,,NaN,63,60,NaN,1,4,2,1,1,1,1,1,1,1,1,1,1,1,1,1,1,1,1,2,1,1,720885.626,4372038.855,14.896,Cob,14300,0,0,1,3,6
13997,4,2008460005835,3,8,21,1,4,1,1,CV-42,17.8,17,8,0,1,5,3,2,3,3,2,1,2,1,1,1,7,7,5,3,3,4,9,14,3,1,1,NaN,2,NaN,NaN,,NaN,,NaN,,NaN,54,50,NaN,1,4,1,1,1,1,1,1,1,1,1,1,1,1,1,1,1,1,2,2,1,1,723378.727,4353376.405,-6.833,Cob,15175,0,0,0,0,1
13998,4,2008460005839,3,8,22,2,5,1,1,CV-550,3.1,3,1,1,1,5,2,2,2,1,2,1,1,1,1,1,7,7,5,1,5,1,9,14,3,1,3,NaN,1,NaN,NaN,,21,24,NaN,,NaN,NaN,NaN,NaN,1,4,1,1,1,1,1,1,1,1,1,1,1,1,1,2,1,1,1,2,1,1,718396.053,4335460.199,-8.606,Cob,14067,0,0,0,6,1
14000,4,2008460005840,3,8,23,6,6,2,1,CV-50,62.2,62,2,1,1,5,3,2,3,1,2,1,1,1,1,1,4,1,8,1,1,1,2,14,2,1,1,NaN,2,NaN,NaN,,NaN,,NaN,,56,NaN,50,NaN,1,4,1,2,1,1,1,2,1,1,1,1,1,1,1,1,1,1,1,2,1,1,715228.681,4342761.843,20.749,Cob,5099,0,0,3,17,6
14001,4,2008460005842,3,8,23,5,6,2,1,CV-81,18.8,18,8,1,1,5,3,2,3,3,2,2,2,2,2,1,7,7,8,9,1,3,4,14,3,1,1,NaN,2,NaN,NaN,,NaN,,NaN,,NaN,51,50,NaN,1,4,2,1,1,2,1,1,1,1,1,1,1,1,1,1,1,1,1,2,1,1,688043.585,4281834.545,524.364,Pri,5084,0,0,1,15,1
14003,4,2008460005846,3,8,23,6,6,2,2,CV-50,5.6,5,6,0,1,5,2,2,3,3,2,1,1,2,2,2,7,7,8,3,2,4,9,14,2,1,3,NaN,1,3,NaN,,NaN,,NaN,,NaN,NaN,NaN,NaN,1,4,1,1,2,1,1,1,1,1,1,1,1,1,1,1,1,1,1,2,1,1,733680.521,4327768.46,12.978,Sec,12267,0,0,1,20,2
14007,4,2008460005881,3,8,24,3,7,3,1,CV-31,2.5,2,5,0,1,5,2,2,2,3,2,1,1,1,1,1,7,7,8,1,1,1,9,14,1,1,1,NaN,2,NaN,NaN,,NaN,,NaN,,NaN,64,60,NaN,1,4,1,1,1,1,1,1,1,1,1,1,1,1,1,1,1,1,2,2,1,1,720801.149,4376748.262,22.782,Cob,51056,0,0,0,8,1
14009,4,2008460005889,3,8,25,4,1,1,2,CV-35,14,14,0,0,1,2,3,2,3,4,2,2,2,1,2,2,7,7,5,1,1,1,9,8,3,1,1,NaN,2,4,NaN,,NaN,,NaN,,NaN,NaN,NaN,NaN,1,4,1,1,1,1,1,1,1,1,1,1,1,1,1,1,1,2,1,2,1,1,713277.181,4383701.383,85.48,Per,78771,0,0,0,14,1
14010,4,2008460005898,3,8,25,5,1,4,1,CV-500,9.9,9,9,1,1,5,3,2,3,3,2,1,1,1,2,2,7,7,5,1,1,1,9,14,3,1,1,NaN,2,NaN,NaN,,NaN,,NaN,,NaN,61,60,NaN,1,4,2,1,1,1,1,1,1,1,1,1,1,1,1,1,1,1,1,2,1,1,735067.543,4350730.841,-17.006,Cob,18575,0,1,0,15,2
14011,4,2008460005912,3,8,26,5,2,1,1,CV-36,1.8,1,8,1,1,2,3,2,3,4,2,2,2,1,2,2,7,7,8,1,1,1,9,14,3,1,1,NaN,1,NaN,NaN,,NaN,,NaN,,56,NaN,50,NaN,1,4,1,2,1,1,1,2,1,1,1,1,1,1,1,1,1,1,1,2,1,2,718227.949,4369248.006,21.654,Pri,71972,0,0,1,15,1
14013,4,2008460005915,3,8,26,5,2,1,1,CV-36,6.6,6,6,1,1,2,3,2,3,4,2,2,2,1,2,2,4,1,8,1,1,1,2,14,2,1,3,NaN,1,NaN,NaN,,NaN,,NaN,,68,NaN,60,NaN,1,4,1,1,1,1,1,1,1,1,1,1,1,1,1,1,1,2,1,2,1,1,722427.269,4369844.321,1.885,Sec,25386,0,0,0,16,6
14015,4,2008460005920,3,8,26,4,2,1,2,CV-35,3,3,0,0,1,2,3,2,4,4,2,2,2,1,2,2,7,7,8,1,1,1,9,8,3,1,3,NaN,2,4,NaN,,NaN,,NaN,,NaN,NaN,NaN,NaN,1,4,2,1,1,1,1,2,1,1,1,1,1,1,1,1,1,1,1,2,1,1,721342.935,4376757.345,36.184,Per,127608,0,0,0,13,1
14017,4,2008460005926,3,8,27,6,3,1,2,CV-32,3.5,3,5,1,1,5,3,2,3,4,2,2,2,1,2,2,5,1,8,1,1,1,9,14,3,1,3,NaN,2,3,NaN,,NaN,,NaN,,NaN,NaN,NaN,NaN,1,4,1,1,1,1,1,1,2,1,1,1,1,1,1,1,1,1,1,2,1,1,727364.527,4385081.438,12.565,Cob,20746,0,0,0,19,6
14018,4,2008460005927,3,8,28,2,4,1,1,CV-36,7.3,7,3,1,1,2,3,2,3,4,2,2,2,1,2,2,7,7,8,1,5,1,9,14,3,1,3,NaN,2,NaN,NaN,,NaN,,NaN,,68,NaN,60,NaN,1,4,2,1,1,1,1,1,1,1,1,1,1,1,1,1,1,1,1,2,1,1,722938.994,4370313.263,9.944,Sec,25386,0,0,0,5,1
14020,4,2008460005963,3,8,30,3,6,2,2,CV-41,8.3,8,3,0,1,5,3,2,3,4,2,1,1,1,2,2,5,6,4,1,3,1,9,14,1,1,1,NaN,2,4,NaN,,NaN,,NaN,,NaN,NaN,NaN,NaN,1,4,2,1,1,1,1,1,1,1,1,1,1,1,1,1,1,1,1,2,1,1,717570.448,4329697.942,15.146,Pri,10358,0,0,0,9,6
14021,4,2008460005965,3,8,29,3,5,1,1,CV-35,15,15,0,0,1,2,3,2,3,4,2,2,2,1,2,2,7,7,5,1,1,1,9,14,3,1,3,NaN,2,NaN,NaN,,NaN,,NaN,,NaN,64,60,NaN,1,4,2,1,2,1,1,1,1,1,1,1,1,1,1,1,1,1,1,2,1,1,712443.922,4384231.652,90.159,Per,78771,0,0,0,7,1
14022,4,2008460005975,3,8,28,5,4,1,1,CV-35,11,11,0,1,1,2,2,2,3,2,2,1,2,2,1,1,7,7,8,1,1,1,9,14,3,1,1,NaN,1,NaN,NaN,,NaN,,NaN,,67,NaN,60,NaN,1,4,1,2,1,1,1,2,1,1,1,1,1,1,1,1,1,1,1,2,1,1,660247.686,4420870.323,907.356,Per,97287,0,0,1,15,2
14023,4,2008460005982,3,8,31,6,7,3,1,CV-40,0.1,0,1,1,1,2,2,2,3,4,2,2,2,2,2,2,7,7,5,1,1,1,9,14,1,1,1,NaN,2,NaN,NaN,,NaN,,NaN,,NaN,54,50,NaN,1,4,2,1,1,1,1,1,1,1,1,1,1,1,1,1,1,1,1,2,1,1,716117.931,4300867.696,367.938,Cob,20544,0,0,0,20,5
14024,4,2008460005993,3,9,1,6,1,4,1,CV-50,24,24,0,0,1,5,3,2,2,4,2,2,2,1,2,2,7,7,8,1,2,1,9,14,3,1,1,NaN,1,NaN,NaN,,21,24,NaN,,NaN,NaN,NaN,NaN,1,4,1,1,1,1,1,1,1,1,1,1,1,1,1,2,1,1,1,2,2,2,719920.503,4338087.654,-8.644,Sec,27865,0,0,1,20,1
14026,4,2008460005994,3,9,1,3,1,4,2,CV-650,3,3,0,1,1,5,3,2,3,3,2,1,1,1,1,1,1,1,8,1,1,1,9,14,2,1,1,NaN,2,3,NaN,,NaN,,NaN,,NaN,NaN,NaN,NaN,1,4,1,1,1,1,1,1,2,1,1,1,1,1,1,1,1,1,1,2,1,2,709422.94,4302751.144,285.888,Cob,9560,0,0,1,7,6
14029,4,2008460006012,3,8,29,6,5,1,2,CV-410,4.2,4,2,0,1,5,3,2,3,3,2,1,1,1,1,1,5,1,8,1,1,1,9,14,3,1,3,NaN,2,2,NaN,,NaN,,NaN,,NaN,NaN,NaN,NaN,1,4,1,1,1,1,1,1,2,1,1,1,1,1,1,1,1,1,1,2,2,1,717267.017,4372380.818,36.354,Pri,30175,0,0,0,17,6
14031,4,2008460006015,3,9,2,4,2,1,1,CV-42,11,11,0,0,1,5,2,2,3,3,2,1,2,1,2,2,7,7,5,1,1,1,9,14,3,1,1,NaN,1,NaN,NaN,,NaN,,NaN,,NaN,64,60,NaN,1,4,2,1,1,1,1,1,1,1,1,1,1,1,1,1,1,1,1,2,1,1,722807.447,4346842.267,-4.657,Cob,8736,0,1,2,11,1
14033,4,2008460006016,3,9,2,5,2,1,2,CV-50,3,3,0,0,1,5,3,2,3,4,2,1,1,1,2,2,1,1,8,1,1,1,9,14,1,1,1,NaN,2,3,NaN,,NaN,,NaN,,NaN,NaN,NaN,NaN,1,4,2,1,1,1,1,1,1,1,1,1,1,1,1,1,1,1,1,2,1,1,736072.394,4328194.889,-3.769,Sec,12267,0,0,0,16,7
14034,4,2008460006027,3,9,3,6,3,1,1,CV-645,1.3,1,3,1,1,5,3,2,3,3,2,1,1,1,2,1,7,7,8,1,1,1,9,14,3,1,1,NaN,1,NaN,NaN,,NaN,,12,9,NaN,NaN,NaN,NaN,1,4,1,1,1,2,1,1,1,1,1,1,1,1,1,1,1,1,1,2,2,3,713791.273,4318948.372,79.81,Cob,13224,0,0,1,17,1
14035,4,2008460006028,3,9,3,3,3,1,1,CV-650,0.8,0,8,1,1,5,2,2,3,3,2,1,1,1,1,1,7,7,8,1,1,1,9,14,3,1,1,NaN,1,NaN,NaN,,NaN,,NaN,,NaN,54,50,NaN,1,4,1,1,1,1,1,1,1,1,1,1,1,1,1,1,1,1,2,2,1,1,708399.917,4300900.169,323.925,Cob,9560,0,0,0,8,1
14036,4,2008460006044,3,9,4,5,4,1,1,CV-390,44.5,44,5,0,1,5,3,2,3,3,2,1,1,2,2,1,7,7,8,1,1,1,9,14,3,1,1,NaN,2,NaN,NaN,,NaN,,NaN,,66,NaN,60,NaN,1,4,2,1,1,1,1,1,1,1,1,1,1,1,1,1,1,1,1,2,1,1,655622.231,4384432.841,810.064,Cob,1111,0,0,1,15,1
14038,4,2008460006045,3,9,3,6,3,1,2,CV-32,3.6,3,6,0,1,5,3,2,3,3,2,1,1,1,1,1,5,1,5,1,1,1,9,14,1,1,3,NaN,2,2,NaN,,NaN,,NaN,,NaN,NaN,NaN,NaN,1,4,2,1,1,1,1,1,1,1,1,1,1,1,1,1,1,1,1,2,1,1,729354.282,4382930.062,-7.716,Cob,20746,0,1,0,19,6
14040,4,2008460006049,3,9,3,4,3,1,2,CV-300,5,5,0,1,1,5,2,2,3,4,2,2,2,2,2,2,7,7,8,1,1,1,9,14,3,1,1,NaN,1,4,NaN,,NaN,,NaN,,NaN,NaN,NaN,NaN,1,4,1,1,1,1,1,1,1,1,1,1,1,1,1,1,1,2,1,2,1,1,728973.265,4382900.124,43.93,Cob,18172,0,0,0,13,1
14041,4,2008460006057,3,8,27,1,3,1,1,CV-407,2.4,2,4,0,1,5,3,2,3,4,2,1,2,1,1,1,7,7,8,1,3,1,9,14,1,1,1,NaN,1,NaN,NaN,,NaN,,NaN,,NaN,52,50,NaN,1,4,2,1,2,2,1,1,2,1,1,1,1,1,1,1,1,1,1,2,1,1,723218.974,4368597.596,0.203,Cob,12486,0,0,0,4,1
14044,4,2008460006064,3,9,6,6,6,2,1,CV-610,1.7,1,7,1,1,5,3,1,3,4,2,1,1,2,2,2,7,7,8,1,4,1,2,14,1,1,1,NaN,2,NaN,NaN,,NaN,,NaN,,66,NaN,60,NaN,1,4,1,2,1,1,1,2,1,2,1,1,1,1,1,1,1,1,1,2,2,3,732043.317,4310272.177,156.374,Pri,9016,0,0,4,21,5
14046,4,2008460006065,3,9,6,3,6,2,2,CV-32,0.6,0,6,1,1,5,3,2,3,2,2,2,2,1,1,1,5,1,4,1,1,1,9,14,2,1,3,NaN,2,4,NaN,,NaN,,NaN,,NaN,NaN,NaN,NaN,1,4,1,1,2,1,1,1,2,1,1,1,1,1,1,1,1,1,1,2,2,1,725266.902,4386640.105,41.128,Per,23936,0,0,0,8,6
14047,4,2008460006067,3,9,6,5,6,2,1,CV-40,24.3,24,3,1,1,2,3,2,3,3,2,2,2,1,2,2,7,7,8,1,1,1,9,14,3,1,1,NaN,1,NaN,NaN,,NaN,,NaN,,NaN,52,50,NaN,1,4,1,1,2,1,1,1,1,1,1,1,1,1,1,1,1,1,1,2,1,2,709297.957,4318475.628,137.948,Cob,0,0,0,0,16,2
14051,4,2008460006072,3,9,8,1,1,4,2,CV-60,18.3,18,3,1,1,5,3,2,3,4,2,1,2,1,2,2,7,7,5,1,5,1,9,14,1,1,1,NaN,2,3,NaN,,NaN,,NaN,,NaN,NaN,NaN,NaN,1,4,1,1,2,1,1,1,2,1,1,1,1,1,1,1,1,1,1,2,1,1,729111.639,4307788.548,272.376,Cob,9487,0,0,2,0,2
14052,4,2008460006085,3,9,2,6,2,1,1,CV-35,21,21,0,1,1,2,3,2,3,4,2,2,2,1,2,2,7,7,8,1,4,1,9,14,3,1,3,NaN,2,NaN,NaN,,21,24,NaN,,NaN,NaN,NaN,NaN,1,4,1,1,1,1,1,1,1,1,1,1,1,1,1,2,1,1,1,2,1,1,663967.087,4413499.182,774.091,Per,51759,0,0,0,22,1
14058,4,2008460006097,3,9,6,6,6,2,3,CV-500,23.8,23,8,0,1,5,3,2,3,3,2,1,2,1,2,2,7,7,8,1,5,4,9,14,2,1,1,NaN,2,2,NaN,,NaN,,NaN,,NaN,NaN,NaN,NaN,1,4,2,1,2,1,1,1,1,1,1,1,1,1,1,1,1,1,1,2,1,2,734430.12,4347599.243,-10.656,Cob,7846,0,0,2,22,1
14059,4,2008460006115,3,9,5,3,5,1,1,CV-35,23.6,23,6,1,1,2,2,2,3,4,2,2,2,1,2,2,7,7,8,1,1,1,9,14,3,1,1,NaN,2,NaN,NaN,,NaN,,NaN,,NaN,64,60,NaN,1,4,2,1,1,1,1,1,1,1,1,1,1,1,1,1,1,1,1,2,1,3,663279.104,4411257.425,841.462,Per,31868,0,0,0,10,2
14065,4,2008460006129,3,9,6,3,6,2,1,CV-36,5.4,5,4,0,1,2,3,2,3,4,2,2,2,1,2,2,7,7,8,1,2,1,2,14,3,1,1,NaN,2,NaN,NaN,,NaN,,NaN,,NaN,64,60,NaN,1,4,2,1,1,2,1,2,1,1,1,1,1,1,1,1,1,1,1,2,1,1,712871.439,4368914.57,57.493,Cob,38015,0,0,2,7,2
14067,4,2008460006143,3,9,4,6,4,1,2,CV-35,5,5,0,1,1,2,3,2,3,4,2,2,2,2,2,2,3,6,8,1,1,1,9,14,3,1,1,NaN,1,3,NaN,,NaN,,NaN,,NaN,NaN,NaN,NaN,1,4,1,1,1,1,1,1,1,1,1,1,1,1,1,1,1,1,2,2,1,1,655684.852,4423022.859,935.81,Per,87297,0,0,0,19,6
14068,4,2008460006239,3,9,12,6,5,1,1,CV-50,15.8,15,8,0,1,5,3,2,3,3,2,1,1,1,2,1,7,7,5,1,1,1,2,14,1,1,1,NaN,2,NaN,NaN,,NaN,,NaN,,67,NaN,60,NaN,1,4,2,1,1,1,1,1,1,1,1,1,1,1,1,1,1,1,1,2,1,1,725164.662,4332718.384,20.985,Cob,10467,0,0,1,18,4
14069,4,2008460006244,3,9,13,5,6,2,1,CV-81,3.3,3,3,1,1,5,2,2,3,3,2,1,1,1,1,1,5,1,5,1,1,1,9,14,1,1,1,NaN,2,NaN,NaN,,NaN,,NaN,,NaN,54,50,NaN,1,4,2,1,1,1,1,1,1,1,1,1,1,1,1,1,1,1,1,2,1,1,675992.383,4277659.213,503.642,Sec,14585,0,0,0,16,6
14070,4,2008460006245,3,9,14,1,7,3,1,CV-50,66.7,66,7,0,1,5,3,2,1,1,2,1,1,1,1,1,7,7,8,1,5,1,9,14,2,1,1,NaN,1,NaN,NaN,,NaN,,NaN,,66,NaN,60,NaN,1,1,1,1,2,1,1,2,1,1,1,1,1,1,1,1,1,1,1,2,1,1,699746.621,4366482.78,226.832,Cob,5099,0,0,0,1,3
14071,4,2008460006248,3,9,14,3,7,3,1,CV-50,0.5,0,5,1,1,5,3,2,3,4,2,1,2,2,2,2,7,7,5,1,1,1,9,14,3,1,3,NaN,2,NaN,NaN,,NaN,,NaN,,57,NaN,50,NaN,1,4,2,1,1,1,1,1,1,1,1,1,1,1,1,1,1,1,1,2,1,1,706730.786,4388610.094,131.166,Cob,17044,0,0,0,8,1
14072,4,2008460006249,3,9,9,4,2,1,1,CV-36,3.5,3,5,1,1,5,3,2,3,3,2,2,1,2,2,2,6,1,5,1,1,1,9,14,1,1,3,NaN,2,NaN,NaN,,NaN,,NaN,,NaN,54,50,NaN,1,4,2,1,1,1,2,2,2,1,1,1,1,1,1,1,1,1,1,2,1,1,719849.268,4369082.029,17.712,Cob,38015,0,0,1,14,6
14074,4,2008460006250,3,9,9,3,2,1,2,CV-500,9.5,9,5,0,1,5,3,2,3,3,2,1,1,1,2,1,7,7,8,1,1,1,9,14,3,1,1,NaN,1,4,NaN,,NaN,,NaN,,NaN,NaN,NaN,NaN,2,4,1,1,1,1,1,1,2,1,1,1,1,1,1,1,1,1,1,2,1,1,730291.729,4360871.168,-16.476,Cob,18575,0,0,0,10,1
14075,4,2008460006253,3,9,11,3,4,1,1,CV-300,6.8,6,8,1,1,5,3,2,3,3,2,1,1,2,2,2,5,1,4,1,1,1,9,14,1,1,3,NaN,2,NaN,NaN,,NaN,,NaN,,NaN,64,60,NaN,1,4,1,2,1,1,1,2,2,1,1,1,1,1,1,1,1,1,1,2,1,1,729758.994,4384006.952,-0.658,Sec,16047,0,0,0,10,6
14076,4,2008460006255,3,9,10,6,3,1,1,CV-36,3.5,3,5,1,1,2,2,2,4,3,2,2,2,2,2,1,7,7,8,9,1,1,9,14,1,1,1,NaN,2,NaN,NaN,,NaN,,12,9,NaN,NaN,NaN,NaN,1,4,2,1,1,1,1,1,1,1,1,1,1,1,1,1,1,1,1,2,1,1,719849.268,4369082.029,17.712,Cob,38015,0,0,1,17,5
14081,4,2008460006256,3,9,11,3,4,1,5,CV-35,8.3,8,3,0,1,2,3,2,3,4,2,2,2,1,2,2,7,7,5,1,1,1,9,14,3,1,3,NaN,2,4,NaN,,NaN,,NaN,,NaN,NaN,NaN,NaN,3,4,2,1,1,1,1,1,1,1,1,1,1,1,1,1,1,1,1,2,1,1,717997.993,4380723.919,91.675,Per,100952,0,0,5,8,1
14084,4,2008460006259,3,9,10,5,3,1,3,CV-365,1.5,1,5,0,1,5,3,2,3,4,2,2,2,1,2,1,7,7,8,1,1,1,9,14,1,1,1,NaN,2,5,NaN,,NaN,,NaN,,NaN,NaN,NaN,NaN,2,4,2,1,1,1,1,1,2,1,1,1,1,1,1,1,1,1,1,2,1,1,720401.568,4376544.505,53.642,Sec,45897,0,0,0,15,2
14085,4,2008460006271,3,9,16,1,2,1,1,CV-660,25.1,25,1,0,1,5,3,1,3,3,2,1,1,1,1,1,7,7,8,1,5,1,9,14,3,1,1,NaN,1,NaN,NaN,,NaN,,NaN,,66,NaN,60,NaN,1,4,2,1,1,1,1,1,1,1,1,1,1,1,1,1,1,1,1,2,1,1,704709.271,4299636.692,388.167,Cob,0,0,0,0,0,1
14089,4,2008460006285,3,9,12,3,5,1,4,CV-365,0.8,0,8,0,1,5,3,2,3,4,2,2,2,1,2,2,7,7,8,1,1,1,9,14,3,1,1,NaN,1,4,NaN,,NaN,,NaN,,NaN,NaN,NaN,NaN,2,4,2,1,1,1,1,1,1,1,1,1,1,1,1,1,1,1,1,2,1,1,721038.524,4376713.844,38.879,Cob,39072,0,0,0,8,1
14091,4,2008460006288,3,9,13,4,6,2,2,CV-50,36.6,36,6,1,1,5,3,2,3,4,2,1,1,1,1,1,6,6,3,1,1,1,9,14,3,1,1,NaN,2,3,NaN,,NaN,,NaN,,NaN,NaN,NaN,NaN,1,4,1,1,1,1,1,1,2,1,1,1,1,1,1,1,1,1,1,2,1,1,701341.951,4360018.619,189.565,Cob,4710,0,0,1,11,6
14092,4,2008460006289,3,9,14,3,7,3,1,CV-35,7,7,0,1,1,5,3,2,3,3,2,2,2,1,2,2,7,7,8,1,2,1,9,14,3,1,1,NaN,1,NaN,NaN,,NaN,,NaN,,NaN,51,50,NaN,1,4,1,1,1,1,1,1,1,1,1,1,1,1,1,1,1,1,2,2,1,1,657177.082,4422332.73,982.471,Per,100952,0,0,1,7,1
14093,4,2008460006293,3,9,14,4,7,3,1,CV-50,29,29,0,0,1,5,3,2,3,3,2,1,1,1,2,2,7,7,8,1,1,1,9,14,3,1,1,NaN,1,NaN,NaN,,NaN,,NaN,,NaN,61,60,NaN,1,4,2,1,1,1,1,1,1,1,1,1,1,1,1,1,1,1,1,2,2,1,716618.547,4341367.885,2.727,Cob,14945,0,0,0,13,1
14095,4,2008460006303,3,9,16,5,2,1,2,CV-41,13.1,13,1,1,1,5,3,2,3,3,2,1,2,1,2,1,7,7,8,1,1,1,9,14,1,1,1,NaN,2,4,NaN,,NaN,,NaN,,NaN,NaN,NaN,NaN,1,4,1,1,1,1,1,1,2,1,1,1,1,1,1,1,1,1,1,2,1,1,718087.027,4330300.307,5.265,Cob,8790,0,0,2,15,1
14101,4,2008460006308,3,9,14,3,7,3,3,CV-500,1.4,1,4,1,1,5,3,2,3,4,2,2,2,1,2,1,7,7,8,1,1,1,9,14,3,1,1,NaN,1,5,NaN,,NaN,,NaN,,NaN,NaN,NaN,NaN,1,4,2,2,2,2,1,1,2,1,1,1,1,1,1,1,2,1,1,2,1,1,732370.332,4344056.024,-11.426,Pri,18575,0,0,5,10,2
14105,4,2008460006323,3,9,15,3,1,1,2,CV-400,2.9,2,9,1,1,5,2,2,3,3,2,2,1,1,2,1,5,6,7,1,1,1,9,14,3,2,3,NaN,2,3,NaN,,NaN,,NaN,,NaN,NaN,NaN,NaN,1,4,2,1,1,1,1,1,1,1,1,1,1,1,1,1,1,1,1,2,1,1,723506.695,4366294.719,-2.144,Cob,21955,0,0,0,10,6
14108,4,2008460006357,3,9,19,3,5,1,2,CV-50,28.5,28,5,1,1,5,3,2,3,3,2,2,1,2,2,2,5,1,4,1,1,1,9,14,1,1,3,NaN,2,4,NaN,,NaN,,NaN,,NaN,NaN,NaN,NaN,1,4,1,1,1,1,1,1,2,1,1,1,1,1,1,1,1,1,1,2,1,2,699036.556,4364917.433,250.295,Cob,14945,0,0,2,8,6
14109,4,2008460006364,3,9,21,2,7,3,1,CV-400,3.2,3,2,0,1,5,3,2,3,4,2,2,2,1,2,2,7,7,8,1,3,1,9,14,3,1,1,NaN,2,NaN,NaN,,NaN,,12,9,NaN,NaN,NaN,NaN,1,4,2,1,1,1,1,1,1,1,1,1,1,1,1,1,1,1,1,2,1,2,723503.931,4366641.026,-4.206,Cob,21955,0,2,0,5,1