Id,Ano,Numero_Accidente,Provincia,Mes,Dia,Hora,Dia_Semana,Tipo_Dia,Vehiculos_Implicados,Carretera,Pk,Km,Hm,Sentido,Zona,Tipo_Via,Anchura_Calzada,Anchura_Carril,Marcas_Viales,Arcen,Arcen_Pavimentado,Mediana,Barrera_Seguridad,Paneles_Direccionales,Hitos_Arista,Captafaros,Interseccion_Tipo,Interseccion_Acondicionamiento,Prioridad_Regulada_por,Superficie,Luminosidad,Factores_Atmosfericos,Visibilidad_Restringida_por,Otras_Circunstancias,Senalizacion_Peligro,Aceras,Arboles,Arboles_Metros_Calzada,Visibilidad_Senalizacion_Vertical,Colision_Vehiculos_Marcha,Colision_Vehiculo_Obstaculo_1,Colision_Vehiculo_Obstaculo_2,Atropello_1,Atropello_2,Vuelco_1,Vuelco_2,Salida_Sin_Colision,Salida_Con_Colision,Lado_Salida,Otro,Circulacion,Circulacion_Medidas_Especiales,Distraccion,Inexperiencia_Conductor,Alcohol_Drogas,Cansancio_Sueno,Enfermedad,Velocidad_Inadecuada,Infraccion_Norma_Circulacion,Estado_Condicion_Via,Estado_Condicion_Senalizacion,Tramo_Obras,Mal_Estado_Vehiculo,Averia_Mecanica,Meteorologia_Adversa,Irrupcion_Animal,Circular_Sentido_Contrario,Otro_Factor,Sin_Opinion_Definida,Pendiente,Curvatura,Peralte,GPS_x,GPS_y,GPS_z,Tipo_Est,IMD,N_Muertos,N_Graves,N_Leves,Hora_Real,Fuera_o_Interseccion
14110,4,2008460006397,3,9,23,2,2,1,1,CV-686,1.8,1,8,0,1,5,2,2,3,4,2,1,1,1,1,1,7,7,8,3,4,9,9,14,3,1,1,NaN,2,NaN,NaN,,NaN,,NaN,,66,NaN,60,NaN,1,4,2,1,1,1,1,1,1,1,1,1,1,1,1,1,1,1,1,2,1,1,742755.281,4314463.846,19.502,Cob,18552,0,0,1,5,1
14112,4,2008460006398,3,9,17,6,3,1,2,CV-36,2.5,2,5,0,1,2,3,2,3,4,2,2,2,2,2,2,3,1,8,1,1,1,9,14,3,1,1,NaN,1,4,NaN,,NaN,,NaN,,NaN,NaN,NaN,NaN,1,4,2,1,1,1,1,1,1,1,1,1,1,1,1,1,1,1,1,2,1,1,715691.706,4369349.42,39.923,Pri,71972,0,0,0,19,6
14114,4,2008460006412,3,9,17,6,3,1,2,CV-365,2.4,2,4,0,1,5,2,2,3,3,2,1,2,2,1,1,7,7,5,1,4,1,9,14,3,1,1,NaN,1,4,NaN,,NaN,,NaN,,NaN,NaN,NaN,NaN,1,4,2,1,1,1,1,1,1,1,1,1,1,1,1,1,1,1,1,2,1,1,719566.091,4376852.011,62.288,Sec,45897,0,0,2,20,1
14115,4,2008460006448,3,9,24,4,3,1,1,CV-585,6.4,6,4,1,1,5,2,3,3,4,2,1,1,2,2,2,1,6,8,3,1,4,9,14,1,1,1,NaN,2,NaN,NaN,,NaN,,NaN,,68,NaN,60,NaN,1,4,1,1,1,1,1,1,1,1,1,1,1,1,1,1,1,1,2,2,1,1,703881.766,4319286.772,225.134,Cob,3530,0,0,0,11,6
14116,4,2008460006493,3,9,21,3,7,3,1,CV-400,1,1,0,0,1,5,2,2,3,4,2,2,2,2,2,2,7,7,8,1,1,1,9,14,3,1,1,NaN,1,NaN,NaN,,NaN,,NaN,,NaN,64,60,NaN,1,4,2,1,1,1,1,1,1,1,1,1,1,1,1,1,1,1,1,2,1,1,724053.199,4368653.32,-1.294,Sec,50900,0,1,0,10,1
14117,4,2008460006495,3,9,26,6,5,1,1,CV-403,0,0,0,0,1,5,1,1,3,4,1,2,2,2,2,1,1,6,8,1,1,1,9,14,1,1,1,NaN,2,NaN,NaN,,NaN,,NaN,,NaN,54,50,NaN,1,4,1,1,1,1,1,2,1,1,1,1,1,1,1,1,1,1,1,2,1,1,721005.828,4372378.658,17.626,Cob,17665,0,1,0,18,6
14118,4,2008460006498,3,9,24,1,3,1,1,CV-35,16.5,16,5,1,1,2,3,2,3,4,2,2,2,2,2,2,7,7,8,1,3,1,9,14,3,1,1,NaN,1,NaN,NaN,,NaN,,NaN,,NaN,63,60,NaN,1,4,1,1,2,1,1,2,1,1,1,1,1,1,1,1,1,1,1,2,1,1,662703.191,4417016.833,872.346,Per,51759,0,0,0,1,2
14120,4,2008460006503,3,9,27,6,6,2,1,CV-40,1.9,1,9,1,1,2,3,2,3,4,2,2,2,1,2,2,7,7,8,3,1,5,4,14,3,1,1,NaN,2,NaN,NaN,,NaN,,NaN,,NaN,52,50,NaN,1,4,1,1,1,1,1,2,1,1,1,1,1,1,1,1,1,1,1,2,1,1,714522.668,4300982.746,332.874,Cob,20544,0,0,0,17,1
14121,4,2008460006505,3,9,27,6,6,2,1,CV-515,2.6,2,6,0,1,5,2,2,3,4,2,1,2,2,1,1,7,7,8,3,1,4,9,14,1,1,3,NaN,2,NaN,NaN,,NaN,,NaN,,NaN,53,50,NaN,1,4,1,1,1,1,1,2,1,1,1,1,1,1,1,1,1,1,1,2,1,1,724793.183,4342838.458,0.435,Cob,4232,0,0,0,17,4
14122,4,2008460006511,3,9,28,6,7,3,1,CV-60,29.6,29,6,1,1,5,3,2,3,4,2,2,2,1,1,1,7,7,8,3,4,1,9,14,2,1,3,NaN,1,NaN,NaN,,21,24,NaN,,NaN,NaN,NaN,NaN,1,4,1,1,1,1,1,1,1,1,1,1,1,1,1,2,1,1,1,2,1,1,718600.092,4308078.821,155.996,Cob,12836,0,0,0,21,1
14123,4,2008460006512,3,9,28,6,7,3,1,CV-81,11.1,11,1,0,1,5,3,2,3,3,2,1,1,1,1,1,7,7,5,3,5,4,9,14,3,1,1,NaN,2,NaN,NaN,,NaN,,NaN,,67,NaN,60,NaN,1,4,1,1,1,1,1,2,1,1,1,1,1,1,1,1,1,1,1,2,2,2,709424.356,4295640.78,508.12,Cob,5778,0,0,0,20,2
14125,4,2008460006516,3,9,28,3,7,3,1,CV-40,14.4,14,4,1,1,2,3,2,3,4,2,2,2,2,2,2,7,7,8,3,1,5,9,14,1,1,3,NaN,2,NaN,NaN,,NaN,,NaN,,NaN,62,60,NaN,1,4,1,1,1,1,1,2,1,1,1,1,1,1,1,1,1,1,1,2,1,1,710372.86,4310344.28,301.606,Cob,22336,0,0,0,8,1
14127,4,2008460006524,3,9,22,5,1,1,2,CV-60,26.6,26,6,0,1,5,3,2,4,4,2,2,2,2,2,2,7,7,8,1,1,1,9,14,1,1,1,NaN,2,4,NaN,,NaN,,NaN,,NaN,NaN,NaN,NaN,1,4,2,1,1,1,1,2,1,1,1,1,1,1,1,1,1,1,1,2,1,1,734535.391,4310659.452,154.291,Cob,12600,0,1,1,15,1
14129,4,2008460006537,3,9,29,5,1,4,2,CV-41,15.9,15,9,0,1,5,2,2,3,4,2,1,1,1,1,1,1,2,3,1,1,1,9,14,1,1,1,NaN,2,2,NaN,,NaN,,NaN,,NaN,NaN,NaN,NaN,1,4,2,1,1,1,1,1,1,1,1,1,1,1,1,1,1,1,1,2,1,1,716265.017,4323171.457,61.985,Cob,8790,0,0,0,15,6
14131,4,2008460006548,3,9,24,3,3,1,2,CV-35,4,4,0,1,1,2,3,2,3,4,2,2,2,2,2,2,7,7,8,3,3,4,9,14,3,1,1,NaN,1,2,NaN,,NaN,,NaN,,NaN,NaN,NaN,NaN,2,4,2,1,1,1,1,1,1,1,1,1,1,1,1,1,1,1,1,2,2,2,654769.303,4422941.759,930.62,Per,127608,0,0,0,7,1
14134,4,2008460006558,3,9,18,3,4,1,3,CV-35,3,3,0,1,1,2,3,2,3,4,2,2,2,1,2,2,7,7,8,1,1,1,9,14,2,1,1,NaN,2,4,NaN,,NaN,,NaN,,NaN,NaN,NaN,NaN,1,4,2,1,1,1,1,1,1,1,1,1,1,1,1,1,1,1,1,2,1,1,654462.088,4422571.739,887.738,Per,127608,0,0,0,9,1
14136,4,2008460006560,3,9,18,3,4,1,2,CV-333,8,8,0,1,1,5,3,2,3,3,2,1,2,1,2,1,7,7,8,1,1,1,9,14,1,1,1,NaN,2,4,NaN,,NaN,,NaN,,NaN,NaN,NaN,NaN,1,4,2,1,1,1,1,1,1,1,1,1,1,1,1,1,1,1,1,2,1,1,715364.535,4390556.387,127.303,Cob,2551,0,0,0,7,1
14138,4,2008460006562,3,9,21,6,7,3,2,CV-36,3,3,0,1,1,2,3,2,3,4,2,2,2,2,2,2,7,7,8,3,4,4,9,14,2,1,1,NaN,1,NaN,NaN,,NaN,,NaN,,NaN,52,50,NaN,1,4,2,1,1,1,1,1,1,1,1,1,1,1,1,1,1,1,1,2,1,1,719350.227,4369121.098,19.23,Pri,71972,0,0,1,22,2
14139,4,2008460006568,3,9,20,3,6,2,1,CV-50,91,91,0,1,1,5,2,2,3,4,2,1,2,2,2,2,7,7,8,1,1,1,9,14,1,1,1,NaN,2,NaN,NaN,,NaN,,NaN,,NaN,53,50,NaN,1,4,2,1,1,1,1,1,1,1,1,1,1,1,1,1,1,2,1,2,1,1,736562.582,4328332.012,-8.168,Per,6934,0,0,0,8,2
14141,4,2008460006580,3,10,1,3,3,1,2,CV-400,1,1,0,1,1,5,3,2,3,3,2,2,1,2,1,1,5,6,4,1,1,1,9,14,1,1,3,NaN,2,4,NaN,,NaN,,NaN,,NaN,NaN,NaN,NaN,1,4,2,1,1,1,1,1,1,1,1,1,1,1,1,1,1,1,1,2,2,2,722559.872,4364771.622,-7.809,Sec,50900,0,0,1,7,6
14143,4,2008460006616,3,9,24,3,3,1,2,CV-500,0.6,0,6,1,1,5,3,2,3,4,2,2,2,1,2,2,7,7,8,3,4,5,4,14,2,1,1,NaN,1,3,NaN,,NaN,,NaN,,NaN,NaN,NaN,NaN,1,4,2,1,1,1,1,1,1,1,1,1,1,1,1,1,1,1,1,2,1,1,731958.735,4343500.192,-7.19,Pri,18575,0,0,0,7,1
14148,4,2008460006618,3,9,24,4,3,1,2,CV-35,6.5,6,5,1,1,2,3,2,3,4,2,2,2,1,2,2,7,7,8,3,1,4,8,14,3,1,1,NaN,1,4,NaN,,NaN,,NaN,,NaN,NaN,NaN,NaN,2,4,2,1,1,1,1,1,1,1,1,1,1,1,2,1,1,1,1,2,1,1,657021.385,4422717.023,965.038,Per,100952,0,0,0,11,1
14151,4,2008460006630,3,9,24,4,3,1,3,CV-35,6.5,6,5,1,1,2,3,2,3,3,2,2,2,1,2,2,7,7,8,3,1,4,9,14,3,1,1,NaN,1,5,NaN,,NaN,,NaN,,NaN,NaN,NaN,NaN,1,4,2,1,1,1,1,1,1,1,1,1,1,1,2,1,1,1,1,2,1,1,657021.385,4422717.023,965.038,Per,100952,0,0,0,12,1
14154,4,2008460006662,3,9,25,3,4,1,2,CV-35,8.5,8,5,1,1,2,3,2,3,4,2,2,2,2,2,2,7,7,8,1,1,1,9,14,1,1,1,NaN,2,3,NaN,,NaN,,NaN,,NaN,NaN,NaN,NaN,1,4,1,1,1,1,1,1,2,1,1,1,1,1,1,1,1,1,1,2,1,1,658087.343,4421872.418,977.319,Per,62359,0,0,1,10,1
14155,4,2008460006663,3,9,25,4,4,1,1,CV-35,10,10,0,0,1,2,3,2,3,4,2,2,2,2,2,2,7,7,8,1,1,1,9,14,3,1,1,NaN,2,NaN,30,30,NaN,,NaN,,NaN,NaN,NaN,NaN,1,4,1,2,1,1,1,1,1,1,1,1,1,1,1,1,1,1,1,2,1,1,716435.035,4381334.63,85.823,Per,62359,0,0,0,11,1
14156,4,2008460006666,3,9,26,6,5,1,1,CV-30,1,1,0,0,1,2,3,2,3,5,2,2,2,2,2,2,7,7,8,1,3,1,9,14,3,1,1,NaN,2,NaN,NaN,,NaN,,NaN,,NaN,51,50,NaN,1,4,1,1,1,1,1,1,1,1,1,1,1,1,1,1,1,2,1,2,1,1,721122.129,4374716.869,9.518,Pri,72128,0,0,0,20,1
14159,4,2008460006669,3,10,4,6,6,2,2,CV-410,4,4,0,0,1,5,3,2,3,2,2,1,1,1,1,1,5,1,8,1,1,1,9,14,3,1,1,NaN,2,3,NaN,,NaN,,NaN,,NaN,NaN,NaN,NaN,1,4,1,1,1,1,1,1,1,1,1,1,1,1,1,1,1,1,2,2,2,1,717332.473,4372266.354,36.033,Pri,30175,0,0,2,18,6
14161,4,2008460006673,3,10,4,4,6,1,2,CV-50,26.6,26,6,1,1,5,2,2,3,3,2,1,2,1,1,2,7,7,8,1,1,1,9,14,2,1,1,NaN,1,4,NaN,,NaN,,NaN,,NaN,NaN,NaN,NaN,1,4,1,2,1,1,1,1,1,1,1,1,1,1,1,1,1,1,1,2,1,1,699813.392,4366598.525,225.867,Sec,24657,0,0,0,12,2
14162,4,2008460006675,3,9,27,3,6,2,1,CV-36,3,3,0,0,1,2,3,2,3,4,2,2,2,1,2,2,7,7,8,1,1,4,9,14,3,1,1,NaN,2,NaN,NaN,,NaN,,NaN,,NaN,52,50,NaN,1,4,1,1,1,1,1,1,1,1,1,1,1,1,1,1,1,1,2,2,1,2,715198.934,4369376.425,46.492,Pri,71972,0,0,1,10,2
14164,4,2008460006682,3,9,30,6,2,1,2,CV-36,1.1,1,1,1,1,2,3,2,3,4,2,2,2,1,2,2,7,7,8,1,1,1,9,14,3,1,1,NaN,1,4,NaN,,NaN,,NaN,,NaN,NaN,NaN,NaN,2,4,2,1,1,1,1,2,1,1,1,1,1,1,1,1,1,1,1,2,1,2,712033.488,4368692.495,70.65,Pri,71972,0,0,0,19,1
14165,4,2008460006687,3,10,6,6,1,4,1,CV-572,0.3,0,3,0,1,5,3,2,3,4,2,1,2,1,2,2,7,7,8,1,1,1,9,14,2,1,1,NaN,1,NaN,NaN,,NaN,,NaN,,68,NaN,60,NaN,1,4,1,1,1,1,1,1,1,1,1,1,1,1,1,1,1,1,2,2,1,1,721258.551,4334483.73,1.792,Cob,13773,0,0,1,18,1
14167,4,2008460006691,3,9,30,6,2,1,1,CV-35,16,16,0,0,1,2,3,2,3,4,2,2,2,1,2,2,7,7,8,1,1,1,9,14,3,1,1,NaN,2,NaN,30,32,NaN,,NaN,,NaN,NaN,NaN,NaN,1,4,2,1,1,1,1,1,1,1,1,1,1,1,1,1,1,1,1,2,1,1,711685.092,4384877.705,80.474,Per,51759,0,0,0,17,1
14170,4,2008460006694,3,9,29,4,1,1,3,CV-400,4,4,0,1,1,5,3,2,3,4,2,2,2,2,2,2,7,7,8,1,1,1,9,14,3,1,1,NaN,1,4,NaN,,NaN,,NaN,,NaN,NaN,NaN,NaN,2,4,2,1,1,1,1,1,1,1,1,1,1,1,1,1,1,1,1,2,1,1,723574.008,4367375.309,-1.476,Cob,21381,0,0,3,14,1
14172,4,2008460006697,3,10,1,2,3,1,2,CV-35,11.5,11,5,1,1,2,3,2,3,4,2,2,2,2,2,2,7,7,8,1,4,1,9,14,3,1,1,NaN,1,4,NaN,,NaN,,NaN,,NaN,NaN,NaN,NaN,1,4,2,1,1,1,1,1,1,1,1,1,1,1,1,1,1,1,1,2,1,2,660727.898,4420761.226,907.118,Per,97287,0,0,0,6,1
14174,4,2008460006705,3,10,2,4,4,1,2,CV-36,4,4,0,1,1,2,3,2,4,4,2,2,2,2,2,2,7,7,8,1,1,1,9,14,3,1,1,NaN,1,NaN,NaN,,NaN,,NaN,,NaN,62,60,NaN,1,4,1,1,1,1,1,1,1,1,1,1,1,1,1,1,1,1,2,2,1,1,720265.294,4368854.916,20.896,Cob,38015,0,0,0,12,1
14183,4,2008460006719,3,10,9,3,4,3,2,CV-32,3.5,3,5,0,1,5,3,1,3,3,2,1,1,1,1,1,5,1,4,1,1,1,9,14,1,1,1,NaN,1,4,NaN,,NaN,,NaN,,NaN,NaN,NaN,NaN,1,4,2,1,2,1,1,1,1,1,1,1,1,1,1,1,1,1,1,2,2,1,729447.706,4382913.85,-8.484,Cob,20746,0,0,1,10,6
14184,4,2008460006737,3,10,10,4,5,1,1,CV-610,5.8,5,8,1,1,5,3,2,4,3,2,1,2,2,2,2,7,7,8,3,1,5,4,14,1,1,1,NaN,2,NaN,NaN,,NaN,,NaN,,NaN,64,60,NaN,1,4,1,1,1,1,1,2,1,2,1,1,1,1,2,1,1,1,1,2,1,1,729935.946,4312818.828,219.606,Cob,2593,0,0,0,14,4
14186,4,2008460006738,3,10,1,3,3,1,2,CV-50,6,6,0,1,1,5,2,2,3,3,2,1,1,1,1,1,7,7,8,1,1,1,9,14,3,1,1,NaN,1,3,NaN,,NaN,,NaN,,NaN,NaN,NaN,NaN,1,4,1,1,1,1,1,1,2,1,1,1,1,1,1,1,1,1,1,2,1,1,704322.911,4383737.539,81.788,Sec,12267,0,0,1,8,1
14187,4,2008460006740,3,10,11,4,6,2,1,CV-610,3.3,3,3,0,1,5,3,1,4,3,2,2,1,1,1,2,5,6,4,3,1,5,4,14,1,1,1,NaN,2,NaN,NaN,,NaN,,12,9,NaN,NaN,NaN,NaN,1,4,1,1,1,1,1,2,1,1,1,1,1,1,2,1,1,1,1,2,1,1,718401.797,4318581.806,88.133,Pri,9016,0,0,1,11,7
14188,4,2008460006741,3,10,12,3,7,3,1,CV-645,4,4,0,1,1,5,3,1,3,3,2,2,2,2,1,1,5,1,4,3,3,4,9,14,1,1,1,NaN,2,NaN,NaN,,NaN,,NaN,,NaN,63,60,NaN,1,4,1,1,1,1,1,2,1,1,1,1,1,1,1,1,1,1,1,2,2,1,712022.447,4317383.165,104.068,Cob,9124,0,0,0,8,6
14189,4,2008460006743,3,10,12,3,7,3,1,CV-590,61.3,61,3,0,1,5,2,3,3,1,2,1,1,1,1,1,1,1,3,3,5,4,9,14,1,1,1,NaN,2,NaN,NaN,,NaN,,NaN,,NaN,51,50,NaN,1,4,1,1,1,1,1,2,1,1,1,1,1,1,1,1,1,1,1,2,1,1,710364.296,4320960.01,100.498,Sec,6940,0,0,0,7,6
14190,4,2008460006744,3,10,12,3,7,3,1,CV-306,3.1,3,1,0,1,5,3,2,3,4,2,1,1,1,1,1,7,7,5,3,1,1,9,14,3,2,3,NaN,2,NaN,NaN,,NaN,,NaN,,NaN,63,60,NaN,1,4,2,1,2,1,1,1,1,1,1,1,1,1,1,1,1,1,1,2,2,1,730791.492,4388155.824,0.286,NaN,0,0,0,0,8,1
14192,4,2008460006747,3,10,10,6,5,1,2,CV-400,1.2,1,2,1,1,5,3,2,3,3,2,1,1,1,1,1,5,1,4,3,3,1,3,14,1,1,1,NaN,2,4,NaN,,NaN,,NaN,,NaN,NaN,NaN,NaN,1,4,1,1,2,1,1,1,2,1,1,1,1,1,1,1,1,1,1,2,1,1,722655.812,4364936.987,-6.982,Sec,50900,0,0,0,20,6
14196,4,2008460006749,3,10,10,1,5,1,2,CV-35,16,16,0,0,1,2,3,2,3,4,2,2,2,1,2,2,7,7,8,3,3,5,9,10,1,1,3,NaN,2,2,NaN,,NaN,,NaN,,NaN,NaN,NaN,NaN,1,4,1,1,1,1,1,1,2,1,1,1,1,1,2,1,1,1,1,2,1,1,711685.092,4384877.705,80.474,Per,51759,0,1,0,0,1
14197,4,2008460006774,3,10,13,5,1,1,1,CV-33,1.3,1,3,0,1,5,3,2,3,3,2,2,2,1,1,1,7,7,5,1,1,1,9,14,3,1,3,NaN,1,NaN,NaN,,NaN,,NaN,,NaN,62,60,NaN,1,4,2,1,2,1,1,1,1,1,1,1,1,1,1,1,1,1,1,2,2,1,717348.919,4372280.789,35.525,Cob,30062,0,0,0,16,1
14198,4,2008460006775,3,10,13,2,1,4,1,CV-60,32,32,0,0,1,2,3,2,3,4,2,2,2,1,2,2,7,7,8,1,5,1,9,14,3,1,1,NaN,1,NaN,NaN,,21,24,NaN,,NaN,NaN,NaN,NaN,1,4,1,1,1,1,1,1,1,1,1,1,1,1,1,2,1,1,1,2,1,1,738699.187,4313399.352,61.287,Pri,16835,0,0,0,6,1
14199,4,2008460006790,3,10,6,5,1,1,1,CV-500,0.5,0,5,0,1,5,3,2,3,3,2,1,1,1,1,1,7,7,8,1,1,1,2,14,3,1,1,NaN,1,NaN,NaN,,NaN,,NaN,,67,NaN,60,NaN,1,4,2,1,1,1,1,1,1,1,1,1,1,1,1,1,1,1,1,2,1,1,728783.419,4369800.063,-10.943,Pri,18575,0,0,0,16,1
14201,4,2008460006794,3,10,6,4,1,1,2,CV-500,9.5,9,5,0,1,5,3,2,3,3,2,1,1,1,1,1,7,7,8,1,1,1,9,14,2,1,1,NaN,1,NaN,NaN,,NaN,,NaN,,NaN,NaN,NaN,71,1,4,1,1,1,1,1,1,1,1,1,1,1,1,1,1,1,1,2,2,1,1,730291.729,4360871.168,-16.476,Cob,18575,0,0,0,11,1
14202,4,2008460006801,3,10,10,1,5,1,1,CV-50,65.2,65,2,1,1,5,3,2,3,3,2,1,1,1,1,1,7,7,8,3,5,5,4,13,3,1,3,NaN,2,NaN,30,32,NaN,,NaN,,NaN,NaN,NaN,NaN,1,4,1,1,1,1,1,1,2,1,1,1,1,1,1,1,1,1,1,2,1,1,716878.029,4340497.716,10.019,Cob,5099,0,0,0,1,1
14204,4,2008460006803,3,10,6,4,1,1,2,CV-333,8.4,8,4,0,1,5,3,2,3,3,2,1,1,1,1,1,5,1,4,1,1,1,9,14,3,1,1,NaN,1,2,NaN,,NaN,,NaN,,NaN,NaN,NaN,NaN,1,4,2,1,1,1,1,1,2,1,1,1,1,1,1,1,1,1,1,2,1,1,713598.079,4392919.676,167.557,Cob,2551,0,0,1,11,6
14205,4,2008460006805,3,10,9,2,4,3,1,CV-365,1.2,1,2,1,1,5,3,2,3,3,2,2,2,2,2,2,4,1,5,3,3,1,9,14,3,1,1,NaN,2,NaN,NaN,,NaN,,NaN,,NaN,64,60,NaN,1,4,1,2,1,2,1,2,1,1,1,1,1,1,1,1,1,1,1,2,1,1,719392.086,4376837.416,53.141,Sec,45897,0,0,1,6,6
14207,4,2008460006812,3,10,7,4,2,1,2,CV-35,13,13,0,0,1,2,3,2,3,4,2,2,2,1,2,2,7,7,5,1,1,1,9,14,3,1,1,NaN,2,3,NaN,,NaN,,NaN,,NaN,NaN,NaN,NaN,1,4,1,1,1,1,1,1,1,1,1,1,1,1,1,1,1,1,2,2,1,1,714102.074,4383155.325,100.375,Per,97287,0,0,1,13,1
14208,4,2008460006820,3,10,9,2,4,3,1,CV-35,17.5,17,5,0,1,2,3,2,3,4,2,2,2,1,2,2,6,6,5,3,4,9,9,14,3,1,1,NaN,2,NaN,NaN,,NaN,,NaN,,NaN,64,60,NaN,1,4,2,1,1,1,1,1,1,1,1,1,1,1,1,1,1,1,1,2,1,1,711018.896,4386174.461,104.662,Per,51759,0,0,0,6,6
14209,4,2008460006823,3,10,9,5,4,3,1,CV-403,1,1,0,1,1,5,2,2,3,2,2,1,1,1,1,1,5,1,4,1,1,4,9,14,1,1,1,NaN,2,NaN,NaN,,NaN,,12,9,NaN,NaN,NaN,NaN,1,4,1,1,1,1,1,1,1,1,1,1,1,1,1,1,1,2,1,2,1,1,718997.567,4370061.143,25.327,Cob,17665,0,0,0,15,6
14210,4,2008460006827,3,10,8,4,3,2,1,CV-30,1.5,1,5,0,1,2,3,2,3,4,2,2,1,1,1,1,7,7,8,1,1,1,9,14,3,1,1,NaN,2,NaN,30,32,NaN,,NaN,,NaN,NaN,NaN,NaN,1,4,1,1,1,1,1,1,1,1,1,1,1,1,1,1,1,1,2,2,1,1,721532.401,4374994.732,8.55,Pri,72128,0,0,0,13,1
14212,4,2008460006868,3,10,7,6,2,1,2,CV-500,20.6,20,6,1,1,5,3,2,3,3,2,1,1,1,2,2,1,1,5,1,5,1,9,14,3,1,3,NaN,2,3,NaN,,NaN,,NaN,,NaN,NaN,NaN,NaN,1,4,1,1,1,1,1,1,2,1,1,1,1,1,1,1,1,1,1,2,1,1,730486.106,4360152.369,-23.282,Cob,8018,0,0,1,20,6
14214,4,2008460006870,3,10,10,4,5,4,1,CV-31,2.1,2,1,0,1,7,1,2,3,3,2,2,2,2,2,2,4,1,5,3,3,1,9,14,3,1,3,NaN,2,NaN,NaN,,NaN,,NaN,,NaN,54,50,NaN,1,4,1,1,1,1,1,2,1,1,1,1,1,1,1,1,1,1,1,2,1,1,720851.794,4376360.652,21.231,Cob,51056,0,0,0,11,6
14215,4,2008460006871,3,10,10,6,5,1,1,CV-35,22.6,22,6,1,1,2,3,2,3,4,2,2,2,1,2,2,7,7,8,1,1,1,9,14,3,1,3,NaN,2,NaN,NaN,,NaN,,NaN,,NaN,52,50,NaN,1,4,2,1,1,1,1,1,1,1,1,1,1,1,1,1,1,1,1,2,1,1,663885.865,4411883.115,792.714,Per,31868,0,0,0,18,1
14217,4,2008460006885,3,10,17,4,5,1,2,CV-60,36.1,36,1,0,1,5,3,2,3,4,2,1,2,1,2,2,7,7,8,1,1,1,9,14,3,1,3,NaN,2,2,NaN,,NaN,,NaN,,NaN,NaN,NaN,NaN,1,4,1,1,1,1,1,1,2,1,1,1,1,1,1,1,1,1,1,2,1,1,742240.254,4312792.514,35.454,Sec,10158,2,0,0,12,1
14220,4,2008460006893,3,10,15,3,3,1,3,CV-25,1.9,1,9,1,1,5,3,2,3,3,2,1,1,1,1,1,7,7,8,1,2,1,2,14,2,1,1,NaN,2,3,NaN,,NaN,,NaN,,NaN,NaN,NaN,NaN,1,4,1,1,1,1,1,1,2,1,1,1,1,1,1,1,1,1,1,2,1,2,712539.591,4413739.517,372.378,Sec,10653,0,1,0,7,1
14223,4,2008460006899,3,10,19,3,7,3,1,CV-40,5.5,5,5,1,1,2,3,2,3,4,2,2,2,2,2,2,7,7,8,1,1,4,9,14,1,1,1,NaN,2,NaN,NaN,,NaN,,NaN,,NaN,62,60,NaN,1,4,2,1,2,1,1,2,1,1,1,1,1,1,1,1,1,1,1,2,1,2,711251.327,4301811.059,324.877,Per,0,0,0,0,9,5
14225,4,2008460006905,3,10,13,4,1,1,2,CV-407,2.8,2,8,0,1,5,2,2,4,2,2,1,1,2,2,1,5,1,4,1,1,1,9,14,1,1,1,NaN,2,2,NaN,,NaN,,NaN,,NaN,NaN,NaN,NaN,1,4,1,1,1,1,1,1,1,1,1,1,1,1,1,1,1,2,1,2,1,1,723528.654,4368398.55,-0.889,Cob,12486,0,0,1,14,6
14227,4,2008460006906,3,10,14,3,2,1,2,CV-36,2,2,0,1,1,2,3,2,3,4,2,2,1,1,2,2,7,7,8,3,2,1,9,14,2,1,3,NaN,2,4,NaN,,NaN,,NaN,,NaN,NaN,NaN,NaN,2,4,2,1,1,1,1,1,1,1,1,1,1,1,1,1,1,1,1,2,1,1,718416.733,4369313.526,15.587,Pri,71972,0,0,0,7,1
14228,4,2008460006912,3,10,13,6,1,1,1,CV-36,2.5,2,5,1,1,2,3,2,3,4,2,2,2,1,2,1,7,7,8,3,4,4,9,10,3,1,1,NaN,1,NaN,NaN,,NaN,,NaN,,NaN,64,60,NaN,1,4,1,1,1,1,1,1,1,2,1,1,1,1,1,1,1,1,1,2,1,2,718901.738,4369335.509,18.29,Pri,71972,0,0,0,22,2
14231,4,2008460006913,3,10,14,3,2,1,2,CV-36,1.9,1,9,1,1,2,3,2,3,4,2,2,2,1,2,1,7,7,8,3,2,1,9,14,3,1,1,NaN,1,4,NaN,,NaN,,NaN,,NaN,NaN,NaN,NaN,1,4,2,1,1,1,1,1,1,1,1,1,1,1,1,1,1,1,1,2,1,1,718323.886,4369276.53,18.929,Pri,71972,0,0,0,7,1
14233,4,2008460006914,3,10,14,3,2,1,2,CV-36,2.1,2,1,1,1,2,3,2,3,4,2,2,1,1,2,2,7,7,8,3,2,1,9,14,3,1,3,NaN,2,3,NaN,,NaN,,NaN,,NaN,NaN,NaN,NaN,2,4,2,1,1,1,1,1,1,1,1,1,1,1,1,1,1,1,1,2,1,2,718509.917,4369348.345,14.33,Pri,71972,0,0,3,7,1