Id,Ano,Numero_Accidente,Provincia,Mes,Dia,Hora,Dia_Semana,Tipo_Dia,Vehiculos_Implicados,Carretera,Pk,Km,Hm,Sentido,Zona,Tipo_Via,Anchura_Calzada,Anchura_Carril,Marcas_Viales,Arcen,Arcen_Pavimentado,Mediana,Barrera_Seguridad,Paneles_Direccionales,Hitos_Arista,Captafaros,Interseccion_Tipo,Interseccion_Acondicionamiento,Prioridad_Regulada_por,Superficie,Luminosidad,Factores_Atmosfericos,Visibilidad_Restringida_por,Otras_Circunstancias,Senalizacion_Peligro,Aceras,Arboles,Arboles_Metros_Calzada,Visibilidad_Senalizacion_Vertical,Colision_Vehiculos_Marcha,Colision_Vehiculo_Obstaculo_1,Colision_Vehiculo_Obstaculo_2,Atropello_1,Atropello_2,Vuelco_1,Vuelco_2,Salida_Sin_Colision,Salida_Con_Colision,Lado_Salida,Otro,Circulacion,Circulacion_Medidas_Especiales,Distraccion,Inexperiencia_Conductor,Alcohol_Drogas,Cansancio_Sueno,Enfermedad,Velocidad_Inadecuada,Infraccion_Norma_Circulacion,Estado_Condicion_Via,Estado_Condicion_Senalizacion,Tramo_Obras,Mal_Estado_Vehiculo,Averia_Mecanica,Meteorologia_Adversa,Irrupcion_Animal,Circular_Sentido_Contrario,Otro_Factor,Sin_Opinion_Definida,Pendiente,Curvatura,Peralte,GPS_x,GPS_y,GPS_z,Tipo_Est,IMD,N_Muertos,N_Graves,N_Leves,Hora_Real,Fuera_o_Interseccion
14235,4,2008460006923,3,10,16,6,4,1,1,CV-35,9,9,0,0,1,2,3,2,3,3,2,2,2,2,2,1,1,1,8,1,3,1,9,14,3,1,1,NaN,1,NaN,NaN,,NaN,,NaN,,NaN,NaN,NaN,71,1,4,1,1,1,1,1,1,1,1,1,1,1,2,1,1,1,1,1,2,1,1,717369.299,4381014.853,95.977,Per,62359,0,0,0,19,6
14237,4,2008460006930,3,10,19,6,7,3,2,CV-686,2.2,2,2,1,1,5,3,2,3,3,2,1,1,1,1,1,2,5,3,3,1,4,9,14,2,1,1,NaN,1,2,NaN,,NaN,,NaN,,NaN,NaN,NaN,NaN,1,4,2,1,1,1,1,1,1,1,1,1,1,1,1,1,1,1,1,2,1,1,742494.311,4314009.518,22.56,Cob,18552,0,0,0,18,6
14239,4,2008460006931,3,10,18,4,6,2,2,CV-60,18,18,0,1,1,5,3,2,3,3,2,1,1,1,1,1,7,7,5,1,1,1,9,14,3,1,1,NaN,1,3,NaN,,NaN,,NaN,,NaN,NaN,NaN,NaN,1,4,2,1,1,1,1,1,2,1,1,1,1,1,1,1,1,2,1,2,1,1,729414.707,4308033.624,258.074,Cob,9487,0,0,0,11,1
14241,4,2008460006935,3,10,13,3,1,1,2,CV-35,7,7,0,0,1,2,2,2,3,3,2,1,1,1,1,1,5,1,4,1,1,1,9,14,1,1,1,NaN,1,4,NaN,,NaN,,NaN,,NaN,NaN,NaN,NaN,1,4,2,1,1,1,1,1,1,1,1,1,1,1,1,1,1,2,1,2,1,1,719044.781,4379971.63,80.6,Per,100952,0,0,1,9,6
14242,4,2008460006956,3,10,16,2,4,1,1,CV-35,11.9,11,9,0,1,2,3,2,3,4,2,2,2,1,2,2,4,6,8,1,3,1,9,14,3,1,1,NaN,1,NaN,NaN,,NaN,,NaN,,NaN,64,60,NaN,1,4,1,1,1,1,1,1,2,1,1,1,1,1,1,1,1,1,1,2,1,1,714952.288,4382463.796,91.883,Per,97287,0,0,0,6,6
14245,4,2008460006965,3,10,20,4,1,1,2,CV-81,16.8,16,8,1,1,5,3,2,3,3,2,1,1,1,2,2,6,6,3,3,1,4,9,14,3,1,1,NaN,2,2,NaN,,NaN,,NaN,,NaN,NaN,NaN,NaN,1,4,2,1,1,1,1,1,1,1,1,1,1,1,1,1,1,1,1,2,1,1,686392.779,4280953.649,502.967,Pri,5084,0,0,1,14,6
14247,4,2008460006984,3,10,17,6,5,1,2,CV-500,27.3,27,3,0,1,5,2,2,3,3,2,1,1,1,1,1,7,7,8,1,1,1,9,14,3,1,1,NaN,1,1,NaN,,NaN,,NaN,,NaN,NaN,NaN,NaN,1,4,2,1,1,1,1,1,1,1,1,1,1,1,1,1,1,1,1,2,1,1,732771.059,4344582.762,-9.991,Cob,7846,0,0,1,19,1
14251,4,2008460006990,3,10,17,4,5,1,4,CV-35,16.8,16,8,1,1,2,3,2,3,4,2,2,2,2,2,2,7,7,8,1,1,1,9,8,1,1,1,NaN,2,5,NaN,,NaN,,NaN,,NaN,NaN,NaN,NaN,2,4,1,1,1,1,1,1,1,1,1,1,1,1,1,1,1,1,2,2,1,1,662732.309,4416720.669,870.491,Per,51759,0,0,0,12,1
14254,4,2008460006992,3,10,17,4,5,1,2,CV-35,17.8,17,8,1,1,2,3,2,3,4,2,2,2,2,2,2,7,7,8,1,1,1,9,14,3,1,1,NaN,1,4,NaN,,NaN,,NaN,,NaN,NaN,NaN,NaN,2,4,2,1,1,1,1,1,1,1,1,1,1,1,1,1,1,2,1,2,2,1,663047.261,4415963.714,836.411,Per,51759,0,0,0,13,1
14257,4,2008460006993,3,10,17,4,5,1,3,CV-35,4,4,0,1,1,2,3,2,3,4,2,2,2,2,2,2,7,7,8,1,1,1,9,14,3,1,1,NaN,1,5,NaN,,NaN,,NaN,,NaN,NaN,NaN,NaN,2,4,2,1,1,1,1,1,1,1,1,1,1,1,1,1,1,1,1,2,2,2,654769.303,4422941.759,930.62,Per,127608,0,0,0,14,1
14259,4,2008460007010,3,10,22,3,3,1,2,CV-60,17.8,17,8,0,1,5,2,2,3,3,2,1,2,1,1,2,7,7,8,1,2,1,9,14,2,1,1,NaN,1,4,NaN,,NaN,,NaN,,NaN,NaN,NaN,NaN,1,4,1,1,1,1,1,1,2,1,1,1,1,1,1,1,1,1,1,2,1,1,727090.51,4306908.756,264.527,Cob,9487,0,0,0,8,1
14261,4,2008460007023,3,10,22,5,3,1,2,CV-40,13,13,0,1,1,2,3,2,3,4,2,2,2,1,2,2,7,7,5,3,1,4,9,2,1,1,1,NaN,2,2,NaN,,NaN,,NaN,,NaN,NaN,NaN,NaN,1,4,1,1,1,1,1,2,1,1,1,1,1,1,1,1,1,1,1,2,1,2,710395.015,4309070.446,282.65,Cob,22336,0,0,0,15,1
14263,4,2008460007066,3,10,19,1,7,3,1,CV-31,2.5,2,5,1,1,5,3,2,3,4,2,1,2,1,1,1,7,7,5,3,3,4,9,14,3,1,3,NaN,2,NaN,NaN,,NaN,,NaN,,NaN,64,60,NaN,1,4,1,1,1,1,1,1,1,1,1,1,1,1,2,1,1,1,1,2,1,1,720788.191,4376506.447,23.135,Cob,51056,0,0,2,2,2
14265,4,2008460007071,3,10,20,1,1,4,1,CV-36,4,4,0,0,1,2,3,2,3,4,2,2,2,1,2,2,7,7,8,3,5,4,9,14,2,1,1,NaN,1,NaN,NaN,,NaN,,NaN,,NaN,62,60,NaN,1,4,1,1,1,1,1,1,1,1,1,1,1,1,1,1,1,2,1,2,1,1,714222.39,4369223.546,50.385,Cob,38015,0,0,0,4,1
14266,4,2008460007072,3,10,20,6,1,1,1,CV-365,2,2,0,0,1,5,2,3,3,1,2,1,1,1,1,1,7,7,5,1,3,1,9,14,3,1,3,NaN,2,NaN,30,32,NaN,,NaN,,NaN,NaN,NaN,NaN,1,4,1,1,1,1,1,1,1,1,1,1,1,1,1,1,1,1,2,2,1,1,719949.158,4376743.767,65.467,Sec,45897,0,0,0,22,1
14271,4,2008460007085,3,10,24,1,5,1,1,CV-60,18.8,18,8,1,1,5,3,2,2,4,2,1,2,1,2,2,7,7,8,3,4,4,9,14,3,1,1,NaN,1,NaN,NaN,,21,24,NaN,,NaN,NaN,NaN,NaN,1,4,1,1,1,1,1,1,1,1,1,1,1,1,1,2,1,1,1,2,1,1,728683.358,4307539.212,283.825,Cob,9487,0,0,0,23,1
14272,4,2008460007086,3,10,24,3,5,2,1,CV-590,51.5,51,5,1,1,5,3,2,3,3,2,1,1,1,1,1,7,7,8,3,2,4,9,14,3,1,1,NaN,2,NaN,NaN,,21,24,NaN,,NaN,NaN,NaN,NaN,1,4,1,1,1,1,1,1,1,1,1,1,1,1,1,2,1,1,1,2,1,1,676350.335,4320449.542,948.217,Cob,5352,0,0,0,8,1
14273,4,2008460007094,3,10,26,6,7,3,1,CV-333,2,2,0,0,1,5,3,2,3,3,2,1,1,1,1,1,7,7,8,1,4,1,9,14,3,1,3,NaN,1,NaN,NaN,,21,24,NaN,,NaN,NaN,NaN,NaN,1,4,1,1,1,1,1,1,1,1,1,1,1,1,1,2,1,1,1,2,1,1,717276.219,4387860.046,92.906,Pri,4623,0,0,0,21,1
14274,4,2008460007102,3,10,20,6,1,1,1,CV-35,15,15,0,0,1,2,3,1,3,4,2,2,2,2,2,2,7,7,8,1,1,1,9,14,3,1,1,NaN,1,NaN,NaN,,NaN,,NaN,,NaN,52,50,NaN,1,4,1,2,1,2,1,1,1,1,1,1,1,1,1,1,1,1,1,2,1,1,712443.922,4384231.652,90.159,Per,78771,0,0,0,18,1
14276,4,2008460007103,3,10,27,3,1,4,2,CV-32,0.1,0,1,0,1,5,3,2,3,1,2,1,1,1,1,1,7,7,8,1,1,1,9,14,1,1,3,NaN,2,4,NaN,,NaN,,NaN,,NaN,NaN,NaN,NaN,3,4,2,1,1,1,1,1,1,1,1,1,1,1,1,1,1,1,1,2,2,1,732487.812,4381701.311,-18.875,Per,23936,0,0,0,8,1
14278,4,2008460007119,3,10,19,6,7,3,2,CV-35,5,5,0,1,1,2,3,2,3,4,2,2,2,1,2,2,7,7,8,3,4,4,9,14,3,1,1,NaN,2,4,NaN,,NaN,,NaN,,NaN,NaN,NaN,NaN,2,4,1,1,1,1,1,1,1,1,1,1,1,1,1,1,1,1,2,2,1,1,655684.852,4423022.859,935.81,Per,87297,0,0,0,20,1
14279,4,2008460007134,3,10,22,3,3,1,1,CV-390,4.6,4,6,0,1,5,2,3,4,1,2,1,1,1,1,1,7,7,8,3,4,4,4,14,3,1,1,NaN,1,NaN,NaN,,NaN,,NaN,,NaN,64,60,NaN,1,4,2,1,1,1,1,1,1,1,1,1,1,1,2,1,1,1,1,2,2,3,665548.963,4404221.946,592.808,Cob,207,0,0,0,7,2
14280,4,2008460007135,3,10,21,5,2,1,1,CV-515,2.3,2,3,0,1,5,2,3,2,1,2,1,1,1,1,1,7,7,8,6,1,1,9,8,1,1,1,NaN,2,NaN,NaN,,NaN,,NaN,,66,NaN,60,NaN,1,4,1,1,1,1,1,1,1,1,1,1,1,1,1,1,1,1,2,2,1,1,724511.069,4342753.461,1.519,Cob,4232,0,0,0,16,2
14282,4,2008460007138,3,10,25,1,6,2,2,CV-50,74,74,0,1,1,5,3,2,3,1,2,1,1,1,2,1,2,1,3,1,5,1,9,14,1,1,3,NaN,2,2,NaN,,NaN,,NaN,,NaN,NaN,NaN,NaN,2,3,1,1,1,1,1,1,2,1,1,1,1,1,1,1,1,1,1,2,1,1,723088.946,4335446.576,2.863,Cob,4246,0,0,1,1,6
14286,4,2008460007157,3,10,21,6,2,1,4,CV-35,3.6,3,6,1,1,2,3,2,3,4,2,2,2,1,2,2,7,7,8,1,2,1,9,14,3,1,1,NaN,2,5,NaN,,NaN,,NaN,,NaN,NaN,NaN,NaN,2,4,2,2,1,1,1,1,2,1,1,1,1,1,1,1,1,1,1,2,1,1,654573.541,4422927.151,910.747,Per,127608,0,0,0,19,1
14287,4,2008460007159,3,10,21,6,2,1,1,CV-42,9.5,9,5,0,1,5,3,2,3,3,2,1,1,1,1,1,7,7,8,1,1,1,9,14,3,1,1,NaN,2,NaN,NaN,,NaN,,NaN,,NaN,63,60,NaN,1,4,1,1,1,1,1,1,1,1,1,1,1,1,1,2,1,1,1,2,1,1,722599.874,4345393.611,-5.68,Cob,8736,0,0,0,17,1
14290,4,2008460007169,3,10,24,2,5,1,3,CV-35,3.5,3,5,1,1,2,3,2,3,4,2,2,2,2,2,2,7,7,8,3,4,4,9,14,3,1,1,NaN,2,2,NaN,,NaN,,NaN,,NaN,NaN,NaN,NaN,1,4,2,1,1,1,1,1,1,1,1,1,1,2,1,1,1,2,1,2,2,1,654507.777,4422863.684,906.357,Per,127608,0,0,0,6,2
14292,4,2008460007172,3,10,24,5,5,1,2,CV-400,1,1,0,1,1,5,3,2,3,3,2,2,2,2,2,2,5,1,4,3,1,4,9,14,1,1,1,NaN,1,3,NaN,,NaN,,NaN,,NaN,NaN,NaN,NaN,1,4,1,1,1,1,1,1,2,1,1,1,1,1,1,1,1,1,1,2,2,2,722559.872,4364771.622,-7.809,Sec,50900,0,0,0,15,6
14294,4,2008460007179,3,10,27,6,1,4,2,CV-410,0,0,0,0,1,5,3,2,3,4,2,1,1,1,1,1,6,6,8,1,1,1,9,14,1,1,1,NaN,2,2,NaN,,NaN,,NaN,,NaN,NaN,NaN,NaN,1,4,1,1,1,1,1,1,2,1,1,1,1,1,1,1,1,1,1,2,2,1,718958.306,4369970.248,22.328,Cob,13292,0,1,0,18,7
14296,4,2008460007183,3,10,28,6,2,1,2,CV-81,15.4,15,4,0,1,5,3,2,3,3,2,1,1,1,2,2,2,5,3,3,5,4,9,14,1,1,1,NaN,2,2,NaN,,NaN,,NaN,,NaN,NaN,NaN,NaN,1,4,1,1,1,1,1,1,2,1,1,1,1,1,1,1,1,1,1,2,1,1,706964.268,4292790.279,611.609,Pri,5084,0,0,0,18,6
14297,4,2008460007184,3,10,26,6,7,3,1,CV-686,2.8,2,8,1,1,5,3,2,3,3,2,1,1,1,1,1,7,7,7,1,5,1,9,14,2,1,1,NaN,2,NaN,NaN,,21,24,NaN,,NaN,NaN,NaN,NaN,1,4,1,1,1,1,1,1,1,1,1,1,1,1,1,2,1,1,1,2,1,1,742090.881,4313584.368,25.366,Cob,18552,0,0,0,21,1
14298,4,2008460007190,3,10,26,1,7,3,1,CV-32,9.5,9,5,1,1,5,3,2,3,4,2,1,1,2,1,1,7,7,8,1,5,1,9,14,1,1,1,NaN,2,NaN,NaN,,NaN,,NaN,,NaN,63,60,NaN,1,4,2,1,1,1,1,1,1,1,1,1,1,1,1,1,1,1,1,2,1,1,731731.789,4381715.255,-17.33,NaN,0,0,0,0,2,1
14299,4,2008460007192,3,10,27,3,1,4,1,CV-500,11.8,11,8,1,1,5,2,2,3,3,2,1,1,1,2,2,7,7,8,1,2,1,9,14,2,1,1,NaN,2,NaN,NaN,,NaN,,NaN,,NaN,53,50,NaN,1,4,2,1,1,1,1,1,1,1,1,1,1,1,1,1,1,1,1,2,1,1,734386.41,4352464.382,-17.906,Sec,11773,0,0,0,7,2
14301,4,2008460007193,3,10,25,1,6,2,1,CV-35,17.3,17,3,1,1,2,3,2,3,4,2,2,2,2,2,2,7,7,8,3,4,4,9,14,3,1,1,NaN,1,NaN,NaN,,NaN,,12,9,NaN,NaN,NaN,NaN,1,4,2,2,2,1,1,2,1,1,1,1,1,1,1,1,1,1,1,1,3,3,662914.571,4416305.395,853.182,Per,51759,0,0,1,1,1
14302,4,2008460007201,3,10,25,3,6,2,1,CV-35,16.8,16,8,0,1,2,3,2,3,4,2,2,2,2,2,2,7,7,8,3,1,4,9,14,3,1,1,NaN,1,NaN,NaN,,NaN,,NaN,,NaN,52,50,NaN,1,4,1,1,1,1,1,1,1,1,1,1,1,2,1,1,1,1,1,2,1,1,711238.845,4385523.926,90.404,Per,51759,0,0,1,9,1
14306,4,2008460007208,3,10,27,6,1,4,4,CV-35,5.6,5,6,1,1,2,3,2,3,4,2,2,2,1,2,2,7,7,8,1,3,1,9,14,3,1,1,NaN,1,5,NaN,,NaN,,NaN,,NaN,NaN,NaN,NaN,2,4,2,1,1,1,1,1,1,1,1,1,1,1,1,1,1,1,1,2,2,2,656247.515,4423100.513,944.494,Per,87297,0,0,0,18,1
14307,4,2008460007221,3,10,26,1,7,3,1,CV-35,27,27,0,1,1,2,3,2,3,4,2,2,2,2,2,2,4,1,5,1,5,1,9,14,1,1,3,NaN,2,NaN,NaN,,NaN,,NaN,,NaN,54,50,NaN,1,4,1,1,2,1,1,2,1,1,1,1,1,1,1,1,1,1,1,2,2,3,663174.601,4408264.614,788.81,Per,15481,0,0,0,23,6
14308,4,2008460007222,3,10,26,3,7,3,1,CV-50,52.5,52,5,1,1,5,2,3,3,1,2,1,1,1,2,1,7,7,8,1,2,1,9,14,3,1,1,NaN,1,NaN,NaN,,NaN,,NaN,,NaN,64,60,NaN,1,4,2,1,1,2,1,1,1,1,1,1,1,1,1,1,1,1,1,2,1,1,709361.102,4349936.344,78.392,Cob,1481,0,0,1,7,1
14310,4,2008460007227,3,10,28,6,2,1,2,CV-500,27.3,27,3,0,1,5,3,2,3,3,2,1,1,1,1,1,1,1,8,3,1,4,9,14,3,1,1,NaN,1,2,NaN,,NaN,,NaN,,NaN,NaN,NaN,NaN,1,4,2,1,1,1,1,1,2,1,1,1,1,1,1,1,1,1,1,2,1,1,732771.059,4344582.762,-9.991,Cob,7846,0,0,0,17,7
14312,4,2008460007229,3,10,27,5,1,4,2,CV-32,7,7,0,0,1,5,3,2,3,4,2,2,2,1,2,2,7,7,7,1,1,1,9,14,3,1,1,NaN,1,3,NaN,,NaN,,NaN,,NaN,NaN,NaN,NaN,1,4,2,1,1,1,1,1,1,1,1,1,1,1,1,1,1,1,1,2,1,1,727337.107,4385191.302,8.72,Sec,21131,0,0,0,15,2
14313,4,2008460007250,3,10,30,4,4,1,1,CV-686,3.5,3,5,0,1,5,1,2,4,3,2,1,1,1,1,2,4,3,6,1,1,1,9,14,1,2,1,NaN,2,NaN,NaN,,21,21,NaN,,NaN,NaN,NaN,NaN,1,4,2,1,1,1,1,1,2,1,1,1,1,1,1,1,1,1,1,2,2,1,743608.789,4315901.824,7.837,Cob,18552,0,0,1,12,6
14314,4,2008460007273,3,10,30,3,4,1,1,CV-41,7,7,0,1,1,5,2,2,3,3,2,1,1,1,2,2,5,2,4,1,1,1,9,14,1,1,1,NaN,2,NaN,NaN,,21,21,NaN,,NaN,NaN,NaN,NaN,1,4,1,1,1,1,1,1,1,1,1,1,1,1,1,1,1,2,1,2,1,1,716458.492,4325215.08,31.39,Pri,10358,0,0,0,8,6
14318,4,2008460007275,3,10,30,3,4,1,4,CV-35,11.1,11,1,1,1,2,3,2,3,4,2,2,2,2,2,2,7,7,5,1,1,1,9,14,3,1,3,NaN,2,5,NaN,,NaN,,NaN,,NaN,NaN,NaN,NaN,1,4,2,1,1,1,1,1,2,1,1,1,1,1,1,1,1,1,1,2,1,1,660434.567,4420811.591,905.245,Per,97287,0,0,0,8,1
14319,4,2008460007277,3,10,31,1,5,2,1,CV-666,0.2,0,2,1,1,5,3,2,3,3,2,1,1,2,1,1,7,7,8,1,5,1,2,14,2,1,2,5,2,NaN,NaN,,NaN,,NaN,,56,NaN,50,NaN,1,4,1,1,1,1,1,2,1,1,1,1,1,1,1,1,1,1,1,2,1,1,715379.638,4301931.184,308.653,NaN,0,0,1,0,2,4
14322,4,2008460007343,3,10,31,5,5,1,2,CV-407,2.8,2,8,0,1,5,1,1,4,3,2,1,2,2,2,1,5,1,4,1,1,1,9,14,1,1,1,NaN,2,4,NaN,,NaN,,NaN,,NaN,NaN,NaN,NaN,1,4,2,1,1,1,1,1,1,1,1,1,1,1,1,1,1,1,1,2,1,1,723528.654,4368398.55,-0.889,Cob,12486,0,0,0,16,6
14324,4,2008460007345,3,10,31,6,5,1,2,CV-400,2,2,0,0,1,5,3,2,3,3,2,1,2,1,2,1,5,1,8,1,3,1,9,14,3,1,1,NaN,1,3,NaN,,NaN,,NaN,,NaN,NaN,NaN,NaN,1,4,2,1,1,1,1,1,1,1,1,1,1,1,1,1,1,1,1,2,1,1,723626.268,4367795.379,-1.376,Pri,33544,0,0,0,21,6
14326,4,2008460007349,3,10,31,4,5,1,2,CV-32,0.5,0,5,0,1,5,3,2,3,3,2,1,1,2,2,2,5,1,4,3,1,1,9,14,3,1,3,NaN,2,NaN,NaN,,NaN,,NaN,,NaN,63,60,NaN,1,4,1,1,1,1,1,1,1,2,1,1,1,1,1,1,1,1,1,2,2,1,732099.951,4381729.04,-19.267,Per,23936,0,0,0,11,6
14329,4,2008460007355,3,11,2,3,7,3,1,CV-33,6.8,6,8,0,1,5,3,2,3,3,2,2,2,1,2,1,7,7,8,3,1,9,9,14,3,1,1,NaN,1,NaN,NaN,,NaN,,NaN,,NaN,64,60,NaN,1,4,1,1,1,1,1,2,1,1,1,1,1,1,1,1,1,1,1,2,1,1,719673.344,4367419.915,17.387,Pri,53690,0,0,0,7,2
14331,4,2008460007372,3,11,4,5,2,1,2,CV-686,1.2,1,2,0,1,5,3,2,3,3,2,1,2,1,1,1,4,1,8,3,1,4,9,14,3,1,1,NaN,1,NaN,NaN,,NaN,,NaN,,NaN,NaN,NaN,71,1,4,1,1,1,1,1,1,2,1,1,1,1,1,1,1,1,1,1,2,1,1,742461.059,4313941.218,22.293,Cob,18552,0,0,1,16,6
14335,4,2008460007373,3,11,3,3,1,4,4,CV-35,8.5,8,5,0,1,2,3,2,3,4,2,2,2,1,2,2,4,1,5,1,1,1,9,14,3,1,3,NaN,2,5,NaN,,NaN,,NaN,,NaN,NaN,NaN,NaN,3,4,2,1,1,1,1,1,1,1,1,1,1,1,1,1,1,1,1,2,1,1,717826.914,4380824.516,93.928,Per,62359,0,0,0,9,6
14338,4,2008460007375,3,10,25,1,6,2,2,CV-50,81.7,81,7,1,1,5,3,2,3,3,2,1,2,1,1,1,7,7,8,1,5,1,9,14,2,1,1,NaN,1,2,NaN,,NaN,,NaN,,NaN,NaN,NaN,NaN,1,4,1,1,1,1,1,1,2,1,1,1,1,1,1,1,1,1,1,2,1,1,728639.547,4330606.508,60.067,Cob,4246,0,2,0,2,2
14340,4,2008460007394,3,11,2,3,7,3,1,CV-35,5,5,0,1,1,2,3,2,3,4,2,2,2,2,2,2,7,7,8,3,3,5,9,14,3,1,1,NaN,2,NaN,NaN,,NaN,,NaN,,NaN,54,50,NaN,1,4,2,2,2,1,1,2,1,2,1,1,1,1,1,1,1,1,1,2,1,1,655684.852,4423022.859,935.81,Per,87297,0,0,0,7,2
14342,4,2008460007426,3,11,6,3,4,1,2,CV-35,11.3,11,3,1,1,2,3,2,3,5,2,2,2,2,2,2,7,7,8,1,1,1,9,14,3,1,1,NaN,2,4,NaN,,NaN,,NaN,,NaN,NaN,NaN,NaN,3,4,2,1,1,1,1,1,1,1,1,1,1,1,1,1,1,1,1,2,1,1,660538.354,4420793.913,905.577,Per,97287,0,1,0,8,1
14344,4,2008460007446,3,11,5,4,3,1,2,CV-410,4,4,0,0,1,5,2,2,3,3,2,2,2,2,2,2,5,1,4,1,1,1,9,14,1,1,1,NaN,2,4,NaN,,NaN,,NaN,,NaN,NaN,NaN,NaN,1,4,1,1,1,1,1,1,2,1,1,1,1,1,1,1,1,1,1,2,2,1,717332.473,4372266.354,36.033,Pri,30175,0,0,0,12,6
14346,4,2008460007447,3,11,5,4,3,1,2,CV-407,1.2,1,2,0,1,5,3,2,3,4,2,1,1,1,1,1,7,7,8,1,1,1,9,14,2,1,1,NaN,2,4,NaN,,NaN,,NaN,,NaN,NaN,NaN,NaN,1,4,1,1,1,1,1,2,1,1,1,1,1,1,1,1,1,1,1,2,1,1,722037.851,4368468.549,8.648,Cob,12486,0,0,2,12,1
14347,4,2008460007450,3,11,3,4,1,4,1,CV-32,1.5,1,5,1,1,5,3,2,3,4,2,2,2,1,2,2,7,7,8,1,1,1,9,14,2,1,1,NaN,2,NaN,NaN,,NaN,,NaN,,NaN,52,50,NaN,1,4,2,1,1,1,1,1,1,1,1,1,1,1,1,1,1,1,1,2,1,1,726020.322,4386310.459,40.295,Per,23936,0,0,1,13,1
14349,4,2008460007469,3,11,4,2,2,1,2,CV-32,0.5,0,5,0,1,5,3,2,3,3,2,2,2,2,2,2,5,1,8,1,3,1,9,14,1,1,1,NaN,2,3,NaN,,NaN,,NaN,,NaN,NaN,NaN,NaN,1,4,1,1,1,1,1,1,2,1,1,1,1,1,1,1,1,1,1,2,2,1,732099.951,4381729.04,-19.267,Per,23936,0,0,0,6,6
14351,4,2008460007489,3,11,7,4,5,1,2,CV-41,15.8,15,8,1,1,5,3,2,3,3,2,1,1,1,1,2,1,6,3,1,1,1,9,14,1,1,3,NaN,2,4,NaN,,NaN,,NaN,,NaN,NaN,NaN,NaN,1,4,1,1,1,1,1,1,2,1,1,1,1,1,1,1,1,1,1,2,1,1,719310.415,4332471.623,-0.182,Cob,8790,0,0,1,14,6
14354,4,2008460007494,3,11,8,4,6,2,2,CV-245,8.8,8,8,0,1,5,2,2,3,1,2,1,2,2,2,2,7,7,8,1,1,1,9,14,1,1,3,NaN,2,NaN,30,29,NaN,,NaN,,NaN,NaN,NaN,NaN,1,3,1,1,1,1,1,1,2,1,1,1,1,1,1,1,1,1,1,2,2,2,696712.82,4402567.904,534.824,Cob,327,0,0,0,13,2
14358,4,2008460007495,3,11,8,4,6,2,2,CV-245,8.9,8,9,0,1,5,2,2,3,1,2,1,2,2,1,1,7,7,8,1,1,1,2,4,1,1,3,NaN,2,3,NaN,,NaN,,NaN,,NaN,NaN,NaN,NaN,1,1,1,1,1,1,1,2,1,1,1,1,1,1,1,1,1,2,1,2,1,2,696679.164,4402648.989,543.597,Cob,327,1,0,0,12,4
14359,4,2008460007497,3,11,6,4,4,1,1,CV-35,29.8,29,8,1,1,2,3,2,3,3,2,2,2,1,2,1,7,7,8,1,1,1,9,14,3,1,1,NaN,1,NaN,NaN,,NaN,,12,9,NaN,NaN,NaN,NaN,1,4,1,1,1,1,1,2,1,1,1,1,1,1,1,1,1,1,1,2,1,2,664841.362,4406636.86,663.037,Per,15481,0,0,1,14,1
14361,4,2008460007498,3,11,6,6,4,1,1,CV-35,9,9,0,1,1,2,3,2,3,3,2,2,2,1,2,1,7,7,8,1,3,1,9,14,3,1,1,NaN,1,NaN,NaN,,NaN,,12,9,NaN,NaN,NaN,NaN,1,4,2,1,1,1,1,1,1,1,1,1,1,1,1,1,1,1,1,2,1,1,658497.987,4421757.959,958.721,Per,62359,0,0,0,20,1
14363,4,2008460007503,3,11,6,3,4,1,2,CV-365,0.4,0,4,0,1,5,3,2,3,3,2,2,2,2,2,1,7,7,8,1,1,1,2,13,1,1,1,NaN,2,3,NaN,,NaN,,NaN,,NaN,NaN,NaN,NaN,1,4,2,1,1,1,1,2,1,2,1,1,1,1,1,1,1,1,1,2,1,2,721394.787,4376795.691,35.22,Cob,39072,0,0,0,10,5
14365,4,2008460007512,3,11,9,3,7,3,2,CV-40,13,13,0,0,1,2,3,2,4,1,2,1,1,1,1,1,5,1,8,1,1,1,9,14,1,1,3,NaN,2,3,NaN,,NaN,,NaN,,NaN,NaN,NaN,NaN,1,4,1,1,1,1,1,1,2,1,1,1,1,1,1,1,1,1,1,2,1,1,710304.6,4308706.481,259.328,Cob,22336,0,0,1,9,6
14369,4,2008460007542,3,11,8,6,6,2,2,CV-50,84,84,0,0,1,5,3,2,3,2,2,1,1,2,2,1,5,1,8,1,5,1,9,14,3,1,1,NaN,1,3,NaN,,NaN,,NaN,,NaN,NaN,NaN,NaN,1,4,1,1,1,1,1,1,2,1,1,1,1,1,1,1,1,2,1,2,1,1,702867.704,4380888.212,117.917,Cob,4246,0,0,0,18,6
14375,4,2008460007544,3,11,9,6,7,3,3,CV-35,9.1,9,1,1,1,2,3,2,3,4,2,2,2,1,2,1,7,7,8,1,5,1,9,14,2,1,1,NaN,1,5,NaN,,NaN,,NaN,,NaN,NaN,NaN,NaN,1,4,2,1,1,1,1,1,2,1,1,1,1,1,1,1,1,1,1,2,1,1,658670.914,4421665.557,949.739,Per,62359,0,0,2,19,1