Id,Ano,Numero_Accidente,Provincia,Mes,Dia,Hora,Dia_Semana,Tipo_Dia,Vehiculos_Implicados,Carretera,Pk,Km,Hm,Sentido,Zona,Tipo_Via,Anchura_Calzada,Anchura_Carril,Marcas_Viales,Arcen,Arcen_Pavimentado,Mediana,Barrera_Seguridad,Paneles_Direccionales,Hitos_Arista,Captafaros,Interseccion_Tipo,Interseccion_Acondicionamiento,Prioridad_Regulada_por,Superficie,Luminosidad,Factores_Atmosfericos,Visibilidad_Restringida_por,Otras_Circunstancias,Senalizacion_Peligro,Aceras,Arboles,Arboles_Metros_Calzada,Visibilidad_Senalizacion_Vertical,Colision_Vehiculos_Marcha,Colision_Vehiculo_Obstaculo_1,Colision_Vehiculo_Obstaculo_2,Atropello_1,Atropello_2,Vuelco_1,Vuelco_2,Salida_Sin_Colision,Salida_Con_Colision,Lado_Salida,Otro,Circulacion,Circulacion_Medidas_Especiales,Distraccion,Inexperiencia_Conductor,Alcohol_Drogas,Cansancio_Sueno,Enfermedad,Velocidad_Inadecuada,Infraccion_Norma_Circulacion,Estado_Condicion_Via,Estado_Condicion_Senalizacion,Tramo_Obras,Mal_Estado_Vehiculo,Averia_Mecanica,Meteorologia_Adversa,Irrupcion_Animal,Circular_Sentido_Contrario,Otro_Factor,Sin_Opinion_Definida,Pendiente,Curvatura,Peralte,GPS_x,GPS_y,GPS_z,Tipo_Est,IMD,N_Muertos,N_Graves,N_Leves,Hora_Real,Fuera_o_Interseccion
14376,4,2008460007561,3,11,9,3,7,3,1,CV-40,5.5,5,5,0,1,2,3,1,3,4,2,2,2,1,2,2,7,7,8,1,1,1,9,14,3,1,3,NaN,2,NaN,NaN,,21,24,NaN,,NaN,NaN,NaN,NaN,1,4,1,1,1,1,1,1,1,1,1,1,1,1,1,2,1,1,1,2,1,2,710780.459,4315136.3,132.118,Per,0,0,0,0,8,2
14378,4,2008460007572,3,11,8,1,6,2,2,CV-235,24.1,24,1,0,1,5,3,3,3,1,2,1,1,1,1,1,7,7,8,1,1,1,9,14,1,1,1,NaN,2,2,NaN,,NaN,,NaN,,NaN,NaN,NaN,NaN,1,4,1,1,1,1,1,2,2,1,1,1,1,1,1,1,1,1,1,2,1,1,697661.064,4411957.982,908.052,Cob,155,0,0,2,0,4
14379,4,2008460007573,3,11,11,1,2,1,1,CV-50,70.9,70,9,0,1,5,3,2,3,3,2,1,2,1,2,2,7,7,8,1,4,1,9,14,3,1,1,NaN,2,NaN,NaN,,NaN,,NaN,,NaN,54,50,NaN,1,4,2,1,1,1,1,1,1,1,1,1,1,1,1,1,1,1,1,2,1,1,698688.908,4370108.048,232.826,Sec,6123,0,0,0,4,1
14381,4,2008460007585,3,11,9,3,7,3,1,CV-500,21.3,21,3,1,1,5,3,2,3,3,2,1,1,2,1,1,5,1,8,1,1,1,9,14,1,1,1,NaN,2,NaN,NaN,,21,21,NaN,,NaN,NaN,NaN,NaN,1,4,1,1,1,1,1,1,1,1,1,1,1,1,1,1,1,2,1,2,1,1,730311.875,4360812.097,-21.051,Cob,8018,0,0,2,8,6
14382,4,2008460007586,3,11,8,3,6,2,1,CV-550,3,3,0,1,1,5,3,2,4,3,2,1,1,2,2,2,5,6,4,3,1,4,9,14,1,1,1,NaN,2,NaN,NaN,,NaN,,NaN,,NaN,54,50,NaN,1,4,2,1,1,1,1,1,1,1,1,1,1,1,1,1,1,1,1,2,1,1,718482.973,4335507.363,-9.105,Cob,14067,0,0,0,9,6
14385,4,2008460007599,3,11,11,3,2,1,3,CV-35,11.5,11,5,0,1,2,3,2,2,4,1,2,2,2,2,2,7,7,8,1,1,1,9,14,3,1,1,NaN,1,3,NaN,,NaN,,NaN,,NaN,NaN,NaN,NaN,1,4,2,1,1,1,1,1,1,1,1,1,1,1,1,1,1,1,1,2,1,1,715236.341,4382187.139,90.677,Per,97287,0,0,0,7,1
14386,4,2008460007638,3,11,12,3,3,1,1,CV-31,1.5,1,5,0,1,5,3,2,3,4,2,2,2,2,2,2,4,1,8,1,1,1,9,14,3,1,1,NaN,2,NaN,NaN,,NaN,,NaN,,NaN,54,50,NaN,1,4,1,1,1,1,1,1,1,1,1,1,1,1,1,1,1,1,2,2,1,1,721055.603,4375802.202,17.615,Cob,41907,0,0,1,9,6
14387,4,2008460007641,3,11,12,4,3,1,1,CV-35,3.5,3,5,1,1,2,3,2,3,4,2,2,2,1,2,2,7,7,8,1,1,1,9,14,3,1,1,NaN,2,NaN,NaN,,NaN,,12,9,NaN,NaN,NaN,NaN,1,4,1,1,1,1,1,1,1,1,1,1,1,1,1,1,1,1,2,2,2,1,654507.777,4422863.684,906.357,Per,127608,0,0,1,12,1
14388,4,2008460007676,3,11,13,3,4,1,1,CV-50,4.5,4,5,1,1,5,3,2,3,3,2,1,1,1,1,1,7,7,8,1,5,1,9,14,2,1,1,NaN,2,NaN,NaN,,NaN,,NaN,,NaN,52,50,NaN,1,4,1,1,1,1,1,1,2,1,1,1,1,1,1,1,1,1,1,2,1,2,705069.796,4385122.33,114.175,Sec,12267,0,0,0,7,2
14391,4,2008460007693,3,11,14,4,5,1,3,CV-365,2.6,2,6,1,1,5,3,2,4,3,2,1,1,1,1,1,7,7,8,1,1,1,9,14,2,1,3,NaN,2,NaN,NaN,,NaN,,NaN,,NaN,NaN,NaN,71,1,4,2,1,1,1,1,1,2,1,1,1,1,1,1,1,1,1,1,2,1,2,720716.377,4376520.304,35.73,Sec,45897,1,1,0,12,2
14393,4,2008460007707,3,11,10,6,1,4,2,CV-31,1.3,1,3,0,1,5,3,2,3,4,2,2,2,1,2,2,4,1,8,1,1,1,9,14,3,1,1,NaN,1,4,NaN,,NaN,,NaN,,NaN,NaN,NaN,NaN,1,4,1,1,1,1,1,1,2,1,1,1,1,1,1,1,1,1,1,2,1,1,721102.728,4375610.03,14.754,Sec,46821,0,2,0,17,6
14395,4,2008460007709,3,11,15,1,6,2,2,CV-300,5.5,5,5,0,1,5,3,2,3,1,2,2,2,2,2,2,5,1,4,1,3,1,9,14,1,1,1,NaN,2,4,NaN,,NaN,,NaN,,NaN,NaN,NaN,NaN,1,4,2,1,2,1,1,1,1,1,1,1,1,1,1,1,1,1,1,2,1,1,729756.599,4384045.873,14.685,Cob,18172,0,0,2,0,6
14397,4,2008460007713,3,11,15,4,6,2,2,CV-235,23.6,23,6,0,1,5,2,2,3,1,2,1,1,1,1,1,7,7,8,1,1,1,2,14,2,1,1,NaN,1,3,NaN,,NaN,,NaN,,NaN,NaN,NaN,NaN,1,4,1,1,1,1,1,1,2,1,1,1,1,1,1,1,1,1,1,2,1,1,697572.829,4412457.609,932.906,Cob,155,0,0,0,12,3
14399,4,2008460007722,3,11,14,4,5,1,2,CV-50,23.3,23,3,0,1,2,3,2,3,4,2,2,2,2,2,2,5,1,4,1,1,1,9,14,1,1,1,NaN,2,3,NaN,,NaN,,NaN,,NaN,NaN,NaN,NaN,2,4,1,1,1,1,1,1,2,1,1,1,1,1,1,1,1,1,1,2,1,2,720479.719,4337918.943,1.752,Sec,27865,0,0,1,13,6
14401,4,2008460007741,3,11,13,6,4,1,2,CV-400,1.6,1,6,0,1,5,3,2,3,4,2,2,2,1,2,2,7,7,8,1,3,1,9,14,3,1,3,NaN,2,4,NaN,,NaN,,NaN,,NaN,NaN,NaN,NaN,3,4,2,1,1,1,1,1,1,1,1,1,1,1,1,1,1,1,1,2,2,1,723776.427,4368149.661,-2.919,Pri,33544,0,0,0,19,1
14403,4,2008460007743,3,11,11,6,2,1,2,CV-35,22.8,22,8,0,1,2,3,2,3,5,2,2,2,1,2,2,7,7,8,1,5,1,9,14,3,1,3,NaN,2,4,NaN,,NaN,,NaN,,NaN,NaN,NaN,NaN,1,4,1,1,2,1,1,1,2,1,1,1,1,1,1,1,1,1,1,2,1,2,707637.009,4389563.784,130.19,Per,31868,0,0,0,20,2
14405,4,2008460007747,3,11,17,1,1,4,2,CV-686,3.5,3,5,0,1,5,3,2,3,3,2,1,1,1,1,1,5,1,8,1,4,1,9,14,2,1,1,NaN,2,3,NaN,,NaN,,NaN,,NaN,NaN,NaN,NaN,1,4,1,1,1,1,1,1,2,1,1,1,1,1,1,1,1,1,1,2,2,1,743608.789,4315901.824,7.837,Cob,18552,0,0,0,0,6
14406,4,2008460007764,3,11,17,6,1,1,1,CV-40,21,21,0,0,1,2,3,2,3,4,2,2,1,1,2,2,7,7,8,1,4,1,9,14,3,1,1,NaN,2,NaN,NaN,,21,24,NaN,,NaN,NaN,NaN,NaN,1,4,1,1,1,1,1,1,1,1,1,1,1,1,1,2,1,1,1,2,1,1,711731.848,4301239.899,318.392,Cob,0,0,0,0,19,1
14408,4,2008460007768,3,11,17,6,1,4,2,CV-610,9.9,9,9,0,1,5,3,2,3,3,2,1,1,1,1,1,2,1,5,1,5,1,9,14,3,1,3,NaN,2,2,NaN,,NaN,,NaN,,NaN,NaN,NaN,NaN,1,4,1,1,1,1,1,1,2,1,1,1,1,1,1,1,1,1,1,2,1,1,722589.246,4316417.916,202.493,Cob,2593,0,0,1,21,6
14409,4,2008460007772,3,11,14,6,5,1,1,CV-33,1.5,1,5,1,1,5,3,2,3,4,2,2,2,1,2,2,7,7,8,1,5,1,9,14,3,1,1,NaN,2,NaN,NaN,,NaN,,NaN,,66,NaN,60,NaN,1,4,1,1,1,1,1,1,1,1,1,1,1,1,1,1,1,1,2,2,1,1,719433.264,4369106.309,29.828,Cob,30062,0,0,0,19,2
14410,4,2008460007793,3,11,14,6,5,1,1,CV-35,11.1,11,1,1,1,2,3,2,3,4,2,2,2,1,2,2,7,7,8,1,1,1,9,14,2,1,1,NaN,2,NaN,30,32,NaN,,NaN,,NaN,NaN,NaN,NaN,1,4,1,1,1,1,1,1,1,1,1,1,1,1,1,1,1,1,2,2,1,1,660434.567,4420811.591,905.245,Per,97287,0,0,0,19,1
14412,4,2008460007794,3,11,18,3,2,1,2,CV-590,60,60,0,0,1,5,3,2,3,3,2,1,2,1,1,1,1,4,4,1,1,1,2,14,1,1,1,NaN,2,2,NaN,,NaN,,NaN,,NaN,NaN,NaN,NaN,2,4,1,1,1,1,1,1,2,1,1,1,1,1,1,1,1,1,1,2,1,1,709154.199,4321308.406,158.038,Sec,6940,0,0,1,9,6
14413,4,2008460007810,3,11,16,3,7,3,1,CV-36,1.5,1,5,1,1,2,3,2,3,4,2,2,2,1,2,2,7,7,8,1,3,1,9,14,2,1,1,NaN,2,NaN,NaN,,NaN,,NaN,,NaN,62,60,NaN,1,4,1,1,1,1,1,1,1,1,1,1,1,1,1,1,1,2,1,2,1,1,717944.192,4369319.25,25.347,Pri,71972,0,0,0,7,1
14417,4,2008460007833,3,11,9,6,7,3,3,CV-35,9.3,9,3,1,1,2,3,1,3,4,2,2,2,2,2,2,7,7,8,1,4,1,9,14,3,1,1,NaN,1,4,NaN,,NaN,,NaN,,NaN,NaN,NaN,NaN,3,4,1,1,1,1,1,2,2,1,1,1,1,1,1,1,1,1,1,2,1,1,658757.975,4421618.678,947.452,Per,62359,0,1,2,18,1
14420,4,2008460007861,3,11,16,5,7,3,2,CV-35,8,8,0,1,1,2,3,2,3,4,2,2,2,2,2,2,7,7,8,1,1,1,9,14,3,1,1,NaN,1,4,NaN,,NaN,,NaN,,NaN,NaN,NaN,NaN,1,4,1,1,1,1,1,1,1,1,1,1,1,1,1,1,1,1,2,2,1,1,657700.159,4422076.53,1004.365,Per,100952,0,0,1,15,1
14425,4,2008460007864,3,11,16,6,7,3,3,CV-35,6.8,6,8,1,1,2,3,2,3,4,2,2,2,2,2,2,7,7,8,1,3,1,9,14,2,1,1,NaN,1,4,NaN,,NaN,,NaN,,NaN,NaN,NaN,NaN,2,4,1,1,1,1,1,1,1,1,1,1,1,1,1,1,1,2,1,2,1,1,657211.776,4422498.253,976.445,Per,100952,0,0,0,18,1
14427,4,2008460007898,3,11,18,4,2,1,2,CV-33,6.5,6,5,0,1,5,2,2,3,3,2,1,2,2,2,1,1,1,8,1,1,1,9,14,3,1,1,NaN,2,2,NaN,,NaN,,NaN,,NaN,NaN,NaN,NaN,1,4,2,1,1,1,1,2,1,1,1,1,1,1,1,1,1,1,1,2,1,1,719667.009,4367136.838,17.45,Pri,53690,0,0,0,14,6
14428,4,2008460007923,3,11,19,3,3,1,1,CV-50,68.2,68,2,1,1,5,3,2,4,3,2,1,1,1,2,2,7,7,8,1,1,1,9,14,2,1,1,NaN,1,NaN,NaN,,21,24,NaN,,NaN,NaN,NaN,NaN,1,4,1,1,1,1,1,1,1,1,1,1,1,1,1,2,1,1,1,2,1,1,719248.119,4338881.116,-1.403,Sec,6123,0,0,0,7,1
14433,4,2008460007927,3,11,19,3,3,1,4,CV-35,3,3,0,0,1,2,3,2,3,4,2,2,2,2,2,2,3,1,8,1,1,1,9,14,2,1,1,NaN,1,4,NaN,,NaN,,NaN,,NaN,NaN,NaN,NaN,3,4,1,1,1,1,1,1,2,1,1,1,1,1,1,1,1,1,1,2,1,1,721342.935,4376757.345,36.184,Per,127608,0,0,0,8,6
14434,4,2008460007946,3,11,23,3,7,3,1,CV-400,4.9,4,9,1,1,5,3,2,3,3,2,2,1,1,1,1,5,1,8,1,1,1,9,14,1,1,1,NaN,2,NaN,NaN,,NaN,,NaN,,66,NaN,60,NaN,1,4,2,1,2,1,1,2,1,1,1,1,1,1,1,1,1,1,1,2,2,1,723881.713,4368161.263,-1.336,Cob,21381,0,0,1,8,6
14436,4,2008460007979,3,11,21,3,5,1,2,CV-35,57.6,57,6,1,1,2,3,2,3,4,2,1,1,1,1,1,1,1,8,1,1,1,9,14,2,1,1,NaN,2,2,NaN,,NaN,,NaN,,NaN,NaN,NaN,NaN,1,4,1,1,1,1,1,1,1,1,1,1,1,1,1,1,1,1,2,2,1,1,686866.163,4396978.098,387.975,Sec,2381,0,0,0,10,6
14437,4,2008460007981,3,11,22,3,6,2,1,CV-36,3,3,0,1,1,2,3,2,3,4,2,1,2,1,2,2,7,7,8,1,1,1,9,14,3,1,1,NaN,1,NaN,30,32,NaN,,NaN,,NaN,NaN,NaN,NaN,1,4,1,1,1,1,1,1,1,1,1,1,1,1,1,1,1,1,2,2,1,1,719350.227,4369121.098,19.23,Pri,71972,0,0,0,10,2
14438,4,2008460007982,3,11,22,6,6,2,1,CV-31,3.5,3,5,0,1,5,3,2,3,4,2,2,2,1,2,2,7,7,8,1,3,1,9,14,1,1,1,NaN,2,NaN,NaN,,NaN,,NaN,,NaN,62,60,NaN,2,4,1,1,2,1,1,1,1,1,1,1,1,1,1,1,1,1,1,2,1,1,721156.91,4377534.377,28.829,Cob,24946,0,0,0,19,5
14439,4,2008460007995,3,11,22,3,6,2,1,CV-35,23.5,23,5,1,1,2,3,2,3,4,2,2,2,1,2,2,7,7,8,1,1,1,9,14,3,1,1,NaN,1,NaN,NaN,,21,24,NaN,,NaN,NaN,NaN,NaN,1,4,1,1,1,1,1,1,1,1,1,1,1,1,1,2,1,1,1,2,1,1,663370.777,4411292.335,835.182,Per,31868,0,0,0,8,2
14442,4,2008460007996,3,11,23,6,7,3,3,CV-35,5.5,5,5,1,1,2,3,2,3,3,2,2,2,2,2,1,7,7,5,1,3,1,9,14,3,1,1,NaN,1,5,NaN,,NaN,,NaN,,NaN,NaN,NaN,NaN,2,4,1,1,1,1,1,1,2,1,1,1,1,1,1,1,1,2,1,2,1,1,656155.285,4423077.166,942.697,Per,87297,0,0,1,18,1
14444,4,2008460008005,3,11,24,3,1,4,2,CV-35,24.3,24,3,1,1,2,3,2,3,4,2,2,2,1,2,2,7,7,8,1,2,1,9,14,3,1,1,NaN,1,4,NaN,,NaN,,NaN,,NaN,NaN,NaN,NaN,1,4,1,1,1,1,1,2,2,1,1,1,1,1,1,1,1,1,1,2,1,1,662947.158,4410557.162,885.862,Per,31868,0,0,0,7,2
14445,4,2008460008046,3,11,27,2,4,1,1,CV-550,3.6,3,6,0,1,5,2,2,4,3,2,1,1,1,1,2,7,7,8,3,5,9,9,14,3,1,3,NaN,1,NaN,NaN,,NaN,,NaN,,58,NaN,50,NaN,1,4,2,2,1,1,1,1,1,1,1,1,1,1,1,1,1,1,1,2,1,1,717435.686,4334943.949,-4.309,Cob,14067,0,0,0,6,1
14446,4,2008460008053,3,11,27,6,4,1,1,CV-35,24.6,24,6,1,1,2,3,2,3,4,2,2,2,2,2,2,7,7,8,1,5,1,9,14,3,1,1,NaN,1,NaN,NaN,,NaN,,NaN,,NaN,64,60,NaN,1,4,2,1,1,1,1,1,1,1,1,1,1,1,1,1,1,1,1,2,1,1,663003.53,4410279.81,902.133,Per,31868,0,0,0,18,1
14447,4,2008460008054,3,11,28,3,5,1,1,CV-500,26,26,0,0,1,5,3,2,3,3,2,1,1,1,2,2,7,7,8,1,1,1,9,14,3,1,1,NaN,2,NaN,NaN,,NaN,,NaN,,66,NaN,60,NaN,1,4,2,1,2,1,1,1,1,1,1,1,1,1,1,1,1,1,1,2,1,1,733256.788,4345767.609,-9.896,Cob,7846,0,0,0,8,1
14448,4,2008460008062,3,11,29,2,6,2,1,CV-42,0.4,0,4,0,1,5,3,2,3,4,2,1,2,2,2,2,7,7,8,1,3,1,9,14,1,1,3,NaN,2,NaN,NaN,,NaN,,NaN,,58,NaN,50,NaN,1,4,2,1,1,1,1,2,1,1,1,1,1,1,1,1,1,1,1,2,1,1,720842.35,4338448.777,-7.928,Sec,14459,0,0,1,5,5
14449,4,2008460008069,3,11,29,3,6,2,1,CV-40,20.5,20,5,1,1,2,3,2,4,3,2,2,2,1,2,2,7,7,8,3,1,4,9,14,3,1,3,NaN,2,NaN,NaN,,NaN,,NaN,,NaN,52,50,NaN,1,4,1,1,1,1,1,1,1,1,1,1,1,1,2,1,1,2,1,2,1,1,710844.932,4315429.776,128.057,Cob,0,0,0,0,9,1
14451,4,2008460008082,3,11,30,6,7,3,1,CV-60,32,32,0,0,1,5,3,2,3,4,2,2,2,1,2,2,7,7,8,1,5,8,9,14,3,1,1,NaN,2,NaN,30,32,NaN,,NaN,,NaN,NaN,NaN,NaN,1,4,1,1,1,1,1,1,1,1,1,1,1,1,1,1,1,2,1,2,1,1,738699.187,4313399.352,61.287,Pri,16835,0,0,0,22,1
14452,4,2008460008094,3,11,23,4,7,3,1,CV-50,0,0,0,0,1,5,2,2,3,4,2,1,1,1,1,1,7,7,8,1,1,1,9,14,1,1,2,-1,2,NaN,NaN,,NaN,,NaN,,NaN,62,60,NaN,1,4,2,1,2,1,1,1,1,1,1,1,1,1,1,1,1,1,1,2,1,1,738596.336,4329435.479,-17.638,Cob,17044,0,0,0,11,2
14460,4,2008460008125,3,11,28,3,5,1,3,CV-35,26,26,0,1,1,2,3,2,3,4,2,2,2,1,2,2,7,7,8,1,1,1,9,14,3,1,1,NaN,2,4,NaN,,NaN,,NaN,,NaN,NaN,NaN,NaN,2,4,2,1,1,1,1,2,1,1,1,1,1,1,1,1,1,1,1,2,1,1,663023.539,4409050.119,846.982,Per,15481,0,0,0,8,1
14462,4,2008460008146,3,11,29,6,6,2,2,CV-400,0.8,0,8,0,1,5,3,2,3,3,2,2,2,1,2,2,7,7,8,1,3,1,9,14,3,1,3,NaN,1,3,NaN,,NaN,,NaN,,NaN,NaN,NaN,NaN,1,4,2,1,1,1,1,1,1,1,1,1,1,1,1,1,1,1,1,2,1,1,724140.153,4368832.266,0.556,Sec,50900,0,0,0,18,1
14464,4,2008460008161,3,12,2,5,2,1,2,CV-550,0.4,0,4,1,1,5,3,2,3,3,2,1,1,1,1,1,7,7,8,1,1,1,9,14,2,1,3,NaN,2,3,NaN,,NaN,,NaN,,NaN,NaN,NaN,NaN,1,4,1,1,1,1,1,1,2,1,1,1,1,1,1,1,1,1,1,2,1,1,720484.512,4337087.676,-4.819,Sec,8381,0,0,1,15,1
14466,4,2008460008261,3,12,4,1,4,1,1,CV-60,32,32,0,0,1,2,3,2,3,4,2,2,2,1,2,2,7,7,8,1,5,1,9,14,3,1,1,NaN,2,NaN,NaN,,21,24,NaN,,NaN,NaN,NaN,NaN,1,4,1,1,1,1,1,1,1,1,1,1,1,1,1,2,1,1,1,2,1,1,738699.187,4313399.352,61.287,Pri,16835,0,0,0,3,2
14469,4,2008460008290,3,12,3,3,3,1,3,CV-35,6.2,6,2,1,1,2,3,2,3,4,2,2,2,1,2,2,7,7,8,1,1,1,9,14,3,1,1,NaN,2,5,NaN,,NaN,,NaN,,NaN,NaN,NaN,NaN,2,4,2,1,1,1,1,1,1,1,1,1,1,1,1,1,1,1,1,2,1,1,656793.605,4422904.285,955.766,Per,100952,0,0,1,9,1
14471,4,2008460008305,3,12,2,5,2,1,2,CV-645,3.5,3,5,0,1,5,1,3,3,3,2,1,2,2,2,2,5,4,4,1,1,1,9,14,2,1,1,NaN,2,4,NaN,,NaN,,NaN,,NaN,NaN,NaN,NaN,1,4,2,1,1,1,1,1,1,1,1,1,1,1,1,1,1,1,1,2,1,1,713223.519,4318121.824,100.679,Cob,9124,0,0,0,15,6
14472,4,2008460008345,3,12,5,1,5,1,1,CV-50,1,1,0,1,1,5,3,2,3,3,2,1,2,2,1,2,5,1,8,1,3,1,9,14,1,1,1,NaN,1,NaN,NaN,,NaN,,NaN,,NaN,63,60,NaN,1,4,1,1,1,1,1,2,1,1,1,1,1,1,1,1,1,1,1,2,1,1,706487.922,4388180.722,127.112,Cob,17044,0,0,1,0,6
14475,4,2008460008346,3,12,4,3,4,1,3,CV-41,13.5,13,5,1,1,5,3,2,3,3,2,1,1,1,2,2,2,6,8,1,1,1,9,14,2,1,1,NaN,2,5,NaN,,NaN,,NaN,,NaN,NaN,NaN,NaN,1,4,2,1,1,1,1,1,2,1,1,1,1,1,1,1,1,1,1,2,1,1,718279.455,4330521.989,4.31,Cob,8790,0,0,0,8,6
14476,4,2008460008404,3,12,6,4,6,3,1,CV-245,20,20,0,0,1,5,3,2,3,1,2,1,2,2,1,1,7,7,8,1,1,1,9,14,1,1,1,NaN,2,NaN,NaN,,NaN,,NaN,,NaN,61,60,NaN,1,4,1,2,1,1,1,2,1,1,1,1,1,1,1,1,1,1,1,2,1,1,700031.678,4410060.52,843.524,Cob,718,0,0,1,14,5
14478,4,2008460008420,3,12,8,2,1,3,2,CV-619,2.7,2,7,0,1,5,2,3,3,1,2,1,1,1,1,1,1,1,3,3,5,9,9,14,3,1,3,NaN,1,1,NaN,,NaN,,NaN,,NaN,NaN,NaN,NaN,1,4,1,1,1,1,1,1,2,1,1,1,1,1,1,1,1,1,1,2,1,2,728471.985,4306569.961,326.818,Cob,1222,0,2,0,6,6
14479,4,2008460008450,3,12,8,4,1,3,1,CV-550,3,3,0,1,1,5,3,2,3,3,2,1,1,2,1,1,5,1,4,3,1,9,9,13,3,1,1,NaN,2,NaN,NaN,,NaN,,NaN,,NaN,63,60,NaN,1,4,1,1,1,1,1,2,1,2,1,1,1,1,1,1,1,1,1,2,1,1,718482.973,4335507.363,-9.105,Cob,14067,0,0,0,14,6
14481,4,2008460008490,3,12,9,4,2,1,2,CV-81,8,8,0,1,1,5,3,1,3,3,2,1,2,2,2,1,7,7,5,3,1,4,9,14,1,1,3,NaN,2,2,NaN,,NaN,,NaN,,NaN,NaN,NaN,NaN,1,4,1,1,1,1,1,2,1,1,1,1,1,1,2,1,1,1,1,2,1,1,680651.578,4278277.538,461.178,Cob,5778,0,1,0,13,5
14482,4,2008460008504,3,12,9,5,2,4,1,CV-645,3.5,3,5,1,1,5,3,2,3,2,2,1,2,1,1,1,7,7,8,3,1,4,9,14,3,1,1,NaN,2,NaN,NaN,,NaN,,NaN,,NaN,53,50,NaN,1,4,1,1,1,1,1,1,1,1,1,1,1,1,1,1,1,1,2,2,1,1,712307.737,4317738.661,98.132,Cob,9124,0,0,1,15,2
14485,4,2008460008545,3,12,6,3,6,2,3,CV-550,0.5,0,5,1,1,5,3,2,3,3,2,1,1,1,1,1,7,7,8,1,1,1,9,14,3,1,1,NaN,2,NaN,NaN,,NaN,,NaN,,NaN,54,50,NaN,1,4,2,1,2,2,1,1,1,1,1,1,1,1,1,1,1,1,1,2,1,1,720400.598,4337046.031,0.45,Sec,8381,0,0,0,7,1
14487,4,2008460008580,3,12,3,6,3,1,2,CV-50,44,44,0,1,1,5,3,2,3,3,2,1,1,1,2,1,1,1,3,1,5,1,9,14,1,1,1,NaN,2,4,NaN,,NaN,,NaN,,NaN,NaN,NaN,NaN,1,4,1,1,1,1,1,1,1,1,1,1,1,1,1,1,1,1,2,2,1,1,706626.097,4356553.307,118.141,Pri,2913,0,0,2,18,6
14489,4,2008460008581,3,12,4,5,4,1,2,CV-30,1.7,1,7,0,1,2,3,2,3,4,2,2,2,1,2,2,3,1,8,1,1,1,9,14,1,1,1,NaN,2,4,NaN,,NaN,,NaN,,NaN,NaN,NaN,NaN,1,4,1,1,1,1,1,2,2,1,1,1,1,1,1,1,1,1,1,2,1,1,721697.22,4375098.107,8.086,Sec,56027,0,0,0,15,6
14490,4,2008460008582,3,12,10,2,3,1,1,CV-81,8,8,0,0,1,5,3,2,3,3,2,1,1,1,2,2,7,7,8,3,4,4,9,14,1,1,1,NaN,2,NaN,NaN,,NaN,,NaN,,57,NaN,50,NaN,1,4,1,1,1,1,1,2,1,1,1,1,1,1,1,1,1,1,1,2,1,1,708148.712,4297118.269,400.08,Cob,5778,0,0,0,6,4
14493,4,2008460008583,3,12,4,6,4,1,3,CV-35,4,4,0,1,1,2,3,2,3,4,2,2,2,1,2,2,7,7,8,1,3,1,9,14,2,1,1,NaN,2,4,NaN,,NaN,,NaN,,NaN,NaN,NaN,NaN,2,4,2,1,1,1,1,2,1,1,1,1,1,1,1,1,1,1,1,2,1,1,654864.02,4422931.21,936.214,Per,127608,0,0,0,19,1
14495,4,2008460008602,3,12,10,6,3,1,2,CV-41,1,1,0,0,1,5,3,2,4,3,2,1,1,1,1,2,7,7,8,1,5,1,9,14,1,1,3,NaN,2,4,NaN,,NaN,,NaN,,NaN,NaN,NaN,NaN,1,4,2,1,1,1,1,1,1,1,1,1,1,1,1,1,1,1,1,2,1,1,721267.036,4335570.402,2.598,Cob,16071,0,0,0,18,1
14496,4,2008460008616,3,12,8,5,1,1,1,CV-500,20.1,20,1,1,1,5,2,2,3,3,2,1,1,1,1,1,7,7,8,1,1,1,9,14,3,1,1,NaN,1,NaN,NaN,,NaN,,NaN,,68,NaN,60,NaN,1,4,2,1,1,1,1,1,1,1,1,1,1,1,1,1,1,1,1,2,1,1,730615.535,4359670.722,-23.472,Cob,8018,0,0,0,16,1
14498,4,2008460008677,3,12,11,3,4,1,2,CV-650,4,4,0,1,1,5,3,2,4,3,2,1,1,1,1,1,7,7,8,1,1,1,9,14,3,1,1,NaN,2,2,NaN,,NaN,,NaN,,NaN,NaN,NaN,NaN,1,4,1,1,1,1,1,1,2,1,1,1,1,1,1,1,1,1,1,2,1,1,709689.61,4303672.905,274.749,NaN,0,0,0,1,10,1
14499,4,2008460008730,3,12,12,6,5,1,1,CV-42,5.4,5,4,0,1,6,3,2,3,3,2,1,1,1,2,1,7,7,5,1,5,1,9,14,3,1,1,NaN,1,NaN,NaN,,NaN,,NaN,,67,NaN,60,NaN,1,4,1,2,1,1,1,1,1,1,1,1,1,1,1,1,1,1,1,2,2,1,720294.399,4343006.34,2.877,Cob,6931,0,0,0,19,1
14500,4,2008460008745,3,12,13,5,6,2,1,CV-610,10.3,10,3,0,1,5,3,2,3,1,2,1,1,1,1,1,7,7,8,1,1,1,9,14,3,1,1,NaN,2,NaN,NaN,,NaN,,NaN,,67,NaN,60,NaN,1,4,1,1,1,1,1,2,1,1,1,1,1,1,1,1,1,1,1,2,1,1,722902.853,4316187.692,189.239,Cob,2593,0,0,0,15,4