Id,Ano,Numero_Accidente,Provincia,Mes,Dia,Hora,Dia_Semana,Tipo_Dia,Vehiculos_Implicados,Carretera,Pk,Km,Hm,Sentido,Zona,Tipo_Via,Anchura_Calzada,Anchura_Carril,Marcas_Viales,Arcen,Arcen_Pavimentado,Mediana,Barrera_Seguridad,Paneles_Direccionales,Hitos_Arista,Captafaros,Interseccion_Tipo,Interseccion_Acondicionamiento,Prioridad_Regulada_por,Superficie,Luminosidad,Factores_Atmosfericos,Visibilidad_Restringida_por,Otras_Circunstancias,Senalizacion_Peligro,Aceras,Arboles,Arboles_Metros_Calzada,Visibilidad_Senalizacion_Vertical,Colision_Vehiculos_Marcha,Colision_Vehiculo_Obstaculo_1,Colision_Vehiculo_Obstaculo_2,Atropello_1,Atropello_2,Vuelco_1,Vuelco_2,Salida_Sin_Colision,Salida_Con_Colision,Lado_Salida,Otro,Circulacion,Circulacion_Medidas_Especiales,Distraccion,Inexperiencia_Conductor,Alcohol_Drogas,Cansancio_Sueno,Enfermedad,Velocidad_Inadecuada,Infraccion_Norma_Circulacion,Estado_Condicion_Via,Estado_Condicion_Senalizacion,Tramo_Obras,Mal_Estado_Vehiculo,Averia_Mecanica,Meteorologia_Adversa,Irrupcion_Animal,Circular_Sentido_Contrario,Otro_Factor,Sin_Opinion_Definida,Pendiente,Curvatura,Peralte,GPS_x,GPS_y,GPS_z,Tipo_Est,IMD,N_Muertos,N_Graves,N_Leves,Hora_Real,Fuera_o_Interseccion
14502,4,2008460008794,3,12,14,6,7,3,2,CV-590,54,54,0,1,1,5,1,3,3,3,2,1,1,1,1,1,7,7,8,1,4,1,9,14,2,1,1,NaN,1,4,NaN,,NaN,,NaN,,NaN,NaN,NaN,NaN,1,4,2,1,1,1,1,1,1,1,1,1,1,1,1,1,1,1,1,2,2,2,674611.296,4321290.116,837.924,Sec,6940,0,0,1,18,2
14503,4,2008460008808,3,12,12,4,5,1,1,CV-35,25,25,0,1,1,5,3,2,3,3,2,2,2,2,2,2,7,7,7,1,1,1,9,14,3,1,1,NaN,1,NaN,NaN,,NaN,,NaN,,NaN,63,60,NaN,1,4,2,1,1,1,1,1,1,1,1,1,1,1,1,1,1,1,1,2,1,1,663021.135,4409996.529,896.455,Per,31868,0,0,0,12,2
14505,4,2008460008860,3,12,13,3,6,2,2,CV-410,0.5,0,5,0,1,5,3,2,3,4,2,1,2,2,1,1,3,6,8,1,1,1,9,14,3,1,1,NaN,1,1,NaN,,NaN,,NaN,,NaN,NaN,NaN,NaN,1,4,2,1,1,1,1,1,2,1,1,1,1,1,1,1,1,1,1,2,1,1,718494.199,4369817.539,25.39,Cob,13292,0,1,1,10,6
14509,4,2008460008865,3,12,11,6,4,1,3,CV-35,15.8,15,8,0,1,2,3,2,4,4,2,2,2,1,2,2,4,1,8,1,3,1,9,14,2,1,1,NaN,2,5,NaN,,NaN,,NaN,,NaN,NaN,NaN,NaN,1,4,1,1,1,1,1,1,2,1,1,1,1,1,1,1,1,1,1,2,1,1,711835.167,4384746.596,80.358,Per,78771,0,0,1,19,6
14510,4,2008460008866,3,12,14,6,7,3,1,CV-33,6.9,6,9,0,1,5,1,2,4,4,2,1,1,1,1,1,7,7,8,1,1,1,9,14,3,1,1,NaN,1,NaN,NaN,,NaN,,NaN,,NaN,52,50,NaN,1,4,2,1,1,1,1,2,1,1,1,1,1,1,1,1,1,1,1,2,1,1,719739.65,4367506.394,14.911,Pri,53690,0,0,0,17,2
14511,4,2008460008877,3,12,13,1,6,2,1,CV-410,4.9,4,9,0,1,5,3,2,3,4,2,1,1,2,1,1,5,6,4,1,3,1,9,14,3,1,1,NaN,1,NaN,NaN,,NaN,,NaN,,67,NaN,60,NaN,1,4,1,1,1,1,1,1,1,1,1,1,1,1,1,1,1,1,2,2,2,1,716668.986,4372685.935,40.386,Pri,30175,0,0,0,0,6
14514,4,2008460008892,3,12,18,6,4,1,1,CV-35,17.3,17,3,0,1,2,3,2,3,4,2,2,2,2,2,2,4,1,8,1,3,1,9,14,3,1,1,NaN,1,NaN,NaN,,NaN,,NaN,,NaN,54,50,NaN,1,4,1,1,1,1,1,2,1,1,1,1,1,1,1,1,1,1,1,2,1,1,711026.16,4386075.79,101.405,Per,51759,0,0,0,22,6
14515,4,2008460008893,3,12,18,6,4,1,1,CV-35,37.3,37,3,1,1,2,2,2,3,4,2,1,2,2,2,2,5,1,8,1,4,1,9,14,1,1,1,NaN,2,NaN,NaN,,NaN,,12,9,NaN,NaN,NaN,NaN,1,4,1,1,2,1,1,2,1,1,1,1,1,1,1,1,1,1,1,2,1,1,670785.365,4402856.634,473.455,Per,8821,0,0,0,22,6
14516,4,2008460008895,3,12,18,4,4,1,1,CV-50,7,7,0,0,1,5,2,2,3,3,2,1,1,1,1,1,7,7,5,1,1,1,9,7,3,1,1,NaN,1,NaN,NaN,,NaN,,NaN,,57,NaN,50,NaN,1,4,2,1,2,1,1,1,1,1,1,1,1,1,1,1,1,1,1,2,1,1,732245.846,4327931.641,30.413,Cob,10467,0,0,1,12,1
14518,4,2008460008909,3,12,20,3,6,2,2,CV-50,28.5,28,5,1,1,5,3,2,3,3,2,1,2,1,2,2,5,1,8,1,1,1,9,14,1,1,1,NaN,2,3,NaN,,NaN,,NaN,,NaN,NaN,NaN,NaN,1,4,1,1,1,1,1,1,2,1,1,1,1,1,1,1,1,1,1,2,1,2,699036.556,4364917.433,250.295,Cob,14945,0,0,1,8,6
14520,4,2008460008914,3,12,19,4,5,1,2,CV-41,1.7,1,7,0,1,5,3,2,3,3,2,1,1,1,1,1,7,7,8,1,1,1,9,14,3,1,1,NaN,1,4,NaN,,NaN,,NaN,,NaN,NaN,NaN,NaN,2,4,2,1,1,1,1,1,2,1,1,1,1,1,1,1,1,1,1,2,1,1,720950.437,4334958.604,3.046,Cob,16071,0,0,1,13,1
14521,4,2008460008917,3,12,20,4,6,2,1,CV-40,18.6,18,6,0,1,2,3,2,3,4,2,2,2,1,2,2,7,7,5,1,1,1,9,14,2,1,3,NaN,2,NaN,NaN,,NaN,,NaN,,66,NaN,60,NaN,1,4,2,1,1,1,1,1,1,1,1,1,1,1,1,1,1,1,1,2,1,1,710933.211,4303280.636,317.703,Cob,0,0,0,0,13,2
14523,4,2008460008933,3,12,17,6,3,1,2,CV-35,4,4,0,1,1,2,3,2,3,4,2,2,2,1,2,2,7,7,8,1,3,1,9,14,2,1,1,NaN,2,5,NaN,,NaN,,NaN,,NaN,NaN,NaN,NaN,3,4,2,1,1,1,1,1,1,1,1,1,1,1,1,1,1,1,1,2,2,2,654769.303,4422941.759,930.62,Per,127608,0,0,0,19,1
14525,4,2008460008951,3,12,19,6,5,1,2,CV-32,6.3,6,3,1,1,5,3,2,3,5,2,2,1,1,2,2,7,7,8,1,5,1,9,14,2,1,3,NaN,2,NaN,NaN,,NaN,,NaN,,NaN,NaN,NaN,71,1,4,2,1,2,1,1,1,1,1,1,1,1,1,1,1,1,1,1,2,1,1,728918.734,4383115.861,4.171,Sec,21131,0,0,1,20,1
14527,4,2008460008953,3,12,17,6,3,1,2,CV-35,4,4,0,1,1,2,3,2,3,4,2,2,2,2,2,2,7,7,5,1,3,1,2,13,2,1,3,NaN,2,4,NaN,,NaN,,NaN,,NaN,NaN,NaN,NaN,3,4,2,1,1,1,1,1,1,1,1,1,1,1,1,1,1,1,1,2,2,2,654769.303,4422941.759,930.62,Per,127608,0,0,0,19,1
14528,4,2008460008960,3,12,23,3,2,1,1,CV-667,0.2,0,2,0,1,5,2,2,3,3,2,1,1,1,1,1,7,7,8,2,1,1,9,14,1,1,3,NaN,2,NaN,NaN,,NaN,,NaN,,67,NaN,60,NaN,1,4,1,1,1,1,1,2,1,1,1,1,1,1,1,1,1,1,1,2,2,3,717438.423,4304150.302,277.415,Cob,2649,0,0,2,8,2
14531,4,2008460008963,3,12,18,4,4,1,2,CV-35,6.4,6,4,1,1,2,3,2,3,4,2,2,2,2,2,2,7,7,5,1,1,1,9,14,3,1,3,NaN,2,4,NaN,,NaN,,NaN,,NaN,NaN,NaN,NaN,1,4,1,1,1,1,1,1,2,1,1,1,1,1,1,1,1,1,1,2,1,1,656954.686,4422790.495,961.087,Per,100952,0,0,0,11,1
14532,4,2008460008974,3,12,24,4,3,2,1,CV-40,16,16,0,1,1,2,3,2,3,4,2,2,2,1,2,2,7,7,8,1,1,1,9,14,3,1,3,NaN,2,NaN,NaN,,NaN,,NaN,,NaN,54,50,NaN,1,4,1,1,1,1,1,1,1,1,1,1,1,1,1,1,1,2,1,2,1,1,710382.668,4311867.706,327.881,Cob,22336,0,0,0,12,2
14534,4,2008460008992,3,12,25,6,4,3,2,CV-60,33.2,33,2,0,1,5,3,2,3,4,2,2,2,2,1,2,7,7,8,1,4,1,9,14,1,1,1,NaN,2,NaN,NaN,,NaN,,NaN,,NaN,52,50,NaN,1,4,2,1,2,1,1,1,2,1,1,1,1,1,1,1,1,1,1,2,1,1,739868.694,4313905.476,50.364,Pri,16835,0,0,0,19,2
14536,4,2008460009008,3,12,28,6,7,3,1,CV-686,0.5,0,5,0,1,5,2,3,3,1,2,1,2,1,1,1,5,1,5,3,3,4,9,14,1,1,1,NaN,2,NaN,NaN,,NaN,,NaN,,NaN,52,50,NaN,1,4,1,1,1,1,1,2,1,1,1,1,1,1,1,1,1,1,1,2,1,1,741940.094,4313490.058,28.205,Cob,18552,0,0,2,22,6
14537,4,2008460009031,3,12,20,2,6,2,1,CV-32,4.5,4,5,1,1,5,3,2,3,4,2,1,2,2,2,1,7,7,5,1,5,1,9,14,3,1,1,NaN,2,NaN,NaN,,NaN,,NaN,,56,NaN,50,NaN,1,4,2,1,1,2,1,1,1,1,1,1,1,1,1,1,1,1,1,2,1,1,727652.604,4384119.258,3.728,Cob,20746,0,0,0,6,1
14543,4,2008460009074,3,12,21,6,7,3,2,CV-35,23.1,23,1,1,1,2,3,2,3,4,2,2,2,2,2,2,7,7,8,1,3,1,9,14,3,1,1,NaN,1,NaN,NaN,,NaN,,NaN,,66,NaN,60,NaN,1,4,2,1,1,1,1,1,1,1,1,1,1,1,1,1,1,1,1,2,1,1,663700.487,4411477.777,814.806,Per,31868,0,0,0,18,1
14545,4,2008460009076,3,12,23,6,2,1,2,CV-50,28.8,28,8,1,1,5,3,2,3,3,2,1,2,2,2,2,5,2,4,1,3,1,9,14,3,1,1,NaN,2,4,NaN,,NaN,,NaN,,NaN,NaN,NaN,NaN,1,4,2,1,1,1,1,1,1,1,1,1,1,1,1,1,1,1,1,2,1,2,699090.293,4364532.25,245.399,Cob,14945,0,0,0,20,6
14546,4,2008460009077,3,12,30,3,2,1,1,CV-40,20.3,20,3,0,1,2,3,2,3,4,2,2,2,1,2,2,1,1,8,3,2,1,9,14,1,1,1,NaN,2,NaN,NaN,,NaN,,NaN,,NaN,64,60,NaN,1,4,1,1,1,1,1,2,1,1,1,1,1,1,1,1,1,1,1,2,1,1,711269.758,4301746.348,321.102,Cob,0,0,0,0,7,6
14549,4,2008460009082,3,12,22,6,1,1,2,CV-36,1,1,0,1,1,2,3,2,3,4,2,2,2,2,2,2,7,7,8,1,1,1,9,14,3,1,1,NaN,1,4,NaN,,NaN,,NaN,,NaN,NaN,NaN,NaN,1,4,2,1,1,1,1,1,1,1,1,1,1,1,1,1,1,1,1,2,1,2,711934.082,4368698.871,72.601,Pri,71972,0,0,0,17,1
14551,4,2008460009083,3,12,23,5,2,1,2,CV-400,1.3,1,3,0,1,5,3,2,3,3,2,2,2,2,2,2,5,1,8,1,1,1,9,14,1,1,1,NaN,2,4,NaN,,NaN,,NaN,,NaN,NaN,NaN,NaN,1,4,1,1,1,1,1,1,2,1,1,1,1,1,1,1,1,1,1,2,1,1,723924.819,4368390.603,-2.204,Pri,33544,0,0,1,16,6
14553,4,2008460009086,3,12,22,6,1,1,2,CV-410,2.2,2,2,1,1,5,2,2,3,4,2,2,1,2,1,1,5,1,4,1,1,1,9,14,1,1,1,NaN,2,3,NaN,,NaN,,NaN,,NaN,NaN,NaN,NaN,1,4,1,1,1,1,1,1,1,1,1,1,1,1,1,1,1,1,2,2,1,1,717230.255,4371548.834,31.796,Cob,31151,0,0,0,17,6
14556,4,2008460009089,3,12,21,3,7,3,3,CV-500,8,8,0,0,1,5,2,2,3,4,2,1,1,1,1,1,7,7,8,1,1,1,9,14,3,1,1,NaN,2,5,NaN,,NaN,,NaN,,NaN,NaN,NaN,NaN,1,4,1,1,1,1,1,1,1,2,1,1,1,1,1,1,1,1,1,2,1,1,729850.588,4362237.594,-18.137,Cob,18575,0,0,1,8,1
14558,4,2008460009100,3,12,23,4,2,1,2,CV-300,5.2,5,2,1,1,5,3,2,3,3,2,2,1,1,2,1,5,1,4,1,1,1,9,14,1,1,1,NaN,2,3,NaN,,NaN,,NaN,,NaN,NaN,NaN,NaN,1,4,1,1,1,1,1,1,2,1,1,1,1,1,1,1,1,1,1,2,2,2,729131.207,4383031.625,-2.461,Cob,18172,0,0,1,13,6
14559,4,2008460009110,3,12,27,1,6,2,1,CV-35,21,21,0,0,1,2,3,2,3,4,2,2,2,2,2,1,4,1,8,1,4,1,9,14,1,1,1,NaN,2,NaN,NaN,,NaN,,NaN,,NaN,54,50,NaN,1,4,2,1,1,1,1,1,1,1,1,1,1,1,1,1,1,1,1,2,1,1,708755.08,4388556.684,125.024,Per,51759,0,0,0,23,6
14561,4,2008460009121,3,12,25,6,4,3,1,CV-35,19.1,19,1,1,1,2,3,2,3,4,2,2,2,1,2,2,4,1,8,1,3,1,9,14,3,1,1,NaN,2,NaN,NaN,,NaN,,NaN,,NaN,62,60,NaN,1,4,2,2,1,1,1,2,1,1,1,1,1,1,1,1,1,1,1,2,2,2,663850.224,4415118.644,822.084,Per,51759,0,0,0,18,6
14563,4,2008460009123,3,12,30,3,2,1,2,CV-500,6.5,6,5,1,1,5,3,2,3,3,2,1,1,1,2,1,5,1,8,3,1,1,9,14,3,1,1,NaN,1,3,NaN,,NaN,,NaN,,NaN,NaN,NaN,NaN,1,4,1,1,1,1,1,1,2,1,1,1,1,1,1,1,1,1,1,2,1,1,735008.01,4348020.701,-17.773,Cob,18575,0,0,0,8,6
14564,4,2008460009126,3,12,30,2,2,1,1,CV-41,6.7,6,7,0,1,5,3,2,3,3,2,1,1,1,2,2,7,7,8,1,5,1,9,14,3,1,1,NaN,2,NaN,NaN,,21,24,NaN,,NaN,NaN,NaN,NaN,1,4,1,1,1,1,1,1,1,1,1,1,1,1,1,2,1,1,1,2,1,1,718593.714,4330885.77,7.561,Pri,10358,0,0,0,6,1
14567,4,2009030000002,1,12,28,4,7,3,2,CV-70,47.7,47,7,0,1,5,3,1,3,2,2,2,1,1,1,1,5,6,4,1,1,1,9,14,3,2,3,NaN,2,2,NaN,,NaN,,NaN,,NaN,NaN,NaN,NaN,1,4,1,1,1,1,1,1,2,1,1,1,1,1,1,1,1,1,1,2,1,1,750022.566,4273414.522,147.996,Per,25542,0,0,2,13,6
14569,5,2009030000007,1,1,1,1,4,3,1,CV-790,1.1,1,1,0,1,5,2,3,3,3,2,1,1,1,1,1,7,7,8,1,5,1,9,14,3,1,1,NaN,2,NaN,NaN,,NaN,,NaN,,NaN,53,50,NaN,1,4,2,1,2,1,1,1,1,1,1,1,1,1,1,1,1,1,1,2,1,1,725875.628,4287516.597,513.371,Cob,2562,0,0,0,3,1
14570,4,2009030000008,1,12,25,3,4,3,1,CV-919,2.2,2,2,0,1,5,2,2,3,2,2,1,1,1,1,1,7,7,8,1,4,1,9,14,3,1,1,NaN,1,NaN,NaN,,NaN,,NaN,,67,NaN,60,NaN,1,4,1,1,1,1,1,1,1,1,1,1,1,1,1,2,1,1,1,2,1,1,683924.192,4218810.568,-7.735,Cob,2832,0,0,0,7,1
14571,5,2009030000009,1,1,1,1,4,3,1,CV-920,3.5,3,5,1,1,5,2,2,3,3,2,1,1,1,1,1,7,7,8,1,5,1,9,14,3,1,1,NaN,2,NaN,NaN,,NaN,,NaN,,NaN,64,60,NaN,1,4,2,1,2,1,1,1,1,1,1,1,1,1,1,1,1,1,1,2,1,1,702052.287,4219891.314,-22.78,Pri,6238,0,0,0,2,1
14574,4,2009030000012,1,12,28,4,7,3,3,CV-840,0.6,0,6,1,1,5,2,2,3,3,2,1,1,1,1,1,7,7,8,1,1,1,9,14,3,1,1,NaN,1,NaN,30,29,NaN,,NaN,,NaN,NaN,NaN,NaN,1,4,1,1,1,2,1,1,1,1,1,1,1,1,1,1,1,1,1,2,1,1,671100.373,4248248.16,519.873,Cob,4371,0,0,0,11,1
14576,4,2009030000014,1,12,24,5,3,1,2,CV-915,5.2,5,2,1,1,5,2,2,1,1,2,1,1,1,1,1,1,1,4,1,1,1,9,14,1,2,1,NaN,2,3,NaN,,NaN,,NaN,,NaN,NaN,NaN,NaN,1,4,2,1,1,1,1,1,2,1,1,1,1,1,1,1,1,1,1,2,1,1,679175.65,4216905.415,1.298,Sec,10471,0,1,0,15,7
14578,4,2009030000015,1,12,24,4,3,2,2,CV-895,3.7,3,7,0,1,5,2,2,3,3,2,1,1,1,1,1,1,1,3,1,1,1,9,14,1,1,1,NaN,2,2,NaN,,NaN,,NaN,,NaN,NaN,NaN,NaN,1,4,1,1,1,1,1,1,2,1,1,1,1,1,1,1,1,1,1,2,1,1,702622.903,4215489.03,8.532,Cob,7055,0,0,1,13,6
14579,4,2009030000016,1,12,30,6,2,1,1,CV-95,21.5,21,5,0,1,5,3,2,3,3,2,1,1,1,1,1,7,7,8,1,4,1,9,14,1,1,1,NaN,2,NaN,NaN,,NaN,,NaN,,66,NaN,60,NaN,1,4,2,1,2,1,1,1,1,1,1,1,1,1,1,1,1,1,1,2,1,1,696403.37,4205308.618,14.806,Cob,7851,0,0,0,22,1
14584,5,2009030000018,1,1,2,4,5,4,2,CV-900,2.9,2,9,0,1,5,2,2,3,3,2,1,1,1,1,1,2,1,3,1,1,1,1,14,1,1,1,NaN,2,NaN,NaN,,NaN,,NaN,,NaN,52,50,NaN,1,4,1,1,1,1,1,1,2,1,1,1,1,1,1,1,1,1,1,2,1,1,683528.238,4220296.447,-3.117,Cob,7284,0,0,0,14,7
14585,5,2009030000019,1,1,4,2,7,3,1,CV-81,54.3,54,3,0,1,5,2,2,3,3,2,1,1,1,1,1,7,7,8,3,5,4,9,14,3,1,1,NaN,1,NaN,NaN,,NaN,,NaN,,56,NaN,50,NaN,1,4,2,1,1,2,1,2,2,1,1,1,1,1,2,1,1,1,1,2,1,1,675100.149,4277431.693,514.136,Cob,4998,1,0,0,5,1
14587,5,2009030000022,1,1,3,4,6,2,1,CV-949,3,3,0,1,1,5,2,3,3,3,2,1,1,2,1,1,7,7,8,1,1,1,9,14,2,1,1,NaN,1,NaN,NaN,,NaN,,NaN,,NaN,61,60,NaN,1,4,1,1,1,1,1,2,1,1,1,1,1,1,1,1,1,1,1,2,1,1,681696.665,4208571.612,97.784,Cob,641,0,1,2,11,3
14589,5,2009030000025,1,1,4,6,7,3,2,CV-70,49,49,0,0,1,5,1,2,3,3,2,1,2,2,1,1,1,1,4,1,3,1,9,14,1,2,1,NaN,2,4,NaN,,NaN,,NaN,,NaN,NaN,NaN,NaN,1,4,2,1,1,1,1,1,1,1,1,1,1,1,1,1,1,1,1,2,1,1,749851.52,4272284.053,101.778,Per,23768,0,0,0,19,6
14590,5,2009030000030,1,1,6,4,2,3,1,CV-905,2.6,2,6,0,1,5,3,2,3,4,2,2,2,2,2,2,5,3,8,1,1,1,9,14,1,1,1,NaN,2,NaN,NaN,,NaN,,NaN,,NaN,63,60,NaN,1,4,1,1,2,1,1,2,1,1,1,1,1,1,1,1,1,1,1,2,1,1,699745.852,4214260.46,1.749,Pri,24466,0,0,0,12,6
14591,5,2009030000032,1,1,6,5,2,3,1,CV-919,0.8,0,8,0,1,5,2,3,3,1,2,1,1,2,1,1,7,7,8,1,1,1,2,14,1,1,1,NaN,2,NaN,NaN,,NaN,,NaN,,NaN,51,50,NaN,1,4,2,1,1,1,1,2,1,1,1,1,1,1,1,1,1,1,1,2,1,1,684079.002,4219967.731,-6.768,Cob,2892,0,0,1,15,4
14595,4,2009030000048,1,12,31,6,3,1,1,CV-845,2.7,2,7,0,1,5,3,2,3,3,2,1,1,2,2,2,7,7,8,1,4,1,9,14,3,1,1,NaN,1,NaN,NaN,,21,24,NaN,,NaN,NaN,NaN,NaN,1,4,1,1,1,1,1,1,1,1,1,1,1,1,1,2,1,1,1,2,1,1,691915.425,4243912.796,265.408,Sec,5894,0,0,0,19,1
14597,4,2009030000050,1,12,14,5,7,3,2,CV-800,12.5,12,5,1,1,5,3,2,3,3,2,1,2,2,2,2,7,7,8,3,1,1,9,14,3,1,1,NaN,1,4,NaN,,NaN,,NaN,,NaN,NaN,NaN,NaN,1,4,2,1,1,1,1,1,1,1,1,1,1,1,1,1,1,1,1,2,1,2,717276.861,4272741.165,692.434,Sec,6005,0,0,0,16,1
14599,5,2009030000055,1,1,4,6,7,3,2,CV-920,8.6,8,6,1,1,5,2,3,3,1,2,1,1,2,1,1,7,7,8,3,5,4,2,14,2,1,1,NaN,1,2,NaN,,NaN,,NaN,,NaN,NaN,NaN,NaN,1,4,1,1,1,1,1,2,1,2,1,1,1,1,1,1,1,1,1,2,1,1,699003.253,4217750.378,-12.909,Cob,3262,0,0,0,22,3
14601,5,2009030000056,1,1,2,4,5,1,2,CV-945,5.8,5,8,0,1,5,2,2,3,3,2,1,1,1,1,1,1,1,8,1,1,1,9,14,3,1,1,NaN,2,2,NaN,,NaN,,NaN,,NaN,NaN,NaN,NaN,1,4,1,1,1,1,1,1,1,1,1,1,1,1,1,1,1,1,2,2,1,2,695235.471,4210923.984,2.14,Cob,5022,0,0,0,13,6
14603,5,2009030000057,1,1,4,1,7,3,2,CV-915,5,5,0,1,1,5,2,2,3,1,2,1,1,1,1,1,1,1,8,1,3,1,9,14,1,2,1,NaN,2,2,NaN,,NaN,,NaN,,NaN,NaN,NaN,NaN,1,4,1,1,2,1,1,1,2,1,1,1,1,1,1,1,1,1,1,2,1,1,679088.567,4216858.878,1.456,Sec,8284,0,0,1,2,7
14609,4,2009030000060,1,12,24,1,3,2,1,CV-950,2,2,0,0,1,5,3,2,3,1,2,1,2,2,1,1,7,7,8,1,5,1,9,14,3,1,3,NaN,1,NaN,NaN,,NaN,,NaN,,68,NaN,60,NaN,1,4,2,1,1,1,1,2,1,1,1,1,1,1,1,1,1,1,1,2,2,3,688522,4211019.536,85.68,Cob,442,0,0,0,1,2
14611,5,2009030000068,1,1,9,3,5,1,2,CV-920,4.8,4,8,1,1,5,3,2,3,3,2,1,2,1,1,1,7,7,5,3,5,1,9,14,3,1,1,NaN,1,1,NaN,,NaN,,NaN,,NaN,NaN,NaN,NaN,1,4,1,1,1,1,1,1,2,1,1,1,1,1,1,1,1,1,1,2,2,2,700822.083,4219831.54,-22.465,Pri,6238,0,0,1,7,1
14615,5,2009030000069,1,1,6,1,2,3,2,CV-895,5.4,5,4,1,1,5,2,2,3,3,2,1,1,1,1,1,2,1,3,1,5,1,9,14,1,1,1,NaN,2,2,NaN,,NaN,,NaN,,NaN,NaN,NaN,NaN,1,4,1,1,1,1,1,1,2,1,1,1,1,1,1,1,1,1,1,2,1,1,701179.809,4214115.243,-11.348,Cob,8075,0,0,2,2,6
14618,5,2009030000070,1,1,5,4,1,2,3,CV-905,9,9,0,0,1,5,3,2,3,3,2,1,1,1,1,1,4,3,4,1,1,1,9,14,1,2,1,NaN,2,4,NaN,,NaN,,NaN,,NaN,NaN,NaN,NaN,2,4,2,1,1,1,1,2,2,1,1,1,1,1,1,1,1,1,1,2,1,1,702704.304,4208839.843,-19.001,Cob,28977,0,1,0,11,6
14620,5,2009030000071,1,1,9,4,5,1,2,CV-915,5,5,0,0,1,5,2,3,3,3,2,1,1,1,1,1,1,1,8,1,1,1,9,14,1,2,1,NaN,2,NaN,NaN,,NaN,,NaN,,NaN,NaN,NaN,71,1,4,1,1,1,1,1,1,2,1,1,1,1,1,1,1,1,1,1,2,2,1,676490.215,4214217.389,3.589,Sec,8284,0,0,0,14,7
14622,5,2009030000077,1,1,10,6,6,2,2,CV-800,3.6,3,6,1,1,5,3,2,3,3,2,1,2,2,2,1,5,6,4,1,3,1,9,14,1,1,3,NaN,2,3,NaN,,NaN,,NaN,,NaN,NaN,NaN,NaN,1,4,1,1,1,1,1,1,2,1,1,1,1,1,1,1,1,1,1,2,1,1,719573.276,4278341.283,895.971,Sec,5482,0,0,0,20,6
14628,5,2009030000079,1,1,11,3,7,3,1,CV-920,6.8,6,8,0,1,5,2,2,3,3,2,1,1,2,1,1,7,7,8,3,1,1,9,14,1,1,1,NaN,1,NaN,NaN,,NaN,,NaN,,57,NaN,50,NaN,1,4,2,1,1,1,1,2,1,1,1,1,1,1,1,1,1,1,1,2,1,1,690658.18,4217337.974,-0.948,Cob,3262,0,0,0,10,2
14629,5,2009030000084,1,1,6,4,2,3,1,CV-81,34,34,0,1,1,5,2,2,3,3,2,1,1,1,1,1,7,7,8,1,1,1,9,14,3,1,1,NaN,2,NaN,NaN,,NaN,,NaN,,57,NaN,50,NaN,1,4,2,2,1,2,1,2,2,1,2,1,1,1,1,1,1,1,1,2,1,1,700702.78,4289178.514,643.663,Cob,5430,0,0,0,14,1
14631,5,2009030000087,1,1,9,6,5,1,2,CV-80,14.5,14,5,0,1,2,3,2,3,4,2,2,2,1,2,2,7,7,8,1,5,1,9,14,3,1,1,NaN,2,4,NaN,,NaN,,NaN,,NaN,NaN,NaN,NaN,1,4,2,1,1,1,1,1,1,1,1,1,1,1,1,1,1,1,1,2,1,1,701423.762,4275994.267,632.483,Sec,8993,0,0,0,19,1
14632,5,2009030000090,1,1,12,6,1,4,1,CV-951,1.6,1,6,1,1,5,1,3,3,2,2,1,1,1,1,1,7,7,8,1,1,1,2,3,1,1,1,NaN,2,NaN,NaN,,NaN,,NaN,,NaN,54,50,NaN,1,4,2,1,1,1,1,1,1,1,1,1,1,1,1,1,1,1,1,2,1,1,689488.537,4206428.101,87.444,Cob,1663,0,1,0,17,2
14633,5,2009030000092,1,1,11,1,7,3,1,CV-84,4,4,0,1,1,5,3,2,3,4,2,2,2,2,2,2,5,1,8,3,3,1,9,14,3,1,1,NaN,2,NaN,NaN,,NaN,,NaN,,NaN,64,60,NaN,1,4,1,1,1,1,1,2,1,1,1,1,1,1,1,1,1,1,1,2,1,1,696624.631,4243366.977,212.813,Sec,16947,0,0,0,1,6
14636,5,2009030000094,1,1,6,6,2,3,1,CV-81,51.2,51,2,1,1,5,3,2,3,4,2,1,1,1,1,1,7,7,8,1,5,1,9,14,3,1,3,NaN,2,NaN,NaN,,21,24,NaN,,NaN,NaN,NaN,NaN,1,4,1,1,1,1,1,1,1,1,1,1,1,1,1,2,1,1,1,2,2,1,707741.645,4298915.145,368.009,Cob,4998,0,0,0,21,1
14638,5,2009030000096,1,1,11,6,7,3,1,CV-865,3.6,3,6,0,1,5,3,2,3,4,2,1,1,1,2,1,7,7,5,1,5,1,9,14,1,1,1,NaN,2,NaN,NaN,,21,24,NaN,,NaN,NaN,NaN,NaN,1,4,1,1,1,1,1,1,1,1,1,1,1,1,1,1,1,2,1,2,1,1,706164.578,4235873.201,25.002,Cob,13788,0,0,0,22,1
14640,5,2009030000098,1,1,13,6,2,1,2,CV-725,2,2,0,0,1,5,2,2,3,2,2,1,2,1,1,1,7,7,5,1,2,1,9,14,3,1,1,NaN,1,4,NaN,,NaN,,NaN,,NaN,NaN,NaN,NaN,1,4,1,1,1,1,1,1,2,1,1,1,1,1,1,1,1,1,1,2,1,1,763882.661,4302015.546,5.462,Pri,21233,0,0,0,17,1