Id,Ano,Numero_Accidente,Provincia,Mes,Dia,Hora,Dia_Semana,Tipo_Dia,Vehiculos_Implicados,Carretera,Pk,Km,Hm,Sentido,Zona,Tipo_Via,Anchura_Calzada,Anchura_Carril,Marcas_Viales,Arcen,Arcen_Pavimentado,Mediana,Barrera_Seguridad,Paneles_Direccionales,Hitos_Arista,Captafaros,Interseccion_Tipo,Interseccion_Acondicionamiento,Prioridad_Regulada_por,Superficie,Luminosidad,Factores_Atmosfericos,Visibilidad_Restringida_por,Otras_Circunstancias,Senalizacion_Peligro,Aceras,Arboles,Arboles_Metros_Calzada,Visibilidad_Senalizacion_Vertical,Colision_Vehiculos_Marcha,Colision_Vehiculo_Obstaculo_1,Colision_Vehiculo_Obstaculo_2,Atropello_1,Atropello_2,Vuelco_1,Vuelco_2,Salida_Sin_Colision,Salida_Con_Colision,Lado_Salida,Otro,Circulacion,Circulacion_Medidas_Especiales,Distraccion,Inexperiencia_Conductor,Alcohol_Drogas,Cansancio_Sueno,Enfermedad,Velocidad_Inadecuada,Infraccion_Norma_Circulacion,Estado_Condicion_Via,Estado_Condicion_Senalizacion,Tramo_Obras,Mal_Estado_Vehiculo,Averia_Mecanica,Meteorologia_Adversa,Irrupcion_Animal,Circular_Sentido_Contrario,Otro_Factor,Sin_Opinion_Definida,Pendiente,Curvatura,Peralte,GPS_x,GPS_y,GPS_z,Tipo_Est,IMD,N_Muertos,N_Graves,N_Leves,Hora_Real,Fuera_o_Interseccion
14642,5,2009030000099,1,1,10,5,6,2,2,CV-91,4.2,4,2,1,1,5,3,2,3,3,2,1,2,2,2,1,7,7,8,1,1,9,9,14,3,1,3,NaN,1,2,NaN,,NaN,,NaN,,NaN,NaN,NaN,NaN,1,4,1,1,1,1,1,1,2,1,1,1,1,1,1,1,1,1,1,2,1,1,701273.231,4218896.829,-24.405,Sec,11799,0,0,0,15,1
14643,5,2009030000100,1,1,13,3,2,1,1,CV-870,3.2,3,2,0,1,5,3,2,3,3,2,1,2,2,2,2,7,7,8,1,1,1,9,14,1,1,1,NaN,1,NaN,30,31,NaN,,NaN,,NaN,NaN,NaN,NaN,1,4,1,1,1,1,1,2,1,1,1,1,1,1,1,1,1,1,1,2,1,1,679668.893,4222619.506,25.578,Cob,5099,0,1,0,10,2
14644,5,2009030000101,1,1,13,4,2,1,1,CV-941,4.3,4,3,1,1,5,2,2,3,3,2,1,1,2,1,1,7,7,8,1,1,1,9,14,1,1,1,NaN,2,NaN,NaN,,NaN,,NaN,,NaN,54,50,NaN,1,4,1,1,1,1,1,2,1,1,1,1,1,1,1,1,1,1,1,2,1,2,693976.1,4202286.039,118.589,Sec,3828,0,0,1,12,5
14645,5,2009030000102,1,1,14,6,3,1,1,CV-920,2.5,2,5,1,1,5,2,2,3,3,2,1,1,1,1,1,7,7,8,1,4,1,9,14,3,1,1,NaN,2,NaN,NaN,,NaN,,NaN,,NaN,62,60,NaN,1,4,2,1,1,1,1,1,1,1,1,1,1,1,1,1,1,1,1,2,1,1,703029.624,4219910.746,-23.043,Pri,6238,0,0,0,19,1
14648,5,2009030000105,1,1,18,1,7,3,2,CV-945,1.2,1,2,0,1,5,2,3,3,3,2,1,1,1,1,1,7,7,8,1,5,1,9,14,3,1,1,NaN,2,1,NaN,,NaN,,NaN,,NaN,NaN,NaN,NaN,1,4,2,1,1,1,1,1,2,1,1,1,1,1,1,1,1,1,1,2,1,1,699660.782,4211747.794,-23.303,Sec,10529,1,0,0,23,1
14652,5,2009030000106,1,1,18,6,7,3,2,CV-920,5,5,0,0,1,5,2,2,3,3,2,1,1,1,1,1,7,7,8,1,1,1,9,14,3,1,1,NaN,2,1,NaN,,NaN,,NaN,,NaN,NaN,NaN,NaN,1,4,2,1,1,1,1,1,2,1,1,1,1,1,1,1,1,1,1,2,1,1,689235.567,4217125.081,-1.954,Pri,6238,0,0,5,17,2
14653,5,2009030000108,1,1,12,3,1,4,1,CV-805,4,4,0,0,1,5,3,3,3,3,2,1,1,2,1,2,7,7,8,4,1,1,9,14,1,1,1,NaN,2,NaN,NaN,,NaN,,NaN,,56,NaN,50,NaN,1,4,1,1,1,1,1,1,1,1,1,1,1,1,2,1,1,1,1,2,1,1,708945.802,4274550.84,607.411,Cob,1504,0,0,1,8,2
14654,5,2009030000110,1,1,13,6,2,1,1,CV-800,16,16,0,1,1,5,3,3,3,3,2,1,2,2,1,1,7,7,8,1,4,1,9,14,1,1,1,NaN,2,NaN,NaN,,NaN,,NaN,,67,NaN,60,NaN,1,4,2,1,1,1,1,1,1,1,1,1,1,1,1,1,1,1,1,2,1,2,717001.398,4271095.069,516.949,Cob,3122,0,0,1,19,2
14655,5,2009030000111,1,1,7,3,3,4,1,CV-895,1.5,1,5,0,1,5,2,2,2,3,2,1,1,1,1,1,7,7,8,1,1,1,9,14,3,1,1,NaN,2,NaN,NaN,,NaN,,NaN,,57,NaN,50,NaN,1,4,1,1,1,1,1,1,1,1,1,1,1,1,1,1,1,2,1,2,1,1,701115.881,4214009.523,-12.495,Cob,8075,0,0,0,10,1
14657,5,2009030000112,1,1,12,3,1,4,1,CV-945,0.5,0,5,1,1,5,3,2,3,3,2,1,1,1,1,1,5,1,4,3,5,1,9,13,2,1,1,NaN,2,NaN,NaN,,NaN,,NaN,,65,NaN,60,NaN,1,4,1,1,1,1,1,1,1,1,1,1,1,1,1,1,1,2,1,2,1,1,691044.039,4210560.808,42.704,Sec,10529,0,0,0,7,6
14658,5,2009030000116,1,1,9,1,5,1,1,CV-905,9,9,0,0,1,5,3,2,3,1,2,1,1,2,1,1,5,1,4,1,3,1,9,14,1,1,1,NaN,2,NaN,NaN,,NaN,,NaN,,58,NaN,50,NaN,1,4,2,1,1,1,1,2,1,1,1,1,1,1,1,1,1,1,1,2,1,1,702704.304,4208839.843,-19.001,Cob,28977,0,0,0,3,7
14660,5,2009030000119,1,1,16,4,5,1,2,CV-70,46.7,46,7,0,1,5,3,2,3,1,2,2,1,1,1,1,7,7,6,1,1,1,9,14,1,1,3,NaN,2,4,NaN,,NaN,,NaN,,NaN,NaN,NaN,NaN,1,4,2,1,1,1,1,1,2,1,1,1,1,1,1,1,1,1,1,2,1,1,750335.328,4274282.095,151.343,Per,23768,0,0,1,11,1
14664,5,2009030000120,1,1,18,4,7,3,2,CV-775,29.5,29,5,0,1,5,2,3,3,1,2,1,2,2,1,1,7,7,8,1,1,1,9,14,2,1,1,NaN,2,1,NaN,,NaN,,NaN,,NaN,NaN,NaN,NaN,1,4,1,1,1,1,1,2,2,1,1,1,1,1,1,1,1,1,1,2,2,3,737543.579,4273650.9,310.253,Cob,1200,0,0,2,13,3
14666,5,2009030000121,1,1,18,4,7,3,2,CV-915,3.5,3,5,0,1,5,2,2,3,1,2,1,1,1,1,1,1,1,8,1,1,1,9,14,3,1,1,NaN,2,2,NaN,,NaN,,NaN,,NaN,NaN,NaN,NaN,1,4,1,1,1,1,1,1,2,1,1,1,1,1,1,1,1,1,1,2,1,1,677402.981,4215453.689,4.216,Sec,8284,0,0,0,14,7
14669,5,2009030000127,1,1,18,1,7,3,1,CV-870,6,6,0,1,1,5,2,3,2,3,2,1,1,2,1,1,7,7,8,1,5,1,2,14,1,1,1,NaN,2,NaN,NaN,,NaN,,NaN,,56,NaN,50,NaN,1,4,2,1,1,1,1,1,1,1,1,1,1,1,1,1,1,1,1,2,1,1,678653.798,4224965.169,32.709,Cob,5099,0,0,2,23,5
14671,5,2009030000128,1,1,17,3,6,2,2,CV-70,48.2,48,2,0,1,5,2,2,3,3,2,2,2,1,2,2,7,7,8,1,1,1,9,14,1,1,1,NaN,2,4,NaN,,NaN,,NaN,,NaN,NaN,NaN,NaN,1,4,1,1,1,1,1,1,2,1,1,1,1,1,1,1,1,1,1,2,1,1,749857.861,4272950.771,131.341,Per,23768,0,0,2,9,2
14673,5,2009030000137,1,1,12,4,1,4,2,CV-925,31.1,31,1,0,1,5,3,2,3,3,2,1,1,1,2,2,1,1,3,1,1,1,9,14,1,1,1,NaN,2,2,NaN,,NaN,,NaN,,NaN,NaN,NaN,NaN,1,4,1,1,1,1,1,1,2,1,1,1,1,1,1,1,1,1,1,2,1,1,692617.793,4194849.082,48.107,Sec,4604,0,0,0,11,6
14675,5,2009030000143,1,1,16,6,5,1,1,CV-914,1.4,1,4,0,1,5,2,2,3,1,2,1,1,1,1,1,7,7,5,1,5,1,9,14,3,1,1,NaN,1,NaN,NaN,,NaN,,NaN,,NaN,62,60,NaN,1,4,2,1,1,1,1,1,1,1,1,1,1,1,1,1,1,1,1,2,1,1,690106.489,4218346.812,-10.161,Cob,3587,0,0,3,20,1
14677,5,2009030000145,1,1,17,5,6,2,2,CV-941,9.8,9,8,1,1,5,2,2,3,3,2,1,1,1,1,1,1,1,5,1,1,1,9,14,3,1,1,NaN,1,4,NaN,,NaN,,NaN,,NaN,NaN,NaN,NaN,1,4,2,1,1,1,1,1,1,1,1,1,1,1,1,1,1,1,1,2,1,1,695023.59,4197610.177,60.412,Sec,3828,0,0,0,16,7
14678,5,2009030000154,1,1,18,1,7,3,1,CV-913,1.4,1,4,1,1,5,2,3,3,1,2,1,1,1,1,1,7,7,8,1,4,1,9,14,1,2,3,NaN,2,NaN,NaN,,NaN,,NaN,,NaN,53,50,NaN,1,4,2,1,2,1,1,2,1,1,1,1,1,1,1,1,1,1,1,2,1,1,691754.373,4225414.01,-22.063,Sec,6367,0,0,0,23,1
14679,5,2009030000155,1,1,19,6,1,4,1,CV-925,27,27,0,0,1,5,2,2,4,1,2,1,1,1,1,1,7,7,8,1,1,1,9,14,3,1,1,NaN,1,NaN,NaN,,21,24,NaN,,NaN,NaN,NaN,NaN,1,4,1,1,1,1,1,1,1,1,1,1,1,1,1,2,1,1,1,2,1,1,689224.001,4196970.882,119.325,Sec,4604,0,0,0,17,1
14680,5,2009030000157,1,1,8,1,4,1,1,CV-905,2.6,2,6,0,1,5,3,2,3,3,2,2,2,1,1,1,5,1,4,3,4,4,9,14,1,1,1,NaN,1,NaN,NaN,,NaN,,NaN,,NaN,62,60,NaN,1,4,2,1,1,1,1,1,1,1,1,1,1,1,1,1,1,1,1,2,1,1,699745.852,4214260.46,1.749,Pri,24466,0,0,1,23,7
14682,5,2009030000170,1,1,16,4,5,1,2,CV-91,7.8,7,8,1,1,5,3,2,3,3,2,2,1,1,1,1,5,1,4,1,1,1,9,14,1,1,1,NaN,2,4,NaN,,NaN,,NaN,,NaN,NaN,NaN,NaN,1,4,2,1,1,1,1,1,1,1,1,1,1,1,1,1,1,1,1,2,1,1,697801.433,4219291.607,-26.912,Sec,11799,0,0,0,12,6
14684,5,2009030000172,1,1,24,1,6,2,2,CV-800,2.8,2,8,0,1,5,3,2,3,3,2,1,2,1,1,1,1,1,8,1,5,1,9,14,1,1,3,NaN,2,3,NaN,,NaN,,NaN,,NaN,NaN,NaN,NaN,1,4,1,1,2,1,1,1,1,1,1,1,1,1,1,1,1,1,1,2,2,2,717514.939,4272777.369,680.158,Cob,14543,0,1,0,4,6
14685,5,2009030000176,1,1,24,6,6,2,1,CV-865,2.3,2,3,0,1,5,3,2,3,4,2,1,1,2,2,2,7,7,8,1,5,1,9,14,3,1,1,NaN,2,NaN,NaN,,21,24,NaN,,NaN,NaN,NaN,NaN,1,4,1,1,1,1,1,1,1,1,1,1,1,1,1,2,1,1,1,2,1,1,705086.293,4236564.885,34.092,Cob,13788,0,0,0,20,1
14686,5,2009030000178,1,1,25,6,7,3,1,CV-799,1.1,1,1,1,1,5,2,2,3,1,2,1,1,1,1,1,7,7,8,3,4,9,9,14,2,1,3,NaN,2,NaN,NaN,,21,24,NaN,,NaN,NaN,NaN,NaN,1,4,1,1,1,1,1,1,1,1,1,1,1,1,1,2,1,2,1,2,1,2,698286.164,4275927.22,711.294,Pri,4036,0,0,0,19,1
14688,5,2009030000182,1,1,25,4,7,3,2,CV-805,12.8,12,8,1,1,5,3,2,3,3,2,1,2,2,2,1,1,6,3,3,5,4,9,14,1,1,3,NaN,2,2,NaN,,NaN,,NaN,,NaN,NaN,NaN,NaN,1,4,2,1,1,1,1,1,2,1,1,1,1,1,1,1,1,1,1,2,2,2,710130.646,4276841.543,659.733,Cob,1504,0,0,0,14,6
14690,5,2009030000191,1,1,29,3,4,1,2,CV-91,0.4,0,4,0,1,5,3,2,3,4,2,1,2,2,1,1,7,7,8,1,1,1,9,14,1,1,1,NaN,2,4,NaN,,NaN,,NaN,,NaN,NaN,NaN,NaN,1,4,2,1,1,1,1,1,1,1,1,1,1,1,1,1,1,1,1,2,1,2,681426.604,4217589.226,1.556,Cob,11261,0,0,1,10,2
14692,5,2009030000202,1,1,30,6,5,1,1,CV-865,2.2,2,2,0,1,5,3,2,3,3,2,1,1,1,2,2,7,7,8,1,5,1,9,14,1,1,3,NaN,2,NaN,NaN,,NaN,,NaN,,NaN,53,50,NaN,1,4,1,1,1,1,1,1,1,1,1,1,1,1,1,1,1,2,1,2,1,1,705003.017,4236618.277,35.008,Cob,13788,0,0,0,19,1
14694,5,2009030000203,1,1,30,6,5,1,2,CV-925,28.5,28,5,1,1,5,3,2,3,3,2,1,1,1,1,1,7,7,5,1,5,1,9,14,3,1,1,NaN,1,1,NaN,,NaN,,NaN,,NaN,NaN,NaN,NaN,1,4,1,1,2,1,1,1,2,1,1,1,1,1,1,1,1,1,1,2,1,1,683036.009,4214150.613,23.765,Sec,4604,0,0,0,19,1
14695,5,2009030000207,1,1,19,2,1,1,1,CV-903,1,1,0,0,1,5,2,2,3,2,2,1,1,1,1,1,7,7,8,1,4,1,9,14,2,2,1,NaN,1,NaN,NaN,,NaN,,NaN,,NaN,63,60,NaN,1,4,1,1,1,2,1,1,1,1,1,1,1,1,1,1,1,1,1,2,1,1,699306.356,4219014.299,-12.875,Cob,0,0,0,0,5,3
14696,5,2009030000208,1,1,31,5,6,2,1,CV-70,26.3,26,3,1,1,5,2,3,3,3,2,1,1,2,1,1,7,7,8,3,1,4,9,14,1,1,3,NaN,2,NaN,NaN,,NaN,,NaN,,NaN,53,50,NaN,1,4,2,1,2,1,1,1,1,1,1,1,1,1,1,1,1,1,1,2,1,1,738427.236,4285550.824,696.888,Sec,756,0,0,0,16,5
14697,5,2009030000214,1,1,28,6,3,1,1,CV-925,28,28,0,0,1,5,2,3,3,3,2,1,1,2,1,1,7,7,8,1,5,1,9,14,3,1,3,NaN,2,NaN,NaN,,NaN,,NaN,,67,NaN,60,NaN,1,4,2,1,2,1,1,1,1,1,1,1,1,1,1,1,1,1,1,2,1,1,690051.512,4196468.845,96.712,Sec,4604,0,0,1,21,1
14698,5,2009030000219,1,1,30,4,5,1,1,CV-790,6.5,6,5,0,1,5,3,2,3,1,2,1,1,1,1,1,5,1,8,1,1,1,9,14,3,1,1,NaN,2,NaN,NaN,,NaN,,NaN,,NaN,62,60,NaN,1,4,2,1,1,1,2,1,1,1,1,1,1,1,1,1,1,1,1,2,1,1,723615.816,4291054.213,392.02,Cob,3847,0,0,0,11,6
14700,5,2009030000224,1,2,2,3,1,4,2,CV-725,4.6,4,6,0,1,5,2,2,3,3,2,2,1,1,2,2,7,7,8,1,1,1,9,14,3,1,1,NaN,2,2,NaN,,NaN,,NaN,,NaN,NaN,NaN,NaN,1,4,2,1,1,1,1,1,1,1,1,1,1,1,1,1,1,1,1,2,1,1,765934.46,4303147.066,2.795,Cob,28280,0,0,1,10,1
14702,5,2009030000237,1,1,31,5,6,2,2,CV-905,1.3,1,3,0,1,5,3,2,3,3,2,2,1,2,2,2,7,7,8,1,1,1,9,14,3,1,1,NaN,2,1,NaN,,NaN,,NaN,,NaN,NaN,NaN,NaN,1,4,2,1,1,2,1,1,1,1,1,1,1,1,1,1,1,1,1,2,1,1,699158.469,4215364.25,18.122,Pri,24466,0,0,0,16,1
14706,5,2009030000249,1,2,5,4,4,1,4,CV-900,10.1,10,1,1,1,5,2,3,3,3,2,1,2,2,1,1,5,6,4,1,1,1,9,14,1,1,1,NaN,2,5,NaN,,NaN,,NaN,,NaN,NaN,NaN,NaN,1,4,2,1,1,1,1,1,1,1,1,1,1,1,1,1,1,1,1,2,1,1,684556.175,4220459.02,-11.265,Cob,7643,0,0,2,14,6
14707,5,2009030000260,1,2,7,3,6,2,1,CV-775,6.3,6,3,0,1,5,2,3,3,1,2,1,2,2,2,1,7,7,5,1,1,1,9,14,1,1,1,NaN,2,NaN,NaN,,NaN,,NaN,,65,NaN,60,NaN,1,4,2,1,1,1,1,1,1,1,1,1,1,1,1,1,1,1,1,2,1,1,728719.433,4263361.12,232.192,Cob,280,0,0,1,10,5
14709,5,2009030000261,1,2,7,4,6,2,2,CV-919,2,2,0,1,1,5,2,3,3,1,2,1,1,1,1,1,1,1,8,1,1,1,9,14,2,1,1,NaN,2,3,NaN,,NaN,,NaN,,NaN,NaN,NaN,NaN,1,4,1,1,1,1,1,1,2,1,1,1,1,1,1,1,1,1,1,2,1,1,683966.337,4219659.304,-8.192,Cob,2892,0,0,1,14,6
14711,5,2009030000263,1,2,6,5,5,1,2,CV-95,17.8,17,8,1,1,5,2,2,3,3,2,1,1,1,1,1,2,1,3,1,1,1,9,14,1,1,1,NaN,2,2,NaN,,NaN,,NaN,,NaN,NaN,NaN,NaN,1,4,1,1,1,1,1,1,2,1,1,1,1,1,1,1,1,1,1,2,1,1,688190.894,4212852.959,52.314,Pri,8579,0,0,0,15,6
14712,5,2009030000265,1,2,7,6,6,2,1,CV-913,0,0,0,0,1,5,2,2,3,3,2,2,1,2,1,1,5,3,4,1,1,8,9,14,1,1,1,NaN,2,NaN,NaN,,NaN,,NaN,,NaN,63,60,NaN,1,4,2,1,1,1,1,1,1,1,1,1,1,1,1,1,1,1,1,1,1,1,687236.537,4222152.116,-11.444,Sec,6367,0,0,0,17,6
14717,5,2009030000268,1,2,8,4,7,3,2,CV-70,47.5,47,5,1,1,5,2,2,3,1,2,2,1,1,1,1,7,7,8,1,1,1,9,14,3,1,3,NaN,2,4,NaN,,NaN,,NaN,,NaN,NaN,NaN,NaN,1,4,2,1,1,1,1,1,2,1,1,1,1,1,1,1,1,1,1,2,1,1,723201.457,4286521.602,736.569,Per,23768,0,0,4,13,1
14719,5,2009030000272,1,2,4,3,3,1,2,CV-91,19.1,19,1,0,1,5,3,3,3,3,2,1,2,1,2,2,7,7,8,1,1,1,9,14,3,1,1,NaN,1,4,NaN,,NaN,,NaN,,NaN,NaN,NaN,NaN,1,4,2,1,1,1,1,1,1,1,1,1,1,1,1,1,1,1,1,2,1,1,699346.11,4219341.266,-19.107,Cob,7792,0,0,0,8,2
14721,5,2009030000286,1,2,5,6,4,1,2,CV-925,6.3,6,3,0,1,5,2,2,3,3,2,1,1,2,1,1,7,7,8,1,5,1,2,14,1,1,1,NaN,2,1,NaN,,NaN,,NaN,,NaN,NaN,NaN,NaN,1,4,2,1,1,1,1,1,2,1,1,1,1,1,1,1,1,1,1,2,1,1,683976.102,4212291.272,73.276,Cob,1377,0,1,2,22,5
14723,5,2009030000287,1,2,9,3,1,1,2,CV-800,18.1,18,1,0,1,5,2,2,3,4,2,1,1,2,1,1,1,1,3,1,1,1,9,14,1,1,1,NaN,2,2,NaN,,NaN,,NaN,,NaN,NaN,NaN,NaN,1,4,1,1,1,1,1,1,2,1,1,1,1,1,1,1,1,1,1,2,1,1,718305.624,4268923.604,415.918,Cob,3122,0,0,0,10,6
14724,5,2009030000288,1,2,7,1,6,2,1,CV-821,2.5,2,5,1,1,5,3,2,3,2,1,2,1,1,2,2,1,2,8,1,1,1,9,14,3,1,1,NaN,2,NaN,NaN,,NaN,,NaN,,NaN,63,60,NaN,1,4,2,1,2,1,1,2,1,1,1,1,1,1,1,1,1,1,1,2,1,1,722079.127,4253748.072,27.791,Sec,24033,0,0,0,3,6
14727,5,2009030000291,1,2,5,6,4,1,3,CV-91,14.9,14,9,0,1,5,3,2,3,3,2,1,2,1,1,1,5,6,4,1,1,1,9,14,1,1,1,NaN,2,4,NaN,,NaN,,NaN,,NaN,NaN,NaN,NaN,1,4,2,1,1,1,1,1,2,1,1,1,1,1,1,1,1,1,1,2,1,1,695316.332,4219037.647,-17.526,Pri,12685,0,0,0,17,6
14729,5,2009030000299,1,2,9,6,1,1,2,CV-91,22.1,22,1,0,1,5,3,2,3,4,2,1,1,2,2,2,7,7,8,1,5,1,9,14,3,1,1,NaN,2,4,NaN,,NaN,,NaN,,NaN,NaN,NaN,NaN,1,4,2,1,1,1,1,1,2,1,1,1,1,1,1,1,1,1,1,2,1,1,702140.963,4219273.75,-24.143,Cob,7792,0,2,0,20,1
14731,5,2009030000306,1,2,6,3,5,1,2,CV-821,2.4,2,4,1,1,5,2,2,3,3,2,1,1,1,1,1,5,1,4,1,2,1,9,14,3,1,1,NaN,1,3,NaN,,NaN,,NaN,,NaN,NaN,NaN,NaN,1,4,1,1,1,1,1,1,2,1,1,1,1,1,1,1,1,1,1,2,1,2,722148.977,4253678.278,26.032,Sec,24033,0,0,0,8,6
14732,5,2009030000307,1,2,6,4,5,1,1,CV-81,49.6,49,6,0,1,5,2,2,3,3,2,1,1,1,1,1,7,7,8,1,1,1,9,14,3,1,1,NaN,1,NaN,NaN,,NaN,,NaN,,57,NaN,50,NaN,1,4,2,2,1,1,1,2,1,1,1,1,1,1,1,1,1,1,1,2,1,1,679734.121,4278334.131,466.21,Cob,4998,0,0,0,14,1
14734,5,2009030000309,1,2,7,5,6,2,2,CV-865,2.5,2,5,0,1,5,3,2,3,4,2,1,1,1,1,1,2,5,3,1,1,1,9,14,1,1,1,NaN,2,2,NaN,,NaN,,NaN,,NaN,NaN,NaN,NaN,1,4,2,1,1,1,1,1,2,1,1,1,1,1,1,1,1,1,1,2,1,1,705252.859,4236458.122,32.45,Cob,13788,0,0,2,15,7
14738,5,2009030000315,1,2,11,3,3,1,2,CV-800,28.5,28,5,1,1,5,3,2,3,3,2,1,2,2,2,2,7,7,8,1,1,1,2,14,1,1,3,NaN,2,2,NaN,,NaN,,NaN,,NaN,NaN,NaN,NaN,1,4,2,1,1,1,1,1,2,1,1,1,1,1,1,1,1,1,1,2,1,1,720535.755,4261151.88,161.752,Cob,1719,0,0,1,8,5
14739,5,2009030000327,1,2,7,1,6,2,1,CV-91,15,15,0,0,1,5,2,2,3,3,2,1,1,1,2,2,5,1,4,1,4,1,9,14,3,1,1,NaN,2,NaN,NaN,,NaN,,NaN,,55,NaN,50,NaN,1,4,2,1,2,1,1,2,1,1,1,1,1,1,1,1,1,1,1,2,1,1,695386.935,4219107.869,-17.886,Cob,9784,0,0,0,3,6
14740,5,2009030000340,1,2,7,6,6,2,1,CV-840,0,0,0,0,1,5,3,2,4,3,2,1,1,2,2,2,5,1,8,1,5,1,9,14,3,1,1,NaN,1,NaN,NaN,,NaN,,NaN,,67,NaN,60,NaN,1,4,2,1,1,1,1,1,1,1,1,1,1,1,1,1,1,1,1,2,1,1,694343.966,4250758.038,234.056,Cob,3196,0,0,0,22,6
14741,5,2009030000343,1,2,12,4,4,1,1,CV-821,3.1,3,1,1,1,5,3,2,3,3,2,2,2,2,1,2,1,1,8,9,1,1,9,14,3,1,1,NaN,1,NaN,NaN,,NaN,,12,9,NaN,NaN,NaN,NaN,1,4,1,1,1,1,1,1,1,2,1,1,1,1,1,1,1,2,1,2,1,1,721692.45,4254196.712,36.138,Sec,24033,0,0,0,14,6
14744,5,2009030000345,1,2,11,3,3,1,3,CV-900,6,6,0,1,1,5,3,2,3,3,2,1,1,2,1,1,5,6,4,1,1,1,9,14,1,1,1,NaN,2,3,NaN,,NaN,,NaN,,NaN,NaN,NaN,NaN,1,4,2,1,1,1,1,1,1,1,1,1,1,1,1,1,1,1,1,2,1,1,687258.394,4222020.057,-14.162,Cob,7284,0,0,0,10,6
14745,5,2009030000355,1,2,14,6,6,2,1,CV-83,23.8,23,8,0,1,5,3,2,3,3,2,1,2,1,2,2,5,1,8,1,3,1,9,14,3,1,1,NaN,2,NaN,NaN,,NaN,,NaN,,NaN,63,60,NaN,1,4,2,1,2,1,1,1,1,1,1,1,1,1,1,1,1,1,1,2,1,1,672286.746,4252856.89,562.783,Cob,5152,0,0,0,21,6
14751,5,2009030000359,1,2,13,3,5,1,2,CV-91,8.5,8,5,0,1,5,3,2,3,3,2,1,1,2,1,1,5,1,4,1,2,1,9,14,1,1,1,NaN,2,3,NaN,,NaN,,NaN,,NaN,NaN,NaN,NaN,1,4,1,1,1,1,1,1,2,1,1,1,1,1,1,1,1,1,1,2,1,1,689257.336,4218122.323,-12.643,Pri,12685,0,0,0,7,6
14752,5,2009030000372,1,2,15,1,7,3,1,CV-840,1.1,1,1,1,1,5,3,2,3,3,2,1,2,2,1,1,7,7,8,1,5,1,9,14,1,1,1,NaN,2,NaN,NaN,,NaN,,NaN,,NaN,54,50,NaN,1,4,2,1,2,1,1,1,1,1,1,1,1,1,1,1,1,1,1,2,1,2,671557.622,4248092.086,517.635,Cob,3196,0,0,0,0,5
14753,5,2009030000376,1,2,9,4,1,4,1,CV-914,2.3,2,3,0,1,5,3,2,3,1,2,1,1,1,1,1,7,7,8,1,1,1,9,14,3,1,2,2,1,NaN,NaN,,NaN,,NaN,,NaN,61,60,NaN,1,4,1,1,1,1,2,1,1,1,1,1,1,1,1,1,1,1,1,2,1,1,690936.366,4218676.067,-10.245,Cob,3587,0,0,0,13,1
14757,5,2009030000387,1,2,18,5,3,1,2,CV-821,6,6,0,1,1,5,3,2,3,3,2,2,1,2,1,1,5,2,8,1,1,1,9,14,1,1,1,NaN,2,4,NaN,,NaN,,NaN,,NaN,NaN,NaN,NaN,1,4,2,1,1,1,1,1,2,1,1,1,1,1,1,1,1,1,1,2,1,1,719311.097,4252805.773,52.997,Cob,14646,0,0,1,16,6
14760,5,2009030000390,1,2,16,3,1,4,3,CV-95,17.5,17,5,1,1,5,2,2,3,3,2,1,1,1,1,1,7,7,8,1,1,1,9,14,3,1,1,NaN,2,5,NaN,,NaN,,NaN,,NaN,NaN,NaN,NaN,1,4,2,1,1,1,1,1,1,1,1,1,1,1,1,1,1,1,1,2,1,1,688320.886,4212587.721,50.678,Pri,8579,0,0,0,10,1
14762,5,2009030000395,1,2,12,6,4,1,2,CV-895,1.2,1,2,0,1,5,3,2,3,3,2,1,1,1,1,1,1,1,3,1,1,1,9,14,1,1,1,NaN,2,3,NaN,,NaN,,NaN,,NaN,NaN,NaN,NaN,1,4,2,1,1,1,1,1,2,1,1,1,1,1,1,1,1,1,1,2,1,1,700943.918,4213768.143,-14.311,Cob,8075,0,0,0,18,7
14766,5,2009030000401,1,2,22,6,7,3,2,CV-840,2,2,0,1,1,5,2,3,3,3,2,1,1,1,1,1,7,7,8,1,5,1,9,3,3,1,3,NaN,2,1,NaN,,NaN,,NaN,,NaN,NaN,NaN,NaN,1,4,1,1,1,1,1,1,2,1,1,1,1,1,1,1,1,1,1,2,2,3,672304.127,4247698.265,513.234,Cob,3196,1,3,0,20,3
14767,5,2009030000404,1,2,15,2,7,3,1,CV-845,6,6,0,0,1,5,1,2,4,3,2,1,1,1,1,1,5,1,8,1,3,1,9,14,1,1,1,NaN,2,NaN,NaN,,NaN,,NaN,,NaN,61,60,NaN,1,4,2,1,1,1,1,2,1,1,1,1,1,1,1,1,1,1,1,2,1,1,688894.779,4242672.469,336.231,Sec,4524,0,1,1,5,6
14769,5,2009030000406,1,2,19,1,4,1,2,CV-925,30.5,30,5,0,1,5,3,2,3,3,2,1,1,1,1,1,1,1,3,1,3,1,9,14,1,1,1,NaN,1,2,NaN,,NaN,,NaN,,NaN,NaN,NaN,NaN,1,4,1,1,1,1,1,1,2,1,1,1,1,1,1,1,1,1,1,2,1,1,692161.279,4195232.827,58.221,Sec,4604,0,0,2,23,6