Id,Ano,Numero_Accidente,Provincia,Mes,Dia,Hora,Dia_Semana,Tipo_Dia,Vehiculos_Implicados,Carretera,Pk,Km,Hm,Sentido,Zona,Tipo_Via,Anchura_Calzada,Anchura_Carril,Marcas_Viales,Arcen,Arcen_Pavimentado,Mediana,Barrera_Seguridad,Paneles_Direccionales,Hitos_Arista,Captafaros,Interseccion_Tipo,Interseccion_Acondicionamiento,Prioridad_Regulada_por,Superficie,Luminosidad,Factores_Atmosfericos,Visibilidad_Restringida_por,Otras_Circunstancias,Senalizacion_Peligro,Aceras,Arboles,Arboles_Metros_Calzada,Visibilidad_Senalizacion_Vertical,Colision_Vehiculos_Marcha,Colision_Vehiculo_Obstaculo_1,Colision_Vehiculo_Obstaculo_2,Atropello_1,Atropello_2,Vuelco_1,Vuelco_2,Salida_Sin_Colision,Salida_Con_Colision,Lado_Salida,Otro,Circulacion,Circulacion_Medidas_Especiales,Distraccion,Inexperiencia_Conductor,Alcohol_Drogas,Cansancio_Sueno,Enfermedad,Velocidad_Inadecuada,Infraccion_Norma_Circulacion,Estado_Condicion_Via,Estado_Condicion_Senalizacion,Tramo_Obras,Mal_Estado_Vehiculo,Averia_Mecanica,Meteorologia_Adversa,Irrupcion_Animal,Circular_Sentido_Contrario,Otro_Factor,Sin_Opinion_Definida,Pendiente,Curvatura,Peralte,GPS_x,GPS_y,GPS_z,Tipo_Est,IMD,N_Muertos,N_Graves,N_Leves,Hora_Real,Fuera_o_Interseccion
15004,5,2009030001067,1,5,7,1,4,1,1,CV-903,2.1,2,1,0,1,5,2,3,3,2,1,1,1,1,1,1,7,7,8,1,5,1,9,14,1,1,1,NaN,2,NaN,NaN,,NaN,,NaN,,NaN,51,50,NaN,1,4,2,1,2,1,1,1,1,1,1,1,1,1,1,1,1,1,1,2,1,1,699517.868,4219919.711,-13.529,Cob,0,0,0,1,4,1
15006,5,2009030001069,1,5,5,4,2,1,2,CV-91,22.6,22,6,0,1,5,3,2,3,4,2,1,2,2,2,2,7,7,8,1,1,1,9,14,3,1,1,NaN,1,4,NaN,,NaN,,NaN,,NaN,NaN,NaN,NaN,1,4,1,1,1,1,1,1,2,1,1,1,1,1,1,1,1,1,1,2,1,1,702626.382,4219187.684,-25.338,Cob,7792,0,0,0,14,1
15008,5,2009030001070,1,5,3,5,7,3,2,CV-83,28.8,28,8,0,1,5,2,2,3,3,2,1,1,1,1,1,1,1,8,1,1,1,9,14,3,1,1,NaN,1,4,NaN,,NaN,,NaN,,NaN,NaN,NaN,NaN,1,4,2,1,1,1,1,1,2,1,1,1,1,1,1,1,1,1,1,2,1,1,668043.18,4252635.243,588.871,Cob,2367,0,0,0,15,6
15012,5,2009030001078,1,5,9,5,6,2,2,CV-870,1.3,1,3,0,1,5,3,2,3,3,2,1,1,2,1,1,1,2,8,3,1,4,4,14,1,1,3,NaN,2,4,NaN,,NaN,,NaN,,NaN,NaN,NaN,NaN,1,4,2,1,1,1,1,1,1,1,1,1,1,1,1,1,1,1,1,2,1,1,680528.652,4221091.791,7.418,Cob,14392,0,0,2,16,6
15015,5,2009030001080,1,5,9,1,6,2,3,CV-734,3,3,0,0,1,5,3,2,3,3,2,1,1,1,2,2,7,7,8,1,5,1,9,14,2,1,1,NaN,1,4,NaN,,NaN,,NaN,,NaN,NaN,NaN,NaN,1,4,2,1,1,1,1,1,2,1,1,1,1,1,1,1,1,1,1,2,1,1,769774.489,4297065.727,41.54,Sec,11748,0,0,1,0,2
15017,5,2009030001083,1,5,8,3,5,1,2,CV-915,5,5,0,0,1,5,2,2,3,3,2,1,1,1,1,1,1,1,3,1,1,1,9,14,1,2,1,NaN,2,2,NaN,,NaN,,NaN,,NaN,NaN,NaN,NaN,1,4,1,1,1,1,1,1,2,1,1,1,1,1,1,1,1,1,1,2,1,1,676559.575,4214282.331,3.161,Sec,8284,0,0,0,8,7
15022,5,2009030001085,1,5,10,6,7,3,3,CV-900,7.3,7,3,0,1,5,3,2,3,4,2,1,2,1,1,1,7,7,8,1,1,1,9,14,2,1,1,NaN,2,3,NaN,,NaN,,NaN,,NaN,NaN,NaN,NaN,1,4,1,1,1,1,1,1,2,1,1,1,1,1,1,1,1,1,1,2,1,1,687091.702,4221094.984,-6.488,Sec,9721,0,0,0,19,1
15024,5,2009030001090,1,5,8,4,5,1,2,CV-70,49,49,0,1,1,5,3,3,3,3,2,2,1,1,2,2,5,1,4,1,1,1,9,14,1,2,3,NaN,2,4,NaN,,NaN,,NaN,,NaN,NaN,NaN,NaN,1,4,1,1,1,1,1,1,2,1,1,1,1,1,1,1,1,1,1,2,2,2,722245.837,4285856.787,758.977,Per,23768,0,0,0,13,6
15026,5,2009030001091,1,5,8,6,5,1,2,CV-95,3.3,3,3,0,1,5,2,2,3,4,2,1,1,1,1,1,7,7,8,1,1,1,9,14,3,1,3,NaN,1,4,NaN,,NaN,,NaN,,NaN,NaN,NaN,NaN,1,4,2,1,1,1,1,1,1,1,1,1,1,1,1,1,1,1,1,2,1,1,683126.867,4215505.879,9.195,Cob,13019,0,0,2,17,1
15028,5,2009030001094,1,5,11,4,1,1,2,CV-821,4.2,4,2,0,1,5,3,2,3,3,2,2,1,1,1,1,5,3,4,1,1,1,9,14,1,1,3,NaN,2,2,NaN,,NaN,,NaN,,NaN,NaN,NaN,NaN,1,4,1,1,1,1,1,1,2,1,1,1,1,1,1,1,1,1,1,2,1,1,719880.982,4253153.651,48.33,Sec,24033,0,0,1,11,6
15029,5,2009030001098,1,5,9,4,6,2,1,CV-941,2.1,2,1,1,1,5,2,2,3,1,2,1,1,2,1,1,7,7,8,3,1,4,2,14,1,1,1,NaN,2,NaN,NaN,,NaN,,NaN,,NaN,53,50,NaN,1,4,2,1,1,1,1,2,1,1,1,1,1,1,1,1,1,1,1,2,1,1,694046.131,4204450.782,106.998,Sec,3828,0,0,1,11,5
15031,5,2009030001101,1,5,11,3,1,4,2,CV-845,8.6,8,6,1,1,5,2,3,3,2,2,1,1,2,2,1,1,1,8,1,1,1,9,14,1,1,3,NaN,2,2,NaN,,NaN,,NaN,,NaN,NaN,NaN,NaN,1,4,2,1,1,1,1,1,2,1,1,1,1,1,1,1,1,1,1,2,1,1,684697.493,4241536.618,386.822,Cob,2469,0,0,1,9,6
15032,5,2009030001106,1,5,9,6,6,1,1,CV-700,61.1,61,1,0,1,5,3,1,2,1,2,1,1,1,1,1,7,7,8,1,5,1,9,8,1,1,1,NaN,2,NaN,NaN,,NaN,,NaN,,NaN,63,60,NaN,1,4,2,1,1,1,1,1,1,1,1,1,1,1,1,1,1,1,1,2,1,1,753756.757,4304218.95,-3.562,Cob,6324,0,0,0,21,1
15033,5,2009030001116,1,5,7,6,4,1,1,CV-821,6.9,6,9,0,1,5,3,2,3,3,2,2,1,2,1,2,7,7,5,1,1,1,9,14,1,1,1,NaN,1,NaN,NaN,,NaN,,NaN,,NaN,61,60,NaN,1,4,2,1,2,1,1,1,2,1,1,1,1,1,1,1,1,1,1,2,1,1,721976.565,4253837.632,29.316,Cob,14646,0,0,0,18,1
15035,5,2009030001118,1,5,14,5,4,1,2,CV-70,45.7,45,7,0,1,5,3,2,3,3,2,2,1,1,2,2,7,7,5,1,1,1,9,14,3,1,1,NaN,2,NaN,NaN,,NaN,,NaN,,NaN,NaN,NaN,71,1,4,2,1,2,1,1,1,1,1,1,1,1,1,1,1,1,1,1,2,2,1,750461.592,4275312.519,163.864,Per,23768,0,1,1,15,2
15036,5,2009030001119,1,5,14,6,4,1,1,CV-941,4.3,4,3,1,1,5,2,2,3,1,2,1,2,2,1,1,7,7,8,1,1,1,9,7,3,1,1,NaN,2,NaN,NaN,,NaN,,12,9,NaN,NaN,NaN,NaN,1,4,2,1,1,1,1,1,1,1,1,1,1,1,1,1,1,1,1,2,1,2,693976.1,4202286.039,118.589,Sec,3828,0,0,0,18,1
15037,5,2009030001123,1,5,16,1,6,2,1,CV-904,4.5,4,5,0,1,5,3,2,3,3,2,1,1,1,1,1,7,7,8,1,5,1,9,14,3,1,3,NaN,2,NaN,NaN,,21,21,NaN,,NaN,NaN,NaN,NaN,1,4,2,1,1,1,1,1,2,1,1,1,1,1,1,1,1,1,1,2,1,1,691790.563,4229584.133,-14.951,Cob,4055,1,0,0,1,1
15039,5,2009030001128,1,5,16,4,6,2,2,CV-820,6.7,6,7,0,1,5,2,2,3,3,2,1,1,1,1,1,7,7,8,1,1,1,9,14,1,1,1,NaN,2,2,NaN,,NaN,,NaN,,NaN,NaN,NaN,NaN,1,4,1,1,1,1,1,1,2,1,1,1,1,1,1,1,1,1,1,2,1,1,707744.485,4255861.878,230.122,Cob,4847,0,0,2,13,1
15040,5,2009030001138,1,5,13,4,3,1,1,CV-800,28,28,0,1,1,5,2,2,3,1,2,1,1,2,1,1,7,7,8,1,1,1,9,14,2,1,1,NaN,1,NaN,NaN,,NaN,,NaN,,NaN,64,60,NaN,1,4,1,1,1,1,1,2,1,1,1,1,1,1,1,1,1,1,1,2,1,1,720403.474,4261636.268,172.123,Cob,1719,0,0,0,12,2
15043,5,2009030001145,1,5,19,4,2,1,3,CV-763,4.4,4,4,0,1,5,2,2,3,3,2,1,2,2,1,1,7,7,5,1,1,1,9,14,1,1,1,NaN,2,NaN,NaN,,NaN,,NaN,,NaN,NaN,NaN,71,1,4,1,1,1,1,2,1,1,1,1,1,1,1,1,1,1,1,1,2,1,1,750767.723,4275595.147,157.588,Cob,11852,0,0,3,12,5
15045,5,2009030001147,1,5,14,4,4,1,2,CV-775,1.9,1,9,0,1,5,2,3,3,3,2,1,1,1,1,1,7,7,7,1,1,1,9,14,3,1,1,NaN,2,NaN,NaN,,NaN,,NaN,,67,NaN,60,NaN,1,4,1,1,1,1,1,1,2,1,1,1,1,1,1,1,1,1,1,2,1,2,727785.318,4259577.939,40.006,Cob,2106,0,0,1,14,2
15047,5,2009030001156,1,5,15,3,5,1,2,CV-821,5.8,5,8,1,1,5,3,2,3,4,2,2,1,1,2,2,7,7,8,1,1,1,9,14,3,1,1,NaN,1,4,NaN,,NaN,,NaN,,NaN,NaN,NaN,NaN,1,4,1,1,1,1,1,1,2,1,1,1,1,1,1,1,1,1,1,2,2,1,719585.868,4252897.963,49.272,Sec,24033,0,0,0,8,1
15049,5,2009030001168,1,5,22,3,5,1,2,CV-915,2.9,2,9,0,1,5,2,3,3,1,2,1,1,1,1,1,1,4,8,1,1,1,9,14,2,2,3,NaN,2,4,NaN,,NaN,,NaN,,NaN,NaN,NaN,NaN,2,4,1,1,1,1,1,1,2,1,1,1,1,1,1,1,1,1,1,2,1,1,677834.618,4215863.923,3.571,Sec,8284,0,0,0,7,6
15052,5,2009030001170,1,5,17,2,7,3,1,CV-905,1.7,1,7,1,1,5,3,2,3,3,2,2,2,1,2,2,7,7,8,1,2,1,9,14,3,1,1,NaN,2,NaN,NaN,,NaN,,NaN,,NaN,63,60,NaN,1,4,1,1,1,2,1,1,1,1,1,1,1,1,1,1,1,1,1,2,1,1,702875.868,4208296.545,-18.49,Pri,24466,0,0,4,6,1
15054,5,2009030001171,1,5,19,3,2,1,2,CV-70,49,49,0,0,1,5,2,3,3,3,2,2,1,1,2,2,5,1,4,1,1,1,9,14,1,2,3,NaN,2,3,NaN,,NaN,,NaN,,NaN,NaN,NaN,NaN,2,4,2,1,1,1,1,1,2,1,1,1,1,1,1,1,1,1,1,2,1,1,749851.52,4272284.053,101.778,Per,23768,0,0,1,9,6
15058,5,2009030001172,1,5,20,4,3,1,2,CV-755,2,2,0,1,1,5,1,3,3,2,2,1,2,2,1,1,7,7,8,1,1,1,2,14,1,1,3,NaN,2,1,NaN,,NaN,,NaN,,NaN,NaN,NaN,NaN,1,4,2,1,1,1,1,1,1,1,1,1,1,1,1,1,1,1,1,2,1,1,756919.096,4280185.147,42.704,Cob,1041,0,1,1,11,5
15059,5,2009030001173,1,5,22,5,5,1,1,CV-827,8,8,0,1,1,5,2,3,3,3,2,1,2,2,1,1,7,7,8,1,1,1,9,14,1,1,1,NaN,2,NaN,NaN,,NaN,,NaN,,58,NaN,50,NaN,1,4,2,1,1,1,1,1,1,1,1,1,1,1,1,1,1,1,1,2,1,1,707239.045,4262382.226,582.542,Cob,441,0,2,0,15,4
15061,5,2009030001184,1,5,16,3,6,2,2,CV-805,13,13,0,0,1,5,2,2,3,3,2,1,2,1,1,1,1,1,8,1,1,1,9,14,2,1,1,NaN,2,2,NaN,,NaN,,NaN,,NaN,NaN,NaN,NaN,1,4,2,1,1,1,1,1,2,1,1,1,1,1,1,1,1,1,1,2,1,1,708519.911,4266523.647,577.235,Cob,1504,0,0,0,7,6
15063,5,2009030001186,1,5,20,3,3,1,2,CV-865,2.1,2,1,1,1,5,3,2,3,3,2,1,1,1,2,1,5,5,3,1,1,1,9,14,1,1,1,NaN,2,2,NaN,,NaN,,NaN,,NaN,NaN,NaN,NaN,1,4,1,1,1,1,1,1,2,1,1,1,1,1,1,1,1,1,1,2,1,1,711439.058,4231970.134,-15.27,Cob,13788,0,0,0,9,6
15064,5,2009030001190,1,5,20,6,3,1,1,CV-84,2.5,2,5,0,1,5,3,2,3,4,2,2,1,1,2,2,7,7,8,1,5,1,9,14,2,1,1,NaN,2,NaN,NaN,,21,24,NaN,,NaN,NaN,NaN,NaN,1,4,1,1,1,1,1,1,1,1,1,1,1,1,1,2,1,1,1,2,1,2,697450.785,4242296.662,181.458,Sec,16947,0,0,0,22,1
15066,5,2009030001191,1,5,26,3,2,1,2,CV-95,26.1,26,1,0,1,5,3,2,3,3,2,1,2,1,2,2,7,7,8,1,1,1,9,14,3,1,1,NaN,2,4,NaN,,NaN,,NaN,,NaN,NaN,NaN,NaN,1,4,2,1,1,1,1,1,2,1,1,1,1,1,1,1,1,1,1,2,2,1,700550.91,4204307.758,-9.303,Cob,21913,0,1,0,8,1
15068,5,2009030001192,1,5,26,3,2,1,2,CV-900,8.4,8,4,0,1,5,1,3,3,3,2,1,2,1,1,1,7,7,8,1,1,1,9,14,1,1,1,NaN,2,4,NaN,,NaN,,NaN,,NaN,NaN,NaN,NaN,1,4,2,1,1,1,1,1,2,1,1,1,1,1,1,1,1,1,1,2,1,1,687236.642,4222147.283,-18.544,Sec,9721,0,0,1,8,1
15069,5,2009030001198,1,5,26,4,2,1,1,CV-865,3.2,3,2,1,1,5,3,2,3,3,2,1,1,1,2,2,7,7,8,1,1,1,9,14,1,1,1,NaN,2,NaN,NaN,,NaN,,NaN,,NaN,52,50,NaN,1,4,1,1,1,1,1,1,1,1,1,1,1,2,1,1,1,1,1,2,1,1,710700.199,4232771.502,-20.383,Cob,13788,0,0,1,12,1
15070,5,2009030001205,1,5,27,1,3,1,1,CV-840,5,5,0,0,1,5,2,2,3,3,2,1,1,2,1,1,7,7,8,1,5,1,9,14,2,1,3,NaN,2,NaN,NaN,,NaN,,NaN,,66,NaN,60,NaN,1,4,1,1,2,1,1,2,1,1,1,1,1,1,1,1,1,1,1,2,1,1,689816.784,4249254.002,326.266,Cob,3196,0,0,0,0,4
15071,5,2009030001206,1,5,28,1,4,1,1,CV-720,42,42,0,0,1,5,2,2,3,1,2,1,1,2,1,1,7,7,8,1,5,1,9,14,1,1,1,NaN,2,NaN,NaN,,NaN,,NaN,,NaN,52,50,NaN,1,4,1,1,2,1,1,2,1,1,1,1,1,1,1,1,1,1,1,2,2,1,757235.537,4293701.764,198.908,Cob,2146,0,0,0,4,5
15072,5,2009030001208,1,5,28,4,4,1,1,CV-70,40.6,40,6,0,1,5,2,2,3,4,2,1,2,1,1,1,7,7,5,1,1,1,9,14,3,1,1,NaN,2,NaN,NaN,,NaN,,NaN,,NaN,64,60,NaN,1,4,2,1,1,1,1,1,1,1,1,1,1,1,1,1,1,1,1,2,1,1,748614.613,4279574.526,266.344,Cob,0,0,0,1,14,2
15074,5,2009030001212,1,5,29,3,5,1,2,CV-870,6.6,6,6,1,1,5,2,3,3,3,2,1,1,1,1,1,7,7,8,1,1,1,9,14,3,1,1,NaN,1,4,NaN,,NaN,,NaN,,NaN,NaN,NaN,NaN,1,4,1,1,1,1,1,1,2,1,1,1,1,1,1,1,1,1,1,2,2,3,678681.04,4224362.41,28.823,Cob,5099,0,0,3,8,1
15076,5,2009030001213,1,5,29,4,5,1,2,CV-95,3.3,3,3,1,1,5,3,2,3,3,2,1,1,1,1,1,7,7,8,1,1,1,9,14,3,1,1,NaN,2,2,NaN,,NaN,,NaN,,NaN,NaN,NaN,NaN,1,4,1,1,1,1,1,1,2,1,1,1,1,1,1,1,1,1,1,2,1,1,698755.917,4204829.161,0.201,Cob,13019,0,0,0,14,1
15077,5,2009030001217,1,5,24,3,7,3,1,CV-800,6.5,6,5,1,1,5,1,1,3,2,2,1,1,2,2,2,7,7,8,1,1,1,2,14,1,1,3,NaN,2,NaN,NaN,,NaN,,NaN,,NaN,53,50,NaN,1,4,1,1,2,1,1,1,1,1,1,1,2,1,1,1,1,1,1,2,1,1,718835.96,4275747.296,983.807,Sec,5482,0,0,1,7,5
15078,5,2009030001222,1,5,31,4,7,3,1,CV-950,1.5,1,5,0,1,5,2,3,3,2,2,1,2,2,1,1,7,7,8,3,1,4,2,14,1,1,1,NaN,2,NaN,NaN,,NaN,,NaN,,NaN,63,60,NaN,1,4,1,1,1,1,1,2,2,1,1,1,1,1,1,1,1,1,1,2,1,1,688872.758,4211137.692,85.633,Cob,422,0,1,0,12,5
15081,5,2009030001226,1,5,29,6,5,1,2,CV-821,6.5,6,5,0,1,5,2,3,3,1,2,2,1,2,1,1,1,1,8,1,3,1,9,14,3,1,1,NaN,1,2,NaN,,NaN,,NaN,,NaN,NaN,NaN,NaN,1,4,2,1,1,1,1,1,1,1,1,1,1,1,1,1,1,1,1,2,1,1,721722.847,4254141.01,32.3,Cob,14646,0,0,2,22,7
15083,5,2009030001227,1,5,23,1,6,2,2,CV-736,4,4,0,1,1,5,1,3,3,1,2,1,2,2,2,2,7,7,8,3,5,4,9,14,1,1,3,NaN,2,1,NaN,,NaN,,NaN,,NaN,NaN,NaN,NaN,1,4,1,1,1,1,1,2,1,1,1,1,1,1,2,1,1,1,1,2,1,1,773369.419,4301080.636,116.33,Cob,4724,0,1,0,0,5
15085,5,2009030001229,1,5,26,6,2,1,2,CV-815,1.9,1,9,1,1,5,2,2,3,1,2,1,1,1,1,1,5,1,8,1,1,1,9,14,1,1,1,NaN,2,4,NaN,,NaN,,NaN,,NaN,NaN,NaN,NaN,1,4,2,1,1,1,1,1,2,1,1,1,1,1,1,1,1,1,1,2,1,1,703510.631,4274054.729,647.003,Cob,5237,0,0,0,20,6
15086,5,2009030001232,1,5,24,1,7,3,1,CV-81,41.8,41,8,0,1,5,2,2,3,3,2,1,2,2,2,2,7,7,8,1,3,1,9,14,1,1,1,NaN,1,NaN,NaN,,NaN,,NaN,,67,NaN,60,NaN,1,4,1,1,1,1,1,2,1,1,1,1,1,1,2,1,1,1,1,2,2,1,685269.382,4280221.392,476.741,Cob,4998,0,0,0,0,2
15087,5,2009030001244,1,3,1,4,7,3,1,CV-773,12.6,12,6,0,1,5,2,3,3,3,2,1,2,2,2,1,7,7,8,1,1,1,9,14,1,1,3,NaN,2,NaN,NaN,,NaN,,12,9,NaN,NaN,NaN,NaN,1,4,2,1,1,1,1,2,1,1,1,1,1,1,1,1,1,1,1,1,2,2,728171.406,4263695.874,304.687,Cob,193,0,0,0,11,4
15088,5,2009030001262,1,5,26,3,2,1,1,CV-95,19.1,19,1,0,1,5,3,2,3,3,2,1,2,2,2,1,7,7,8,1,1,1,9,14,3,1,3,NaN,1,NaN,NaN,,21,24,NaN,,NaN,NaN,NaN,NaN,1,4,1,1,1,1,1,1,1,1,1,1,1,1,1,2,1,1,1,2,1,2,694503.507,4206289.443,38.784,Cob,7923,0,0,0,9,2
15090,5,2009030001263,1,5,14,4,4,1,2,CV-941,4.5,4,5,0,1,5,3,2,3,3,2,1,1,1,2,2,1,1,8,1,1,1,9,14,1,1,1,NaN,2,2,NaN,,NaN,,NaN,,NaN,NaN,NaN,NaN,1,4,1,1,1,1,1,1,2,1,1,1,1,1,1,1,1,1,1,2,2,2,695037.807,4198971.367,36.747,Sec,3828,0,0,0,14,6
15091,5,2009030001267,1,5,31,6,7,3,1,CV-865,11.8,11,8,1,1,5,2,2,3,3,2,1,2,2,1,2,5,1,4,3,1,1,9,14,1,1,1,NaN,2,NaN,NaN,,NaN,,NaN,,NaN,54,50,NaN,1,4,2,1,1,1,1,1,1,1,1,1,1,1,1,1,1,1,1,2,1,1,703641.487,4237496.036,42.364,NaN,0,0,1,0,21,6
15092,5,2009030001271,1,6,2,1,2,1,1,CV-865,3.5,3,5,0,1,5,3,2,3,3,2,1,1,1,2,1,7,7,5,1,5,1,9,14,3,1,3,NaN,2,NaN,NaN,,21,21,NaN,,NaN,NaN,NaN,NaN,1,4,1,1,1,1,1,1,2,1,1,1,1,1,1,1,1,1,1,2,1,1,706081.436,4235926.688,25.38,Cob,13788,1,0,0,23,1
15095,5,2009030001273,1,5,21,6,4,1,2,CV-920,15.3,15,3,1,1,5,3,2,3,3,2,1,1,1,1,1,5,6,4,1,1,1,9,14,1,1,1,NaN,2,4,NaN,,NaN,,NaN,,NaN,NaN,NaN,NaN,1,4,2,1,1,1,1,1,2,1,1,1,1,1,1,1,1,1,1,2,1,1,692805.302,4217891.692,-5.417,Cob,0,0,0,0,17,6
15096,5,2009030001276,1,5,24,6,7,3,1,CV-95,18.1,18,1,0,1,5,3,2,3,3,2,1,1,1,2,2,7,7,8,1,2,1,2,14,3,1,1,NaN,2,NaN,NaN,,NaN,,NaN,,66,NaN,60,NaN,1,4,1,1,1,1,1,2,2,1,1,1,1,1,1,1,1,1,1,2,1,1,693655.809,4206942.629,38.778,Pri,8579,0,1,1,21,1
15098,5,2009030001290,1,4,11,6,6,3,1,CV-913,0.6,0,6,0,2,5,3,1,3,3,1,1,1,1,1,1,7,7,8,1,1,1,9,14,2,2,1,NaN,1,NaN,NaN,,21,21,NaN,,NaN,NaN,NaN,NaN,1,4,2,1,1,1,1,1,1,1,1,1,1,1,1,1,1,1,1,2,1,1,687708.939,4222450.899,-12.582,Sec,6367,0,0,2,18,1
15099,5,2009030001298,1,5,13,6,3,1,1,CV-941,10,10,0,0,1,5,2,2,3,3,2,1,1,1,1,1,1,1,3,1,1,1,9,14,1,1,1,NaN,2,NaN,NaN,,NaN,,NaN,,67,NaN,60,NaN,1,4,2,1,1,1,1,1,1,1,1,1,1,1,1,1,1,1,1,2,1,1,694010.402,4204154.9,113.803,Sec,3828,0,0,0,18,6
15101,5,2009030001299,1,5,27,5,3,1,2,CV-940,10.5,10,5,0,1,5,2,2,3,3,2,1,1,1,1,1,1,1,3,1,1,1,9,14,1,1,1,NaN,2,2,NaN,,NaN,,NaN,,NaN,NaN,NaN,NaN,1,4,1,1,1,1,1,1,2,1,1,1,1,1,1,1,1,1,1,2,1,2,698084.008,4215132.848,6.02,Cob,3315,0,0,0,16,6
15104,5,2009030001301,1,6,4,6,4,1,3,CV-91,3.1,3,1,1,1,5,2,2,3,3,2,1,1,1,1,1,1,1,8,1,1,1,9,14,3,2,1,NaN,2,4,NaN,,NaN,,NaN,,NaN,NaN,NaN,NaN,2,4,2,2,1,1,1,1,1,1,1,1,1,1,1,1,1,2,1,2,1,1,702258.945,4219269.208,-25.581,Sec,11799,0,0,0,19,7
15106,5,2009030001317,1,6,7,4,7,3,2,CV-865,7.5,7,5,0,1,5,2,2,3,3,2,1,1,1,1,1,7,7,8,1,1,1,9,14,3,1,1,NaN,2,4,NaN,,NaN,,NaN,,NaN,NaN,NaN,NaN,2,4,2,1,1,1,1,1,1,1,1,1,1,1,1,1,1,1,1,2,1,1,709389.012,4233746.444,-11.27,Cob,13788,0,0,1,12,1
15108,5,2009030001318,1,6,5,6,5,1,2,CV-905,2,2,0,1,1,5,2,2,3,3,2,1,2,1,1,1,7,7,8,1,5,1,9,14,3,1,1,NaN,2,4,NaN,,NaN,,NaN,,NaN,NaN,NaN,NaN,1,4,1,1,1,1,1,1,2,1,1,1,1,1,1,1,1,1,1,2,1,1,702793.254,4208574.962,-19.375,Pri,24466,0,0,2,22,1
15110,5,2009030001320,1,6,8,4,1,4,2,CV-870,0.3,0,3,1,1,5,2,2,3,3,2,1,2,1,2,2,1,1,3,1,1,1,9,14,1,1,3,NaN,2,2,NaN,,NaN,,NaN,,NaN,NaN,NaN,NaN,1,4,1,1,1,1,1,1,2,1,1,1,1,1,1,1,1,1,1,2,1,1,675768.139,4228860.458,113.617,Cob,14392,0,0,3,13,6
15112,5,2009030001322,1,5,30,6,6,2,2,CV-724,3.9,3,9,0,1,5,2,3,3,2,2,1,1,1,1,2,1,1,5,1,1,1,9,14,1,1,1,NaN,2,2,NaN,,NaN,,NaN,,NaN,NaN,NaN,NaN,1,4,1,1,2,1,1,1,2,1,1,1,1,1,1,1,1,1,1,2,1,2,764993.682,4301824.067,12.082,Sec,6142,0,0,1,19,7
15113,5,2009030001330,1,6,8,6,1,1,1,CV-800,12.5,12,5,0,1,5,3,2,3,3,2,1,1,2,1,1,7,7,8,1,1,1,2,14,1,1,3,NaN,2,NaN,NaN,,NaN,,NaN,,NaN,63,60,NaN,1,4,2,1,2,1,1,1,1,1,1,1,1,1,1,1,1,1,1,2,1,1,719861.934,4278749.559,872.38,Sec,5482,0,0,0,19,2
15115,5,2009030001334,1,6,9,5,2,1,2,CV-715,45.2,45,2,0,1,5,2,3,3,1,2,1,2,2,1,1,7,7,5,1,1,1,9,14,1,1,1,NaN,2,2,NaN,,NaN,,NaN,,NaN,NaN,NaN,NaN,1,4,1,1,1,1,1,1,2,1,1,1,1,1,1,1,1,1,1,2,1,1,750543.151,4279862.511,158.024,Cob,359,0,0,0,15,5
15117,5,2009030001335,1,6,9,6,2,1,2,CV-724,6,6,0,0,1,5,2,2,3,2,2,1,2,2,1,1,7,7,8,1,5,1,2,14,1,1,1,NaN,2,2,NaN,,NaN,,NaN,,NaN,NaN,NaN,NaN,1,4,1,1,1,1,1,2,2,1,1,1,1,1,1,1,1,1,1,2,1,1,766046.242,4303477.65,-5.772,Cob,2898,0,0,3,21,5
15120,5,2009030001343,1,4,21,4,2,1,2,CV-900,4,4,0,0,1,5,3,1,3,3,2,1,1,1,1,1,7,7,8,1,1,1,9,14,3,2,1,NaN,2,4,NaN,,NaN,,NaN,,NaN,NaN,NaN,NaN,1,4,2,1,1,1,1,1,2,1,1,1,1,1,1,1,1,1,1,2,1,1,684556.189,4220465.138,-5.303,Cob,7284,0,0,4,14,1
15123,5,2009030001359,1,6,4,6,4,1,3,CV-95,25.8,25,8,0,1,5,2,2,3,3,2,1,1,1,1,1,7,7,8,1,1,1,9,14,3,1,1,NaN,2,4,NaN,,NaN,,NaN,,NaN,NaN,NaN,NaN,1,4,2,1,1,1,1,1,1,1,1,1,1,1,1,1,1,2,1,2,2,1,700164.951,4204391.295,-3.433,Cob,21913,0,0,0,18,1
15125,5,2009030001360,1,6,9,3,2,1,2,CV-70,9.3,9,3,0,1,5,3,2,3,2,2,1,2,2,2,2,2,1,7,1,1,1,9,14,1,1,1,NaN,2,2,NaN,,NaN,,NaN,,NaN,NaN,NaN,NaN,1,4,1,1,1,1,1,1,2,1,1,1,1,1,1,1,1,1,1,2,1,1,728194.499,4286866.54,538.8,Cob,1440,0,0,0,9,6
15126,5,2009030001363,1,6,7,1,7,3,1,CV-95,26.6,26,6,0,1,5,1,2,4,5,2,1,1,1,1,1,7,7,5,1,3,1,9,14,3,1,1,NaN,1,NaN,NaN,,21,21,NaN,,NaN,NaN,NaN,NaN,1,4,2,1,1,1,1,1,2,1,1,1,1,1,1,1,1,1,1,2,1,1,700931.025,4204270.855,-13.78,NaN,0,0,1,0,1,2