Id,Ano,Numero_Accidente,Provincia,Mes,Dia,Hora,Dia_Semana,Tipo_Dia,Vehiculos_Implicados,Carretera,Pk,Km,Hm,Sentido,Zona,Tipo_Via,Anchura_Calzada,Anchura_Carril,Marcas_Viales,Arcen,Arcen_Pavimentado,Mediana,Barrera_Seguridad,Paneles_Direccionales,Hitos_Arista,Captafaros,Interseccion_Tipo,Interseccion_Acondicionamiento,Prioridad_Regulada_por,Superficie,Luminosidad,Factores_Atmosfericos,Visibilidad_Restringida_por,Otras_Circunstancias,Senalizacion_Peligro,Aceras,Arboles,Arboles_Metros_Calzada,Visibilidad_Senalizacion_Vertical,Colision_Vehiculos_Marcha,Colision_Vehiculo_Obstaculo_1,Colision_Vehiculo_Obstaculo_2,Atropello_1,Atropello_2,Vuelco_1,Vuelco_2,Salida_Sin_Colision,Salida_Con_Colision,Lado_Salida,Otro,Circulacion,Circulacion_Medidas_Especiales,Distraccion,Inexperiencia_Conductor,Alcohol_Drogas,Cansancio_Sueno,Enfermedad,Velocidad_Inadecuada,Infraccion_Norma_Circulacion,Estado_Condicion_Via,Estado_Condicion_Senalizacion,Tramo_Obras,Mal_Estado_Vehiculo,Averia_Mecanica,Meteorologia_Adversa,Irrupcion_Animal,Circular_Sentido_Contrario,Otro_Factor,Sin_Opinion_Definida,Pendiente,Curvatura,Peralte,GPS_x,GPS_y,GPS_z,Tipo_Est,IMD,N_Muertos,N_Graves,N_Leves,Hora_Real,Fuera_o_Interseccion
15127,5,2009030001365,1,6,5,6,5,1,1,CV-905,2.3,2,3,0,1,5,3,2,3,3,2,2,1,1,1,1,5,1,8,1,2,1,9,14,3,1,3,NaN,2,NaN,NaN,,NaN,,NaN,,NaN,64,60,NaN,1,4,1,1,1,1,1,1,1,1,1,1,1,1,1,1,1,1,2,2,1,1,699637.989,4214538.716,9.19,Pri,24466,0,0,0,20,6
15129,5,2009030001368,1,6,10,4,3,1,2,CV-855,16.6,16,6,0,1,5,3,2,3,3,2,1,1,1,1,1,7,7,2,1,1,1,9,14,3,2,3,NaN,2,4,NaN,,NaN,,NaN,,NaN,NaN,NaN,NaN,1,4,2,1,1,1,1,1,1,1,1,1,1,1,1,1,1,1,1,2,1,1,696161.952,4223718.295,-18.215,Cob,3591,0,0,1,13,1
15130,5,2009030001369,1,6,7,3,7,3,1,CV-836,1.1,1,1,0,1,5,2,2,3,3,2,1,1,2,1,1,7,7,8,1,1,1,9,14,1,1,1,NaN,2,NaN,NaN,,NaN,,NaN,,NaN,54,50,NaN,1,4,1,1,1,1,1,2,1,1,1,1,1,1,1,1,1,1,1,2,1,1,669510.696,4257293.273,609.815,Cob,2364,0,1,0,9,5
15131,5,2009030001370,1,6,7,1,7,3,1,CV-900,6.9,6,9,1,1,5,3,2,3,3,2,1,2,1,2,2,7,7,8,1,5,1,9,14,3,1,1,NaN,2,NaN,NaN,,21,24,NaN,,NaN,NaN,NaN,NaN,1,4,1,1,1,1,1,1,1,1,1,1,1,1,1,2,1,1,1,2,1,1,687109.168,4221156.9,-11.243,Sec,9721,0,0,1,23,1
15133,5,2009030001371,1,6,8,5,1,4,2,CV-820,0.4,0,4,1,1,5,3,2,3,3,2,1,1,1,1,1,7,7,8,1,1,1,9,14,3,1,1,NaN,2,4,NaN,,NaN,,NaN,,NaN,NaN,NaN,NaN,1,4,2,1,1,1,1,2,2,1,1,1,1,1,1,1,1,1,1,2,1,1,696368.633,4251610.805,205.884,Cob,4847,0,0,2,16,1
15134,5,2009030001372,1,5,6,1,3,1,1,CV-95,3,3,0,1,1,5,2,2,3,1,2,1,1,1,1,1,7,7,8,1,4,1,9,14,2,1,1,NaN,2,NaN,NaN,,NaN,,NaN,,57,NaN,50,NaN,1,4,1,1,1,1,1,1,1,1,1,1,1,1,1,1,1,1,2,2,1,1,699030.978,4204715.908,-1.253,Cob,13019,0,0,1,23,1
15136,5,2009030001394,1,6,12,4,5,1,2,CV-835,7,7,0,1,1,5,2,3,3,2,2,1,2,2,2,1,2,1,8,1,1,1,9,14,1,1,1,NaN,2,2,NaN,,NaN,,NaN,,NaN,NaN,NaN,NaN,1,4,2,1,1,1,1,1,2,1,1,1,1,1,1,1,1,1,1,2,1,1,691112.853,4259188.014,335.12,Sec,3490,0,1,1,13,6
15137,5,2009030001400,1,6,13,4,6,2,1,CV-70,30,30,0,1,1,5,1,3,3,2,2,1,2,2,1,2,7,7,7,1,1,1,2,14,1,1,1,NaN,2,NaN,NaN,,NaN,,NaN,,NaN,63,60,NaN,1,4,1,1,1,1,1,2,1,1,1,1,1,1,1,1,1,1,1,2,2,1,735793.04,4286420.26,835.289,Sec,756,0,0,1,14,5
15138,5,2009030001408,1,6,12,4,5,1,1,CV-800,8,8,0,1,1,5,3,2,3,3,2,1,1,2,2,1,7,7,5,1,1,1,9,14,1,1,1,NaN,2,NaN,NaN,,NaN,,NaN,,66,NaN,60,NaN,1,4,1,1,1,1,1,2,1,1,1,1,1,1,1,1,1,1,1,2,1,1,718144.047,4274468.792,907.587,Sec,5482,0,0,1,12,4
15139,5,2009030001410,1,6,15,6,1,4,1,CV-920,2.5,2,5,1,1,5,2,2,3,3,2,1,1,2,1,1,7,7,8,1,5,1,9,14,1,1,1,NaN,2,NaN,NaN,,NaN,,NaN,,NaN,54,50,NaN,1,4,1,1,1,1,1,2,1,1,1,1,1,1,1,1,1,1,1,2,1,1,703029.624,4219910.746,-23.043,Pri,6238,0,0,1,21,5
15140,5,2009030001420,1,6,17,3,3,1,1,CV-84,0.6,0,6,1,1,5,2,2,3,3,2,2,1,1,1,1,5,1,8,1,1,1,9,14,1,1,3,NaN,2,NaN,NaN,,NaN,,NaN,,NaN,61,60,NaN,1,4,1,1,1,1,1,2,1,1,1,1,1,1,1,1,1,1,1,2,1,1,694291.737,4245549.936,241.465,Sec,16947,1,0,0,7,6
15141,5,2009030001426,1,6,17,3,3,1,1,CV-763,4,4,0,0,1,5,2,2,3,3,2,1,1,1,2,2,7,7,8,1,1,1,9,14,3,1,1,NaN,1,NaN,NaN,,NaN,,NaN,,NaN,63,60,NaN,1,4,2,1,1,1,1,1,1,1,1,1,1,1,1,1,1,1,1,2,1,2,751031.672,4275474.944,139.665,Cob,11852,0,1,0,10,1
15142,5,2009030001427,1,6,18,1,4,1,1,CV-724,3.2,3,2,1,1,5,2,2,3,3,2,1,1,1,1,1,7,7,8,1,5,1,9,14,3,1,1,NaN,1,NaN,NaN,,NaN,,NaN,,68,NaN,60,NaN,1,4,2,1,2,1,1,1,2,1,1,1,1,1,1,1,1,1,1,2,1,1,765722.45,4302216.965,4.082,Sec,6142,0,0,0,4,1
15143,5,2009030001428,1,6,12,3,5,1,1,CV-95,18,18,0,1,1,5,3,2,2,4,2,1,1,1,1,1,7,7,8,1,1,1,9,14,2,1,1,NaN,1,NaN,NaN,,NaN,,NaN,,NaN,54,50,NaN,1,4,2,1,1,1,1,1,1,1,1,1,1,1,1,1,1,1,1,2,1,1,688020.816,4212950.132,47.212,Pri,8579,0,0,0,8,1
15145,5,2009030001437,1,6,17,5,3,1,1,CV-755,14.9,14,9,0,1,5,3,3,3,3,2,1,1,2,1,1,7,7,8,1,1,1,9,14,1,1,1,NaN,2,NaN,NaN,,NaN,,NaN,,NaN,61,60,NaN,1,4,2,1,1,2,1,1,2,1,1,1,1,1,1,1,1,1,1,2,1,2,752228.836,4280528.513,111.384,Cob,2607,0,0,0,15,4
15146,5,2009030001438,1,6,7,6,7,3,1,CV-905,6.5,6,5,0,1,5,2,2,3,3,2,2,1,2,2,2,5,6,4,1,3,1,9,14,1,1,1,NaN,2,NaN,NaN,,NaN,,NaN,,NaN,54,50,NaN,1,4,2,1,1,1,1,1,1,1,1,1,1,1,1,1,1,1,1,2,1,1,701482.789,4210883.807,-11.442,Cob,28977,0,0,0,22,6
15147,5,2009030001443,1,6,15,1,1,4,1,CV-95,4.4,4,4,1,1,5,2,2,3,3,2,1,1,2,1,1,5,1,8,1,3,1,9,14,1,1,3,NaN,2,NaN,NaN,,NaN,,NaN,,56,NaN,50,NaN,1,4,2,1,2,2,1,2,1,1,1,1,1,1,1,1,1,1,1,2,2,3,697950.795,4205295.523,-5.539,Cob,13019,0,0,1,3,7
15148,5,2009030001444,1,6,19,3,5,1,1,CV-865,9,9,0,0,1,5,3,2,3,3,2,1,1,2,2,1,5,1,8,1,1,1,9,14,1,1,1,NaN,2,NaN,NaN,,NaN,,12,9,NaN,NaN,NaN,NaN,1,4,2,1,1,1,1,1,1,1,1,1,1,1,1,1,1,1,1,2,2,1,710577.82,4232863.052,-20.512,Sec,15700,0,0,1,7,6
15150,5,2009030001447,1,6,19,4,5,1,2,CV-805,5,5,0,1,1,5,3,2,3,3,2,1,1,1,1,1,2,1,3,1,1,1,9,14,3,1,3,NaN,2,2,NaN,,NaN,,NaN,,NaN,NaN,NaN,NaN,1,4,1,1,1,1,1,1,2,1,1,1,1,1,1,1,1,1,1,2,1,1,708682.367,4269835.967,488.635,Cob,1504,0,0,1,13,6
15151,5,2009030001450,1,6,19,6,5,1,1,CV-70,46.7,46,7,0,1,5,3,2,3,4,2,2,1,1,1,1,5,6,4,1,2,1,9,14,1,1,1,NaN,2,NaN,NaN,,NaN,,12,9,NaN,NaN,NaN,NaN,1,4,1,2,1,1,1,2,2,1,1,1,1,1,1,1,1,1,1,2,1,1,750335.328,4274282.095,151.343,Per,23768,0,0,1,21,6
15153,5,2009030001455,1,6,21,4,7,3,2,CV-70,48.5,48,5,0,1,5,2,2,3,2,2,2,2,2,1,2,5,1,8,1,1,4,9,14,3,1,1,NaN,2,3,NaN,,NaN,,NaN,,NaN,NaN,NaN,NaN,1,4,1,1,1,1,1,1,2,1,1,1,1,1,1,1,1,1,1,2,1,1,749830.674,4272754.69,119.008,Per,23768,0,0,1,13,7
15154,5,2009030001459,1,6,18,3,4,1,1,CV-805,6.7,6,7,1,1,5,2,2,3,3,2,1,1,1,1,1,7,7,8,1,1,1,9,14,3,1,1,NaN,1,NaN,NaN,,21,24,NaN,,NaN,NaN,NaN,NaN,1,4,1,1,1,1,1,1,1,1,1,1,1,1,1,2,1,1,1,2,1,1,708325.738,4271367.212,532.063,Cob,1504,0,0,0,8,1
15155,5,2009030001462,1,6,19,5,5,1,1,CV-95,20.3,20,3,0,1,5,3,2,3,3,2,1,1,1,1,1,7,7,8,1,1,1,9,14,3,1,1,NaN,1,NaN,NaN,,NaN,,NaN,,NaN,64,60,NaN,1,4,2,1,1,1,1,1,1,1,1,1,1,1,1,1,1,1,1,2,1,1,695255.105,4205583.453,42.022,Cob,7923,0,0,0,16,1
15156,5,2009030001463,1,6,22,4,1,4,1,CV-865,2.5,2,5,0,1,5,2,2,3,4,2,1,1,1,1,1,7,7,8,1,1,1,9,14,1,1,1,NaN,1,NaN,NaN,,21,21,NaN,,NaN,NaN,NaN,NaN,1,4,2,1,1,1,1,1,2,1,1,1,1,1,1,1,1,1,1,2,1,1,705252.859,4236458.122,32.45,Cob,13788,0,1,0,14,1
15158,5,2009030001468,1,6,20,3,6,2,2,CV-821,2.5,2,5,1,1,5,2,2,3,3,2,2,1,1,1,2,5,6,3,1,1,1,1,13,1,1,1,NaN,1,2,NaN,,NaN,,NaN,,NaN,NaN,NaN,NaN,1,4,1,1,1,1,1,1,2,1,1,1,1,1,1,1,1,1,1,2,1,1,722079.127,4253748.072,27.791,Sec,24033,0,0,0,9,6
15162,5,2009030001480,1,6,20,6,6,2,2,CV-865,3,3,0,0,1,5,3,2,3,3,2,1,1,1,2,2,6,5,3,1,1,1,9,14,1,1,3,NaN,2,2,NaN,,NaN,,NaN,,NaN,NaN,NaN,NaN,1,4,2,1,1,1,1,1,2,1,1,1,1,1,1,1,1,1,1,2,1,1,705669.562,4236191.035,27.978,Cob,13788,0,0,0,20,6
15165,5,2009030001483,1,6,23,1,2,1,3,CV-915,6,6,0,1,1,5,2,2,3,1,2,1,1,1,1,1,1,1,3,1,1,1,9,14,1,2,1,NaN,2,4,NaN,,NaN,,NaN,,NaN,NaN,NaN,NaN,1,4,2,1,1,1,1,1,1,1,1,1,1,1,1,1,1,1,1,2,2,2,679942.12,4217274.168,-0.044,Sec,8284,0,0,3,23,7
15166,5,2009030001484,1,6,24,1,3,3,1,CV-83,12.5,12,5,0,1,5,3,2,3,3,2,1,2,1,2,1,7,7,8,1,4,1,9,14,1,1,3,NaN,2,NaN,NaN,,NaN,,NaN,,NaN,61,60,NaN,1,4,2,1,1,2,1,1,2,1,1,1,1,1,1,1,1,1,1,2,1,1,682507.851,4256421.749,502.919,Cob,5997,0,0,1,4,1
15168,5,2009030001485,1,6,19,4,5,1,2,CV-935,5,5,0,1,1,5,3,2,3,1,2,1,1,1,1,1,1,1,8,1,1,1,9,14,2,1,3,NaN,2,2,NaN,,NaN,,NaN,,NaN,NaN,NaN,NaN,1,4,1,1,1,1,1,1,2,1,1,1,1,1,1,1,1,1,1,2,1,1,694546.229,4215597.595,59.134,Sec,1902,0,0,0,11,7
15171,5,2009030001489,1,6,19,3,5,1,3,CV-95,11.5,11,5,1,1,5,2,2,3,3,2,1,1,1,1,1,1,1,8,1,1,1,9,14,1,1,1,NaN,2,5,NaN,,NaN,,NaN,,NaN,NaN,NaN,NaN,1,4,2,1,1,1,1,1,1,1,1,1,1,1,1,1,1,1,1,2,1,1,692378.313,4208462.272,41.135,Cob,9867,0,0,0,10,6
15173,5,2009030001499,1,6,28,6,7,3,2,CV-821,1.5,1,5,1,1,5,3,1,3,3,2,1,1,1,1,1,7,7,8,1,1,1,9,14,1,1,1,NaN,2,2,NaN,,NaN,,NaN,,NaN,NaN,NaN,NaN,1,4,1,1,1,1,1,1,2,1,1,1,1,1,1,1,1,1,1,2,1,1,722717.163,4253056.444,13.041,Sec,24033,0,0,1,17,1
15177,5,2009030001504,1,6,13,6,6,2,4,CV-941,1.8,1,8,0,1,5,3,2,3,2,2,1,1,2,1,1,7,7,8,1,5,1,9,14,1,1,1,NaN,2,5,NaN,,NaN,,NaN,,NaN,NaN,NaN,NaN,1,4,2,1,1,1,1,1,2,1,1,1,1,1,1,1,1,1,1,2,1,1,695371.317,4196988.176,38.209,Sec,3828,0,1,3,22,2
15186,5,2009030001510,1,6,24,4,3,1,3,CV-95,19.6,19,6,0,1,5,3,2,3,3,2,1,2,1,1,1,1,4,3,1,1,1,9,14,1,1,1,NaN,2,4,NaN,,NaN,,NaN,,NaN,NaN,NaN,NaN,1,4,1,1,1,1,1,1,2,1,1,1,1,1,1,1,1,1,1,2,1,1,694775.505,4206010.553,40.377,Cob,7923,0,0,0,13,6
15187,5,2009030001514,1,6,23,5,2,1,1,CV-83,10.8,10,8,1,1,5,2,2,3,3,2,1,1,1,1,1,1,1,8,1,1,1,9,14,1,1,1,NaN,1,NaN,NaN,,NaN,,NaN,,NaN,63,60,NaN,1,4,2,1,1,1,1,2,2,1,1,1,1,1,1,1,1,1,1,2,1,1,676167.334,4254558.868,556.194,Cob,5997,0,0,1,15,6
15189,5,2009030001519,1,7,1,4,3,1,2,CV-70,43.2,43,2,0,1,5,3,2,3,3,2,2,1,1,2,2,5,1,5,1,1,1,9,14,1,1,1,NaN,2,3,NaN,,NaN,,NaN,,NaN,NaN,NaN,NaN,1,4,1,1,1,1,1,1,2,1,1,1,1,1,1,1,1,1,1,2,1,2,749387.885,4277204.482,225.208,Cob,0,0,0,1,12,7
15190,5,2009030001539,1,7,2,6,4,1,1,CV-70,48.7,48,7,1,1,5,2,3,3,2,2,2,1,1,1,1,7,7,5,1,1,1,9,14,3,1,1,NaN,1,NaN,NaN,,NaN,,NaN,,66,NaN,60,NaN,1,4,2,1,1,1,1,1,1,1,1,1,1,1,1,1,1,1,1,2,1,2,722430.161,4285924.236,753.094,Per,23768,0,0,0,20,1
15191,5,2009030001544,1,6,28,2,7,3,1,CV-900,4,4,0,0,1,5,2,2,3,2,2,1,1,1,1,1,7,7,8,1,3,1,9,14,1,1,1,NaN,2,NaN,NaN,,21,21,NaN,,NaN,NaN,NaN,NaN,1,4,2,1,1,1,1,1,2,1,1,1,1,1,1,1,1,1,1,2,1,1,684556.189,4220465.138,-5.303,Cob,7284,0,0,1,5,1
15193,5,2009030001546,1,7,3,4,5,1,2,CV-95,19.8,19,8,0,1,5,3,2,3,3,2,1,1,1,1,1,1,1,3,1,1,1,9,14,2,1,3,NaN,2,2,NaN,,NaN,,NaN,,NaN,NaN,NaN,NaN,1,4,1,1,1,1,1,1,2,1,1,1,1,1,1,1,1,1,1,2,1,1,694864.848,4205837.175,42.122,Cob,7923,0,0,2,14,7
15194,5,2009030001548,1,7,4,3,6,2,1,CV-91,24,24,0,0,1,5,3,2,3,3,2,1,1,1,1,2,5,1,8,1,1,1,9,14,1,1,3,NaN,2,NaN,NaN,,NaN,,NaN,,NaN,63,60,NaN,1,4,2,1,2,1,1,2,2,1,1,1,1,1,1,1,1,1,1,2,1,1,703883.811,4219160.827,-23.08,Cob,7792,0,0,0,7,6
15195,5,2009030001558,1,7,4,1,6,2,1,CV-840,3.8,3,8,1,1,5,2,2,3,1,2,1,1,1,1,1,7,7,8,1,5,1,9,14,3,1,1,NaN,2,NaN,NaN,,NaN,,NaN,,67,NaN,60,NaN,1,4,2,1,2,1,1,1,1,1,1,1,1,1,1,1,1,1,1,2,1,1,672896.956,4246117.532,492.379,Cob,3196,0,0,0,0,1
15199,5,2009030001561,1,7,2,6,4,1,2,CV-855,15,15,0,0,1,5,3,2,3,3,2,1,2,2,2,1,1,6,3,1,1,1,3,14,1,1,1,NaN,2,NaN,NaN,,NaN,,NaN,,NaN,53,50,NaN,1,4,1,1,1,1,1,2,1,1,1,1,1,1,1,1,1,1,1,2,1,1,697696.309,4224106.6,-18.66,Cob,3591,0,0,0,21,6
15200,5,2009030001562,1,7,2,1,4,1,1,CV-820,1.9,1,9,0,1,5,1,2,2,3,2,1,1,1,1,1,7,7,5,1,4,1,9,3,3,1,1,NaN,1,NaN,NaN,,NaN,,12,9,NaN,NaN,NaN,NaN,1,4,2,1,1,1,1,1,1,1,1,1,1,1,1,1,1,1,1,2,1,1,712262.167,4254603.565,141.498,Cob,4847,0,0,0,3,1
15202,5,2009030001563,1,7,5,1,7,3,1,CV-700,10.1,10,1,0,1,5,3,3,3,3,2,1,2,2,2,1,7,7,8,1,5,1,2,14,1,1,1,NaN,2,NaN,NaN,,NaN,,NaN,,66,NaN,60,NaN,1,4,1,1,1,1,1,2,2,1,1,1,1,1,1,1,1,1,1,1,2,2,717133.937,4297013.924,530.615,Cob,2127,0,0,3,0,4
15204,5,2009030001571,1,7,2,6,4,1,2,CV-715,25,25,0,0,1,5,1,2,1,1,2,1,1,1,1,1,7,7,8,1,5,1,9,14,2,1,1,NaN,1,2,NaN,,NaN,,NaN,,NaN,NaN,NaN,NaN,1,4,1,1,2,1,1,1,2,1,1,1,1,1,1,1,1,1,1,2,1,1,754488.455,4289713.339,517.028,Cob,359,0,0,0,20,2
15208,5,2009030001573,1,7,3,6,5,1,2,CV-95,6,6,0,0,1,5,3,2,3,1,2,1,1,1,1,1,5,3,4,1,1,1,9,14,1,1,1,NaN,2,3,NaN,,NaN,,NaN,,NaN,NaN,NaN,NaN,1,4,1,1,1,1,1,1,2,1,1,1,1,1,1,1,1,1,1,2,1,2,685653.325,4215064.235,11.258,Cob,9867,0,0,0,19,6
15210,5,2009030001574,1,7,5,5,7,3,2,CV-736,2,2,0,0,1,5,3,2,3,3,2,1,1,1,1,1,1,1,8,1,1,1,9,14,2,1,3,NaN,1,2,NaN,,NaN,,NaN,,NaN,NaN,NaN,NaN,1,4,1,1,1,1,1,1,2,1,1,1,1,1,1,1,1,1,1,2,1,2,772378.931,4302337.236,24.13,Cob,4724,0,2,0,16,7
15211,5,2009030001577,1,7,2,6,4,1,1,CV-855,3.8,3,8,1,1,5,2,2,3,3,2,2,2,1,2,2,7,7,8,1,1,1,9,14,3,1,1,NaN,1,NaN,NaN,,NaN,,NaN,,NaN,53,50,NaN,1,4,2,1,1,1,1,1,1,1,1,1,1,1,1,1,1,1,1,2,1,1,698839.984,4224403.894,-17.01,Pri,4917,0,0,1,20,1
15213,5,2009030001578,1,7,4,4,6,2,2,CV-720,1.9,1,9,0,1,5,1,3,3,1,2,1,2,1,1,1,7,7,8,1,1,1,9,14,3,1,1,NaN,1,2,NaN,,NaN,,NaN,,NaN,NaN,NaN,NaN,1,4,2,1,1,1,1,2,1,1,1,1,1,1,1,1,1,2,1,2,2,1,730507.862,4290508.076,609.523,Cob,419,0,0,0,12,3
15215,5,2009030001579,1,7,6,3,1,4,2,CV-940,9.3,9,3,0,1,5,2,3,3,3,2,1,1,1,1,1,7,7,8,1,1,1,9,14,2,1,3,NaN,1,1,NaN,,NaN,,NaN,,NaN,NaN,NaN,NaN,1,4,2,1,1,1,1,1,2,1,1,1,1,1,1,1,1,1,1,2,1,1,697637.989,4214232.051,16.386,Cob,4851,0,1,0,10,1
15216,5,2009030001581,1,7,6,3,1,1,1,CV-84,0.9,0,9,0,1,5,2,2,3,3,2,1,2,1,1,1,7,7,8,1,1,1,9,14,3,1,1,NaN,2,NaN,NaN,,NaN,,NaN,,56,NaN,50,NaN,1,4,2,1,1,1,1,1,1,1,1,1,1,1,1,1,1,1,1,2,2,1,698411.793,4241155.117,130.569,Sec,16947,0,1,0,7,2
15217,5,2009030001582,1,7,4,1,6,2,1,CV-755,16.3,16,3,1,1,5,2,2,3,3,2,1,2,2,1,1,7,7,5,1,5,1,2,14,2,1,1,NaN,2,NaN,NaN,,NaN,,12,9,NaN,NaN,NaN,NaN,1,4,1,1,1,1,1,2,1,1,1,1,1,1,1,1,1,1,1,2,3,3,746125.927,4283483.225,305.179,Cob,2607,0,1,0,2,4
15219,5,2009030001583,1,7,5,6,7,3,2,CV-715,26,26,0,1,1,5,2,2,3,3,2,1,1,1,1,1,2,1,3,1,1,1,9,14,1,1,1,NaN,2,2,NaN,,NaN,,NaN,,NaN,NaN,NaN,NaN,1,4,1,1,1,1,1,1,2,1,1,1,1,1,1,1,1,1,1,1,2,2,754113.51,4291196.421,441.98,Cob,359,0,0,2,18,6
15225,5,2009030001586,1,7,7,6,2,1,2,CV-715,10.8,10,8,0,1,5,2,2,3,1,2,1,1,1,1,1,1,1,8,1,1,1,9,14,1,1,1,NaN,2,2,NaN,,NaN,,NaN,,NaN,NaN,NaN,NaN,1,4,1,1,1,1,1,1,2,1,1,1,1,1,1,1,1,2,1,2,1,1,754964.291,4296623.017,120.485,Cob,3161,0,0,0,20,6
15226,5,2009030001588,1,7,7,6,2,1,1,CV-91,22,22,0,1,1,5,3,2,3,3,2,1,1,1,1,2,7,7,8,1,2,1,9,14,3,1,3,NaN,2,NaN,NaN,,NaN,,NaN,,66,NaN,60,NaN,1,4,1,1,1,1,1,1,1,1,1,1,2,2,1,1,1,1,1,2,1,1,684263.301,4218092.056,-17.302,Cob,7792,0,0,0,21,1
15228,5,2009030001589,1,7,7,4,2,1,2,CV-95,4.5,4,5,0,1,5,3,2,3,3,2,1,1,2,1,1,5,6,4,1,1,1,9,14,1,1,1,NaN,2,2,NaN,,NaN,,NaN,,NaN,NaN,NaN,NaN,1,4,1,1,1,1,1,1,2,1,1,1,1,1,1,1,1,1,1,2,1,1,684232.145,4215249.318,12.28,Cob,13019,0,0,0,14,7
15230,5,2009030001593,1,7,8,4,3,1,2,CV-725,0.1,0,1,0,1,5,3,2,3,3,2,1,2,2,2,2,3,6,4,1,1,1,9,13,1,1,3,NaN,2,4,NaN,,NaN,,NaN,,NaN,NaN,NaN,NaN,1,4,2,1,1,1,1,1,1,1,1,1,1,1,1,1,1,1,1,2,1,1,762819.278,4301134.686,18.077,Pri,21233,0,0,1,11,6
15232,5,2009030001599,1,7,8,6,3,1,2,CV-920,0.6,0,6,1,1,5,2,2,4,3,2,1,1,1,1,1,7,7,5,1,1,1,9,14,3,1,1,NaN,1,NaN,NaN,,NaN,,NaN,,NaN,52,50,NaN,1,4,1,1,1,1,1,1,2,1,1,1,1,1,1,1,1,1,1,2,1,1,704697.615,4219452.256,-26.161,Pri,6238,0,0,0,18,1
15233,5,2009030001602,1,7,6,6,1,1,1,CV-821,6.5,6,5,1,1,5,2,2,3,3,2,1,1,1,1,1,5,1,8,1,1,1,9,14,3,1,1,NaN,1,NaN,NaN,,NaN,,NaN,,NaN,62,60,NaN,1,4,2,2,1,1,1,1,1,1,1,1,1,1,1,1,1,1,1,2,1,1,718981.221,4252577.732,65.13,Cob,14646,0,0,0,17,6
15234,5,2009030001606,1,7,9,3,4,1,1,CV-95,25.8,25,8,1,1,5,2,2,3,3,2,1,1,1,1,1,5,1,4,8,1,1,9,14,2,1,1,NaN,2,NaN,NaN,,NaN,,12,9,NaN,NaN,NaN,NaN,1,4,1,1,1,1,1,1,1,2,1,1,1,1,1,1,1,1,1,2,1,1,681954.291,4216380.995,-3.655,Cob,21913,0,0,1,8,6
15235,5,2009030001614,1,7,7,5,2,1,1,CV-865,1,1,0,1,1,5,2,2,3,4,2,1,1,1,1,1,7,7,8,1,1,1,9,14,2,1,1,NaN,1,NaN,NaN,,NaN,,NaN,,67,NaN,60,NaN,1,4,2,1,1,1,1,1,1,1,1,1,1,1,1,1,1,1,1,2,1,1,712344.677,4231368.612,-16.088,Cob,13788,0,0,0,16,2
15236,5,2009030001615,1,7,7,6,2,1,1,CV-83,0,0,0,0,1,5,1,1,4,1,2,1,1,1,1,1,5,1,8,1,1,1,9,14,3,1,1,NaN,1,NaN,NaN,,21,21,NaN,,NaN,NaN,NaN,NaN,1,4,1,1,1,1,1,1,1,1,1,1,1,1,1,1,1,2,1,2,1,1,693559.046,4258778.596,384.44,Cob,14121,0,0,0,19,6
15238,5,2009030001616,1,7,10,2,5,1,2,CV-865,2.5,2,5,0,1,5,3,2,3,3,2,1,1,1,1,2,5,6,3,1,4,1,9,14,1,1,1,NaN,1,2,NaN,,NaN,,NaN,,NaN,NaN,NaN,NaN,1,4,1,1,2,1,1,1,2,1,1,1,1,1,1,1,1,1,1,2,1,1,705252.859,4236458.122,32.45,Cob,13788,0,0,0,6,6
15239,5,2009030001635,1,7,11,1,6,2,1,CV-773,5,5,0,1,1,5,2,2,3,1,2,1,1,2,1,1,7,7,8,1,4,1,9,14,1,1,1,NaN,2,NaN,NaN,,NaN,,NaN,,NaN,64,60,NaN,1,4,1,1,1,1,2,1,1,1,1,1,1,1,1,1,1,1,1,2,1,1,725638.717,4262870.108,336.866,Cob,4541,0,0,0,23,2
15240,5,2009030001639,1,7,8,1,3,1,1,CV-91,11.9,11,9,0,1,5,3,2,3,3,2,1,2,1,1,2,7,7,8,1,5,1,9,14,3,1,1,NaN,1,NaN,30,32,NaN,,NaN,,NaN,NaN,NaN,NaN,1,4,1,1,1,1,1,1,1,1,1,1,1,1,1,1,1,2,1,2,1,1,692452.047,4218524.414,-10.911,Pri,12685,0,0,0,4,1
15242,5,2009030001641,1,7,13,6,1,4,2,CV-865,11.8,11,8,1,1,5,3,2,3,3,2,2,2,2,2,2,5,6,4,1,1,1,9,14,1,1,1,NaN,2,2,NaN,,NaN,,NaN,,NaN,NaN,NaN,NaN,2,4,1,1,1,1,1,1,2,1,1,1,1,1,1,1,1,1,1,2,1,1,703641.487,4237496.036,42.364,NaN,0,0,1,0,20,6
15245,5,2009030001642,1,7,9,4,4,1,3,CV-913,1.1,1,1,1,1,5,2,3,3,3,2,1,1,1,1,1,7,7,8,1,1,1,9,13,1,2,1,NaN,2,5,NaN,,NaN,,NaN,,NaN,NaN,NaN,NaN,1,4,2,1,1,1,1,1,1,1,1,1,1,1,1,1,1,1,1,2,1,1,691982.353,4225602.536,-23.094,Sec,6367,0,0,0,14,1