Id,Ano,Numero_Accidente,Provincia,Mes,Dia,Hora,Dia_Semana,Tipo_Dia,Vehiculos_Implicados,Carretera,Pk,Km,Hm,Sentido,Zona,Tipo_Via,Anchura_Calzada,Anchura_Carril,Marcas_Viales,Arcen,Arcen_Pavimentado,Mediana,Barrera_Seguridad,Paneles_Direccionales,Hitos_Arista,Captafaros,Interseccion_Tipo,Interseccion_Acondicionamiento,Prioridad_Regulada_por,Superficie,Luminosidad,Factores_Atmosfericos,Visibilidad_Restringida_por,Otras_Circunstancias,Senalizacion_Peligro,Aceras,Arboles,Arboles_Metros_Calzada,Visibilidad_Senalizacion_Vertical,Colision_Vehiculos_Marcha,Colision_Vehiculo_Obstaculo_1,Colision_Vehiculo_Obstaculo_2,Atropello_1,Atropello_2,Vuelco_1,Vuelco_2,Salida_Sin_Colision,Salida_Con_Colision,Lado_Salida,Otro,Circulacion,Circulacion_Medidas_Especiales,Distraccion,Inexperiencia_Conductor,Alcohol_Drogas,Cansancio_Sueno,Enfermedad,Velocidad_Inadecuada,Infraccion_Norma_Circulacion,Estado_Condicion_Via,Estado_Condicion_Senalizacion,Tramo_Obras,Mal_Estado_Vehiculo,Averia_Mecanica,Meteorologia_Adversa,Irrupcion_Animal,Circular_Sentido_Contrario,Otro_Factor,Sin_Opinion_Definida,Pendiente,Curvatura,Peralte,GPS_x,GPS_y,GPS_z,Tipo_Est,IMD,N_Muertos,N_Graves,N_Leves,Hora_Real,Fuera_o_Interseccion
15247,5,2009030001643,1,7,14,5,2,1,2,CV-95,25.6,25,6,0,1,5,3,3,3,3,2,1,1,1,1,1,7,7,5,1,1,1,9,14,1,1,1,NaN,2,4,NaN,,NaN,,NaN,,NaN,NaN,NaN,NaN,2,4,2,1,1,1,1,1,1,1,1,1,1,1,1,1,1,1,1,2,1,1,700074.62,4204411.112,-1.86,Cob,21913,0,0,2,16,1
15250,5,2009030001652,1,7,14,6,2,1,2,CV-763,0,0,0,1,1,5,1,3,1,1,2,1,1,1,1,1,7,7,8,1,1,1,9,14,3,1,1,NaN,1,4,NaN,,NaN,,NaN,,NaN,NaN,NaN,NaN,1,4,1,1,1,1,1,1,2,1,1,1,1,1,1,1,1,1,1,2,1,1,750561.734,4275764.631,174.284,Cob,11852,0,0,0,20,1
15251,5,2009030001653,1,7,15,4,3,1,1,CV-715,7,7,0,0,1,5,3,2,3,3,2,1,1,2,2,2,7,7,8,1,1,1,9,14,3,1,3,NaN,1,NaN,NaN,,NaN,,NaN,,56,NaN,50,NaN,1,4,2,1,1,1,1,1,2,1,1,1,1,1,1,1,1,1,1,2,1,1,751214.75,4305271.834,-0.949,Cob,5907,0,0,0,13,1
15259,5,2009030001661,1,7,14,4,2,1,3,CV-95,6,6,0,0,1,5,2,2,3,3,2,2,1,2,1,1,5,1,4,1,1,1,9,14,1,1,1,NaN,2,5,NaN,,NaN,,NaN,,NaN,NaN,NaN,NaN,1,4,2,1,1,1,1,1,1,1,1,1,1,1,1,1,1,1,1,2,1,2,685653.325,4215064.235,11.258,Cob,9867,0,0,0,14,6
15261,5,2009030001664,1,7,16,6,4,1,2,CV-763,3.6,3,6,1,1,5,2,3,3,3,2,1,1,1,1,1,7,7,8,1,1,1,9,14,3,1,3,NaN,2,2,NaN,,NaN,,NaN,,NaN,NaN,NaN,NaN,1,4,2,1,1,1,1,1,1,1,1,1,1,1,1,1,1,1,1,2,1,1,752784.487,4273643.458,39.143,Cob,11852,0,0,0,20,1
15264,5,2009030001669,1,7,8,4,3,1,3,CV-836,12.3,12,3,0,1,5,2,2,3,3,2,1,1,1,1,1,7,7,8,1,1,1,9,14,3,1,3,NaN,2,3,NaN,,NaN,,NaN,,NaN,NaN,NaN,NaN,1,4,1,1,1,1,1,1,1,1,1,1,1,1,1,1,1,2,1,2,1,1,670605.021,4247378.712,537.838,Cob,1914,0,0,0,11,1
15266,5,2009030001672,1,7,17,6,5,1,2,CV-91,15,15,0,0,1,5,3,2,3,3,2,1,1,1,2,2,5,6,4,1,1,1,9,14,1,1,1,NaN,2,4,NaN,,NaN,,NaN,,NaN,NaN,NaN,NaN,1,4,2,1,1,1,1,1,1,1,1,1,1,1,1,1,1,1,1,2,1,1,695386.935,4219107.869,-17.886,Cob,9784,0,0,0,18,7
15268,5,2009030001675,1,7,17,5,5,1,2,CV-865,11.3,11,3,0,1,5,2,2,3,3,2,1,1,2,1,1,5,1,4,1,1,1,9,14,1,1,1,NaN,2,2,NaN,,NaN,,NaN,,NaN,NaN,NaN,NaN,1,4,2,1,2,1,1,2,2,1,1,1,1,1,1,1,1,1,1,2,1,1,712272.567,4231403.52,-13.875,Sec,15700,0,0,1,16,6
15270,5,2009030001680,1,7,19,3,7,3,2,CV-945,0.7,0,7,1,1,5,2,3,3,3,2,1,1,1,1,1,2,1,3,1,1,1,9,14,1,1,1,NaN,2,2,NaN,,NaN,,NaN,,NaN,NaN,NaN,NaN,1,4,2,1,1,1,1,1,2,1,1,1,1,1,1,1,1,1,1,2,1,1,691238.524,4210587.236,37.657,Sec,10529,0,0,4,8,6
15272,5,2009030001685,1,7,18,6,6,2,2,CV-821,7.3,7,3,0,1,5,3,2,3,1,2,2,1,1,1,2,5,2,8,1,1,1,9,14,1,1,1,NaN,2,2,NaN,,NaN,,NaN,,NaN,NaN,NaN,NaN,1,4,1,1,1,1,1,1,2,1,1,1,1,1,1,1,1,1,1,2,1,1,722253.027,4253557.591,26.361,Cob,14646,0,0,0,18,6
15274,5,2009030001687,1,7,20,1,1,4,2,CV-95,4.5,4,5,1,1,5,2,2,3,3,2,2,1,1,2,2,5,1,8,1,3,1,9,14,1,2,3,NaN,2,4,NaN,,NaN,,NaN,,NaN,NaN,NaN,NaN,1,4,2,1,2,1,1,1,1,1,1,1,1,1,1,1,1,1,1,2,1,2,697859.257,4205261.103,1.2,Cob,13019,0,0,0,1,7
15275,5,2009030001688,1,7,20,1,1,4,1,CV-905,7.8,7,8,0,1,5,3,2,3,3,2,2,1,1,1,2,5,1,4,1,3,1,9,6,1,1,1,NaN,2,NaN,NaN,,NaN,,NaN,,NaN,51,50,NaN,1,4,2,1,1,1,1,2,2,1,1,1,1,1,1,1,1,1,1,2,1,1,702289.483,4209930.37,-18.172,Cob,28977,0,0,0,3,6
15276,5,2009030001690,1,7,11,6,6,2,1,CV-860,6.9,6,9,0,1,5,1,2,3,3,2,1,1,1,2,2,7,7,8,1,3,1,9,14,3,1,1,NaN,2,NaN,NaN,,NaN,,NaN,,NaN,63,60,NaN,1,4,2,1,1,1,1,1,1,1,1,1,1,1,1,1,1,1,1,2,1,1,699312.775,4220500.513,-15.499,Cob,6070,0,0,1,21,1
15277,5,2009030001691,1,7,20,2,1,4,1,CV-800,8.6,8,6,1,1,5,3,2,3,3,2,1,2,1,2,2,7,7,8,1,5,1,2,14,1,1,1,NaN,2,NaN,NaN,,NaN,,NaN,,NaN,53,50,NaN,1,4,1,1,1,1,1,2,1,1,1,1,1,1,1,1,1,1,1,2,1,1,717914.06,4274034.203,885.202,Sec,5482,0,0,1,6,5
15278,5,2009030001700,1,7,21,1,2,1,1,CV-763,3.6,3,6,0,1,5,3,2,3,3,2,1,2,1,1,1,7,7,8,1,4,1,9,14,3,1,3,NaN,2,NaN,NaN,,NaN,,NaN,,NaN,63,60,NaN,1,4,2,1,1,1,1,1,1,1,1,1,1,1,1,1,1,1,1,2,1,1,751445.188,4275211.309,115.094,Cob,11852,0,0,1,0,1
15279,5,2009030001703,1,7,10,5,5,1,1,CV-700,20.3,20,3,0,1,5,3,2,3,1,2,1,1,1,1,1,2,6,8,1,1,1,1,14,1,2,3,NaN,2,NaN,NaN,,NaN,,12,9,NaN,NaN,NaN,NaN,1,4,2,1,1,1,1,1,1,1,1,1,1,1,1,1,1,1,1,2,2,3,726062.074,4295296.39,384.526,Cob,3684,0,0,0,15,6
15280,5,2009030001709,1,7,21,6,2,1,1,CV-70,44.2,44,2,0,1,5,3,2,3,3,2,2,1,2,2,2,5,1,4,1,1,1,9,14,1,1,1,NaN,2,NaN,NaN,,NaN,,NaN,,56,NaN,50,NaN,1,4,1,1,1,1,1,2,1,1,1,1,1,1,1,1,1,1,1,2,1,1,750115.074,4276541.46,212.234,Cob,26390,0,0,1,20,6
15281,5,2009030001710,1,7,21,5,2,1,1,CV-91,22,22,0,0,1,5,2,3,3,3,2,1,1,1,1,1,7,7,8,1,1,1,9,14,3,1,1,NaN,2,NaN,NaN,,NaN,,NaN,,68,NaN,60,NaN,1,4,2,1,1,1,1,1,1,1,1,1,1,1,1,1,1,1,1,2,1,1,701945.969,4219245.82,-23.645,Cob,7792,0,0,0,15,1
15282,5,2009030001720,1,7,22,3,3,1,1,CV-913,0.2,0,2,1,1,5,2,3,4,3,2,1,1,1,1,1,7,7,8,1,1,1,9,14,1,2,1,NaN,1,NaN,NaN,,NaN,,NaN,,NaN,61,60,NaN,1,4,2,1,1,1,1,2,2,1,1,1,1,1,1,1,1,1,1,2,1,1,692768.015,4226019.602,-24.966,Sec,6367,0,1,0,7,1
15283,5,2009030001721,1,7,10,5,5,1,1,CV-911,1.7,1,7,1,1,5,2,2,3,3,2,1,2,1,2,2,7,7,8,1,1,1,9,14,3,1,1,NaN,2,NaN,NaN,,NaN,,NaN,,NaN,63,60,NaN,1,4,2,1,1,2,1,1,1,1,1,1,1,1,1,1,1,1,1,2,1,1,687745.526,4219532.977,-10.93,Cob,8697,0,0,1,15,1
15284,5,2009030001727,1,7,14,6,2,1,1,CV-83,25.8,25,8,0,1,5,3,2,3,3,2,2,2,2,2,2,7,7,8,1,4,1,9,14,2,1,1,NaN,1,NaN,NaN,,21,24,NaN,,NaN,NaN,NaN,NaN,1,4,1,1,1,1,1,1,1,1,1,1,1,1,1,2,1,1,1,2,1,1,670879.596,4253101.507,552.557,Cob,2367,0,0,0,22,2
15286,5,2009030001728,1,7,22,3,3,1,2,CV-70,47.7,47,7,0,1,5,3,2,3,3,2,2,1,1,1,2,5,1,8,1,1,1,9,14,1,1,3,NaN,2,2,NaN,,NaN,,NaN,,NaN,NaN,NaN,NaN,1,4,1,1,1,1,1,1,2,1,1,1,1,1,1,1,1,1,1,2,1,1,750022.566,4273414.522,147.996,Per,23768,0,0,0,9,7
15288,5,2009030001730,1,7,13,3,1,1,2,CV-855,9.1,9,1,0,1,5,3,2,3,4,2,1,2,2,2,2,2,1,8,1,1,1,9,14,3,1,1,NaN,2,2,NaN,,NaN,,NaN,,NaN,NaN,NaN,NaN,1,4,1,1,1,1,1,1,2,1,1,1,1,1,1,1,1,1,1,2,1,1,701379.354,4227623.274,-19.961,Cob,7152,0,0,0,10,6
15290,5,2009030001731,1,7,22,4,3,1,2,CV-70,49.1,49,1,0,1,5,3,2,3,3,2,2,1,1,1,1,5,6,5,1,1,1,9,14,1,1,1,NaN,2,NaN,NaN,,NaN,,NaN,,NaN,NaN,NaN,71,1,4,1,1,1,1,1,1,2,1,1,1,1,1,1,1,1,1,1,2,1,2,749854.061,4272185.13,96.233,Per,23768,0,0,1,11,6
15291,5,2009030001733,1,7,22,5,3,1,1,CV-70,49.1,49,1,1,1,5,3,2,3,4,2,2,1,1,1,1,5,6,5,1,1,1,9,14,1,2,1,NaN,2,NaN,NaN,,NaN,,NaN,,NaN,64,60,NaN,1,4,2,1,1,1,2,1,1,1,1,1,1,1,1,1,1,1,1,2,2,2,722271.697,4285784.546,755.762,Per,23768,0,0,1,16,6
15292,5,2009030001737,1,7,16,3,4,1,1,CV-80,13.9,13,9,1,1,2,3,2,3,5,2,2,2,2,2,2,7,7,8,1,1,1,9,14,3,1,1,NaN,2,NaN,NaN,,NaN,,NaN,,NaN,54,50,NaN,1,4,1,1,1,1,1,1,1,1,1,1,1,2,1,1,1,1,1,2,1,1,693870.564,4273025.287,613.291,Sec,8993,0,0,0,10,1
15293,5,2009030001742,1,7,17,1,5,1,1,CV-81,42.2,42,2,0,1,5,3,3,3,3,2,1,2,2,2,2,5,1,4,1,3,1,9,14,1,1,1,NaN,2,NaN,NaN,,NaN,,NaN,,NaN,64,60,NaN,1,4,1,1,1,1,1,2,2,1,1,1,1,1,1,1,1,1,1,2,1,1,685123.757,4280223.775,476.101,Cob,4998,0,0,0,2,6
15294,5,2009030001744,1,7,23,5,4,1,1,CV-734,5,5,0,1,1,5,3,2,3,3,2,1,1,1,1,1,7,7,8,1,1,1,9,14,3,1,2,3,1,NaN,NaN,,NaN,,NaN,,NaN,61,60,NaN,1,4,1,1,1,1,1,1,2,1,1,1,1,1,1,1,1,1,1,2,1,1,769368.337,4297214.269,36.629,Sec,11748,0,0,0,15,1
15295,5,2009030001745,1,7,23,6,4,1,1,CV-855,2.7,2,7,1,1,5,3,2,3,3,2,2,2,1,1,1,7,7,8,1,2,1,9,14,3,1,3,NaN,1,NaN,NaN,,21,21,NaN,,NaN,NaN,NaN,NaN,1,4,2,1,2,1,1,1,1,1,1,1,1,1,1,1,1,1,1,2,1,1,697803.287,4224131.359,-15.371,Pri,4917,1,0,0,20,1
15297,5,2009030001748,1,7,19,3,7,3,2,CV-720,6.8,6,8,0,1,5,2,3,3,1,2,1,2,2,1,1,7,7,8,1,1,1,9,14,1,1,1,NaN,2,4,NaN,,NaN,,NaN,,NaN,NaN,NaN,NaN,1,4,2,1,1,1,1,1,2,1,1,1,1,1,1,1,1,1,1,2,2,1,733820.724,4291841.201,633.993,Cob,419,0,0,0,10,4
15300,5,2009030001754,1,7,18,4,6,2,3,CV-773,2.5,2,5,0,1,5,2,2,3,1,2,1,1,1,1,1,1,1,8,1,1,1,9,14,1,1,3,NaN,2,5,NaN,,NaN,,NaN,,NaN,NaN,NaN,NaN,1,4,1,1,1,1,1,1,2,1,1,1,1,1,1,1,1,1,1,2,1,1,722843.314,4258822.519,96.163,Cob,4541,0,0,0,12,6
15301,5,2009030001757,1,7,24,6,5,1,1,CV-95,26.1,26,1,0,1,5,3,2,3,3,2,1,2,1,1,1,7,7,8,1,1,1,9,14,3,1,1,NaN,2,NaN,NaN,,NaN,,12,9,NaN,NaN,NaN,NaN,1,4,1,1,1,1,1,1,2,1,1,1,1,1,1,1,1,1,1,2,2,1,700550.91,4204307.758,-9.303,Cob,21913,0,0,2,19,1
15302,5,2009030001775,1,7,25,6,6,2,1,CV-915,4.3,4,3,0,1,5,3,2,3,1,2,1,1,1,1,1,5,3,4,1,1,1,9,14,1,2,1,NaN,2,NaN,NaN,,NaN,,NaN,,NaN,61,60,NaN,1,4,2,2,1,1,1,1,2,1,1,1,1,1,1,1,1,1,1,2,1,1,676969.559,4214835.743,3.628,Sec,8284,0,0,1,18,6
15306,5,2009030001792,1,7,29,6,3,1,2,CV-815,4.7,4,7,0,1,5,2,2,3,3,2,1,2,1,1,1,2,1,8,1,1,1,9,14,2,1,1,NaN,1,4,NaN,,NaN,,NaN,,NaN,NaN,NaN,NaN,1,4,2,1,1,1,1,1,1,1,1,1,1,1,1,1,1,1,1,2,1,1,703701.45,4273788.827,642.545,Cob,5237,0,1,3,18,6
15307,5,2009030001795,1,7,27,4,1,4,1,CV-700,62.5,62,5,1,1,5,3,2,3,3,2,1,2,2,1,2,7,7,8,1,1,1,9,14,3,1,1,NaN,2,NaN,NaN,,NaN,,NaN,,NaN,64,60,NaN,1,4,2,1,1,1,1,1,1,1,1,1,1,1,1,1,1,1,1,2,2,1,714137.802,4295165.933,622.446,Cob,6324,0,0,1,11,1
15308,5,2009030001798,1,7,27,3,1,1,1,CV-705,2.8,2,8,1,1,5,2,2,3,1,2,1,1,1,1,1,7,7,8,1,1,1,9,14,3,1,3,NaN,1,NaN,NaN,,NaN,,NaN,,NaN,64,60,NaN,1,4,2,1,1,1,1,1,1,1,1,1,1,1,1,1,1,1,1,2,1,1,727652.083,4304292.985,350.688,Sec,4190,0,0,0,10,1
15309,5,2009030001801,1,7,29,6,3,1,1,CV-70,39.7,39,7,0,1,5,3,2,3,3,2,1,1,1,1,1,7,7,5,1,1,1,9,14,2,1,3,NaN,1,NaN,NaN,,NaN,,NaN,,NaN,62,60,NaN,1,4,2,1,1,1,1,1,1,1,1,1,1,1,1,1,1,1,1,2,1,1,748059.92,4280134.125,263.68,Cob,0,0,0,0,20,1
15313,5,2009030001804,1,7,23,3,4,1,2,CV-821,2.4,2,4,1,1,5,2,2,3,3,2,2,1,1,1,1,5,6,3,1,1,1,9,14,3,1,1,NaN,2,2,NaN,,NaN,,NaN,,NaN,NaN,NaN,NaN,1,4,1,1,1,1,1,1,2,1,1,1,1,1,1,1,1,1,1,2,1,2,722148.977,4253678.278,26.032,Sec,24033,0,0,0,10,7
15315,5,2009030001808,1,7,30,6,4,1,2,CV-800,10.5,10,5,0,1,5,3,2,3,4,2,1,2,1,2,1,1,4,3,1,1,1,9,14,1,1,3,NaN,2,2,NaN,,NaN,,NaN,,NaN,NaN,NaN,NaN,1,4,1,1,1,1,1,1,2,1,1,1,1,1,1,1,1,1,1,2,1,1,719128.95,4277034.924,967.954,Sec,5482,0,1,0,20,6
15316,5,2009030001811,1,7,28,5,2,1,1,CV-865,8.9,8,9,1,1,5,2,2,3,3,2,1,1,1,1,1,7,7,8,1,1,1,9,14,1,1,1,NaN,1,NaN,NaN,,NaN,,NaN,,NaN,63,60,NaN,1,4,2,1,1,1,1,2,1,1,1,1,1,1,1,1,1,1,1,2,1,1,706057.99,4235947.891,21.443,Sec,15700,0,0,1,15,1
15317,5,2009030001813,1,8,1,1,6,1,1,CV-845,2.1,2,1,0,1,5,2,3,3,2,2,1,1,1,1,1,7,7,8,1,4,1,9,14,3,1,3,NaN,2,NaN,NaN,,NaN,,NaN,,NaN,64,60,NaN,1,4,2,1,1,2,1,1,1,1,1,1,1,1,1,1,1,1,1,2,1,1,692440.415,4244188.264,254.769,Sec,4524,0,0,1,4,1
15318,5,2009030001814,1,8,1,6,6,2,1,CV-935,4.4,4,4,0,1,5,2,3,3,1,2,1,1,1,1,1,1,1,8,1,5,1,9,14,2,1,1,NaN,1,NaN,NaN,,NaN,,NaN,,66,NaN,60,NaN,1,4,2,1,2,1,1,1,1,1,1,1,1,1,1,1,1,1,1,2,1,1,694015.17,4216714.85,41.805,Sec,1902,0,0,2,22,7
15319,5,2009030001817,1,8,1,5,6,2,1,CV-900,11,11,0,0,1,5,3,2,3,1,2,1,1,1,1,1,7,7,8,1,1,1,9,14,2,1,1,NaN,1,NaN,NaN,,NaN,,NaN,,66,NaN,60,NaN,1,4,1,1,1,1,1,1,1,1,1,1,1,2,1,1,1,1,1,2,1,1,685806.369,4224215.608,-12.451,Cob,7643,0,0,0,15,2
15321,5,2009030001818,1,7,28,6,2,1,2,CV-773,6.9,6,9,0,1,5,3,2,3,3,2,1,2,2,2,2,7,7,8,1,1,1,9,14,1,1,1,NaN,2,2,NaN,,NaN,,NaN,,NaN,NaN,NaN,NaN,1,4,2,1,1,1,1,1,2,1,1,1,1,1,1,1,1,1,1,2,1,1,724804.992,4262184.436,252.833,Cob,4541,0,0,0,18,4
15323,5,2009030001821,1,7,26,4,7,3,2,CV-801,6.9,6,9,0,1,5,3,2,3,3,2,1,1,2,1,1,7,7,8,1,1,1,2,14,1,1,3,NaN,2,3,NaN,,NaN,,NaN,,NaN,NaN,NaN,NaN,1,4,1,1,1,1,1,2,1,1,1,1,1,1,1,1,1,1,1,2,2,2,709421.618,4282010.808,880.866,Cob,811,0,0,0,11,4
15324,5,2009030001840,1,7,31,6,5,1,1,CV-81,37.2,37,2,0,1,5,2,2,3,3,2,1,2,1,2,2,7,7,8,1,5,1,9,14,3,1,1,NaN,2,NaN,NaN,,NaN,,NaN,,NaN,53,50,NaN,1,4,2,1,2,1,1,1,1,1,1,1,1,1,1,1,1,1,1,2,1,1,688614.179,4282148.858,516.723,Cob,5430,0,0,1,22,1
15327,5,2009030001850,1,8,5,5,3,1,2,CV-920,15.6,15,6,0,1,5,2,2,3,3,2,1,2,2,1,1,7,7,8,1,1,1,9,14,1,1,1,NaN,2,1,NaN,,NaN,,NaN,,NaN,NaN,NaN,NaN,1,4,1,1,2,1,1,2,2,1,1,1,1,1,1,1,1,1,1,2,1,1,698826.945,4217662.939,-7.462,Cob,0,0,0,3,16,2
15330,5,2009030001853,1,7,18,4,6,2,2,CV-900,9.3,9,3,0,1,5,3,2,3,3,2,1,1,1,1,1,2,1,8,1,1,1,9,14,3,1,1,NaN,1,4,NaN,,NaN,,NaN,,NaN,NaN,NaN,NaN,1,4,2,1,1,1,1,1,1,1,1,1,1,1,1,1,1,1,1,2,1,1,686706.263,4222822.634,-13.892,Sec,9721,0,0,0,14,7
15337,5,2009030001855,1,7,31,5,5,1,3,CV-95,17.6,17,6,1,1,5,2,2,3,3,2,1,2,2,2,1,1,1,3,1,1,1,9,14,3,1,1,NaN,1,NaN,NaN,,NaN,,NaN,,NaN,NaN,NaN,71,2,4,2,1,1,1,1,1,1,1,1,1,1,1,1,1,1,1,1,2,1,1,688283.389,4212679.349,51.844,Pri,8579,0,0,9,15,7
15341,5,2009030001862,1,8,6,5,4,1,2,CV-700,19.6,19,6,1,1,5,2,3,3,1,2,1,1,1,1,1,1,1,3,1,1,1,9,14,2,1,3,NaN,2,1,NaN,,NaN,,NaN,,NaN,NaN,NaN,NaN,1,4,1,1,1,1,1,1,2,1,1,1,1,1,1,1,1,1,1,2,2,2,744041.228,4302693.819,197.178,Cob,3684,0,1,4,16,6
15342,5,2009030001868,1,8,8,4,6,1,1,CV-915,3.6,3,6,0,1,5,3,2,3,1,2,1,1,1,1,1,7,7,8,1,1,1,9,14,1,2,1,NaN,2,NaN,NaN,,NaN,,12,9,NaN,NaN,NaN,NaN,1,4,1,1,1,1,1,2,1,1,1,1,1,1,1,1,1,1,1,2,1,1,677337.164,4215379.546,4.278,Sec,8284,0,0,0,14,1
15343,5,2009030001879,1,8,9,5,7,3,1,CV-95,17,17,0,0,1,5,3,2,3,3,2,1,2,2,1,1,7,7,8,1,1,1,9,14,1,1,1,NaN,2,NaN,NaN,,NaN,,NaN,,NaN,61,60,NaN,1,4,1,1,1,1,1,2,1,1,1,1,1,1,1,1,1,1,1,2,1,1,692887.736,4207714.643,41.869,Pri,8579,0,0,0,16,5
15344,5,2009030001881,1,8,10,5,1,4,1,CV-720,43.1,43,1,1,1,5,2,3,3,1,2,1,1,1,1,1,7,7,8,1,1,1,4,14,2,1,1,NaN,1,NaN,NaN,,NaN,,NaN,,67,NaN,60,NaN,1,4,1,1,1,1,1,2,1,1,1,1,1,1,1,1,1,1,1,2,1,1,735066.089,4292229.944,647.996,Cob,2146,0,0,0,16,3
15346,5,2009030001882,1,8,10,6,1,4,2,CV-70,28.1,28,1,0,1,5,2,2,3,3,2,1,2,2,1,1,7,7,8,1,1,4,2,14,1,1,1,NaN,2,1,NaN,,NaN,,NaN,,NaN,NaN,NaN,NaN,1,4,1,1,1,1,1,2,1,1,1,1,1,1,2,1,1,1,1,2,1,1,740956.272,4285000.871,603.628,Sec,756,0,0,1,17,5
15348,5,2009030001889,1,8,9,6,7,3,2,CV-865,9.1,9,1,0,1,5,3,2,3,3,2,1,1,1,2,1,2,5,3,1,1,1,9,14,1,1,3,NaN,2,2,NaN,,NaN,,NaN,,NaN,NaN,NaN,NaN,1,4,2,1,1,1,1,1,2,1,1,1,1,1,1,1,1,1,1,2,1,1,710712.445,4232748.668,-19.673,Sec,15700,0,0,0,18,6
15350,5,2009030001893,1,8,3,4,1,1,2,CV-83,0,0,0,0,1,5,1,2,4,4,2,1,2,2,2,2,5,1,8,1,1,1,9,14,3,1,1,NaN,1,NaN,NaN,,NaN,,NaN,,NaN,NaN,NaN,71,1,4,2,1,1,1,1,1,1,1,1,1,1,1,1,1,1,1,1,2,1,1,693559.046,4258778.596,384.44,Cob,14121,0,0,0,14,6
15352,5,2009030001894,1,8,3,3,1,4,2,CV-70,17.1,17,1,1,1,5,3,2,3,3,2,1,1,2,2,1,7,7,5,1,1,1,9,14,1,1,3,NaN,2,1,NaN,,NaN,,NaN,,NaN,NaN,NaN,NaN,1,4,2,1,1,1,1,1,2,1,1,1,1,1,1,1,1,1,1,2,2,2,743806.526,4283271.198,652.329,Sec,756,0,0,0,10,4
15353,5,2009030001898,1,8,11,4,2,1,1,CV-70,44.7,44,7,0,1,5,2,3,4,2,2,2,1,1,1,1,7,7,5,1,1,1,9,14,3,1,1,NaN,1,NaN,NaN,,NaN,,NaN,,66,NaN,60,NaN,1,4,1,2,1,1,1,1,1,1,1,1,1,1,1,1,1,1,1,2,1,2,750080.223,4276146.139,196.055,Per,23768,0,0,0,13,2
15354,5,2009030001899,1,8,10,6,1,4,1,CV-95,23.1,23,1,0,1,5,3,2,3,3,2,1,1,1,1,1,7,7,8,1,5,1,3,14,2,1,1,NaN,1,NaN,NaN,,NaN,,NaN,,NaN,61,60,NaN,1,4,1,1,1,1,1,1,1,2,1,1,1,1,1,1,1,1,1,2,2,1,697968.003,4205285.109,-1.822,Cob,21913,0,0,0,22,1
15356,5,2009030001901,1,8,10,5,1,1,1,CV-905,3,3,0,0,1,5,1,3,3,3,2,1,1,2,2,2,5,6,4,1,1,1,9,14,1,2,1,NaN,2,NaN,NaN,,NaN,,NaN,,NaN,54,50,NaN,1,4,2,1,1,1,1,1,1,1,1,1,1,1,1,1,1,1,1,2,1,1,699886.519,4213900.992,-3.423,Pri,24466,0,0,0,15,6
15358,5,2009030001905,1,8,3,4,1,1,2,CV-820,15,15,0,0,1,5,2,2,3,3,2,1,1,1,1,1,1,1,8,1,1,1,9,14,2,1,3,NaN,2,4,NaN,,NaN,,NaN,,NaN,NaN,NaN,NaN,1,4,2,1,1,1,1,1,2,1,1,1,1,1,1,1,1,1,1,2,1,1,700716.535,4254423.507,275.537,Pri,2485,0,0,0,11,7
15359,5,2009030001906,1,8,4,4,2,1,1,CV-81,47.6,47,6,0,1,5,2,2,3,3,2,1,1,1,1,1,7,7,8,1,1,1,9,14,2,1,3,NaN,1,NaN,NaN,,21,24,NaN,,NaN,NaN,NaN,NaN,1,4,1,1,1,1,1,1,1,1,1,1,1,1,1,2,1,1,1,2,1,1,681640.643,4278552.667,462.924,Cob,4998,0,0,0,13,1
15361,5,2009030001910,1,8,6,4,4,1,2,CV-790,5.5,5,5,1,1,5,2,3,3,1,2,1,2,2,1,1,7,7,8,1,1,1,9,8,1,1,3,NaN,1,2,NaN,,NaN,,NaN,,NaN,NaN,NaN,NaN,1,4,1,1,1,1,1,2,1,1,1,2,1,1,1,1,1,1,1,2,1,2,725482.402,4288475.168,512.794,Cob,3847,0,0,0,11,5
15362,5,2009030001914,1,8,10,3,1,4,1,CV-806,3,3,0,0,1,5,3,2,3,4,2,1,2,1,2,1,7,7,5,1,1,1,9,14,1,1,1,NaN,2,NaN,NaN,,21,24,NaN,,NaN,NaN,NaN,NaN,1,4,1,1,1,1,1,1,1,1,1,1,1,1,1,2,1,1,1,2,1,1,705796.347,4276046.487,673.411,Cob,4747,0,0,0,8,1
15363,5,2009030001918,1,8,12,4,3,1,1,CV-81,42,42,0,0,1,5,3,2,3,3,2,1,2,2,2,2,5,1,8,1,1,1,9,14,3,1,1,NaN,2,NaN,NaN,,NaN,,NaN,,66,NaN,60,NaN,1,4,1,1,1,1,1,2,1,1,1,1,1,1,1,1,1,1,1,2,2,1,685263.579,4280309.683,477.715,Cob,4998,0,0,1,13,6
15364,5,2009030001919,1,8,12,5,3,1,1,CV-949,0.8,0,8,0,1,5,3,2,4,3,2,1,2,2,1,1,7,7,8,1,1,1,9,14,1,1,1,NaN,2,NaN,NaN,,NaN,,NaN,,NaN,61,60,NaN,1,4,2,1,1,1,1,1,1,1,1,1,1,1,1,1,1,1,1,2,1,1,685180.775,4209351.821,79.409,Cob,641,0,0,0,15,4