Id,Ano,Numero_Accidente,Provincia,Mes,Dia,Hora,Dia_Semana,Tipo_Dia,Vehiculos_Implicados,Carretera,Pk,Km,Hm,Sentido,Zona,Tipo_Via,Anchura_Calzada,Anchura_Carril,Marcas_Viales,Arcen,Arcen_Pavimentado,Mediana,Barrera_Seguridad,Paneles_Direccionales,Hitos_Arista,Captafaros,Interseccion_Tipo,Interseccion_Acondicionamiento,Prioridad_Regulada_por,Superficie,Luminosidad,Factores_Atmosfericos,Visibilidad_Restringida_por,Otras_Circunstancias,Senalizacion_Peligro,Aceras,Arboles,Arboles_Metros_Calzada,Visibilidad_Senalizacion_Vertical,Colision_Vehiculos_Marcha,Colision_Vehiculo_Obstaculo_1,Colision_Vehiculo_Obstaculo_2,Atropello_1,Atropello_2,Vuelco_1,Vuelco_2,Salida_Sin_Colision,Salida_Con_Colision,Lado_Salida,Otro,Circulacion,Circulacion_Medidas_Especiales,Distraccion,Inexperiencia_Conductor,Alcohol_Drogas,Cansancio_Sueno,Enfermedad,Velocidad_Inadecuada,Infraccion_Norma_Circulacion,Estado_Condicion_Via,Estado_Condicion_Senalizacion,Tramo_Obras,Mal_Estado_Vehiculo,Averia_Mecanica,Meteorologia_Adversa,Irrupcion_Animal,Circular_Sentido_Contrario,Otro_Factor,Sin_Opinion_Definida,Pendiente,Curvatura,Peralte,GPS_x,GPS_y,GPS_z,Tipo_Est,IMD,N_Muertos,N_Graves,N_Leves,Hora_Real,Fuera_o_Interseccion
15365,5,2009030001924,1,8,9,4,7,3,1,CV-800,29.8,29,8,1,1,5,2,2,3,3,2,1,2,2,2,1,7,7,8,1,1,1,9,14,3,1,1,NaN,2,NaN,NaN,,NaN,,NaN,,56,NaN,50,NaN,1,4,1,1,1,1,1,2,1,1,1,1,1,1,1,1,1,1,1,2,1,1,720984.234,4259941.049,126.379,Cob,1719,0,0,1,14,2
15367,5,2009030001944,1,8,14,3,5,1,2,CV-905,0,0,0,0,1,5,3,2,3,3,2,1,1,2,2,1,3,6,4,1,1,1,9,14,1,1,1,NaN,2,4,NaN,,NaN,,NaN,,NaN,NaN,NaN,NaN,2,4,2,1,1,1,1,1,2,1,1,1,1,1,1,1,1,1,1,2,2,3,698062.729,4215016.961,1.517,Pri,24466,0,0,1,10,6
15368,5,2009030001945,1,8,15,3,6,3,1,CV-940,12,12,0,1,1,5,3,2,3,3,2,1,1,2,1,1,7,7,8,1,1,1,9,14,1,1,3,NaN,2,NaN,NaN,,NaN,,NaN,,67,NaN,60,NaN,1,4,2,1,1,1,1,1,1,1,1,1,1,1,1,1,1,1,1,2,1,1,694496.28,4206715.869,24.756,Cob,3315,0,0,0,7,4
15372,5,2009030001951,1,8,15,4,6,2,2,CV-821,6,6,0,1,1,5,2,2,3,3,2,2,1,1,1,1,5,5,4,1,1,1,9,14,1,2,1,NaN,2,4,NaN,,NaN,,NaN,,NaN,NaN,NaN,NaN,1,4,2,1,2,1,1,1,1,1,1,1,1,1,1,1,1,1,1,2,1,1,719404.692,4252837.394,51.08,Cob,14646,0,0,1,11,6
15373,5,2009030001959,1,8,16,4,7,3,1,CV-755,20.3,20,3,1,1,5,2,2,3,3,2,1,2,2,1,1,7,7,8,1,1,1,2,14,1,1,1,NaN,2,NaN,NaN,,NaN,,NaN,,NaN,63,60,NaN,1,4,1,1,1,1,1,1,1,1,1,1,1,1,1,1,1,2,1,2,1,1,744140.689,4284327.965,467.171,Cob,2607,0,1,1,12,5
15374,5,2009030001976,1,8,12,4,3,1,1,CV-736,3.8,3,8,0,1,5,2,2,3,1,2,1,1,1,1,1,7,7,8,1,1,1,9,14,2,1,1,NaN,1,NaN,NaN,,NaN,,NaN,,NaN,54,50,NaN,1,4,1,1,1,1,1,2,1,1,1,1,1,1,1,1,1,1,1,2,2,2,773348.908,4301281.317,77.499,Cob,4724,0,0,0,11,2
15377,5,2009030001982,1,8,15,4,6,3,2,CV-70,8.9,8,9,0,1,5,2,2,3,3,2,1,1,2,2,2,1,1,8,1,1,1,2,14,3,1,1,NaN,2,1,NaN,,NaN,,NaN,,NaN,NaN,NaN,NaN,1,4,1,1,1,1,1,1,2,1,1,1,1,1,1,1,1,1,1,2,1,1,727819.029,4286917.775,523.049,Cob,2664,0,0,2,14,6
15378,5,2009030001999,1,8,18,3,2,1,1,CV-724,2.7,2,7,1,1,5,3,2,3,3,2,1,2,1,1,1,7,7,8,1,1,1,9,14,1,1,3,NaN,2,NaN,NaN,,NaN,,NaN,,NaN,64,60,NaN,1,4,1,1,1,1,1,2,1,1,1,1,1,1,1,1,1,1,1,2,1,1,765968.676,4302639.92,-0.519,Sec,6142,0,0,0,7,2
15380,5,2009030002000,1,8,17,5,1,1,2,CV-715,25,25,0,0,1,5,2,2,3,3,2,1,1,1,1,1,3,6,3,1,1,1,9,14,1,1,1,NaN,2,2,NaN,,NaN,,NaN,,NaN,NaN,NaN,NaN,1,4,1,1,1,1,1,1,2,1,1,1,1,1,1,1,1,1,1,2,1,1,754488.455,4289713.339,517.028,Cob,359,0,0,0,16,6
15382,5,2009030002015,1,8,9,6,7,3,2,CV-81,40.5,40,5,0,1,5,3,2,3,3,2,1,1,1,1,1,5,1,4,1,2,1,9,14,3,1,1,NaN,2,2,NaN,,NaN,,NaN,,NaN,NaN,NaN,NaN,1,4,1,1,1,1,1,1,2,1,1,1,1,1,1,1,1,1,1,2,1,1,686011.245,4280464.394,489.942,Cob,5430,0,0,0,21,6
15383,5,2009030002042,1,8,20,1,4,1,1,CV-70,46.5,46,5,0,1,5,3,2,3,3,2,2,1,1,2,2,4,1,4,1,4,1,9,14,1,1,1,NaN,2,NaN,NaN,,NaN,,NaN,,NaN,61,60,NaN,1,4,2,1,2,1,1,1,1,1,1,1,1,1,1,1,1,1,1,2,1,1,750366.458,4274559.856,161.073,Per,23768,0,0,0,4,7
15385,5,2009030002056,1,8,19,6,3,1,2,CV-905,4.5,4,5,0,1,5,3,2,3,3,2,2,2,2,2,2,7,7,8,1,1,1,9,14,3,1,1,NaN,1,3,NaN,,NaN,,NaN,,NaN,NaN,NaN,NaN,1,4,2,1,2,1,1,1,1,1,1,1,1,1,1,1,1,1,1,2,1,1,700419.119,4212523.286,-19.114,Cob,25418,0,0,1,18,1
15387,5,2009030002069,1,8,21,2,5,1,2,CV-95,12,12,0,0,1,5,3,2,3,3,2,1,2,1,2,2,1,1,8,1,5,3,9,14,1,1,1,NaN,2,4,NaN,,NaN,,NaN,,NaN,NaN,NaN,NaN,1,4,2,1,1,1,1,2,1,1,1,1,1,1,1,1,1,1,1,2,1,1,689718.239,4211275.255,88.897,Cob,9867,0,0,0,6,6
15388,5,2009030002077,1,8,19,6,3,1,1,CV-820,2.7,2,7,1,1,5,3,3,3,3,2,1,1,2,1,1,7,7,5,1,5,1,9,14,1,1,1,NaN,2,NaN,NaN,,NaN,,NaN,,65,NaN,60,NaN,1,4,1,1,2,1,1,2,1,1,1,1,1,1,1,1,1,1,1,2,1,1,698204.308,4252900.998,239.825,Cob,4847,0,1,0,21,5
15389,5,2009030002082,1,8,22,5,6,1,1,CV-835,8,8,0,1,1,5,2,2,3,3,2,1,1,2,1,1,7,7,8,1,1,1,9,14,1,1,1,NaN,2,NaN,NaN,,NaN,,NaN,,66,NaN,60,NaN,1,4,1,1,1,1,1,2,1,1,1,1,1,1,1,1,1,1,1,2,2,1,690988.536,4258220.726,321.632,Sec,3490,0,0,1,15,1
15393,5,2009030002105,1,8,21,1,5,1,1,CV-840,18.5,18,5,0,1,5,3,2,3,3,2,1,1,2,1,1,7,7,8,1,5,1,9,14,3,1,3,NaN,2,NaN,NaN,,NaN,,NaN,,NaN,52,50,NaN,1,4,1,2,1,1,1,2,1,1,1,1,1,1,1,1,1,1,1,2,1,1,677625.465,4246320.297,601.246,Sec,2262,0,0,1,2,4
15394,5,2009030002132,1,8,18,4,2,1,1,CV-81,21.8,21,8,0,1,5,2,2,3,3,2,1,2,2,2,2,7,7,8,1,1,1,9,14,3,1,1,NaN,2,NaN,NaN,,NaN,,NaN,,NaN,64,60,NaN,1,4,2,1,1,1,1,1,1,1,1,1,1,1,1,1,1,1,1,2,1,1,701484.288,4289512.412,649.384,Cob,4649,0,0,1,11,1
15395,5,2009030002145,1,8,25,1,2,1,1,CV-70,42.1,42,1,1,1,5,2,3,3,3,2,1,2,2,1,2,7,7,8,1,5,1,9,14,2,1,1,NaN,2,NaN,NaN,,21,24,NaN,,NaN,NaN,NaN,NaN,1,4,1,1,1,1,1,1,1,1,1,1,1,1,1,2,1,1,1,2,1,1,727331.833,4286801.736,488.783,Cob,0,0,0,0,23,1
15398,5,2009030002154,1,8,21,3,5,1,2,CV-821,7.2,7,2,0,1,5,3,2,3,3,2,1,1,2,1,1,5,1,8,1,1,1,9,14,1,1,1,NaN,2,3,NaN,,NaN,,NaN,,NaN,NaN,NaN,NaN,1,4,2,1,1,1,1,1,2,1,1,1,1,1,1,1,1,1,1,2,1,2,722179.226,4253621.282,25.464,Cob,14646,0,0,0,9,6
15399,5,2009030002157,1,8,23,6,7,3,1,CV-70,7.5,7,5,1,1,5,2,2,3,1,2,1,1,1,1,1,7,7,8,1,1,1,9,14,1,1,3,NaN,2,NaN,NaN,,NaN,,NaN,,66,NaN,60,NaN,1,4,1,1,1,1,1,2,1,1,1,1,1,1,1,1,1,1,1,2,1,1,749281.367,4277481.561,234.203,Cob,2664,0,0,0,18,5
15401,5,2009030002158,1,8,21,3,5,1,2,CV-700,15.6,15,6,0,1,5,2,2,3,1,2,1,1,1,1,1,7,7,8,9,1,1,9,14,2,1,3,NaN,2,NaN,30,32,NaN,,NaN,,NaN,NaN,NaN,NaN,1,4,1,1,1,1,1,1,1,2,1,1,1,1,1,1,1,1,1,2,2,1,721751.094,4295964.767,395.858,Cob,3684,0,0,0,10,1
15409,5,2009030002163,1,8,25,4,2,1,2,CV-801,5,5,0,1,1,5,3,2,3,2,1,1,1,1,1,1,1,1,4,1,1,1,9,14,1,1,1,NaN,2,2,NaN,,NaN,,NaN,,NaN,NaN,NaN,NaN,1,4,2,1,1,1,1,1,1,1,1,1,1,1,1,1,1,1,1,2,1,1,710271.424,4280383.706,906.119,Cob,811,0,0,1,11,6
15411,5,2009030002170,1,8,27,6,4,1,2,CV-935,1,1,0,0,1,5,3,1,3,1,2,1,1,1,1,1,5,3,4,1,3,1,9,14,1,1,1,NaN,2,2,NaN,,NaN,,NaN,,NaN,NaN,NaN,NaN,1,4,2,1,2,1,1,2,2,1,1,1,1,1,1,1,1,1,1,2,1,1,693511.936,4219824.632,-17.922,Cob,5379,0,0,0,22,6
15413,5,2009030002174,1,8,26,4,3,1,2,CV-865,2.4,2,4,0,1,5,3,2,3,4,2,1,1,1,1,1,2,1,5,1,1,1,9,14,3,1,1,NaN,2,NaN,NaN,,NaN,,NaN,,NaN,63,60,NaN,2,4,1,1,1,1,1,1,2,1,1,1,1,1,1,1,1,1,1,2,1,1,705169.42,4236511.382,33.143,Cob,13788,0,0,0,14,7
15414,5,2009030002186,1,8,27,6,4,1,1,CV-820,3.5,3,5,0,1,5,2,2,3,3,2,1,1,1,1,1,7,7,8,1,1,1,9,14,3,1,1,NaN,2,NaN,NaN,,NaN,,NaN,,67,NaN,60,NaN,1,4,2,1,1,1,1,2,1,1,1,1,1,1,1,1,1,1,1,2,1,2,710741.816,4255026.661,154.648,Cob,4847,0,0,1,20,2
15416,5,2009030002201,1,8,28,1,5,1,2,CV-800,3.6,3,6,0,1,5,3,2,3,3,2,1,2,2,2,2,7,7,8,1,5,1,9,14,3,1,1,NaN,1,4,NaN,,NaN,,NaN,,NaN,NaN,NaN,NaN,1,4,2,1,1,1,1,1,1,1,1,1,1,1,1,1,1,1,1,2,1,1,717275.573,4272823.302,713.79,Sec,5482,0,0,0,2,1
15417,5,2009030002212,1,9,1,4,2,1,1,CV-775,2.8,2,8,0,1,5,2,3,3,3,2,1,1,1,1,1,7,7,8,1,1,1,9,14,3,1,3,NaN,2,NaN,NaN,,NaN,,NaN,,66,NaN,60,NaN,1,4,1,1,2,1,1,2,1,1,1,1,1,1,1,1,1,1,1,2,1,1,728117.145,4260366.02,60.216,Cob,2106,0,0,0,14,4
15418,5,2009030002213,1,9,2,1,3,1,1,CV-820,3.1,3,1,1,1,5,3,2,3,3,2,1,1,2,2,2,7,7,8,1,5,1,9,14,3,1,1,NaN,2,NaN,NaN,,21,24,NaN,,NaN,NaN,NaN,NaN,1,4,1,1,1,1,1,1,1,1,1,1,1,1,1,2,1,1,1,2,1,1,698583.768,4252979.218,244.551,Cob,4847,0,0,2,1,1
15420,5,2009030002214,1,8,31,4,1,1,2,CV-715,20.1,20,1,0,1,5,1,2,3,1,2,1,2,2,1,1,5,6,4,1,1,1,1,13,1,2,3,NaN,2,2,NaN,,NaN,,NaN,,NaN,NaN,NaN,NaN,1,4,2,1,1,1,1,1,1,1,1,1,1,1,1,1,1,1,1,2,1,1,754367.641,4291503.902,418.38,Cob,3161,0,0,1,13,7
15422,5,2009030002215,1,8,31,3,1,4,2,CV-800,1,1,0,0,1,5,3,2,3,3,2,1,1,1,2,2,7,7,8,1,1,1,9,14,3,1,1,NaN,2,NaN,NaN,,NaN,,NaN,,NaN,NaN,NaN,71,1,4,1,1,1,1,1,1,2,1,1,1,1,1,1,1,1,1,1,2,1,2,724971.824,4255643.006,32.441,Cob,14543,0,0,0,8,1
15425,5,2009030002218,1,8,30,6,7,3,2,CV-820,0,0,0,1,1,5,2,2,4,1,2,1,1,1,1,1,7,7,8,1,5,1,9,14,3,1,1,NaN,2,4,NaN,,NaN,,NaN,,NaN,NaN,NaN,NaN,1,4,2,1,1,1,1,1,1,1,1,1,1,1,1,1,1,1,1,1,3,2,696073.715,4251427.09,207.006,Cob,4847,0,0,0,21,1
15427,5,2009030002221,1,9,2,4,3,1,2,CV-70,46.1,46,1,0,1,5,2,2,3,3,2,2,1,1,1,1,5,1,4,1,1,1,9,14,1,1,1,NaN,1,4,NaN,,NaN,,NaN,,NaN,NaN,NaN,NaN,1,4,2,1,1,1,1,1,2,1,1,1,1,1,1,1,1,1,1,2,1,1,750382.568,4274947.929,167.364,Per,23768,0,0,1,13,7
15428,5,2009030002222,1,9,2,4,3,1,1,CV-81,42,42,0,1,1,5,3,2,3,3,2,2,1,1,1,1,7,7,8,1,1,1,9,14,1,1,3,NaN,2,NaN,NaN,,NaN,,12,9,NaN,NaN,NaN,NaN,1,4,2,1,1,1,1,1,1,1,1,1,1,1,1,1,1,1,1,2,1,1,707475.133,4293179.96,580.589,Cob,4998,0,0,1,13,2
15429,5,2009030002234,1,8,31,4,1,4,1,CV-83,29.3,29,3,0,1,5,3,2,3,3,2,1,2,2,2,2,2,1,5,1,1,1,9,14,3,1,1,NaN,1,NaN,NaN,,NaN,,NaN,,66,NaN,60,NaN,1,4,2,1,1,1,1,1,1,1,1,1,1,1,1,1,1,1,1,2,1,1,667561.281,4252728.528,601.336,Cob,2367,0,0,0,13,6
15431,5,2009030002235,1,8,31,4,1,2,2,CV-81,50.2,50,2,0,1,5,2,2,3,3,2,1,2,2,2,2,7,7,8,1,1,1,9,14,3,1,1,NaN,1,NaN,NaN,,NaN,,NaN,,NaN,63,60,NaN,1,4,1,1,1,1,1,1,1,2,1,1,1,2,1,1,1,1,1,2,1,1,679139.328,4278367.034,471.324,Cob,4998,0,0,0,13,2
15432,5,2009030002255,1,9,6,1,7,3,1,CV-799,1.5,1,5,1,1,5,3,2,3,3,2,1,1,1,1,1,7,7,8,1,5,1,9,14,3,1,2,2,2,NaN,NaN,,NaN,,NaN,,NaN,61,60,NaN,1,4,2,1,1,1,1,1,1,1,1,1,1,1,1,1,1,1,1,2,1,1,698011.286,4276211.767,733.11,Pri,4036,0,2,0,0,1
15433,5,2009030002259,1,9,5,6,6,2,1,CV-800,24.8,24,8,1,1,5,2,2,3,4,2,1,2,2,2,2,7,7,8,1,1,1,2,14,1,1,1,NaN,2,NaN,NaN,,NaN,,NaN,,NaN,63,60,NaN,1,4,1,1,1,1,1,2,1,1,1,1,1,1,1,1,1,1,1,2,1,1,719696.145,4264501.53,235.303,Cob,1719,0,1,0,19,5
15435,5,2009030002265,1,9,8,3,2,1,2,CV-734,4.3,4,3,0,1,5,3,2,3,3,2,1,1,1,1,2,1,1,8,1,1,1,9,14,1,1,3,NaN,2,2,NaN,,NaN,,NaN,,NaN,NaN,NaN,NaN,1,4,1,1,1,1,1,1,2,1,1,1,1,1,1,1,1,1,1,2,1,1,771001.654,4296727.042,26.292,Sec,11748,0,0,1,9,7
15437,5,2009030002268,1,9,8,4,2,1,2,CV-920,4.2,4,2,0,1,5,3,2,3,3,2,1,2,2,1,1,7,7,8,1,1,1,9,14,1,1,3,NaN,2,2,NaN,,NaN,,NaN,,NaN,NaN,NaN,NaN,1,4,1,1,1,1,1,1,2,1,1,1,1,2,1,1,1,1,1,2,1,1,688827.051,4216400.539,-0.059,Pri,6238,0,0,2,13,1
15438,5,2009030002269,1,9,8,4,2,1,1,CV-941,3.3,3,3,0,1,5,2,3,3,3,2,1,2,1,1,2,7,7,8,3,1,1,2,14,1,1,1,NaN,2,NaN,NaN,,NaN,,NaN,,NaN,64,60,NaN,1,4,1,1,1,1,1,2,1,1,1,1,1,1,1,1,1,1,1,2,1,1,695150.187,4198274.476,60.239,Sec,3828,0,0,0,11,4
15442,5,2009030002270,1,9,6,6,7,3,2,CV-900,9,9,0,0,1,5,2,3,3,4,2,1,2,1,2,2,7,7,5,1,5,1,9,14,3,1,3,NaN,2,4,NaN,,NaN,,NaN,,NaN,NaN,NaN,NaN,1,4,2,1,1,1,1,1,2,1,1,1,1,1,1,1,1,2,1,2,1,1,686839.653,4222672.321,-7.804,Sec,9721,0,0,5,21,1
15444,5,2009030002272,1,9,9,6,3,1,2,CV-91,9.3,9,3,0,1,5,3,2,3,3,2,1,2,1,2,2,7,7,8,1,1,1,9,14,3,1,1,NaN,2,4,NaN,,NaN,,NaN,,NaN,NaN,NaN,NaN,1,4,2,1,1,1,1,1,2,1,1,1,1,1,1,1,1,1,1,2,1,1,690003.241,4218036.327,-11.611,Pri,12685,0,0,1,17,1
15445,5,2009030002276,1,9,9,2,3,1,1,CV-91,15.6,15,6,1,1,5,3,2,3,3,2,1,2,1,2,2,7,7,8,1,5,1,9,14,3,1,1,NaN,1,NaN,NaN,,21,24,NaN,,NaN,NaN,NaN,NaN,1,4,1,1,1,1,1,1,1,1,1,1,1,1,1,2,1,1,1,2,1,1,690420.742,4218019.209,-20.106,Cob,9784,0,0,0,6,1
15446,5,2009030002279,1,9,3,6,4,1,1,CV-86,8,8,0,0,1,5,3,2,4,4,2,2,2,2,2,2,5,1,5,1,1,1,9,14,3,1,1,NaN,1,NaN,NaN,,NaN,,NaN,,66,NaN,60,NaN,1,4,1,1,1,1,1,1,1,1,1,1,1,1,1,1,1,2,1,2,1,2,704537.999,4240471.282,84.39,Sec,8025,0,0,0,17,6
15448,5,2009030002288,1,9,10,6,4,1,2,CV-70,49.1,49,1,0,1,5,2,2,3,2,2,2,2,1,1,1,5,1,4,1,3,1,9,14,3,2,3,NaN,2,3,NaN,,NaN,,NaN,,NaN,NaN,NaN,NaN,1,4,1,1,1,1,1,1,2,1,1,1,1,1,1,1,1,1,1,2,1,2,749854.061,4272185.13,96.233,Per,23768,0,0,1,22,6
15451,5,2009030002289,1,9,4,6,5,1,2,CV-865,11.6,11,6,1,1,5,2,2,2,4,2,2,2,2,2,2,5,1,8,1,1,1,9,14,3,1,1,NaN,1,2,NaN,,NaN,,NaN,,NaN,NaN,NaN,NaN,1,4,1,1,1,1,1,1,2,1,1,1,1,1,1,1,1,1,1,2,1,1,703724.631,4237442.346,41.379,Sec,15700,0,0,0,19,6
15453,5,2009030002291,1,9,8,3,2,1,2,CV-905,7.4,7,4,1,1,5,3,2,3,3,2,2,2,2,2,2,5,1,4,1,1,1,9,14,3,1,1,NaN,2,4,NaN,,NaN,,NaN,,NaN,NaN,NaN,NaN,1,4,2,1,1,1,1,1,1,1,1,1,1,1,1,1,1,1,1,2,1,1,700211.02,4213082.973,-13.983,Cob,28977,0,0,1,10,7
15455,5,2009030002294,1,9,10,4,4,1,2,CV-95,15.6,15,6,1,1,5,2,2,3,3,2,1,1,1,2,2,1,1,8,1,1,1,9,14,2,1,1,NaN,1,2,NaN,,NaN,,NaN,,NaN,NaN,NaN,NaN,1,4,1,1,1,1,1,1,2,1,1,1,1,1,1,1,1,1,1,2,1,1,689639.414,4211338.098,84.104,Pri,8579,0,0,0,13,6
15456,5,2009030002298,1,9,12,4,6,2,1,CV-720,49.2,49,2,1,1,5,3,2,3,2,2,1,2,2,2,2,7,7,5,1,1,1,9,14,3,1,1,NaN,2,NaN,NaN,,NaN,,NaN,,66,NaN,60,NaN,1,4,2,1,1,1,1,1,1,1,1,1,1,1,1,1,1,1,1,2,1,1,730842.551,4290895.734,618.674,Cob,2146,0,1,0,11,1
15458,5,2009030002317,1,9,14,4,1,4,1,CV-821,8.6,8,6,1,1,5,2,2,3,1,2,1,2,1,1,1,7,7,8,1,1,1,9,14,1,1,1,NaN,1,NaN,NaN,,NaN,,NaN,,NaN,52,50,NaN,1,4,1,1,1,1,1,1,1,1,1,1,1,1,1,1,1,2,1,2,2,1,717104.151,4252248.642,71.336,Cob,14646,0,0,1,14,1
15462,5,2009030002318,1,9,14,6,1,1,2,CV-715,22.5,22,5,1,1,5,3,2,3,2,2,1,2,2,2,2,7,7,8,3,1,4,2,4,1,1,3,NaN,2,1,NaN,,NaN,,NaN,,NaN,NaN,NaN,NaN,1,4,1,1,1,1,1,2,1,1,1,1,1,1,2,1,1,1,1,2,1,1,755050.211,4289953.044,548.933,Cob,3161,0,0,2,17,4
15463,5,2009030002321,1,9,7,6,1,4,1,CV-865,11.5,11,5,1,1,5,3,2,3,1,2,1,1,1,2,1,5,3,5,1,1,1,9,14,1,1,1,NaN,2,NaN,NaN,,NaN,,12,9,NaN,NaN,NaN,NaN,1,4,1,1,1,1,1,1,1,2,1,1,1,1,1,1,1,1,1,2,1,1,703891.24,4237335.718,39.404,Sec,15700,0,0,1,17,6
15464,5,2009030002322,1,9,13,6,7,3,1,CV-820,11,11,0,1,1,5,3,2,3,1,2,1,1,1,2,1,5,3,4,1,4,5,9,14,1,1,1,NaN,1,NaN,NaN,,NaN,,NaN,,NaN,63,60,NaN,1,4,1,1,2,1,1,1,1,2,1,1,1,1,1,1,1,1,1,2,1,1,705276.633,4256650.31,286.221,Cob,2873,0,0,0,21,6
15466,5,2009030002331,1,9,15,4,2,1,2,CV-865,1.1,1,1,0,1,5,3,2,3,3,2,1,2,1,2,1,3,5,5,1,1,1,9,14,1,1,3,NaN,2,4,NaN,,NaN,,NaN,,NaN,NaN,NaN,NaN,1,4,2,1,1,1,1,1,2,1,1,1,1,1,1,1,1,1,1,2,1,1,704090.932,4237203.524,43.149,Cob,13788,0,0,2,12,6
15468,5,2009030002334,1,9,16,5,3,1,2,CV-941,10.8,10,8,1,1,5,2,3,3,3,2,1,1,1,2,2,1,1,8,1,1,1,9,14,1,1,1,NaN,1,4,NaN,,NaN,,NaN,,NaN,NaN,NaN,NaN,1,4,1,1,1,1,1,1,2,1,1,1,1,1,1,1,1,1,1,2,1,1,695542.43,4196902.995,38.813,Sec,3828,0,0,2,16,6
15469,5,2009030002341,1,9,17,3,4,1,1,CV-725,1.1,1,1,0,1,5,3,2,3,3,2,1,2,2,2,2,3,1,5,1,1,1,9,14,3,1,1,NaN,2,NaN,NaN,,NaN,,NaN,,NaN,54,50,NaN,1,4,1,1,1,1,1,1,2,1,1,1,1,1,1,1,1,2,1,2,1,1,763290.604,4301350.974,19.982,Pri,21233,0,0,0,7,6
15470,5,2009030002343,1,9,15,5,2,1,1,CV-715,22.6,22,6,0,1,5,3,2,3,3,2,1,2,2,2,2,7,7,5,8,1,4,4,14,1,1,1,NaN,2,NaN,NaN,,NaN,,NaN,,NaN,64,60,NaN,1,4,1,1,1,1,1,1,1,1,1,1,1,1,1,1,1,2,1,2,2,2,755642.641,4290547.336,569.347,Cob,3161,0,0,0,15,2
15472,5,2009030002344,1,9,15,6,2,1,2,CV-736,3.8,3,8,0,1,5,2,2,3,1,2,1,2,2,1,1,7,7,8,3,1,5,4,14,3,1,1,NaN,1,2,NaN,,NaN,,NaN,,NaN,NaN,NaN,NaN,1,4,1,1,1,1,1,1,2,1,1,1,1,1,2,1,1,1,1,2,2,2,773348.908,4301281.317,77.499,Cob,4724,0,0,0,18,4
15473,5,2009030002345,1,9,14,3,1,4,1,CV-755,18.8,18,8,1,1,5,2,2,3,3,2,1,2,1,1,1,7,7,5,1,1,1,9,14,2,1,1,NaN,2,NaN,NaN,,NaN,,NaN,,66,NaN,60,NaN,1,4,2,1,1,1,1,1,1,1,1,1,1,1,1,1,1,1,1,2,1,2,744863.569,4283739.785,417.46,Cob,2607,0,0,1,10,1
15479,5,2009030002349,1,9,17,6,4,1,2,CV-900,7.3,7,3,0,1,5,1,3,1,1,2,1,1,1,1,1,1,1,3,1,1,1,9,14,2,1,3,NaN,2,4,NaN,,NaN,,NaN,,NaN,NaN,NaN,NaN,1,4,2,1,1,1,1,1,2,1,1,1,1,1,1,1,1,1,1,2,1,1,687091.702,4221094.984,-6.488,Sec,9721,0,0,0,17,6
15481,5,2009030002359,1,9,13,4,7,3,2,CV-70,49.2,49,2,0,1,5,3,2,3,2,2,2,2,1,1,1,7,7,4,1,1,1,9,14,3,1,1,NaN,1,4,NaN,,NaN,,NaN,,NaN,NaN,NaN,NaN,1,4,2,1,1,1,1,1,1,1,1,1,1,1,1,1,1,1,1,2,2,2,749821.593,4272011.374,86.874,Per,23768,0,0,1,13,1
15484,5,2009030002363,1,9,18,6,5,1,2,CV-83,3,3,0,0,1,5,3,2,3,3,2,1,2,2,2,2,7,7,8,1,5,1,9,14,1,1,3,NaN,2,1,NaN,,NaN,,NaN,,NaN,NaN,NaN,NaN,1,4,2,1,1,1,1,1,2,1,1,1,1,1,1,1,1,1,1,2,1,1,690875.75,4258007.044,317.697,Cob,14121,0,1,4,22,1
15486,5,2009030002368,1,9,18,6,5,1,2,CV-70,45.2,45,2,0,1,5,2,3,3,3,2,2,1,2,1,2,5,1,4,1,3,1,9,14,1,2,1,NaN,2,2,NaN,,NaN,,NaN,,NaN,NaN,NaN,NaN,1,4,2,1,1,1,1,1,2,1,1,1,1,1,1,1,1,1,1,2,2,1,750354.4,4275764.33,180.59,Per,23768,0,0,1,22,7
15488,5,2009030002371,1,9,20,6,7,3,2,CV-905,9.5,9,5,0,1,5,3,2,3,3,2,2,2,2,1,1,7,7,8,1,1,1,9,14,1,1,3,NaN,2,4,NaN,,NaN,,NaN,,NaN,NaN,NaN,NaN,1,4,2,1,2,1,1,1,1,1,1,1,1,1,1,1,1,1,1,2,1,2,702834.91,4208361.738,-17.75,Cob,28977,0,0,0,18,1
15489,5,2009030002372,1,9,21,4,1,4,1,CV-865,11.6,11,6,1,1,5,3,2,3,3,2,2,1,1,1,1,5,1,8,1,1,1,9,14,1,2,3,NaN,2,NaN,NaN,,NaN,,12,9,NaN,NaN,NaN,NaN,1,4,1,1,1,1,1,1,1,2,1,1,1,1,1,1,1,1,1,2,1,1,703724.631,4237442.346,41.379,Sec,15700,0,0,2,12,6
15490,5,2009030002380,1,9,19,6,6,2,1,CV-720,47,47,0,0,1,5,2,2,3,3,2,1,1,1,1,1,7,7,8,1,5,1,9,14,1,1,1,NaN,2,NaN,NaN,,NaN,,NaN,,66,NaN,60,NaN,1,4,2,1,1,1,1,1,1,1,1,1,1,1,1,1,1,1,1,2,2,2,760290.164,4296050.094,174.829,Cob,2146,0,0,1,22,5