Id,Ano,Numero_Accidente,Provincia,Mes,Dia,Hora,Dia_Semana,Tipo_Dia,Vehiculos_Implicados,Carretera,Pk,Km,Hm,Sentido,Zona,Tipo_Via,Anchura_Calzada,Anchura_Carril,Marcas_Viales,Arcen,Arcen_Pavimentado,Mediana,Barrera_Seguridad,Paneles_Direccionales,Hitos_Arista,Captafaros,Interseccion_Tipo,Interseccion_Acondicionamiento,Prioridad_Regulada_por,Superficie,Luminosidad,Factores_Atmosfericos,Visibilidad_Restringida_por,Otras_Circunstancias,Senalizacion_Peligro,Aceras,Arboles,Arboles_Metros_Calzada,Visibilidad_Senalizacion_Vertical,Colision_Vehiculos_Marcha,Colision_Vehiculo_Obstaculo_1,Colision_Vehiculo_Obstaculo_2,Atropello_1,Atropello_2,Vuelco_1,Vuelco_2,Salida_Sin_Colision,Salida_Con_Colision,Lado_Salida,Otro,Circulacion,Circulacion_Medidas_Especiales,Distraccion,Inexperiencia_Conductor,Alcohol_Drogas,Cansancio_Sueno,Enfermedad,Velocidad_Inadecuada,Infraccion_Norma_Circulacion,Estado_Condicion_Via,Estado_Condicion_Senalizacion,Tramo_Obras,Mal_Estado_Vehiculo,Averia_Mecanica,Meteorologia_Adversa,Irrupcion_Animal,Circular_Sentido_Contrario,Otro_Factor,Sin_Opinion_Definida,Pendiente,Curvatura,Peralte,GPS_x,GPS_y,GPS_z,Tipo_Est,IMD,N_Muertos,N_Graves,N_Leves,Hora_Real,Fuera_o_Interseccion
15492,5,2009030002393,1,9,22,6,2,1,2,CV-920,16.1,16,1,0,1,5,2,2,3,3,2,1,1,1,1,1,5,5,4,1,1,4,9,14,1,1,1,NaN,2,4,NaN,,NaN,,NaN,,NaN,NaN,NaN,NaN,1,4,1,1,2,1,1,1,2,1,1,1,1,1,1,1,1,1,1,2,1,1,699084.715,4217979.571,-5.987,Cob,0,0,0,1,19,6
15493,5,2009030002399,1,9,19,3,6,2,1,CV-941,3.1,3,1,0,1,5,3,2,3,3,2,1,1,1,2,2,7,7,8,1,1,1,9,14,1,1,1,NaN,2,NaN,NaN,,NaN,,NaN,,NaN,61,60,NaN,1,4,1,1,1,1,1,2,1,1,1,1,1,1,1,1,1,1,1,2,1,1,695072.186,4198089.874,63.367,Sec,3828,0,0,0,10,4
15495,5,2009030002407,1,9,18,4,5,1,2,CV-821,5,5,0,0,1,5,3,2,3,1,2,1,1,1,1,1,5,6,3,1,1,1,9,14,2,2,1,NaN,2,3,NaN,,NaN,,NaN,,NaN,NaN,NaN,NaN,1,4,1,1,1,1,1,1,1,1,1,1,1,1,1,1,1,1,2,2,1,1,720535.453,4253572.925,48.63,Sec,24033,0,0,0,13,6
15496,5,2009030002422,1,9,24,4,4,1,1,CV-836,0.9,0,9,0,1,5,3,2,3,3,2,1,1,2,1,1,7,7,8,1,1,1,9,14,1,1,1,NaN,2,NaN,NaN,,NaN,,NaN,,NaN,61,60,NaN,1,4,1,1,1,1,1,2,1,1,1,1,1,1,1,1,1,1,1,2,1,1,669391.085,4257447.64,610.13,Cob,2364,0,0,1,13,5
15498,5,2009030002423,1,9,24,3,4,1,2,CV-70,44.5,44,5,0,1,5,3,2,3,2,2,2,1,1,1,1,5,1,8,1,1,1,9,14,3,2,3,NaN,2,2,NaN,,NaN,,NaN,,NaN,NaN,NaN,NaN,1,4,1,1,1,1,1,1,2,1,1,1,1,1,1,1,1,1,1,2,1,1,750098.414,4276343.642,206.354,Per,23768,0,0,1,9,6
15500,5,2009030002426,1,9,25,3,5,1,2,CV-905,9,9,0,0,1,5,3,2,3,3,2,2,2,2,2,2,5,1,4,1,1,1,9,14,1,1,1,NaN,2,2,NaN,,NaN,,NaN,,NaN,NaN,NaN,NaN,1,4,1,1,1,1,1,1,2,1,1,1,1,1,1,1,1,1,1,2,1,1,702704.304,4208839.843,-19.001,Cob,28977,0,0,1,9,6
15501,5,2009030002433,1,9,23,4,3,1,1,CV-700,54.1,54,1,1,1,5,3,2,3,3,2,1,2,2,2,2,7,7,8,3,1,4,9,10,3,1,3,NaN,2,NaN,NaN,,NaN,,NaN,,55,NaN,50,NaN,1,4,1,1,1,1,1,2,1,1,1,1,1,1,1,1,1,1,1,2,1,1,720636.87,4296530.925,442.627,Pri,3025,0,0,0,13,1
15502,5,2009030002436,1,9,23,1,3,1,1,CV-870,1,1,0,0,1,5,3,2,3,4,2,1,1,1,2,2,7,7,8,1,3,1,9,8,1,1,1,NaN,2,NaN,NaN,,NaN,,NaN,,NaN,52,50,NaN,1,4,2,1,2,1,1,2,1,1,1,1,1,1,1,1,1,1,1,2,1,1,680715.997,4220859.888,6.087,Cob,14392,0,0,1,1,1
15506,5,2009030002442,1,9,25,3,5,1,2,CV-70,43.2,43,2,0,1,5,3,2,3,2,2,2,2,1,1,1,5,3,4,1,1,1,9,14,1,1,3,NaN,2,2,NaN,,NaN,,NaN,,NaN,NaN,NaN,NaN,1,4,1,1,1,1,1,1,2,1,1,1,1,1,1,1,1,1,1,2,1,2,749446.453,4277124.539,225.26,Cob,0,0,0,1,7,6
15507,5,2009030002443,1,9,27,2,7,3,1,CV-755,17.8,17,8,0,1,5,2,2,3,2,2,1,1,1,1,1,7,7,5,1,5,1,9,14,2,1,1,NaN,1,NaN,NaN,,NaN,,NaN,,58,NaN,50,NaN,1,4,2,1,2,1,1,1,1,1,1,1,1,1,1,1,1,1,1,2,1,1,754791.328,4280311.498,52.793,Cob,2607,0,0,0,5,1
15508,5,2009030002445,1,9,27,6,7,3,1,CV-734,0,0,0,0,1,5,3,2,3,3,2,1,2,2,2,2,7,7,5,3,1,4,4,14,1,1,1,NaN,2,NaN,NaN,,NaN,,NaN,,NaN,54,50,NaN,1,4,1,1,1,1,1,2,1,1,1,1,1,1,1,1,1,1,1,2,1,1,766845.533,4297996.368,49.086,Sec,11748,0,0,1,17,5
15510,5,2009030002456,1,9,28,6,1,4,2,CV-913,3.2,3,2,1,1,5,3,2,3,3,2,1,1,1,1,1,1,4,3,3,3,9,9,14,1,1,1,NaN,1,2,NaN,,NaN,,NaN,,NaN,NaN,NaN,NaN,1,4,2,1,1,1,1,1,2,1,1,1,1,1,1,1,1,1,1,2,1,1,690246.224,4224556.879,-17.397,Sec,6367,0,0,1,20,6
15514,5,2009030002467,1,9,28,3,1,1,3,CV-905,7.5,7,5,1,1,5,3,2,3,3,2,2,1,1,2,2,7,7,8,3,1,5,9,14,3,1,1,NaN,1,4,NaN,,NaN,,NaN,,NaN,NaN,NaN,NaN,1,4,1,1,1,1,1,1,2,1,1,1,1,1,1,1,1,1,1,2,1,1,700175.686,4213174.274,-12.635,Cob,28977,0,0,1,10,1
15517,5,2009030002472,1,9,26,1,6,2,3,CV-865,1.7,1,7,0,1,5,3,2,3,3,2,1,1,1,1,1,7,7,5,1,5,1,9,14,3,1,1,NaN,2,2,NaN,,NaN,,NaN,,NaN,NaN,NaN,NaN,1,4,1,1,1,1,1,1,2,1,1,1,1,1,1,1,1,1,1,2,1,1,704586.471,4236885.273,40.757,Cob,13788,0,0,1,4,1
15520,5,2009030002487,1,9,28,3,1,4,3,CV-83,3.5,3,5,1,1,5,2,2,3,3,2,1,1,1,1,1,1,1,8,1,1,1,9,14,3,1,1,NaN,2,5,NaN,,NaN,,NaN,,NaN,NaN,NaN,NaN,1,4,2,1,1,1,1,1,2,1,1,1,1,1,1,1,1,1,1,2,1,1,670277.671,4252574.248,546.856,Cob,14121,0,0,0,9,6
15522,5,2009030002505,1,9,29,3,2,1,2,CV-81,48.1,48,1,0,1,5,3,2,3,3,2,1,2,2,2,2,7,7,8,3,1,4,9,14,1,1,1,NaN,1,2,NaN,,NaN,,NaN,,NaN,NaN,NaN,NaN,1,4,1,1,1,1,1,2,1,1,1,1,1,1,2,1,1,1,1,2,1,1,681200.841,4278333.195,463.195,Cob,4998,0,0,0,9,5
15524,5,2009030002507,1,10,2,4,5,1,2,CV-70,46.7,46,7,0,1,5,3,2,3,2,2,2,1,1,2,2,5,1,4,1,1,1,9,14,1,1,3,NaN,2,4,NaN,,NaN,,NaN,,NaN,NaN,NaN,NaN,1,4,1,1,1,1,1,1,2,1,1,1,1,1,1,1,1,1,1,2,1,1,750342.607,4274381.062,154.679,Per,23768,0,0,0,12,7
15526,5,2009030002510,1,10,2,4,5,1,2,CV-870,6,6,0,0,1,5,2,2,3,3,2,1,2,2,2,2,7,7,8,1,1,1,9,14,1,1,3,NaN,2,2,NaN,,NaN,,NaN,,NaN,NaN,NaN,NaN,1,4,2,1,1,1,1,1,2,1,1,1,1,1,1,1,1,1,1,2,1,1,678654.826,4225018.828,32.687,Cob,5099,1,1,0,14,2
15528,5,2009030002517,1,10,3,4,6,2,2,CV-930,0.7,0,7,1,1,5,3,2,3,3,2,1,2,1,1,1,1,2,4,1,1,1,9,14,1,1,1,NaN,2,1,NaN,,NaN,,NaN,,NaN,NaN,NaN,NaN,1,4,1,1,1,1,1,1,2,1,1,1,1,1,1,1,1,1,1,2,1,1,681189.622,4217372.523,2.922,Cob,16002,0,0,2,12,6
15530,5,2009030002524,1,10,4,5,7,3,2,CV-70,44,44,0,0,1,5,3,2,3,3,2,2,2,1,2,2,7,7,8,1,1,1,9,14,3,1,1,NaN,2,3,NaN,,NaN,,NaN,,NaN,NaN,NaN,NaN,1,4,1,1,1,1,1,2,2,1,1,1,1,1,1,1,1,1,1,2,1,1,750044.113,4276814.099,220.564,Cob,26390,0,0,0,15,2
15532,5,2009030002526,1,9,25,4,5,1,2,CV-865,10.4,10,4,1,1,5,3,2,3,3,2,1,1,2,2,2,1,1,3,1,1,1,9,14,3,1,1,NaN,1,NaN,NaN,,NaN,,NaN,,NaN,NaN,NaN,71,1,4,1,1,1,1,1,1,2,1,1,1,1,1,1,1,1,1,1,2,1,1,704814.239,4236744.521,31.508,Sec,15700,0,0,0,13,7
15534,5,2009030002535,1,10,5,4,1,1,2,CV-840,24.6,24,6,1,1,5,2,3,3,1,2,1,1,1,1,1,1,1,8,1,1,1,9,14,2,1,3,NaN,1,3,NaN,,NaN,,NaN,,NaN,NaN,NaN,NaN,1,4,1,1,1,1,1,1,2,1,1,1,1,1,1,1,1,1,1,2,1,1,691956.343,4249618.451,274.861,Sec,2262,0,0,1,13,6
15535,5,2009030002538,1,10,3,3,6,2,1,CV-720,0.6,0,6,0,1,5,2,2,3,3,2,1,2,2,2,2,7,7,8,1,1,1,9,14,2,1,1,NaN,1,NaN,NaN,,NaN,,12,9,NaN,NaN,NaN,NaN,1,4,2,1,1,1,1,1,1,1,1,1,1,1,1,1,1,1,1,2,1,1,730171.288,4289602.142,555.577,Cob,419,0,0,0,9,3
15537,5,2009030002540,1,10,2,4,5,1,2,CV-83,3.9,3,9,0,1,5,3,2,3,3,2,1,1,1,1,1,1,1,8,1,1,1,9,14,3,1,3,NaN,2,4,NaN,,NaN,,NaN,,NaN,NaN,NaN,NaN,1,4,2,1,1,1,1,1,1,1,1,1,1,1,1,1,1,1,1,2,1,1,690607.619,4257211.533,312.626,Cob,14121,0,0,0,12,6
15539,5,2009030002551,1,10,3,6,6,2,2,CV-855,4,4,0,1,1,5,3,2,3,3,2,2,2,2,2,1,5,1,4,1,2,1,9,14,1,1,1,NaN,1,4,NaN,,NaN,,NaN,,NaN,NaN,NaN,NaN,1,4,2,1,2,1,1,1,1,1,1,1,1,1,1,1,1,1,1,2,1,1,699014.46,4224497.837,-17.196,Pri,4917,0,0,0,19,6
15540,5,2009030002557,1,10,11,3,7,3,1,CV-920,3.1,3,1,0,1,5,2,3,3,3,2,1,1,2,1,1,7,7,8,1,1,1,9,14,3,1,1,NaN,1,NaN,NaN,,NaN,,12,9,NaN,NaN,NaN,NaN,1,4,1,1,1,1,1,1,2,1,1,1,1,1,1,1,1,1,1,2,1,1,688311.37,4215459.855,-0.034,Pri,6238,0,1,0,9,2
15541,5,2009030002578,1,10,13,3,2,1,1,CV-70,42.7,42,7,0,1,5,3,3,3,3,2,2,1,1,1,2,5,1,4,3,1,4,9,14,1,2,3,NaN,2,NaN,NaN,,NaN,,12,9,NaN,NaN,NaN,NaN,1,4,1,1,1,1,1,2,2,2,1,1,1,1,1,1,1,1,1,2,1,1,749263.994,4277646.802,242.205,Cob,0,0,0,1,9,6
15543,5,2009030002590,1,10,14,4,3,1,2,CV-70,45.7,45,7,0,1,5,3,2,3,3,2,2,1,1,1,1,5,6,4,1,1,1,9,14,1,2,3,NaN,2,3,NaN,,NaN,,NaN,,NaN,NaN,NaN,NaN,1,4,1,1,1,1,1,1,2,1,1,1,1,1,1,1,1,1,1,2,2,1,750467.22,4275228.996,163.385,Per,23768,0,0,0,12,6
15546,5,2009030002591,1,10,14,4,3,1,3,CV-91,14,14,0,0,1,5,3,2,3,3,2,1,2,1,2,1,7,7,8,1,1,1,9,8,1,1,1,NaN,2,5,NaN,,NaN,,NaN,,NaN,NaN,NaN,NaN,1,4,2,1,1,1,1,2,2,1,1,1,1,1,1,1,1,1,1,2,1,1,694554.035,4218858.104,-15.612,Pri,12685,0,0,3,12,1
15547,5,2009030002592,1,10,15,1,4,1,1,CV-940,7.7,7,7,0,1,5,2,3,3,3,2,1,1,2,1,1,7,7,8,1,5,1,2,14,1,1,2,1,2,NaN,NaN,,NaN,,NaN,,NaN,63,60,NaN,1,4,2,1,1,1,1,1,1,1,1,1,1,1,1,1,1,1,1,2,1,2,696890.119,4212869.337,33.889,Cob,4851,0,0,1,1,5
15548,5,2009030002612,1,10,11,2,7,3,1,CV-821,6.9,6,9,1,1,5,2,2,3,3,2,2,1,2,2,2,5,6,4,1,3,1,9,14,1,2,1,NaN,2,NaN,NaN,,NaN,,NaN,,NaN,53,50,NaN,1,4,2,1,1,1,1,2,1,1,1,1,1,1,1,1,1,1,1,2,1,1,718668.927,4252337.888,65.023,Cob,14646,0,1,0,5,7
15549,5,2009030002613,1,10,7,6,3,1,1,CV-800,13.9,13,9,1,1,5,3,2,3,4,2,1,2,2,2,2,7,7,8,9,1,1,2,14,1,1,1,NaN,2,NaN,NaN,,NaN,,12,9,NaN,NaN,NaN,NaN,1,4,1,1,1,1,1,2,1,1,1,1,1,1,1,1,1,1,1,2,1,1,717989.661,4272712.932,625.467,Sec,5482,0,0,0,19,5
15550,5,2009030002614,1,10,15,4,4,1,1,CV-70,45,45,0,1,1,5,2,3,3,2,2,2,1,1,1,1,5,1,4,1,1,1,9,14,1,1,1,NaN,2,NaN,NaN,,NaN,,12,9,NaN,NaN,NaN,NaN,1,4,1,1,1,1,1,2,1,1,1,1,1,1,2,1,1,1,1,2,1,1,724976.924,4286705.277,627.155,Per,23768,0,0,0,14,6
15553,5,2009030002618,1,10,7,3,3,1,2,CV-86,7.9,7,9,0,1,5,3,2,3,3,2,2,2,2,2,2,5,1,4,1,1,1,9,14,1,1,1,NaN,2,4,NaN,,NaN,,NaN,,NaN,NaN,NaN,NaN,1,4,2,1,1,1,1,1,2,1,1,1,1,1,1,1,1,1,1,2,1,1,704630.321,4240503.069,83.241,Sec,8025,0,0,0,7,6
15554,5,2009030002635,1,10,16,3,5,1,1,CV-70,30.1,30,1,0,1,5,2,2,3,3,2,1,1,1,1,1,7,7,5,1,1,4,9,14,2,1,1,NaN,1,NaN,NaN,,21,21,NaN,,NaN,NaN,NaN,NaN,1,4,1,1,1,1,1,1,2,1,1,1,1,1,1,1,1,1,1,2,1,2,742074.169,4284461.516,560.801,Sec,756,0,0,1,8,2
15556,5,2009030002645,1,10,17,6,6,2,2,CV-70,49.1,49,1,1,1,5,3,2,3,3,2,2,2,2,1,2,5,1,4,1,3,1,9,14,1,2,1,NaN,2,2,NaN,,NaN,,NaN,,NaN,NaN,NaN,NaN,1,4,2,1,1,1,1,1,2,1,1,1,1,1,1,1,1,1,1,2,2,2,722271.697,4285784.546,755.762,Per,23768,0,0,1,19,6
15558,5,2009030002650,1,10,18,3,7,3,1,CV-945,6.5,6,5,1,1,5,2,2,3,3,2,1,1,2,2,1,7,7,8,1,1,1,9,14,1,1,3,NaN,2,NaN,NaN,,NaN,,NaN,,NaN,53,50,NaN,1,4,2,1,2,1,1,1,2,1,1,1,1,1,1,1,1,1,1,2,1,1,696836.265,4211374.342,-3.542,Cob,4608,0,0,0,10,2
15559,5,2009030002653,1,10,4,1,7,3,1,CV-95,18.3,18,3,1,1,5,3,2,3,3,2,1,1,1,1,1,7,7,8,1,5,2,4,8,1,1,1,NaN,2,NaN,30,32,NaN,,NaN,,NaN,NaN,NaN,NaN,1,4,1,1,1,1,1,1,1,1,1,1,1,1,2,1,1,2,1,2,1,1,687740.698,4213049.356,37.288,Pri,8579,0,0,0,2,1
15560,5,2009030002658,1,10,16,4,5,1,1,CV-95,10.1,10,1,1,1,5,2,2,3,3,2,1,1,2,1,1,7,7,8,3,1,4,9,14,1,1,1,NaN,2,NaN,NaN,,NaN,,NaN,,NaN,54,50,NaN,1,4,1,1,1,1,1,2,1,2,1,1,1,1,1,1,1,1,1,2,1,1,693154.378,4207442.573,38.888,Cob,9867,0,0,0,12,5
15562,5,2009030002669,1,10,14,6,3,1,2,CV-845,10.6,10,6,0,1,5,3,3,3,3,2,1,1,1,1,1,7,7,5,1,2,1,9,14,3,1,1,NaN,1,4,NaN,,NaN,,NaN,,NaN,NaN,NaN,NaN,1,4,2,1,1,1,1,1,2,1,1,1,1,1,1,1,1,1,1,2,1,1,684825.639,4241608.633,385.315,Cob,2469,0,0,0,20,1
15565,5,2009030002670,1,10,13,6,2,4,3,CV-83,23.5,23,5,0,1,5,3,2,3,3,2,1,1,1,2,1,1,1,8,1,1,1,9,14,3,1,3,NaN,2,5,NaN,,NaN,,NaN,,NaN,NaN,NaN,NaN,1,4,2,1,1,1,1,1,1,1,1,1,1,1,1,1,1,1,1,2,1,1,672573.664,4252934.261,566.978,Cob,5152,0,0,0,17,6
15566,5,2009030002672,1,10,18,2,7,3,1,CV-95,4.5,4,5,1,1,5,2,2,3,1,2,1,1,1,1,1,5,1,4,1,3,1,9,14,1,1,3,NaN,2,NaN,NaN,,NaN,,NaN,,NaN,64,60,NaN,1,4,2,1,2,1,1,2,1,1,1,1,1,1,1,1,1,1,1,2,1,2,697859.257,4205261.103,1.2,Cob,13019,0,0,0,6,7
15568,5,2009030002691,1,10,21,4,3,1,2,CV-95,25.5,25,5,1,1,5,3,2,3,3,2,1,1,2,1,1,5,1,8,1,1,1,9,14,1,2,1,NaN,2,3,NaN,,NaN,,NaN,,NaN,NaN,NaN,NaN,1,4,2,1,1,1,1,1,2,1,1,1,1,1,1,1,1,1,1,2,1,1,682189.983,4216203.846,-3.191,Cob,21913,0,0,1,13,7
15570,5,2009030002697,1,10,16,1,5,1,1,CV-900,12,12,0,1,1,5,2,2,3,3,2,1,1,1,1,1,7,7,8,1,3,1,9,14,3,1,1,NaN,2,NaN,NaN,,NaN,,NaN,,NaN,NaN,NaN,71,1,4,2,1,2,1,1,1,1,1,1,1,1,1,1,1,1,1,1,2,1,1,682932.728,4219939.507,-4.089,Cob,7643,0,0,0,1,1
15571,5,2009030002722,1,10,2,2,5,1,1,CV-905,9,9,0,0,1,5,3,3,3,3,2,2,1,2,2,2,7,7,8,1,3,1,9,14,3,1,1,NaN,2,NaN,NaN,,NaN,,NaN,,NaN,63,60,NaN,1,4,2,1,1,1,1,1,1,1,1,1,1,1,1,1,1,1,1,2,1,1,702704.304,4208839.843,-19.001,Cob,28977,0,0,2,6,1
15572,5,2009030002728,1,10,25,3,7,3,1,CV-800,9.4,9,4,0,1,5,2,2,3,3,2,1,2,2,2,1,7,7,8,1,1,1,9,14,3,1,1,NaN,2,NaN,NaN,,NaN,,NaN,,67,NaN,60,NaN,1,4,1,1,1,1,1,2,1,1,1,1,1,1,1,1,1,1,1,2,1,1,719011.56,4275996.126,996.282,Sec,5482,0,1,0,10,4
15573,5,2009030002729,1,10,16,5,5,1,1,CV-940,0,0,0,0,1,5,2,3,2,3,2,1,1,1,1,1,5,3,4,1,1,1,9,14,2,1,1,NaN,1,NaN,NaN,,NaN,,NaN,,NaN,61,60,NaN,1,4,1,1,1,1,1,2,2,1,1,1,1,1,1,1,1,1,1,2,1,1,694590.879,4206216.18,41.071,Cob,6071,0,0,0,16,6
15575,5,2009030002730,1,10,22,4,4,1,2,CV-95,13.1,13,1,1,1,5,3,2,3,3,2,1,1,1,1,2,1,2,3,1,1,1,9,14,1,1,1,NaN,2,1,NaN,,NaN,,NaN,,NaN,NaN,NaN,NaN,1,4,2,1,1,1,1,1,2,1,1,1,1,1,1,1,1,1,1,2,1,1,691320.085,4209750.72,52.727,Cob,9867,0,0,2,13,6
15576,5,2009030002734,1,10,26,3,1,4,1,CV-915,5,5,0,1,1,5,2,2,3,3,2,1,1,1,1,1,7,7,8,1,1,1,9,14,1,2,1,NaN,2,NaN,30,32,NaN,,NaN,,NaN,NaN,NaN,NaN,1,4,2,1,1,1,1,1,1,1,1,1,1,1,1,1,1,1,1,2,1,1,679088.567,4216858.878,1.456,Sec,8284,0,0,0,8,1
15578,5,2009030002736,1,10,26,4,1,1,2,CV-70,48.2,48,2,0,1,5,2,2,3,2,2,2,1,1,1,1,1,1,3,1,1,1,9,14,1,1,1,NaN,2,2,NaN,,NaN,,NaN,,NaN,NaN,NaN,NaN,1,4,1,1,1,1,1,1,2,1,1,1,1,1,1,1,1,1,1,2,1,2,749876.956,4273048.141,135.331,Per,23768,0,0,1,14,7
15580,5,2009030002743,1,10,22,3,4,1,2,CV-905,0,0,0,1,1,5,3,2,3,3,2,1,2,2,2,2,5,6,5,3,1,4,9,14,3,1,1,NaN,1,3,NaN,,NaN,,NaN,,NaN,NaN,NaN,NaN,1,4,1,1,1,1,1,1,2,1,1,1,1,1,1,1,1,1,1,2,1,1,703317.63,4206797.102,-3.448,Pri,24466,0,0,0,10,6
15582,5,2009030002754,1,10,25,3,7,3,2,CV-820,3.2,3,2,0,1,5,3,2,3,3,2,1,2,2,2,1,1,6,8,1,1,1,9,14,1,1,3,NaN,2,4,NaN,,NaN,,NaN,,NaN,NaN,NaN,NaN,1,4,2,1,1,1,1,1,2,1,1,1,1,1,1,1,1,1,1,2,1,1,711036.751,4254993.149,150.924,Cob,4847,0,0,1,9,6
15585,5,2009030002770,1,10,27,3,2,1,3,CV-91,7.5,7,5,0,1,5,3,2,3,1,2,1,1,1,1,1,7,7,8,1,1,1,9,14,3,1,1,NaN,1,5,NaN,,NaN,,NaN,,NaN,NaN,NaN,NaN,1,4,1,1,1,1,1,1,2,1,1,1,1,1,1,2,1,1,1,2,2,1,688290.282,4218184.173,-15.922,Sec,11799,0,0,0,9,1
15587,5,2009030002771,1,10,28,6,3,1,2,CV-755,18.5,18,5,1,1,5,1,3,3,3,2,1,1,1,1,1,1,1,3,1,5,1,9,14,1,1,1,NaN,2,2,NaN,,NaN,,NaN,,NaN,NaN,NaN,NaN,1,4,1,1,1,1,1,1,2,1,1,1,1,1,1,1,1,1,1,2,1,1,745091.567,4283920.677,401.018,Cob,2607,0,0,0,18,6
15592,5,2009030002775,1,10,22,5,4,1,3,CV-95,19.5,19,5,0,1,5,3,2,3,3,2,1,2,2,2,1,1,4,3,1,1,8,9,14,1,1,3,NaN,2,2,NaN,,NaN,,NaN,,NaN,NaN,NaN,NaN,1,4,1,1,1,1,1,1,2,1,1,1,1,1,1,1,1,1,1,2,1,1,694711.356,4206086.169,39.622,Cob,7923,0,0,0,16,7
15593,5,2009030002777,1,10,25,1,7,3,1,CV-815,5.6,5,6,0,1,5,2,3,3,1,2,1,2,2,2,1,5,2,4,1,3,1,9,14,1,1,1,NaN,2,NaN,NaN,,NaN,,NaN,,NaN,53,50,NaN,1,4,2,1,1,1,1,1,1,1,1,1,1,1,1,1,1,1,1,2,1,1,704215.117,4273062.232,634.408,Cob,5237,0,0,1,1,6
15594,5,2009030002780,1,10,29,4,4,1,1,CV-70,37,37,0,0,1,5,2,3,3,4,2,1,2,2,2,2,7,7,8,1,1,1,2,4,1,1,1,NaN,2,NaN,NaN,,NaN,,12,9,NaN,NaN,NaN,NaN,1,4,1,1,1,1,1,2,1,1,1,1,1,1,1,1,1,1,1,2,2,3,746309.065,4281317.17,490.562,Cob,1918,0,0,1,12,5
15596,5,2009030002781,1,10,29,6,4,1,2,CV-91,3.5,3,5,0,1,5,3,1,3,1,2,1,1,1,1,1,7,7,8,1,1,1,9,14,1,1,1,NaN,2,4,NaN,,NaN,,NaN,,NaN,NaN,NaN,NaN,1,4,2,1,1,1,1,1,2,1,1,1,1,1,1,1,1,1,1,2,1,1,684394.44,4218113.272,-11.179,Sec,11799,0,0,3,17,1
15598,5,2009030002794,1,10,27,1,2,1,1,CV-95,18.8,18,8,0,1,5,2,2,3,3,2,1,1,2,1,1,1,1,8,1,5,1,9,14,1,1,1,NaN,2,NaN,NaN,,NaN,,NaN,,NaN,64,60,NaN,1,4,2,1,2,1,1,1,1,1,1,1,1,1,1,1,1,1,1,2,1,1,694148.043,4206456.079,44.488,Pri,8579,0,0,0,1,6
15601,5,2009030002797,1,10,28,1,3,1,3,CV-83,16.6,16,6,0,1,5,2,2,3,4,2,1,1,1,1,1,7,7,8,3,5,2,4,14,3,1,1,NaN,1,NaN,NaN,,21,24,NaN,,NaN,NaN,NaN,NaN,1,4,1,1,1,1,1,1,1,1,1,1,1,1,2,2,1,1,1,2,1,1,678753.645,4254619.265,520.382,Cob,5152,0,0,0,1,1
15602,5,2009030002800,1,10,24,5,6,2,1,CV-905,5,5,0,1,1,5,3,2,3,3,2,2,1,1,1,1,5,1,4,1,1,1,9,14,1,1,1,NaN,2,NaN,NaN,,NaN,,NaN,,NaN,63,60,NaN,1,4,2,2,1,1,1,1,1,1,1,1,1,1,1,1,1,1,1,2,1,1,701342.458,4211044.175,-9.224,Cob,28977,0,0,0,15,6
15604,5,2009030002804,1,10,23,4,5,1,2,CV-920,0.8,0,8,0,1,5,2,1,3,3,2,1,1,1,1,1,1,1,3,1,1,1,9,14,3,1,1,NaN,2,2,NaN,,NaN,,NaN,,NaN,NaN,NaN,NaN,1,4,1,1,1,1,1,1,2,1,1,1,1,1,1,1,1,1,1,2,1,1,686272.669,4214836.843,2.341,Pri,6238,0,0,1,12,7
15605,5,2009030002807,1,10,31,6,6,2,1,CV-800,24.8,24,8,1,1,5,3,2,3,3,2,1,2,2,2,1,7,7,5,1,1,1,9,4,1,1,3,NaN,2,NaN,NaN,,NaN,,NaN,,NaN,64,60,NaN,1,4,1,1,1,1,1,2,2,1,1,1,1,1,1,1,1,1,1,2,1,1,719652.9,4264591.352,238.751,Cob,1719,0,0,1,17,5
15607,5,2009030002811,1,10,30,6,5,1,2,CV-905,8,8,0,1,1,5,3,2,3,3,2,1,1,1,1,1,5,1,5,1,3,1,9,14,3,1,3,NaN,2,3,NaN,,NaN,,NaN,,NaN,NaN,NaN,NaN,1,4,1,1,1,1,1,1,2,1,1,1,1,1,1,1,1,1,1,2,1,1,699997.527,4213636.155,-4.937,Cob,28977,0,0,0,19,6
15608,5,2009030002818,1,10,30,6,5,2,1,CV-855,8.6,8,6,1,1,5,2,2,3,3,2,1,2,2,2,2,7,7,8,1,1,1,9,14,3,1,1,NaN,2,NaN,NaN,,NaN,,NaN,,NaN,63,60,NaN,1,4,1,1,1,1,1,1,1,1,1,1,1,1,2,2,1,1,1,2,1,1,701392.848,4227826.009,-19.887,Cob,7152,0,0,0,21,1
15610,5,2009030002826,1,11,2,6,1,4,2,CV-700,66.2,66,2,0,1,5,3,2,3,3,2,1,1,1,1,1,1,1,3,1,2,1,9,14,2,1,3,NaN,2,2,NaN,,NaN,,NaN,,NaN,NaN,NaN,NaN,1,4,1,1,1,1,1,1,2,1,1,1,1,1,1,1,1,1,1,2,1,1,758525.518,4304941.901,-15.582,Cob,6324,0,0,1,18,7