Id,Ano,Numero_Accidente,Provincia,Mes,Dia,Hora,Dia_Semana,Tipo_Dia,Vehiculos_Implicados,Carretera,Pk,Km,Hm,Sentido,Zona,Tipo_Via,Anchura_Calzada,Anchura_Carril,Marcas_Viales,Arcen,Arcen_Pavimentado,Mediana,Barrera_Seguridad,Paneles_Direccionales,Hitos_Arista,Captafaros,Interseccion_Tipo,Interseccion_Acondicionamiento,Prioridad_Regulada_por,Superficie,Luminosidad,Factores_Atmosfericos,Visibilidad_Restringida_por,Otras_Circunstancias,Senalizacion_Peligro,Aceras,Arboles,Arboles_Metros_Calzada,Visibilidad_Senalizacion_Vertical,Colision_Vehiculos_Marcha,Colision_Vehiculo_Obstaculo_1,Colision_Vehiculo_Obstaculo_2,Atropello_1,Atropello_2,Vuelco_1,Vuelco_2,Salida_Sin_Colision,Salida_Con_Colision,Lado_Salida,Otro,Circulacion,Circulacion_Medidas_Especiales,Distraccion,Inexperiencia_Conductor,Alcohol_Drogas,Cansancio_Sueno,Enfermedad,Velocidad_Inadecuada,Infraccion_Norma_Circulacion,Estado_Condicion_Via,Estado_Condicion_Senalizacion,Tramo_Obras,Mal_Estado_Vehiculo,Averia_Mecanica,Meteorologia_Adversa,Irrupcion_Animal,Circular_Sentido_Contrario,Otro_Factor,Sin_Opinion_Definida,Pendiente,Curvatura,Peralte,GPS_x,GPS_y,GPS_z,Tipo_Est,IMD,N_Muertos,N_Graves,N_Leves,Hora_Real,Fuera_o_Interseccion
15611,5,2009030002843,1,10,10,1,6,2,1,CV-930,1.1,1,1,1,1,5,3,2,3,3,2,1,2,2,2,2,7,7,8,1,3,1,9,8,1,1,1,NaN,2,NaN,NaN,,NaN,,NaN,,NaN,54,50,NaN,1,4,2,1,2,1,1,1,1,1,1,1,1,1,1,1,1,1,1,2,1,1,681487.68,4217631.043,2.476,Cob,16002,0,0,1,0,2
15612,5,2009030002849,1,11,1,1,7,3,1,CV-80,3.8,3,8,1,1,2,3,2,3,3,2,2,2,2,1,1,1,1,8,1,5,3,4,14,1,1,1,NaN,1,NaN,NaN,,NaN,,NaN,,NaN,64,60,NaN,1,4,1,1,1,1,1,1,1,1,1,1,1,1,1,2,1,1,1,2,1,1,703128.53,4276134.016,634.283,Sec,7952,0,0,0,4,6
15618,5,2009030002850,1,10,30,3,5,2,3,CV-91,20.6,20,6,0,1,5,2,2,3,3,2,1,2,2,2,2,7,7,8,1,1,1,9,14,3,1,1,NaN,2,1,NaN,,NaN,,NaN,,NaN,NaN,NaN,NaN,1,4,1,1,1,1,1,2,2,1,1,1,1,1,1,1,1,1,1,2,1,1,700663.955,4218947.953,-22.864,Cob,7792,0,0,4,10,2
15619,5,2009030002851,1,11,1,2,7,3,1,CV-95,15.3,15,3,1,1,5,3,2,3,3,2,1,1,1,1,1,7,7,5,1,5,1,2,14,1,1,1,NaN,2,NaN,NaN,,NaN,,NaN,,NaN,54,50,NaN,1,4,2,1,1,1,1,2,1,1,1,1,1,1,1,1,1,1,1,2,1,1,689868.504,4211164.81,89.117,Pri,8579,0,0,0,6,5
15620,5,2009030002855,1,11,1,1,7,3,1,CV-83,28.3,28,3,1,1,5,3,2,3,3,2,1,1,1,1,1,7,7,8,1,5,2,4,14,2,1,1,NaN,1,NaN,NaN,,21,24,NaN,,NaN,NaN,NaN,NaN,1,4,1,1,1,1,1,1,1,1,1,1,1,1,2,2,1,1,1,2,1,1,691981.848,4258362.076,317.84,Cob,2367,0,0,0,1,2
15622,5,2009030002856,1,11,6,3,5,1,2,CV-905,5.2,5,2,1,1,5,3,2,3,3,2,2,2,2,2,1,7,7,8,1,1,1,9,14,3,1,3,NaN,1,4,NaN,,NaN,,NaN,,NaN,NaN,NaN,NaN,2,4,2,1,1,1,1,1,1,1,1,1,1,1,1,1,1,1,1,2,1,1,701206.191,4211187.841,-7.982,Cob,28977,0,0,3,10,1
15626,5,2009030002861,1,11,7,1,6,2,1,CV-825,3,3,0,1,1,5,2,3,3,3,2,1,1,2,1,1,7,7,8,1,5,1,9,14,3,1,2,5,2,NaN,NaN,,NaN,,NaN,,NaN,51,50,NaN,1,4,1,2,1,1,1,2,2,1,1,1,1,1,1,1,1,1,1,2,1,1,700045.024,4252335.674,219.687,Sec,3775,1,3,1,1,5
15629,5,2009030002862,1,11,6,6,5,1,1,CV-913,4.7,4,7,0,1,5,2,2,3,3,2,1,1,1,1,1,7,7,8,1,1,1,9,14,1,1,1,NaN,2,NaN,NaN,,NaN,,NaN,,NaN,64,60,NaN,1,4,2,1,1,1,1,1,1,1,1,1,1,1,1,1,1,1,1,2,1,2,690782.229,4224949.707,-15.938,Sec,6367,0,0,4,18,2
15630,5,2009030002863,1,11,4,6,3,1,1,CV-920,22.6,22,6,0,1,5,2,3,3,1,2,1,1,1,1,1,7,7,8,1,5,1,9,14,3,1,1,NaN,2,NaN,NaN,,NaN,,NaN,,57,NaN,50,NaN,1,4,1,1,1,1,1,2,1,1,1,1,1,1,1,1,1,1,1,2,1,1,703619.438,4219856.781,-24.47,NaN,0,0,1,0,22,2
15632,5,2009030002869,1,11,8,4,7,3,2,CV-715,19.6,19,6,0,1,5,2,3,3,3,2,1,1,1,1,1,1,1,3,1,1,1,9,14,1,1,1,NaN,1,2,NaN,,NaN,,NaN,,NaN,NaN,NaN,NaN,1,4,1,1,1,1,1,1,2,1,1,1,1,1,1,1,1,1,1,2,2,3,754694.513,4291441.745,392.216,Cob,3161,0,0,1,12,6
15633,5,2009030002875,1,11,8,3,7,3,1,CV-855,11,11,0,1,1,5,3,2,3,3,2,1,1,1,1,1,7,7,8,1,1,1,9,14,3,1,1,NaN,2,NaN,NaN,,NaN,,NaN,,67,NaN,60,NaN,1,4,2,1,2,2,1,1,1,1,1,1,1,1,1,1,1,1,1,2,2,2,701456.171,4230170.417,-6.847,Cob,3591,0,0,2,10,1
15634,5,2009030002878,1,11,6,1,5,1,1,CV-945,0.8,0,8,1,1,5,3,2,3,3,2,1,1,2,1,1,7,7,8,1,5,1,9,14,1,1,1,NaN,2,NaN,NaN,,NaN,,NaN,,68,NaN,60,NaN,1,4,2,1,2,1,1,1,2,1,1,1,1,1,1,1,1,1,1,2,1,1,691336.061,4210600.093,35.226,Sec,10529,0,0,0,23,2
15636,5,2009030002880,1,11,4,4,3,1,2,CV-920,7.3,7,3,0,1,5,3,2,3,3,2,1,1,1,1,1,1,1,8,1,1,1,9,14,2,1,1,NaN,1,4,NaN,,NaN,,NaN,,NaN,NaN,NaN,NaN,1,4,2,1,1,1,1,2,2,1,1,1,1,1,1,1,1,1,1,2,1,1,691131.361,4217445.552,-0.689,Cob,3262,0,0,0,13,6
15640,5,2009030002881,1,11,4,6,3,1,4,CV-920,3,3,0,0,1,5,3,2,3,3,2,1,1,1,1,1,7,7,8,1,2,1,9,14,3,1,1,NaN,1,4,NaN,,NaN,,NaN,,NaN,NaN,NaN,NaN,1,4,2,1,1,1,1,1,2,1,1,1,1,1,1,1,1,1,1,2,1,1,688253.672,4215380.363,0.311,Pri,6238,0,0,0,18,1
15643,5,2009030002904,1,11,4,6,3,1,3,CV-825,3,3,0,1,1,5,2,2,3,3,2,1,1,2,2,1,7,7,5,1,1,1,9,14,1,1,1,NaN,2,1,NaN,,NaN,,NaN,,NaN,NaN,NaN,NaN,1,3,2,1,1,1,1,1,1,1,1,1,1,1,1,1,1,1,1,2,1,1,700045.024,4252335.674,219.687,Sec,3775,0,0,1,17,1
15647,5,2009030002910,1,11,11,3,3,1,2,CV-70,27.5,27,5,1,1,5,2,3,3,3,2,1,1,1,1,1,7,7,5,1,1,1,9,14,1,1,1,NaN,2,3,NaN,,NaN,,NaN,,NaN,NaN,NaN,NaN,1,4,1,1,1,1,1,1,1,1,1,1,1,1,1,1,1,1,2,2,1,1,737747.924,4285540.673,736.212,Sec,756,0,0,0,8,2
15648,5,2009030002911,1,11,11,6,3,1,1,CV-920,4.2,4,2,1,1,5,2,2,3,1,2,1,1,1,1,1,7,7,8,1,3,1,9,14,3,1,1,NaN,1,NaN,NaN,,NaN,,NaN,,NaN,54,50,NaN,1,4,2,1,1,1,1,1,1,1,1,1,1,1,1,1,1,1,1,2,1,1,701374.651,4220014.409,-23.101,Pri,6238,0,0,0,22,1
15649,5,2009030002912,1,11,12,1,4,1,1,CV-800,8.5,8,5,1,1,5,3,2,3,3,2,1,2,2,2,2,7,7,5,1,5,1,2,14,1,1,3,NaN,1,NaN,NaN,,NaN,,NaN,,NaN,54,50,NaN,1,4,2,1,1,2,1,1,2,1,1,1,1,1,1,1,1,1,1,2,1,1,717959.568,4274115.609,889.476,Sec,5482,0,1,0,0,5
15650,5,2009030002920,1,11,10,6,2,1,1,CV-905,8.4,8,4,0,1,5,3,2,3,3,2,2,1,1,1,1,7,7,7,1,1,1,9,14,3,1,1,NaN,1,NaN,NaN,,21,24,NaN,,NaN,NaN,NaN,NaN,2,4,1,1,1,1,1,1,1,1,1,1,1,1,1,2,1,1,1,2,1,1,702536.844,4209409.806,-18.513,Cob,28977,0,0,0,20,1
15651,5,2009030002923,1,11,5,6,4,1,1,CV-773,2,2,0,0,1,5,2,2,3,3,2,1,1,1,1,1,1,1,8,1,2,1,9,14,3,1,1,NaN,1,NaN,NaN,,NaN,,NaN,,NaN,63,60,NaN,1,4,1,1,2,1,1,1,1,1,1,1,1,1,1,1,1,1,1,2,1,1,722908.679,4258360.869,89.685,Cob,4541,0,0,0,20,6
15652,5,2009030002935,1,11,13,5,5,1,1,CV-800,4.5,4,5,1,1,5,3,2,3,4,2,1,1,1,1,1,7,7,8,1,1,1,9,14,1,1,1,NaN,2,NaN,NaN,,21,21,NaN,,NaN,NaN,NaN,NaN,1,3,2,1,1,1,1,1,1,1,1,1,1,1,1,1,1,1,1,2,2,2,719354.791,4277566.974,941.12,Sec,5482,0,0,1,15,1
15654,5,2009030002937,1,3,19,6,4,3,2,CV-70,46,46,0,0,1,5,3,2,3,3,2,2,1,2,2,2,7,7,8,1,5,1,9,14,1,1,1,NaN,1,NaN,30,32,NaN,,NaN,,NaN,NaN,NaN,NaN,1,4,1,1,1,1,1,1,1,2,1,1,1,1,1,1,1,1,1,2,1,1,750427.476,4275036.267,165.919,Per,23768,0,0,0,22,2
15655,5,2009030002940,1,11,11,1,3,1,1,CV-895,4.9,4,9,1,1,5,3,3,4,3,2,1,1,1,1,1,1,1,8,1,5,1,9,14,3,1,1,NaN,2,NaN,NaN,,NaN,,NaN,,NaN,51,50,NaN,1,4,1,1,1,1,1,1,1,1,1,1,1,1,1,1,1,1,2,2,1,1,701451.626,4214527.359,-6.975,Cob,8075,0,0,0,3,6
15657,5,2009030002951,1,11,16,3,1,4,2,CV-905,8,8,0,1,1,5,3,2,3,4,2,2,2,2,2,2,5,3,4,1,1,1,9,14,1,1,1,NaN,1,2,NaN,,NaN,,NaN,,NaN,NaN,NaN,NaN,1,4,1,1,1,1,1,1,2,1,1,1,1,1,1,1,1,1,1,2,1,1,699962.191,4213727.753,-2.888,Cob,28977,0,0,2,10,7
15659,5,2009030002954,1,11,16,6,1,4,1,CV-905,3.9,3,9,1,1,5,3,2,3,3,2,2,1,1,1,1,5,1,4,1,3,1,9,14,1,1,1,NaN,2,NaN,NaN,,NaN,,NaN,,NaN,61,60,NaN,1,4,2,1,2,1,1,1,1,1,1,1,1,1,1,1,1,1,1,2,1,1,702096.191,4210296.286,-16.369,Cob,25418,0,0,0,19,6
15660,5,2009030002966,1,11,12,6,4,1,1,CV-700,66.7,66,7,0,1,5,3,2,3,4,2,1,1,2,1,1,7,7,8,1,5,1,2,14,1,1,1,NaN,2,NaN,NaN,,NaN,,NaN,,56,NaN,50,NaN,1,4,2,1,2,1,1,2,2,1,1,1,1,1,1,1,1,1,1,2,1,1,759000.725,4305015.664,-13.153,Cob,6324,0,0,0,21,5
15661,5,2009030002968,1,11,10,3,2,1,1,CV-790,5.2,5,2,1,1,5,2,2,3,3,2,1,2,1,1,1,7,7,8,1,1,1,9,14,1,1,1,NaN,2,NaN,NaN,,NaN,,NaN,,NaN,53,50,NaN,1,4,2,1,1,1,2,1,1,1,1,1,1,1,1,1,1,1,1,2,1,1,725605.061,4288637.706,516.737,Cob,3847,0,0,0,10,4
15662,5,2009030002971,1,11,11,6,3,1,1,CV-720,18,18,0,0,1,5,2,3,3,1,2,1,1,1,1,1,7,7,8,1,1,1,9,14,2,1,3,NaN,1,NaN,NaN,,NaN,,NaN,,68,NaN,60,NaN,1,4,2,1,1,1,1,1,1,1,1,1,1,1,1,1,1,1,1,2,2,2,741187.989,4290603.285,626.447,Cob,241,0,0,0,17,1
15663,5,2009030002982,1,11,10,4,2,1,1,CV-855,11.4,11,4,0,1,5,3,2,3,3,2,1,1,2,2,2,7,7,8,1,1,9,9,8,1,1,1,NaN,2,NaN,30,32,NaN,,NaN,,NaN,NaN,NaN,NaN,1,4,1,1,1,1,1,1,1,1,1,2,1,1,1,1,1,1,1,2,1,1,700791.829,4225688.692,-20.8,Cob,3591,0,0,0,12,1
15666,5,2009030002985,1,11,14,4,6,2,3,CV-820,0,0,0,1,1,5,3,2,3,3,2,1,1,1,1,1,5,1,4,1,1,1,9,14,1,1,1,NaN,1,5,NaN,,NaN,,NaN,,NaN,NaN,NaN,NaN,1,4,2,1,1,1,1,1,1,1,1,1,1,1,1,1,1,1,1,1,3,2,696073.715,4251427.09,207.006,Cob,4847,0,0,0,13,6
15669,5,2009030002988,1,11,15,4,7,3,3,CV-720,12.3,12,3,0,1,5,2,2,3,3,2,1,2,2,1,1,7,7,8,1,1,1,9,14,1,1,1,NaN,2,5,NaN,,NaN,,NaN,,NaN,NaN,NaN,NaN,1,4,1,1,1,1,1,2,2,1,1,1,1,1,1,1,1,1,1,2,1,1,737064.714,4292184.452,731.048,Cob,241,0,0,0,12,5
15675,5,2009030002993,1,11,17,6,2,1,4,CV-835,14.3,14,3,0,1,5,2,2,3,2,2,1,1,1,1,1,7,7,8,1,5,1,9,14,2,1,1,NaN,1,5,NaN,,NaN,,NaN,,NaN,NaN,NaN,NaN,3,4,2,1,1,1,1,2,1,1,1,1,1,1,1,1,1,1,1,2,1,1,691116.025,4259093.425,345.287,Cob,0,0,0,4,20,1
15676,5,2009030002999,1,11,20,5,5,1,1,CV-925,7.6,7,6,0,1,5,2,2,3,3,2,1,1,1,1,1,7,7,8,1,1,1,9,14,1,1,1,NaN,2,NaN,NaN,,NaN,,NaN,,65,NaN,60,NaN,1,4,2,1,1,1,1,1,1,1,1,1,1,1,1,1,1,1,1,2,1,2,684809.621,4211407.286,60.535,Cob,1377,0,0,0,16,1
15677,5,2009030003001,1,11,21,3,6,2,1,CV-720,40.3,40,3,0,1,5,2,3,3,3,2,1,1,1,1,1,2,1,5,1,1,1,9,14,2,1,1,NaN,4,NaN,NaN,,NaN,,NaN,,NaN,NaN,NaN,71,1,4,1,1,1,1,1,1,1,1,1,1,1,1,1,1,1,2,1,2,1,1,756085.536,4292815.224,216.885,Cob,2146,0,0,0,10,6
15678,5,2009030003005,1,11,22,1,7,3,1,CV-855,4.6,4,6,1,1,5,3,2,3,4,2,2,2,2,1,1,7,7,8,1,5,1,9,14,3,1,3,NaN,2,NaN,NaN,,NaN,,NaN,,NaN,64,60,NaN,1,4,1,1,1,1,1,2,1,1,1,1,1,1,1,1,1,1,1,2,1,1,699540.956,4224768.023,-17.074,Pri,4917,1,0,0,3,2
15682,5,2009030003007,1,11,21,4,6,2,3,CV-820,13.5,13,5,0,1,5,2,3,3,3,2,1,1,1,1,1,2,1,8,1,1,1,9,14,3,1,1,NaN,1,2,NaN,,NaN,,NaN,,NaN,NaN,NaN,NaN,1,4,2,1,1,1,1,1,2,1,1,1,1,1,1,1,1,1,1,2,1,1,701984.304,4255183.02,290.852,Cob,2873,0,0,0,13,6
15683,5,2009030003008,1,11,23,1,1,3,1,CV-91,1.9,1,9,1,1,5,3,2,3,3,2,1,1,1,2,2,7,7,8,1,5,1,9,14,3,1,1,NaN,1,NaN,NaN,,NaN,,NaN,,NaN,53,50,NaN,1,4,2,1,1,1,1,1,1,1,1,1,1,1,1,1,1,1,1,2,1,1,703425.965,4219046.361,-21.058,Cob,11261,0,0,0,0,1
15684,5,2009030003015,1,11,12,3,4,1,1,CV-95,23,23,0,1,1,5,3,2,3,3,2,1,1,2,1,2,5,1,8,1,3,1,9,14,1,1,1,NaN,2,NaN,NaN,,NaN,,NaN,,66,NaN,60,NaN,1,4,2,1,1,1,1,2,1,1,1,1,1,1,1,1,1,1,1,2,1,1,684343.578,4215257.942,-2.121,Cob,21913,0,0,0,7,7
15685,5,2009030003016,1,11,15,4,7,3,1,CV-860,6.4,6,4,0,1,5,2,2,3,2,2,1,1,1,2,2,5,1,8,1,1,1,9,14,1,1,1,NaN,1,NaN,NaN,,NaN,,NaN,,NaN,63,60,NaN,1,4,2,1,2,1,1,1,1,1,1,1,1,1,1,1,1,1,1,2,1,1,699503.807,4220899.667,-15.858,Cob,6070,0,0,0,14,6
15687,5,2009030003021,1,11,22,5,7,3,2,CV-911,1.1,1,1,0,1,5,2,2,3,1,2,1,1,1,1,1,7,7,8,1,1,1,9,14,3,1,1,NaN,2,2,NaN,,NaN,,NaN,,NaN,NaN,NaN,NaN,1,4,1,1,1,1,1,1,2,1,1,1,1,1,1,1,1,1,1,2,1,1,687521.662,4219736.51,-11.045,Sec,8182,0,0,0,15,1
15688,5,2009030003062,1,11,19,6,4,1,1,CV-865,9,9,0,1,1,5,3,2,3,3,2,1,1,1,1,1,7,7,8,1,1,1,9,14,3,1,1,NaN,2,NaN,NaN,,21,24,NaN,,NaN,NaN,NaN,NaN,1,4,1,1,1,1,1,1,1,1,1,1,1,1,1,2,1,1,1,2,1,1,705974.697,4236001.299,21.824,Sec,15700,0,0,0,19,1
15691,5,2009030003065,1,11,22,1,7,3,1,CV-81,39.5,39,5,0,1,5,3,2,3,3,2,1,2,2,2,1,5,6,5,1,5,3,4,14,1,1,3,NaN,1,NaN,NaN,,NaN,,NaN,,NaN,63,60,NaN,1,4,1,2,1,1,1,2,1,1,1,1,1,1,2,1,1,1,1,2,1,1,686689.71,4281114.111,506.574,Cob,5430,0,0,0,3,6
15693,5,2009030003067,1,11,22,4,7,3,2,CV-820,19.6,19,6,0,1,5,3,2,3,3,2,1,2,2,2,1,5,6,8,1,1,1,9,14,3,1,3,NaN,1,4,NaN,,NaN,,NaN,,NaN,NaN,NaN,NaN,1,4,1,1,1,1,1,1,2,1,1,1,1,1,1,1,1,2,1,2,1,1,696971.384,4251961.516,209.449,Pri,2485,0,0,0,11,6
15695,5,2009030003076,1,11,24,6,2,1,2,CV-825,6.5,6,5,0,1,5,2,2,3,3,2,1,1,1,1,1,7,7,8,1,4,1,9,14,3,1,1,NaN,1,2,NaN,,NaN,,NaN,,NaN,NaN,NaN,NaN,1,4,2,1,1,1,1,1,2,1,1,1,1,1,1,1,1,1,1,2,1,1,699190.932,4251380.193,207.671,Cob,1601,0,1,0,18,1
15697,5,2009030003078,1,11,13,3,5,1,2,CV-95,23,23,0,0,1,5,2,2,3,3,2,1,2,1,1,1,5,6,4,1,1,1,9,14,1,1,3,NaN,2,4,NaN,,NaN,,NaN,,NaN,NaN,NaN,NaN,1,4,2,1,1,1,1,1,2,1,1,1,1,1,1,1,1,1,1,2,1,1,697777.242,4205286.544,9.332,Cob,21913,0,0,0,9,6
15699,5,2009030003104,1,11,25,4,3,1,2,CV-920,15.4,15,4,1,1,5,2,2,3,3,2,1,1,1,1,1,7,7,8,1,1,1,9,14,2,2,1,NaN,2,4,NaN,,NaN,,NaN,,NaN,NaN,NaN,NaN,1,4,2,1,1,1,1,1,1,1,1,1,1,1,1,1,1,1,1,2,1,1,692710.796,4217921.049,-3.117,Cob,0,0,1,0,11,1
15700,5,2009030003105,1,11,23,6,1,4,1,CV-900,12.9,12,9,0,1,5,3,2,3,3,2,1,1,1,2,2,7,7,8,1,1,1,9,14,3,1,1,NaN,2,NaN,NaN,,NaN,,NaN,,NaN,53,50,NaN,1,4,2,1,2,1,1,1,1,1,1,1,1,1,1,1,1,1,1,2,1,1,685006.117,4225756.426,-8.208,Cob,5856,0,0,0,17,1
15702,5,2009030003138,1,11,26,4,4,1,2,CV-821,8.6,8,6,0,1,5,3,2,3,3,2,2,2,1,2,2,5,2,4,1,1,1,9,14,1,2,1,NaN,2,4,NaN,,NaN,,NaN,,NaN,NaN,NaN,NaN,2,4,2,1,1,1,1,1,1,1,1,1,1,1,1,1,1,1,1,2,1,1,723170.307,4252719.757,9.58,Cob,14646,0,0,1,14,6
15706,5,2009030003139,1,11,22,3,7,3,1,CV-905,1,1,0,1,1,5,3,2,3,3,2,2,1,2,2,2,5,1,4,1,1,1,9,14,1,1,1,NaN,2,NaN,NaN,,NaN,,NaN,,NaN,51,50,NaN,1,4,2,1,2,1,1,1,1,1,1,1,1,1,1,1,1,1,1,2,3,1,703065.797,4207654.617,-15.445,Pri,24466,0,0,3,9,6
15708,5,2009030003160,1,11,25,4,3,1,2,CV-905,9,9,0,0,1,5,3,2,3,3,2,2,1,1,2,2,5,6,5,1,1,1,9,14,1,1,1,NaN,2,2,NaN,,NaN,,NaN,,NaN,NaN,NaN,NaN,1,4,1,1,1,1,1,1,2,1,1,1,1,1,1,1,1,1,1,2,1,1,702704.304,4208839.843,-19.001,Cob,28977,0,0,0,12,6
15709,5,2009030003167,1,11,29,2,7,3,1,CV-715,6.5,6,5,0,1,5,2,2,3,3,2,1,1,1,1,1,7,7,8,1,4,1,9,14,3,1,1,NaN,1,NaN,NaN,,NaN,,NaN,,NaN,51,50,NaN,1,4,2,1,2,1,1,1,1,1,1,1,1,1,1,1,1,1,1,2,1,1,751510.726,4305787.866,-6.178,Cob,5907,0,0,0,5,1
15710,5,2009030003169,1,11,29,4,7,3,1,CV-83,4.2,4,2,1,1,5,3,2,3,3,2,1,2,1,1,1,7,7,8,3,1,4,9,14,3,1,1,NaN,2,NaN,NaN,,NaN,,12,9,NaN,NaN,NaN,NaN,1,4,1,1,1,1,1,1,1,1,1,1,1,1,1,1,1,2,1,2,1,1,670812.112,4253002.527,547.661,Sec,4873,0,0,2,13,1
15712,5,2009030003170,1,11,26,6,4,1,2,CV-724,1.7,1,7,1,1,5,1,3,3,2,2,1,2,1,1,1,1,5,3,1,5,1,9,14,1,1,1,NaN,2,2,NaN,,NaN,,NaN,,NaN,NaN,NaN,NaN,1,4,2,1,2,1,1,1,2,1,1,1,1,1,1,1,1,1,1,2,1,1,765953.723,4303552.177,-2.616,Sec,6142,0,0,0,20,7
15713,5,2009030003173,1,11,29,2,7,3,1,CV-715,10.3,10,3,0,1,5,2,3,3,1,2,1,1,1,1,1,7,7,5,1,5,1,9,14,1,1,1,NaN,2,NaN,NaN,,NaN,,NaN,,NaN,51,50,NaN,1,4,2,1,1,1,1,1,1,1,1,1,1,1,1,1,1,1,1,2,1,2,755130.858,4297064.863,111.195,Cob,3161,0,0,2,5,5
15717,5,2009030003258,1,11,29,1,7,3,1,CV-945,5.3,5,3,1,1,5,2,3,3,3,2,1,2,2,1,1,7,7,8,1,5,1,9,14,3,1,1,NaN,1,NaN,NaN,,NaN,,NaN,,56,NaN,50,NaN,1,4,2,1,1,1,1,1,1,1,1,1,1,1,1,1,1,1,1,2,1,1,695694.515,4211097.051,-2.019,Cob,5022,0,0,4,1,1
15718,5,2009030003260,1,11,30,1,1,1,1,CV-95,22.6,22,6,1,1,5,2,3,3,3,2,1,2,2,2,1,1,4,8,1,5,1,9,14,1,1,3,NaN,2,NaN,NaN,,NaN,,NaN,,66,NaN,60,NaN,1,4,2,2,1,1,1,2,1,1,1,1,1,1,1,1,1,1,1,2,1,1,684739.23,4215266.408,-3.098,Cob,7923,0,0,0,23,6
15720,5,2009030003262,1,11,23,3,1,1,2,CV-95,15,15,0,1,1,5,2,3,3,3,2,1,2,2,2,1,7,7,5,1,1,1,9,14,3,1,3,NaN,2,4,NaN,,NaN,,NaN,,NaN,NaN,NaN,NaN,1,4,1,1,1,1,1,1,2,1,1,1,1,1,1,1,1,1,1,2,1,1,690051.026,4210936.464,81.18,Pri,8579,0,0,0,10,1
15721,5,2009030003268,1,11,28,6,6,2,1,CV-84,2,2,0,1,1,5,2,2,3,3,2,1,1,1,1,1,7,7,8,1,1,1,9,14,3,1,1,NaN,2,NaN,NaN,,21,24,NaN,,NaN,NaN,NaN,NaN,1,4,1,1,1,1,1,1,1,1,1,1,1,1,1,2,1,1,1,2,1,1,695289.149,4244637.529,268.224,Sec,16947,0,0,0,18,1
15722,5,2009030003293,1,11,29,6,7,3,1,CV-836,0.4,0,4,0,1,5,3,2,3,2,2,1,1,2,2,2,7,7,8,3,2,4,2,14,1,1,1,NaN,2,NaN,NaN,,NaN,,NaN,,57,NaN,50,NaN,1,4,1,1,1,1,1,2,1,1,1,1,1,1,2,1,1,1,1,2,1,1,669180.526,4257891.147,611.636,Cob,2364,0,0,0,17,2
15723,5,2009030003297,1,11,29,4,7,3,1,CV-949,0.7,0,7,1,1,5,2,2,3,3,2,1,2,2,1,1,7,7,8,1,1,1,9,14,1,1,1,NaN,2,NaN,NaN,,NaN,,NaN,,66,NaN,60,NaN,1,4,2,1,1,1,1,1,1,1,1,1,1,1,1,1,1,1,1,2,1,2,679529.531,4208100.997,80.644,Cob,641,0,0,1,11,5
15725,5,2009030003299,1,12,3,3,4,1,2,CV-91,8,8,0,0,1,5,3,2,3,3,2,1,1,1,2,2,5,2,3,1,1,1,9,14,1,1,1,NaN,1,4,NaN,,NaN,,NaN,,NaN,NaN,NaN,NaN,1,4,1,1,1,1,1,1,2,1,1,1,1,1,1,1,1,1,1,2,3,1,688759.065,4218158.297,-14.462,Sec,11799,0,0,0,7,6
15727,5,2009030003303,1,12,2,6,3,1,2,CV-800,1.6,1,6,1,1,5,3,2,3,3,2,1,1,1,1,1,7,7,4,1,2,1,9,14,3,1,1,NaN,1,2,NaN,,NaN,,NaN,,NaN,NaN,NaN,NaN,1,4,1,1,1,1,1,1,2,1,1,1,1,1,1,1,1,1,1,2,1,1,719650.393,4279927.933,800.53,Cob,14543,0,0,0,17,1
15729,5,2009030003305,1,12,4,3,5,1,2,CV-70,49,49,0,0,1,5,2,3,3,2,2,2,1,1,1,1,5,1,4,1,1,1,9,14,1,1,1,NaN,2,3,NaN,,NaN,,NaN,,NaN,NaN,NaN,NaN,1,4,1,1,1,1,1,1,2,1,1,1,1,1,1,1,1,1,1,2,1,1,749851.52,4272284.053,101.778,Per,23768,0,1,0,10,6
15733,5,2009030003309,1,12,4,3,5,1,2,CV-905,4.9,4,9,1,1,5,3,2,3,1,2,1,1,2,2,2,5,1,8,1,1,1,9,14,1,1,1,NaN,2,2,NaN,,NaN,,NaN,,NaN,NaN,NaN,NaN,1,4,1,1,1,1,1,1,2,1,1,1,1,1,1,1,1,1,1,2,1,1,701405.323,4210977.515,-9.887,Cob,28977,0,0,0,10,6
15735,5,2009030003310,1,12,4,6,5,1,2,CV-70,33,33,0,0,1,5,2,3,3,3,2,1,1,1,1,1,7,7,5,1,5,1,9,14,2,1,1,NaN,4,NaN,NaN,,21,24,NaN,,NaN,NaN,NaN,NaN,1,4,1,1,1,1,1,1,1,1,1,1,1,1,1,2,1,1,1,2,1,1,743666.077,4283427.901,640.09,Cob,1918,0,0,0,19,1
15736,5,2009030003311,1,12,4,6,5,1,1,CV-70,38.8,38,8,0,1,5,2,2,3,2,2,1,1,1,1,1,7,7,8,1,3,1,9,14,1,1,1,NaN,1,NaN,NaN,,21,24,NaN,,NaN,NaN,NaN,NaN,1,4,1,1,1,1,1,1,1,1,1,1,1,1,1,2,1,1,1,2,1,1,747628.454,4280652.632,290.526,Cob,1918,0,0,0,20,1