Id,Ano,Numero_Accidente,Provincia,Mes,Dia,Hora,Dia_Semana,Tipo_Dia,Vehiculos_Implicados,Carretera,Pk,Km,Hm,Sentido,Zona,Tipo_Via,Anchura_Calzada,Anchura_Carril,Marcas_Viales,Arcen,Arcen_Pavimentado,Mediana,Barrera_Seguridad,Paneles_Direccionales,Hitos_Arista,Captafaros,Interseccion_Tipo,Interseccion_Acondicionamiento,Prioridad_Regulada_por,Superficie,Luminosidad,Factores_Atmosfericos,Visibilidad_Restringida_por,Otras_Circunstancias,Senalizacion_Peligro,Aceras,Arboles,Arboles_Metros_Calzada,Visibilidad_Senalizacion_Vertical,Colision_Vehiculos_Marcha,Colision_Vehiculo_Obstaculo_1,Colision_Vehiculo_Obstaculo_2,Atropello_1,Atropello_2,Vuelco_1,Vuelco_2,Salida_Sin_Colision,Salida_Con_Colision,Lado_Salida,Otro,Circulacion,Circulacion_Medidas_Especiales,Distraccion,Inexperiencia_Conductor,Alcohol_Drogas,Cansancio_Sueno,Enfermedad,Velocidad_Inadecuada,Infraccion_Norma_Circulacion,Estado_Condicion_Via,Estado_Condicion_Senalizacion,Tramo_Obras,Mal_Estado_Vehiculo,Averia_Mecanica,Meteorologia_Adversa,Irrupcion_Animal,Circular_Sentido_Contrario,Otro_Factor,Sin_Opinion_Definida,Pendiente,Curvatura,Peralte,GPS_x,GPS_y,GPS_z,Tipo_Est,IMD,N_Muertos,N_Graves,N_Leves,Hora_Real,Fuera_o_Interseccion
15738,5,2009030003314,1,11,13,6,5,1,2,CV-870,2.7,2,7,0,1,5,3,2,3,3,2,1,2,2,1,1,5,6,8,1,1,1,9,8,1,1,1,NaN,2,3,NaN,,NaN,,NaN,,NaN,NaN,NaN,NaN,1,4,1,1,1,1,1,1,1,1,1,1,1,1,1,1,1,1,2,2,1,1,679980.371,4222236.277,15.911,Cob,14392,0,0,0,17,6
15739,5,2009030003321,1,12,6,1,7,3,1,CV-724,7.5,7,5,1,1,5,3,3,3,1,2,1,1,2,1,1,1,6,4,1,5,1,2,13,1,1,1,NaN,2,NaN,NaN,,NaN,,NaN,,NaN,52,50,NaN,1,4,2,1,2,1,1,1,1,1,1,1,1,1,1,1,1,1,1,2,1,1,763475.321,4299113.787,30.648,NaN,0,0,0,0,1,6
15740,5,2009030003354,1,12,6,4,7,3,1,CV-827,3,3,0,1,1,5,3,2,3,1,2,1,2,2,1,1,7,7,5,1,1,1,9,13,1,1,1,NaN,2,NaN,NaN,,NaN,,12,9,NaN,NaN,NaN,NaN,1,4,1,1,1,1,1,2,1,1,1,1,1,1,1,1,1,1,1,2,1,2,706170.738,4259621.426,386.821,Cob,441,0,1,0,12,2
15742,5,2009030003365,1,12,7,1,1,2,2,CV-905,0,0,0,1,1,5,3,3,3,3,2,2,1,2,1,2,5,2,8,1,3,1,9,14,3,1,1,NaN,2,3,NaN,,NaN,,NaN,,NaN,NaN,NaN,NaN,1,4,1,1,1,1,1,1,2,1,1,1,1,1,1,1,1,1,1,2,1,1,703317.63,4206797.102,-3.448,Pri,24466,0,0,0,1,6
15743,5,2009030003368,1,12,8,4,2,3,1,CV-720,20.6,20,6,1,1,5,3,2,3,4,2,1,2,2,2,2,7,7,8,1,1,1,9,14,1,1,3,NaN,2,NaN,NaN,,NaN,,NaN,,NaN,64,60,NaN,1,4,1,1,1,1,1,2,1,1,1,1,1,1,1,1,1,1,1,2,1,1,747580.792,4293502.14,356.545,Cob,241,0,0,1,14,4
15744,5,2009030003369,1,12,8,3,2,3,1,CV-900,7,7,0,0,1,5,2,2,3,3,2,1,1,1,1,1,5,6,4,1,5,1,9,14,1,1,1,NaN,1,NaN,NaN,,NaN,,NaN,,NaN,63,60,NaN,1,4,2,1,1,1,1,1,1,1,1,1,1,1,1,1,1,1,1,2,1,1,686939.446,4220840.653,-8.046,Sec,9721,0,0,0,9,6
15746,5,2009030003371,1,12,3,4,4,1,2,CV-91,2.3,2,3,1,1,5,3,2,3,3,2,1,1,1,1,1,2,1,3,1,1,1,9,14,1,1,1,NaN,1,4,NaN,,NaN,,NaN,,NaN,NaN,NaN,NaN,1,4,2,1,1,1,1,1,2,1,1,1,1,1,1,1,1,1,1,2,1,1,703038.989,4219104.252,-23.078,Cob,11261,0,0,3,11,7
15748,5,2009030003372,1,12,9,4,3,4,2,CV-70,46.2,46,2,1,1,5,3,3,3,4,2,2,1,1,2,2,5,6,4,1,1,1,9,14,1,1,3,NaN,2,2,NaN,,NaN,,NaN,,NaN,NaN,NaN,NaN,1,4,1,1,1,1,1,1,2,1,1,1,1,1,1,1,1,1,1,2,1,1,724042.291,4287005.308,669.809,Per,23768,0,0,0,13,6
15750,5,2009030003373,1,12,9,6,3,4,2,CV-70,48.5,48,5,1,1,5,3,3,3,4,2,2,1,1,2,2,5,1,4,1,3,1,9,14,1,1,3,NaN,2,2,NaN,,NaN,,NaN,,NaN,NaN,NaN,NaN,1,4,1,1,1,1,1,1,2,1,1,1,1,1,1,1,1,1,1,2,2,1,722608.706,4285926.546,736.106,Per,23768,0,0,1,20,6
15752,5,2009030003384,1,12,9,1,3,4,1,CV-775,5.2,5,2,0,1,5,2,3,3,1,2,1,2,1,1,1,7,7,8,1,5,1,9,14,1,1,1,NaN,1,NaN,NaN,,NaN,,NaN,,67,NaN,60,NaN,1,4,2,1,2,2,1,2,2,1,1,1,1,1,1,1,1,1,1,2,1,1,728851.265,4262521.974,166.462,Cob,2106,0,0,0,3,5
15754,5,2009030003385,1,12,12,6,6,2,2,CV-925,10.9,10,9,0,1,5,3,2,2,2,2,1,1,1,1,1,1,1,8,1,1,1,9,14,3,1,1,NaN,1,4,NaN,,NaN,,NaN,,NaN,NaN,NaN,NaN,1,4,2,1,1,1,1,1,2,1,1,1,1,1,1,1,1,1,1,2,1,1,685568.358,4208600.866,96.17,Cob,1883,0,0,0,17,6
15762,5,2009030003387,1,12,11,6,5,1,4,CV-91,15.3,15,3,1,1,5,3,1,3,2,2,2,1,2,2,2,3,2,4,1,4,1,9,14,1,1,1,NaN,2,5,NaN,,NaN,,NaN,,NaN,NaN,NaN,NaN,1,4,1,1,2,1,1,1,1,1,1,1,1,1,1,1,1,1,1,2,1,1,690815.69,4218000.656,-20.247,Cob,9784,0,0,2,20,6
15763,5,2009030003392,1,12,13,3,7,3,1,CV-905,2.3,2,3,1,1,5,3,2,3,3,2,2,1,2,1,2,5,6,4,1,1,1,9,14,1,2,1,NaN,2,NaN,NaN,,NaN,,NaN,,NaN,63,60,NaN,1,4,1,1,2,1,1,2,1,1,1,1,1,1,1,1,1,1,1,2,1,1,702710.467,4208858.052,-19.39,Pri,24466,0,0,0,9,7
15764,5,2009030003395,1,12,13,6,7,3,1,CV-95,23.5,23,5,0,1,5,1,3,3,3,2,1,2,2,2,2,7,7,8,7,2,9,9,8,1,1,3,NaN,2,NaN,NaN,,NaN,,NaN,,NaN,53,50,NaN,1,4,2,1,1,1,1,2,1,1,1,1,1,1,1,1,1,1,1,2,2,2,698198.067,4205343.012,-6.912,Cob,21913,0,0,0,17,5
15766,5,2009030003405,1,12,14,3,1,1,2,CV-911,3,3,0,0,1,5,3,2,3,3,2,2,1,1,1,1,7,7,8,3,1,4,9,14,3,1,1,NaN,2,4,NaN,,NaN,,NaN,,NaN,NaN,NaN,NaN,2,4,1,1,1,1,1,2,1,1,1,1,1,1,1,1,1,1,1,2,1,1,688650.081,4218310.05,-12.079,Cob,8697,0,0,1,7,1
15767,5,2009030003428,1,12,15,6,2,1,1,CV-95,4.4,4,4,0,1,5,2,2,3,1,2,2,1,1,1,1,5,1,8,1,3,1,9,14,1,2,1,NaN,2,NaN,NaN,,NaN,,NaN,,NaN,63,60,NaN,1,4,2,1,1,1,1,1,1,1,1,1,1,1,1,1,1,1,1,2,1,1,684132.624,4215246.178,11.89,Cob,13019,0,0,0,19,6
15768,5,2009030003432,1,12,13,6,7,3,1,CV-915,4,4,0,0,1,5,2,2,3,1,2,1,1,1,1,1,5,3,4,3,4,4,4,14,1,1,1,NaN,2,NaN,NaN,,NaN,,NaN,,NaN,61,60,NaN,1,4,1,1,1,1,1,2,2,1,1,1,1,1,2,1,1,1,1,2,1,1,677075.654,4215096.705,4.222,Sec,8284,0,0,0,22,6
15770,5,2009030003433,1,12,5,4,6,2,2,CV-800,1.8,1,8,0,1,3,3,2,3,3,2,1,1,1,1,1,7,7,5,1,1,1,9,14,2,1,1,NaN,1,NaN,NaN,,NaN,,NaN,,NaN,64,60,NaN,1,4,1,1,1,1,1,1,2,1,1,1,1,1,1,1,1,1,1,2,1,1,724599.659,4256124.581,37.134,Cob,14543,0,0,0,13,2
15771,5,2009030003479,1,12,6,3,7,3,1,CV-827,3,3,0,1,1,5,2,3,3,1,2,1,2,1,1,1,7,7,5,1,1,1,9,14,1,1,1,NaN,1,NaN,NaN,,NaN,,NaN,,NaN,64,60,NaN,1,4,1,1,1,1,1,2,1,1,1,1,1,1,1,1,1,1,1,2,1,2,706170.738,4259621.426,386.821,Cob,441,0,0,0,9,5
15772,5,2009030003492,1,12,15,3,2,1,1,CV-905,8.6,8,6,0,1,5,3,3,3,4,2,2,1,1,1,1,7,7,8,1,1,8,9,14,3,1,1,NaN,1,NaN,NaN,,NaN,,NaN,,NaN,51,50,NaN,1,4,2,1,1,1,1,1,1,1,1,1,1,1,1,1,1,1,1,2,1,1,702620.197,4209125.163,-18.365,Cob,28977,0,0,0,10,1
15773,5,2009030003498,1,12,9,4,3,1,1,CV-820,11.1,11,1,0,1,5,2,1,3,4,2,1,1,1,1,1,7,7,8,1,1,1,9,14,3,1,1,NaN,1,NaN,NaN,,NaN,,NaN,,NaN,61,60,NaN,1,4,1,1,1,1,1,1,1,1,1,1,1,1,1,1,1,1,2,2,1,1,704000.683,4256208.276,283.461,Cob,2873,0,0,0,13,1
15774,5,2009030003506,1,12,7,4,1,4,1,CV-80,15,15,0,1,1,2,3,2,3,4,2,2,2,2,2,1,7,7,7,1,1,1,9,14,3,1,1,NaN,2,NaN,NaN,,21,24,NaN,,NaN,NaN,NaN,NaN,1,4,1,1,1,1,1,1,1,1,1,1,1,1,1,2,1,1,1,2,1,1,693087.458,4272300.172,583.04,Sec,8993,0,0,0,12,1
15782,5,2009030003513,1,12,18,6,5,1,2,CV-900,2.7,2,7,0,1,5,3,2,3,1,2,1,1,1,1,1,1,4,2,3,4,4,4,14,1,1,3,NaN,2,2,NaN,,NaN,,NaN,,NaN,NaN,NaN,NaN,1,4,2,1,1,1,1,1,2,1,1,1,1,1,1,1,1,1,1,2,1,1,683357.733,4220194.003,-1.88,Cob,7284,0,0,2,20,6
15785,5,2009030003514,1,12,19,4,6,2,2,CV-70,8.1,8,1,0,1,5,3,2,3,3,2,1,1,1,1,1,1,6,3,2,1,1,9,14,1,2,1,NaN,2,2,NaN,,NaN,,NaN,,NaN,NaN,NaN,NaN,1,4,2,1,1,1,1,1,2,1,1,1,1,1,1,1,1,1,1,2,1,1,727159.121,4286801.209,502.403,Cob,2664,0,0,3,13,7
15786,5,2009030003519,1,12,20,1,7,3,1,CV-920,13,13,0,0,1,5,1,1,3,3,2,1,2,1,1,1,3,1,8,1,5,1,9,14,3,1,3,NaN,2,NaN,NaN,,NaN,,NaN,,NaN,54,50,NaN,1,4,2,1,1,1,1,1,1,1,1,1,1,1,1,1,1,1,1,2,1,1,696515.727,4217245.76,-7.86,Cob,2565,0,0,0,1,6
15788,5,2009030003526,1,12,7,4,1,2,2,CV-805,4,4,0,1,1,5,2,3,3,3,2,1,1,1,1,1,7,7,8,1,1,1,9,14,2,1,1,NaN,1,4,NaN,,NaN,,NaN,,NaN,NaN,NaN,NaN,1,4,1,1,1,1,1,1,1,1,1,1,1,1,1,1,1,1,2,2,1,1,708921.32,4268997.987,491.824,Cob,1504,0,0,0,12,2
15789,5,2009030003527,1,12,10,6,4,1,1,CV-840,5,5,0,1,1,5,2,3,3,3,2,1,1,1,1,1,7,7,8,1,2,1,9,14,3,1,1,NaN,1,NaN,NaN,,21,23,NaN,,NaN,NaN,NaN,NaN,1,4,1,1,1,1,1,1,1,1,1,1,1,1,1,2,1,1,1,2,1,1,674096.46,4245685.439,505.237,Cob,3196,0,0,0,18,1
15791,5,2009030003528,1,12,19,6,6,2,2,CV-912,6,6,0,1,1,5,2,2,3,3,2,1,1,1,1,1,2,1,2,1,3,1,9,14,1,1,1,NaN,2,2,NaN,,NaN,,NaN,,NaN,NaN,NaN,NaN,1,4,1,1,1,1,1,1,2,1,1,1,1,1,1,1,1,1,1,2,1,1,689263.81,4220454.708,-17.754,Cob,3041,0,0,0,20,6
15793,5,2009030003535,1,12,21,3,1,4,2,CV-91,2.3,2,3,0,1,5,3,2,3,3,2,1,1,1,1,1,7,7,8,3,1,9,9,14,1,1,1,NaN,2,4,NaN,,NaN,,NaN,,NaN,NaN,NaN,NaN,1,4,2,1,1,1,1,1,1,1,1,1,1,1,1,1,1,1,1,2,1,1,683223.155,4217957.288,-8.444,Cob,11261,0,0,1,8,1
15795,5,2009030003537,1,12,21,6,1,4,2,CV-855,0.5,0,5,0,1,5,2,3,3,1,2,2,1,1,1,1,7,7,8,1,5,1,9,14,3,2,3,NaN,2,4,NaN,,NaN,,NaN,,NaN,NaN,NaN,NaN,1,4,1,1,1,1,1,1,2,1,1,1,1,1,1,1,1,1,1,2,1,1,701544.583,4236074.83,37.809,Pri,4917,0,0,0,19,1
15796,5,2009030003553,1,12,15,6,2,1,1,CV-80,4.7,4,7,0,1,2,3,2,3,4,2,2,2,1,2,2,7,7,8,1,4,1,9,14,3,1,3,NaN,2,NaN,NaN,,21,24,NaN,,NaN,NaN,NaN,NaN,1,4,1,1,1,1,1,1,1,1,1,1,1,1,1,2,1,1,1,2,1,1,692925.48,4271987.188,576.181,Sec,7952,0,0,0,18,1
15797,5,2009030003554,1,12,15,6,2,1,1,CV-806,1.8,1,8,0,1,5,3,2,3,3,2,1,1,1,2,1,1,6,8,4,5,9,9,14,3,1,3,NaN,2,NaN,NaN,,NaN,,NaN,,57,NaN,50,NaN,1,4,1,1,1,1,1,2,1,1,1,1,1,1,2,1,1,1,1,2,1,1,704609.66,4276169.799,662.165,Cob,4747,0,0,0,19,6
15800,5,2009030003575,1,12,21,3,1,4,3,CV-91,2.3,2,3,0,1,5,3,2,3,3,2,1,1,1,2,2,7,7,8,3,1,1,9,14,3,1,1,NaN,2,5,NaN,,NaN,,NaN,,NaN,NaN,NaN,NaN,1,4,2,1,1,1,1,1,1,1,1,1,1,1,1,1,1,1,1,2,1,1,683223.155,4217957.288,-8.444,Cob,11261,0,0,2,8,1
15802,5,2009030003576,1,12,14,4,1,4,2,CV-915,1.2,1,2,0,1,5,2,3,3,3,2,1,1,1,1,1,7,7,5,1,1,1,9,14,2,1,1,NaN,2,NaN,NaN,,NaN,,NaN,,56,NaN,50,NaN,1,4,1,1,1,1,1,1,2,1,1,1,1,1,1,1,1,1,1,2,1,1,679095.64,4216865.134,1.537,Sec,8284,0,0,2,12,1
15804,5,2009030003579,1,12,20,1,7,3,2,CV-70,47.5,47,5,1,1,5,2,3,3,2,2,2,1,1,1,1,7,7,8,1,3,1,9,14,3,2,3,NaN,2,NaN,NaN,,NaN,,NaN,,NaN,61,60,NaN,1,4,2,1,1,1,1,1,1,1,1,1,1,1,1,1,1,1,1,2,1,1,723201.457,4286521.602,736.569,Per,23768,0,0,1,4,1
15805,5,2009030003580,1,12,25,4,5,3,1,CV-95,11.1,11,1,1,1,5,3,2,3,3,2,1,2,2,2,2,7,7,8,3,1,4,2,14,1,1,1,NaN,2,NaN,NaN,,NaN,,NaN,,65,NaN,60,NaN,1,4,2,1,2,1,1,2,2,1,1,1,1,1,1,1,1,1,1,2,1,1,692535.027,4208204.237,39.933,Cob,9867,0,0,1,13,5
15806,5,2009030003584,1,12,26,6,6,2,1,CV-91,3.4,3,4,1,1,5,2,3,3,4,2,1,1,1,2,1,7,7,8,3,1,1,9,14,3,1,1,NaN,1,NaN,NaN,,NaN,,NaN,,56,NaN,50,NaN,1,4,2,1,1,1,1,1,1,1,1,1,1,1,1,1,1,1,1,2,1,1,701964.001,4219257.451,-24.644,Sec,11799,0,0,1,17,1
15808,5,2009030003586,1,12,26,2,6,2,2,CV-905,0,0,0,1,1,5,3,2,3,3,2,2,2,2,1,1,5,1,4,3,4,3,9,14,1,1,1,NaN,2,3,NaN,,NaN,,NaN,,NaN,NaN,NaN,NaN,1,4,1,1,2,1,1,1,2,1,1,1,1,1,1,1,1,1,1,2,1,1,703317.63,4206797.102,-3.448,Pri,24466,0,0,0,6,6
15812,5,2009030003604,1,12,23,6,3,1,2,CV-911,0.7,0,7,0,1,5,2,3,3,3,2,1,1,1,1,1,3,1,8,1,3,1,9,14,1,1,1,NaN,2,2,NaN,,NaN,,NaN,,NaN,NaN,NaN,NaN,1,4,1,1,1,1,1,1,2,1,1,1,1,1,1,1,1,1,1,2,1,1,687224.193,4220016.862,-10.182,Sec,8182,0,0,1,17,7
15814,5,2009030003606,1,12,24,6,4,2,2,CV-900,11.8,11,8,0,1,5,3,2,3,3,2,1,1,1,1,2,1,1,3,1,3,1,9,14,1,1,1,NaN,2,2,NaN,,NaN,,NaN,,NaN,NaN,NaN,NaN,1,4,2,1,1,1,1,1,2,1,1,1,1,1,1,1,1,1,1,2,1,1,685609.613,4224977.942,-12.126,Cob,7643,0,0,1,21,6
15817,5,2009030003619,1,12,27,4,7,3,2,CV-905,7,7,0,0,1,5,1,3,3,1,2,1,1,1,1,1,5,6,5,1,1,1,9,14,3,1,1,NaN,1,5,NaN,,NaN,,NaN,,NaN,NaN,NaN,NaN,1,4,1,1,1,1,1,1,1,1,1,1,1,1,1,1,1,1,2,2,1,1,701855.225,4210579.953,-15.982,Cob,28977,0,0,0,12,7
15818,5,2009030003620,1,12,20,2,7,3,1,CV-855,13.6,13,6,1,1,5,3,2,3,1,2,1,1,2,2,2,7,7,8,1,4,1,9,14,2,1,1,NaN,2,NaN,NaN,,NaN,,NaN,,NaN,64,60,NaN,1,4,1,1,1,2,1,1,1,1,1,1,1,1,1,1,1,1,1,2,1,1,701696.95,4232710.052,6.696,Cob,3591,0,0,0,5,1
15821,5,2009030003625,1,12,19,4,6,2,3,CV-83,0,0,0,0,1,5,3,2,3,3,2,1,1,2,2,2,7,7,8,1,1,1,9,14,3,1,1,NaN,2,4,NaN,,NaN,,NaN,,NaN,NaN,NaN,NaN,2,4,1,1,1,1,1,1,2,1,1,1,1,1,1,1,1,1,1,2,1,1,693559.046,4258778.596,384.44,Cob,14121,0,0,0,12,1
15822,5,2009030003626,1,12,30,3,3,1,1,CV-70,48.2,48,2,1,1,5,2,2,3,3,2,2,1,1,1,1,7,7,5,1,1,1,9,14,2,1,1,NaN,3,NaN,NaN,,NaN,,NaN,,66,NaN,60,NaN,2,4,2,1,1,1,1,1,1,1,1,1,1,1,1,1,1,1,1,2,1,1,722771.225,4286094.157,719.318,Per,23768,0,0,1,10,2
15824,5,2009030003628,1,12,25,5,5,3,2,CV-865,11.6,11,6,1,1,5,2,2,3,4,2,1,1,2,2,2,7,7,8,1,1,1,9,14,3,1,1,NaN,1,4,NaN,,NaN,,NaN,,NaN,NaN,NaN,NaN,1,4,2,1,1,1,1,1,1,1,1,1,1,1,1,1,1,1,1,2,1,1,703724.631,4237442.346,41.379,Sec,15700,0,0,0,15,1
15825,5,2009030003634,1,12,25,1,5,3,1,CV-800,13.8,13,8,0,1,5,2,2,3,3,2,1,2,2,2,1,7,7,5,1,5,1,2,14,1,1,1,NaN,2,NaN,NaN,,NaN,,NaN,,NaN,54,50,NaN,1,4,1,1,2,1,1,2,1,2,1,1,1,1,1,1,1,1,1,2,1,2,719434.433,4265916.127,298.025,Sec,5482,0,0,0,2,4
15827,5,2009030003639,1,12,18,3,5,1,2,CV-70,46.7,46,7,1,1,5,2,1,3,4,2,2,2,2,2,2,5,1,4,1,1,1,9,14,1,1,1,NaN,1,2,NaN,,NaN,,NaN,,NaN,NaN,NaN,NaN,1,4,1,1,1,1,1,1,2,1,1,1,1,1,1,1,1,1,1,2,1,1,723614.384,4286811.711,706.647,Per,23768,0,0,0,10,6
15830,5,2009030003645,1,12,21,6,1,4,2,CV-870,1.3,1,3,1,1,5,2,3,3,3,2,1,1,1,1,1,1,1,8,1,5,1,9,14,1,1,1,NaN,2,4,NaN,,NaN,,NaN,,NaN,NaN,NaN,NaN,1,4,2,1,1,1,1,1,1,1,1,1,1,1,1,1,1,1,1,2,1,1,676672.084,4228469.241,99.265,Cob,14392,0,0,0,21,6
15831,5,2009120000001,2,1,1,3,4,3,1,CV-15,14.5,14,5,1,1,5,3,2,3,3,2,1,1,1,1,1,7,7,8,2,4,1,9,14,2,1,1,NaN,1,NaN,NaN,,NaN,,NaN,,NaN,53,50,NaN,1,4,1,1,1,2,1,1,1,1,1,1,1,1,1,1,1,1,1,2,1,1,738639.835,4481898.903,1113.394,Per,0,0,1,0,7,1
15835,4,2009120000005,2,12,31,6,3,2,1,CV-148,3.5,3,5,0,1,5,2,2,4,1,2,1,1,1,1,1,7,7,8,3,5,4,9,14,2,1,1,NaN,1,NaN,NaN,,NaN,,NaN,,67,NaN,60,NaN,1,4,1,1,1,1,1,2,1,1,1,1,1,1,1,1,1,1,1,2,1,1,759767.029,4445673.965,199.887,Cob,679,0,0,0,19,3
15836,5,2009120000012,2,1,3,4,6,2,1,CV-10,47.7,47,7,1,1,5,3,2,3,3,2,1,1,1,1,1,7,7,5,1,1,1,9,14,3,1,1,NaN,2,NaN,NaN,,NaN,,NaN,,NaN,51,50,NaN,1,4,2,1,1,1,1,1,1,1,1,1,1,1,1,1,1,1,1,2,1,1,759023.244,4449567.407,239.311,Cob,4322,0,0,1,13,1
15837,5,2009120000015,2,1,4,6,7,3,1,CV-135,19.1,19,1,1,1,5,2,2,3,1,2,1,2,2,1,1,7,7,8,1,5,1,2,14,3,1,3,NaN,2,NaN,NaN,,21,24,NaN,,NaN,NaN,NaN,NaN,1,4,1,1,1,1,1,1,1,1,1,1,1,1,1,2,1,1,1,2,1,1,775618.791,4484807.593,246.437,Pri,3137,0,0,0,21,2
15838,5,2009120000053,2,1,9,3,5,1,1,CV-195,30.1,30,1,1,1,5,3,2,1,3,2,1,1,2,1,1,7,7,8,1,1,7,9,14,2,1,1,NaN,1,NaN,NaN,,NaN,,NaN,,NaN,64,60,NaN,3,4,1,1,1,1,1,1,1,1,1,1,1,1,2,1,1,1,1,2,1,1,706560.822,4429520.196,868.375,Cob,121,0,0,0,8,2
15840,5,2009120000054,2,1,9,5,5,1,2,CV-10,61.2,61,2,1,1,5,2,2,3,4,2,1,1,1,1,1,7,7,8,3,1,4,9,14,3,1,3,NaN,1,4,NaN,,NaN,,NaN,,NaN,NaN,NaN,NaN,1,4,2,1,1,1,1,1,1,1,1,1,1,1,1,1,1,1,1,2,1,1,752050.957,4438333.638,182.894,Cob,4322,0,0,0,16,1
15842,5,2009120000055,2,1,7,6,3,1,2,CV-16,2.9,2,9,1,1,5,2,2,3,3,2,1,1,1,1,1,5,1,8,1,3,1,9,14,3,1,1,NaN,1,3,NaN,,NaN,,NaN,,NaN,NaN,NaN,NaN,2,4,2,1,1,1,1,1,1,1,2,1,1,1,1,1,1,1,1,2,1,1,741625.711,4437189.499,126.502,Sec,18979,0,0,0,19,6
15843,5,2009120000058,2,1,11,2,7,3,1,CV-223,2.3,2,3,1,1,5,2,3,3,3,2,1,1,1,1,1,7,7,8,1,4,1,9,14,1,1,1,NaN,1,NaN,NaN,,NaN,,NaN,,NaN,62,60,NaN,1,4,1,1,1,1,1,2,1,1,1,1,1,1,1,1,1,1,1,2,2,1,732059.359,4427029.726,189.858,Sec,3259,0,0,1,5,5
15847,5,2009120000059,2,1,11,4,7,3,2,CV-133,1.3,1,3,0,1,5,2,3,3,1,2,1,1,1,1,1,7,7,8,1,1,1,9,14,3,1,1,NaN,2,4,NaN,,NaN,,NaN,,NaN,NaN,NaN,NaN,1,4,1,1,1,1,1,1,2,1,1,1,1,1,1,1,1,1,1,2,1,1,772512.509,4466482.808,181.326,Cob,423,0,1,0,14,1
15848,5,2009120000066,2,1,12,3,1,1,1,CV-10,6.3,6,3,0,1,5,3,2,3,3,2,2,2,1,1,1,7,7,5,1,1,1,9,14,3,1,1,NaN,2,NaN,NaN,,NaN,,12,9,NaN,NaN,NaN,NaN,1,4,1,1,1,2,1,1,1,1,1,1,1,1,1,1,1,1,1,2,1,1,739817.383,4420936.458,83.51,Sec,30488,0,0,1,9,1
15850,5,2009120000070,2,1,10,4,6,2,2,CV-11,14,14,0,1,1,5,2,2,3,1,2,1,1,1,1,1,2,1,8,1,1,1,9,14,1,1,1,NaN,2,4,NaN,,NaN,,NaN,,NaN,NaN,NaN,NaN,1,4,1,1,1,1,1,1,2,1,1,1,1,1,1,1,1,1,1,2,1,1,782982.939,4497073.907,202.616,Sec,3460,0,0,0,12,6
15851,5,2009120000095,2,1,10,6,6,2,1,CV-160,0.2,0,2,0,1,5,3,2,3,2,2,1,1,1,1,1,7,7,8,1,3,1,9,14,3,1,1,NaN,1,NaN,NaN,,NaN,,NaN,,NaN,NaN,NaN,71,1,4,2,1,1,1,1,1,1,1,1,1,1,1,1,1,1,1,1,2,3,1,743129.034,4436653.8,116.858,Sec,5774,0,0,0,20,1
15853,5,2009120000134,2,1,12,3,1,1,2,CV-17,0.7,0,7,1,1,5,2,2,3,4,2,1,2,1,1,2,7,7,8,1,1,1,9,14,3,1,3,NaN,2,4,NaN,,NaN,,NaN,,NaN,NaN,NaN,NaN,1,4,1,1,1,1,1,1,1,1,1,1,1,1,1,1,1,1,2,2,1,1,746016.461,4430936.41,77.231,Sec,19986,0,0,0,8,2
15855,5,2009120000144,2,1,13,4,2,1,2,CV-10,0,0,0,0,1,5,3,2,3,3,2,2,2,1,1,1,7,7,5,1,1,1,9,14,3,1,1,NaN,2,4,NaN,,NaN,,NaN,,NaN,NaN,NaN,NaN,1,4,1,1,1,1,1,1,1,1,1,1,1,2,1,1,1,1,1,2,2,1,741358.403,4416113.213,11.973,Sec,27461,0,0,0,11,1
15856,5,2009120000148,2,1,18,2,7,3,1,CV-205,2.7,2,7,1,1,5,2,3,3,1,2,1,2,1,1,1,7,7,8,3,5,1,2,14,1,1,3,NaN,2,NaN,NaN,,NaN,,NaN,,NaN,62,60,NaN,1,4,1,1,1,1,1,2,1,1,1,1,1,1,1,1,1,1,1,2,1,1,721943.788,4431873.707,426.772,Cob,1316,0,1,0,5,5
15858,5,2009120000153,2,1,20,4,2,1,2,CV-135,14.6,14,6,0,1,5,3,3,3,3,2,1,1,1,1,2,6,6,3,1,1,1,9,14,1,1,1,NaN,2,2,NaN,,NaN,,NaN,,NaN,NaN,NaN,NaN,1,4,1,1,1,1,1,1,2,1,1,1,1,1,1,1,1,1,1,2,1,1,784457.978,4484079.497,106.387,Pri,3137,0,1,0,14,7
15860,5,2009120000156,2,1,20,4,2,1,2,CV-162,3.9,3,9,0,1,5,3,2,3,1,2,1,1,2,1,1,7,7,8,1,1,1,9,14,1,1,1,NaN,2,2,NaN,,NaN,,NaN,,NaN,NaN,NaN,NaN,1,4,1,1,1,1,1,1,2,1,1,1,1,1,1,1,1,1,1,2,1,1,750348.03,4448886.281,265.743,Cob,1331,0,0,0,14,2
15861,5,2009120000178,2,1,26,6,1,4,1,CV-222,2.5,2,5,1,1,5,2,3,3,3,2,1,1,2,1,1,7,7,8,1,4,1,9,14,1,1,1,NaN,2,NaN,NaN,,NaN,,NaN,,NaN,61,60,NaN,1,4,2,1,1,1,1,1,1,1,1,1,1,1,1,1,1,1,1,2,1,1,746322.972,4420997.746,20.487,Cob,4811,0,0,0,20,2