Id,Ano,Numero_Accidente,Provincia,Mes,Dia,Hora,Dia_Semana,Tipo_Dia,Vehiculos_Implicados,Carretera,Pk,Km,Hm,Sentido,Zona,Tipo_Via,Anchura_Calzada,Anchura_Carril,Marcas_Viales,Arcen,Arcen_Pavimentado,Mediana,Barrera_Seguridad,Paneles_Direccionales,Hitos_Arista,Captafaros,Interseccion_Tipo,Interseccion_Acondicionamiento,Prioridad_Regulada_por,Superficie,Luminosidad,Factores_Atmosfericos,Visibilidad_Restringida_por,Otras_Circunstancias,Senalizacion_Peligro,Aceras,Arboles,Arboles_Metros_Calzada,Visibilidad_Senalizacion_Vertical,Colision_Vehiculos_Marcha,Colision_Vehiculo_Obstaculo_1,Colision_Vehiculo_Obstaculo_2,Atropello_1,Atropello_2,Vuelco_1,Vuelco_2,Salida_Sin_Colision,Salida_Con_Colision,Lado_Salida,Otro,Circulacion,Circulacion_Medidas_Especiales,Distraccion,Inexperiencia_Conductor,Alcohol_Drogas,Cansancio_Sueno,Enfermedad,Velocidad_Inadecuada,Infraccion_Norma_Circulacion,Estado_Condicion_Via,Estado_Condicion_Senalizacion,Tramo_Obras,Mal_Estado_Vehiculo,Averia_Mecanica,Meteorologia_Adversa,Irrupcion_Animal,Circular_Sentido_Contrario,Otro_Factor,Sin_Opinion_Definida,Pendiente,Curvatura,Peralte,GPS_x,GPS_y,GPS_z,Tipo_Est,IMD,N_Muertos,N_Graves,N_Leves,Hora_Real,Fuera_o_Interseccion
15862,5,2009120000181,2,1,28,3,3,1,1,CV-185,1.6,1,6,1,1,5,3,2,3,3,2,1,1,1,1,1,7,7,8,1,2,1,9,14,3,1,2,3,1,NaN,NaN,,NaN,,NaN,,NaN,51,50,NaN,2,4,1,1,1,1,1,1,2,1,1,1,1,1,1,1,1,1,1,2,1,1,749215.521,4421496.233,0.262,Sec,12921,0,0,0,7,1
15863,5,2009120000189,2,1,27,3,2,1,1,CV-223,29.1,29,1,0,1,5,3,2,3,1,2,1,2,2,1,1,7,7,8,1,1,1,2,14,2,1,1,NaN,2,NaN,NaN,,NaN,,NaN,,NaN,61,60,NaN,1,4,1,1,1,1,1,2,1,1,1,1,1,1,1,1,1,1,1,2,1,1,731122.752,4426323.122,191.219,Cob,3793,0,0,1,10,3
15864,5,2009120000214,2,1,25,6,7,3,1,CV-135,16.6,16,6,0,1,5,3,2,3,1,2,1,1,2,2,1,7,7,8,1,5,1,9,14,2,1,1,NaN,1,NaN,NaN,,NaN,,NaN,,NaN,62,60,NaN,1,4,1,1,2,1,1,1,1,1,1,1,1,1,1,1,1,1,1,2,1,1,786221.027,4484343.367,55.911,Pri,3137,0,0,0,21,2
15866,5,2009120000215,2,1,26,4,1,4,2,CV-222,4.9,4,9,0,1,5,3,2,3,3,2,1,1,1,1,1,2,1,8,1,1,1,9,14,3,1,1,NaN,1,2,NaN,,NaN,,NaN,,NaN,NaN,NaN,NaN,1,4,2,1,1,1,1,1,2,1,1,1,1,1,1,1,1,1,1,2,1,1,744221.646,4422007.296,33.358,Cob,4811,0,0,0,13,6
15867,5,2009120000220,2,1,31,3,6,2,1,CV-141,0,0,0,1,1,5,2,2,3,3,2,1,1,1,2,1,5,1,8,3,4,4,9,14,1,1,1,NaN,2,NaN,NaN,,NaN,,NaN,,NaN,54,50,NaN,1,4,2,1,1,1,1,1,1,1,1,1,1,1,1,1,1,1,1,2,1,1,788413.217,4473920.958,-12.052,Cob,4646,0,0,0,7,6
15869,5,2009120000222,2,1,31,4,6,2,2,CV-135,21.1,21,1,1,1,5,1,3,3,1,2,1,1,1,1,1,1,1,8,3,1,4,9,14,2,1,1,NaN,1,4,NaN,,NaN,,NaN,,NaN,NaN,NaN,NaN,1,4,2,1,1,1,1,1,1,1,1,1,1,1,1,1,1,1,1,2,1,1,773885.137,4485665.067,310.181,Pri,3137,0,0,0,12,7
15870,5,2009120000223,2,1,31,5,6,2,1,CV-135,20.6,20,6,0,1,5,2,2,3,1,2,1,1,1,2,2,7,7,7,3,1,4,9,14,3,1,1,NaN,1,NaN,NaN,,NaN,,NaN,,66,NaN,60,NaN,1,4,2,1,1,1,1,1,1,1,1,1,1,1,1,1,1,1,1,2,1,1,788908.421,4481564.174,13.454,Pri,3137,0,0,1,16,1
15871,5,2009120000226,2,1,31,3,6,2,1,CV-223,7,7,0,0,1,5,2,2,3,3,2,1,2,2,2,2,7,7,8,3,1,1,9,14,1,1,1,NaN,2,NaN,NaN,,NaN,,NaN,,66,NaN,60,NaN,1,4,1,1,1,1,1,2,1,1,1,1,1,1,1,1,1,1,1,2,2,2,733879.669,4418778.012,245.258,Sec,3259,0,0,1,9,5
15872,5,2009120000232,2,1,31,4,6,2,1,CV-16,4.5,4,5,1,1,5,2,2,3,1,2,1,1,1,1,1,5,1,8,3,1,4,9,14,3,1,1,NaN,1,NaN,NaN,,NaN,,NaN,,NaN,NaN,NaN,71,1,4,1,1,1,1,1,1,1,1,1,1,1,1,1,1,1,2,1,2,1,1,742842.575,4436554.393,129.193,Sec,18979,0,0,1,11,6
15873,5,2009120000233,2,1,31,5,6,1,1,CV-20,25,25,0,0,1,5,3,2,3,3,2,1,2,2,1,1,7,7,8,3,1,1,3,14,1,1,1,NaN,2,NaN,NaN,,NaN,,NaN,,NaN,53,50,NaN,1,4,1,1,1,1,1,1,1,2,1,1,1,1,2,1,1,1,1,2,1,1,727699.584,4434505.41,264.274,Cob,596,0,0,0,16,3
15875,5,2009120000237,2,1,26,5,1,4,2,CV-18,8,8,0,1,1,5,3,2,3,4,2,1,2,2,2,2,5,1,4,1,1,1,9,14,1,1,1,NaN,2,3,NaN,,NaN,,NaN,,NaN,NaN,NaN,NaN,1,4,2,1,1,1,1,1,2,1,1,1,1,1,1,1,1,1,1,2,1,1,750079.177,4421028.572,-1.092,Cob,12914,0,0,0,15,6
15877,5,2009120000240,2,2,2,6,1,1,2,CV-222,8.6,8,6,1,1,5,3,2,3,3,2,1,1,1,2,2,6,4,4,3,4,4,9,14,1,1,1,NaN,2,4,NaN,,NaN,,NaN,,NaN,NaN,NaN,NaN,1,4,2,1,1,1,1,1,1,1,1,1,1,1,1,1,1,1,1,2,1,1,740849.686,4423186.347,63.809,Cob,8830,0,0,0,19,6
15878,5,2009120000243,2,2,5,1,4,1,1,CV-222,8.3,8,3,1,1,5,3,3,3,5,2,1,2,2,2,2,7,7,8,3,3,4,9,14,1,1,3,NaN,2,NaN,NaN,,NaN,,NaN,,NaN,61,60,NaN,1,4,1,1,1,1,1,2,1,1,1,1,1,1,1,1,1,1,1,2,1,1,741092.492,4423024.202,61.466,Cob,8830,0,1,1,23,5
15880,5,2009120000249,2,1,29,4,4,1,2,CV-10,25,25,0,0,1,5,3,2,3,3,2,1,1,1,1,1,7,7,8,1,1,1,9,3,3,1,1,NaN,1,NaN,30,32,NaN,,NaN,,NaN,NaN,NaN,NaN,1,4,1,1,1,1,1,1,1,1,1,1,1,1,1,1,1,2,1,2,1,1,748862.224,4435434.346,122.437,Sec,16140,0,0,0,11,1
15881,5,2009120000283,2,2,7,6,6,2,1,CV-10,45.6,45,6,1,1,5,2,2,3,4,2,1,2,2,2,2,7,7,8,1,5,1,9,14,1,1,1,NaN,2,NaN,NaN,,21,24,NaN,,NaN,NaN,NaN,NaN,1,4,1,1,1,1,1,1,1,1,1,1,1,1,1,1,1,1,2,2,1,1,759213.54,4451606.976,251.558,Cob,4322,0,0,0,19,1
15882,5,2009120000287,2,2,6,6,5,1,1,CV-10,43.8,43,8,1,1,5,3,2,3,3,2,1,1,1,1,1,7,7,8,1,4,1,9,14,3,1,1,NaN,1,NaN,NaN,,21,24,NaN,,NaN,NaN,NaN,NaN,1,4,1,1,1,1,1,1,1,1,1,1,1,1,1,1,1,2,1,2,1,1,759339.373,4453277.218,253.503,NaN,0,0,0,0,20,1
15883,5,2009120000289,2,2,11,5,3,1,1,CV-151,0,0,0,0,1,5,3,2,3,3,2,1,2,1,1,1,7,7,8,1,1,1,9,14,1,1,1,NaN,2,NaN,NaN,,NaN,,12,9,NaN,NaN,NaN,NaN,2,4,2,1,1,1,1,1,1,1,1,1,1,1,1,1,1,1,1,2,1,1,750409.039,4431869.906,49.267,Pri,24664,0,0,0,16,5
15885,5,2009120000290,2,2,11,6,3,1,1,CV-149,0.8,0,8,1,1,5,3,2,3,4,2,2,1,1,1,1,7,7,8,1,2,1,9,14,2,1,1,NaN,1,NaN,NaN,,NaN,,NaN,,66,NaN,60,NaN,1,4,1,1,1,1,1,1,1,1,1,1,1,1,1,1,1,1,2,2,1,2,756526.571,4435381.874,-0.918,Sec,13870,0,0,0,17,2
15886,5,2009120000295,2,2,12,6,4,1,1,CV-10,19.5,19,5,0,1,5,2,2,3,4,2,2,2,2,2,2,7,7,8,1,3,1,9,14,3,1,1,NaN,1,NaN,NaN,,NaN,,NaN,,NaN,63,60,NaN,1,4,1,1,2,1,1,2,1,1,1,1,1,1,1,1,1,1,1,2,1,1,746023.101,4431375.467,74.591,Pri,19609,0,0,0,20,1
15887,5,2009120000296,2,2,14,1,6,2,1,CV-10,84.9,84,9,0,1,5,2,3,3,1,2,1,1,1,2,1,7,7,8,1,5,1,2,14,3,1,1,NaN,2,NaN,NaN,,NaN,,NaN,,68,NaN,60,NaN,1,4,2,1,2,1,1,1,1,1,1,1,1,1,1,1,1,1,1,2,1,2,772241.244,4485663.431,294.872,Cob,1202,0,0,0,0,2
15889,5,2009120000299,2,2,15,4,7,3,2,CV-10,75.9,75,9,0,1,5,3,2,3,3,2,1,1,1,2,1,1,4,3,3,1,4,9,14,1,1,1,NaN,2,2,NaN,,NaN,,NaN,,NaN,NaN,NaN,NaN,1,4,1,1,1,1,1,1,2,1,1,1,1,1,1,1,1,1,1,2,1,2,769167.971,4478792.407,307.087,Pri,2998,0,0,1,13,7
15890,5,2009120000301,2,2,14,1,6,2,1,CV-10,0.7,0,7,1,1,5,2,2,3,1,2,2,2,2,2,2,7,7,8,1,4,1,9,14,2,1,1,NaN,1,NaN,NaN,,NaN,,NaN,,56,NaN,50,NaN,1,4,1,1,2,1,1,2,1,1,1,1,1,1,1,1,1,1,1,2,1,1,775334.962,4489360.596,286.367,Sec,27461,0,0,0,2,1
15892,5,2009120000326,2,2,13,3,5,1,2,CV-16,5.6,5,6,1,1,5,3,2,3,3,2,2,2,2,2,2,5,6,8,1,1,1,9,14,1,1,1,NaN,2,3,NaN,,NaN,,NaN,,NaN,NaN,NaN,NaN,1,4,1,1,1,1,1,1,2,1,1,1,1,1,1,1,1,1,1,2,1,2,743141.066,4435759.863,137.291,Sec,18979,0,0,0,9,6
15893,5,2009120000331,2,2,18,6,3,1,1,CV-10,61.5,61,5,1,1,5,3,2,3,3,2,1,1,1,2,1,7,7,8,1,5,1,9,14,3,1,3,NaN,2,NaN,NaN,,21,24,NaN,,NaN,NaN,NaN,NaN,1,4,1,1,1,1,1,1,1,1,1,1,1,1,1,2,1,1,1,2,1,1,751916.232,4438187.882,180.468,Cob,4322,0,0,0,22,1
15895,5,2009120000333,2,2,15,1,7,3,2,CV-10,21.3,21,3,1,1,5,3,2,3,4,2,2,2,2,2,2,7,7,8,3,4,4,9,14,1,1,1,NaN,2,4,NaN,,NaN,,NaN,,NaN,NaN,NaN,NaN,1,4,2,1,1,1,1,1,2,1,1,1,1,1,1,1,1,1,1,2,1,2,766505.256,4473136.174,246.531,Pri,19609,0,0,0,23,1
15898,5,2009120000335,2,2,20,3,5,1,3,CV-10,6.6,6,6,0,1,5,3,2,3,5,2,2,2,1,2,1,1,1,8,1,2,1,9,14,1,1,1,NaN,2,5,NaN,,NaN,,NaN,,NaN,NaN,NaN,NaN,2,4,2,1,1,1,1,1,1,1,1,1,1,1,1,1,1,1,1,2,1,1,739841.362,4421233.869,82.904,Sec,30488,0,0,0,7,6
15899,5,2009120000338,2,2,20,4,5,1,1,CV-10,52.8,52,8,1,1,5,3,2,3,4,2,1,1,2,2,2,7,7,8,3,1,4,9,14,2,1,1,NaN,1,NaN,NaN,,NaN,,NaN,,NaN,63,60,NaN,1,4,1,1,1,1,1,2,1,1,1,1,1,1,1,1,1,1,1,2,1,1,756958.144,4444912.322,270.15,Cob,4322,0,1,0,14,2
15901,5,2009120000340,2,2,19,6,4,1,2,CV-10,2.5,2,5,0,1,5,1,3,1,1,2,1,1,1,1,1,7,7,8,1,1,1,5,14,2,1,1,NaN,1,1,NaN,,NaN,,NaN,,NaN,NaN,NaN,NaN,1,4,1,1,1,1,1,1,2,1,1,1,1,1,1,1,1,1,1,2,1,1,740809.388,4417465.139,34.178,Cob,27806,0,1,0,17,3
15902,5,2009120000341,2,2,20,1,5,1,1,CV-10,20.6,20,6,0,1,5,3,2,3,4,2,2,2,2,2,2,7,7,8,1,4,1,9,14,1,1,1,NaN,2,NaN,NaN,,NaN,,NaN,,67,NaN,60,NaN,3,4,1,1,1,1,2,1,1,1,1,1,1,1,1,1,1,1,1,2,1,1,746343.562,4432413.596,85.983,Pri,19609,0,0,1,23,2
15904,5,2009120000347,2,2,20,6,5,1,2,CV-10,1.5,1,5,1,1,5,3,2,3,4,2,2,2,1,2,1,7,7,8,1,4,4,9,14,3,1,1,NaN,2,4,NaN,,NaN,,NaN,,NaN,NaN,NaN,NaN,1,4,2,1,1,1,1,1,2,1,1,1,1,1,1,1,1,1,1,2,1,1,774843.932,4488743.881,289.137,Sec,27461,0,0,1,19,1
15905,5,2009120000350,2,2,22,5,7,3,1,CV-15,37.6,37,6,0,1,5,3,2,3,3,2,1,1,1,1,1,7,7,8,1,1,1,9,14,3,1,1,NaN,1,NaN,NaN,,NaN,,NaN,,NaN,61,60,NaN,1,4,1,1,1,1,1,2,1,1,1,1,1,1,1,1,1,1,1,2,1,1,750285.394,4473506.082,584.88,Cob,2209,0,0,2,15,2
15906,5,2009120000351,2,2,22,6,7,3,1,CV-10,48.2,48,2,1,1,5,2,2,3,3,2,1,1,1,1,1,7,7,8,1,1,1,9,14,3,1,1,NaN,1,NaN,NaN,,NaN,,NaN,,NaN,63,60,NaN,2,4,2,1,1,2,1,1,1,1,1,1,1,1,1,1,1,1,1,2,1,1,758851.643,4449109.791,236.805,Cob,4322,0,0,1,18,1
15909,5,2009120000362,2,2,20,6,5,1,2,CV-10,1.7,1,7,1,1,5,3,2,3,4,2,2,2,1,2,2,7,7,8,3,2,3,9,14,3,1,1,NaN,1,4,NaN,,NaN,,NaN,,NaN,NaN,NaN,NaN,1,4,1,1,1,1,1,1,1,1,1,1,1,1,2,1,1,2,1,2,1,1,774722.465,4488574.134,290.534,Cob,27806,0,0,0,18,1
15910,5,2009120000364,2,2,23,3,1,4,1,CV-14,3.4,3,4,0,1,5,3,3,3,3,2,1,1,1,1,2,7,7,8,1,1,1,9,14,3,1,1,NaN,2,NaN,NaN,,NaN,,NaN,,66,NaN,60,NaN,1,4,2,1,1,1,1,1,1,1,1,1,1,1,1,1,1,1,1,2,1,1,743126.905,4500364.908,755.693,Sec,1147,0,1,0,9,1
15912,5,2009120000368,2,2,23,4,1,4,2,CV-10,12.4,12,4,0,1,5,3,2,3,4,2,2,2,1,2,1,7,7,5,1,1,1,9,14,3,1,1,NaN,1,3,NaN,,NaN,,NaN,,NaN,NaN,NaN,NaN,1,4,1,1,1,1,1,1,2,1,1,1,1,1,1,1,1,1,1,2,1,1,741387.59,4426526.296,67.769,Sec,32979,0,0,0,12,1
15914,5,2009120000369,2,2,23,5,1,4,2,CV-15,29.8,29,8,0,1,5,2,2,3,3,2,1,2,1,1,1,1,1,3,1,1,1,9,14,1,1,1,NaN,2,2,NaN,,NaN,,NaN,,NaN,NaN,NaN,NaN,1,4,1,1,1,1,1,1,2,1,1,1,1,1,1,1,1,1,1,2,1,1,753483.441,4468573.116,514.925,Per,0,0,0,0,16,6
15915,5,2009120000372,2,2,26,3,4,1,1,CV-20,8.6,8,6,1,1,5,3,2,3,3,2,2,2,1,1,1,5,6,4,1,1,1,9,14,1,1,3,NaN,2,NaN,NaN,,NaN,,NaN,,NaN,63,60,NaN,1,4,2,1,1,1,1,1,2,1,1,1,1,1,1,1,1,1,1,2,1,1,707600.901,4440466.922,581.808,Pri,16862,0,0,0,8,6
15916,5,2009120000376,2,2,28,4,6,2,1,CV-190,4.5,4,5,1,1,5,3,3,3,3,2,1,1,2,1,1,7,7,8,3,1,4,2,14,1,1,3,NaN,2,NaN,NaN,,NaN,,NaN,,NaN,53,50,NaN,1,4,1,1,1,1,1,2,1,1,1,1,1,1,1,1,1,1,1,2,1,1,708827.243,4450230.231,970.929,Cob,5744,0,0,1,13,4
15918,5,2009120000377,2,2,26,3,4,1,2,CV-20,4.2,4,2,1,1,5,3,2,3,3,2,2,2,1,2,2,5,1,4,1,1,1,9,14,1,1,1,NaN,2,4,NaN,,NaN,,NaN,,NaN,NaN,NaN,NaN,1,4,2,1,1,1,1,1,1,1,1,1,1,1,1,1,1,1,1,2,1,1,705565.444,4441836.509,623.544,Pri,16862,0,0,0,8,6
15921,5,2009120000379,2,2,28,5,6,2,1,CV-14,6.9,6,9,1,1,5,2,2,3,3,2,1,1,2,1,1,7,7,8,3,1,4,9,14,1,1,1,NaN,2,NaN,NaN,,NaN,,NaN,,56,NaN,50,NaN,1,4,1,1,1,1,1,2,1,1,1,1,1,1,1,1,1,1,1,2,1,1,739373.444,4515303.368,629.749,Sec,1147,0,0,0,15,5
15922,5,2009120000385,2,2,27,1,5,1,1,CV-10,25.1,25,1,0,1,5,3,2,3,4,2,2,2,2,2,2,7,7,8,1,5,1,9,14,3,1,3,NaN,2,NaN,NaN,,21,24,NaN,,NaN,NaN,NaN,NaN,1,4,1,1,1,1,1,1,1,1,1,1,1,1,1,1,1,1,2,2,1,1,748933.11,4435504.292,124.49,Sec,16140,0,0,0,2,1
15925,5,2009120000393,2,3,2,6,1,4,3,CV-18,5.9,5,9,0,1,5,3,2,3,3,2,1,1,2,1,1,7,7,8,1,5,1,9,8,1,1,1,NaN,2,5,NaN,,NaN,,NaN,,NaN,NaN,NaN,NaN,1,4,2,1,1,1,1,1,2,1,1,2,1,1,1,1,1,1,1,2,1,1,750723.212,4423058.587,4.813,Cob,12914,0,0,2,20,1
15927,5,2009120000408,2,3,2,4,1,4,2,CV-16,5.9,5,9,0,1,5,3,2,3,2,2,1,1,1,1,1,5,1,8,1,1,1,9,14,3,1,1,NaN,2,NaN,NaN,,NaN,,NaN,,NaN,NaN,NaN,71,1,4,1,1,1,1,1,1,1,1,1,1,1,1,1,1,1,1,2,2,2,2,744374.763,4434272.019,147.493,Sec,18979,0,0,0,13,6
15928,5,2009120000409,2,3,3,4,2,1,1,CV-20,47.5,47,5,1,1,5,2,3,3,1,2,1,2,2,1,1,7,7,5,3,1,5,2,14,1,1,1,NaN,2,NaN,NaN,,NaN,,NaN,,NaN,54,50,NaN,1,4,1,1,1,1,1,2,1,2,1,1,1,1,2,1,1,1,1,2,1,1,730072.818,4430619.408,277.123,Cob,596,0,0,1,12,5
15929,5,2009120000423,2,3,4,6,3,1,1,CV-240,0.1,0,1,1,1,5,3,2,3,1,2,1,2,2,2,1,7,7,8,5,5,7,4,2,1,1,3,NaN,2,NaN,NaN,,NaN,,NaN,,NaN,64,60,NaN,1,4,1,1,1,1,1,1,1,1,1,1,1,1,2,1,1,1,1,2,1,1,692455.359,4428469.918,980.295,Cob,330,0,0,2,21,5
15930,5,2009120000442,2,3,5,5,4,1,1,CV-135,7.5,7,5,0,1,5,3,2,2,1,2,1,1,2,1,1,7,7,8,1,1,8,9,14,2,1,1,NaN,2,NaN,NaN,,NaN,,12,9,NaN,NaN,NaN,NaN,1,4,1,1,1,1,1,2,1,1,1,1,1,1,1,1,1,1,1,2,1,2,778017.543,4483880.405,209.494,Cob,482,0,0,0,15,3
15932,5,2009120000443,2,3,2,4,1,1,2,CV-18,3.2,3,2,0,1,5,3,2,3,3,2,1,1,1,1,1,5,6,8,1,1,1,9,14,3,1,1,NaN,2,3,NaN,,NaN,,NaN,,NaN,NaN,NaN,NaN,1,4,1,1,1,1,1,1,2,1,1,1,1,1,1,1,1,1,1,2,1,1,751744.224,4425399.324,12.823,Cob,12914,0,0,0,13,6
15933,5,2009120000471,2,3,6,3,5,1,1,CV-15,37,37,0,0,1,5,3,2,3,3,2,1,2,1,1,1,7,7,8,1,1,8,9,14,3,1,1,NaN,1,NaN,NaN,,NaN,,NaN,,NaN,64,60,NaN,1,4,1,1,1,1,1,1,1,1,1,1,1,1,2,1,1,1,1,2,1,1,750823.77,4473272.161,576.379,Cob,2209,0,0,0,10,1
15935,5,2009120000473,2,3,5,4,4,1,2,CV-15,1.9,1,9,1,1,5,3,2,3,3,2,1,1,1,1,2,1,4,3,1,1,1,9,14,1,1,1,NaN,2,2,NaN,,NaN,,NaN,,NaN,NaN,NaN,NaN,1,4,2,1,1,1,1,1,2,1,1,1,1,1,1,1,1,1,1,2,1,2,729353.268,4482464.445,1176.782,Pri,9569,0,0,0,14,6
15936,5,2009120000496,2,3,9,6,1,4,1,CV-135,19.5,19,5,0,1,5,2,3,3,1,2,1,1,1,1,2,5,6,8,1,4,1,9,14,3,1,3,NaN,2,NaN,NaN,,NaN,,12,9,NaN,NaN,NaN,NaN,1,4,1,1,1,1,1,2,1,1,1,1,1,1,1,1,1,1,1,2,1,1,788005.106,4482290.592,25.598,Pri,3137,0,0,1,19,7
15938,5,2009120000539,2,3,11,3,3,1,1,CV-135,15.3,15,3,0,1,5,3,3,3,3,2,1,1,1,1,1,7,7,8,1,1,1,9,14,1,1,1,NaN,2,NaN,NaN,,NaN,,NaN,,56,NaN,50,NaN,1,4,1,1,1,1,1,1,1,1,1,1,1,1,1,2,1,1,1,2,1,1,784962.041,4484401.026,74.189,Pri,3137,0,0,0,9,1
15939,5,2009120000541,2,3,11,6,3,1,1,CV-10,57.5,57,5,1,1,5,3,2,3,3,2,1,1,1,2,1,7,7,8,1,1,1,9,14,2,1,1,NaN,1,NaN,NaN,,21,24,NaN,,NaN,NaN,NaN,NaN,1,4,1,1,1,1,1,1,1,1,1,1,1,1,1,2,1,1,1,2,1,1,754207.73,4441418.832,225.454,Cob,4322,0,0,0,17,1
15941,5,2009120000542,2,3,12,4,4,1,2,CV-135,14.6,14,6,1,1,5,3,2,3,1,2,1,1,1,1,1,1,5,3,1,1,1,9,14,1,1,1,NaN,2,2,NaN,,NaN,,NaN,,NaN,NaN,NaN,NaN,1,4,1,1,1,1,1,1,2,1,1,1,1,1,1,1,1,1,1,2,1,1,778300.239,4483940.79,200.205,Pri,3137,0,0,0,11,6
15942,5,2009120000549,2,3,15,6,7,3,1,CV-132,1.5,1,5,0,1,5,2,2,3,3,2,1,1,1,1,1,7,7,8,1,5,1,9,14,3,1,1,NaN,2,NaN,NaN,,NaN,,NaN,,67,NaN,60,NaN,1,4,1,1,2,1,1,1,1,1,1,1,1,1,1,1,1,1,1,2,1,1,769473.25,4485589.334,328.852,Sec,2555,0,0,0,22,2
15944,5,2009120000554,2,3,17,6,2,1,2,CV-10,65.7,65,7,0,1,5,3,2,3,4,2,1,1,1,2,2,7,7,8,1,1,1,9,14,3,1,1,NaN,1,4,NaN,,NaN,,NaN,,NaN,NaN,NaN,NaN,1,4,1,1,1,1,1,1,2,1,1,1,1,1,1,1,1,1,1,2,1,1,765809.209,4469945.608,196.317,Cob,6888,0,0,1,17,1
15945,5,2009120000559,2,3,18,6,3,1,1,CV-10,64.5,64,5,0,1,5,3,2,3,4,2,1,1,2,2,2,7,7,8,1,5,1,9,14,3,1,1,NaN,2,NaN,NaN,,21,24,NaN,,NaN,NaN,NaN,NaN,1,4,1,1,1,1,1,1,1,1,1,1,1,1,1,2,1,1,1,2,1,1,765791.211,4468678.388,179.401,Cob,6888,0,0,0,22,2
15947,5,2009120000561,2,3,15,1,7,3,2,CV-10,8,8,0,0,1,5,3,2,3,3,2,2,1,1,2,2,7,7,8,1,1,1,9,14,3,1,1,NaN,1,4,NaN,,NaN,,NaN,,NaN,NaN,NaN,NaN,1,4,1,1,1,1,1,1,2,1,1,1,1,1,1,1,1,1,1,2,1,1,739779.081,4422623.337,77.202,Sec,32979,0,0,0,0,1
15948,5,2009120000565,2,3,21,5,6,2,1,CV-20,7.7,7,7,0,1,5,3,2,3,3,2,2,1,1,1,1,7,7,8,1,1,1,9,14,3,1,3,NaN,2,NaN,NaN,,NaN,,NaN,,NaN,64,60,NaN,1,4,2,1,1,1,1,1,1,1,1,1,1,1,1,1,1,1,1,2,1,1,738104.555,4427008.527,107.932,Pri,16862,1,0,0,16,1
15949,5,2009120000582,2,3,22,4,7,3,1,CV-20,38,38,0,1,1,5,2,2,3,2,2,1,2,2,2,1,7,7,8,1,1,1,9,14,1,1,3,NaN,2,NaN,NaN,,NaN,,NaN,,NaN,63,60,NaN,1,4,1,1,1,1,1,2,2,1,1,1,1,1,1,1,1,1,1,2,1,1,725553.307,4434484.536,269.083,Cob,596,0,1,0,12,4
15950,5,2009120000589,2,3,23,3,1,4,1,CV-10,55.7,55,7,0,1,5,3,2,3,3,2,1,1,1,2,1,1,4,8,1,1,1,9,14,1,1,3,NaN,2,NaN,NaN,,NaN,,NaN,,66,NaN,60,NaN,1,4,2,1,1,2,1,1,1,1,1,1,1,1,1,1,1,1,1,2,1,1,761880.501,4461234.06,260.431,Cob,4322,0,0,1,8,6
15951,5,2009120000607,2,3,23,6,1,4,1,CV-162,2.1,2,1,0,1,5,2,2,3,2,2,1,2,2,2,1,7,7,8,1,1,1,9,14,1,1,1,NaN,1,NaN,NaN,,NaN,,NaN,,NaN,51,50,NaN,1,4,1,1,1,1,1,2,2,1,1,1,1,1,1,1,1,1,1,2,1,1,750608.024,4447141.212,214.842,Cob,1331,0,0,1,17,5
15955,5,2009120000610,2,3,22,3,7,3,2,CV-10,31.1,31,1,1,1,5,3,2,3,3,2,1,1,1,2,2,7,7,8,1,1,1,9,14,3,1,1,NaN,2,3,NaN,,NaN,,NaN,,NaN,NaN,NaN,NaN,1,4,1,1,1,1,1,1,2,1,1,1,1,1,1,1,1,1,1,2,1,1,763403.463,4464468.845,204.261,Cob,15864,0,0,0,10,2
15956,5,2009120000611,2,3,21,4,6,2,1,CV-235,19.6,19,6,1,1,5,2,3,3,1,2,1,2,1,1,1,7,7,8,1,1,1,9,14,3,1,1,NaN,1,NaN,NaN,,NaN,,12,9,NaN,NaN,NaN,NaN,1,4,1,1,1,1,1,2,1,1,1,1,1,1,1,1,1,1,1,2,2,1,700169.248,4419494.917,605.692,Cob,100,0,0,1,11,2
15957,5,2009120000631,2,3,22,4,7,3,1,CV-10,29.3,29,3,1,1,2,3,2,3,4,2,2,2,1,2,2,7,7,8,1,1,1,9,14,3,1,1,NaN,1,NaN,NaN,,NaN,,NaN,,NaN,64,60,NaN,1,4,2,1,1,1,1,1,2,1,1,1,1,1,1,1,1,1,1,2,1,1,764286.403,4466014.316,173.085,Sec,16140,0,0,1,11,1
15959,5,2009120000653,2,3,27,6,5,1,2,CV-141,2.6,2,6,1,1,5,3,3,3,3,2,1,1,1,1,1,1,1,8,1,5,1,9,14,3,1,1,NaN,2,4,NaN,,NaN,,NaN,,NaN,NaN,NaN,NaN,1,4,1,1,2,1,1,1,1,1,1,1,1,1,1,1,1,1,1,2,1,1,787187.573,4476164.662,9.707,Cob,4646,0,0,2,22,7
15963,5,2009120000661,2,3,27,6,5,1,2,CV-10,24.1,24,1,0,1,5,3,2,3,3,2,2,2,2,2,2,7,7,8,1,5,1,9,14,1,1,1,NaN,2,3,NaN,,NaN,,NaN,,NaN,NaN,NaN,NaN,1,4,1,1,1,1,1,1,2,1,1,1,1,1,1,1,1,1,1,2,1,1,748549.546,4434731.799,115.746,Sec,16140,0,0,0,21,1