Id,Ano,Numero_Accidente,Provincia,Mes,Dia,Hora,Dia_Semana,Tipo_Dia,Vehiculos_Implicados,Carretera,Pk,Km,Hm,Sentido,Zona,Tipo_Via,Anchura_Calzada,Anchura_Carril,Marcas_Viales,Arcen,Arcen_Pavimentado,Mediana,Barrera_Seguridad,Paneles_Direccionales,Hitos_Arista,Captafaros,Interseccion_Tipo,Interseccion_Acondicionamiento,Prioridad_Regulada_por,Superficie,Luminosidad,Factores_Atmosfericos,Visibilidad_Restringida_por,Otras_Circunstancias,Senalizacion_Peligro,Aceras,Arboles,Arboles_Metros_Calzada,Visibilidad_Senalizacion_Vertical,Colision_Vehiculos_Marcha,Colision_Vehiculo_Obstaculo_1,Colision_Vehiculo_Obstaculo_2,Atropello_1,Atropello_2,Vuelco_1,Vuelco_2,Salida_Sin_Colision,Salida_Con_Colision,Lado_Salida,Otro,Circulacion,Circulacion_Medidas_Especiales,Distraccion,Inexperiencia_Conductor,Alcohol_Drogas,Cansancio_Sueno,Enfermedad,Velocidad_Inadecuada,Infraccion_Norma_Circulacion,Estado_Condicion_Via,Estado_Condicion_Senalizacion,Tramo_Obras,Mal_Estado_Vehiculo,Averia_Mecanica,Meteorologia_Adversa,Irrupcion_Animal,Circular_Sentido_Contrario,Otro_Factor,Sin_Opinion_Definida,Pendiente,Curvatura,Peralte,GPS_x,GPS_y,GPS_z,Tipo_Est,IMD,N_Muertos,N_Graves,N_Leves,Hora_Real,Fuera_o_Interseccion
15964,5,2009120000662,2,3,29,6,7,3,1,CV-195,13.5,13,5,1,1,5,2,2,3,1,2,1,2,2,1,1,7,7,8,3,3,4,9,14,1,1,1,NaN,2,NaN,NaN,,NaN,,NaN,,NaN,62,60,NaN,1,4,1,1,1,1,1,2,1,1,1,1,1,1,1,1,1,1,1,2,1,1,712969.403,4440768.244,474.104,Pri,816,0,0,0,21,5
15965,5,2009120000664,2,3,28,3,6,2,1,CV-10,13.8,13,8,1,1,5,3,2,3,4,2,2,2,2,2,2,7,7,8,1,1,1,9,14,1,1,1,NaN,2,NaN,NaN,,21,24,NaN,,NaN,NaN,NaN,NaN,1,4,1,1,1,1,1,1,1,1,1,1,1,1,1,2,1,1,1,2,1,1,769525.056,4479810.847,309.475,Sec,32979,0,0,0,7,1
15966,5,2009120000665,2,3,28,4,6,2,1,CV-10,44.7,44,7,0,1,5,3,2,3,4,2,2,2,2,2,2,5,1,8,1,1,1,9,14,1,1,1,NaN,2,NaN,NaN,,NaN,,NaN,,67,NaN,60,NaN,1,4,2,1,1,1,1,2,1,1,1,1,1,1,1,1,1,1,1,2,1,1,759138.295,4451214.962,256.605,NaN,0,0,0,0,13,6
15967,5,2009120000669,2,3,29,6,7,3,1,CV-151,0,0,0,0,1,5,3,2,3,3,2,2,2,1,2,2,7,7,8,3,3,4,9,14,1,1,1,NaN,2,NaN,NaN,,NaN,,NaN,,NaN,62,60,NaN,1,4,1,1,1,1,1,2,1,1,1,1,1,1,1,1,1,1,1,2,1,1,750409.039,4431869.906,49.267,Pri,24664,0,0,0,20,2
15968,5,2009120000670,2,3,26,3,4,1,1,CV-222,4,4,0,1,1,5,3,2,3,4,2,1,1,1,1,2,7,7,8,1,1,1,9,14,3,1,3,NaN,1,NaN,NaN,,NaN,,NaN,,NaN,53,50,NaN,1,4,1,1,1,1,1,1,2,1,1,1,1,1,1,1,1,1,1,2,1,1,744909.624,4421503.928,26.535,Cob,4811,0,0,0,7,1
15971,5,2009120000672,2,3,28,6,6,2,3,CV-10,22.3,22,3,1,1,5,3,1,3,4,2,2,2,2,2,2,7,7,8,3,5,4,9,14,1,1,1,NaN,2,5,NaN,,NaN,,NaN,,NaN,NaN,NaN,NaN,1,4,1,1,2,1,1,2,1,1,1,1,1,1,1,1,1,1,1,2,1,1,766222.231,4472218.667,216.226,Pri,19609,0,0,1,22,2
15973,5,2009120000673,2,3,30,6,1,4,2,CV-185,4,4,0,0,1,5,3,2,3,3,2,1,2,2,2,2,5,1,4,3,1,5,9,14,1,1,1,NaN,2,4,NaN,,NaN,,NaN,,NaN,NaN,NaN,NaN,1,4,2,1,1,1,1,1,1,1,1,1,1,1,1,1,1,1,1,2,2,2,749498.745,4420734.498,-1.389,Sec,12921,0,0,0,18,6
15974,5,2009120000675,2,3,31,4,2,1,1,CV-10,53,53,0,1,1,5,3,2,3,3,2,1,1,2,1,2,7,7,8,1,1,1,9,14,1,1,1,NaN,2,NaN,NaN,,NaN,,NaN,,56,NaN,50,NaN,1,4,1,1,1,1,1,2,1,1,1,1,1,1,1,1,1,1,1,2,1,1,756891.727,4444839.076,268.421,Cob,4322,0,0,1,11,5
15975,5,2009120000681,2,4,1,6,3,1,1,CV-20,15.1,15,1,1,1,5,3,2,4,2,2,1,2,2,2,2,7,7,8,1,5,1,9,14,1,1,1,NaN,2,NaN,NaN,,NaN,,NaN,,66,NaN,60,NaN,1,4,2,1,1,1,1,1,1,1,1,1,1,1,1,1,1,1,1,2,1,1,711477.91,4438157.114,432.638,Cob,2717,0,0,0,22,1
15978,5,2009120000704,2,4,3,3,5,1,2,CV-10,58.7,58,7,0,1,5,2,3,3,3,2,1,1,2,2,2,7,7,8,1,1,1,9,14,1,1,1,NaN,2,3,NaN,,NaN,,NaN,,NaN,NaN,NaN,NaN,1,4,1,1,1,1,1,1,2,1,1,1,1,1,1,1,1,1,1,2,1,1,763185.387,4463601.078,221.776,Cob,4322,0,0,4,8,1
15979,5,2009120000705,2,3,28,4,6,2,1,CV-124,1,1,0,0,1,5,2,3,3,1,2,1,1,1,2,1,7,7,5,3,1,4,2,4,2,1,1,NaN,1,NaN,NaN,,NaN,,NaN,,NaN,54,50,NaN,1,4,2,1,1,1,1,2,1,1,1,1,1,1,2,1,1,1,1,2,1,1,737625.704,4503798.327,666.962,Cob,804,0,0,1,12,3
15981,5,2009120000706,2,4,3,5,5,1,2,CV-191,1.6,1,6,1,1,5,3,2,3,3,2,1,1,1,2,2,1,1,8,1,1,1,9,14,3,1,1,NaN,2,1,NaN,,NaN,,NaN,,NaN,NaN,NaN,NaN,1,4,1,1,1,1,1,1,2,1,1,1,1,1,1,1,1,1,1,2,1,1,732674.39,4433557.448,154.659,Cob,5409,0,0,1,16,6
15983,5,2009120000711,2,4,3,3,5,1,2,CV-20,1.8,1,8,1,1,7,3,2,3,1,2,2,2,1,2,2,5,1,4,3,1,9,9,14,3,1,1,NaN,2,4,NaN,,NaN,,NaN,,NaN,NaN,NaN,NaN,1,4,1,1,1,1,1,1,1,1,1,1,1,1,1,1,1,1,2,2,1,1,704239.736,4443401.245,592.612,Sec,11385,0,0,0,9,7
15984,5,2009120000714,2,4,7,3,2,1,1,CV-10,29.8,29,8,1,1,5,3,2,3,4,2,2,2,1,2,1,7,7,8,3,1,5,4,13,2,1,3,NaN,2,NaN,NaN,,NaN,,NaN,,NaN,64,60,NaN,1,4,2,1,1,1,1,1,2,1,1,1,1,1,2,1,1,1,1,2,1,1,764031.226,4465579.512,188.148,Sec,16140,0,0,1,8,2
15986,5,2009120000724,2,4,7,3,2,1,2,CV-10,66,66,0,1,1,5,3,2,3,3,2,1,1,1,2,1,7,7,4,3,1,5,9,14,1,1,1,NaN,2,4,NaN,,NaN,,NaN,,NaN,NaN,NaN,NaN,1,4,1,1,1,1,1,1,2,1,1,1,1,1,1,1,1,1,1,2,1,2,748732.549,4435331.387,114.85,Cob,6888,0,0,0,8,1
15988,5,2009120000741,2,4,11,4,6,4,1,CV-215,3.3,3,3,0,1,5,2,2,3,3,2,1,2,2,1,1,7,7,8,3,1,4,9,14,1,1,3,NaN,2,NaN,NaN,,NaN,,NaN,,NaN,62,60,NaN,1,4,1,1,1,1,1,2,2,1,1,1,1,1,2,1,1,1,1,2,1,1,724527.939,4421520.868,580.899,Cob,771,0,0,0,12,5
15991,5,2009120000742,2,4,12,6,7,3,1,CV-190,22.6,22,6,1,1,5,2,2,3,1,2,1,2,2,1,1,7,7,5,1,1,1,2,14,2,1,1,NaN,1,NaN,NaN,,NaN,,NaN,,65,NaN,60,NaN,1,4,2,1,1,1,1,1,1,1,1,1,1,1,1,1,1,1,1,2,2,3,719093.142,4445754.449,845.498,Cob,234,0,0,4,17,3
15992,5,2009120000758,2,4,14,5,2,4,1,CV-10,24.6,24,6,0,1,5,3,2,3,4,2,2,2,1,2,1,7,7,8,1,1,1,9,14,3,1,1,NaN,1,NaN,NaN,,NaN,,NaN,,NaN,52,50,NaN,1,4,2,1,1,1,1,1,1,1,1,1,1,1,1,1,1,1,1,2,1,1,748679.551,4435209.682,119.897,Sec,16140,0,1,0,15,1
15994,5,2009120000760,2,4,14,6,2,1,2,CV-230,25.3,25,3,0,1,5,2,2,3,3,2,1,2,2,1,2,7,7,8,1,1,1,2,14,1,1,1,NaN,2,1,NaN,,NaN,,NaN,,NaN,NaN,NaN,NaN,1,4,2,1,1,1,1,1,1,1,1,1,1,1,1,1,1,1,1,2,1,2,739561.567,4408316.722,31.436,Cob,4372,0,1,1,18,4
15996,5,2009120000772,2,4,10,3,5,3,2,CV-190,17.8,17,8,0,1,5,3,2,3,1,2,1,1,2,1,1,7,7,5,3,1,4,9,14,1,1,1,NaN,2,2,NaN,,NaN,,NaN,,NaN,NaN,NaN,NaN,1,4,1,1,1,1,1,2,1,1,1,1,1,1,1,1,1,1,1,2,1,1,731099.542,4446612.609,644.13,Cob,234,0,0,1,10,2
15998,5,2009120000775,2,4,10,6,5,3,2,CV-10,7,7,0,0,1,5,3,2,3,3,2,2,2,1,2,2,5,1,4,1,1,1,9,14,3,1,1,NaN,1,2,NaN,,NaN,,NaN,,NaN,NaN,NaN,NaN,1,4,1,1,1,1,1,1,2,1,1,1,1,1,1,1,1,1,1,2,1,1,739854.648,4421630.71,77.611,Sec,30488,0,0,0,18,6
15999,5,2009120000777,2,4,12,1,7,3,1,CV-170,4.5,4,5,0,1,5,1,3,3,1,2,1,2,1,2,2,7,7,8,3,5,4,9,14,3,1,3,NaN,1,NaN,NaN,,21,24,NaN,,NaN,NaN,NaN,NaN,1,4,1,1,1,1,1,1,1,1,1,1,1,1,1,1,1,1,2,2,1,2,746108.233,4455444.034,338.507,Cob,2715,0,0,0,0,2
16001,5,2009120000779,2,4,14,6,2,1,1,CV-10,23,23,0,0,1,2,3,2,3,4,2,2,2,2,2,2,7,7,8,1,4,1,9,14,3,1,3,NaN,2,NaN,NaN,,21,24,NaN,,NaN,NaN,NaN,NaN,1,4,1,1,1,1,1,1,1,1,1,1,1,1,1,2,1,1,1,2,1,2,748230.862,4433595.044,92.248,Pri,19609,0,0,0,22,1
16002,5,2009120000780,2,4,17,5,5,1,1,CV-151,0,0,0,1,1,7,3,1,3,4,2,1,2,1,1,2,7,7,8,1,1,1,2,14,1,1,3,NaN,2,NaN,NaN,,NaN,,NaN,,NaN,64,60,NaN,1,4,1,1,1,1,1,2,1,1,1,1,1,1,1,1,1,1,1,2,2,1,748213.103,4433694.393,105.447,Pri,24664,0,0,1,16,3
16004,5,2009120000781,2,4,18,2,6,2,1,CV-10,30.8,30,8,0,1,5,3,2,3,4,2,2,1,1,2,1,7,7,8,1,5,1,9,14,1,1,1,NaN,2,NaN,NaN,,NaN,,NaN,,NaN,64,60,NaN,1,4,2,1,1,1,1,1,1,1,1,1,1,1,1,1,1,1,1,2,1,1,752864.715,4439288.307,201.842,Cob,15864,0,1,2,5,2
16008,5,2009120000787,2,4,19,4,7,3,2,CV-185,1.8,1,8,1,1,5,3,2,3,3,2,1,2,1,1,1,7,7,5,1,1,1,9,14,2,1,1,NaN,1,NaN,NaN,,NaN,,NaN,,NaN,54,50,NaN,1,4,1,1,1,1,1,1,1,1,1,1,1,1,1,1,1,2,1,2,1,1,749145.788,4421678.318,0.742,Sec,12921,0,0,1,13,1
16009,5,2009120000789,2,4,17,4,5,1,1,CV-25,28.6,28,6,1,1,5,2,3,2,1,2,1,2,1,1,1,7,7,8,1,5,1,2,2,1,1,1,NaN,2,NaN,NaN,,NaN,,NaN,,NaN,64,60,NaN,1,4,2,1,2,2,1,1,2,1,1,1,1,1,1,1,1,1,1,2,1,1,710664.314,4397209.303,265.799,Cob,297,0,0,0,12,5
16010,5,2009120000791,2,4,20,4,1,1,1,CV-195,13.9,13,9,1,1,5,2,2,3,3,2,1,2,1,1,1,7,7,8,1,1,1,9,14,2,1,1,NaN,1,NaN,NaN,,NaN,,NaN,,NaN,64,60,NaN,1,4,1,1,1,1,1,2,1,1,1,1,1,1,1,1,1,1,1,2,1,1,712861.404,4440421.791,456.08,Pri,816,0,0,1,13,3
16016,5,2009120000812,2,4,23,3,4,1,2,CV-149,0.5,0,5,1,1,5,3,2,3,3,2,2,2,1,1,1,7,7,8,1,1,1,9,14,3,1,1,NaN,1,NaN,30,29,NaN,,NaN,,NaN,NaN,NaN,NaN,1,4,2,1,1,1,1,1,2,1,1,1,1,1,1,1,1,1,1,2,1,1,756253.186,4435280.39,1.01,Sec,13870,0,0,1,9,2
16018,5,2009120000836,2,4,25,3,6,2,2,CV-222,4.9,4,9,0,1,5,2,3,3,3,2,1,1,1,1,2,1,1,3,1,1,1,9,14,1,1,3,NaN,2,2,NaN,,NaN,,NaN,,NaN,NaN,NaN,NaN,1,4,1,1,1,1,1,1,2,1,1,1,1,1,1,1,1,1,1,2,1,1,744221.646,4422007.296,33.358,Cob,4811,0,0,1,7,6
16020,5,2009120000838,2,4,26,6,7,3,2,CV-10,61.2,61,2,0,1,5,3,2,3,4,2,1,1,1,1,2,2,1,8,3,1,4,4,14,2,1,1,NaN,2,4,NaN,,NaN,,NaN,,NaN,NaN,NaN,NaN,1,4,1,1,1,1,1,2,1,1,1,1,1,1,1,1,1,1,1,2,1,1,764192.332,4465836.572,183.459,Cob,4322,0,0,0,17,7
16021,5,2009120000868,2,4,25,6,6,2,1,CV-10,44.5,44,5,0,1,5,3,2,3,1,2,2,1,2,1,1,7,7,8,1,1,1,9,14,2,1,1,NaN,1,NaN,NaN,,NaN,,NaN,,68,NaN,60,NaN,1,4,1,1,1,1,1,1,1,1,1,1,1,1,1,1,1,2,1,2,1,1,759141.897,4450917.284,254.839,NaN,0,0,0,0,17,3
16022,5,2009120000877,2,5,1,4,5,3,1,CV-10,10.3,10,3,0,1,5,3,2,3,4,2,2,2,1,2,1,7,7,8,1,1,1,9,14,3,1,1,NaN,2,NaN,NaN,,21,24,NaN,,NaN,NaN,NaN,NaN,1,4,1,1,1,1,1,1,1,1,1,1,1,1,1,2,1,2,1,2,1,2,740319.071,4424763.099,76.795,Sec,32979,0,0,0,13,2
16023,5,2009120000878,2,5,2,3,6,2,1,CV-20,40.8,40,8,0,1,5,2,2,3,3,2,1,2,2,2,1,7,7,8,1,1,1,9,14,1,1,3,NaN,2,NaN,NaN,,NaN,,NaN,,NaN,62,60,NaN,1,4,2,1,1,1,1,2,2,1,1,1,1,1,1,1,1,1,1,2,1,1,717026.329,4437699.947,399.451,Cob,596,0,0,1,10,5
16024,5,2009120000881,2,5,3,4,7,3,1,CV-223,2.4,2,4,0,1,5,2,2,3,3,2,1,1,2,1,1,7,7,8,1,1,1,9,14,1,1,1,NaN,1,NaN,NaN,,NaN,,NaN,,NaN,64,60,NaN,1,4,1,1,1,1,1,2,2,1,1,1,1,1,1,1,1,1,1,2,1,1,737577.786,4420130.186,151.526,Sec,3259,0,1,0,11,4
16026,5,2009120000882,2,5,2,6,6,1,2,CV-235,19,19,0,1,1,5,2,3,3,3,2,1,1,2,1,1,7,7,8,1,1,1,9,14,1,1,3,NaN,2,NaN,NaN,,NaN,,NaN,,NaN,61,60,NaN,1,4,1,1,1,1,1,1,1,1,1,1,1,1,1,1,1,2,1,2,2,1,699708.715,4419212.517,619.839,Cob,100,0,0,1,17,4
16028,5,2009120000900,2,5,5,6,2,1,2,CV-15,29.1,29,1,0,1,5,2,3,3,3,2,1,2,1,1,1,1,1,8,1,1,1,9,14,3,1,3,NaN,2,2,NaN,,NaN,,NaN,,NaN,NaN,NaN,NaN,1,4,1,1,1,1,1,1,2,1,1,1,1,1,1,1,1,1,1,2,1,1,753007.193,4468064.213,510.276,Per,0,0,0,2,18,6
16030,5,2009120000914,2,5,4,6,1,4,2,CV-17,3,3,0,0,1,5,2,2,3,3,2,1,2,1,1,1,5,1,4,1,1,1,9,14,1,1,1,NaN,1,4,NaN,,NaN,,NaN,,NaN,NaN,NaN,NaN,1,4,1,1,1,1,1,1,2,1,1,1,1,1,1,1,1,2,1,2,1,1,746158.147,4430952.221,70.583,Sec,19986,0,0,0,18,6
16032,5,2009120000916,2,5,6,4,3,1,2,CV-15,24.8,24,8,1,1,5,3,2,3,3,2,1,1,1,1,1,1,1,3,1,1,1,9,14,1,1,1,NaN,2,2,NaN,,NaN,,NaN,,NaN,NaN,NaN,NaN,1,4,1,1,1,1,1,1,2,1,1,1,1,1,1,1,1,1,1,2,1,2,742815.285,4479901.031,839.642,Per,0,0,0,0,11,6
16033,5,2009120000929,2,5,9,6,6,2,1,CV-235,9.4,9,4,1,1,5,2,3,3,1,2,1,2,2,1,1,7,7,8,1,1,1,2,14,3,1,3,NaN,2,NaN,NaN,,NaN,,NaN,,NaN,64,60,NaN,1,4,1,1,1,1,1,2,2,1,1,1,1,1,1,1,1,1,1,1,3,3,695832.131,4415980.518,909.088,Cob,789,0,0,0,17,5
16035,5,2009120000939,2,5,10,4,7,3,2,CV-194,6.4,6,4,0,1,5,2,2,3,3,2,1,2,2,1,1,7,7,5,1,1,1,9,14,2,1,1,NaN,1,2,NaN,,NaN,,NaN,,NaN,NaN,NaN,NaN,1,4,1,1,1,1,1,1,2,1,1,1,1,1,1,1,1,1,1,2,1,1,726890.346,4435328.516,244.805,Cob,1020,0,0,0,13,3
16036,5,2009120000957,2,5,13,4,3,1,1,CV-132,2.8,2,8,1,1,5,3,2,3,4,2,1,1,1,2,1,7,7,8,3,1,4,9,14,2,1,1,NaN,1,NaN,NaN,,NaN,,NaN,,NaN,63,60,NaN,1,4,2,1,1,1,1,2,1,1,1,1,1,1,1,1,1,1,1,2,1,1,769244.939,4486618.105,361.709,Sec,2555,0,1,0,13,2
16037,5,2009120000968,2,5,16,3,6,2,1,CV-20,36.5,36,5,0,1,5,2,2,3,1,2,1,1,2,1,1,7,7,8,1,1,1,2,14,2,1,1,NaN,1,NaN,NaN,,NaN,,NaN,,66,NaN,60,NaN,1,4,1,1,1,1,1,2,2,1,1,1,1,1,1,1,1,1,1,2,1,1,719691.899,4437780.349,329.528,Cob,596,0,0,1,10,5
16038,5,2009120000969,2,5,16,3,6,2,1,CV-245,25.5,25,5,1,1,5,2,3,3,1,2,1,1,1,1,1,7,7,8,1,1,1,2,14,3,1,1,NaN,2,NaN,NaN,,NaN,,NaN,,66,NaN,60,NaN,1,4,1,1,1,1,1,2,2,1,1,1,1,1,1,1,1,1,1,2,1,1,696979.057,4406012.303,726.647,Cob,871,0,0,1,10,5
16039,5,2009120000974,2,5,16,4,6,2,1,CV-166,0.8,0,8,0,1,5,2,2,3,1,2,1,1,1,1,1,7,7,8,1,1,1,9,14,2,1,1,NaN,1,NaN,NaN,,NaN,,NaN,,NaN,64,60,NaN,1,4,1,1,1,1,1,2,1,1,1,1,1,1,1,1,1,1,1,2,1,1,744812.191,4475183.965,696.036,Cob,1340,0,0,0,11,2
16040,5,2009120000975,2,5,17,3,7,3,1,CV-195,13.6,13,6,0,1,5,2,2,3,1,2,1,2,2,1,2,7,7,8,1,1,1,9,14,1,1,1,NaN,2,NaN,NaN,,NaN,,NaN,,NaN,54,50,NaN,1,4,1,1,1,1,1,2,1,1,1,1,1,1,1,1,1,1,1,2,1,1,706813.418,4431618.831,715.776,Pri,816,0,0,0,10,5
16041,5,2009120000991,2,5,17,5,7,3,1,CV-18,8,8,0,0,1,5,3,2,3,3,2,1,2,2,2,2,7,7,8,1,1,1,9,14,1,1,3,NaN,2,NaN,NaN,,NaN,,NaN,,NaN,53,50,NaN,1,4,1,1,1,1,2,1,1,1,1,1,1,1,1,1,1,1,1,2,1,1,750111.276,4421111.99,-5.581,Cob,12914,0,0,0,16,2
16043,5,2009120000992,2,5,18,6,1,1,2,CV-195,9,9,0,1,1,5,2,2,3,3,2,1,2,2,1,2,7,7,8,1,1,1,9,14,3,1,3,NaN,1,3,NaN,,NaN,,NaN,,NaN,NaN,NaN,NaN,1,4,1,1,1,1,1,1,2,1,1,1,1,1,1,1,1,1,1,2,1,1,714288.678,4443747.586,779.982,Pri,816,0,0,0,20,2
16045,5,2009120000993,2,5,19,2,2,1,2,CV-14,14.5,14,5,1,1,5,2,2,3,3,2,1,2,1,1,1,7,7,8,1,5,1,9,14,3,1,1,NaN,1,3,NaN,,NaN,,NaN,,NaN,NaN,NaN,NaN,1,4,1,1,1,1,1,1,1,1,1,1,1,1,1,1,1,1,2,2,1,2,739203.348,4510368.589,615.136,Pri,727,0,0,0,5,1
16050,5,2009120001014,2,5,19,4,2,1,2,CV-18,11.3,11,3,1,1,5,3,2,3,4,2,2,1,1,2,2,7,7,8,1,1,1,9,14,3,1,1,NaN,1,NaN,NaN,,NaN,,NaN,,NaN,NaN,NaN,71,1,4,2,1,1,1,1,1,1,1,1,1,1,1,1,1,1,1,1,2,1,1,751013.551,4424130.767,9.11,Cob,10337,0,0,0,14,1
16051,5,2009120001023,2,5,24,3,7,3,1,CV-10,57.8,57,8,1,1,5,3,2,3,3,2,1,1,1,2,1,7,7,8,3,1,4,9,14,2,1,1,NaN,1,NaN,NaN,,NaN,,NaN,,NaN,53,50,NaN,1,4,2,1,1,1,1,2,1,1,1,1,1,1,1,1,1,1,1,2,1,1,753994.048,4441085.692,218.086,Cob,4322,0,1,0,8,2
16052,5,2009120001024,2,5,21,5,4,1,1,CV-10,6.9,6,9,1,1,5,3,1,3,4,2,2,2,2,2,2,7,7,8,1,1,1,9,14,3,1,3,NaN,1,NaN,NaN,,NaN,,NaN,,NaN,53,50,NaN,1,4,1,1,1,1,1,1,1,1,1,1,1,2,1,1,1,1,1,2,1,1,771800.436,4485100.936,280.549,Sec,30488,0,0,1,16,1
16054,5,2009120001028,2,5,26,3,2,1,2,CV-15,33,33,0,0,1,5,3,3,3,3,2,1,1,1,2,1,7,7,8,1,1,1,9,14,2,1,1,NaN,1,3,NaN,,NaN,,NaN,,NaN,NaN,NaN,NaN,1,4,1,1,1,1,1,1,2,1,1,1,1,1,1,1,1,1,1,2,1,1,754073.283,4471148.409,513.516,Sec,1948,0,0,0,7,1
16055,5,2009120001029,2,5,24,6,7,3,1,CV-11,12.5,12,5,0,1,5,2,3,3,3,2,1,1,2,2,2,7,7,8,1,5,1,9,14,3,1,1,NaN,1,NaN,NaN,,21,24,NaN,,NaN,NaN,NaN,NaN,1,4,1,1,1,1,1,1,1,1,1,1,1,1,1,2,1,1,1,2,1,2,784515.262,4499388.033,207.458,Sec,3460,0,0,0,22,1
16057,5,2009120001035,2,5,28,3,4,1,2,CV-10,14.1,14,1,1,1,5,3,2,3,4,2,2,2,1,2,1,3,1,4,1,1,1,9,14,1,1,1,NaN,1,4,NaN,,NaN,,NaN,,NaN,NaN,NaN,NaN,1,4,2,1,1,1,1,1,2,1,1,1,1,1,1,1,1,1,1,2,1,1,769307.171,4479479.306,306.681,Sec,32979,0,0,1,7,6
16059,5,2009120001038,2,5,28,1,4,1,2,CV-25,30.3,30,3,1,1,5,2,2,3,3,2,1,2,1,1,1,7,7,8,1,5,1,9,14,1,1,1,NaN,1,2,NaN,,NaN,,NaN,,NaN,NaN,NaN,NaN,1,4,1,1,1,1,1,1,2,1,1,1,1,1,1,1,1,1,1,2,1,1,710310.812,4395715.318,199.575,Cob,297,0,0,0,1,4
16060,5,2009120001039,2,5,28,4,4,1,1,CV-10,12.6,12,6,0,1,5,3,1,3,3,2,1,1,2,1,1,3,1,4,1,1,1,9,14,1,1,1,NaN,2,NaN,NaN,,NaN,,NaN,,66,NaN,60,NaN,1,4,1,1,2,1,1,1,2,1,1,1,1,1,1,1,1,1,1,2,1,1,741627.754,4426699.456,71.165,Sec,32979,0,0,0,12,6
16061,5,2009120001040,2,5,27,4,3,1,1,CV-151,1,1,0,0,1,5,3,2,3,4,2,2,2,1,1,1,7,7,8,1,2,1,9,14,3,1,1,NaN,1,NaN,NaN,,21,24,NaN,,NaN,NaN,NaN,NaN,1,4,1,1,1,1,1,1,1,1,1,1,1,1,1,2,1,1,1,2,1,1,749151.068,4432614.59,91.947,Pri,24664,0,0,0,12,2
16062,5,2009120001041,2,5,28,1,4,1,1,CV-17,2.2,2,2,0,1,5,3,2,3,3,2,1,1,1,1,1,7,7,8,1,4,1,9,14,2,1,3,NaN,2,NaN,NaN,,21,24,NaN,,NaN,NaN,NaN,NaN,1,4,1,1,1,1,1,1,1,1,1,1,1,1,1,2,1,1,1,2,1,1,746939.113,4431085.218,67.316,Sec,19986,0,0,0,1,1
16063,5,2009120001043,2,5,29,4,5,1,1,CV-141,3,3,0,1,1,5,3,2,3,3,2,1,1,1,2,2,1,1,8,1,1,1,9,14,1,1,1,NaN,1,NaN,NaN,,NaN,,NaN,,NaN,64,60,NaN,1,4,2,1,1,1,1,1,1,1,1,1,1,1,1,1,1,1,1,2,1,1,786941.966,4476474.517,21.205,Cob,4646,0,0,0,11,6
16065,5,2009120001045,2,5,29,6,5,1,2,CV-16,2.7,2,7,0,1,5,3,1,3,2,2,2,2,2,2,2,5,1,4,1,1,1,9,14,1,1,3,NaN,2,NaN,NaN,,NaN,,NaN,,NaN,NaN,NaN,71,1,4,1,1,1,1,1,1,2,1,1,1,1,1,1,1,1,1,1,2,1,1,746849.443,4432506.277,85.118,Sec,14179,0,0,1,21,6
16066,5,2009120001046,2,5,30,1,6,2,1,CV-195,3.9,3,9,0,1,5,2,2,3,3,2,1,1,2,1,1,7,7,8,1,5,1,2,14,1,1,1,NaN,2,NaN,NaN,,NaN,,NaN,,NaN,52,50,NaN,1,4,1,1,2,1,1,2,1,1,1,1,1,1,1,1,1,1,1,2,1,1,707836.244,4424554.405,596.146,Cob,2622,0,0,1,1,5
16067,5,2009120001048,2,5,31,3,7,3,1,CV-195,20,20,0,0,1,5,2,3,3,1,2,1,2,2,1,2,7,7,8,1,1,1,2,14,3,1,1,NaN,2,NaN,NaN,,NaN,,NaN,,NaN,64,60,NaN,1,4,1,1,1,1,1,2,2,1,1,1,1,1,1,1,1,1,1,2,2,3,709673.015,4436131.017,532.699,Pri,816,0,1,0,10,5
16069,5,2009120001050,2,5,30,6,6,2,2,CV-195,0.3,0,3,0,1,5,2,2,3,3,2,1,2,2,2,1,7,7,8,1,1,1,9,14,1,1,3,NaN,2,1,NaN,,NaN,,NaN,,NaN,NaN,NaN,NaN,1,4,1,1,1,1,1,2,2,1,1,1,1,1,1,1,1,1,1,2,1,2,707552.98,4421622.12,492.524,Cob,2622,0,0,0,19,5
16070,5,2009120001052,2,5,27,4,3,1,1,CV-190,12.5,12,5,1,1,5,3,2,2,1,2,1,2,1,1,1,7,7,8,1,1,1,2,14,1,1,3,NaN,2,NaN,NaN,,NaN,,NaN,,NaN,64,60,NaN,1,4,1,1,1,1,1,1,2,1,1,1,1,1,1,1,1,1,1,2,1,1,713161.236,4449829.897,974.738,Cob,1954,0,0,0,12,4
16071,5,2009120001072,2,6,1,1,1,1,1,CV-15,5,5,0,1,1,5,3,2,3,1,2,1,2,1,1,1,7,7,8,1,5,1,9,14,1,1,1,NaN,2,NaN,NaN,,NaN,,NaN,,NaN,54,50,NaN,1,4,2,1,1,1,1,1,1,1,1,1,1,1,1,1,1,1,1,2,1,1,731668.472,4480536.84,1109.145,Cob,5696,0,0,0,3,1