Id,Ano,Numero_Accidente,Provincia,Mes,Dia,Hora,Dia_Semana,Tipo_Dia,Vehiculos_Implicados,Carretera,Pk,Km,Hm,Sentido,Zona,Tipo_Via,Anchura_Calzada,Anchura_Carril,Marcas_Viales,Arcen,Arcen_Pavimentado,Mediana,Barrera_Seguridad,Paneles_Direccionales,Hitos_Arista,Captafaros,Interseccion_Tipo,Interseccion_Acondicionamiento,Prioridad_Regulada_por,Superficie,Luminosidad,Factores_Atmosfericos,Visibilidad_Restringida_por,Otras_Circunstancias,Senalizacion_Peligro,Aceras,Arboles,Arboles_Metros_Calzada,Visibilidad_Senalizacion_Vertical,Colision_Vehiculos_Marcha,Colision_Vehiculo_Obstaculo_1,Colision_Vehiculo_Obstaculo_2,Atropello_1,Atropello_2,Vuelco_1,Vuelco_2,Salida_Sin_Colision,Salida_Con_Colision,Lado_Salida,Otro,Circulacion,Circulacion_Medidas_Especiales,Distraccion,Inexperiencia_Conductor,Alcohol_Drogas,Cansancio_Sueno,Enfermedad,Velocidad_Inadecuada,Infraccion_Norma_Circulacion,Estado_Condicion_Via,Estado_Condicion_Senalizacion,Tramo_Obras,Mal_Estado_Vehiculo,Averia_Mecanica,Meteorologia_Adversa,Irrupcion_Animal,Circular_Sentido_Contrario,Otro_Factor,Sin_Opinion_Definida,Pendiente,Curvatura,Peralte,GPS_x,GPS_y,GPS_z,Tipo_Est,IMD,N_Muertos,N_Graves,N_Leves,Hora_Real,Fuera_o_Interseccion
16073,5,2009120001073,2,5,28,5,4,1,2,CV-10,4.7,4,7,1,1,2,3,2,3,4,2,2,2,2,2,2,7,7,8,1,1,1,9,14,2,1,3,NaN,2,NaN,30,32,NaN,,NaN,,NaN,NaN,NaN,NaN,1,4,1,1,1,1,1,1,1,1,1,1,1,1,1,1,1,1,2,2,1,1,772961.798,4486200.933,306.473,Cob,27806,0,0,0,16,1
16078,5,2009120001075,2,6,2,3,2,1,5,CV-151,0.2,0,2,0,1,5,3,2,3,4,2,2,2,1,2,1,7,7,5,1,1,1,9,14,3,1,1,NaN,1,5,NaN,,NaN,,NaN,,NaN,NaN,NaN,NaN,2,4,1,1,1,1,1,1,2,1,1,1,1,1,1,1,1,1,1,2,2,1,749786.147,4432217.285,72.797,Pri,24664,0,0,0,9,2
16079,5,2009120001076,2,6,2,4,2,1,1,CV-20,43.7,43,7,0,1,5,2,2,3,3,2,1,2,2,1,1,7,7,8,1,1,1,2,14,1,1,1,NaN,2,NaN,NaN,,NaN,,NaN,,NaN,64,60,NaN,1,4,1,1,1,1,1,2,2,1,1,1,1,1,1,1,1,1,1,2,1,2,715448.619,4437772.285,370.879,Cob,596,0,0,1,11,4
16080,5,2009120001079,2,5,30,4,6,2,1,CV-230,12,12,0,0,1,5,2,2,3,2,2,1,2,1,1,1,7,7,8,1,1,1,9,14,3,1,1,NaN,1,NaN,NaN,,NaN,,NaN,,NaN,64,60,NaN,1,4,1,1,1,1,1,1,1,1,1,1,1,2,1,1,1,1,1,2,1,1,731053.584,4412075.365,337.131,Sec,2166,0,0,1,11,1
16081,5,2009120001091,2,6,5,1,5,1,1,CV-10,45.5,45,5,1,1,5,3,1,3,3,2,1,1,2,2,1,5,1,4,1,5,1,9,13,1,1,3,NaN,2,NaN,NaN,,NaN,,NaN,,NaN,62,60,NaN,1,4,1,1,2,1,1,2,1,1,1,1,1,1,1,1,1,1,1,2,1,1,759239.522,4451702.914,252.009,Cob,4322,0,0,1,4,6
16083,5,2009120001092,2,6,1,4,1,1,1,CV-18,6.3,6,3,1,1,5,3,2,3,3,2,1,1,2,1,1,7,7,8,1,1,1,9,14,1,1,3,NaN,1,NaN,NaN,,NaN,,NaN,,NaN,NaN,NaN,71,1,4,1,1,1,1,1,1,1,1,1,1,1,1,1,1,1,1,2,2,1,1,748617.511,4420339.273,1.316,Cob,12914,0,0,0,12,4
16085,5,2009120001093,2,6,5,4,5,1,2,CV-10,57.7,57,7,0,1,5,3,2,3,4,2,1,1,2,2,2,7,7,8,1,1,1,9,14,3,1,1,NaN,2,1,NaN,,NaN,,NaN,,NaN,NaN,NaN,NaN,1,4,1,1,1,1,1,2,1,1,1,1,1,1,1,1,1,1,1,2,1,1,762763.276,4462736.696,226.65,Cob,4322,0,0,0,14,2
16087,5,2009120001095,2,6,5,4,5,1,2,CV-10,57.7,57,7,0,1,5,3,2,3,3,2,1,1,2,2,2,7,7,8,1,1,1,9,14,3,1,1,NaN,2,1,NaN,,NaN,,NaN,,NaN,NaN,NaN,NaN,1,4,1,1,1,1,1,2,1,1,1,1,1,1,1,1,1,1,1,2,1,1,762763.276,4462736.696,226.65,Cob,4322,0,1,0,14,2
16089,5,2009120001101,2,6,3,3,3,1,2,CV-18,5.5,5,5,0,1,5,2,2,3,2,2,1,1,1,1,1,7,7,8,1,1,1,9,14,1,1,1,NaN,1,4,NaN,,NaN,,NaN,,NaN,NaN,NaN,NaN,1,4,2,1,1,1,1,1,1,1,1,1,1,1,1,1,1,1,1,2,1,1,750811.2,4423445.378,5.551,Cob,12914,0,0,0,7,2
16091,5,2009120001103,2,6,4,3,4,1,2,CV-10,33.8,33,8,0,1,5,3,2,3,3,2,1,1,1,1,1,7,7,5,1,1,1,9,8,2,1,1,NaN,2,2,NaN,,NaN,,NaN,,NaN,NaN,NaN,NaN,1,4,1,1,1,1,1,1,2,1,1,2,1,1,1,1,1,1,1,2,1,1,754604.395,4441809.343,257.705,Cob,15864,0,0,0,7,2
16092,5,2009120001107,2,6,8,4,1,1,1,CV-20,19.1,19,1,0,1,5,2,2,3,3,2,2,1,2,1,1,7,7,8,1,1,1,9,14,2,1,1,NaN,1,NaN,NaN,,NaN,,NaN,,66,NaN,60,NaN,1,4,1,1,1,1,1,1,1,1,1,1,1,1,1,1,1,2,1,2,1,2,729901.344,4431269.49,245.64,Cob,2717,0,0,2,12,2
16093,5,2009120001109,2,6,9,4,2,1,1,CV-14,26.3,26,3,0,1,5,2,2,3,3,2,1,1,2,1,1,7,7,8,1,1,1,2,14,1,1,1,NaN,2,NaN,NaN,,NaN,,NaN,,NaN,53,50,NaN,1,4,1,1,1,1,1,2,1,1,1,1,1,1,1,1,1,1,1,2,1,2,739805.943,4516030.212,561.606,Cob,713,0,0,1,12,4
16094,5,2009120001110,2,6,8,5,1,4,1,CV-25,36.5,36,5,0,1,5,2,2,3,3,2,1,1,1,1,2,5,1,4,8,1,1,9,14,3,1,1,NaN,1,NaN,NaN,,NaN,,12,9,NaN,NaN,NaN,NaN,1,4,1,1,1,1,1,1,1,2,1,1,1,1,1,1,1,1,1,2,1,1,713519.301,4414296.283,350.593,Pri,7650,0,0,0,15,6
16098,5,2009120001120,2,6,10,3,3,1,2,CV-149,1.4,1,4,1,1,5,3,2,3,3,2,2,1,1,1,1,7,7,8,1,1,1,9,14,3,1,1,NaN,2,4,NaN,,NaN,,NaN,,NaN,NaN,NaN,NaN,1,4,2,1,1,1,1,1,2,1,1,1,1,1,1,1,1,1,1,2,1,1,757109.091,4435253.355,-12.404,Sec,13870,0,0,3,10,1
16100,5,2009120001126,2,6,5,4,5,1,2,CV-20,2,2,0,0,1,5,3,2,3,2,2,1,2,2,2,2,5,1,4,1,1,1,9,14,1,1,3,NaN,2,NaN,NaN,,NaN,,NaN,,NaN,NaN,NaN,71,1,4,1,1,1,1,1,1,2,1,1,1,1,1,1,1,1,1,1,2,1,1,743433.493,4425972.056,50.83,Sec,11385,0,0,0,14,6
16101,5,2009120001152,2,6,14,3,7,3,1,CV-20,34.7,34,7,0,1,5,2,3,3,1,2,1,2,2,1,1,7,7,8,1,1,1,2,14,3,1,1,NaN,1,NaN,NaN,,NaN,,NaN,,67,NaN,60,NaN,1,4,1,1,1,1,1,2,2,1,1,1,1,1,1,1,1,1,1,2,2,3,720966.962,4437774.37,335.192,Cob,596,0,0,1,9,5
16103,5,2009120001155,2,6,11,3,4,1,2,CV-18,8.4,8,4,1,1,5,3,2,3,3,2,1,2,1,1,1,5,1,4,1,1,1,9,14,1,1,1,NaN,1,2,NaN,,NaN,,NaN,,NaN,NaN,NaN,NaN,1,4,1,1,1,1,1,1,2,1,1,1,1,1,1,1,1,1,1,2,1,1,750186.423,4421406.437,-0.681,Sec,12870,0,0,0,8,6
16104,5,2009120001156,2,6,11,4,4,1,1,CV-20,25.1,25,1,1,1,5,3,2,3,3,2,1,1,2,1,1,7,7,8,1,1,1,9,14,1,1,1,NaN,2,NaN,NaN,,NaN,,NaN,,NaN,54,50,NaN,1,4,1,1,1,2,1,1,1,1,1,1,1,1,1,1,1,1,1,2,1,1,717114.269,4437673.658,395.672,Cob,596,0,0,0,14,4
16106,5,2009120001172,2,6,17,3,3,1,2,CV-16,3.9,3,9,1,1,5,3,2,3,1,2,2,1,1,1,1,1,3,3,1,1,1,9,14,1,1,1,NaN,2,2,NaN,,NaN,,NaN,,NaN,NaN,NaN,NaN,1,4,1,1,1,1,1,1,2,1,1,1,1,1,1,1,1,1,1,2,1,2,742252.207,4436524.475,128.926,Sec,18979,0,0,0,10,6
16107,5,2009120001174,2,6,13,1,6,2,1,CV-190,0.1,0,1,0,1,5,3,2,3,3,2,1,2,2,1,1,5,1,5,1,1,1,9,14,1,1,1,NaN,2,NaN,NaN,,NaN,,NaN,,NaN,54,50,NaN,1,4,1,1,1,1,1,1,1,1,1,1,1,1,1,1,1,1,2,2,2,1,739571.513,4438768.646,192.831,Cob,5744,0,0,0,2,6
16108,5,2009120001185,2,6,20,3,6,2,1,CV-195,12.6,12,6,0,1,5,2,3,3,1,2,1,2,1,1,2,7,7,8,3,1,1,2,14,3,1,1,NaN,2,NaN,NaN,,NaN,,NaN,,NaN,52,50,NaN,1,4,1,1,1,1,1,2,2,1,1,1,1,1,1,1,1,1,1,2,1,1,706580.803,4430962.48,776.009,Pri,816,0,0,0,8,5
16110,5,2009120001186,2,6,21,3,7,3,2,CV-185,0.4,0,4,1,1,5,2,2,3,2,2,1,1,1,1,1,7,7,8,1,1,1,9,14,2,1,1,NaN,1,1,NaN,,NaN,,NaN,,NaN,NaN,NaN,NaN,1,4,1,1,1,2,1,1,1,1,1,1,1,1,1,1,1,1,1,2,2,1,749628.38,4420425.944,-4.224,Sec,12921,0,0,1,9,1
16111,5,2009120001187,2,6,21,4,7,3,1,CV-235,8.9,8,9,1,1,5,2,2,3,1,2,1,2,2,2,1,7,7,8,1,1,1,9,14,1,1,1,NaN,1,NaN,NaN,,NaN,,NaN,,66,NaN,60,NaN,1,4,1,1,1,1,1,2,2,1,1,1,1,1,1,1,1,1,1,2,2,1,695815.702,4415511.678,932.687,Cob,789,0,1,0,12,5
16112,5,2009120001190,2,6,20,3,6,2,1,CV-20,5.4,5,4,0,1,5,3,2,3,3,2,2,2,2,2,2,5,1,4,3,1,4,9,14,1,1,3,NaN,2,NaN,NaN,,NaN,,NaN,,NaN,53,50,NaN,1,4,2,1,1,2,1,1,1,1,1,1,1,1,1,1,1,1,1,2,1,1,740297.302,4426521.453,75.157,Pri,16862,0,0,0,7,6
16113,5,2009120001198,2,6,22,3,1,4,1,CV-10,44.6,44,6,1,1,5,2,2,3,3,2,1,1,2,2,2,5,1,4,1,1,1,9,14,1,1,3,NaN,2,NaN,NaN,,NaN,,NaN,,66,NaN,60,NaN,1,4,1,1,1,1,1,2,1,1,1,1,1,1,1,1,1,1,1,2,1,1,759341.162,4452582.962,252.516,NaN,0,0,0,0,10,6
16114,5,2009120001199,2,6,22,6,1,4,1,CV-222,0.7,0,7,0,1,5,2,2,3,3,2,1,1,2,1,1,7,7,8,1,1,1,9,14,1,1,1,NaN,2,NaN,NaN,,NaN,,NaN,,66,NaN,60,NaN,1,4,1,1,1,2,1,1,1,1,1,1,1,1,1,1,1,1,1,2,1,1,740352.662,4423422.238,72.012,Cob,4811,0,0,0,18,2
16115,5,2009120001200,2,6,20,3,6,2,1,CV-10,3,3,0,1,1,5,3,2,3,4,2,2,1,1,2,2,7,7,8,1,1,1,9,14,2,1,3,NaN,1,NaN,NaN,,NaN,,NaN,,NaN,54,50,NaN,1,4,1,1,1,1,1,1,1,1,1,1,1,1,1,1,1,1,2,2,1,2,773965.369,4487547.455,300.686,Cob,27806,0,0,0,9,1
16116,5,2009120001206,2,6,26,5,5,1,1,CV-222,7.8,7,8,0,1,5,2,3,3,3,2,1,1,1,1,1,7,7,8,1,1,1,9,14,3,1,1,NaN,1,NaN,NaN,,NaN,,NaN,,66,NaN,60,NaN,1,4,2,1,1,1,1,1,1,1,1,1,1,1,1,1,1,1,1,2,2,2,746620.966,4420811.72,14.4,Cob,8830,0,2,0,16,1
16117,5,2009120001208,2,6,27,4,6,2,1,CV-10,26.1,26,1,0,1,5,3,1,3,5,2,2,2,2,2,2,7,7,8,1,1,1,9,14,3,1,1,NaN,1,NaN,NaN,,NaN,,NaN,,NaN,64,60,NaN,1,4,2,1,1,1,1,1,1,1,1,1,1,1,1,1,1,1,1,2,1,1,749693.537,4436143.609,139.102,Sec,16140,0,0,2,12,1
16119,5,2009120001209,2,6,28,4,7,3,2,CV-15,49.2,49,2,0,1,5,3,2,3,3,2,2,2,1,2,1,7,7,8,1,1,1,9,14,1,1,1,NaN,2,2,NaN,,NaN,,NaN,,NaN,NaN,NaN,NaN,1,4,2,1,2,1,1,1,2,1,1,1,1,1,1,1,1,1,1,2,2,3,742733.439,4480504.886,865.743,Cob,1624,0,0,0,11,3
16120,5,2009120001210,2,6,29,1,1,3,1,CV-190,4.9,4,9,1,1,5,3,2,3,3,2,1,2,1,2,2,7,7,8,1,5,1,9,14,3,1,1,NaN,1,NaN,NaN,,NaN,,NaN,,NaN,54,50,NaN,1,4,1,1,2,1,1,1,1,1,1,1,1,1,1,1,1,1,1,2,1,1,708816.266,4450581.136,980.853,Cob,5744,0,0,0,1,1
16121,5,2009120001216,2,6,28,4,7,3,1,CV-190,3.1,3,1,0,1,5,2,2,3,3,2,1,1,1,1,1,7,7,8,1,1,1,9,14,2,1,1,NaN,2,NaN,NaN,,NaN,,NaN,,66,NaN,60,NaN,1,4,1,2,1,1,1,1,1,1,1,1,1,1,1,1,1,1,1,2,2,2,738329.574,4440632.238,226.445,Cob,5744,0,0,1,14,3
16123,5,2009120001222,2,6,30,5,2,1,2,CV-151,2.1,2,1,0,1,5,3,2,3,4,2,1,1,1,2,2,5,6,4,1,1,1,9,14,3,1,3,NaN,2,2,NaN,,NaN,,NaN,,NaN,NaN,NaN,NaN,1,4,1,2,1,1,1,1,2,1,1,1,1,1,1,1,1,1,1,2,1,1,748490.266,4433478.29,101.63,NaN,0,0,0,0,15,6
16124,5,2009120001226,2,7,5,4,7,3,1,CV-235,8.1,8,1,0,1,5,2,2,3,1,2,1,2,2,1,1,7,7,8,1,1,1,2,14,2,1,1,NaN,1,NaN,NaN,,NaN,,NaN,,56,NaN,50,NaN,1,4,2,1,1,1,1,2,1,1,1,1,1,1,1,1,1,1,1,2,1,2,699749.383,4419315.378,615.275,Cob,789,0,0,1,11,4
16126,5,2009120001227,2,7,5,3,7,3,2,CV-20,4.5,4,5,1,1,5,3,2,3,4,2,2,1,1,2,2,5,1,4,1,1,1,9,14,1,1,1,NaN,2,2,NaN,,NaN,,NaN,,NaN,NaN,NaN,NaN,1,4,1,1,1,1,1,1,2,1,1,1,1,1,1,1,1,1,1,2,1,1,705737.012,4441908.829,626.883,Pri,16862,0,0,0,10,6
16127,5,2009120001236,2,7,4,6,6,2,1,CV-16,3.3,3,3,0,1,5,3,2,3,4,2,2,1,1,2,2,5,1,8,1,3,1,9,14,1,1,3,NaN,2,NaN,NaN,,NaN,,12,9,NaN,NaN,NaN,NaN,1,4,1,1,2,1,1,1,1,1,1,1,1,1,1,1,1,1,1,2,2,2,746353.548,4432776.167,97.465,Sec,18979,0,0,0,21,6
16128,5,2009120001242,2,7,6,5,1,1,1,CV-160,7.5,7,5,0,1,5,1,3,3,1,2,1,2,2,2,2,7,7,8,1,1,1,9,4,1,1,1,NaN,2,NaN,NaN,,NaN,,12,9,NaN,NaN,NaN,NaN,1,4,2,1,1,1,1,1,1,1,1,1,1,1,1,1,1,1,1,2,1,2,747125.482,4441407.564,244.968,Cob,1240,0,0,1,16,4
16130,5,2009120001272,2,7,10,6,5,1,2,CV-10,19,19,0,1,1,5,3,2,3,2,2,2,2,1,1,1,5,2,5,1,1,1,9,14,1,1,3,NaN,2,3,NaN,,NaN,,NaN,,NaN,NaN,NaN,NaN,1,4,2,1,1,1,1,1,2,1,1,1,1,1,1,1,1,1,1,2,1,1,767193.852,4475381.239,242.687,Pri,19609,0,0,1,18,6
16132,5,2009120001276,2,7,11,4,6,2,1,CV-20,48.8,48,8,0,1,5,3,2,3,1,2,1,1,2,1,1,7,7,8,1,1,1,9,14,3,1,1,NaN,1,NaN,NaN,,NaN,,NaN,,NaN,62,60,NaN,1,4,1,1,1,1,1,2,1,1,1,1,1,1,1,1,1,1,1,2,2,2,712478.23,4438930.465,443.311,Cob,596,0,1,0,11,2
16133,5,2009120001277,2,7,11,4,6,2,1,CV-10,3.9,3,9,0,1,5,3,2,2,1,2,1,1,1,1,1,7,7,8,1,1,1,9,14,1,1,3,NaN,2,NaN,NaN,,NaN,,NaN,,NaN,NaN,NaN,71,1,4,1,1,1,1,1,1,1,1,1,1,1,1,1,2,1,1,1,2,1,1,740103.617,4418648.951,61.689,Cob,27806,0,0,1,12,1
16134,5,2009120001278,2,7,12,1,7,3,1,CV-15,70.5,70,5,0,1,5,3,2,3,3,2,1,1,1,2,2,7,7,8,1,5,1,9,14,3,1,1,NaN,1,NaN,NaN,,NaN,,NaN,,NaN,61,60,NaN,1,4,2,1,2,2,1,1,1,1,1,1,1,1,1,1,1,1,1,2,1,1,730086.866,4481832.364,1156.151,Cob,1190,0,0,1,3,1
16136,5,2009120001279,2,7,12,4,7,3,2,CV-195,9,9,0,0,1,5,2,3,3,3,2,1,1,2,1,1,7,7,8,1,1,1,9,14,2,1,3,NaN,1,2,NaN,,NaN,,NaN,,NaN,NaN,NaN,NaN,1,4,1,1,1,1,1,1,2,1,1,1,1,1,1,1,1,1,1,2,1,1,706741.44,4428227.123,801.17,Pri,816,0,1,1,12,3
16138,5,2009120001280,2,7,12,6,7,3,2,CV-141,4,4,0,0,1,5,3,2,3,1,2,1,1,1,1,1,1,1,8,1,4,1,9,14,2,1,1,NaN,1,2,NaN,,NaN,,NaN,,NaN,NaN,NaN,NaN,1,4,1,1,1,1,1,1,2,1,1,1,1,1,1,1,1,1,1,2,1,1,787979.063,4474877.394,-2.472,Cob,4646,0,1,0,22,7
16140,5,2009120001289,2,7,13,5,1,4,2,CV-141,2.8,2,8,1,1,5,2,2,3,1,2,1,1,1,2,2,7,7,8,1,1,1,9,14,3,1,1,NaN,1,2,NaN,,NaN,,NaN,,NaN,NaN,NaN,NaN,1,4,1,1,1,1,1,1,2,1,1,1,1,1,1,1,1,1,1,2,1,1,787065.235,4476318.771,14.819,Cob,4646,0,0,0,16,1
16141,5,2009120001291,2,7,9,4,4,1,1,CV-165,6.8,6,8,0,1,5,2,2,2,3,2,1,2,1,1,2,7,7,8,3,1,3,9,14,3,1,1,NaN,1,NaN,NaN,,NaN,,NaN,,66,NaN,60,NaN,1,4,1,1,1,1,1,1,1,1,1,1,1,1,1,1,1,2,1,2,2,1,740923.532,4446311.274,411.047,Cob,1126,0,0,0,12,2
16142,5,2009120001293,2,7,13,4,1,1,1,CV-222,6.5,6,5,1,1,5,3,2,3,3,2,1,1,1,2,2,7,7,8,1,1,1,9,14,2,1,1,NaN,1,NaN,NaN,,NaN,,NaN,,NaN,NaN,NaN,71,1,4,1,1,1,1,1,1,1,1,1,1,1,2,1,1,1,1,1,2,1,1,742779.258,4422436.734,45.58,Cob,4811,0,0,0,14,1
16144,5,2009120001301,2,7,17,6,5,1,2,CV-15,12.9,12,9,0,1,5,2,2,4,3,2,2,2,1,1,1,5,2,5,1,1,1,9,14,1,1,1,NaN,2,3,NaN,,NaN,,NaN,,NaN,NaN,NaN,NaN,1,4,2,1,1,1,1,1,1,1,1,1,1,1,1,1,1,1,1,2,1,2,750103.422,4453818.207,272.347,Cob,5471,0,1,0,20,6
16145,5,2009120001308,2,7,18,6,6,2,1,CV-230,15.1,15,1,0,1,5,2,2,3,3,2,1,1,2,1,1,7,7,5,1,1,1,9,14,2,1,1,NaN,2,NaN,NaN,,NaN,,NaN,,NaN,61,60,NaN,1,4,2,2,1,1,1,1,1,1,1,1,1,1,1,1,1,1,1,2,1,1,733137.629,4412696.668,190.297,Sec,2166,0,0,1,20,4
16147,5,2009120001311,2,7,17,6,5,1,2,CV-20,4.2,4,2,1,1,5,3,2,3,3,2,1,1,1,1,2,5,1,4,1,1,1,9,14,3,1,1,NaN,2,3,NaN,,NaN,,NaN,,NaN,NaN,NaN,NaN,1,4,1,1,1,1,1,1,2,1,1,1,1,1,1,1,1,1,1,2,1,1,705565.444,4441836.509,623.544,Pri,16862,0,0,0,17,6
16150,5,2009120001318,2,7,19,3,7,3,3,CV-230,25.5,25,5,0,1,5,2,2,3,3,2,1,2,2,1,1,7,7,8,1,1,1,2,14,1,1,1,NaN,2,4,NaN,,NaN,,NaN,,NaN,NaN,NaN,NaN,1,4,2,1,1,1,1,1,2,1,1,1,1,1,1,1,1,1,1,2,1,1,739654.685,4408279.821,25.333,Cob,4372,0,0,0,10,2
16152,5,2009120001330,2,7,22,6,3,1,2,CV-141,3,3,0,0,1,5,2,2,3,3,2,1,1,1,2,2,7,7,8,1,5,1,9,14,3,1,1,NaN,1,4,NaN,,NaN,,NaN,,NaN,NaN,NaN,NaN,1,4,2,1,1,1,1,1,1,1,1,1,1,1,1,1,1,1,1,2,1,1,787512.409,4475751.259,10.093,Cob,4646,0,0,1,22,1
16155,5,2009120001332,2,7,23,6,4,1,3,CV-141,4.3,4,3,1,1,5,2,2,3,3,2,1,1,1,1,1,1,1,8,1,1,1,9,14,2,1,1,NaN,1,4,NaN,,NaN,,NaN,,NaN,NaN,NaN,NaN,1,4,2,1,1,1,1,1,2,1,1,1,1,1,1,1,1,1,1,2,1,1,785960.365,4477265.469,29.056,Cob,4646,0,0,2,19,7
16158,5,2009120001336,2,7,21,6,2,1,2,CV-10,19,19,0,1,1,5,3,2,3,3,2,2,2,2,2,2,5,1,4,1,1,1,9,14,1,1,3,NaN,2,2,NaN,,NaN,,NaN,,NaN,NaN,NaN,NaN,1,4,1,1,1,1,1,1,2,1,1,1,1,1,1,1,1,1,1,2,1,1,767193.852,4475381.239,242.687,Pri,19609,0,0,0,20,6
16159,5,2009120001337,2,7,25,2,6,2,1,CV-18,1.1,1,1,0,1,5,1,3,3,4,2,2,1,2,1,1,5,2,8,1,3,1,9,14,3,1,1,NaN,1,NaN,NaN,,NaN,,NaN,,58,NaN,50,NaN,1,4,1,1,2,1,1,1,1,1,1,1,1,1,1,1,1,1,1,2,1,1,751403.532,4427333.158,18.349,Pri,24712,0,0,0,5,6
16160,5,2009120001338,2,7,26,6,7,3,1,CV-20,27.5,27,5,1,1,5,2,2,3,1,2,1,2,2,1,1,7,7,8,1,5,1,9,14,1,1,1,NaN,2,NaN,NaN,,NaN,,NaN,,NaN,62,60,NaN,1,4,2,1,1,1,1,2,1,1,1,1,1,1,1,1,1,1,1,2,1,2,718355.154,4437984.387,375.038,Cob,596,0,0,1,22,5
16161,5,2009120001346,2,7,28,2,2,1,1,CV-10,0.5,0,5,0,1,5,3,2,3,4,2,2,2,2,2,2,7,7,8,1,1,1,9,14,3,1,1,NaN,1,NaN,NaN,,NaN,,NaN,,NaN,64,60,NaN,1,4,2,1,1,1,1,1,1,1,1,1,1,1,1,1,1,1,1,2,1,2,742299.85,4416297.82,7.875,Sec,27461,0,1,0,5,1
16163,5,2009120001349,2,7,22,6,3,1,2,CV-151,0.1,0,1,1,1,5,3,2,3,3,2,2,1,1,1,1,5,1,8,1,1,1,9,14,3,1,1,NaN,2,3,NaN,,NaN,,NaN,,NaN,NaN,NaN,NaN,1,4,1,1,1,1,1,1,2,1,1,1,1,1,1,1,1,1,1,2,2,1,748213.102,4433603.176,103.192,Pri,24664,0,0,0,19,6
16165,5,2009120001350,2,7,25,2,6,2,1,CV-149,3,3,0,0,1,5,3,2,3,4,2,2,1,1,1,1,7,7,8,1,3,1,9,14,3,1,1,NaN,1,NaN,NaN,,NaN,,NaN,,NaN,64,60,NaN,1,4,1,1,1,2,1,1,1,1,1,1,1,1,1,1,1,1,1,2,1,1,757025.232,4435278.369,-8.024,Sec,13870,0,0,0,5,1
16168,5,2009120001365,2,8,2,1,7,3,1,CV-10,77.5,77,5,1,1,5,3,2,3,3,2,1,1,1,2,2,7,7,8,1,5,1,9,14,3,1,1,NaN,1,NaN,NaN,,21,24,NaN,,NaN,NaN,NaN,NaN,1,4,1,1,1,1,1,1,1,1,1,1,1,1,1,2,1,1,1,2,1,2,742081.876,4426939.831,68.174,Pri,2998,0,0,0,23,1
16170,5,2009120001373,2,8,5,1,3,1,1,CV-190,23.5,23,5,0,1,5,1,3,3,3,2,1,2,2,2,2,7,7,8,1,5,1,9,14,1,1,1,NaN,2,NaN,NaN,,NaN,,NaN,,NaN,64,60,NaN,1,4,2,1,1,1,1,1,1,1,1,1,1,1,1,1,1,1,1,2,1,1,727679.09,4447178.08,864.052,Cob,234,0,0,0,2,4
16172,5,2009120001375,2,8,5,6,3,1,2,CV-135,21.3,21,3,0,1,5,2,3,3,1,2,1,1,1,1,1,7,7,8,1,1,1,9,14,1,1,1,NaN,2,3,NaN,,NaN,,NaN,,NaN,NaN,NaN,NaN,1,4,2,1,1,1,1,1,1,1,1,1,1,1,1,1,1,1,1,2,1,1,789362.327,4481190.452,6.158,Pri,3137,0,0,2,18,1
16173,5,2009120001377,2,8,3,6,1,4,1,CV-121,9.6,9,6,1,1,5,2,2,3,1,2,1,1,2,2,2,7,7,8,1,5,1,9,14,1,1,1,NaN,2,NaN,NaN,,NaN,,NaN,,NaN,52,50,NaN,1,4,1,1,1,1,1,2,1,1,1,1,1,1,1,1,1,1,1,2,1,1,725380.697,4499576.382,919.864,Cob,190,0,0,1,21,5
16174,5,2009120001384,2,8,4,3,2,1,1,CV-16,6.2,6,2,0,1,5,2,2,2,3,2,1,2,1,2,2,7,7,8,1,1,1,9,14,3,1,1,NaN,1,NaN,NaN,,NaN,,NaN,,NaN,64,60,NaN,1,4,2,1,1,1,1,1,1,1,1,1,1,1,1,1,1,1,1,2,1,2,744102.365,4434359.515,155.997,Sec,18979,0,0,0,9,1
16175,5,2009120001385,2,8,6,6,4,1,1,CV-14,28,28,0,1,1,5,2,3,3,1,2,1,1,1,1,1,7,7,8,3,1,5,2,14,3,1,1,NaN,2,NaN,NaN,,NaN,,NaN,,NaN,63,60,NaN,1,4,1,1,1,1,1,2,1,1,1,1,1,1,1,1,1,1,1,2,1,1,742599.281,4500774.994,746.883,Cob,713,0,0,2,19,4
16178,5,2009120001387,2,8,8,1,6,2,1,CV-141,0,0,0,1,1,5,2,2,3,1,2,1,1,2,2,2,5,6,8,1,3,1,2,14,1,1,3,NaN,2,NaN,NaN,,NaN,,NaN,,NaN,53,50,NaN,1,4,1,1,1,1,1,2,1,1,1,1,1,1,1,1,1,1,1,2,1,1,788413.217,4473920.958,-12.052,Cob,4646,0,0,3,2,6
16180,5,2009120001391,2,8,9,1,7,3,2,CV-215,0.4,0,4,0,1,5,2,3,3,1,2,1,2,2,1,1,7,7,8,1,4,9,9,14,1,1,3,NaN,2,NaN,NaN,,21,21,NaN,,NaN,NaN,NaN,NaN,1,4,2,1,2,1,1,1,2,1,1,1,1,1,1,1,1,1,1,2,1,1,726199.128,4422124.635,446.126,Cob,771,0,0,2,4,5