Id,Ano,Numero_Accidente,Provincia,Mes,Dia,Hora,Dia_Semana,Tipo_Dia,Vehiculos_Implicados,Carretera,Pk,Km,Hm,Sentido,Zona,Tipo_Via,Anchura_Calzada,Anchura_Carril,Marcas_Viales,Arcen,Arcen_Pavimentado,Mediana,Barrera_Seguridad,Paneles_Direccionales,Hitos_Arista,Captafaros,Interseccion_Tipo,Interseccion_Acondicionamiento,Prioridad_Regulada_por,Superficie,Luminosidad,Factores_Atmosfericos,Visibilidad_Restringida_por,Otras_Circunstancias,Senalizacion_Peligro,Aceras,Arboles,Arboles_Metros_Calzada,Visibilidad_Senalizacion_Vertical,Colision_Vehiculos_Marcha,Colision_Vehiculo_Obstaculo_1,Colision_Vehiculo_Obstaculo_2,Atropello_1,Atropello_2,Vuelco_1,Vuelco_2,Salida_Sin_Colision,Salida_Con_Colision,Lado_Salida,Otro,Circulacion,Circulacion_Medidas_Especiales,Distraccion,Inexperiencia_Conductor,Alcohol_Drogas,Cansancio_Sueno,Enfermedad,Velocidad_Inadecuada,Infraccion_Norma_Circulacion,Estado_Condicion_Via,Estado_Condicion_Senalizacion,Tramo_Obras,Mal_Estado_Vehiculo,Averia_Mecanica,Meteorologia_Adversa,Irrupcion_Animal,Circular_Sentido_Contrario,Otro_Factor,Sin_Opinion_Definida,Pendiente,Curvatura,Peralte,GPS_x,GPS_y,GPS_z,Tipo_Est,IMD,N_Muertos,N_Graves,N_Leves,Hora_Real,Fuera_o_Interseccion
16182,5,2009120001394,2,8,8,3,6,2,1,CV-149,3.5,3,5,0,1,5,3,2,3,4,2,2,2,1,1,2,7,7,8,1,2,1,9,14,3,1,3,NaN,1,NaN,NaN,,NaN,,NaN,,NaN,51,50,NaN,1,4,1,1,1,1,1,1,1,1,1,1,1,1,1,2,1,1,1,2,1,2,756540.604,4435385.784,-0.199,Sec,13870,0,0,3,7,1
16183,5,2009120001398,2,8,10,5,1,1,1,CV-14,13.6,13,6,1,1,5,2,3,3,3,2,1,1,2,2,2,7,7,8,1,1,1,2,14,3,1,3,NaN,1,NaN,NaN,,NaN,,NaN,,NaN,54,50,NaN,1,4,1,1,1,1,1,2,1,1,1,1,1,1,1,1,1,1,1,2,1,1,739168.168,4511117.609,618.702,Pri,727,1,0,0,15,2
16184,5,2009120001401,2,8,10,3,1,4,1,CV-245,21.6,21,6,0,1,5,2,3,3,2,2,1,1,2,1,1,1,1,3,1,1,1,9,14,3,1,1,NaN,1,NaN,NaN,,NaN,,NaN,,NaN,61,60,NaN,1,4,1,1,1,1,1,1,2,1,1,1,1,1,1,2,1,1,1,2,1,1,701301.597,4410455.036,830.483,Cob,871,0,0,1,7,6
16186,5,2009120001404,2,8,7,6,5,1,2,CV-15,29.1,29,1,0,1,5,2,2,3,3,2,1,1,1,1,2,7,7,8,1,1,1,9,14,3,1,3,NaN,1,3,NaN,,NaN,,NaN,,NaN,NaN,NaN,NaN,1,4,1,1,1,1,1,1,1,1,1,1,1,1,1,1,1,1,2,2,1,1,753007.193,4468064.213,510.276,Per,0,0,0,0,19,1
16188,5,2009120001405,2,8,9,3,7,3,2,CV-148,6.5,6,5,1,1,5,1,3,1,1,2,1,1,1,1,1,7,7,8,1,1,1,2,14,1,1,3,NaN,2,3,NaN,,NaN,,NaN,,NaN,NaN,NaN,NaN,1,4,1,1,1,1,1,2,2,1,1,1,1,1,1,1,1,1,1,2,1,1,764302.541,4445107.101,60.161,NaN,0,0,0,1,10,4
16190,5,2009120001415,2,8,14,1,5,1,1,CV-149,2.4,2,4,1,1,5,3,2,3,3,2,2,1,2,1,1,7,7,8,1,3,1,9,14,3,1,1,NaN,1,NaN,NaN,,NaN,,NaN,,66,NaN,60,NaN,1,4,1,1,1,1,1,2,1,1,1,1,1,1,1,1,1,1,1,2,1,1,757833.866,4435560.283,-12.325,Sec,13870,0,1,0,0,1
16191,5,2009120001416,2,8,14,2,5,1,1,CV-135,19.1,19,1,0,1,5,2,2,3,1,2,1,1,2,2,2,7,7,8,1,3,1,9,14,1,1,1,NaN,2,NaN,NaN,,NaN,,NaN,,NaN,61,60,NaN,1,4,1,1,1,1,1,2,1,1,1,1,1,1,1,1,1,1,1,2,1,1,787690.816,4482527.31,34.371,Pri,3137,0,0,2,5,2
16192,5,2009120001420,2,8,14,2,5,1,1,CV-20,6.3,6,3,0,1,5,3,2,3,3,2,2,2,1,1,2,5,6,4,1,2,1,9,14,1,2,1,NaN,2,NaN,NaN,,NaN,,NaN,,NaN,NaN,NaN,71,1,4,1,1,1,2,1,2,1,1,1,1,1,1,1,1,1,1,1,2,1,1,739441.759,4426712.646,87.327,Pri,16862,0,1,0,6,7
16193,5,2009120001424,2,8,13,6,4,1,1,CV-235,8.9,8,9,0,1,5,2,3,3,3,2,1,2,2,1,1,7,7,8,1,1,1,9,14,1,1,3,NaN,2,NaN,NaN,,NaN,,NaN,,NaN,64,60,NaN,1,4,1,1,1,1,1,2,1,1,1,1,1,1,1,1,1,1,1,2,1,1,699289.399,4419004.276,619.68,Cob,789,0,0,1,17,5
16194,5,2009120001426,2,8,15,4,6,3,1,CV-235,4.6,4,6,0,1,5,2,3,3,1,2,1,1,2,1,1,7,7,8,1,1,1,2,14,2,1,1,NaN,1,NaN,NaN,,NaN,,NaN,,NaN,61,60,NaN,1,4,2,1,1,1,1,2,2,1,1,1,1,1,1,1,1,1,1,2,1,3,701493.226,4420944.46,636.964,Cob,789,0,0,0,11,3
16195,5,2009120001433,2,8,14,3,5,1,1,CV-16,3,3,0,0,1,5,3,2,3,4,2,2,2,2,2,2,5,1,4,1,1,1,9,14,1,1,3,NaN,2,NaN,NaN,,NaN,,12,9,NaN,NaN,NaN,NaN,1,4,1,2,1,1,1,1,1,1,1,1,1,1,1,1,1,1,1,2,1,1,746595.303,4432661.54,91.142,Sec,18979,0,0,1,9,6
16198,5,2009120001437,2,8,14,5,5,2,1,CV-10,19.3,19,3,1,1,5,2,2,3,2,2,1,2,1,1,1,7,7,8,1,1,1,9,14,3,1,1,NaN,1,NaN,NaN,,NaN,,NaN,,66,NaN,60,NaN,1,4,1,1,1,1,1,1,1,1,1,1,1,1,1,1,1,2,1,2,1,1,767087.137,4474999.499,232.698,Pri,19609,0,0,0,16,1
16199,5,2009120001440,2,8,14,1,5,1,1,CV-197,6.6,6,6,1,1,5,1,3,2,1,2,1,1,1,1,1,7,7,8,1,4,1,9,14,2,1,1,NaN,1,NaN,NaN,,NaN,,NaN,,NaN,54,50,NaN,1,4,2,1,1,2,1,1,1,1,1,1,1,1,1,1,1,1,1,2,2,1,717051.325,4452302.162,973.878,Cob,113,0,0,1,0,3
16200,5,2009120001444,2,8,15,3,6,3,1,CV-10,4,4,0,1,1,5,3,2,3,4,2,2,2,2,2,2,7,7,8,1,1,1,9,14,3,1,1,NaN,2,NaN,NaN,,21,24,NaN,,NaN,NaN,NaN,NaN,1,4,1,1,1,1,1,1,1,1,1,1,1,1,1,1,1,2,1,2,1,1,773293.758,4486687.025,297.388,Cob,27806,0,0,0,10,1
16204,5,2009120001447,2,8,20,4,4,1,2,CV-148,8,8,0,0,1,5,1,3,1,2,1,1,1,1,1,1,7,7,8,1,1,1,9,14,1,1,1,NaN,2,3,NaN,,NaN,,NaN,,NaN,NaN,NaN,NaN,1,4,1,1,1,1,1,2,1,1,1,1,1,1,1,1,1,2,1,2,2,3,763113.842,4444482.069,81.23,NaN,0,0,0,0,14,2
16205,5,2009120001453,2,8,23,2,7,3,1,CV-21,5.8,5,8,0,1,5,3,2,3,4,2,1,1,1,1,1,4,2,4,1,5,1,2,14,1,1,3,NaN,2,NaN,NaN,,NaN,,NaN,,NaN,63,60,NaN,1,4,1,1,2,2,1,1,1,1,1,1,1,1,1,1,1,1,1,2,1,2,739678.497,4433691.383,170.263,Cob,4109,0,0,0,6,6
16206,5,2009120001456,2,8,23,4,7,3,1,CV-10,53.5,53,5,1,1,5,3,2,3,4,2,1,1,1,1,1,7,7,8,1,1,1,9,14,3,1,3,NaN,1,NaN,NaN,,NaN,,NaN,,NaN,63,60,NaN,1,4,1,1,1,1,1,1,1,1,1,1,2,1,1,1,1,1,1,2,1,1,756595.747,4444443.465,268.563,Cob,4322,0,0,0,14,1
16208,5,2009120001481,2,8,22,6,6,2,2,CV-21,8.5,8,5,0,1,5,3,2,3,3,2,1,1,1,1,1,7,7,8,1,5,1,9,14,1,1,3,NaN,1,4,NaN,,NaN,,NaN,,NaN,NaN,NaN,NaN,1,4,1,1,1,1,1,1,1,1,1,1,1,1,1,2,1,1,1,2,1,1,739126.425,4431743.007,164.571,Cob,4109,0,0,0,21,2
16209,5,2009120001489,2,8,25,6,2,1,1,CV-10,82.2,82,2,1,1,5,2,3,4,1,2,1,1,2,1,1,7,7,8,3,1,4,9,14,2,1,1,NaN,1,NaN,NaN,,NaN,,NaN,,NaN,51,50,NaN,1,4,1,1,1,1,1,2,1,1,1,1,1,1,1,1,1,1,1,2,1,1,739882.331,4423122.49,72.167,Cob,1202,0,0,0,19,3
16210,5,2009120001496,2,8,20,3,4,1,1,CV-151,0,0,0,1,1,5,3,2,3,3,2,2,2,1,1,1,4,1,5,1,1,1,9,14,1,1,1,NaN,2,NaN,NaN,,NaN,,NaN,,NaN,53,50,NaN,1,4,1,1,1,1,1,1,1,1,1,1,1,1,1,1,1,2,1,2,2,1,748213.103,4433694.393,105.447,Pri,24664,0,0,0,7,6
16212,5,2009120001497,2,8,26,2,3,1,1,CV-149,0.4,0,4,1,1,5,3,2,3,4,2,2,2,1,2,1,7,7,8,1,4,1,9,14,3,1,1,NaN,2,NaN,30,30,NaN,,NaN,,NaN,NaN,NaN,NaN,1,4,2,1,2,1,1,1,1,1,1,1,1,1,1,1,1,1,1,2,1,1,756171.65,4435224.692,1.693,Sec,13870,0,0,0,5,2
16213,5,2009120001503,2,8,26,4,3,1,1,CV-165,15.4,15,4,0,1,5,1,3,3,1,2,1,1,2,1,1,7,7,8,1,1,1,2,14,1,1,1,NaN,2,NaN,NaN,,NaN,,12,9,NaN,NaN,NaN,NaN,1,4,1,1,1,1,1,2,1,1,1,1,1,1,1,1,1,1,1,2,1,1,741869.25,4450202.037,316.315,Cob,372,0,0,1,11,3
16215,5,2009120001504,2,8,25,4,2,1,2,CV-160,5.9,5,9,1,1,5,2,3,3,1,2,1,2,2,1,1,7,7,8,1,1,1,9,14,1,1,2,1,2,3,NaN,,NaN,,NaN,,NaN,NaN,NaN,NaN,1,4,1,1,1,1,1,2,2,1,1,1,1,1,1,1,1,1,1,2,1,1,750058.565,4444298.539,251.302,Cob,1240,0,0,1,12,4
16216,5,2009120001506,2,8,25,6,2,1,1,CV-10,50.5,50,5,1,1,5,2,2,2,4,2,1,2,2,2,1,7,7,8,3,1,4,9,14,3,1,1,NaN,1,NaN,NaN,,NaN,,NaN,,NaN,64,60,NaN,1,4,1,1,1,1,1,2,1,1,1,1,1,1,1,1,1,1,1,2,1,1,758056.79,4446982.483,246.064,Cob,4322,0,0,0,19,1
16218,5,2009120001526,2,8,28,4,5,1,2,CV-18,4.5,4,5,1,1,5,3,2,3,3,2,1,1,1,1,2,1,1,8,1,1,1,7,14,1,1,3,NaN,2,2,NaN,,NaN,,NaN,,NaN,NaN,NaN,NaN,1,4,1,1,1,1,1,1,2,1,1,1,1,1,1,1,1,1,1,2,1,1,747619.266,4418929.76,-2.877,Cob,12914,0,0,2,14,6
16219,5,2009120001536,2,8,30,5,7,3,1,CV-10,68,68,0,0,1,5,3,2,3,4,2,1,1,2,2,1,7,7,8,1,1,1,9,14,1,1,1,NaN,2,NaN,NaN,,NaN,,NaN,,NaN,53,50,NaN,1,4,1,1,1,1,1,2,1,1,1,1,1,1,1,1,1,1,1,2,1,2,766230.435,4471914.024,219.899,Pri,2998,0,0,1,15,5
16221,5,2009120001578,2,8,26,6,3,1,2,CV-190,13.6,13,6,0,1,5,2,2,2,3,2,1,2,1,2,2,7,7,8,1,1,1,2,14,2,1,1,NaN,1,2,NaN,,NaN,,NaN,,NaN,NaN,NaN,NaN,2,4,1,1,1,1,1,1,1,1,1,1,1,1,1,1,1,1,2,2,1,1,732670.288,4445564.395,441.627,Cob,1954,0,0,0,18,2
16222,5,2009120001579,2,8,30,4,7,3,1,CV-245,29.5,29,5,1,1,5,2,2,4,1,2,1,1,2,1,1,7,7,8,1,1,1,9,14,1,1,3,NaN,2,NaN,NaN,,NaN,,NaN,,NaN,64,60,NaN,1,4,2,1,1,1,1,2,1,1,1,1,1,1,1,1,1,1,1,2,2,1,697018.674,4402977.757,585.085,Cob,871,0,0,2,13,5
16223,5,2009120001585,2,8,27,5,4,1,1,CV-223,7,7,0,1,1,5,2,2,3,2,2,1,1,1,1,1,7,7,5,9,1,1,9,14,3,1,1,NaN,1,NaN,NaN,,21,24,NaN,,NaN,NaN,NaN,NaN,1,4,1,1,1,1,1,1,1,1,1,1,1,1,1,2,1,1,1,2,1,2,728679.081,4424833.491,282.842,Sec,3259,0,0,0,16,2
16225,5,2009120001586,2,8,28,3,5,1,2,CV-151,2.1,2,1,1,1,5,1,2,3,4,2,2,2,1,1,1,5,1,4,1,1,1,9,14,1,1,1,NaN,2,4,NaN,,NaN,,NaN,,NaN,NaN,NaN,NaN,1,4,2,1,1,1,1,1,1,1,1,1,1,1,1,1,1,1,1,2,1,1,749613.694,4432282.346,76.867,NaN,0,0,0,1,8,6
16227,5,2009120001590,2,8,31,4,1,4,2,CV-18,7.2,7,2,1,1,5,2,2,3,2,2,1,1,1,1,1,7,7,3,1,1,1,9,14,1,1,1,NaN,2,4,NaN,,NaN,,NaN,,NaN,NaN,NaN,NaN,2,4,2,1,1,1,1,1,1,1,1,1,1,1,1,1,1,1,1,2,1,1,749415.916,4420749.783,2.225,Cob,12914,0,0,0,12,1
16231,5,2009120001605,2,9,5,6,6,2,2,CV-235,2,2,0,1,1,5,1,3,3,1,2,1,1,1,1,1,1,1,3,1,1,9,9,14,3,1,1,NaN,2,NaN,NaN,,NaN,,NaN,,58,NaN,50,NaN,1,4,1,1,1,1,1,1,1,1,1,1,1,1,1,1,1,1,2,2,1,1,698226.926,4411017.242,852.19,Cob,789,0,0,0,18,6
16232,5,2009120001606,2,9,6,1,7,3,1,CV-10,69.9,69,9,0,1,5,3,2,3,4,2,1,1,1,1,1,7,7,8,1,4,1,9,14,2,1,3,NaN,1,NaN,NaN,,21,24,NaN,,NaN,NaN,NaN,NaN,1,4,1,1,1,1,1,1,1,1,1,1,1,1,1,2,1,1,1,2,1,1,766756.373,4473548.175,239.577,Pri,2998,0,0,0,3,1
16234,5,2009120001611,2,9,4,5,5,1,2,CV-17,2.5,2,5,0,1,5,3,2,3,4,2,1,2,1,1,1,7,7,5,1,1,1,9,14,1,1,1,NaN,2,4,NaN,,NaN,,NaN,,NaN,NaN,NaN,NaN,1,4,2,1,1,1,1,1,1,1,1,1,1,1,1,1,1,1,1,2,1,1,746651.292,4431005.407,66.441,Sec,19986,0,0,0,16,1
16235,5,2009120001627,2,9,7,4,1,1,1,CV-223,0,0,0,0,1,5,2,2,2,3,2,1,1,2,2,2,7,7,8,3,1,4,9,14,1,1,1,NaN,1,NaN,NaN,,NaN,,NaN,,NaN,64,60,NaN,1,4,1,1,1,1,1,1,1,2,1,1,1,1,1,1,1,1,1,2,1,1,739594.418,4420064.199,72.985,Sec,3259,0,0,0,14,2
16237,5,2009120001643,2,9,8,3,2,1,2,CV-21,9.9,9,9,1,1,5,3,2,3,3,2,1,1,1,1,1,7,7,5,1,1,1,9,14,3,1,3,NaN,1,NaN,30,32,NaN,,NaN,,NaN,NaN,NaN,NaN,1,4,1,1,1,1,1,1,1,1,1,1,1,2,1,1,1,1,1,2,1,1,739302.701,4434561.09,173.913,Cob,4109,0,0,0,9,1
16240,5,2009120001644,2,9,9,2,3,1,1,CV-10,23.1,23,1,0,1,5,3,2,3,4,2,2,2,1,2,2,7,7,8,1,5,1,9,14,3,1,1,NaN,1,NaN,NaN,,21,24,NaN,,NaN,NaN,NaN,NaN,1,4,1,1,1,1,1,1,1,1,1,1,1,1,1,1,1,1,2,2,1,2,748330.839,4433767.11,97.486,Pri,19609,0,0,0,5,2
16241,5,2009120001646,2,9,11,4,5,1,1,CV-205,2.1,2,1,1,1,5,2,3,3,3,2,1,2,2,1,1,1,1,4,1,1,1,9,14,1,1,3,NaN,2,NaN,NaN,,NaN,,12,9,NaN,NaN,NaN,NaN,1,4,1,1,1,1,1,1,1,1,1,1,1,1,1,1,1,2,1,2,1,1,721520.496,4432099.139,450.899,Cob,1316,0,0,1,14,6
16242,5,2009120001649,2,9,11,6,5,1,1,CV-14,7.6,7,6,0,1,5,2,3,3,3,2,1,1,2,2,2,7,7,8,1,1,1,9,14,1,1,1,NaN,2,NaN,NaN,,NaN,,NaN,,56,NaN,50,NaN,1,4,1,1,1,1,1,2,1,1,1,1,1,1,1,1,1,1,1,2,1,1,740263.199,4503157.535,770.358,Sec,1147,0,0,0,17,5
16243,5,2009120001650,2,9,11,6,5,1,1,CV-190,42,42,0,1,1,5,2,2,3,1,2,1,1,1,1,1,7,7,8,1,1,1,9,14,3,1,1,NaN,1,NaN,NaN,,NaN,,12,9,NaN,NaN,NaN,NaN,1,4,1,1,1,1,1,2,1,1,1,1,1,1,1,1,1,1,1,2,1,1,728990.586,4447022.536,792.398,Cob,92,0,0,1,19,3
16244,5,2009120001655,2,9,12,4,6,2,1,CV-10,38.1,38,1,1,1,5,2,2,3,3,2,1,1,2,1,1,7,7,8,1,1,1,9,14,1,1,1,NaN,2,NaN,NaN,,NaN,,NaN,,NaN,64,60,NaN,1,3,2,1,1,1,1,2,2,1,1,1,1,1,1,1,1,1,1,2,1,2,760246.945,4458794.519,274.926,Cob,8841,0,0,1,13,5
16247,5,2009120001656,2,9,13,5,7,3,1,CV-166,1.2,1,2,1,1,5,3,2,3,2,2,1,2,2,1,1,7,7,8,3,1,5,9,4,2,1,1,NaN,2,NaN,NaN,,NaN,,NaN,,56,NaN,50,NaN,1,4,2,1,1,1,1,2,1,1,1,1,1,1,2,1,1,1,1,2,1,1,741370.673,4469749.748,959.075,Cob,1340,1,0,3,16,4
16249,5,2009120001657,2,9,13,6,7,3,1,CV-10,69.9,69,9,1,1,5,2,2,3,3,2,1,1,1,1,2,7,7,8,1,1,1,9,14,2,1,1,NaN,1,NaN,NaN,,NaN,,NaN,,NaN,62,60,NaN,1,4,1,1,1,2,1,1,1,1,1,1,1,1,1,1,1,1,1,2,1,1,746426.321,4432738.114,81.265,Pri,2998,0,0,1,17,1
16251,5,2009120001658,2,9,14,1,1,4,2,CV-18,1.9,1,9,0,1,5,3,2,3,3,2,1,2,1,1,1,7,7,8,1,5,1,9,8,1,1,3,NaN,2,4,NaN,,NaN,,NaN,,NaN,NaN,NaN,NaN,1,4,2,1,1,1,1,1,1,1,1,1,1,1,1,1,1,1,1,2,1,1,751692.901,4426676.019,14.351,Pri,24712,0,0,1,1,1
16253,5,2009120001664,2,9,14,3,1,4,2,CV-10,60.2,60,2,0,1,5,3,2,3,4,2,1,1,1,2,2,7,7,8,1,5,1,2,14,3,1,3,NaN,2,1,NaN,,NaN,,NaN,,NaN,NaN,NaN,NaN,1,4,2,1,1,1,1,1,1,1,1,1,1,1,1,1,1,1,1,2,1,1,763641.143,4465011.605,206.594,Cob,4322,1,1,1,7,2
16254,5,2009120001665,2,9,10,1,4,1,1,CV-16,3.1,3,1,1,1,5,3,2,3,4,2,2,2,1,1,1,7,7,8,1,1,1,9,14,3,1,1,NaN,1,NaN,NaN,,21,24,NaN,,NaN,NaN,NaN,NaN,1,4,1,1,1,1,1,1,1,1,1,1,1,1,1,2,1,1,1,2,1,1,741734.996,4437050.653,126.471,Sec,18979,0,0,0,23,1
16256,5,2009120001700,2,9,14,6,1,4,2,CV-18,3.2,3,2,1,1,5,3,1,3,4,2,1,1,1,1,1,5,6,4,1,1,1,2,14,1,1,3,NaN,2,3,NaN,,NaN,,NaN,,NaN,NaN,NaN,NaN,1,4,1,1,2,1,1,1,2,1,1,1,1,1,1,1,1,1,1,2,1,1,746876.191,4418048.856,-5.265,Cob,12914,0,0,0,19,6
16257,5,2009120001775,2,9,13,6,7,3,1,CV-10,5.8,5,8,0,1,5,3,2,3,4,2,2,2,2,2,2,7,7,8,3,1,5,9,14,1,1,3,NaN,2,NaN,NaN,,NaN,,NaN,,NaN,54,50,NaN,1,4,1,1,1,1,1,2,1,1,1,1,2,1,1,1,1,1,1,2,1,1,739777.493,4420448.371,82.832,Sec,30488,0,0,0,18,2
16258,5,2009120001777,2,9,16,6,3,1,1,CV-14,7,7,0,0,1,5,3,2,3,3,2,1,1,2,1,2,7,7,8,3,5,4,9,14,3,1,1,NaN,2,NaN,NaN,,NaN,,NaN,,65,NaN,60,NaN,1,4,2,1,1,1,1,1,1,1,1,1,1,1,1,1,1,1,1,2,1,1,740704.658,4502806.075,774.496,Sec,1147,0,0,0,20,1
16259,5,2009120001800,2,9,16,4,3,1,1,CV-230,5.2,5,2,0,1,5,2,2,3,3,2,1,1,1,1,1,7,7,8,1,1,1,9,14,3,1,1,NaN,1,NaN,NaN,,21,24,NaN,,NaN,NaN,NaN,NaN,1,4,1,1,1,1,1,1,1,1,1,1,1,1,1,2,1,1,1,2,1,1,725044.834,4412805.009,254.093,Cob,1197,0,0,0,13,1
16260,5,2009120001814,2,9,19,5,6,2,1,CV-235,4,4,0,0,1,5,1,3,3,3,2,1,1,2,1,1,7,7,8,6,1,1,9,14,3,1,3,NaN,1,NaN,NaN,,NaN,,NaN,,NaN,63,60,NaN,1,4,1,1,1,1,1,1,1,2,1,1,1,1,1,1,1,1,1,2,1,1,701646.445,4421273.334,663.544,Cob,789,0,0,0,16,3
16265,5,2009120001824,2,9,13,5,7,3,2,CV-10,29.5,29,5,1,1,5,3,1,3,4,2,2,2,2,2,2,7,7,8,3,1,5,4,14,3,1,1,NaN,1,3,NaN,,NaN,,NaN,,NaN,NaN,NaN,NaN,1,4,1,1,1,1,1,1,1,1,1,1,1,1,2,1,1,1,1,2,1,1,764236.535,4465928.575,176.264,Sec,16140,0,0,1,16,1
16266,5,2009120001860,2,9,22,4,2,1,1,CV-15,39.2,39,2,0,1,5,3,2,4,3,2,1,1,2,2,2,7,7,8,1,1,1,9,14,3,1,1,NaN,1,NaN,NaN,,NaN,,NaN,,NaN,63,60,NaN,1,4,2,1,1,1,1,1,1,1,1,1,1,1,1,1,1,1,1,2,1,1,748908.594,4474264.411,617.66,Cob,2209,0,1,1,11,2
16267,5,2009120001861,2,9,11,2,5,1,1,CV-10,8.9,8,9,1,1,5,2,2,3,4,2,2,2,1,2,2,7,7,5,1,5,1,9,14,3,1,1,NaN,1,NaN,NaN,,NaN,,12,9,NaN,NaN,NaN,NaN,1,4,1,1,1,1,1,1,1,1,1,1,1,1,1,2,1,1,1,2,1,1,770264.715,4484446.65,295.811,Sec,32979,0,0,0,6,3
16268,5,2009120001864,2,9,22,6,2,1,1,CV-20,24.8,24,8,0,1,5,2,2,3,3,2,1,2,2,1,1,7,7,8,3,5,1,9,14,1,1,3,NaN,2,NaN,NaN,,NaN,,NaN,,NaN,53,50,NaN,1,4,2,1,1,1,1,2,1,1,1,1,1,1,1,1,1,1,1,2,1,1,727873.029,4434553.49,267.139,Cob,596,0,0,1,20,2
16269,5,2009120001909,2,9,23,1,3,1,1,CV-20,2.3,2,3,0,1,5,3,2,3,4,2,2,2,2,2,2,5,3,4,1,4,1,9,14,1,2,3,NaN,2,NaN,NaN,,NaN,,NaN,,NaN,53,50,NaN,1,4,2,1,2,1,1,2,1,1,1,1,1,1,1,1,1,1,1,2,1,1,743134.497,4426002.258,52.151,Sec,11385,0,0,1,3,6
16272,5,2009120001914,2,9,25,5,5,1,3,CV-141,3.8,3,8,1,1,5,2,2,3,3,2,1,1,2,1,2,7,7,8,1,1,1,9,14,2,1,1,NaN,2,4,NaN,,NaN,,NaN,,NaN,NaN,NaN,NaN,1,4,2,1,1,1,1,1,1,1,1,1,1,1,1,1,1,1,1,2,1,1,786413.255,4477064.88,24.452,Cob,4646,0,0,4,15,1
16275,5,2009120001916,2,9,27,3,7,3,2,CV-15,3.9,3,9,1,1,5,3,3,3,3,2,1,2,2,1,1,2,1,3,1,5,1,9,14,1,1,3,NaN,2,2,NaN,,NaN,,NaN,,NaN,NaN,NaN,NaN,1,4,1,1,1,1,1,1,1,1,1,1,1,1,1,1,1,2,1,2,1,1,730883.403,4481259.473,1135.38,Cob,5696,0,0,1,7,6
16277,5,2009120001920,2,9,25,3,5,1,2,CV-20,4.8,4,8,1,1,5,3,2,3,3,2,2,2,1,1,1,5,2,5,1,1,1,9,14,1,1,3,NaN,2,3,NaN,,NaN,,NaN,,NaN,NaN,NaN,NaN,1,4,1,1,1,1,1,1,1,1,1,1,1,1,1,1,1,2,1,2,1,1,705990.233,4441957.503,630.08,Pri,16862,0,0,0,8,6
16278,5,2009120001923,2,9,24,4,4,1,1,CV-191,3.1,3,1,1,1,5,2,2,3,3,2,1,2,2,1,1,7,7,8,1,1,1,9,14,2,1,1,NaN,1,NaN,NaN,,NaN,,NaN,,NaN,61,60,NaN,1,4,2,1,1,1,1,2,1,1,1,1,1,1,1,1,1,1,1,2,1,1,733235.967,4432328.127,198.086,Cob,5409,0,0,0,12,3
16279,5,2009120001924,2,9,27,6,7,3,1,CV-18,4.3,4,3,1,1,5,3,2,3,3,2,1,2,1,1,1,7,7,5,1,1,1,9,14,3,1,1,NaN,1,NaN,NaN,,NaN,,NaN,,NaN,62,60,NaN,1,4,2,1,1,1,1,1,1,1,1,1,1,1,1,1,1,1,1,2,1,1,747545.315,4418744.221,-3.39,Cob,12914,0,0,0,19,1
16280,5,2009120001925,2,9,27,6,7,3,1,CV-222,0.9,0,9,0,1,5,3,2,3,3,2,1,1,1,1,1,7,7,5,1,5,1,9,14,3,1,1,NaN,1,NaN,NaN,,21,24,NaN,,NaN,NaN,NaN,NaN,1,4,1,1,1,1,1,1,1,1,1,1,1,1,1,2,1,1,1,2,1,1,740520.684,4423321.629,70.449,Cob,4811,0,0,0,21,1
16281,5,2009120001928,2,10,1,4,4,1,1,CV-222,7.6,7,6,1,1,5,3,1,4,3,2,1,2,2,2,2,5,1,4,1,1,1,9,14,1,2,3,NaN,2,NaN,NaN,,NaN,,NaN,,NaN,53,50,NaN,1,4,1,2,1,1,1,2,2,1,1,1,1,1,1,1,1,1,1,2,1,1,741752.424,4422806.352,54.751,Cob,8830,0,0,0,14,6
16282,5,2009120001946,2,9,30,6,3,1,1,CV-10,1.3,1,3,0,1,5,3,1,4,4,2,2,2,2,2,2,7,7,8,3,4,5,9,14,1,1,3,NaN,2,NaN,30,32,NaN,,NaN,,NaN,NaN,NaN,NaN,1,4,1,1,1,1,1,1,1,2,1,1,1,1,1,1,1,1,1,2,1,1,741868.799,4416914.613,13.437,Sec,27461,0,0,0,20,1
16283,5,2009120001959,2,9,29,3,2,1,1,CV-10,5.9,5,9,1,1,5,3,2,3,4,2,2,2,1,2,1,7,7,8,3,1,5,4,14,2,1,1,NaN,1,NaN,NaN,,NaN,,NaN,,NaN,64,60,NaN,1,4,1,2,1,1,1,1,1,1,1,1,1,1,2,1,1,1,1,2,1,1,772292.806,4485574.975,299.791,Sec,30488,0,0,0,9,2
16284,5,2009120001960,2,10,3,4,6,2,1,CV-20,48.1,48,1,0,1,5,3,2,3,1,2,1,1,2,1,1,7,7,8,1,1,1,2,14,2,1,1,NaN,1,NaN,NaN,,NaN,,NaN,,56,NaN,50,NaN,1,4,1,1,1,1,1,2,2,1,1,1,1,1,1,1,1,1,1,2,2,2,713115.45,4438925.872,451.989,Cob,596,0,1,0,11,3
16285,5,2009120001964,2,10,4,3,7,3,1,CV-235,21.6,21,6,0,1,5,2,3,3,3,2,1,1,2,1,1,7,7,8,1,1,1,2,14,1,1,1,NaN,2,NaN,NaN,,NaN,,NaN,,NaN,64,60,NaN,1,4,1,1,1,1,1,2,1,1,1,1,1,1,1,1,1,1,1,2,1,1,696298.11,4413688.81,977.461,Cob,100,0,0,1,10,4