Id,Ano,Numero_Accidente,Provincia,Mes,Dia,Hora,Dia_Semana,Tipo_Dia,Vehiculos_Implicados,Carretera,Pk,Km,Hm,Sentido,Zona,Tipo_Via,Anchura_Calzada,Anchura_Carril,Marcas_Viales,Arcen,Arcen_Pavimentado,Mediana,Barrera_Seguridad,Paneles_Direccionales,Hitos_Arista,Captafaros,Interseccion_Tipo,Interseccion_Acondicionamiento,Prioridad_Regulada_por,Superficie,Luminosidad,Factores_Atmosfericos,Visibilidad_Restringida_por,Otras_Circunstancias,Senalizacion_Peligro,Aceras,Arboles,Arboles_Metros_Calzada,Visibilidad_Senalizacion_Vertical,Colision_Vehiculos_Marcha,Colision_Vehiculo_Obstaculo_1,Colision_Vehiculo_Obstaculo_2,Atropello_1,Atropello_2,Vuelco_1,Vuelco_2,Salida_Sin_Colision,Salida_Con_Colision,Lado_Salida,Otro,Circulacion,Circulacion_Medidas_Especiales,Distraccion,Inexperiencia_Conductor,Alcohol_Drogas,Cansancio_Sueno,Enfermedad,Velocidad_Inadecuada,Infraccion_Norma_Circulacion,Estado_Condicion_Via,Estado_Condicion_Senalizacion,Tramo_Obras,Mal_Estado_Vehiculo,Averia_Mecanica,Meteorologia_Adversa,Irrupcion_Animal,Circular_Sentido_Contrario,Otro_Factor,Sin_Opinion_Definida,Pendiente,Curvatura,Peralte,GPS_x,GPS_y,GPS_z,Tipo_Est,IMD,N_Muertos,N_Graves,N_Leves,Hora_Real,Fuera_o_Interseccion
16286,5,2009120001966,2,10,1,5,4,1,1,CV-190,13.3,13,3,1,1,5,2,2,3,1,2,1,1,1,1,1,7,7,5,3,1,4,3,14,1,1,1,NaN,1,NaN,NaN,,NaN,,12,9,NaN,NaN,NaN,NaN,1,4,1,1,1,1,1,2,1,1,1,1,1,1,1,1,1,1,1,2,1,2,713408.251,4449280.019,967.774,Cob,1954,0,0,0,15,2
16289,5,2009120001969,2,10,3,4,6,2,1,CV-190,3.6,3,6,0,1,5,3,2,3,3,2,1,2,1,1,1,7,7,5,1,1,1,2,14,1,1,3,NaN,1,NaN,NaN,,NaN,,NaN,,58,NaN,50,NaN,1,4,1,1,1,1,2,1,1,1,1,1,1,1,1,1,1,1,1,2,1,1,738189.547,4440934.577,243.853,Cob,5744,0,0,1,12,1
16291,5,2009120001971,2,10,4,6,7,3,1,CV-10,30,30,0,0,1,5,3,2,3,4,2,2,2,1,1,2,7,7,5,1,1,1,9,14,3,1,3,NaN,1,NaN,NaN,,NaN,,NaN,,NaN,NaN,NaN,71,1,4,1,1,1,1,1,1,1,1,1,1,1,2,1,1,1,1,1,2,1,1,752382.314,4438660.904,195.701,Sec,16140,0,0,0,19,1
16292,5,2009120001984,2,10,4,1,7,3,1,CV-10,27.3,27,3,1,1,5,3,2,3,4,2,2,2,1,1,1,7,7,8,1,5,1,9,14,3,1,1,NaN,1,NaN,NaN,,21,24,NaN,,NaN,NaN,NaN,NaN,1,4,1,1,1,1,1,1,1,1,1,1,1,1,1,2,1,1,1,2,1,1,765329.463,4467699.322,161.398,Sec,16140,0,0,0,23,1
16293,5,2009120001985,2,10,6,1,2,1,1,CV-10,26,26,0,1,1,5,3,2,3,4,2,2,1,1,1,1,7,7,8,1,5,1,9,14,1,1,1,NaN,2,NaN,NaN,,21,24,NaN,,NaN,NaN,NaN,NaN,1,4,1,1,1,1,1,1,1,1,1,1,1,1,1,2,1,1,1,2,1,1,765834.823,4468971.078,181.204,Sec,16140,0,0,0,0,1
16295,5,2009120001989,2,10,8,4,4,2,2,CV-15,6,6,0,0,1,5,2,2,3,3,2,1,2,2,1,2,7,7,5,1,1,1,9,14,1,1,3,NaN,2,1,NaN,,NaN,,NaN,,NaN,NaN,NaN,NaN,1,4,1,1,1,1,1,2,1,1,1,1,1,1,1,1,1,1,1,2,1,1,754287.39,4449459.555,249.626,Cob,5696,0,0,2,14,4
16298,5,2009120002001,2,10,12,6,1,3,1,CV-132,4.5,4,5,1,1,5,3,2,3,3,2,1,1,1,1,1,7,7,8,1,5,1,9,14,3,1,1,NaN,1,NaN,NaN,,21,24,NaN,,NaN,NaN,NaN,NaN,1,4,1,1,1,1,1,1,1,1,1,1,1,1,1,2,1,1,1,2,1,2,769721.042,4485048.352,314.552,Sec,2555,0,0,0,21,1
16299,5,2009120002019,2,10,14,4,3,4,1,CV-10,6,6,0,1,1,5,3,2,3,5,2,2,2,2,2,1,7,7,8,1,1,1,9,14,3,1,1,NaN,1,NaN,30,32,NaN,,NaN,,NaN,NaN,NaN,NaN,1,4,1,1,1,1,1,1,1,1,1,1,1,2,1,1,1,1,1,2,2,3,772331.487,4485485.664,301.644,Sec,30488,0,0,0,13,1
16300,5,2009120002022,2,10,16,6,5,1,1,CV-21,11,11,0,1,1,5,3,2,3,4,2,1,1,2,1,1,7,7,8,1,4,1,9,14,3,1,3,NaN,1,NaN,30,32,NaN,,NaN,,NaN,NaN,NaN,NaN,1,4,2,1,1,1,1,1,2,1,1,1,1,1,1,1,1,1,1,2,1,1,739145.212,4435724.974,159.819,Cob,4109,0,0,0,21,1
16301,5,2009120002025,2,10,17,1,6,2,1,CV-10,87.5,87,5,0,1,5,2,2,2,1,2,1,1,1,2,2,7,7,8,1,5,1,9,14,3,1,1,NaN,1,NaN,NaN,,NaN,,NaN,,56,NaN,50,NaN,1,4,2,1,1,2,1,1,1,1,1,1,1,1,1,1,1,1,1,2,1,2,773811.493,4487423.918,296.424,Cob,934,0,0,1,3,1
16302,5,2009120002027,2,10,16,6,5,1,1,CV-10,57.5,57,5,1,1,5,3,2,3,3,2,1,1,1,2,2,7,7,8,1,5,1,9,14,3,1,1,NaN,1,NaN,NaN,,21,24,NaN,,NaN,NaN,NaN,NaN,1,4,1,1,1,1,1,1,1,1,1,1,1,1,1,2,1,1,1,2,1,1,754207.73,4441418.832,225.454,Cob,4322,0,0,0,21,1
16303,5,2009120002028,2,10,17,4,6,2,1,CV-235,9.5,9,5,1,1,5,3,3,3,2,2,1,2,2,1,2,7,7,8,1,1,1,2,14,3,1,1,NaN,2,NaN,NaN,,NaN,,NaN,,NaN,64,60,NaN,1,4,1,1,1,1,1,2,2,1,1,1,1,1,1,1,1,1,1,2,1,1,695922.084,4415975.991,903.36,Cob,789,0,0,1,14,5
16305,5,2009120002030,2,10,17,6,6,2,2,CV-135,15,15,0,0,1,5,2,2,3,3,2,1,1,1,1,2,5,1,3,1,1,1,9,14,1,1,1,NaN,2,2,NaN,,NaN,,NaN,,NaN,NaN,NaN,NaN,1,4,1,1,1,1,1,1,2,1,1,1,1,1,1,1,1,1,1,2,1,1,784792.763,4484292.958,84.81,Pri,3137,0,0,1,18,6
16306,5,2009120002034,2,10,18,3,7,3,1,CV-18,4.4,4,4,1,1,5,3,2,3,4,2,1,2,2,2,2,7,7,8,1,1,1,9,14,1,1,3,NaN,2,NaN,NaN,,NaN,,NaN,,NaN,54,50,NaN,1,4,1,1,2,1,1,1,1,1,1,1,1,1,1,1,1,1,1,2,1,1,747581.24,4418837.429,-3.133,Cob,12914,0,0,0,9,2
16307,5,2009120002035,2,10,20,3,2,1,1,CV-10,63.6,63,6,0,1,5,3,2,3,3,2,1,1,1,2,2,1,4,8,1,1,1,9,14,3,1,3,NaN,2,NaN,NaN,,NaN,,NaN,,NaN,64,60,NaN,1,4,2,1,1,1,1,1,1,1,1,1,1,1,1,1,1,1,1,2,1,1,765453.455,4467851.288,167.386,Cob,6888,0,0,0,8,7
16313,5,2009120002037,2,10,17,6,6,2,2,CV-20,14.5,14,5,0,1,5,3,2,3,1,2,1,1,1,1,1,7,7,8,1,5,1,9,14,3,1,3,NaN,1,4,NaN,,NaN,,NaN,,NaN,NaN,NaN,NaN,1,4,2,1,1,1,1,1,1,1,1,1,1,1,1,2,1,1,1,2,1,1,733093.493,4429790.747,198.652,Cob,2717,0,0,0,22,1
16314,5,2009120002039,2,10,22,4,4,1,1,CV-12,7,7,0,0,1,5,2,2,2,1,2,1,1,1,1,1,7,7,8,1,1,5,9,14,3,1,1,NaN,1,NaN,NaN,,NaN,,NaN,,56,NaN,50,NaN,1,4,1,1,1,1,1,2,1,1,1,1,1,1,2,1,1,1,1,2,1,1,742150.669,4488114.27,912.421,Cob,735,0,0,1,11,2
16315,5,2009120002045,2,10,24,2,6,2,1,CV-18,5.6,5,6,0,1,5,3,2,3,3,2,1,1,1,1,1,7,7,8,1,5,1,9,14,1,1,3,NaN,2,NaN,NaN,,NaN,,NaN,,NaN,53,50,NaN,1,4,1,1,2,1,1,2,1,1,1,1,1,1,1,1,1,1,1,2,1,1,750788.795,4423348.695,5.153,Cob,12914,0,0,1,6,5
16316,5,2009120002047,2,10,24,4,6,2,1,CV-195,4.9,4,9,1,1,5,2,3,3,3,2,1,2,2,2,1,7,7,8,1,1,1,2,14,1,1,1,NaN,2,NaN,NaN,,NaN,,NaN,,NaN,54,50,NaN,1,4,1,1,1,1,1,2,1,1,1,1,1,1,1,1,1,1,1,2,2,1,716909.127,4444505.67,780.675,Cob,2622,0,0,1,12,5
16319,5,2009120002049,2,10,25,5,7,3,3,CV-18,5.6,5,6,1,1,5,3,1,3,2,2,1,1,1,1,1,7,7,5,1,1,1,9,8,1,1,3,NaN,2,5,NaN,,NaN,,NaN,,NaN,NaN,NaN,NaN,1,4,2,1,1,1,1,2,2,1,1,1,1,1,1,1,1,1,1,2,1,1,748159.719,4419848.733,0.738,Cob,12914,0,1,2,15,5
16320,5,2009120002050,2,10,25,3,7,3,1,CV-235,21.8,21,8,1,1,5,2,2,3,3,2,1,1,2,1,1,7,7,8,1,1,1,9,14,2,1,3,NaN,1,NaN,NaN,,NaN,,12,9,NaN,NaN,NaN,NaN,1,4,1,1,1,1,1,2,1,1,1,1,1,1,1,1,1,1,1,2,1,2,701269.663,4420400.278,605.392,Cob,100,0,1,0,9,3
16321,5,2009120002054,2,10,24,1,6,2,1,CV-18,6,6,0,1,1,5,3,2,3,4,2,1,2,2,2,2,7,7,8,1,4,1,9,14,1,1,3,NaN,2,NaN,NaN,,NaN,,NaN,,NaN,63,60,NaN,1,4,1,1,2,1,1,1,1,1,1,1,1,1,1,1,1,1,1,2,1,1,748414.215,4420145.02,1.186,Cob,12914,0,0,0,4,3
16323,5,2009120002056,2,10,28,4,3,1,2,CV-10,38.5,38,5,1,1,5,3,2,2,3,2,1,2,1,2,1,7,7,8,1,1,1,9,14,1,1,1,NaN,1,2,NaN,,NaN,,NaN,,NaN,NaN,NaN,NaN,1,4,2,1,1,1,1,1,1,1,1,1,1,1,1,1,1,1,1,2,1,1,760174.023,4458405.05,281.519,Cob,8841,0,0,2,14,1
16324,5,2009120002058,2,10,29,1,4,1,1,CV-165,7.2,7,2,0,1,5,1,3,3,1,2,1,2,2,1,1,7,7,8,1,4,1,9,14,1,1,1,NaN,2,NaN,NaN,,NaN,,NaN,,NaN,63,60,NaN,1,4,1,1,2,1,1,1,1,1,1,1,1,1,1,1,1,1,1,2,1,2,745048.89,4461879.606,430.353,Cob,1126,0,0,0,0,4
16326,5,2009120002061,2,10,25,6,7,3,1,CV-10,23,23,0,1,1,5,3,2,3,3,2,2,2,1,1,2,7,7,5,1,5,1,9,14,3,1,1,NaN,1,NaN,NaN,,21,24,NaN,,NaN,NaN,NaN,NaN,1,4,1,1,1,1,1,1,1,1,1,1,1,1,1,2,1,1,1,2,1,1,766078.693,4471676.73,206.665,Pri,19609,0,0,0,21,2
16328,5,2009120002063,2,10,27,6,2,1,2,CV-20,4.2,4,2,0,1,5,3,2,3,4,2,2,1,1,1,1,5,6,8,1,3,1,9,14,3,1,3,NaN,1,3,NaN,,NaN,,NaN,,NaN,NaN,NaN,NaN,1,4,1,1,1,1,1,1,2,1,1,1,1,1,1,1,1,1,1,2,1,1,741287.174,4426247.457,66.647,Pri,16862,0,0,0,21,6
16330,5,2009120002067,2,11,1,3,7,3,1,CV-10,21.1,21,1,1,1,5,3,2,3,4,2,2,2,1,2,2,7,7,8,1,1,1,9,14,3,1,1,NaN,2,NaN,NaN,,NaN,,NaN,,NaN,53,50,NaN,1,4,1,1,1,2,1,1,1,1,1,1,1,1,1,1,1,1,1,2,1,2,766637.483,4473283.565,237.046,Pri,19609,0,0,2,9,2
16331,5,2009120002069,2,11,1,6,7,3,1,CV-190,10.6,10,6,1,1,5,3,1,3,1,2,1,2,2,2,2,1,1,3,1,1,1,9,14,1,1,1,NaN,2,NaN,NaN,,NaN,,NaN,,NaN,64,60,NaN,1,4,2,1,1,1,1,1,1,1,1,1,1,1,1,1,1,1,1,2,1,1,711647.089,4450501.49,1034.459,Cob,1954,0,0,2,17,6
16332,5,2009120002070,2,11,1,3,7,3,1,CV-10,80.5,80,5,0,1,5,3,2,3,3,2,1,1,1,1,1,5,3,4,1,1,1,9,14,1,1,1,NaN,2,NaN,NaN,,NaN,,NaN,,NaN,54,50,NaN,1,4,1,1,1,1,1,2,1,1,1,1,1,1,1,1,1,1,1,2,1,1,769854.126,4483178.747,299.79,Pri,2998,0,0,0,9,6
16334,5,2009120002071,2,11,1,4,7,3,2,CV-10,66.5,66,5,1,1,5,3,2,3,3,2,1,1,1,2,2,7,7,8,1,1,1,9,14,3,1,1,NaN,1,3,NaN,,NaN,,NaN,,NaN,NaN,NaN,NaN,1,4,1,1,1,1,1,1,2,1,1,1,1,1,1,1,1,1,1,2,1,1,748537.101,4434774.637,109.781,Cob,6888,0,0,0,11,1
16335,5,2009120002073,2,10,30,6,5,1,1,CV-148,6.5,6,5,1,1,5,1,3,1,1,2,1,1,2,1,1,7,7,8,1,5,1,3,14,1,1,1,NaN,1,NaN,NaN,,NaN,,NaN,,67,NaN,60,NaN,1,4,1,1,1,1,1,2,1,1,1,1,1,1,1,1,1,1,1,2,1,1,764302.541,4445107.101,60.161,NaN,0,0,0,0,21,4
16337,5,2009120002075,2,11,2,4,1,1,2,CV-135,21.3,21,3,0,1,5,2,3,3,1,2,1,1,1,1,1,2,5,3,1,1,1,9,14,1,1,1,NaN,2,2,NaN,,NaN,,NaN,,NaN,NaN,NaN,NaN,1,4,1,1,1,1,1,1,2,1,1,1,1,1,1,1,1,1,1,2,1,1,789362.327,4481190.452,6.158,Pri,3137,0,1,1,12,6
16338,5,2009120002076,2,10,24,4,6,2,1,CV-10,5.7,5,7,1,1,5,3,1,3,4,2,2,2,2,2,2,7,7,8,1,1,1,9,14,3,1,1,NaN,1,NaN,NaN,,NaN,,NaN,,NaN,54,50,NaN,1,4,1,1,1,1,1,1,1,1,1,1,1,1,1,2,1,1,1,2,1,1,772230.333,4485745.239,300.15,Sec,30488,0,0,0,11,2
16340,5,2009120002079,2,11,1,3,7,3,2,CV-151,2.1,2,1,0,1,5,3,2,3,4,2,2,2,2,2,2,5,1,8,1,1,1,9,14,3,1,1,NaN,2,2,NaN,,NaN,,NaN,,NaN,NaN,NaN,NaN,1,4,1,1,1,1,1,1,2,1,1,1,1,1,1,1,1,1,1,2,1,1,748490.266,4433478.29,101.63,NaN,0,0,0,0,10,6
16342,5,2009120002081,2,11,2,3,1,1,2,CV-10,18.1,18,1,0,1,5,3,2,3,4,2,2,2,2,2,2,7,7,8,1,1,1,9,14,3,1,1,NaN,1,3,NaN,,NaN,,NaN,,NaN,NaN,NaN,NaN,1,4,1,1,1,1,1,1,1,1,1,1,1,1,1,1,1,1,2,2,1,1,745376.763,4430214.814,69.591,Cob,20528,0,0,0,7,1
16343,5,2009120002099,2,11,8,6,7,3,1,CV-195,15.5,15,5,0,1,5,2,3,3,3,2,1,2,2,1,1,7,7,8,1,2,4,4,14,2,1,1,NaN,1,NaN,NaN,,NaN,,NaN,,NaN,64,60,NaN,1,4,1,1,1,1,1,2,1,1,1,1,1,1,1,1,1,1,1,2,2,2,707811.419,4432500.654,631.456,Pri,816,0,0,1,17,2
16345,5,2009120002117,2,11,6,4,5,1,1,CV-149,3,3,0,0,1,5,3,2,3,3,2,2,2,1,2,2,7,7,8,1,1,1,9,14,3,1,1,NaN,1,NaN,NaN,,NaN,,NaN,,68,NaN,60,NaN,1,4,2,1,1,1,1,1,1,1,1,1,1,1,1,1,1,1,1,2,1,1,757025.232,4435278.369,-8.024,Sec,13870,0,0,0,13,1
16346,5,2009120002118,2,11,7,1,6,2,1,CV-18,5.6,5,6,1,1,5,2,2,3,3,2,1,2,1,1,1,7,7,8,1,5,1,9,8,1,1,3,NaN,2,NaN,NaN,,NaN,,NaN,,66,NaN,60,NaN,1,4,2,1,1,1,1,2,1,1,1,1,1,1,1,1,1,1,1,2,1,1,748159.719,4419848.733,0.738,Cob,12914,0,0,0,2,5
16347,5,2009120002119,2,11,8,3,7,3,1,CV-18,9,9,0,1,1,5,2,2,3,3,2,1,2,1,1,1,7,7,8,1,1,1,9,8,1,1,3,NaN,2,NaN,NaN,,NaN,,NaN,,NaN,63,60,NaN,1,4,1,1,1,2,1,1,1,1,1,1,1,1,1,1,1,1,1,2,1,1,750352.16,4421978.403,2.154,Sec,12870,0,0,0,7,1
16348,5,2009120002124,2,11,12,4,4,1,1,CV-205,3.3,3,3,1,1,5,2,2,3,3,2,1,2,1,1,1,7,7,8,1,1,1,9,14,1,1,1,NaN,2,NaN,NaN,,NaN,,12,9,NaN,NaN,NaN,NaN,1,4,1,1,1,1,1,2,1,1,1,1,1,1,1,1,1,1,1,2,2,1,722421.528,4431905.582,417.813,Cob,1316,0,1,0,12,5
16350,5,2009120002128,2,11,12,6,4,1,2,CV-18,1.1,1,1,0,1,5,3,2,3,3,2,1,1,2,1,1,5,1,4,1,4,1,9,14,2,1,1,NaN,1,3,NaN,,NaN,,NaN,,NaN,NaN,NaN,NaN,1,4,2,1,1,1,1,1,1,1,1,1,1,1,1,1,1,1,1,2,1,1,751403.532,4427333.158,18.349,Pri,24712,0,1,0,22,6
16351,5,2009120002133,2,11,13,6,5,1,1,CV-10,39.2,39,2,1,1,5,2,2,2,3,2,1,2,1,1,2,7,7,8,1,4,1,9,14,1,1,1,NaN,1,NaN,NaN,,NaN,,NaN,,NaN,51,50,NaN,1,4,2,1,1,1,1,1,1,1,1,1,1,1,1,1,1,1,1,2,1,1,759903.992,4457766.106,291.3,Cob,8841,0,1,0,22,1
16352,5,2009120002137,2,11,15,4,7,3,1,CV-195,8.9,8,9,1,1,5,3,2,3,1,2,1,1,2,1,1,1,1,3,1,1,1,2,14,3,1,1,NaN,2,NaN,NaN,,NaN,,NaN,,66,NaN,60,NaN,1,4,1,1,1,1,1,2,2,1,1,1,1,1,1,1,1,1,1,2,1,1,714387.327,4443743.52,780.89,Pri,816,0,1,0,12,6
16353,5,2009120002142,2,11,17,4,2,1,1,CV-18,9,9,0,1,1,5,3,2,3,4,2,2,1,1,2,2,7,7,8,1,1,1,9,14,3,1,3,NaN,2,NaN,NaN,,NaN,,NaN,,66,NaN,60,NaN,1,4,2,1,1,1,1,1,1,1,1,1,1,1,1,1,1,1,1,2,1,1,750367.873,4422076.394,2.733,Sec,12870,0,1,0,11,1
16354,5,2009120002145,2,11,18,4,3,1,1,CV-20,19.6,19,6,1,1,5,2,2,3,3,2,1,2,2,1,2,7,7,8,1,1,1,9,14,1,1,1,NaN,2,NaN,NaN,,NaN,,NaN,,NaN,64,60,NaN,1,4,1,1,1,1,1,2,1,1,1,1,1,1,1,1,1,1,1,2,1,1,714137.91,4438859.028,404.318,Cob,2717,0,1,0,12,4
16356,5,2009120002181,2,11,20,3,5,1,2,CV-18,9.6,9,6,1,1,5,3,2,3,3,2,2,1,2,1,2,5,1,4,1,1,1,9,14,1,1,3,NaN,2,4,NaN,,NaN,,NaN,,NaN,NaN,NaN,NaN,1,4,2,1,1,1,1,1,1,1,1,1,1,1,1,1,1,1,1,2,1,1,750439.329,4422562.632,5.19,Cob,10337,0,0,1,8,6
16357,5,2009120002184,2,11,22,3,7,3,1,CV-15,48.8,48,8,0,1,5,3,2,3,3,2,1,1,1,1,1,7,7,8,1,1,1,9,14,2,1,1,NaN,1,NaN,NaN,,NaN,,NaN,,67,NaN,60,NaN,1,4,1,1,1,1,1,2,1,1,1,1,1,1,1,1,1,1,1,2,1,2,742755.99,4480229.952,849.636,Cob,1624,0,0,1,9,3
16358,5,2009120002186,2,11,22,4,7,3,1,CV-170,8.9,8,9,1,1,5,3,3,3,3,2,1,2,2,1,1,7,7,8,1,1,1,9,14,1,1,1,NaN,1,NaN,NaN,,NaN,,12,9,NaN,NaN,NaN,NaN,1,4,1,1,1,1,1,2,2,2,1,1,1,1,1,1,1,1,1,2,1,1,727135.618,4465260.503,1143.362,Cob,2715,0,1,0,11,5
16360,5,2009120002189,2,11,20,6,5,1,2,CV-18,12.9,12,9,1,1,5,3,2,3,3,2,2,2,1,2,1,7,7,8,1,4,1,9,14,3,1,3,NaN,1,4,NaN,,NaN,,NaN,,NaN,NaN,NaN,NaN,1,4,2,1,1,1,1,1,1,1,1,1,1,1,1,1,1,1,1,2,1,1,751748.896,4425406.099,10.173,Cob,10537,0,0,1,19,1
16362,5,2009120002193,2,11,21,6,6,2,2,CV-10,0.7,0,7,0,1,5,3,2,3,4,2,2,2,1,2,1,7,7,8,1,5,1,9,14,3,1,3,NaN,1,4,NaN,,NaN,,NaN,,NaN,NaN,NaN,NaN,1,4,2,1,1,1,1,1,1,1,1,1,1,1,1,1,1,1,1,2,1,2,742268.842,4416494.646,9.318,Sec,27461,0,0,0,19,1
16364,5,2009120002235,2,11,23,5,1,4,2,CV-18,2.4,2,4,1,1,5,3,1,3,3,2,1,1,1,1,1,5,1,4,1,1,1,9,14,1,1,3,NaN,2,2,NaN,,NaN,,NaN,,NaN,NaN,NaN,NaN,1,4,2,1,1,1,1,1,2,1,1,1,1,1,1,1,1,1,1,2,1,1,746207.456,4417603.619,1.593,Pri,24712,0,0,0,15,6
16365,5,2009120002236,2,11,23,6,1,4,1,CV-160,11.8,11,8,1,1,5,3,1,3,3,2,1,1,1,1,1,5,1,8,1,1,1,9,14,1,2,3,NaN,2,NaN,NaN,,NaN,,NaN,,NaN,63,60,NaN,1,4,2,1,2,1,1,1,2,1,1,1,1,1,1,1,1,1,1,2,1,1,746036.899,4440666.026,205.493,Cob,1240,0,0,0,17,6
16366,5,2009120002247,2,11,26,4,4,1,1,CV-10,50,50,0,1,1,5,2,2,3,3,2,1,1,1,1,1,7,7,8,1,1,1,9,14,2,1,1,NaN,1,NaN,NaN,,NaN,,NaN,,NaN,63,60,NaN,1,4,1,1,1,1,2,1,1,1,1,1,1,1,1,1,1,1,1,2,1,1,758229.303,4447447.172,244.578,Cob,4322,2,0,0,13,2
16367,5,2009120002254,2,11,25,3,3,1,1,CV-20,7,7,0,1,1,5,3,2,3,3,2,2,1,1,2,2,5,1,4,1,1,1,9,14,1,1,1,NaN,2,NaN,NaN,,NaN,,NaN,,66,NaN,60,NaN,1,4,1,1,1,1,1,2,1,1,1,1,1,1,1,1,1,1,1,2,1,1,707089.79,4441258.839,587.184,Pri,16862,0,0,0,10,6
16368,5,2009120002268,2,11,27,1,5,1,1,CV-235,0.6,0,6,0,1,5,3,2,3,3,2,1,1,1,1,1,7,7,8,1,5,1,9,14,3,1,3,NaN,2,NaN,NaN,,21,24,NaN,,NaN,NaN,NaN,NaN,1,4,1,1,1,1,1,1,1,1,1,1,1,1,1,2,1,1,1,2,1,1,703603.375,4423167.343,644.833,Cob,789,0,0,0,23,1
16369,5,2009120002272,2,11,29,3,7,3,1,CV-148,5.8,5,8,0,1,5,2,3,1,1,2,1,1,2,1,1,7,7,8,1,1,1,9,14,2,1,1,NaN,1,NaN,NaN,,NaN,,NaN,,NaN,61,60,NaN,1,4,2,1,2,1,1,1,1,1,1,1,1,1,1,1,1,1,1,2,1,1,761291.49,4444655.986,119.77,NaN,0,0,0,0,8,4
16370,5,2009120002275,2,11,29,3,7,3,1,CV-235,9.5,9,5,1,1,5,2,2,3,3,2,1,2,2,1,2,7,7,8,1,1,1,9,14,2,1,3,NaN,1,NaN,NaN,,NaN,,NaN,,NaN,64,60,NaN,1,4,1,1,1,1,1,2,1,1,1,1,1,1,1,1,1,1,1,2,1,1,695922.084,4415975.991,903.36,Cob,789,0,0,1,10,3
16371,5,2009120002280,2,11,22,6,7,3,1,CV-148,3.9,3,9,0,1,5,2,2,2,3,2,1,2,1,1,1,7,7,8,1,5,1,9,14,3,1,1,NaN,1,NaN,NaN,,21,24,NaN,,NaN,NaN,NaN,NaN,1,4,1,1,1,1,1,1,1,1,1,1,1,1,1,2,1,1,1,2,1,1,759870.655,4445292.948,175.577,Cob,707,0,0,0,22,1
16372,5,2009120002281,2,11,28,3,6,2,1,CV-16,9,9,0,1,1,5,2,2,2,3,2,1,2,1,1,2,7,7,8,1,3,1,9,14,1,1,1,NaN,1,NaN,NaN,,NaN,,NaN,,58,NaN,50,NaN,1,4,1,1,1,1,1,1,1,1,1,1,1,2,1,1,1,1,1,2,1,1,745340.377,4433526.349,129.652,Sec,5116,0,0,0,9,5
16374,5,2009120002284,2,11,27,4,5,1,2,CV-18,5.5,5,5,0,1,5,2,1,3,4,2,1,2,2,2,2,7,7,7,1,1,1,9,14,1,1,1,NaN,1,4,NaN,,NaN,,NaN,,NaN,NaN,NaN,NaN,1,4,1,1,1,1,1,1,2,1,1,1,1,1,1,1,1,1,1,2,1,1,750811.2,4423445.378,5.551,Cob,12914,0,0,0,12,5
16375,5,2009120002285,2,11,29,6,7,3,1,CV-10,32.7,32,7,1,1,5,3,2,2,2,2,1,1,1,1,1,5,1,4,3,4,1,9,14,1,1,1,NaN,1,NaN,NaN,,NaN,,12,9,NaN,NaN,NaN,NaN,1,4,2,1,1,1,1,2,1,2,1,1,1,1,1,1,1,1,1,2,1,1,763010.835,4463034.96,224.215,Cob,15864,0,0,0,19,6
16376,5,2009120002287,2,12,1,6,2,1,1,CV-15,43.5,43,5,1,1,5,3,2,3,3,2,1,1,1,2,1,7,7,8,1,5,1,9,14,3,1,1,NaN,1,NaN,NaN,,21,24,NaN,,NaN,NaN,NaN,NaN,1,4,1,1,1,1,1,1,1,1,1,1,1,1,1,2,1,1,1,2,1,1,753444.956,4468539.673,513.083,Cob,1624,0,0,0,21,1
16377,5,2009120002288,2,11,29,6,7,3,1,CV-18,14.3,14,3,0,1,5,3,2,3,3,2,2,2,1,1,1,7,7,8,1,4,1,9,14,3,1,1,NaN,1,NaN,NaN,,21,24,NaN,,NaN,NaN,NaN,NaN,1,4,1,1,1,1,1,1,1,1,1,1,1,1,1,2,1,1,1,2,1,1,745579.417,4417205.679,-6.31,Cob,10537,0,0,0,22,1
16378,5,2009120002299,2,12,3,3,4,1,1,CV-195,13,13,0,0,1,5,3,2,3,1,2,1,2,2,1,1,7,7,8,1,1,1,2,14,2,1,1,NaN,2,NaN,NaN,,NaN,,NaN,,65,NaN,60,NaN,1,4,1,1,1,1,1,2,1,1,1,1,1,1,1,1,1,1,1,2,1,1,706722.115,4431210.843,759.83,Pri,816,0,0,1,9,4
16382,5,2009120002303,2,12,2,3,3,1,4,CV-10,16,16,0,0,1,5,3,2,3,4,2,2,2,2,2,2,7,7,8,1,3,1,9,14,1,1,3,NaN,2,4,NaN,,NaN,,NaN,,NaN,NaN,NaN,NaN,1,4,1,1,1,1,1,1,1,1,1,1,1,1,1,1,1,1,2,2,1,1,743606.973,4429199.325,78.636,Cob,21348,0,0,0,7,1
16383,5,2009120002306,2,12,6,4,7,3,1,CV-20,45.8,45,8,0,1,5,3,2,3,2,2,1,1,2,1,1,7,7,8,1,1,1,2,14,3,1,1,NaN,2,NaN,NaN,,NaN,,NaN,,NaN,63,60,NaN,1,4,1,1,1,1,1,2,2,1,1,1,1,1,1,1,1,1,1,2,1,1,714537.545,4438850.145,403.845,Cob,596,0,1,0,11,3