Id,Ano,Numero_Accidente,Provincia,Mes,Dia,Hora,Dia_Semana,Tipo_Dia,Vehiculos_Implicados,Carretera,Pk,Km,Hm,Sentido,Zona,Tipo_Via,Anchura_Calzada,Anchura_Carril,Marcas_Viales,Arcen,Arcen_Pavimentado,Mediana,Barrera_Seguridad,Paneles_Direccionales,Hitos_Arista,Captafaros,Interseccion_Tipo,Interseccion_Acondicionamiento,Prioridad_Regulada_por,Superficie,Luminosidad,Factores_Atmosfericos,Visibilidad_Restringida_por,Otras_Circunstancias,Senalizacion_Peligro,Aceras,Arboles,Arboles_Metros_Calzada,Visibilidad_Senalizacion_Vertical,Colision_Vehiculos_Marcha,Colision_Vehiculo_Obstaculo_1,Colision_Vehiculo_Obstaculo_2,Atropello_1,Atropello_2,Vuelco_1,Vuelco_2,Salida_Sin_Colision,Salida_Con_Colision,Lado_Salida,Otro,Circulacion,Circulacion_Medidas_Especiales,Distraccion,Inexperiencia_Conductor,Alcohol_Drogas,Cansancio_Sueno,Enfermedad,Velocidad_Inadecuada,Infraccion_Norma_Circulacion,Estado_Condicion_Via,Estado_Condicion_Senalizacion,Tramo_Obras,Mal_Estado_Vehiculo,Averia_Mecanica,Meteorologia_Adversa,Irrupcion_Animal,Circular_Sentido_Contrario,Otro_Factor,Sin_Opinion_Definida,Pendiente,Curvatura,Peralte,GPS_x,GPS_y,GPS_z,Tipo_Est,IMD,N_Muertos,N_Graves,N_Leves,Hora_Real,Fuera_o_Interseccion
16385,5,2009120002315,2,12,8,6,2,1,2,CV-151,0.1,0,1,1,1,5,2,1,3,4,2,2,2,1,1,1,7,7,8,1,4,1,9,14,1,1,3,NaN,2,3,NaN,,NaN,,NaN,,NaN,NaN,NaN,NaN,1,4,1,1,2,1,1,1,1,1,1,1,1,1,1,1,2,1,1,2,2,1,748213.102,4433603.176,103.192,Pri,24664,0,0,0,18,1
16387,5,2009120002317,2,12,4,3,5,1,2,CV-18,9,9,0,0,1,5,2,2,2,3,2,2,2,2,2,2,5,1,4,1,1,1,9,14,2,1,1,NaN,1,4,NaN,,NaN,,NaN,,NaN,NaN,NaN,NaN,1,4,1,1,1,1,1,1,1,2,1,1,1,1,1,1,1,1,1,2,1,1,749277.775,4420707.766,-1.925,Sec,12870,0,0,0,10,6
16389,5,2009120002338,2,12,8,2,2,3,1,CV-149,2.7,2,7,0,1,5,3,2,3,4,2,2,1,1,1,1,7,7,8,1,4,1,9,14,3,1,3,NaN,1,NaN,NaN,,NaN,,NaN,,67,NaN,60,NaN,1,4,1,1,2,2,1,1,1,1,1,1,1,1,1,1,1,1,1,2,1,1,757312.084,4435199.348,-17.826,Sec,13870,0,0,0,6,1
16391,5,2009120002343,2,12,5,5,6,2,2,CV-222,7.2,7,2,0,1,5,3,2,3,3,2,1,1,1,2,2,5,1,4,1,1,1,9,14,1,1,1,NaN,2,2,NaN,,NaN,,NaN,,NaN,NaN,NaN,NaN,1,4,1,1,1,1,1,1,2,1,1,1,1,1,1,1,1,1,1,2,1,1,746118.423,4420975.461,17.058,Cob,8830,0,0,0,16,6
16393,5,2009120002344,2,12,8,3,2,3,2,CV-10,0.4,0,4,0,1,5,3,2,3,3,2,2,2,1,1,1,7,7,5,1,1,1,9,14,3,1,1,NaN,1,3,NaN,,NaN,,NaN,,NaN,NaN,NaN,NaN,1,4,1,1,2,1,1,1,2,1,1,1,1,1,1,1,1,1,1,2,1,2,742292.331,4416198.195,7.365,Sec,27461,0,0,0,9,1
16396,5,2009120002362,2,12,5,3,6,2,1,CV-15,28,28,0,1,1,5,3,2,3,4,2,1,1,1,1,1,7,7,8,1,1,1,9,14,1,1,1,NaN,2,NaN,NaN,,21,24,NaN,,NaN,NaN,NaN,NaN,1,4,1,1,1,1,1,1,1,1,1,1,1,1,1,2,1,1,1,2,1,1,744007.829,4477138.2,743.409,Per,0,0,0,0,9,1
16397,5,2009120002387,2,12,8,1,2,3,1,CV-10,28,28,0,1,1,5,1,2,4,3,2,2,2,2,2,2,7,7,8,1,5,1,9,14,1,1,1,NaN,2,NaN,NaN,,NaN,,NaN,,57,NaN,50,NaN,1,4,1,1,2,1,1,1,1,1,1,1,1,1,1,1,1,1,1,2,1,1,764979.202,4467214.347,161.914,Sec,16140,0,0,1,3,1
16398,5,2009120002389,2,12,7,6,1,4,1,CV-10,18,18,0,0,1,5,3,2,3,4,2,2,2,2,2,2,5,1,4,1,3,1,9,14,3,1,3,NaN,2,NaN,30,32,NaN,,NaN,,NaN,NaN,NaN,NaN,1,4,1,1,1,1,1,1,1,1,1,1,1,1,1,1,1,1,2,2,1,1,745282.44,4430183.588,69.053,Cob,20528,0,0,0,18,6
16400,5,2009120002391,2,12,12,4,6,2,2,CV-135,14.9,14,9,0,1,5,2,2,3,3,2,1,1,1,2,1,1,1,3,1,1,1,9,14,1,1,3,NaN,1,2,NaN,,NaN,,NaN,,NaN,NaN,NaN,NaN,1,4,1,1,1,1,1,1,2,1,1,1,1,1,1,1,1,1,1,2,1,1,784624.532,4484185.891,96.489,Pri,3137,0,0,0,13,6
16401,5,2009120002392,2,12,12,4,6,2,1,CV-20,17.5,17,5,0,1,5,3,2,3,3,2,1,1,2,1,1,7,7,8,1,1,1,9,14,1,1,1,NaN,2,NaN,NaN,,NaN,,NaN,,65,NaN,60,NaN,1,4,1,1,1,1,1,2,1,1,1,1,1,1,1,1,1,1,1,2,2,2,730786.946,4430362.208,299.844,Cob,2717,0,1,0,11,5
16402,5,2009120002434,2,12,14,6,1,1,1,CV-10,31,31,0,0,1,5,3,2,3,4,2,2,2,1,1,1,7,7,8,1,3,1,9,14,3,1,1,NaN,1,NaN,NaN,,21,24,NaN,,NaN,NaN,NaN,NaN,1,4,1,1,1,1,1,1,1,1,1,1,1,1,1,2,1,1,1,2,1,1,752969.759,4439452.33,201.466,Cob,15864,0,0,0,21,1
16403,5,2009120002447,2,12,11,6,5,2,1,CV-20,18,18,0,0,1,5,3,2,3,2,2,1,2,2,1,1,7,7,5,2,5,1,9,14,1,1,1,NaN,2,NaN,NaN,,NaN,,NaN,,NaN,64,60,NaN,1,4,1,1,1,1,1,2,1,1,1,1,1,1,1,1,1,1,1,2,1,1,730334.156,4430296.405,297.51,Cob,2717,0,0,1,22,5
16405,5,2009120002452,2,12,11,2,5,1,2,CV-10,28,28,0,0,1,5,3,2,3,4,2,2,1,1,1,1,7,7,8,1,5,1,9,14,3,1,1,NaN,1,4,NaN,,NaN,,NaN,,NaN,NaN,NaN,NaN,1,4,1,1,1,2,1,1,1,1,1,1,1,1,1,1,1,1,1,2,1,1,751053.237,4437197.397,166.658,Sec,16140,0,0,0,6,1
16406,5,2009120002455,2,12,16,4,3,1,1,CV-190,5.5,5,5,1,1,5,3,2,3,1,2,1,1,1,1,1,7,7,8,3,1,9,3,14,2,1,3,NaN,1,NaN,NaN,,NaN,,NaN,,NaN,63,60,NaN,1,4,2,1,1,1,1,1,1,1,1,1,1,1,1,1,1,1,1,2,2,3,708980.435,4451033.742,981.307,Cob,5744,0,0,0,14,3
16407,5,2009120002466,2,12,13,4,7,3,1,CV-223,7.3,7,3,0,1,5,3,2,3,3,2,1,2,2,2,2,7,7,8,3,1,4,9,14,1,1,1,NaN,2,NaN,NaN,,NaN,,NaN,,NaN,63,60,NaN,1,4,1,1,1,1,1,2,1,1,1,1,1,1,1,1,1,1,1,2,1,1,733623.022,4418649.097,250.816,Sec,3259,0,0,1,14,2
16408,5,2009120002478,2,12,20,6,7,3,1,CV-135,20.3,20,3,1,1,5,2,3,3,1,2,1,1,1,2,2,7,7,8,1,4,1,9,14,3,1,1,NaN,1,NaN,NaN,,NaN,,NaN,,NaN,63,60,NaN,1,4,2,1,1,1,1,1,1,1,1,1,1,1,1,1,1,1,1,2,1,1,774647.051,4485465.708,286.954,Pri,3137,0,0,0,18,1
16409,5,2009120002492,2,12,20,4,7,3,1,CV-10,13,13,0,1,1,2,3,2,3,3,2,2,2,1,2,2,7,7,8,1,1,1,9,14,2,1,3,NaN,1,NaN,NaN,,NaN,,NaN,,NaN,52,50,NaN,1,4,2,1,1,1,1,1,1,1,1,1,1,1,1,1,1,1,1,2,1,1,769738.255,4480561.56,306.699,Sec,32979,0,0,0,13,2
16410,5,2009120002505,2,12,21,6,1,4,1,CV-20,15.6,15,6,0,1,5,3,2,3,3,2,1,2,2,1,1,7,7,8,1,4,1,2,14,1,1,1,NaN,2,NaN,NaN,,NaN,,NaN,,NaN,63,60,NaN,1,4,2,1,1,1,1,1,2,1,1,1,1,1,1,1,1,1,1,2,1,1,732397.716,4430602.75,229.273,Cob,2717,0,0,0,19,5
16411,5,2009120002506,2,12,22,1,2,1,1,CV-20,4.4,4,4,1,1,5,3,2,3,3,2,2,2,1,1,1,5,6,4,1,4,1,9,14,1,2,1,NaN,2,NaN,NaN,,NaN,,NaN,,NaN,54,50,NaN,1,4,2,1,2,1,1,1,2,1,1,1,1,1,1,1,1,1,1,2,1,2,705680.143,4441832.677,626.783,Pri,16862,0,0,0,23,6
16412,5,2009120002513,2,12,22,6,2,1,1,CV-215,3.5,3,5,1,1,5,2,2,3,1,2,1,1,2,1,1,7,7,8,3,5,4,2,14,2,1,3,NaN,1,NaN,NaN,,NaN,,NaN,,NaN,63,60,NaN,1,4,1,1,1,1,1,2,1,1,1,1,1,1,1,1,1,1,1,2,1,2,721309.077,4421101.528,513.64,Cob,771,0,0,0,18,3
16415,5,2009120002520,2,12,22,4,2,1,3,CV-10,21.1,21,1,1,1,5,3,2,3,3,2,2,2,1,2,2,7,7,8,3,1,4,9,8,1,1,3,NaN,2,5,NaN,,NaN,,NaN,,NaN,NaN,NaN,NaN,1,4,1,1,1,1,1,1,2,1,1,1,1,1,1,1,1,1,1,2,1,1,766690.519,4473366.363,232.291,Pri,19609,0,0,0,14,1
16417,5,2009120002523,2,12,24,4,4,2,2,CV-15,6.7,6,7,0,1,5,2,2,3,3,2,1,2,1,1,1,7,7,8,1,1,1,9,14,3,1,1,NaN,2,4,NaN,,NaN,,NaN,,NaN,NaN,NaN,NaN,1,4,2,1,1,1,1,1,1,1,1,1,1,1,1,1,1,1,1,2,1,1,753985.316,4450071.12,267.577,Cob,5696,0,0,1,13,1
16418,5,2009120002525,2,12,21,4,1,4,1,CV-151,0.1,0,1,1,1,5,3,2,3,3,2,2,2,1,1,1,5,1,4,3,1,4,9,14,1,1,3,NaN,2,NaN,NaN,,NaN,,NaN,,NaN,53,50,NaN,1,4,1,1,1,1,1,2,1,1,1,1,1,1,1,1,1,1,1,2,2,1,748213.102,4433603.176,103.192,Pri,24664,0,0,0,11,6
16419,5,2009120002528,2,12,22,4,2,1,1,CV-230,22.5,22,5,0,1,5,2,2,3,1,2,1,2,1,1,1,7,7,5,3,1,4,9,4,2,1,1,NaN,4,NaN,NaN,,NaN,,NaN,,NaN,64,60,NaN,1,4,1,1,1,1,1,1,1,2,1,1,1,1,2,1,1,1,1,2,1,1,737875.607,4410083.988,56.178,Cob,9211,0,0,0,13,2
16420,5,2009120002532,2,12,27,4,7,3,1,CV-10,31.1,31,1,0,1,5,3,2,3,4,2,2,2,1,2,2,7,7,8,1,1,1,9,14,3,1,1,NaN,2,NaN,NaN,,NaN,,NaN,,NaN,54,50,NaN,1,4,2,1,1,1,1,1,2,1,1,1,1,1,1,1,1,1,1,2,1,1,753028.743,4439543.834,201.409,Cob,15864,0,0,1,11,1
16421,5,2009120002534,2,12,24,4,4,1,1,CV-10,32.5,32,5,0,1,5,3,2,3,4,2,2,2,2,2,2,5,1,8,3,1,5,9,13,3,1,3,NaN,1,NaN,NaN,,NaN,,NaN,,57,NaN,50,NaN,1,4,1,2,1,1,1,1,1,1,1,1,1,2,2,1,1,1,1,2,1,1,753780.244,4440714.083,215.972,Cob,15864,0,0,0,11,6
16423,5,2009120002535,2,12,25,6,5,3,1,CV-135,17.6,17,6,0,1,5,1,3,3,1,2,1,1,1,1,1,7,7,8,1,5,1,9,14,3,1,3,NaN,1,NaN,NaN,,21,24,NaN,,NaN,NaN,NaN,NaN,1,4,1,1,1,1,1,1,1,1,1,1,1,1,1,2,1,1,1,2,1,1,786696.912,4483604.647,51.597,Pri,3137,0,0,0,18,1
16424,5,2009120002540,2,12,28,3,1,4,1,CV-222,7.5,7,5,0,1,5,3,2,3,4,2,1,2,2,2,2,7,7,8,1,5,1,9,14,3,1,3,NaN,2,NaN,NaN,,21,24,NaN,,NaN,NaN,NaN,NaN,1,4,1,1,1,1,1,1,1,1,1,1,1,1,1,2,1,1,1,2,1,1,746398.759,4420978.667,21.446,Cob,8830,0,0,0,7,1
16427,5,2009120002542,2,12,28,4,1,4,2,CV-20,2.3,2,3,0,1,5,3,2,3,4,2,1,2,2,2,2,7,7,8,1,1,1,9,14,2,1,3,NaN,2,3,NaN,,NaN,,NaN,,NaN,NaN,NaN,NaN,1,4,2,1,1,1,1,1,2,1,1,1,1,1,1,1,1,1,1,2,1,1,743134.497,4426002.258,52.151,Sec,11385,0,0,0,14,1
16428,5,2009120002546,2,12,31,1,4,2,1,CV-160,14.5,14,5,1,1,5,2,2,3,3,2,1,1,1,1,1,7,7,8,1,4,1,9,14,2,1,1,NaN,1,NaN,NaN,,NaN,,NaN,,NaN,61,60,NaN,1,4,1,1,1,2,1,1,1,1,1,1,1,1,1,1,1,1,1,2,2,2,745228.311,4438350.219,190.836,Sec,2692,0,0,1,2,1
16430,5,2009120002547,2,12,30,4,3,1,2,CV-18,6,6,0,1,1,5,2,2,3,1,2,1,1,1,1,1,7,7,8,1,1,1,9,14,1,1,1,NaN,2,3,NaN,,NaN,,NaN,,NaN,NaN,NaN,NaN,1,4,1,1,1,1,1,1,2,1,1,1,1,1,1,1,1,1,1,2,1,1,748488.715,4420219.821,0.799,Cob,12914,0,0,0,11,5
16431,5,2009120002549,2,12,31,5,4,2,1,CV-195,11.8,11,8,1,1,5,3,3,3,3,2,1,2,2,1,1,7,7,8,1,1,1,9,14,2,1,1,NaN,2,NaN,NaN,,NaN,,NaN,,NaN,64,60,NaN,1,4,1,1,1,1,1,1,1,1,1,1,1,1,1,1,1,2,1,2,1,1,713355.313,4442070.984,597.458,Pri,816,0,0,1,16,5
16433,4,2009460000002,3,12,18,6,4,1,2,CV-407,2.5,2,5,1,1,5,2,2,3,3,2,1,1,2,1,1,1,1,5,1,3,1,9,14,3,1,3,NaN,2,2,NaN,,NaN,,NaN,,NaN,NaN,NaN,NaN,1,4,1,1,1,1,1,1,2,1,1,1,1,1,1,1,1,1,1,2,1,1,722836.224,4368597.805,4.722,Cob,12486,0,0,2,19,6
16434,4,2009460000007,3,12,26,1,5,4,1,CV-50,89.2,89,2,0,1,5,2,2,3,3,2,1,1,1,2,1,7,7,8,1,5,1,9,14,3,1,1,NaN,1,NaN,NaN,,NaN,,NaN,,66,NaN,60,NaN,1,4,1,1,1,1,1,2,1,1,1,1,1,1,1,1,1,1,1,2,1,1,705103.625,4385373.667,121.981,Cob,10828,0,1,0,4,2
16437,5,2009460000023,3,1,2,5,5,1,1,CV-390,46,46,0,0,1,5,2,2,3,3,2,1,1,1,1,1,5,6,4,1,1,1,9,14,1,1,3,NaN,2,NaN,NaN,,NaN,,NaN,,66,NaN,60,NaN,1,4,1,1,1,1,1,2,1,1,1,1,1,1,1,1,1,1,1,2,1,1,654862.437,4383152.939,761.968,NaN,0,0,0,2,16,6
16438,4,2009460000032,3,12,31,6,3,2,1,CV-50,9,9,0,0,1,5,3,2,3,4,2,1,1,1,1,1,7,7,5,1,5,1,9,14,3,1,1,NaN,2,NaN,NaN,,21,24,NaN,,NaN,NaN,NaN,NaN,1,4,1,1,1,1,1,1,1,1,1,1,1,1,1,2,1,1,1,2,1,1,730767.772,4329210.152,72.233,Cob,10467,0,0,0,20,1
16439,5,2009460000036,3,1,3,2,6,2,1,CV-43,0.8,0,8,0,1,5,3,2,3,3,2,1,2,1,1,1,7,7,5,1,5,1,9,14,3,1,1,NaN,1,NaN,NaN,,NaN,,NaN,,NaN,63,60,NaN,1,4,2,2,1,2,1,1,1,1,1,1,1,1,1,1,1,1,1,2,1,1,720615.507,4337848.716,-5.871,Cob,10645,0,0,2,6,1
16440,5,2009460000037,3,1,4,2,7,3,1,CV-40,2.7,2,7,0,1,2,3,2,3,4,2,2,2,1,1,1,7,7,8,1,5,1,9,14,2,1,1,NaN,1,NaN,NaN,,NaN,,NaN,,NaN,53,50,NaN,1,4,2,1,1,1,1,1,1,1,1,1,1,1,1,1,1,1,1,2,1,1,710391.321,4317633.642,104.182,Cob,21147,0,0,0,6,1
16443,4,2009460000051,3,12,27,4,6,2,2,CV-50,74.5,74,5,1,1,5,2,2,3,2,2,1,1,2,1,1,5,1,4,1,1,1,9,14,1,1,1,NaN,2,2,NaN,,NaN,,NaN,,NaN,NaN,NaN,NaN,1,4,2,1,1,1,1,1,1,1,1,1,1,1,1,1,1,1,1,2,1,1,723401.624,4335062.604,5.815,Cob,4246,0,0,1,13,6
16446,4,2009460000070,3,12,31,4,3,1,3,CV-33,1.5,1,5,0,1,5,3,2,3,4,2,2,2,2,2,2,7,7,8,1,1,1,9,14,3,1,1,NaN,1,5,NaN,,NaN,,NaN,,NaN,NaN,NaN,NaN,2,4,2,1,1,1,1,1,1,1,1,1,1,1,1,1,1,1,1,2,1,1,717251.566,4372390.591,35.442,Cob,30062,0,0,0,14,1
16448,5,2009460000095,3,1,2,6,5,1,2,CV-32,0.9,0,9,1,1,5,3,3,3,2,2,2,2,2,2,2,5,1,8,1,3,1,9,14,3,1,1,NaN,1,2,NaN,,NaN,,NaN,,NaN,NaN,NaN,NaN,1,4,2,1,1,1,1,1,2,1,1,1,1,1,1,1,1,1,1,2,1,2,725444.939,4386441.55,39.692,Per,24274,0,0,0,17,6
16450,5,2009460000124,3,1,4,4,7,3,1,CV-35,11,11,0,1,1,2,3,2,3,4,2,2,2,1,2,2,7,7,5,3,1,1,9,14,3,1,3,NaN,2,NaN,NaN,,NaN,,NaN,,NaN,54,50,NaN,1,4,2,1,1,1,1,1,1,1,1,1,1,1,2,1,1,1,1,2,1,1,660247.686,4420870.323,907.356,Per,93959,0,0,0,13,2
16451,5,2009460000127,3,1,5,3,1,1,1,CV-35,26.1,26,1,1,1,2,3,2,3,4,2,2,2,2,2,2,4,1,8,1,1,1,9,14,2,1,1,NaN,1,NaN,NaN,,NaN,,NaN,,NaN,61,60,NaN,1,4,2,1,1,1,1,1,1,1,1,1,1,1,1,1,1,1,1,2,2,3,662959.046,4408970.698,839.473,Per,18417,0,0,0,9,6
16452,5,2009460000128,3,1,5,4,1,4,1,CV-35,4.5,4,5,1,1,2,3,2,3,4,2,2,2,1,2,2,3,1,4,1,1,1,9,14,2,1,3,NaN,2,NaN,NaN,,NaN,,NaN,,NaN,64,60,NaN,1,4,2,1,1,1,1,1,1,1,1,1,1,1,1,1,1,1,1,2,1,1,655246.047,4422938.623,943.174,Per,85829,0,0,0,11,6
16454,5,2009460000130,3,1,5,6,1,1,2,CV-35,15.4,15,4,0,1,2,3,2,3,4,2,2,2,2,2,2,7,7,8,1,4,1,9,14,2,1,1,NaN,1,4,NaN,,NaN,,NaN,,NaN,NaN,NaN,NaN,1,4,2,1,1,1,1,1,1,1,1,1,1,1,1,1,1,1,1,2,1,1,712137.291,4384491.134,87.931,Per,80544,0,0,0,19,1
16464,5,2009460000158,3,1,6,3,2,3,3,CV-35,30.8,30,8,0,1,2,3,2,3,4,2,2,2,2,2,2,7,7,5,1,1,1,9,14,3,1,3,NaN,2,4,NaN,,NaN,,NaN,,NaN,NaN,NaN,NaN,1,4,2,1,2,1,1,1,1,1,1,1,1,1,1,1,1,1,1,2,1,1,701591.614,4392543.277,169.126,Per,12252,0,1,9,8,1
16465,5,2009460000160,3,1,9,6,5,1,1,CV-40,1.2,1,2,0,1,2,3,2,3,4,2,2,2,2,2,2,1,1,8,3,5,1,9,14,1,1,3,NaN,2,NaN,NaN,,NaN,,NaN,,66,NaN,60,NaN,1,4,2,1,1,1,1,1,1,1,1,1,1,1,1,1,1,1,1,2,1,1,709195.877,4318509.701,136.519,Cob,21147,0,0,1,21,6
16468,5,2009460000170,3,1,10,1,6,2,1,CV-81,0.1,0,1,0,1,7,1,2,2,4,2,1,2,2,2,2,7,7,5,3,5,3,2,14,1,1,1,NaN,2,NaN,NaN,,NaN,,NaN,,56,NaN,50,NaN,1,4,1,1,2,1,1,2,2,1,1,1,1,1,1,1,1,1,1,2,1,1,712016.169,4301165.965,319.086,Cob,19325,0,1,2,3,5
16470,5,2009460000171,3,1,9,6,5,1,2,CV-407,1.3,1,3,1,1,5,3,2,3,3,2,1,1,1,1,1,1,1,3,3,5,1,9,14,1,1,1,NaN,2,2,NaN,,NaN,,NaN,,NaN,NaN,NaN,NaN,1,4,1,1,1,1,1,1,2,1,1,1,1,1,1,1,1,1,1,2,2,1,723868.855,4368211.416,-2.684,Cob,12140,0,0,1,21,6
16471,5,2009460000173,3,1,6,6,2,3,1,CV-35,18,18,0,0,1,2,3,2,3,4,2,2,2,1,2,2,7,7,5,1,3,1,9,14,2,1,3,NaN,2,NaN,NaN,,NaN,,NaN,,NaN,64,60,NaN,1,4,2,1,1,2,1,1,1,1,1,1,1,1,1,1,1,1,1,2,1,1,710899.038,4386649.983,113.72,Per,45449,0,0,0,20,1
16476,5,2009460000186,3,1,7,6,3,4,3,CV-35,44.8,44,8,0,1,2,3,2,3,4,2,1,1,1,1,1,7,7,8,1,1,1,9,14,3,1,3,NaN,2,3,NaN,,NaN,,NaN,,NaN,NaN,NaN,NaN,1,4,1,1,1,1,1,1,1,1,1,1,1,1,1,1,1,2,1,2,1,1,689536.465,4397123.543,404.834,Per,5663,0,0,0,17,1
16478,5,2009460000187,3,1,9,5,5,1,2,CV-50,61,61,0,0,1,5,2,2,1,1,2,1,1,1,1,1,1,1,8,3,1,1,3,14,2,1,3,NaN,2,2,NaN,,NaN,,NaN,,NaN,NaN,NaN,NaN,1,4,1,1,1,1,1,1,2,1,1,1,1,1,1,1,1,1,1,2,1,2,697981.308,4361478.903,214.34,Cob,1016,0,0,0,15,6
16479,5,2009460000215,3,1,12,3,1,4,1,CV-610,16.8,16,8,0,1,5,3,2,3,3,2,1,1,2,1,1,5,1,4,3,1,3,9,14,1,1,1,NaN,2,NaN,NaN,,NaN,,NaN,,NaN,NaN,NaN,71,1,4,1,1,1,1,1,1,1,1,1,1,1,2,1,1,1,2,1,2,1,1,728282.103,4313984.027,266.66,Cob,2999,0,0,0,8,6
16480,5,2009460000259,3,1,12,2,1,1,1,CV-300,9,9,0,1,1,5,3,2,3,3,2,2,1,1,2,1,5,1,4,1,5,1,9,14,1,1,1,NaN,2,NaN,NaN,,NaN,,NaN,,NaN,54,50,NaN,1,4,2,1,1,2,1,1,1,1,1,1,1,1,1,1,1,1,1,2,2,1,730181.358,4386096.465,8.705,Cob,12969,0,0,1,6,6
16482,5,2009460000262,3,1,15,5,4,1,1,CV-33,3.5,3,5,1,1,5,3,2,3,3,2,2,2,2,2,1,4,1,8,1,1,1,9,14,1,1,1,NaN,2,NaN,NaN,,NaN,,NaN,,66,NaN,60,NaN,1,4,2,1,1,1,1,2,1,1,1,1,1,1,1,1,1,1,1,2,1,1,717523.094,4370187.218,28.958,Cob,22232,0,0,1,16,6
16483,5,2009460000265,3,1,15,2,4,1,1,CV-33,3.4,3,4,1,1,5,3,2,3,3,2,2,2,1,2,1,7,7,8,1,3,1,9,14,3,1,1,NaN,1,NaN,NaN,,NaN,,NaN,,NaN,64,60,NaN,1,4,2,1,1,2,1,1,1,1,1,1,1,1,1,1,1,1,1,2,1,1,717493.027,4370280.736,29.075,Cob,22232,0,0,1,6,1
16487,5,2009460000268,3,1,13,4,2,1,2,CV-32,3,3,0,1,1,5,3,2,3,3,2,2,2,1,2,1,5,1,5,1,1,1,9,14,3,1,1,NaN,1,3,NaN,,NaN,,NaN,,NaN,NaN,NaN,NaN,1,4,2,1,1,1,1,1,2,1,1,1,1,1,1,1,1,1,1,2,1,2,727201.155,4385543.105,19.448,Cob,16064,0,0,0,13,6
16488,5,2009460000272,3,1,16,3,5,1,1,CV-36,1.6,1,6,1,1,2,3,2,3,4,2,2,2,1,2,1,7,7,8,1,1,1,9,14,3,1,1,NaN,1,NaN,NaN,,NaN,,NaN,,NaN,52,50,NaN,1,4,1,2,1,1,1,1,1,1,1,1,1,1,1,1,1,1,1,2,1,2,718031.149,4369269.92,24.137,Pri,68545,0,0,1,9,1
16490,5,2009460000287,3,1,17,3,6,1,1,CV-36,2.6,2,6,0,1,2,3,2,3,4,2,2,2,1,2,1,7,7,8,1,1,1,9,14,3,1,1,NaN,1,NaN,NaN,,NaN,,NaN,,NaN,52,50,NaN,1,4,1,1,1,1,1,1,1,1,1,1,1,1,1,1,1,2,1,2,1,1,715594.271,4369367.494,41.338,Pri,68545,0,0,0,8,2
16491,5,2009460000291,3,1,17,6,6,2,1,CV-35,28.8,28,8,1,1,2,3,2,3,3,2,2,2,2,2,1,7,7,5,1,2,1,2,3,1,1,1,NaN,2,NaN,NaN,,NaN,,NaN,,NaN,64,60,NaN,1,4,2,1,1,1,1,2,1,1,1,1,1,1,1,1,1,1,1,2,1,1,664092.674,4407259.675,703.539,Per,13938,0,0,0,18,2
16492,5,2009460000294,3,1,18,2,7,3,1,CV-35,5.8,5,8,1,1,2,3,2,3,4,2,2,2,1,2,1,7,7,8,1,3,1,9,14,3,1,1,NaN,1,NaN,NaN,,NaN,,NaN,,NaN,52,50,NaN,1,4,1,2,1,1,1,1,1,1,1,1,1,1,1,1,1,1,1,2,1,1,656419.085,4423018.996,946.871,Per,100390,0,0,1,6,1
16493,5,2009460000380,3,1,22,6,4,1,1,CV-50,28.6,28,6,0,1,5,2,2,3,1,2,1,1,1,2,2,5,1,4,1,3,1,9,14,3,1,1,NaN,2,NaN,NaN,,NaN,,NaN,,NaN,61,60,NaN,1,4,2,1,2,1,1,1,1,1,1,1,1,1,1,1,1,1,1,2,1,1,716586.23,4341067.513,1.854,Cob,14022,0,0,0,19,6
16496,5,2009460000382,3,1,20,3,2,1,3,CV-36,1.7,1,7,0,1,2,3,2,3,4,2,2,2,2,2,2,7,7,8,1,2,1,9,14,3,1,1,NaN,1,5,NaN,,NaN,,NaN,,NaN,NaN,NaN,NaN,1,4,2,1,1,1,1,1,1,1,1,1,1,1,1,1,1,1,1,2,1,1,716470.829,4369373.087,37.999,Pri,68545,0,0,0,7,1
16497,5,2009460000399,3,1,24,1,6,2,1,CV-60,19.6,19,6,0,1,5,3,2,3,3,2,1,2,1,1,1,7,7,8,1,4,1,9,14,3,1,1,NaN,1,NaN,NaN,,NaN,,NaN,,66,NaN,60,NaN,1,4,1,1,2,1,1,1,1,1,1,1,1,1,1,1,1,1,1,2,1,1,728719.662,4307558.112,289.391,Cob,8004,0,0,0,23,1
16498,5,2009460000412,3,1,22,6,4,1,1,CV-300,2.5,2,5,0,1,5,3,2,3,4,2,2,2,1,1,1,5,1,4,1,3,1,9,14,1,1,1,NaN,2,NaN,NaN,,NaN,,NaN,,66,NaN,60,NaN,1,4,1,1,1,1,1,2,1,1,1,1,1,1,1,1,1,1,1,2,1,1,729593.302,4386515.598,16.459,Pri,12843,0,0,0,22,6