Id,Ano,Numero_Accidente,Provincia,Mes,Dia,Hora,Dia_Semana,Tipo_Dia,Vehiculos_Implicados,Carretera,Pk,Km,Hm,Sentido,Zona,Tipo_Via,Anchura_Calzada,Anchura_Carril,Marcas_Viales,Arcen,Arcen_Pavimentado,Mediana,Barrera_Seguridad,Paneles_Direccionales,Hitos_Arista,Captafaros,Interseccion_Tipo,Interseccion_Acondicionamiento,Prioridad_Regulada_por,Superficie,Luminosidad,Factores_Atmosfericos,Visibilidad_Restringida_por,Otras_Circunstancias,Senalizacion_Peligro,Aceras,Arboles,Arboles_Metros_Calzada,Visibilidad_Senalizacion_Vertical,Colision_Vehiculos_Marcha,Colision_Vehiculo_Obstaculo_1,Colision_Vehiculo_Obstaculo_2,Atropello_1,Atropello_2,Vuelco_1,Vuelco_2,Salida_Sin_Colision,Salida_Con_Colision,Lado_Salida,Otro,Circulacion,Circulacion_Medidas_Especiales,Distraccion,Inexperiencia_Conductor,Alcohol_Drogas,Cansancio_Sueno,Enfermedad,Velocidad_Inadecuada,Infraccion_Norma_Circulacion,Estado_Condicion_Via,Estado_Condicion_Senalizacion,Tramo_Obras,Mal_Estado_Vehiculo,Averia_Mecanica,Meteorologia_Adversa,Irrupcion_Animal,Circular_Sentido_Contrario,Otro_Factor,Sin_Opinion_Definida,Pendiente,Curvatura,Peralte,GPS_x,GPS_y,GPS_z,Tipo_Est,IMD,N_Muertos,N_Graves,N_Leves,Hora_Real,Fuera_o_Interseccion
16499,5,2009460000429,3,1,22,1,4,1,1,CV-35,3.6,3,6,0,1,2,3,2,3,4,2,2,2,1,2,2,7,7,8,1,3,1,9,14,3,1,1,NaN,2,NaN,NaN,,NaN,,NaN,,NaN,52,50,NaN,1,4,1,1,1,1,1,1,1,1,1,1,1,1,1,1,1,1,2,2,1,1,720965.851,4377212.512,43.804,Per,123057,0,0,0,23,1
16501,5,2009460000433,3,1,23,1,5,1,2,CV-35,6,6,0,1,1,2,3,2,3,4,2,2,2,1,2,2,7,7,8,1,4,1,9,14,2,1,1,NaN,1,NaN,30,29,NaN,,NaN,,NaN,NaN,NaN,NaN,1,4,1,1,1,1,1,1,1,1,1,1,1,1,1,1,1,1,2,2,1,1,656613.793,4422984.476,951.347,Per,100390,0,0,1,3,1
16503,5,2009460000452,3,1,25,3,7,3,1,CV-500,11.9,11,9,1,1,5,3,2,3,4,2,1,1,2,2,2,7,7,8,1,5,1,9,14,3,1,3,NaN,2,NaN,NaN,,NaN,,NaN,,NaN,61,60,NaN,1,4,2,1,2,1,1,1,1,1,1,1,1,1,1,1,1,1,1,2,1,1,734343.634,4352552.923,-17.96,Sec,12840,0,1,2,7,2
16506,5,2009460000488,3,1,15,1,4,1,3,CV-32,7,7,0,1,1,5,2,2,3,1,2,1,1,2,1,1,7,7,8,1,5,1,9,14,1,1,1,NaN,2,2,NaN,,NaN,,NaN,,NaN,NaN,NaN,NaN,1,4,2,1,2,1,1,1,2,1,1,1,1,1,1,1,1,1,1,2,1,1,729522.056,4382823.708,-5.396,Sec,17955,0,0,0,1,4
16508,5,2009460000497,3,1,25,6,7,3,2,CV-35,3.3,3,3,0,1,2,3,2,3,4,2,2,2,1,2,2,7,7,8,1,3,1,9,14,2,1,3,NaN,2,3,NaN,,NaN,,NaN,,NaN,NaN,NaN,NaN,1,4,1,1,2,1,1,1,2,1,1,1,1,1,1,1,1,1,1,2,1,1,721121.784,4376962.877,37.375,Per,123057,0,0,0,18,1
16510,5,2009460000499,3,1,26,6,1,4,2,CV-81,11.3,11,3,0,1,5,3,2,3,1,2,1,1,1,1,1,7,7,5,1,4,1,9,14,1,1,1,NaN,1,1,NaN,,NaN,,NaN,,NaN,NaN,NaN,NaN,1,4,1,1,1,1,1,2,2,1,1,1,1,1,1,1,1,1,1,2,2,3,709463.483,4295564.256,510.331,Cob,5383,0,0,0,20,3
16511,5,2009460000500,3,1,27,3,2,1,1,CV-610,11.4,11,4,1,1,5,2,2,3,1,2,1,2,1,1,1,7,7,8,1,1,1,9,14,1,1,1,NaN,2,NaN,NaN,,NaN,,NaN,,65,NaN,60,NaN,1,4,1,1,1,1,2,1,1,1,1,1,1,1,1,1,1,1,1,2,1,1,725463.936,4314349.618,203.774,Cob,5188,0,0,0,8,3
16512,5,2009460000501,3,1,26,4,1,4,1,CV-500,8.8,8,8,1,1,5,2,2,3,3,2,1,1,1,2,1,7,7,8,9,1,8,9,13,2,1,1,NaN,2,NaN,30,32,NaN,,NaN,,NaN,NaN,NaN,NaN,1,4,1,1,1,1,1,1,1,1,1,1,1,1,1,1,1,1,2,2,1,1,735511.818,4349756.726,-16.52,Cob,13007,0,0,1,11,1
16513,5,2009460000502,3,1,26,5,1,4,1,CV-35,7,7,0,1,1,2,3,2,3,4,2,2,2,2,2,2,4,1,5,1,1,1,9,14,1,1,3,NaN,2,NaN,NaN,,NaN,,NaN,,NaN,54,50,NaN,1,4,2,1,1,1,1,1,2,1,1,1,1,1,1,1,1,1,1,2,1,1,657177.082,4422332.73,982.471,Per,97430,0,0,1,15,6
16514,5,2009460000519,3,1,27,3,2,1,1,CV-500,12,12,0,0,1,5,2,2,3,3,2,1,1,1,2,1,7,7,8,1,5,1,9,14,3,1,1,NaN,2,NaN,NaN,,NaN,,NaN,,NaN,51,50,NaN,1,4,1,1,1,1,1,1,1,1,1,1,1,1,1,1,1,2,1,2,1,1,730882.543,4358759.735,-15.904,Sec,12840,0,0,1,7,2
16515,5,2009460000521,3,1,27,3,2,1,1,CV-33,3.2,3,2,0,1,5,2,2,3,3,2,2,2,2,2,1,3,1,4,1,1,1,9,14,1,1,1,NaN,2,NaN,NaN,,NaN,,NaN,,NaN,54,50,NaN,1,4,1,1,1,1,1,1,2,1,1,1,1,1,1,1,1,1,1,2,1,1,721904.155,4364786.77,-0.226,Cob,22232,0,0,0,10,6
16516,5,2009460000523,3,1,27,4,2,1,1,CV-35,6,6,0,1,1,2,3,2,3,4,2,2,2,1,2,2,4,1,5,1,1,8,9,14,3,1,3,NaN,2,NaN,NaN,,NaN,,NaN,,NaN,52,50,NaN,1,4,2,1,1,1,1,1,1,1,1,1,1,1,1,1,1,1,1,2,1,1,656613.793,4422984.476,951.347,Per,100390,0,0,1,13,6
16517,5,2009460000540,3,1,28,6,3,1,1,CV-35,8,8,0,1,1,2,3,2,3,4,2,2,2,2,2,2,7,7,8,1,1,1,9,14,3,1,1,NaN,1,NaN,NaN,,NaN,,NaN,,NaN,64,60,NaN,1,4,2,1,2,1,1,1,1,1,1,1,1,1,1,1,1,1,1,2,1,1,657700.159,4422076.53,1004.365,Per,97430,0,0,0,17,1
16520,5,2009460000545,3,1,25,6,7,3,3,CV-35,3.3,3,3,0,1,2,3,2,3,4,2,2,2,1,2,2,7,7,8,1,3,1,9,14,3,1,3,NaN,1,4,NaN,,NaN,,NaN,,NaN,NaN,NaN,NaN,1,4,2,1,2,1,1,1,2,1,1,1,1,1,1,1,1,1,1,2,1,1,721121.784,4376962.877,37.375,Per,123057,0,0,0,18,1
16523,5,2009460000557,3,1,28,6,3,1,2,CV-306,0.1,0,1,1,1,5,3,2,3,3,2,1,1,1,1,1,5,1,4,1,1,1,9,14,3,1,1,NaN,2,4,NaN,,NaN,,NaN,,NaN,NaN,NaN,NaN,1,4,2,1,1,1,1,1,1,1,1,1,1,1,1,1,1,1,1,2,1,1,731278.532,4389347.382,-3.875,Sec,6506,0,0,0,21,6
16524,5,2009460000558,3,1,28,6,3,1,1,CV-42,16.8,16,8,1,1,5,3,2,3,3,2,1,1,1,1,1,7,7,8,1,2,1,9,14,1,1,1,NaN,2,NaN,NaN,,NaN,,NaN,,56,NaN,50,NaN,1,4,2,2,1,1,1,2,1,1,1,1,1,1,1,1,1,1,1,2,1,1,720704.209,4340727.135,-5.013,Cob,6732,0,0,1,18,1
16525,5,2009460000598,3,1,31,3,6,2,1,CV-60,33.5,33,5,1,1,5,3,2,3,4,2,2,2,1,2,2,7,7,8,1,1,1,9,14,3,1,1,NaN,1,NaN,NaN,,NaN,,NaN,,NaN,64,60,NaN,1,4,2,1,1,1,1,1,1,1,1,1,1,1,1,1,1,1,1,2,1,1,714911.358,4308513.343,174.317,Pri,16023,0,0,1,8,2
16530,5,2009460000602,3,1,31,1,6,1,2,CV-35,6.3,6,3,1,1,2,3,2,3,5,2,2,2,1,2,1,7,7,8,1,3,1,9,14,3,1,1,NaN,1,3,NaN,,NaN,,NaN,,NaN,NaN,NaN,NaN,1,4,2,2,1,1,1,1,1,1,1,1,1,1,1,1,1,1,1,2,1,1,656878.781,4422852.981,958.775,Per,100390,0,0,6,1,1
16533,5,2009460000613,3,1,30,6,5,1,3,CV-300,5,5,0,1,1,5,3,2,3,3,2,1,1,1,1,1,5,1,4,1,2,1,9,14,3,1,1,NaN,1,4,NaN,,NaN,,NaN,,NaN,NaN,NaN,NaN,1,4,2,1,1,1,1,1,1,1,1,1,1,1,1,1,1,1,1,2,1,1,728973.265,4382900.124,43.93,Cob,18618,0,0,0,17,6
16534,5,2009460000626,3,1,31,4,6,2,1,CV-35,54.8,54,8,1,1,2,2,2,3,3,2,1,2,2,2,2,7,7,8,3,1,4,9,14,1,1,1,NaN,2,NaN,NaN,,NaN,,NaN,,66,NaN,60,NaN,1,4,2,2,1,1,1,2,1,1,1,1,1,1,2,1,1,1,1,2,1,1,684200.73,4396669.382,354.337,Sec,2660,0,0,1,12,5
16535,5,2009460000646,3,2,2,1,1,1,1,CV-40,12.6,12,6,1,1,2,3,2,3,4,2,2,2,1,2,2,7,7,8,3,4,3,9,14,3,1,1,NaN,2,NaN,NaN,,NaN,,NaN,,NaN,64,60,NaN,1,4,1,1,1,1,1,2,1,1,1,1,1,1,1,1,1,1,1,2,1,1,710300.04,4308586.806,259.597,Cob,17285,0,0,0,0,1
16537,5,2009460000729,3,2,4,5,3,1,2,CV-42,5,5,0,0,1,5,3,2,3,3,2,1,1,1,1,1,5,1,8,1,1,1,9,14,1,1,1,NaN,2,NaN,NaN,,NaN,,12,9,NaN,NaN,NaN,NaN,1,4,2,1,1,1,1,1,1,1,1,1,2,1,1,1,1,1,1,2,1,1,720157.411,4342644.912,5.439,Cob,5531,0,0,0,16,6
16538,5,2009460000730,3,2,1,3,7,3,1,CV-35,14.5,14,5,0,1,2,3,2,3,4,2,2,2,1,2,2,7,7,8,1,1,1,9,14,3,1,1,NaN,1,NaN,30,30,NaN,,NaN,,NaN,NaN,NaN,NaN,1,4,2,1,1,2,1,1,1,1,1,1,1,1,1,1,1,1,1,2,1,1,712846.545,4383945.684,90.443,Per,80544,0,0,0,9,1
16540,5,2009460000753,3,2,5,5,4,1,2,CV-50,0.2,0,2,0,1,5,3,2,3,3,2,1,1,2,1,1,7,7,5,1,1,1,9,14,1,1,1,NaN,1,2,NaN,,NaN,,NaN,,NaN,NaN,NaN,NaN,1,4,1,1,1,1,1,1,2,1,1,1,1,1,1,1,1,1,1,2,1,1,738493.022,4329278.203,-15.703,Cob,16019,0,0,1,16,1
16542,5,2009460000767,3,2,6,3,5,1,1,CV-35,27.8,27,8,0,1,2,1,2,3,4,2,1,2,2,1,2,5,1,4,1,1,1,9,14,1,1,1,NaN,1,NaN,NaN,,NaN,,NaN,,NaN,53,50,NaN,1,4,2,1,1,1,1,2,1,1,1,1,1,1,1,1,1,1,1,2,1,1,704061.447,4390892.329,147.9,Per,15701,0,0,3,8,6
16544,5,2009460000776,3,2,3,6,2,1,2,CV-50,36.7,36,7,0,1,5,3,2,3,3,2,1,2,1,2,2,2,1,3,1,4,1,9,14,1,1,1,NaN,2,3,NaN,,NaN,,NaN,,NaN,NaN,NaN,NaN,1,4,1,1,1,1,1,1,2,1,1,1,1,1,1,1,1,1,1,2,1,1,712040.328,4347080.865,44.934,Cob,5105,0,0,2,20,6
16545,5,2009460000777,3,2,7,3,6,2,1,CV-60,0,0,0,1,1,5,3,2,3,3,2,1,1,2,1,2,5,1,4,1,1,1,9,14,1,1,1,NaN,2,NaN,NaN,,NaN,,NaN,,NaN,53,50,NaN,1,4,2,1,2,1,1,1,2,1,1,1,1,1,1,1,1,1,1,1,1,1,743958.713,4312753.388,28.224,Cob,9309,0,0,1,8,6
16551,5,2009460000778,3,2,7,4,6,2,3,CV-25,1.5,1,5,1,1,5,3,2,3,4,2,1,2,1,2,1,7,7,8,1,1,1,9,13,1,1,3,NaN,2,5,NaN,,NaN,,NaN,,NaN,NaN,NaN,NaN,1,4,1,1,1,1,1,1,2,1,1,1,1,1,1,1,1,1,1,2,2,1,712568.846,4414044.837,383.132,Sec,10874,0,0,1,12,1
16552,5,2009460000779,3,2,7,6,6,2,1,CV-715,2.8,2,8,0,1,5,3,2,3,3,2,1,1,1,1,1,7,7,8,1,1,1,9,14,3,1,1,NaN,1,NaN,NaN,,NaN,,NaN,,NaN,61,60,NaN,1,4,1,1,2,1,1,1,2,1,1,1,1,1,1,1,1,1,1,2,1,1,751319.437,4309226.569,5.45,Cob,5907,0,1,0,17,1
16554,5,2009460000782,3,2,7,3,6,2,2,CV-36,0.4,0,4,0,1,2,3,2,3,4,2,2,2,1,2,2,3,1,8,1,1,1,9,14,1,1,3,NaN,2,4,NaN,,NaN,,NaN,,NaN,NaN,NaN,NaN,1,4,2,1,2,1,1,1,1,1,1,1,1,1,1,1,1,1,1,2,1,2,717727.945,4369517.21,40.151,Pri,68545,0,0,1,8,6
16556,5,2009460000804,3,2,9,1,1,1,1,CV-35,9,9,0,1,1,2,3,2,3,4,2,2,2,2,2,2,7,7,8,1,5,1,9,14,3,1,1,NaN,2,NaN,NaN,,NaN,,NaN,,NaN,52,50,NaN,1,4,1,1,1,1,1,2,1,1,1,1,1,1,1,1,1,1,1,2,1,1,658497.987,4421757.959,958.721,Per,62420,0,0,3,1,2
16558,5,2009460000845,3,2,4,6,3,1,1,CV-365,1,1,0,0,1,5,3,2,4,3,2,1,1,1,1,1,7,7,8,1,1,1,9,14,3,1,3,NaN,2,NaN,NaN,,NaN,,NaN,,NaN,61,60,NaN,1,4,2,1,1,1,1,2,1,1,1,1,1,1,1,1,1,1,1,2,1,1,720863.867,4376619.819,39.486,Sec,37925,0,0,0,17,2
16560,5,2009460000873,3,2,7,4,6,2,2,CV-650,3.2,3,2,1,1,5,3,2,3,3,2,1,1,1,1,1,1,1,8,1,1,1,9,14,2,1,1,NaN,1,4,NaN,,NaN,,NaN,,NaN,NaN,NaN,NaN,1,4,1,1,1,1,1,1,2,1,1,1,1,1,1,1,1,1,1,2,1,1,709432.927,4302948.876,276.158,Cob,9461,0,0,0,12,6
16562,5,2009460000927,3,2,11,6,3,1,2,CV-590,49.7,49,7,1,1,5,3,2,3,3,2,1,1,1,2,1,7,7,5,1,4,1,9,14,3,1,1,NaN,1,4,NaN,,NaN,,NaN,,NaN,NaN,NaN,NaN,1,4,2,1,1,1,1,1,1,1,1,1,1,1,1,1,1,1,1,2,2,3,677097.468,4319106.988,1011.183,Cob,5790,0,0,0,22,1
16563,5,2009460000928,3,2,11,6,3,1,1,CV-585,2,2,0,1,1,5,3,2,3,2,2,1,1,2,1,1,7,7,8,1,4,1,9,14,1,1,1,NaN,2,NaN,NaN,,NaN,,NaN,,56,NaN,50,NaN,1,4,1,1,1,1,1,2,1,1,1,1,1,1,1,1,1,1,1,2,1,1,707559.274,4318743.333,190.436,Cob,3105,0,0,1,20,5
16568,5,2009460000929,3,2,10,6,2,1,5,CV-550,4,4,0,1,1,5,2,2,3,3,2,1,1,1,1,1,7,7,8,1,1,1,9,8,1,1,1,NaN,2,5,NaN,,NaN,,NaN,,NaN,NaN,NaN,NaN,3,4,2,1,1,1,1,1,1,1,1,1,1,1,1,1,1,1,1,2,1,1,717609.28,4335039.066,-8.475,Cob,10950,0,0,0,18,1
16569,5,2009460000947,3,2,10,6,2,1,1,CV-42,18,18,0,0,1,5,3,2,3,3,2,1,2,2,2,2,5,6,8,1,3,1,9,14,1,1,1,NaN,1,NaN,NaN,,NaN,,NaN,,68,NaN,60,NaN,1,4,1,1,1,1,1,1,1,1,1,1,1,1,1,1,1,2,1,2,1,1,723388.374,4353473.235,-6.841,Cob,12606,0,0,0,19,7
16574,5,2009460000950,3,2,11,5,3,1,4,CV-35,3.8,3,8,1,1,2,3,2,3,4,2,2,2,2,2,2,7,7,8,1,1,1,9,14,2,1,1,NaN,1,5,NaN,,NaN,,NaN,,NaN,NaN,NaN,NaN,1,4,2,1,1,1,1,1,1,1,1,1,1,1,1,1,1,1,1,2,2,1,654684.717,4423088.273,919.616,Per,123057,0,0,0,15,1
16575,5,2009460000954,3,2,12,2,4,1,1,CV-36,7.5,7,5,0,1,2,3,2,3,4,2,2,2,2,2,2,7,7,8,1,5,1,9,14,3,1,1,NaN,1,NaN,NaN,,NaN,,NaN,,NaN,64,60,NaN,1,4,2,1,1,1,1,1,1,1,1,1,1,1,1,1,1,1,1,2,2,2,717787.367,4367794.87,29.988,Sec,20851,0,0,0,5,1
16577,5,2009460000975,3,2,12,5,4,1,2,CV-35,15.9,15,9,0,1,2,3,2,3,3,2,1,1,1,1,1,5,6,8,1,1,1,9,14,3,1,1,NaN,2,3,NaN,,NaN,,NaN,,NaN,NaN,NaN,NaN,1,4,1,1,1,1,1,1,2,1,1,1,1,1,1,1,1,1,1,2,1,1,711759.405,4384811.804,79.642,Per,80544,0,0,1,16,6
16583,5,2009460000978,3,2,12,3,4,1,3,CV-35,6.3,6,3,1,1,2,3,2,3,4,2,2,2,1,2,2,7,7,8,1,1,1,9,14,3,1,1,NaN,2,5,NaN,,NaN,,NaN,,NaN,NaN,NaN,NaN,2,4,2,1,1,1,1,1,1,1,1,1,1,1,1,1,1,1,1,2,1,1,656878.781,4422852.981,958.775,Per,100390,0,0,0,9,1
16584,5,2009460001049,3,2,15,4,7,3,1,CV-33,6.4,6,4,0,1,5,3,2,3,3,2,2,2,1,2,1,1,1,8,3,1,4,9,13,1,1,1,NaN,2,NaN,30,30,NaN,,NaN,,NaN,NaN,NaN,NaN,1,4,2,1,2,1,1,2,1,1,1,1,1,1,1,1,1,1,1,2,1,2,719730.289,4367060.475,16.763,Pri,49619,0,0,1,14,6
16585,5,2009460001051,3,2,16,6,1,4,1,CV-41,8.5,8,5,0,1,5,2,2,3,3,2,1,1,1,1,1,7,7,8,1,2,1,9,14,3,1,1,NaN,1,NaN,NaN,,NaN,,NaN,,NaN,62,60,NaN,1,4,2,1,1,1,1,1,1,1,1,1,1,1,1,1,1,1,1,2,1,1,717469.805,4329527.112,16.157,Sec,6646,0,0,0,18,1
16586,5,2009460001065,3,2,13,3,5,1,1,CV-33,3.6,3,6,1,1,5,3,2,3,4,2,2,1,1,2,2,4,1,8,1,1,1,9,14,3,1,1,NaN,2,NaN,30,32,NaN,,NaN,,NaN,NaN,NaN,NaN,1,4,1,1,1,1,1,1,1,1,1,1,1,1,1,1,1,2,1,2,1,1,717553.997,4370095.175,25.571,Sec,25718,0,0,0,9,6
16587,5,2009460001066,3,2,13,4,5,1,1,CV-35,36.5,36,5,0,1,2,1,1,3,4,2,2,2,1,2,2,7,7,8,1,1,1,9,2,2,1,1,NaN,2,NaN,NaN,,NaN,,NaN,,NaN,61,60,NaN,1,4,2,1,1,1,1,1,1,1,1,1,1,1,1,1,1,1,1,2,1,1,697313.605,4396019.585,263.489,Per,9781,0,0,0,12,1
16589,5,2009460001100,3,2,18,3,3,1,2,CV-35,7.3,7,3,0,1,2,3,2,3,4,2,2,2,1,2,2,7,7,8,1,1,1,9,14,3,1,3,NaN,3,4,NaN,,NaN,,NaN,,NaN,NaN,NaN,NaN,2,4,1,1,1,1,1,2,2,1,1,1,1,1,1,1,1,1,1,2,1,1,718813.725,4380152.034,82.226,Per,97430,0,1,0,9,1
16592,5,2009460001104,3,2,17,4,2,1,2,CV-50,28.5,28,5,1,1,5,3,2,3,3,2,1,2,2,1,1,5,1,4,1,1,1,9,14,1,1,1,NaN,2,3,NaN,,NaN,,NaN,,NaN,NaN,NaN,NaN,1,4,1,1,1,1,1,1,1,1,1,1,1,1,1,1,1,1,2,2,1,2,699036.556,4364917.433,250.295,Cob,14022,0,0,0,12,6
16596,5,2009460001106,3,2,18,6,3,1,1,CV-550,2.2,2,2,0,1,5,3,2,2,3,2,1,1,1,2,2,7,7,8,1,5,1,9,14,3,1,1,NaN,2,NaN,NaN,,NaN,,NaN,,NaN,64,60,NaN,1,4,2,1,2,1,1,2,1,1,1,1,1,1,1,1,1,1,1,2,1,1,716204.362,4334356.893,-2.69,Sec,7812,0,1,1,22,2
16600,5,2009460001109,3,2,17,6,2,1,2,CV-36,1.2,1,2,1,1,2,3,2,3,4,2,2,2,2,2,2,7,7,8,1,3,1,9,14,3,1,1,NaN,1,4,NaN,,NaN,,NaN,,NaN,NaN,NaN,NaN,1,4,2,1,1,1,1,1,1,1,1,1,1,1,1,1,1,1,1,2,1,2,712132.631,4368700.437,67.884,Pri,68545,0,0,0,19,1
16601,5,2009460001110,3,2,18,3,3,1,1,CV-60,30,30,0,1,1,5,3,2,3,4,2,2,2,1,1,2,7,7,5,1,1,1,9,14,2,1,1,NaN,1,NaN,30,32,NaN,,NaN,,NaN,NaN,NaN,NaN,1,4,1,1,1,1,1,1,1,1,1,1,1,1,1,1,1,2,1,2,1,1,718320.383,4308179.768,150.524,Cob,12277,0,0,0,9,2
16604,5,2009460001118,3,2,17,6,2,1,3,CV-35,4,4,0,1,1,2,3,2,3,3,2,2,2,2,2,2,7,7,8,1,3,1,9,14,2,1,1,NaN,1,4,NaN,,NaN,,NaN,,NaN,NaN,NaN,NaN,1,4,1,1,1,1,1,1,1,1,1,1,1,1,1,1,1,1,2,2,2,2,654769.303,4422941.759,930.62,Per,123057,0,0,1,19,2
16605,5,2009460001120,3,2,15,6,7,3,1,CV-365,0.4,0,4,0,1,5,3,2,3,4,2,2,2,1,2,2,7,7,8,1,2,1,9,14,2,1,1,NaN,1,NaN,NaN,,NaN,,NaN,,NaN,54,50,NaN,1,4,1,1,1,1,1,2,1,1,1,1,1,1,2,1,1,1,1,2,1,2,721394.787,4376795.691,35.22,Cob,35825,0,0,0,17,2
16606,5,2009460001127,3,2,14,3,6,2,1,CV-50,32,32,0,0,1,2,2,2,3,4,2,1,2,1,2,2,7,7,8,1,1,1,9,14,3,1,1,NaN,1,NaN,NaN,,NaN,,NaN,,66,NaN,60,NaN,1,4,1,1,1,1,1,1,1,1,1,1,1,1,1,1,1,2,1,2,1,1,714830.206,4343508.989,19.529,Cob,14022,0,0,1,9,1
16607,5,2009460001136,3,2,14,2,6,2,1,CV-33,0,0,0,1,1,5,2,2,3,3,2,1,2,2,2,2,7,7,4,1,3,1,9,14,3,1,1,NaN,1,NaN,NaN,,NaN,,NaN,,NaN,63,60,NaN,1,4,2,1,1,1,1,1,1,1,1,1,1,1,1,1,1,1,1,2,1,1,719794.305,4367686.054,16.824,Cob,26656,0,0,0,6,2
16609,5,2009460001157,3,2,21,2,6,2,2,CV-60,32.1,32,1,0,1,5,3,2,3,3,2,1,2,1,2,2,7,7,8,1,5,1,9,14,3,1,1,NaN,2,1,NaN,,NaN,,NaN,,NaN,NaN,NaN,NaN,1,4,2,1,1,1,1,1,2,1,1,1,1,1,1,1,1,1,1,2,1,1,738784.015,4313450.697,60.432,Pri,16023,0,0,1,5,1
16610,5,2009460001160,3,2,21,4,6,2,1,CV-81,10.6,10,6,1,1,5,2,3,3,2,2,1,2,2,2,1,7,7,8,1,1,1,9,4,1,1,1,NaN,2,NaN,NaN,,NaN,,12,9,NaN,NaN,NaN,NaN,1,4,1,2,2,1,1,2,1,1,1,1,1,1,1,1,1,1,1,2,1,1,683051.032,4278390.59,492.692,Cob,5383,0,0,2,12,5
16612,5,2009460001163,3,2,19,6,4,1,2,CV-365,1,1,0,0,1,5,3,2,3,4,2,2,2,1,2,2,3,1,4,1,3,1,9,14,1,1,1,NaN,2,3,NaN,,NaN,,NaN,,NaN,NaN,NaN,NaN,1,4,2,1,2,1,1,2,1,1,1,1,1,1,1,1,1,1,1,2,1,1,720863.867,4376619.819,39.486,Sec,37925,0,0,1,20,6
16613,5,2009460001167,3,2,22,6,7,3,1,CV-550,0,0,0,1,1,5,2,1,3,1,2,1,2,1,1,2,5,6,4,1,3,1,9,14,1,1,3,NaN,2,NaN,NaN,,NaN,,NaN,,NaN,53,50,NaN,1,4,1,1,2,1,1,2,1,1,1,1,1,1,1,1,1,1,1,2,2,1,720548.606,4337161.442,-7.985,Sec,7812,0,0,0,22,6
16617,5,2009460001189,3,2,13,3,5,1,4,CV-35,11.3,11,3,1,1,2,3,2,3,4,2,2,2,2,2,2,7,7,8,1,1,1,9,14,3,1,1,NaN,1,5,NaN,,NaN,,NaN,,NaN,NaN,NaN,NaN,1,4,2,1,1,1,1,1,1,1,1,1,1,1,1,1,1,1,1,2,1,1,660538.354,4420793.913,905.577,Per,93959,0,0,0,8,1
16619,5,2009460001200,3,2,16,3,1,1,2,CV-35,5,5,0,1,1,2,3,2,3,4,2,2,2,2,2,2,7,7,8,3,1,1,9,14,3,1,1,NaN,2,4,NaN,,NaN,,NaN,,NaN,NaN,NaN,NaN,1,4,1,1,1,1,1,1,2,1,1,1,1,1,1,1,1,1,1,2,1,1,655684.852,4423022.859,935.81,Per,85829,0,0,0,8,1
16620,5,2009460001222,3,2,18,6,3,1,1,CV-36,2.5,2,5,0,1,2,3,2,3,3,2,2,2,2,2,2,7,7,8,1,3,1,9,14,1,1,1,NaN,1,NaN,NaN,,NaN,,NaN,,NaN,63,60,NaN,1,4,1,1,1,1,1,2,2,1,1,1,1,1,1,1,1,1,1,2,1,1,715691.706,4369349.42,39.923,Pri,68545,0,0,0,22,2
16622,5,2009460001226,3,2,18,4,3,1,2,CV-400,1.1,1,1,0,1,5,2,2,3,3,2,2,2,2,2,2,5,1,4,1,1,1,9,14,3,1,1,NaN,1,4,NaN,,NaN,,NaN,,NaN,NaN,NaN,NaN,1,4,2,1,1,1,1,1,1,1,1,1,1,1,1,1,1,1,1,2,1,1,724009.532,4368564.423,-1.508,Sec,43418,0,0,1,14,6
16623,5,2009460001227,3,2,18,4,3,1,1,CV-33,6.5,6,5,0,1,5,2,2,3,3,2,2,2,2,2,2,7,7,5,1,1,1,9,8,1,1,1,NaN,1,NaN,NaN,,NaN,,NaN,,NaN,53,50,NaN,1,4,2,1,1,1,1,2,1,1,1,1,1,1,1,1,1,1,1,2,1,1,719667.009,4367136.838,17.45,Pri,49619,0,0,1,12,2
16626,5,2009460001229,3,2,19,5,4,1,3,CV-36,0.3,0,3,0,1,2,3,2,3,3,2,2,2,2,2,2,7,7,8,1,1,1,9,14,3,1,1,NaN,1,4,NaN,,NaN,,NaN,,NaN,NaN,NaN,NaN,2,4,2,1,1,1,1,1,1,1,1,1,1,1,1,1,1,1,1,2,1,1,717808.219,4369460.162,37.566,Pri,68545,0,0,0,15,1
16628,5,2009460001231,3,2,19,6,4,1,2,CV-33,0,0,0,0,1,5,2,2,3,3,2,1,1,2,1,1,7,7,8,1,2,1,9,14,3,1,1,NaN,1,4,NaN,,NaN,,NaN,,NaN,NaN,NaN,NaN,1,4,2,1,1,1,1,1,1,1,1,1,1,1,1,1,1,1,1,2,2,2,724144.931,4363213.599,-15.014,Cob,26656,0,0,0,18,1
16630,5,2009460001246,3,2,20,4,5,1,2,CV-36,7,7,0,1,1,2,3,2,3,4,2,2,2,1,2,2,7,7,8,1,1,1,9,14,3,1,1,NaN,2,4,NaN,,NaN,,NaN,,NaN,NaN,NaN,NaN,1,4,1,1,1,1,1,1,2,1,1,1,1,1,1,1,1,1,1,2,1,1,722724.824,4370106.798,1.458,Sec,20851,0,0,0,11,1
16632,5,2009460001280,3,2,22,4,7,3,2,CV-500,5.5,5,5,0,1,5,3,2,3,4,2,1,1,1,2,1,7,7,8,1,1,1,9,14,3,1,1,NaN,1,4,NaN,,NaN,,NaN,,NaN,NaN,NaN,NaN,1,4,2,1,1,1,1,1,1,1,1,1,1,1,1,1,1,1,1,2,1,1,729531.561,4365123.908,-17.097,Pri,18337,0,0,2,12,1