Id,Ano,Numero_Accidente,Provincia,Mes,Dia,Hora,Dia_Semana,Tipo_Dia,Vehiculos_Implicados,Carretera,Pk,Km,Hm,Sentido,Zona,Tipo_Via,Anchura_Calzada,Anchura_Carril,Marcas_Viales,Arcen,Arcen_Pavimentado,Mediana,Barrera_Seguridad,Paneles_Direccionales,Hitos_Arista,Captafaros,Interseccion_Tipo,Interseccion_Acondicionamiento,Prioridad_Regulada_por,Superficie,Luminosidad,Factores_Atmosfericos,Visibilidad_Restringida_por,Otras_Circunstancias,Senalizacion_Peligro,Aceras,Arboles,Arboles_Metros_Calzada,Visibilidad_Senalizacion_Vertical,Colision_Vehiculos_Marcha,Colision_Vehiculo_Obstaculo_1,Colision_Vehiculo_Obstaculo_2,Atropello_1,Atropello_2,Vuelco_1,Vuelco_2,Salida_Sin_Colision,Salida_Con_Colision,Lado_Salida,Otro,Circulacion,Circulacion_Medidas_Especiales,Distraccion,Inexperiencia_Conductor,Alcohol_Drogas,Cansancio_Sueno,Enfermedad,Velocidad_Inadecuada,Infraccion_Norma_Circulacion,Estado_Condicion_Via,Estado_Condicion_Senalizacion,Tramo_Obras,Mal_Estado_Vehiculo,Averia_Mecanica,Meteorologia_Adversa,Irrupcion_Animal,Circular_Sentido_Contrario,Otro_Factor,Sin_Opinion_Definida,Pendiente,Curvatura,Peralte,GPS_x,GPS_y,GPS_z,Tipo_Est,IMD,N_Muertos,N_Graves,N_Leves,Hora_Real,Fuera_o_Interseccion
16634,5,2009460001297,3,2,24,5,2,1,2,CV-35,10,10,0,0,1,2,3,2,3,4,2,2,2,2,2,2,7,7,8,1,1,1,9,14,1,1,1,NaN,2,3,NaN,,NaN,,NaN,,NaN,NaN,NaN,NaN,1,4,2,1,1,1,1,1,1,1,1,1,1,1,1,1,1,1,1,2,1,1,716435.035,4381334.63,85.823,Per,62420,0,0,0,15,1
16636,5,2009460001307,3,2,25,3,3,1,2,CV-35,6.5,6,5,0,1,2,3,2,4,4,2,2,2,1,2,2,7,7,8,1,1,1,9,14,3,1,1,NaN,1,4,NaN,,NaN,,NaN,,NaN,NaN,NaN,NaN,1,4,2,1,1,1,1,1,2,1,1,1,1,1,1,1,1,1,1,2,1,1,719331.687,4379566.349,78.228,Per,100390,0,0,0,8,1
16639,5,2009460001308,3,2,25,3,3,1,3,CV-35,6.5,6,5,0,1,2,3,2,3,4,2,2,2,2,2,2,7,7,8,1,2,1,9,14,3,1,1,NaN,1,4,NaN,,NaN,,NaN,,NaN,NaN,NaN,NaN,3,4,1,1,1,1,1,1,1,1,1,1,1,1,1,1,1,1,2,2,1,1,719331.687,4379566.349,78.228,Per,100390,0,0,2,7,1
16643,5,2009460001311,3,2,25,3,3,1,4,CV-35,6,6,0,0,1,2,3,2,3,4,2,2,2,2,2,2,7,7,8,1,2,1,9,14,3,1,1,NaN,1,4,NaN,,NaN,,NaN,,NaN,NaN,NaN,NaN,1,4,1,1,1,1,1,1,2,1,1,1,1,1,1,1,1,1,1,2,1,1,719620.885,4379170.261,71.16,Per,100390,0,0,0,7,1
16644,5,2009460001323,3,2,26,6,4,1,1,CV-50,81.9,81,9,1,1,5,3,2,3,4,2,1,2,1,2,2,7,7,8,1,1,1,9,14,3,1,3,NaN,2,NaN,NaN,,21,24,NaN,,NaN,NaN,NaN,NaN,1,4,1,1,1,1,1,1,1,1,1,1,1,1,1,2,1,1,1,2,1,1,728802.566,4330494.617,64.566,Cob,5309,0,0,0,19,2
16647,5,2009460001326,3,2,22,6,7,3,3,CV-35,6,6,0,1,1,2,3,2,3,4,2,2,2,2,2,2,7,7,8,1,4,1,9,13,2,1,1,NaN,1,5,NaN,,NaN,,NaN,,NaN,NaN,NaN,NaN,2,4,1,1,1,1,1,1,2,1,1,1,1,1,1,1,1,1,1,2,1,1,656613.793,4422984.476,951.347,Per,100390,0,0,2,19,1
16648,5,2009460001351,3,2,27,4,5,1,1,CV-50,85,85,0,1,1,6,3,2,3,3,2,1,1,1,2,2,7,7,5,1,1,1,9,14,2,1,3,NaN,2,NaN,NaN,,NaN,,NaN,,66,NaN,60,NaN,1,4,2,1,2,1,1,1,1,1,1,1,1,1,1,1,1,1,1,2,1,1,731352.797,4328791.775,82.056,Cob,5309,0,0,1,12,3
16650,5,2009460001380,3,2,26,6,4,1,2,CV-33,0.8,0,8,0,1,5,3,2,3,3,2,1,1,2,2,2,5,1,4,1,1,1,9,14,1,1,3,NaN,2,3,NaN,,NaN,,NaN,,NaN,NaN,NaN,NaN,1,4,2,1,1,1,1,1,1,1,1,1,1,1,1,1,1,1,1,2,1,1,717224.685,4371822.025,33.871,Cob,26656,0,0,0,18,6
16652,5,2009460001388,3,2,26,4,4,1,2,CV-407,1.7,1,7,1,1,5,3,2,3,3,2,1,1,1,2,1,1,1,3,1,1,1,9,14,1,1,1,NaN,2,2,NaN,,NaN,,NaN,,NaN,NaN,NaN,NaN,1,4,2,1,1,1,1,1,1,1,1,1,1,1,1,1,1,1,1,2,1,1,723534.11,4368390.816,-1.255,Cob,12140,0,0,1,14,6
16661,5,2009460001395,3,2,26,6,4,1,6,CV-35,4,4,0,1,1,2,3,2,3,4,2,2,2,1,2,2,4,1,5,1,3,1,9,14,3,1,3,NaN,2,5,NaN,,NaN,,NaN,,NaN,NaN,NaN,NaN,3,4,2,1,1,1,1,1,1,1,1,1,1,1,1,1,1,1,1,2,2,2,654769.303,4422941.759,930.62,Per,123057,0,0,0,19,6
16663,5,2009460001400,3,3,2,2,1,1,2,CV-31,0.1,0,1,0,1,5,1,2,3,4,2,1,2,2,1,1,3,1,8,1,1,1,9,14,2,1,1,NaN,1,3,NaN,,NaN,,NaN,,NaN,NaN,NaN,NaN,1,4,1,1,1,1,1,1,2,1,1,1,1,1,1,1,1,1,1,2,1,1,721195.171,4374765.915,8.181,Cob,48912,0,0,1,6,6
16664,5,2009460001412,3,2,28,5,6,2,1,CV-50,10.5,10,5,0,1,5,3,2,3,3,2,1,1,2,2,2,7,7,8,3,1,4,9,14,3,1,1,NaN,2,NaN,NaN,,NaN,,NaN,,NaN,61,60,NaN,1,4,1,1,1,1,1,2,1,1,1,1,1,1,1,1,1,1,1,2,1,1,729655.561,4330041.351,73.199,Cob,9035,0,0,1,16,2
16666,5,2009460001434,3,2,28,3,6,2,2,CV-33,6.8,6,8,1,1,5,1,1,3,4,2,1,2,2,2,2,1,1,8,1,1,4,9,14,1,1,1,NaN,2,3,NaN,,NaN,,NaN,,NaN,NaN,NaN,NaN,1,4,1,1,1,1,1,1,2,1,1,1,1,1,1,1,1,1,1,2,1,1,723756.107,4363366.517,-5.826,Pri,49619,0,0,0,10,6
16667,5,2009460001436,3,3,2,6,1,4,1,CV-660,3.2,3,2,0,1,5,2,2,3,1,2,1,2,1,1,1,7,7,8,1,4,4,2,14,2,1,1,NaN,1,NaN,NaN,,NaN,,NaN,,66,NaN,60,NaN,1,4,2,1,1,1,1,1,1,1,1,1,1,1,1,1,1,1,1,2,1,1,686350.883,4295247.409,619.728,Cob,666,0,0,0,22,3
16668,5,2009460001449,3,2,28,1,6,1,1,CV-35,8.6,8,6,1,1,2,3,2,3,4,2,2,2,2,2,2,7,7,8,1,4,1,9,14,2,1,1,NaN,1,NaN,NaN,,NaN,,NaN,,67,NaN,60,NaN,1,4,1,2,1,1,1,1,1,1,1,1,1,1,1,1,1,1,1,2,2,2,658261.088,4421922.198,973.241,Per,62420,0,0,0,1,2
16670,5,2009460001454,3,2,28,2,6,2,1,CV-35,9.5,9,5,0,1,2,3,2,3,4,2,2,2,2,2,2,7,7,8,1,1,1,9,14,3,1,1,NaN,1,NaN,NaN,,NaN,,NaN,,NaN,54,50,NaN,1,4,1,1,1,1,1,1,1,1,1,1,1,1,1,1,1,2,1,2,1,1,716906.341,4381181.289,90.657,Per,62420,0,0,0,5,1
16671,5,2009460001460,3,2,28,6,6,2,1,CV-32,3.5,3,5,0,1,5,3,2,3,4,2,2,2,2,2,2,5,1,8,3,1,4,9,14,1,1,1,NaN,2,NaN,NaN,,NaN,,NaN,,NaN,54,50,NaN,1,4,1,1,1,1,1,1,1,1,1,1,1,1,2,1,1,1,1,2,2,1,729447.706,4382913.85,-8.484,Cob,16064,0,0,0,18,6
16673,5,2009460001491,3,3,1,1,7,3,2,CV-35,4.2,4,2,1,3,2,3,2,3,4,2,2,2,1,2,2,7,7,8,3,3,4,9,14,3,1,3,NaN,2,4,NaN,,NaN,,NaN,,NaN,NaN,NaN,NaN,1,4,1,2,1,1,1,1,2,1,1,1,1,1,1,1,1,1,1,2,1,1,654959.5,4422955.086,941.17,Per,123057,0,0,0,3,2
16674,5,2009460001492,3,3,1,4,7,3,1,CV-35,15.9,15,9,0,1,2,3,2,3,4,2,2,2,1,2,2,7,7,8,1,1,1,9,14,3,1,3,NaN,2,NaN,NaN,,NaN,,NaN,,NaN,64,60,NaN,1,4,1,1,1,1,1,1,1,1,1,1,1,1,1,1,1,2,1,2,1,1,711759.405,4384811.804,79.642,Per,80544,0,0,0,13,1
16675,5,2009460001528,3,3,3,4,2,1,1,CV-36,5,5,0,0,1,2,1,3,3,4,2,2,2,2,2,2,4,1,8,3,1,5,9,14,3,1,1,NaN,1,NaN,NaN,,NaN,,NaN,,NaN,52,50,NaN,1,4,2,1,1,1,1,2,1,2,1,1,1,1,2,1,1,1,1,2,1,1,713254.604,4369018.754,55.538,Cob,29466,0,0,1,13,6
16676,5,2009460001530,3,3,3,6,2,1,1,CV-515,1,1,0,1,1,5,3,2,3,1,2,1,1,1,1,1,7,7,8,3,1,4,9,14,2,1,1,NaN,1,NaN,NaN,,NaN,,NaN,,66,NaN,60,NaN,1,4,1,1,1,1,1,1,1,1,1,1,1,1,1,1,1,1,2,2,1,1,731034.25,4343425.335,-2.705,Cob,4315,0,0,0,18,5
16678,5,2009460001546,3,3,5,3,4,1,2,CV-33,5.9,5,9,0,1,5,3,2,3,4,2,2,2,1,2,2,3,1,8,1,1,9,9,14,3,1,3,NaN,2,3,NaN,,NaN,,NaN,,NaN,NaN,NaN,NaN,1,4,2,1,1,1,1,1,2,1,1,1,1,1,1,1,1,1,1,2,1,1,720061.056,4366701.232,14.981,Sec,25718,0,1,0,8,6
16680,5,2009460001556,3,3,5,5,4,1,2,CV-407,2.8,2,8,0,1,5,1,1,3,1,2,2,1,1,2,2,3,1,4,1,1,1,9,14,1,1,1,NaN,2,4,NaN,,NaN,,NaN,,NaN,NaN,NaN,NaN,1,4,2,1,1,1,1,1,1,1,1,1,1,1,1,1,1,1,1,2,1,1,723528.654,4368398.55,-0.889,Cob,12140,0,0,0,16,6
16685,5,2009460001569,3,3,3,6,2,1,4,CV-35,3.9,3,9,1,1,2,3,2,3,5,2,2,2,1,2,2,7,7,8,3,3,4,9,14,3,1,3,NaN,2,4,NaN,,NaN,,NaN,,NaN,NaN,NaN,NaN,1,4,2,1,1,1,1,1,1,2,1,1,1,1,2,1,1,1,1,2,1,1,654724.114,4423023.536,924.752,Per,123057,0,0,4,19,1
16687,5,2009460001584,3,3,4,4,3,1,2,CV-400,3.4,3,4,0,1,5,3,2,3,2,2,2,2,1,2,2,5,1,8,1,1,1,9,14,3,1,1,NaN,2,4,NaN,,NaN,,NaN,,NaN,NaN,NaN,NaN,1,4,1,1,1,1,1,1,1,1,1,1,1,1,1,1,1,2,1,2,1,1,723492.209,4366444.605,-3.833,Cob,22509,0,0,0,12,6
16688,5,2009460001587,3,3,5,3,4,1,1,CV-500,7,7,0,1,1,5,3,2,3,4,2,1,1,1,2,2,7,7,7,1,1,8,9,14,3,1,1,NaN,3,NaN,NaN,,NaN,,NaN,,NaN,63,60,NaN,1,4,2,1,1,1,1,1,1,1,1,1,1,1,1,1,1,1,1,2,1,1,735407.794,4348313.424,-17.771,Cob,13007,0,0,1,7,1
16693,5,2009460001608,3,3,5,3,4,1,4,CV-590,61.1,61,1,0,1,5,3,2,3,3,2,1,1,1,1,1,7,7,8,3,1,9,9,14,1,1,1,NaN,2,4,NaN,,NaN,,NaN,,NaN,NaN,NaN,NaN,1,4,1,1,1,1,1,1,2,1,1,1,1,1,1,1,1,1,1,2,1,1,710094.3,4321072.008,112.51,Sec,6500,0,0,2,10,1
16695,5,2009460001609,3,3,5,3,4,1,2,CV-590,61.2,61,2,0,1,5,3,2,3,3,2,1,1,1,2,2,7,7,8,3,1,1,9,14,3,1,1,NaN,1,4,NaN,,NaN,,NaN,,NaN,NaN,NaN,NaN,1,4,1,1,1,1,1,1,2,1,1,1,1,1,1,1,1,1,1,2,1,1,710271.72,4320996.214,103.41,Sec,6500,0,0,0,10,1
16697,5,2009460001610,3,3,6,6,5,1,1,CV-590,57,57,0,1,1,5,3,2,3,3,2,1,2,2,2,2,7,7,8,1,2,1,9,14,3,1,1,NaN,2,NaN,NaN,,NaN,,NaN,,NaN,64,60,NaN,1,4,2,1,2,1,1,1,1,1,1,1,1,1,1,1,1,1,1,2,1,1,671891.523,4321800.25,713.335,Sec,6500,0,0,0,18,1
16699,5,2009460001612,3,3,6,6,5,1,1,CV-619,6.8,6,8,0,1,5,3,2,3,1,2,1,1,1,1,1,7,7,8,1,5,1,9,14,3,1,1,NaN,2,NaN,NaN,,NaN,,NaN,,NaN,64,60,NaN,1,4,2,1,1,1,1,1,1,1,1,1,1,1,1,1,1,1,1,2,1,1,731679.028,4308407.533,200.87,Cob,1498,0,0,2,22,1
16700,5,2009460001617,3,3,7,4,6,2,1,CV-550,5.8,5,8,0,1,5,3,2,3,3,2,1,1,1,2,1,7,7,8,1,1,1,9,14,3,1,1,NaN,1,NaN,NaN,,NaN,,NaN,,67,NaN,60,NaN,1,4,2,1,2,1,1,1,1,1,1,1,1,1,1,1,1,1,1,2,1,1,719321.889,4336006.97,-10.395,Cob,10950,0,0,1,14,1
16701,5,2009460001625,3,3,8,4,7,3,1,CV-500,6.9,6,9,1,1,5,3,2,3,2,2,1,1,1,2,1,7,7,8,1,1,1,9,14,1,1,1,NaN,2,NaN,NaN,,NaN,,12,9,NaN,NaN,NaN,NaN,1,4,1,1,1,1,1,1,2,1,1,1,1,1,1,1,1,1,1,2,1,1,735328.139,4348254.342,-17.923,Cob,13007,0,0,2,13,1
16702,5,2009460001628,3,3,8,3,7,3,1,CV-60,35.7,35,7,1,1,5,3,2,3,4,2,1,2,1,1,2,7,7,8,1,1,1,9,14,3,1,3,NaN,1,NaN,NaN,,NaN,,NaN,,55,NaN,50,NaN,1,4,1,1,2,2,1,1,1,1,1,1,1,1,1,1,1,1,1,2,1,1,712776.836,4308735.872,226.7,Sec,9157,0,0,0,9,1
16704,5,2009460001644,3,3,6,6,5,1,2,CV-32,0,0,0,0,1,5,3,2,3,4,2,1,1,1,1,1,5,6,7,1,1,1,9,14,3,1,1,NaN,1,3,NaN,,NaN,,NaN,,NaN,NaN,NaN,NaN,1,4,1,1,1,1,1,1,2,1,1,1,1,1,1,1,1,1,1,2,1,1,732496.164,4381670.375,-18.685,Per,24274,0,0,0,17,6
16705,5,2009460001648,3,3,8,6,7,3,1,CV-550,3.5,3,5,1,1,5,2,2,4,3,2,1,1,1,1,1,7,7,8,1,4,1,9,14,2,1,1,NaN,2,NaN,NaN,,21,24,NaN,,NaN,NaN,NaN,NaN,1,4,1,1,1,1,1,1,1,1,1,1,1,1,1,2,1,1,1,2,1,1,718046.712,4335273.232,-8.515,Cob,10950,0,0,0,22,1
16709,5,2009460001655,3,3,6,4,5,1,4,CV-400,2.1,2,1,1,1,5,3,2,3,4,2,2,2,2,2,2,7,7,5,1,1,1,9,14,3,1,3,NaN,2,5,NaN,,NaN,,NaN,,NaN,NaN,NaN,NaN,1,4,2,1,1,1,1,1,2,1,1,1,1,1,1,1,1,1,1,2,1,1,723122.582,4365682.405,-3.983,Cob,22509,0,0,1,14,1
16711,5,2009460001658,3,3,7,3,6,1,2,CV-400,1,1,0,0,1,5,3,2,3,4,2,2,2,2,2,2,7,7,5,1,2,1,9,14,3,1,3,NaN,2,4,NaN,,NaN,,NaN,,NaN,NaN,NaN,NaN,1,4,1,2,1,1,1,2,2,1,1,1,1,1,1,1,1,1,1,2,1,1,724053.199,4368653.32,-1.294,Sec,43418,0,0,1,7,2
16712,5,2009460001696,3,3,11,1,3,1,1,CV-36,1,1,0,0,1,2,3,2,3,4,2,2,1,1,2,1,7,7,8,1,3,1,9,14,3,1,1,NaN,1,NaN,NaN,,NaN,,NaN,,68,NaN,60,NaN,1,4,2,1,2,1,1,1,1,1,1,1,1,1,1,1,1,1,1,2,1,1,717149.67,4369525.478,40.745,Pri,68545,0,0,0,0,1
16715,5,2009460001698,3,3,10,5,2,1,3,CV-81,19.3,19,3,1,1,5,3,2,3,3,2,1,1,1,2,1,7,7,8,1,1,1,9,14,3,1,1,NaN,2,5,NaN,,NaN,,NaN,,NaN,NaN,NaN,NaN,1,4,2,1,1,1,1,1,1,1,1,1,1,1,1,1,1,1,1,2,1,1,688573.685,4282119.229,520.412,Pri,5166,0,0,1,15,1
16716,5,2009460001701,3,3,7,4,6,2,1,CV-36,0.5,0,5,0,1,2,3,2,3,3,2,2,2,1,2,2,7,7,8,1,1,1,9,14,3,1,1,NaN,1,NaN,NaN,,NaN,,NaN,,NaN,52,50,NaN,1,4,1,1,1,1,1,1,1,1,1,1,1,1,1,1,1,1,2,2,1,2,717637.83,4369557.553,41.95,Pri,68545,0,0,1,13,1
16717,5,2009460001702,3,3,8,1,7,3,1,CV-36,1.5,1,5,0,1,2,3,2,3,4,2,2,2,1,2,2,7,7,8,1,3,1,9,14,2,1,1,NaN,1,NaN,NaN,,NaN,,NaN,,NaN,52,50,NaN,1,4,1,1,1,1,1,1,1,1,1,1,1,1,1,1,1,1,2,2,1,1,716665.141,4369416.782,39.657,Pri,68545,0,0,0,4,1
16719,5,2009460001710,3,3,9,4,1,1,2,CV-32,0.8,0,8,0,1,5,2,2,3,3,2,2,2,2,2,2,7,7,8,1,1,1,9,14,3,1,1,NaN,1,3,NaN,,NaN,,NaN,,NaN,NaN,NaN,NaN,1,4,1,1,1,1,1,1,2,1,1,1,1,1,1,1,1,1,1,2,1,1,731810.089,4381716.847,-19.172,Per,24274,0,0,3,14,2
16721,5,2009460001713,3,3,9,6,1,1,2,CV-35,3.5,3,5,1,1,2,3,2,3,4,2,2,2,2,2,2,7,7,8,1,1,1,9,14,3,1,1,NaN,1,4,NaN,,NaN,,NaN,,NaN,NaN,NaN,NaN,1,4,1,1,1,1,1,1,2,1,1,1,1,1,1,1,1,1,1,2,2,1,654507.777,4422863.684,906.357,Per,123057,0,0,0,17,1
16723,5,2009460001715,3,3,10,6,2,1,2,CV-572,1,1,0,1,1,5,2,2,3,3,2,1,1,1,1,1,7,7,8,1,4,1,9,14,3,1,1,NaN,1,4,NaN,,NaN,,NaN,,NaN,NaN,NaN,NaN,1,4,2,1,1,1,1,1,1,1,1,1,1,1,1,1,1,1,1,2,2,1,721732.95,4335332.098,0.548,Cob,12380,0,0,1,20,1
16725,5,2009460001717,3,3,10,3,2,1,2,CV-35,12,12,0,1,1,2,2,2,3,3,2,2,2,2,2,2,7,7,5,1,1,1,9,14,3,1,1,NaN,1,3,NaN,,NaN,,NaN,,NaN,NaN,NaN,NaN,1,4,1,1,1,1,1,1,1,1,1,1,1,1,1,1,1,1,2,2,1,1,661202.653,4420688.86,896.801,Per,93959,0,0,0,8,1
16727,5,2009460001746,3,3,11,6,3,1,2,CV-50,24.6,24,6,0,1,5,2,3,3,3,2,2,2,1,1,2,7,7,8,1,5,1,9,14,3,1,1,NaN,1,4,NaN,,NaN,,NaN,,NaN,NaN,NaN,NaN,1,4,2,1,1,1,1,1,1,1,1,1,1,1,1,1,1,1,1,2,1,1,719544.837,4338541.496,-7.008,Sec,24293,0,0,2,22,1
16731,5,2009460001764,3,3,10,6,2,1,3,CV-35,9,9,0,1,1,2,3,2,3,4,2,2,2,2,2,2,7,7,8,1,1,1,9,2,1,1,1,NaN,1,5,NaN,,NaN,,NaN,,NaN,NaN,NaN,NaN,2,4,1,1,1,1,1,1,1,1,1,1,1,1,1,1,1,2,1,2,1,1,658585.015,4421711.608,953.534,Per,62420,0,0,1,17,1
16733,5,2009460001767,3,3,10,6,2,1,2,CV-35,15.5,15,5,0,1,2,3,2,3,4,2,2,2,2,2,2,3,6,8,1,3,1,9,14,3,1,1,NaN,1,4,NaN,,NaN,,NaN,,NaN,NaN,NaN,NaN,2,4,1,1,1,1,1,2,1,1,1,1,1,1,1,1,1,1,1,2,1,1,712061.948,4384555.19,87.592,Per,80544,0,0,1,19,6
16735,5,2009460001768,3,3,11,4,3,1,2,CV-35,14,14,0,1,1,2,3,2,3,4,2,2,2,1,2,2,7,7,8,1,1,1,9,14,3,1,1,NaN,2,NaN,NaN,,NaN,,NaN,,NaN,NaN,NaN,71,1,4,1,1,1,1,1,1,1,1,1,1,1,1,1,1,1,2,1,2,1,1,662386.877,4419383.786,895.429,Per,80544,0,0,0,14,1
16736,5,2009460001783,3,3,13,6,5,1,1,CV-36,3.3,3,3,0,1,2,3,2,3,4,2,2,2,2,2,2,7,7,8,1,3,1,9,14,3,1,3,NaN,2,NaN,NaN,,NaN,,12,9,NaN,NaN,NaN,NaN,1,4,2,1,1,1,1,1,1,1,1,1,1,1,1,1,1,1,1,2,1,1,714907.385,4369317.31,50.121,Pri,68545,1,0,0,20,2
16737,5,2009460001790,3,3,13,1,5,1,1,CV-445,5.5,5,5,1,1,5,2,3,3,1,2,1,1,1,1,1,7,7,8,1,5,1,2,14,1,1,3,NaN,2,NaN,NaN,,NaN,,NaN,,NaN,53,50,NaN,1,4,2,1,2,1,1,1,2,1,1,1,1,1,1,1,1,1,1,2,3,2,666215.678,4327013.7,648.02,Cob,513,0,0,0,23,4
16738,5,2009460001792,3,3,15,5,7,3,1,CV-50,91,91,0,1,1,5,3,2,3,3,2,1,2,2,2,1,7,7,8,1,1,1,2,14,1,1,1,NaN,2,NaN,30,30,NaN,,NaN,,NaN,NaN,NaN,NaN,1,4,1,1,2,1,1,2,1,1,1,1,1,1,1,1,1,1,1,2,1,1,736562.582,4328332.012,-8.168,Per,7567,0,0,0,16,5
16739,5,2009460001793,3,3,14,6,6,2,1,CV-50,52.5,52,5,0,1,5,2,2,3,2,2,1,1,1,1,1,7,7,8,1,4,1,9,14,1,1,1,NaN,2,NaN,NaN,,NaN,,NaN,,NaN,61,60,NaN,1,4,2,1,2,1,1,1,1,1,1,1,1,1,1,1,1,1,1,2,1,1,704603.006,4358138.777,143.171,Cob,1016,0,0,0,22,1
16743,5,2009460001794,3,3,10,3,2,1,4,CV-35,8,8,0,0,1,2,3,2,3,4,2,2,2,1,2,2,4,1,5,1,1,1,9,14,3,1,3,NaN,2,5,NaN,,NaN,,NaN,,NaN,NaN,NaN,NaN,2,4,1,1,1,1,1,1,1,1,1,1,1,1,1,1,1,2,1,2,1,1,718155.449,4380603.524,88.988,Per,97430,0,0,0,10,6
16746,5,2009460001803,3,3,13,6,5,1,2,CV-35,3,3,0,1,1,2,3,2,2,4,2,2,2,2,2,2,7,7,8,1,1,1,9,14,3,1,1,NaN,2,4,NaN,,NaN,,NaN,,NaN,NaN,NaN,NaN,1,4,2,1,1,1,1,1,1,1,1,1,1,1,1,1,1,1,1,2,1,1,654462.088,4422571.739,887.738,Per,123057,0,0,0,17,1
16747,5,2009460001807,3,3,13,5,5,1,1,CV-33,2,2,0,0,1,5,3,2,3,4,2,2,2,2,2,2,7,7,8,1,1,1,9,14,3,1,1,NaN,1,NaN,NaN,,NaN,,NaN,,57,NaN,50,NaN,1,4,2,1,1,1,1,1,1,1,1,1,1,1,1,1,1,1,1,2,1,1,716836.78,4372651.093,38.659,Cob,22232,0,0,0,15,5
16749,5,2009460001810,3,3,13,5,5,1,2,CV-400,4,4,0,0,1,5,3,2,2,2,2,1,1,1,1,1,5,1,4,1,1,1,9,14,3,1,1,NaN,2,3,NaN,,NaN,,NaN,,NaN,NaN,NaN,NaN,1,4,2,1,1,1,1,1,1,1,1,1,1,1,1,1,1,1,1,2,1,1,723265.684,4365929.024,-2.294,Cob,14293,0,0,0,16,6
16750,5,2009460001824,3,3,13,6,5,1,1,CV-400,2.5,2,5,1,1,5,3,2,3,4,2,1,1,1,1,1,7,7,8,1,1,1,9,14,3,1,3,NaN,2,NaN,NaN,,NaN,,NaN,,58,NaN,50,NaN,1,4,2,1,1,1,1,1,1,1,1,1,1,1,1,1,1,1,1,2,1,1,723341.705,4365980.588,-0.326,Cob,22509,0,0,1,18,1
16752,5,2009460001851,3,3,16,6,1,4,2,CV-50,38,38,0,1,1,5,3,2,3,3,2,1,1,1,1,1,2,1,8,1,5,1,9,14,2,1,3,NaN,2,2,NaN,,NaN,,NaN,,NaN,NaN,NaN,NaN,1,4,1,1,1,1,1,1,2,1,1,1,1,1,1,1,1,1,1,2,1,1,702596.305,4359944.992,211.636,Cob,5105,0,1,1,19,6
16753,5,2009460001853,3,3,17,3,2,1,1,CV-60,33.6,33,6,1,1,5,3,2,3,4,2,2,2,2,2,2,7,7,8,1,1,1,9,14,3,1,1,NaN,1,NaN,NaN,,NaN,,NaN,,NaN,64,60,NaN,1,4,1,1,1,1,1,1,1,1,1,1,1,2,1,1,1,1,1,2,1,1,714812.305,4308509.059,176.932,Pri,16023,0,0,0,9,2
16754,5,2009460001865,3,3,15,6,7,3,1,CV-35,43.7,43,7,1,1,5,2,2,3,3,2,1,2,1,2,2,7,7,8,1,5,1,9,14,3,1,3,NaN,1,NaN,NaN,,21,24,NaN,,NaN,NaN,NaN,NaN,1,4,1,1,1,1,1,1,1,1,1,1,1,1,1,1,1,2,1,2,1,1,674816.739,4398784.894,323.041,Per,5663,0,0,0,21,1
16755,5,2009460001866,3,3,17,6,2,1,1,CV-550,6.6,6,6,1,1,5,3,2,3,3,2,1,2,1,2,1,7,7,8,1,4,1,9,14,3,1,1,NaN,1,NaN,NaN,,NaN,,NaN,,NaN,64,60,NaN,1,4,1,1,2,1,1,1,1,1,1,1,1,1,1,1,1,1,1,2,1,1,715249.277,4334312.029,-5.617,Cob,10950,0,0,0,20,1
16756,5,2009460001867,3,3,19,6,4,3,1,CV-50,8.5,8,5,0,1,5,3,2,3,3,2,1,1,1,2,1,7,7,8,1,1,1,9,14,3,1,1,NaN,1,NaN,NaN,,NaN,,NaN,,NaN,63,60,NaN,1,4,1,1,2,1,1,1,1,1,1,1,1,1,1,1,1,1,1,2,1,1,731247.766,4328857.823,77.792,Cob,9035,0,0,1,17,1
16757,5,2009460001869,3,3,18,6,3,2,1,CV-645,3.5,3,5,1,1,7,2,3,3,3,1,1,2,2,2,2,7,7,8,1,4,1,2,14,2,1,1,NaN,2,NaN,30,30,NaN,,NaN,,NaN,NaN,NaN,NaN,1,4,1,1,1,1,1,1,1,2,1,1,1,1,1,1,1,1,1,2,1,1,712307.737,4317738.661,98.132,Cob,6557,0,0,0,19,5
16758,5,2009460001872,3,3,19,3,4,3,1,CV-42,6,6,0,1,1,5,2,2,3,3,2,1,2,1,2,2,7,7,5,1,1,1,9,14,2,1,1,NaN,2,NaN,NaN,,NaN,,NaN,,NaN,64,60,NaN,1,4,1,1,1,1,1,1,1,1,1,1,2,1,1,1,1,1,1,2,1,1,723088.307,4349372.147,-9.07,Cob,5216,0,0,0,10,2
16760,5,2009460001879,3,3,18,1,3,1,2,CV-50,4.4,4,4,1,1,5,3,2,3,3,2,1,1,2,2,2,7,7,8,1,5,1,2,14,1,1,1,NaN,2,NaN,NaN,,NaN,,NaN,,NaN,52,50,NaN,1,4,1,1,1,1,1,1,2,1,1,1,1,1,1,1,1,1,1,2,1,1,705077.367,4385220.882,116.913,Sec,10822,0,1,0,4,2