Id,Ano,Numero_Accidente,Provincia,Mes,Dia,Hora,Dia_Semana,Tipo_Dia,Vehiculos_Implicados,Carretera,Pk,Km,Hm,Sentido,Zona,Tipo_Via,Anchura_Calzada,Anchura_Carril,Marcas_Viales,Arcen,Arcen_Pavimentado,Mediana,Barrera_Seguridad,Paneles_Direccionales,Hitos_Arista,Captafaros,Interseccion_Tipo,Interseccion_Acondicionamiento,Prioridad_Regulada_por,Superficie,Luminosidad,Factores_Atmosfericos,Visibilidad_Restringida_por,Otras_Circunstancias,Senalizacion_Peligro,Aceras,Arboles,Arboles_Metros_Calzada,Visibilidad_Senalizacion_Vertical,Colision_Vehiculos_Marcha,Colision_Vehiculo_Obstaculo_1,Colision_Vehiculo_Obstaculo_2,Atropello_1,Atropello_2,Vuelco_1,Vuelco_2,Salida_Sin_Colision,Salida_Con_Colision,Lado_Salida,Otro,Circulacion,Circulacion_Medidas_Especiales,Distraccion,Inexperiencia_Conductor,Alcohol_Drogas,Cansancio_Sueno,Enfermedad,Velocidad_Inadecuada,Infraccion_Norma_Circulacion,Estado_Condicion_Via,Estado_Condicion_Senalizacion,Tramo_Obras,Mal_Estado_Vehiculo,Averia_Mecanica,Meteorologia_Adversa,Irrupcion_Animal,Circular_Sentido_Contrario,Otro_Factor,Sin_Opinion_Definida,Pendiente,Curvatura,Peralte,GPS_x,GPS_y,GPS_z,Tipo_Est,IMD,N_Muertos,N_Graves,N_Leves,Hora_Real,Fuera_o_Interseccion
16764,5,2009460001880,3,3,21,3,6,2,2,CV-35,10.8,10,8,0,1,5,3,2,3,4,2,2,2,1,2,2,3,1,8,1,1,1,9,14,3,1,3,NaN,2,3,NaN,,NaN,,NaN,,NaN,NaN,NaN,NaN,1,4,2,1,1,1,1,1,1,1,1,1,1,1,1,1,1,1,1,2,1,1,715755.163,4381731.87,85.06,Per,93959,0,0,1,10,6
16765,5,2009460001884,3,3,22,5,7,3,1,CV-40,9,9,0,0,1,2,3,1,3,4,2,2,2,1,2,2,7,7,5,1,1,1,9,14,1,1,1,NaN,2,NaN,NaN,,NaN,,12,9,NaN,NaN,NaN,NaN,1,4,2,1,2,1,1,1,1,1,1,1,1,1,1,1,1,1,1,2,1,1,710478.271,4312444.377,273.3,Per,22222,0,0,0,15,2
16766,5,2009460001885,3,3,22,4,7,3,1,CV-81,11.6,11,6,1,1,5,3,1,3,3,2,1,1,2,2,1,7,7,5,1,1,1,9,14,1,1,1,NaN,2,NaN,NaN,,NaN,,NaN,,66,NaN,60,NaN,1,4,1,2,1,1,1,2,1,1,1,1,1,1,1,1,1,1,1,2,1,1,684133.559,4278547.373,480.616,Cob,5383,0,1,0,13,5
16768,5,2009460001901,3,3,17,3,2,1,2,CV-410,4.9,4,9,1,1,5,3,2,3,1,2,1,1,1,1,1,5,1,4,1,1,1,9,14,3,1,1,NaN,1,3,NaN,,NaN,,NaN,,NaN,NaN,NaN,NaN,1,4,1,1,1,1,1,1,2,1,1,1,1,1,1,1,1,1,1,2,2,3,718317.793,4369767.015,25.361,Pri,27477,0,0,0,10,6
16769,5,2009460001926,3,3,23,6,1,1,1,CV-50,46.6,46,6,0,1,5,3,2,3,4,2,1,2,1,2,2,7,7,5,1,5,1,9,14,3,1,3,NaN,2,NaN,NaN,,NaN,,NaN,,NaN,64,60,NaN,1,4,1,1,1,1,1,2,1,1,1,1,1,1,1,1,1,1,1,2,1,1,708496.043,4355333.861,83.631,Pri,2743,0,1,0,19,2
16770,5,2009460001975,3,3,21,2,6,2,1,CV-35,12.8,12,8,0,1,2,3,2,3,4,2,2,2,1,2,2,7,7,8,1,2,1,9,14,2,1,1,NaN,2,NaN,NaN,,NaN,,NaN,,NaN,61,60,NaN,1,4,2,1,2,1,1,1,1,1,1,1,1,1,1,1,1,1,1,2,1,1,714257.025,4383031.485,102.005,Per,97471,0,0,0,6,1
16772,5,2009460002001,3,3,18,6,3,2,2,CV-35,14.5,14,5,0,1,2,3,2,3,4,2,2,2,2,2,2,7,7,5,1,5,1,9,14,3,1,3,NaN,2,3,NaN,,NaN,,NaN,,NaN,NaN,NaN,NaN,1,4,1,1,1,1,1,1,1,1,1,1,1,1,1,1,1,1,2,2,1,1,712846.545,4383945.684,90.443,Per,80544,0,0,0,20,1
16773,5,2009460002005,3,3,21,3,6,1,1,CV-35,10,10,0,0,1,2,3,2,3,4,2,2,2,2,2,2,7,7,5,1,1,1,9,14,3,1,3,NaN,2,NaN,NaN,,21,24,NaN,,NaN,NaN,NaN,NaN,1,4,1,1,1,1,1,1,1,1,1,1,1,1,1,2,1,1,1,2,1,1,716435.035,4381334.63,85.823,Per,62420,0,0,0,9,1
16775,5,2009460002031,3,3,22,1,7,3,1,CV-36,5.5,5,5,0,1,2,3,2,3,4,2,2,2,1,2,2,7,7,8,3,4,1,9,14,3,1,3,NaN,2,NaN,NaN,,21,24,NaN,,NaN,NaN,NaN,NaN,1,4,1,1,1,1,1,1,1,1,1,1,1,1,1,2,1,1,1,2,1,1,712775.714,4368888.734,57.433,Cob,29466,0,0,0,23,1
16777,5,2009460002051,3,3,25,4,3,1,2,CV-30,0.8,0,8,0,1,2,3,2,3,4,2,2,2,2,2,2,7,7,8,1,1,1,9,14,1,1,1,NaN,2,3,NaN,,NaN,,NaN,,NaN,NaN,NaN,NaN,1,4,2,1,2,1,1,1,2,1,1,1,1,1,1,1,1,1,1,2,1,1,720972.84,4374589.065,9.174,Pri,71589,0,0,0,13,5
16778,5,2009460002053,3,3,26,6,4,1,1,CV-667,2.8,2,8,1,1,5,3,2,3,3,2,1,1,2,2,1,7,7,5,1,5,1,9,14,1,1,1,NaN,1,NaN,NaN,,NaN,,NaN,,66,NaN,60,NaN,1,4,2,1,2,1,1,1,1,1,1,1,1,1,1,1,1,1,1,2,1,2,719674.583,4305625.117,204.007,Cob,1917,0,0,1,22,4
16780,5,2009460002067,3,3,25,4,3,1,2,CV-36,2.5,2,5,1,1,2,3,2,3,4,2,2,2,1,2,2,7,7,8,1,1,1,9,14,3,1,1,NaN,1,4,NaN,,NaN,,NaN,,NaN,NaN,NaN,NaN,2,4,1,1,1,1,1,1,2,1,1,1,1,1,1,1,1,1,1,2,1,2,718901.738,4369335.509,18.29,Pri,68545,0,0,0,13,1
16782,5,2009460002083,3,3,27,4,5,1,2,CV-41,13.4,13,4,0,1,5,3,2,3,3,2,1,1,1,2,2,7,7,8,1,1,1,9,14,1,1,1,NaN,2,NaN,NaN,,NaN,,NaN,,NaN,64,60,NaN,1,4,1,1,1,1,1,1,2,1,1,1,1,1,1,1,1,1,1,2,1,1,716427.076,4325400.874,36.05,Cob,8589,0,0,1,14,1
16783,5,2009460002099,3,3,29,4,7,3,1,CV-41,14,14,0,0,1,5,3,2,3,3,2,1,1,2,2,2,7,7,8,3,1,4,9,14,1,1,2,4,2,NaN,NaN,,NaN,,NaN,,66,NaN,60,NaN,1,4,2,1,1,1,1,1,1,1,1,1,1,1,1,1,1,2,1,2,1,1,716586.525,4324826.003,37.905,Cob,8589,0,0,1,14,5
16784,5,2009460002118,3,3,30,6,1,4,1,CV-40,22.5,22,5,1,1,2,3,2,3,4,2,2,2,1,2,2,7,7,8,3,1,5,4,14,3,1,3,NaN,2,NaN,NaN,,NaN,,NaN,,NaN,62,60,NaN,1,4,1,1,1,1,1,2,1,1,1,1,1,1,2,1,1,1,1,2,1,1,710741.909,4317285.878,99.257,Cob,15159,0,0,0,18,2
16786,5,2009460002119,3,3,30,4,1,4,1,CV-36,6.7,6,7,1,1,2,1,1,3,4,2,1,2,2,2,2,7,7,8,3,1,5,2,14,1,1,3,NaN,2,NaN,NaN,,NaN,,NaN,,NaN,54,50,NaN,1,4,1,1,1,1,1,2,1,1,1,1,1,1,1,1,1,1,1,2,1,1,722501.707,4369909.901,1.642,Sec,20851,0,1,0,14,5
16787,5,2009460002123,3,3,30,3,1,4,1,CV-645,0.7,0,7,0,1,5,2,2,3,1,2,1,1,1,1,1,5,1,5,3,1,4,9,14,3,1,1,NaN,2,NaN,NaN,,NaN,,NaN,,67,NaN,60,NaN,1,4,2,1,1,1,1,1,1,1,1,1,1,1,1,1,1,1,1,2,1,2,711239.031,4316685.529,112.771,Cob,12010,0,0,0,8,6
16790,5,2009460002124,3,3,25,6,3,1,3,CV-35,3.5,3,5,1,1,2,3,2,3,3,2,2,2,2,2,2,7,7,8,1,2,1,9,14,2,1,1,NaN,1,3,NaN,,NaN,,NaN,,NaN,NaN,NaN,NaN,1,4,1,1,1,1,1,1,1,1,1,1,1,1,1,1,1,1,2,2,2,1,654507.777,4422863.684,906.357,Per,123057,0,0,0,19,1
16793,5,2009460002125,3,3,24,4,2,1,2,CV-32,0.2,0,2,0,1,5,3,2,3,2,2,2,1,1,2,2,5,1,4,1,1,1,9,14,1,1,1,NaN,2,2,NaN,,NaN,,NaN,,NaN,NaN,NaN,NaN,1,4,2,1,1,1,1,1,2,1,1,1,1,1,1,1,1,1,1,2,2,1,732392.066,4381689.679,-16.771,Per,24274,0,0,1,13,6
16794,5,2009460002136,3,3,30,6,1,4,1,CV-619,3.4,3,4,0,1,5,3,2,3,3,2,1,1,2,1,1,7,7,5,3,3,4,9,14,3,1,1,NaN,2,NaN,NaN,,NaN,,NaN,,66,NaN,60,NaN,1,4,1,1,1,1,1,2,1,1,1,1,1,1,2,1,1,1,1,2,1,1,728848.013,4307113.348,299.987,Cob,1498,0,0,0,19,4
16795,5,2009460002147,3,3,28,6,6,2,1,CV-35,16.5,16,5,1,1,2,3,2,3,4,2,2,2,2,2,2,7,7,8,3,3,4,9,14,3,1,1,NaN,1,NaN,NaN,,21,24,NaN,,NaN,NaN,NaN,NaN,1,4,1,1,1,1,1,1,1,1,1,1,1,1,1,2,1,1,1,2,1,1,662703.191,4417016.833,872.346,Per,63924,0,0,0,21,1
16796,5,2009460002149,3,3,28,6,6,2,1,CV-300,3.4,3,4,1,1,5,2,2,3,3,2,1,1,2,2,2,5,1,8,3,1,4,9,14,3,1,1,NaN,1,NaN,NaN,,NaN,,NaN,,NaN,54,50,NaN,1,4,2,1,1,1,1,2,1,2,1,1,1,1,1,1,1,1,1,2,1,1,728439.27,4381452.554,45.914,Cob,18618,0,0,0,18,6
16798,5,2009460002152,3,3,26,4,4,1,2,CV-35,3.1,3,1,1,1,2,3,2,3,4,2,2,2,1,2,2,3,1,4,1,1,1,9,14,1,1,1,NaN,2,4,NaN,,NaN,,NaN,,NaN,NaN,NaN,NaN,1,4,1,1,1,1,1,1,1,1,1,1,1,1,1,1,1,1,2,2,1,1,654450.358,4422670.859,893.187,Per,123057,0,0,1,14,6
16799,5,2009460002194,3,3,29,1,7,3,1,CV-35,5.6,5,6,1,1,2,3,2,3,4,2,2,2,1,2,2,3,1,4,3,4,4,9,14,3,1,3,NaN,2,NaN,NaN,,NaN,,NaN,,NaN,64,60,NaN,1,4,1,1,1,1,1,2,1,1,1,1,1,1,1,1,1,1,1,2,2,2,656247.515,4423100.513,944.494,Per,85829,0,0,0,23,6
16800,5,2009460002210,3,3,28,2,6,2,1,CV-33,5.7,5,7,0,1,5,3,2,3,4,2,2,2,2,2,2,7,7,8,1,4,1,9,14,3,1,1,NaN,2,NaN,NaN,,NaN,,NaN,,NaN,61,60,NaN,1,4,2,1,2,1,1,1,1,1,1,1,1,1,1,1,1,1,1,2,1,1,720219.395,4366583.536,13.058,Sec,25718,0,0,1,6,2
16802,5,2009460002211,3,3,29,2,7,3,2,CV-36,1.5,1,5,0,1,5,3,2,3,4,2,2,2,2,2,2,7,7,8,3,4,4,9,14,3,1,1,NaN,1,3,NaN,,NaN,,NaN,,NaN,NaN,NaN,NaN,1,4,2,1,1,1,1,1,1,1,1,1,1,1,1,1,1,1,1,2,1,1,716665.141,4369416.782,39.657,Pri,68545,0,0,2,5,1
16805,5,2009460002256,3,4,3,5,5,1,3,CV-590,59.8,59,8,0,1,5,1,3,3,3,2,1,1,1,1,1,1,6,8,1,1,1,9,14,2,1,1,NaN,2,2,NaN,,NaN,,NaN,,NaN,NaN,NaN,NaN,1,4,2,1,1,1,1,1,1,1,1,1,1,1,1,1,1,1,1,2,1,1,709069.04,4321256.196,161.14,Sec,6500,0,0,1,16,6
16807,5,2009460002264,3,4,4,5,6,2,2,CV-35,12,12,0,1,1,2,1,1,3,5,2,2,2,2,2,2,5,1,4,1,1,1,9,14,1,1,1,NaN,2,4,NaN,,NaN,,NaN,,NaN,NaN,NaN,NaN,1,4,2,1,1,1,1,1,1,1,1,1,1,1,1,1,1,1,1,2,1,1,661202.653,4420688.86,896.801,Per,93959,0,0,0,15,6
16809,5,2009460002269,3,4,5,1,7,3,2,CV-590,54.6,54,6,1,1,5,2,2,3,3,2,1,1,1,1,1,7,7,8,1,5,1,9,14,3,1,2,4,2,3,NaN,,NaN,,NaN,,NaN,NaN,NaN,NaN,1,4,1,1,1,1,1,1,2,1,1,1,1,1,1,1,1,1,1,2,1,2,674065.935,4321247.802,798.319,Sec,6500,0,0,2,3,1
16810,5,2009460002270,3,4,5,4,7,3,1,CV-81,8.6,8,6,1,1,5,3,1,3,3,2,1,2,2,2,2,7,7,5,1,1,1,2,14,1,1,1,NaN,2,NaN,NaN,,NaN,,NaN,,66,NaN,60,NaN,1,4,1,2,1,1,1,2,2,1,1,1,1,1,1,1,1,1,1,2,1,1,681223.725,4278341.017,462.696,Cob,5383,0,0,1,11,5
16811,5,2009460002275,3,3,29,6,7,3,1,CV-365,0.3,0,3,0,1,5,3,2,3,4,2,2,2,2,2,2,7,7,8,3,1,4,9,14,1,1,1,NaN,1,NaN,NaN,,NaN,,NaN,,NaN,62,60,NaN,1,4,2,1,1,1,1,2,1,1,1,1,1,1,1,1,1,1,1,2,1,1,721443.274,4376708.567,36.933,Cob,35825,0,0,0,19,2
16813,5,2009460002282,3,3,30,6,1,1,2,CV-410,3.6,3,6,0,1,5,3,2,3,3,2,2,2,2,2,2,5,1,8,3,1,4,9,14,1,1,3,NaN,2,3,NaN,,NaN,,NaN,,NaN,NaN,NaN,NaN,1,4,1,1,1,1,1,1,2,1,1,1,1,1,1,1,1,1,1,2,1,1,717220.62,4371900.231,33.883,Sec,21881,0,0,0,17,6
16815,5,2009460002285,3,3,30,6,1,1,2,CV-31,2.5,2,5,1,1,5,3,2,3,3,2,2,2,2,2,2,7,7,8,3,3,4,9,14,3,1,3,NaN,2,4,NaN,,NaN,,NaN,,NaN,NaN,NaN,NaN,1,4,2,1,1,1,1,1,1,1,1,1,1,1,1,1,1,1,1,2,1,1,720788.191,4376506.447,23.135,Cob,66607,0,0,0,20,2
16817,5,2009460002289,3,3,30,6,1,4,2,CV-365,0,0,0,0,1,5,3,2,3,3,2,2,2,2,2,2,7,7,8,3,1,4,2,14,1,1,1,NaN,1,4,NaN,,NaN,,NaN,,NaN,NaN,NaN,NaN,1,4,1,2,1,1,1,2,1,1,1,1,1,1,1,1,1,1,1,2,1,1,721641.153,4376482.197,31.464,Cob,35825,0,0,0,18,2
16818,5,2009460002292,3,4,4,2,6,2,1,CV-550,2.1,2,1,0,1,5,3,2,3,3,2,1,1,1,2,2,7,7,8,3,5,1,9,14,3,1,1,NaN,2,NaN,NaN,,NaN,,NaN,,NaN,61,60,NaN,1,4,2,1,1,2,1,1,1,1,1,1,1,1,1,1,1,1,1,2,1,1,716106.744,4334339.22,-3.054,Sec,7812,0,0,1,6,2
16819,5,2009460002295,3,3,30,4,1,4,1,CV-31,3.1,3,1,0,1,5,3,2,3,3,2,1,1,1,1,1,7,7,8,3,1,4,9,14,1,1,1,NaN,2,NaN,NaN,,NaN,,NaN,,NaN,52,50,NaN,1,4,2,1,1,1,1,1,1,1,1,1,1,1,2,1,1,1,1,2,1,1,720899.213,4377260.695,30.974,Cob,21114,0,0,0,11,1
16820,5,2009460002298,3,3,30,5,1,4,1,CV-30,0,0,0,0,3,2,3,2,3,3,2,1,1,1,1,1,7,7,8,1,1,1,9,14,3,1,1,NaN,1,NaN,NaN,,NaN,,12,9,NaN,NaN,NaN,NaN,1,4,1,1,1,1,1,2,1,1,1,1,1,1,2,1,1,1,1,2,1,2,721064.125,4373852.114,3.284,Pri,71589,0,0,0,16,4
16822,5,2009460002312,3,4,6,6,1,4,2,CV-515,2.6,2,6,1,1,5,3,2,3,3,2,1,2,1,1,1,1,4,3,1,5,1,9,14,1,1,1,NaN,2,2,NaN,,NaN,,NaN,,NaN,NaN,NaN,NaN,1,4,1,1,1,1,1,1,2,1,1,1,1,1,1,1,1,1,1,2,1,1,729503.386,4343717.183,1.934,Cob,4315,0,0,3,22,6
16826,5,2009460002316,3,3,31,6,2,1,3,CV-32,0.1,0,1,0,1,5,2,2,3,3,2,2,2,2,2,2,7,7,8,1,1,1,9,14,3,1,1,NaN,1,4,NaN,,NaN,,NaN,,NaN,NaN,NaN,NaN,2,4,2,1,1,1,1,1,1,1,1,1,1,1,1,1,1,1,1,2,2,1,732487.812,4381701.311,-18.875,Per,24274,0,0,0,17,1
16828,5,2009460002320,3,3,31,4,2,1,2,CV-365,0.5,0,5,0,1,5,2,2,3,4,2,1,2,2,2,2,7,7,8,3,1,4,9,14,1,1,1,NaN,2,NaN,NaN,,NaN,,NaN,,NaN,64,60,NaN,1,4,1,1,1,1,1,1,1,1,1,1,1,1,1,1,1,1,2,2,1,2,721306.014,4376837.785,32.757,Cob,35825,0,0,0,11,5
16829,5,2009460002322,3,3,31,3,2,1,1,CV-35,18,18,0,0,1,2,3,2,3,4,2,2,2,2,2,2,7,7,8,3,1,4,9,14,3,1,1,NaN,1,NaN,NaN,,21,24,NaN,,NaN,NaN,NaN,NaN,1,4,1,1,1,1,1,1,1,1,1,1,1,1,1,2,1,1,1,2,1,1,710899.038,4386649.983,113.72,Per,45449,0,0,1,10,1
16831,5,2009460002343,3,4,4,5,6,2,1,CV-35,9,9,0,1,1,2,3,2,3,4,2,2,2,2,2,2,7,7,5,1,1,1,9,14,3,1,3,NaN,2,NaN,NaN,,NaN,,NaN,,NaN,52,50,NaN,1,4,2,1,1,1,1,1,1,1,1,1,1,1,1,1,1,1,1,2,1,1,658497.987,4421757.959,958.721,Per,62420,0,0,0,15,5
16833,5,2009460002350,3,4,5,3,7,3,2,CV-32,4.2,4,2,0,1,5,3,2,3,3,2,1,2,1,2,2,7,7,5,1,1,1,9,14,3,1,3,NaN,2,1,NaN,,NaN,,NaN,,NaN,NaN,NaN,NaN,1,4,1,1,1,2,1,1,1,1,1,1,1,1,1,1,1,1,1,2,1,1,728808.382,4383158.13,-0.805,Cob,16064,0,0,0,8,1
16834,5,2009460002351,3,4,7,6,2,1,1,CV-550,3.5,3,5,0,1,5,2,2,3,3,2,1,1,1,2,1,7,7,8,3,1,4,9,14,2,1,1,NaN,1,NaN,NaN,,NaN,,NaN,,67,NaN,60,NaN,1,4,1,1,1,1,2,1,1,1,1,1,1,1,1,1,1,1,1,2,1,1,717350.385,4334898.632,-4.131,Cob,10950,0,0,0,19,1
16836,5,2009460002357,3,4,7,6,2,1,2,CV-31,2.6,2,6,0,1,5,2,2,3,4,2,2,2,2,2,2,7,7,8,1,1,1,9,14,1,1,1,NaN,1,4,NaN,,NaN,,NaN,,NaN,NaN,NaN,NaN,1,4,2,1,2,1,1,1,1,1,1,1,1,1,1,1,1,1,1,2,1,1,720796.741,4376847.514,26.078,Cob,66607,0,0,2,18,4
16838,5,2009460002366,3,4,6,4,1,1,2,CV-407,3,3,0,1,1,5,1,2,3,3,2,1,2,2,1,1,7,7,5,1,1,1,9,14,1,1,3,NaN,2,4,NaN,,NaN,,NaN,,NaN,NaN,NaN,NaN,1,4,2,1,1,1,1,1,1,1,1,1,1,1,1,1,1,1,1,2,1,1,722349.612,4368515.917,4.993,Sec,19733,0,0,1,11,2
16839,5,2009460002386,3,4,11,5,6,2,1,CV-50,92,92,0,0,1,5,3,1,3,4,2,2,2,1,2,2,4,1,8,3,1,4,9,14,1,1,3,NaN,2,NaN,NaN,,NaN,,NaN,,NaN,61,60,NaN,1,4,1,1,1,1,1,2,1,1,1,1,1,1,2,1,1,1,1,2,1,1,706276.509,4387822.529,128.988,Per,7567,0,1,0,15,6
16842,5,2009460002394,3,4,12,6,7,3,2,CV-60,21.5,21,5,0,1,5,3,2,3,4,2,1,2,1,1,1,7,7,8,1,2,1,9,14,3,1,1,NaN,1,1,NaN,,NaN,,NaN,,NaN,NaN,NaN,NaN,2,4,1,2,1,1,1,1,2,1,1,1,1,1,1,1,1,1,1,2,1,1,730064.336,4308649.935,256.511,Cob,8004,0,2,2,20,1
16845,5,2009460002397,3,4,8,6,3,1,1,CV-400,2.7,2,7,0,1,5,3,2,3,4,2,2,2,1,2,2,7,7,8,1,3,1,9,14,3,1,1,NaN,2,NaN,NaN,,NaN,,NaN,,NaN,54,50,NaN,1,4,2,1,1,1,1,2,1,1,1,1,1,1,1,1,1,1,1,2,1,1,723534.298,4367127.175,-2.622,Cob,22509,0,0,4,22,1
16846,5,2009460002406,3,4,13,6,1,3,1,CV-60,7.3,7,3,1,1,5,3,2,3,3,2,1,2,1,2,2,7,7,8,1,4,1,9,14,3,1,1,NaN,2,NaN,NaN,,NaN,,NaN,,NaN,62,60,NaN,1,4,1,1,1,1,1,1,1,1,1,1,1,1,1,2,1,2,1,2,1,1,738107.879,4312974.122,74.243,Cob,7811,0,0,0,22,1
16852,5,2009460002421,3,4,9,4,4,3,2,CV-500,8,8,0,0,1,5,3,2,3,4,2,1,1,1,1,1,7,7,8,1,1,1,9,14,2,1,3,NaN,1,4,NaN,,NaN,,NaN,,NaN,NaN,NaN,NaN,3,4,2,1,1,1,1,1,1,1,1,1,1,1,1,1,1,1,1,2,1,1,729850.588,4362237.594,-18.137,Cob,13007,0,0,1,13,1
16853,5,2009460002436,3,4,13,4,1,4,1,CV-30,2.5,2,5,0,1,2,3,2,3,4,2,2,2,2,2,2,7,7,8,1,1,1,9,14,2,1,1,NaN,1,NaN,NaN,,NaN,,NaN,,NaN,NaN,NaN,71,1,4,1,1,1,1,1,1,1,1,1,1,1,1,1,1,1,1,2,2,1,1,722472.822,4375200.756,6.742,Sec,51002,0,0,0,13,3
16854,5,2009460002445,3,4,14,1,2,1,1,CV-42,1.6,1,6,0,1,5,3,2,3,3,2,2,2,1,2,2,7,7,8,1,4,1,9,14,3,1,1,NaN,1,NaN,NaN,,NaN,,NaN,,66,NaN,60,NaN,1,4,2,1,1,1,1,1,2,1,1,1,1,1,1,1,1,1,1,2,1,1,720931.546,4339614.227,-4.931,Sec,12128,0,0,0,23,1
16855,5,2009460002451,3,4,12,6,7,3,1,CV-50,16.1,16,1,0,1,5,3,2,3,3,2,1,1,1,2,1,7,7,8,1,1,1,9,14,1,1,1,NaN,2,NaN,NaN,,NaN,,NaN,,NaN,61,60,NaN,1,4,2,1,1,1,1,1,1,1,1,1,1,1,1,1,1,1,1,2,1,1,724826.068,4332883.304,16.241,Cob,9035,0,0,1,19,2
16856,5,2009460002466,3,4,14,1,2,4,1,CV-500,19.8,19,8,0,1,5,3,2,3,3,2,1,2,2,2,2,5,1,4,1,3,1,9,14,1,1,3,NaN,2,NaN,NaN,,NaN,,NaN,,NaN,64,60,NaN,1,4,2,1,1,1,1,1,1,1,1,1,1,1,1,1,1,1,1,2,1,1,735136.381,4350571.825,-15.218,Cob,9298,0,0,0,23,6
16860,5,2009460002470,3,4,14,6,2,4,3,CV-35,15.5,15,5,0,1,2,3,2,3,4,2,2,2,1,2,2,4,1,8,1,1,1,9,14,3,1,1,NaN,1,4,NaN,,NaN,,NaN,,NaN,NaN,NaN,NaN,2,4,2,1,1,1,1,1,1,1,1,1,1,1,1,1,1,1,1,2,1,1,712061.948,4384555.19,87.592,Per,80544,0,0,0,19,6
16861,5,2009460002474,3,4,15,4,3,1,1,CV-40,9.5,9,5,0,1,2,3,2,3,3,2,2,1,2,2,2,7,7,8,1,1,1,9,14,3,1,1,NaN,2,NaN,NaN,,NaN,,NaN,,NaN,63,60,NaN,1,4,2,1,1,1,1,1,1,1,1,1,1,1,1,1,1,1,1,2,1,1,710347.636,4312072.296,286.951,Per,22222,0,0,0,14,2
16862,5,2009460002479,3,4,16,6,4,1,1,CV-50,15.5,15,5,0,1,5,2,2,3,3,2,1,1,1,2,1,7,7,8,3,1,4,9,14,1,1,1,NaN,2,NaN,NaN,,NaN,,NaN,,NaN,61,60,NaN,1,4,1,1,1,2,1,1,1,1,1,1,1,1,1,1,1,1,1,2,1,1,725447.617,4332645.325,26.081,Cob,9035,0,0,1,17,2
16871,5,2009460002485,3,4,18,6,6,2,2,CV-50,71,71,0,0,1,5,3,2,3,3,2,1,2,1,2,2,4,1,8,1,1,1,9,14,3,1,1,NaN,2,4,NaN,,NaN,,NaN,,NaN,NaN,NaN,NaN,1,4,2,1,2,1,1,1,1,1,1,1,1,1,1,1,1,1,1,2,1,1,698625.24,4370184.124,229,Sec,5779,0,0,4,18,6
16875,5,2009460002509,3,4,20,6,1,3,2,CV-33,0,0,0,1,1,5,3,2,3,3,2,1,1,2,1,1,5,1,8,1,1,1,9,14,3,1,1,NaN,2,3,NaN,,NaN,,NaN,,NaN,NaN,NaN,NaN,1,4,2,1,1,1,1,1,2,1,1,1,1,1,1,1,1,1,1,2,1,1,719794.305,4367686.054,16.824,Cob,26656,0,0,0,18,6
16883,5,2009460002512,3,4,18,4,6,2,2,CV-31,2.1,2,1,0,1,5,3,2,3,4,2,2,2,2,2,2,7,7,8,1,1,1,9,14,3,1,1,NaN,2,3,NaN,,NaN,,NaN,,NaN,NaN,NaN,NaN,1,4,1,1,1,1,1,1,2,1,1,1,1,1,1,1,1,2,1,2,1,1,720851.794,4376360.652,21.231,Cob,66607,0,0,0,14,1
16884,5,2009460002516,3,4,21,3,2,4,1,CV-40,18.1,18,1,0,1,2,3,2,3,4,2,2,2,1,2,2,7,7,8,1,1,1,9,14,2,1,1,NaN,2,NaN,NaN,,NaN,,NaN,,NaN,64,60,NaN,1,4,1,1,1,2,1,1,1,1,1,1,1,1,1,1,1,1,1,2,1,2,710976.872,4303870.583,305.141,Cob,0,0,0,0,7,2
16885,5,2009460002522,3,4,21,4,2,4,1,CV-60,16.1,16,1,1,1,5,3,2,3,3,2,1,2,1,1,1,7,7,8,1,1,1,9,14,3,1,1,NaN,2,NaN,NaN,,NaN,,NaN,,NaN,63,60,NaN,1,4,2,1,1,1,1,1,1,1,1,1,1,1,1,1,1,1,1,2,1,1,730870.112,4308941.086,212.335,Cob,8004,0,0,0,14,2
16887,5,2009460002524,3,4,21,4,2,4,2,CV-365,0.2,0,2,0,1,5,3,2,3,4,2,2,2,2,2,2,7,7,8,1,1,1,9,14,1,1,1,NaN,2,NaN,NaN,,NaN,,NaN,,NaN,54,50,NaN,1,4,1,1,1,1,1,2,1,1,1,1,1,1,1,1,1,1,1,2,1,1,721501.627,4376617.573,36.809,Cob,35825,0,0,0,11,5
16890,5,2009460002528,3,4,21,3,2,4,3,CV-35,7.2,7,2,1,1,2,3,2,3,4,2,2,2,1,2,2,7,7,8,1,1,1,9,14,3,1,1,NaN,2,5,NaN,,NaN,,NaN,,NaN,NaN,NaN,NaN,3,4,1,1,1,1,1,1,1,1,1,1,1,1,1,1,1,2,1,2,2,1,657076.976,4422159.711,986.488,Per,97430,0,0,0,9,1
16892,5,2009460002539,3,4,21,3,2,4,2,CV-35,7.7,7,7,1,1,5,3,2,3,4,2,2,2,1,2,2,7,7,8,1,1,1,9,14,2,1,1,NaN,2,4,NaN,,NaN,,NaN,,NaN,NaN,NaN,NaN,3,4,2,1,1,1,1,1,1,1,1,1,1,1,1,1,1,1,1,2,1,1,657459.862,4422199.731,1009.905,Per,97430,0,0,0,9,1