Id,Ano,Numero_Accidente,Provincia,Mes,Dia,Hora,Dia_Semana,Tipo_Dia,Vehiculos_Implicados,Carretera,Pk,Km,Hm,Sentido,Zona,Tipo_Via,Anchura_Calzada,Anchura_Carril,Marcas_Viales,Arcen,Arcen_Pavimentado,Mediana,Barrera_Seguridad,Paneles_Direccionales,Hitos_Arista,Captafaros,Interseccion_Tipo,Interseccion_Acondicionamiento,Prioridad_Regulada_por,Superficie,Luminosidad,Factores_Atmosfericos,Visibilidad_Restringida_por,Otras_Circunstancias,Senalizacion_Peligro,Aceras,Arboles,Arboles_Metros_Calzada,Visibilidad_Senalizacion_Vertical,Colision_Vehiculos_Marcha,Colision_Vehiculo_Obstaculo_1,Colision_Vehiculo_Obstaculo_2,Atropello_1,Atropello_2,Vuelco_1,Vuelco_2,Salida_Sin_Colision,Salida_Con_Colision,Lado_Salida,Otro,Circulacion,Circulacion_Medidas_Especiales,Distraccion,Inexperiencia_Conductor,Alcohol_Drogas,Cansancio_Sueno,Enfermedad,Velocidad_Inadecuada,Infraccion_Norma_Circulacion,Estado_Condicion_Via,Estado_Condicion_Senalizacion,Tramo_Obras,Mal_Estado_Vehiculo,Averia_Mecanica,Meteorologia_Adversa,Irrupcion_Animal,Circular_Sentido_Contrario,Otro_Factor,Sin_Opinion_Definida,Pendiente,Curvatura,Peralte,GPS_x,GPS_y,GPS_z,Tipo_Est,IMD,N_Muertos,N_Graves,N_Leves,Hora_Real,Fuera_o_Interseccion
16896,5,2009460002560,3,4,22,6,3,1,2,CV-33,6,6,0,1,1,5,3,2,3,4,2,2,2,2,2,2,7,7,8,1,1,1,9,14,3,1,1,NaN,1,3,NaN,,NaN,,NaN,,NaN,NaN,NaN,NaN,1,4,2,1,1,1,1,1,2,1,1,1,1,1,1,1,1,1,1,2,1,1,723000.228,4363577.093,-10.568,Sec,25718,0,0,3,19,1
16897,5,2009460002582,3,4,23,6,4,1,1,CV-41,8.8,8,8,1,1,5,3,2,3,3,2,1,2,1,1,1,7,7,8,1,2,1,9,14,3,1,1,NaN,1,NaN,NaN,,NaN,,12,9,NaN,NaN,NaN,NaN,1,4,1,1,1,1,1,1,1,1,1,1,1,2,1,1,1,1,1,2,1,1,717394.983,4326461.178,22.047,Sec,6646,0,0,1,20,1
16898,5,2009460002586,3,4,23,6,4,1,1,CV-40,20.8,20,8,0,1,2,3,2,3,4,2,2,1,1,2,2,7,7,8,1,1,1,9,14,3,1,1,NaN,2,NaN,NaN,,NaN,,NaN,,NaN,64,60,NaN,1,4,2,1,1,1,1,1,1,1,1,1,1,1,1,1,1,1,1,2,1,1,711578.267,4301363.637,320.523,Cob,15159,0,0,1,19,2
16899,5,2009460002590,3,4,25,1,6,2,1,CV-30,2,2,0,1,1,2,3,2,3,4,2,2,2,2,2,2,7,7,8,1,5,1,9,14,3,1,1,NaN,1,NaN,30,30,NaN,,NaN,,NaN,NaN,NaN,NaN,1,4,2,1,2,1,1,2,2,1,1,1,1,1,1,1,1,1,1,2,1,1,720786.002,4374309.543,14.694,Sec,51002,0,0,0,0,2
16900,5,2009460002592,3,4,26,3,7,3,1,CV-610,6.8,6,8,1,1,4,2,2,3,3,2,1,1,2,2,2,7,7,5,1,1,1,9,14,1,1,1,NaN,2,NaN,NaN,,NaN,,NaN,,NaN,54,50,NaN,1,4,1,1,1,1,1,2,1,1,1,1,1,1,1,1,1,1,1,2,1,1,729564.83,4313496.225,240.469,Cob,5188,0,1,0,9,5
16904,5,2009460002593,3,4,26,3,7,3,2,CV-41,13.1,13,1,1,1,5,3,2,3,3,2,1,1,1,1,2,1,1,5,1,1,1,9,14,2,1,1,NaN,1,2,NaN,,NaN,,NaN,,NaN,NaN,NaN,NaN,1,4,1,1,2,1,1,1,2,1,1,1,1,1,1,1,1,1,1,2,1,1,718087.027,4330300.307,5.265,Cob,8589,0,4,2,10,7
16906,5,2009460002608,3,4,24,3,5,1,2,CV-410,5,5,0,0,1,5,2,2,3,3,2,1,1,1,1,1,5,1,8,1,1,1,9,14,3,1,1,NaN,1,2,NaN,,NaN,,NaN,,NaN,NaN,NaN,NaN,1,4,1,2,1,1,1,1,1,1,1,1,1,1,1,1,1,1,1,2,2,1,716570.18,4372696.828,44.817,Pri,27477,0,0,0,9,6
16907,5,2009460002609,3,4,25,1,6,3,1,CV-550,1.4,1,4,0,1,5,2,2,4,3,1,1,1,1,1,1,7,7,8,1,4,1,9,14,2,1,1,NaN,2,NaN,NaN,,NaN,,NaN,,67,NaN,60,NaN,1,4,1,1,1,2,1,1,1,1,1,1,1,1,1,1,1,1,1,2,1,1,715446.265,4334251.036,-5.106,Sec,7812,0,0,2,2,1
16908,5,2009460002615,3,4,27,3,1,4,1,CV-590,10.5,10,5,1,1,5,2,3,3,3,2,1,2,2,2,2,1,1,3,1,1,1,9,14,1,1,1,NaN,2,NaN,NaN,,NaN,,NaN,,56,NaN,50,NaN,1,4,2,1,1,1,1,1,1,1,1,1,1,1,1,1,1,1,1,2,1,1,702568.109,4319182.761,216.643,Cob,204,0,0,1,9,6
16909,5,2009460002638,3,4,26,4,7,3,1,CV-50,54,54,0,0,1,5,3,2,3,4,2,1,2,1,1,1,7,7,8,1,1,1,9,14,1,1,3,NaN,2,NaN,NaN,,NaN,,NaN,,NaN,64,60,NaN,1,4,2,2,1,1,1,1,1,1,1,1,1,1,1,1,1,1,1,2,1,1,703395.943,4358972.601,164.384,Cob,1016,0,0,2,11,5
16911,5,2009460002639,3,4,26,3,7,3,2,CV-500,27,27,0,1,1,5,3,2,3,3,2,1,1,2,1,1,7,7,5,1,1,1,9,14,3,1,1,NaN,2,NaN,NaN,,NaN,,NaN,,NaN,NaN,NaN,71,1,4,2,1,1,1,1,1,1,1,1,1,1,1,1,1,1,1,1,2,1,1,729198.574,4366149.563,-19.848,Cob,7864,0,0,0,10,1
16913,5,2009460002645,3,4,28,6,2,1,2,CV-33,1,1,0,0,1,5,3,2,3,4,2,2,2,2,2,2,5,1,4,1,2,1,9,14,1,1,3,NaN,2,2,NaN,,NaN,,NaN,,NaN,NaN,NaN,NaN,1,4,1,1,1,1,1,1,2,1,1,1,1,1,1,1,1,1,1,2,1,1,717224.896,4372019.47,35,Cob,22232,0,0,1,21,6
16915,5,2009460002667,3,4,29,6,3,1,2,CV-686,0.1,0,1,1,1,5,3,2,3,3,2,1,1,1,1,1,7,7,8,1,1,1,9,14,3,1,1,NaN,1,4,NaN,,NaN,,NaN,,NaN,NaN,NaN,NaN,1,4,2,1,1,1,1,1,1,1,1,1,1,1,1,1,1,1,1,2,1,1,743522.308,4315823.407,9.33,Cob,18016,0,0,1,19,1
16917,5,2009460002690,3,4,17,6,5,1,2,CV-400,3.7,3,7,0,1,5,1,2,3,2,2,1,2,1,1,1,5,1,8,1,1,1,9,14,2,1,1,NaN,1,1,NaN,,NaN,,NaN,,NaN,NaN,NaN,NaN,1,4,1,1,1,1,1,1,2,1,1,1,1,1,1,1,1,1,1,2,2,1,723459.111,4366145.603,-1.814,Cob,22509,0,0,1,19,6
16918,5,2009460002712,3,5,1,3,5,3,1,CV-41,11.1,11,1,0,1,5,2,2,3,3,2,1,1,1,2,1,7,7,8,1,1,1,9,14,2,1,1,NaN,1,NaN,NaN,,NaN,,NaN,,67,NaN,60,NaN,1,4,1,1,1,2,1,1,1,1,1,1,1,1,1,1,1,1,1,2,1,1,717711.936,4327070.016,21.739,Sec,6646,0,0,0,8,2
16919,5,2009460002714,3,5,1,6,5,3,1,CV-572,1,1,0,1,1,5,2,2,3,3,2,2,2,1,2,2,5,1,5,1,2,1,9,14,3,2,3,NaN,2,NaN,NaN,,NaN,,NaN,,NaN,53,50,NaN,1,4,2,1,1,1,1,1,1,1,1,1,1,1,1,1,1,1,1,2,2,1,721732.95,4335332.098,0.548,Cob,12380,0,1,0,20,6
16920,5,2009460002717,3,5,1,1,5,3,1,CV-610,21.6,21,6,0,1,5,2,3,3,1,2,1,2,2,1,1,7,7,8,1,5,1,9,14,1,1,1,NaN,1,NaN,NaN,,NaN,,NaN,,NaN,63,60,NaN,1,4,1,1,2,1,1,2,1,1,1,1,1,1,1,1,1,1,1,2,1,2,730641.729,4311040.093,208.512,Cob,2838,0,0,0,3,5
16923,5,2009460002738,3,4,29,6,3,1,3,CV-35,3.7,3,7,1,1,2,3,2,3,4,2,2,2,2,2,2,7,7,5,1,1,1,9,14,2,1,1,NaN,1,5,NaN,,NaN,,NaN,,NaN,NaN,NaN,NaN,2,4,2,1,1,1,1,1,1,1,1,1,1,1,1,1,1,2,1,2,1,1,654624.554,4423010.12,915.411,Per,123057,0,0,2,18,1
16928,5,2009460002742,3,4,29,6,3,1,3,CV-35,7.7,7,7,1,1,2,3,2,3,4,2,2,2,2,2,2,7,7,8,1,1,1,9,14,3,1,3,NaN,2,5,NaN,,NaN,,NaN,,NaN,NaN,NaN,NaN,2,4,1,1,1,1,1,1,2,1,1,1,1,1,1,1,1,2,1,2,1,1,657459.862,4422199.731,1009.905,Per,97430,0,0,4,20,1
16929,5,2009460002754,3,4,30,5,4,2,1,CV-35,90,90,0,0,1,5,2,3,3,1,2,1,1,2,1,1,7,7,5,1,1,1,9,14,1,1,1,NaN,2,NaN,NaN,,NaN,,NaN,,NaN,51,50,NaN,1,4,2,1,1,1,1,2,1,1,1,1,1,1,1,1,1,1,1,2,1,1,662646.379,4418242.678,916.405,Cob,491,0,0,0,16,5
16931,5,2009460002762,3,4,30,5,4,1,2,CV-42,17.8,17,8,0,1,5,3,2,3,4,2,1,1,2,1,1,7,7,5,1,1,1,9,14,3,1,3,NaN,2,4,NaN,,NaN,,NaN,,NaN,NaN,NaN,NaN,1,4,2,1,1,1,1,1,1,1,1,1,1,1,1,1,1,1,1,2,1,1,723378.727,4353376.405,-6.833,Cob,12606,0,0,0,16,1
16933,5,2009460002782,3,5,3,1,7,3,1,CV-410,0.4,0,4,0,1,5,2,2,4,1,2,1,1,1,1,1,7,7,8,1,4,1,9,14,2,1,1,NaN,1,NaN,NaN,,NaN,,NaN,,NaN,NaN,NaN,71,1,4,1,1,1,1,1,1,1,2,2,2,1,1,1,1,1,1,1,2,2,1,718592.65,4369834.616,23.966,Cob,12148,0,0,0,2,1
16934,5,2009460002783,3,5,3,5,7,3,1,CV-31,2.2,2,2,0,1,5,2,2,3,3,2,2,2,2,2,2,4,1,8,1,1,1,9,14,1,1,1,NaN,1,NaN,NaN,,NaN,,NaN,,NaN,51,50,NaN,1,4,1,1,1,1,1,2,1,1,1,1,1,1,1,1,1,1,1,2,1,1,720826.13,4376452.945,21.039,Cob,66607,0,0,0,15,6
16935,5,2009460002799,3,4,30,3,4,2,1,CV-50,58,58,0,0,1,5,2,2,3,1,2,1,1,1,1,1,7,7,8,1,1,1,9,14,1,1,1,NaN,2,NaN,NaN,,NaN,,NaN,,NaN,NaN,NaN,71,1,4,2,1,1,1,1,1,1,1,1,1,1,1,1,1,1,1,1,2,1,1,700221.116,4359858.101,178.127,Cob,1016,0,0,1,10,1
16936,5,2009460002805,3,5,4,5,1,1,1,CV-32,0.4,0,4,0,1,5,3,2,3,3,2,2,2,1,1,2,5,1,4,8,1,1,9,14,2,1,1,NaN,2,NaN,NaN,,NaN,,12,9,NaN,NaN,NaN,NaN,1,4,1,1,1,1,1,1,1,2,1,1,1,1,1,1,1,1,1,2,1,1,732191.984,4381698.195,-16.796,Per,24274,0,0,2,15,6
16944,5,2009460002811,3,5,3,6,7,3,3,CV-500,16.5,16,5,1,1,5,2,2,3,3,2,1,1,1,2,2,7,7,8,1,1,1,9,14,3,1,1,NaN,1,4,NaN,,NaN,,NaN,,NaN,NaN,NaN,NaN,2,4,2,1,1,1,1,1,1,1,1,1,1,1,1,1,1,1,1,2,1,1,732040.075,4356311.382,-20.732,Sec,12840,0,0,0,18,1
16945,5,2009460002813,3,5,5,4,2,1,1,CV-500,0.9,0,9,0,1,5,3,2,3,4,2,2,2,1,2,1,3,1,4,1,1,1,9,14,3,1,1,NaN,2,NaN,NaN,,NaN,,NaN,,NaN,51,50,NaN,1,4,1,1,1,1,1,1,1,1,1,1,1,1,1,1,1,1,2,2,1,1,729048.782,4369522.618,-11.371,Pri,18337,0,0,0,12,6
16949,5,2009460002818,3,5,5,3,2,1,4,CV-35,3,3,0,1,1,2,3,2,3,3,2,2,2,2,2,2,7,7,8,1,1,1,9,14,3,1,1,NaN,1,4,NaN,,NaN,,NaN,,NaN,NaN,NaN,NaN,2,4,1,1,1,1,1,2,1,1,1,1,1,1,1,1,1,1,1,2,1,1,654462.088,4422571.739,887.738,Per,123057,0,0,0,10,1
16951,5,2009460002819,3,5,5,6,2,1,2,CV-300,3.1,3,1,0,1,5,3,2,3,3,2,1,1,1,2,1,5,1,4,1,1,1,9,14,3,1,1,NaN,2,4,NaN,,NaN,,NaN,,NaN,NaN,NaN,NaN,1,4,1,1,1,1,1,1,2,1,1,1,1,1,1,1,1,1,1,2,1,1,730057.257,4386173.997,12.821,Cob,18618,0,0,0,17,6
16952,5,2009460002834,3,5,6,3,3,1,1,CV-650,0,0,0,0,1,5,3,2,3,2,2,1,1,1,1,1,5,1,8,1,1,1,9,14,3,1,1,NaN,1,NaN,NaN,,NaN,,12,9,NaN,NaN,NaN,NaN,1,4,1,1,1,1,1,2,1,1,1,1,1,1,1,1,1,1,1,1,1,1,710737.454,4304575.221,298.457,Cob,9461,0,0,0,9,6
16953,5,2009460002841,3,5,6,6,3,1,1,CV-35,21.1,21,1,0,1,2,3,2,3,4,2,2,2,1,1,1,7,7,8,1,1,1,9,14,3,1,1,NaN,1,NaN,NaN,,21,24,NaN,,NaN,NaN,NaN,NaN,1,4,2,1,1,1,1,1,1,1,1,1,1,1,1,2,1,1,1,2,1,1,708567.341,4388584.31,123.451,Per,45027,0,0,0,17,1
16957,5,2009460002842,3,5,6,4,3,1,2,CV-32,3,3,0,1,1,5,3,2,4,4,2,1,1,2,1,1,5,1,4,1,1,1,9,14,2,1,1,NaN,1,3,NaN,,NaN,,NaN,,NaN,NaN,NaN,NaN,1,4,1,1,1,1,1,1,1,1,1,1,1,1,1,1,1,1,2,2,1,2,727201.155,4385543.105,19.448,Cob,16064,0,0,0,13,6
16960,5,2009460002851,3,5,5,4,2,1,2,CV-31,3.5,3,5,0,1,5,3,2,3,4,2,1,1,1,1,1,7,7,8,1,1,1,9,14,3,1,1,NaN,1,4,NaN,,NaN,,NaN,,NaN,NaN,NaN,NaN,1,4,1,1,1,1,1,1,1,1,1,1,1,1,1,1,1,1,2,2,1,1,721156.91,4377534.377,28.829,Cob,21114,0,0,0,14,1
16962,5,2009460002862,3,5,7,4,4,1,2,CV-81,19,19,0,0,1,5,3,2,3,3,2,1,1,1,2,2,2,5,3,1,1,1,9,14,1,1,1,NaN,2,2,NaN,,NaN,,NaN,,NaN,NaN,NaN,NaN,1,4,1,2,1,1,1,1,2,1,1,1,1,1,1,1,1,1,1,2,1,1,704112.685,4290655.43,678.873,Pri,5166,0,0,1,13,7
16963,5,2009460002865,3,5,7,6,4,1,1,CV-550,5.7,5,7,1,1,5,3,2,3,3,2,1,1,1,2,2,7,7,8,1,4,1,9,14,3,1,1,NaN,2,NaN,NaN,,NaN,,NaN,,NaN,63,60,NaN,1,4,1,1,1,2,1,1,1,1,1,1,1,1,1,1,1,1,1,2,1,1,716110.097,4334341.169,-6.744,Cob,10950,0,0,0,22,1
16965,5,2009460002895,3,5,8,6,5,1,2,CV-81,5.7,5,7,0,1,5,1,1,3,3,2,1,2,2,2,1,4,1,4,1,1,1,9,14,1,1,1,NaN,1,3,NaN,,NaN,,NaN,,NaN,NaN,NaN,NaN,1,4,2,1,1,1,1,1,1,1,1,1,1,1,1,1,1,1,1,2,1,1,707672.324,4298758.315,368.044,Cob,5383,0,0,1,17,7
16967,5,2009460002909,3,5,6,4,3,1,2,CV-35,14.5,14,5,1,1,2,3,2,3,4,2,2,2,2,2,2,7,7,8,1,1,1,9,14,3,1,1,NaN,1,4,NaN,,NaN,,NaN,,NaN,NaN,NaN,NaN,1,4,1,1,1,1,1,1,2,1,1,1,1,1,1,1,1,2,1,2,1,1,662539.606,4418955.073,912.931,Per,80544,0,0,0,12,1
16970,5,2009460002910,3,5,6,5,3,1,3,CV-365,1.1,1,1,1,1,5,3,2,3,4,2,1,1,1,1,1,1,1,8,1,1,1,9,14,3,1,1,NaN,2,5,NaN,,NaN,,NaN,,NaN,NaN,NaN,NaN,1,4,2,1,1,1,1,1,1,1,1,1,1,1,1,1,1,1,1,2,1,1,719293.53,4376838.056,48.173,Sec,37925,0,0,0,16,6
16972,5,2009460002920,3,5,7,3,4,1,2,CV-33,0,0,0,1,1,5,3,2,3,4,2,1,1,1,1,1,5,1,8,1,1,1,9,14,1,1,1,NaN,2,2,NaN,,NaN,,NaN,,NaN,NaN,NaN,NaN,1,4,1,1,1,1,1,1,2,1,1,1,1,1,1,1,1,1,1,2,1,1,719794.305,4367686.054,16.824,Cob,26656,0,0,0,9,6
16974,5,2009460002929,3,4,21,4,2,1,2,CV-42,0.5,0,5,1,1,5,2,2,3,3,2,1,1,1,1,1,5,1,5,1,1,1,9,14,3,1,3,NaN,1,3,NaN,,NaN,,NaN,,NaN,NaN,NaN,NaN,1,4,1,1,1,1,1,1,1,1,1,1,1,1,1,1,1,1,2,2,1,2,723730.48,4354470.443,-10.577,Sec,12128,0,0,0,13,6
16976,5,2009460002934,3,5,11,4,1,1,2,CV-410,4,4,0,0,1,5,3,2,3,1,2,1,2,2,2,2,5,1,8,1,1,1,9,14,3,1,1,NaN,1,3,NaN,,NaN,,NaN,,NaN,NaN,NaN,NaN,1,4,2,1,1,1,1,1,1,1,1,1,1,1,1,1,1,1,1,2,2,1,717332.473,4372266.354,36.033,Pri,27477,0,0,1,11,6
16977,5,2009460002940,3,5,12,4,2,1,1,CV-515,8,8,0,0,1,5,2,2,3,3,2,1,1,1,1,1,7,7,8,1,1,1,9,14,2,1,1,NaN,1,NaN,NaN,,NaN,,NaN,,NaN,63,60,NaN,1,4,2,1,1,1,1,1,1,1,1,1,1,1,1,1,1,1,1,2,1,1,729852.884,4343749.887,-6.065,Cob,6347,0,0,0,12,1
16979,5,2009460002956,3,5,7,6,4,1,2,CV-32,0.3,0,3,0,1,5,3,2,3,3,2,1,2,2,2,1,7,7,5,1,1,1,9,14,1,1,3,NaN,2,4,NaN,,NaN,,NaN,,NaN,NaN,NaN,NaN,1,4,1,1,1,1,1,1,2,1,1,1,1,1,1,1,1,1,1,2,1,1,732291.886,4381692.359,-13.687,Per,24274,0,0,2,20,2
16986,5,2009460002964,3,5,10,6,7,3,5,CV-35,6,6,0,1,1,2,3,2,3,3,2,2,2,2,2,2,7,7,8,1,1,1,9,14,3,1,1,NaN,1,4,NaN,,NaN,,NaN,,NaN,NaN,NaN,NaN,2,4,1,1,1,1,1,1,1,1,1,1,1,1,1,1,1,1,2,2,1,1,656613.793,4422984.476,951.347,Per,100390,0,0,0,19,1
16987,5,2009460002971,3,5,13,4,3,1,1,CV-500,20.1,20,1,1,1,5,2,2,3,3,2,1,2,2,2,2,5,1,8,1,1,1,9,14,3,1,1,NaN,1,NaN,NaN,,NaN,,12,9,NaN,NaN,NaN,NaN,1,4,2,1,1,1,1,1,1,1,1,1,1,1,1,1,1,1,1,2,1,1,730615.535,4359670.722,-23.472,Cob,9298,0,0,1,13,6
16989,5,2009460002973,3,5,13,6,3,1,2,CV-50,28.8,28,8,1,1,5,3,2,3,3,2,1,1,1,2,1,5,1,4,1,1,1,9,14,1,1,1,NaN,2,4,NaN,,NaN,,NaN,,NaN,NaN,NaN,NaN,1,4,2,1,1,1,1,1,1,1,1,1,1,1,1,1,1,1,1,2,1,2,699090.293,4364532.25,245.399,Cob,14022,0,0,1,17,6
16990,5,2009460002983,3,5,11,1,1,4,1,CV-35,70.2,70,2,1,1,5,2,3,3,3,2,1,2,2,2,1,7,7,8,1,4,1,9,14,1,1,1,NaN,2,NaN,NaN,,NaN,,NaN,,NaN,53,50,NaN,1,4,1,1,2,1,1,2,1,1,1,1,1,1,1,1,1,1,1,2,1,1,698282.435,4394884.925,232.316,Cob,2279,0,0,1,2,1
16991,5,2009460003003,3,5,11,6,1,1,1,CV-50,91.4,91,4,0,1,5,3,2,3,4,2,1,1,1,1,1,7,7,8,1,1,1,9,14,3,1,1,NaN,1,NaN,NaN,,NaN,,NaN,,NaN,62,60,NaN,1,4,2,1,1,1,1,1,1,1,1,1,1,1,1,1,1,1,1,2,1,1,705926.469,4387352.776,131.174,Per,7567,0,1,1,18,2
16995,5,2009460003006,3,5,14,6,4,1,3,CV-50,13.6,13,6,1,1,5,2,2,3,4,2,1,1,1,1,1,7,7,5,1,1,1,9,14,3,1,1,NaN,1,5,NaN,,NaN,,NaN,,NaN,NaN,NaN,NaN,1,4,2,1,1,1,1,1,1,1,1,1,1,1,1,1,1,1,1,2,1,1,701406.959,4377347.122,178.786,Cob,9035,0,0,4,18,1
16996,5,2009460003014,3,5,16,3,6,2,1,CV-35,11,11,0,0,1,2,3,2,3,4,2,2,2,2,2,2,7,7,1,1,1,1,9,13,1,1,1,NaN,2,NaN,NaN,,21,21,NaN,,NaN,NaN,NaN,NaN,1,3,2,1,1,1,1,1,1,1,1,1,1,1,1,1,1,1,1,2,1,1,715524.068,4381914.297,86.876,Per,93959,0,0,1,10,2
16997,5,2009460003015,3,5,16,4,6,2,1,CV-439,4.7,4,7,1,1,5,2,2,3,3,2,1,2,2,2,1,7,7,8,1,1,1,2,14,1,1,3,NaN,2,NaN,NaN,,NaN,,NaN,,NaN,54,50,NaN,1,4,1,1,1,1,1,2,2,1,1,1,1,1,1,1,1,1,1,1,1,1,661809.822,4346485.459,674.79,Cob,127,1,0,0,11,4
16999,5,2009460003026,3,5,17,4,7,3,2,CV-686,1,1,0,0,1,5,3,2,3,3,2,1,1,1,2,2,7,7,8,1,1,1,9,14,2,1,1,NaN,1,4,NaN,,NaN,,NaN,,NaN,NaN,NaN,NaN,1,4,1,2,1,1,1,1,1,1,1,1,1,1,1,1,1,1,1,2,1,2,742357.265,4313770.318,23.046,Cob,18016,0,0,0,12,1
17001,5,2009460003037,3,5,15,6,5,1,2,CV-407,3.9,3,9,1,1,5,1,2,4,1,2,1,1,1,1,1,7,7,8,1,1,1,9,14,3,1,1,NaN,1,3,NaN,,NaN,,NaN,,NaN,NaN,NaN,NaN,1,4,1,1,1,1,1,1,1,1,1,1,1,1,1,1,1,1,2,2,1,1,721507.443,4368626.986,8.847,Cob,11481,0,0,0,17,2
17003,5,2009460003066,3,5,16,2,6,2,2,CV-35,17,17,0,0,1,2,3,2,3,4,2,2,2,1,2,2,4,1,8,1,3,1,9,14,3,1,1,NaN,1,4,NaN,,NaN,,NaN,,NaN,NaN,NaN,NaN,1,4,2,1,1,2,1,1,1,1,1,1,1,1,1,1,1,1,1,2,1,1,711149.502,4385700.71,92.42,Per,63924,0,0,0,5,6
17006,5,2009460003078,3,5,18,4,1,4,3,CV-300,5.5,5,5,0,1,5,3,2,3,4,2,2,2,1,2,2,7,7,8,1,1,1,9,14,3,1,1,NaN,2,5,NaN,,NaN,,NaN,,NaN,NaN,NaN,NaN,2,4,2,1,1,1,1,1,1,1,1,1,1,1,1,1,1,1,1,2,1,1,729756.599,4384045.873,14.685,Cob,18618,0,0,3,14,1
17008,5,2009460003083,3,5,17,4,7,3,2,CV-35,51,51,0,1,1,2,3,2,3,4,2,1,1,1,1,1,7,7,8,1,1,1,9,14,3,1,1,NaN,1,NaN,NaN,,NaN,,NaN,,NaN,NaN,NaN,71,1,4,1,1,1,1,1,1,2,1,1,1,1,1,1,1,1,1,1,2,1,2,680549.722,4396312.431,419.019,Per,3680,0,0,1,11,1
17010,5,2009460003092,3,5,18,3,1,4,2,CV-550,3.8,3,8,1,1,5,2,2,3,3,2,1,1,1,1,1,1,1,3,1,1,1,9,14,1,1,1,NaN,2,2,NaN,,NaN,,NaN,,NaN,NaN,NaN,NaN,1,4,1,1,1,1,1,1,1,1,1,1,1,1,1,1,1,2,1,2,1,1,717784.281,4335132.644,-8.746,Cob,10950,0,0,2,9,6
17012,5,2009460003093,3,5,19,4,2,1,2,CV-81,3,3,0,1,1,5,3,2,3,3,2,1,2,2,1,1,5,1,8,1,1,1,9,14,3,1,1,NaN,2,2,NaN,,NaN,,NaN,,NaN,NaN,NaN,NaN,1,4,1,1,1,1,1,1,2,1,1,1,1,1,1,1,1,1,1,2,1,1,675699.117,4277582.787,505.229,Sec,13265,0,0,1,13,6
17013,5,2009460003102,3,5,14,6,4,1,1,CV-50,0,0,0,0,1,5,3,1,3,3,2,2,2,2,1,1,7,7,8,1,1,1,9,14,2,1,1,NaN,1,NaN,NaN,,NaN,,NaN,,NaN,51,50,NaN,1,4,2,1,2,1,1,1,1,1,1,1,1,1,1,1,1,1,1,2,1,1,738596.336,4329435.479,-17.638,Cob,16019,0,0,0,20,2
17014,5,2009460003113,3,5,20,5,3,1,1,CV-81,1.4,1,4,0,1,5,3,2,3,3,2,1,1,1,2,2,7,7,8,1,1,1,9,14,3,1,1,NaN,2,NaN,NaN,,NaN,,12,9,NaN,NaN,NaN,NaN,1,4,1,1,1,1,1,2,1,1,1,1,1,1,1,1,1,1,1,2,1,1,710939.868,4301061.836,329.082,Sec,13265,0,0,0,16,5
17015,5,2009460003169,3,5,23,6,6,2,1,CV-81,13,13,0,0,1,5,3,2,3,3,2,1,1,1,2,1,7,7,8,3,5,4,9,14,3,1,1,NaN,1,NaN,NaN,,21,24,NaN,,NaN,NaN,NaN,NaN,1,4,1,1,1,1,1,1,1,1,1,1,1,1,1,2,1,1,1,2,1,1,708821.821,4294247.244,577.804,Cob,5383,0,0,0,22,1
17016,5,2009460003181,3,5,22,2,5,1,1,CV-550,5.9,5,9,1,1,5,3,2,3,3,2,1,1,1,1,1,7,7,8,1,2,1,9,14,2,1,1,NaN,2,NaN,NaN,,NaN,,NaN,,NaN,61,60,NaN,1,4,2,1,1,1,1,1,1,1,1,1,1,1,1,1,1,1,1,2,1,1,715916.288,4334306.84,-7.36,Cob,10950,0,0,1,6,2
17017,5,2009460003200,3,5,25,6,1,4,1,CV-81,1.5,1,5,0,1,5,3,2,3,3,2,1,1,2,1,1,5,1,4,8,1,1,2,14,1,1,1,NaN,2,NaN,NaN,,NaN,,12,9,NaN,NaN,NaN,NaN,1,4,1,1,1,1,1,1,1,2,1,1,1,1,1,1,1,1,1,2,2,2,710844.76,4301025.049,325.994,Sec,13265,0,0,1,17,6
17019,5,2009460003202,3,5,25,4,1,4,2,CV-686,0,0,0,1,1,5,3,2,4,3,2,1,1,1,1,1,7,7,8,1,1,1,9,14,1,1,1,NaN,2,4,NaN,,NaN,,NaN,,NaN,NaN,NaN,NaN,1,4,2,1,1,1,1,1,1,1,1,1,1,1,1,1,1,1,1,2,2,1,743544.593,4315914.786,8.187,Cob,18016,0,0,0,14,1
17022,5,2009460003222,3,5,20,3,3,1,3,CV-35,6.2,6,2,0,1,2,3,2,3,4,2,2,2,2,2,2,7,7,8,1,1,1,9,14,3,1,1,NaN,2,5,NaN,,NaN,,NaN,,NaN,NaN,NaN,NaN,1,4,1,1,1,1,1,1,2,1,1,1,1,1,1,1,1,1,1,2,1,1,719507.528,4379326.65,74.096,Per,100390,0,0,0,10,1
17024,5,2009460003226,3,5,25,4,1,1,2,CV-40,12.3,12,3,0,1,2,2,2,3,3,2,1,1,1,1,1,7,7,8,1,1,1,9,14,2,1,1,NaN,1,NaN,NaN,,NaN,,NaN,,NaN,53,50,NaN,1,4,2,1,1,1,1,1,1,1,1,1,1,1,1,1,1,1,1,2,1,1,710358.621,4309395.32,287.827,Cob,17285,0,0,0,14,1