Id,Ano,Numero_Accidente,Provincia,Mes,Dia,Hora,Dia_Semana,Tipo_Dia,Vehiculos_Implicados,Carretera,Pk,Km,Hm,Sentido,Zona,Tipo_Via,Anchura_Calzada,Anchura_Carril,Marcas_Viales,Arcen,Arcen_Pavimentado,Mediana,Barrera_Seguridad,Paneles_Direccionales,Hitos_Arista,Captafaros,Interseccion_Tipo,Interseccion_Acondicionamiento,Prioridad_Regulada_por,Superficie,Luminosidad,Factores_Atmosfericos,Visibilidad_Restringida_por,Otras_Circunstancias,Senalizacion_Peligro,Aceras,Arboles,Arboles_Metros_Calzada,Visibilidad_Senalizacion_Vertical,Colision_Vehiculos_Marcha,Colision_Vehiculo_Obstaculo_1,Colision_Vehiculo_Obstaculo_2,Atropello_1,Atropello_2,Vuelco_1,Vuelco_2,Salida_Sin_Colision,Salida_Con_Colision,Lado_Salida,Otro,Circulacion,Circulacion_Medidas_Especiales,Distraccion,Inexperiencia_Conductor,Alcohol_Drogas,Cansancio_Sueno,Enfermedad,Velocidad_Inadecuada,Infraccion_Norma_Circulacion,Estado_Condicion_Via,Estado_Condicion_Senalizacion,Tramo_Obras,Mal_Estado_Vehiculo,Averia_Mecanica,Meteorologia_Adversa,Irrupcion_Animal,Circular_Sentido_Contrario,Otro_Factor,Sin_Opinion_Definida,Pendiente,Curvatura,Peralte,GPS_x,GPS_y,GPS_z,Tipo_Est,IMD,N_Muertos,N_Graves,N_Leves,Hora_Real,Fuera_o_Interseccion
17025,5,2009460003230,3,5,22,3,5,1,1,CV-403,0.7,0,7,0,1,5,3,2,3,4,2,1,1,1,1,1,5,1,8,1,1,1,9,14,3,1,1,NaN,1,NaN,NaN,,NaN,,NaN,,67,NaN,60,NaN,1,4,1,1,1,2,1,1,1,1,1,1,1,1,1,1,1,1,1,2,1,1,720582.743,4371856.76,15.601,Cob,20475,0,0,0,7,6
17029,5,2009460003248,3,5,26,6,2,1,1,CV-60,6.9,6,9,1,1,5,1,1,4,3,2,2,2,1,2,2,4,1,8,1,4,1,9,14,2,1,1,NaN,1,NaN,NaN,,NaN,,NaN,,NaN,63,60,NaN,1,4,1,1,1,1,1,1,1,1,1,1,1,2,1,1,1,1,1,2,1,1,738408.619,4313218.722,62.957,Cob,7811,0,0,5,21,6
17030,5,2009460003249,3,5,26,4,2,1,1,CV-41,14,14,0,0,1,5,3,2,3,3,2,1,2,2,2,2,7,7,8,1,1,1,2,14,1,1,3,NaN,1,NaN,NaN,,NaN,,NaN,,NaN,52,50,NaN,1,4,1,1,1,1,1,2,1,1,1,1,1,1,1,1,1,1,1,2,1,1,716586.525,4324826.003,37.905,Cob,8589,0,0,0,14,5
17032,5,2009460003250,3,5,26,4,2,1,2,CV-60,0,0,0,1,1,5,3,2,3,4,2,1,1,2,1,1,5,1,4,1,1,1,9,14,1,1,3,NaN,2,1,NaN,,NaN,,NaN,,NaN,NaN,NaN,NaN,2,4,2,1,1,1,1,1,1,1,1,1,1,1,1,1,1,1,1,1,1,1,743958.713,4312753.388,28.224,Cob,9309,0,0,2,14,6
17033,5,2009460003251,3,5,25,6,1,4,1,CV-60,21,21,0,1,1,5,3,2,3,4,2,1,2,1,2,2,7,7,8,1,1,1,2,14,3,1,1,NaN,2,NaN,NaN,,NaN,,NaN,,65,NaN,60,NaN,1,4,1,1,1,1,1,1,1,1,1,1,1,1,1,1,1,2,1,2,1,1,726779.372,4306802.195,256.683,Cob,8004,0,0,0,18,2
17036,5,2009460003263,3,5,24,1,7,3,1,CV-33,1.8,1,8,1,1,5,3,2,3,4,2,2,2,1,2,2,7,7,8,1,4,1,9,14,2,1,3,NaN,2,NaN,NaN,,NaN,,NaN,,NaN,64,60,NaN,1,4,2,1,1,1,1,1,1,1,1,1,1,1,1,1,1,1,1,2,1,1,719730.739,4369087.387,28.325,Cob,22232,0,0,0,4,2
17039,5,2009460003283,3,5,24,4,7,3,1,CV-36,6.2,6,2,1,1,2,3,2,3,4,2,2,2,2,2,2,4,1,8,1,1,1,9,14,1,1,1,NaN,2,NaN,NaN,,NaN,,NaN,,NaN,54,50,NaN,1,4,1,1,1,1,1,2,1,1,1,1,1,1,1,1,1,1,1,2,1,1,722132.725,4369584.27,3.673,Sec,20851,0,0,1,12,6
17040,5,2009460003290,3,5,24,3,7,3,1,CV-35,4.5,4,5,0,1,2,3,2,3,4,2,2,2,1,2,2,7,7,8,1,2,1,9,14,3,1,1,NaN,1,NaN,NaN,,NaN,,NaN,,NaN,52,50,NaN,1,4,2,2,1,1,1,1,1,1,1,1,1,1,1,1,1,1,1,2,1,1,720492.286,4377970.385,58.44,Per,85829,0,0,0,7,1
17041,5,2009460003298,3,5,28,4,4,1,1,CV-81,9.3,9,3,0,1,5,3,2,3,2,2,1,1,1,2,2,7,7,5,1,1,1,9,14,1,1,1,NaN,1,NaN,NaN,,NaN,,12,9,NaN,NaN,NaN,NaN,1,4,1,1,1,1,1,1,1,1,1,1,1,1,1,1,1,2,1,2,1,2,708990.246,4296949.916,450.718,Cob,5383,0,0,1,13,1
17042,5,2009460003304,3,5,28,6,4,1,1,CV-41,7,7,0,0,1,5,3,2,3,3,2,1,2,2,1,1,4,1,4,1,1,1,9,14,1,1,1,NaN,2,NaN,NaN,,NaN,,NaN,,NaN,63,60,NaN,1,4,1,1,1,1,2,1,1,1,1,1,1,1,1,1,1,1,1,2,1,1,718398.528,4330660.121,8.24,Pri,10102,0,0,1,19,6
17044,5,2009460003306,3,5,28,5,4,1,2,CV-515,1.1,1,1,1,1,5,3,2,3,3,2,2,2,1,2,1,1,6,3,1,1,1,9,14,1,1,1,NaN,1,2,NaN,,NaN,,NaN,,NaN,NaN,NaN,NaN,1,4,1,1,1,1,1,1,2,1,1,1,1,1,1,1,1,1,1,2,1,1,730939.925,4343456.921,-2.365,Cob,4315,0,0,0,16,6
17046,5,2009460003317,3,5,25,6,1,1,2,CV-407,0,0,0,0,1,5,3,2,3,3,2,1,1,1,2,2,5,1,4,1,5,1,9,14,3,1,1,NaN,1,4,NaN,,NaN,,NaN,,NaN,NaN,NaN,NaN,1,4,1,1,1,1,1,1,2,1,1,1,1,1,1,1,1,1,1,2,3,2,721308.779,4368887.036,9.198,Cob,21509,0,0,1,20,6
17048,5,2009460003323,3,5,25,4,1,1,2,CV-306,2.5,2,5,0,1,5,3,2,3,3,2,1,1,2,2,2,7,7,8,1,1,1,9,14,3,1,1,NaN,2,3,NaN,,NaN,,NaN,,NaN,NaN,NaN,NaN,1,4,1,1,1,1,1,1,1,1,1,1,1,2,1,1,1,1,1,2,1,1,730681.018,4387581.432,2.211,NaN,0,0,0,1,14,2
17049,5,2009460003325,3,5,21,4,4,1,1,CV-35,6.4,6,4,0,1,2,3,2,3,4,2,2,2,2,2,2,7,7,8,1,1,1,9,14,3,1,1,NaN,2,NaN,NaN,,NaN,,NaN,,NaN,62,60,NaN,3,4,2,1,1,1,1,1,1,1,1,1,1,1,1,1,1,1,1,2,1,1,719389.966,4379486.502,77.162,Per,100390,0,0,0,14,1
17052,5,2009460003326,3,5,31,3,7,3,1,CV-50,16.1,16,1,1,1,5,3,2,3,3,2,1,2,2,2,2,7,7,8,3,1,5,9,14,3,1,1,NaN,2,NaN,NaN,,NaN,,NaN,,NaN,64,60,NaN,1,4,1,2,1,1,1,1,1,1,1,1,1,1,2,1,1,1,1,2,1,1,699487.814,4375802.135,200.98,Cob,9035,0,0,0,8,2
17054,5,2009460003357,3,5,26,6,2,1,2,CV-35,4,4,0,0,1,2,3,2,3,4,2,2,2,1,2,2,7,7,5,1,1,1,9,14,3,1,3,NaN,2,4,NaN,,NaN,,NaN,,NaN,NaN,NaN,NaN,3,4,2,1,1,1,1,1,1,1,1,1,1,1,1,1,1,1,1,2,1,1,720784.077,4377568.43,53.321,Per,123057,0,0,0,20,1
17056,5,2009460003360,3,5,26,3,2,1,2,CV-35,11.5,11,5,0,1,2,3,2,3,4,2,2,2,1,2,2,7,7,5,1,1,1,9,14,3,1,3,NaN,2,2,NaN,,NaN,,NaN,,NaN,NaN,NaN,NaN,1,4,1,1,1,1,1,1,1,1,1,1,1,1,1,1,1,2,1,2,1,1,715236.341,4382187.139,90.677,Per,93959,0,0,0,9,1
17058,5,2009460003375,3,5,26,3,2,1,2,CV-400,3.4,3,4,0,1,5,3,2,3,3,2,1,1,2,2,2,5,1,4,1,1,1,9,14,1,1,3,NaN,2,2,NaN,,NaN,,NaN,,NaN,NaN,NaN,NaN,1,4,2,1,1,1,1,1,1,1,1,1,1,1,1,1,1,1,1,2,1,1,723492.209,4366444.605,-3.833,Cob,22509,0,0,1,10,6
17061,5,2009460003392,3,5,25,6,1,4,3,CV-35,8.5,8,5,1,1,2,3,2,3,4,2,2,2,2,2,2,7,7,8,1,4,1,9,14,2,1,1,NaN,2,5,NaN,,NaN,,NaN,,NaN,NaN,NaN,NaN,1,4,2,1,1,1,1,1,1,1,1,1,1,1,1,1,1,1,1,2,1,1,658087.343,4421872.418,977.319,Per,62420,0,1,1,22,1
17063,5,2009460003410,3,5,28,6,4,1,2,CV-35,3.7,3,7,1,1,2,3,2,3,4,2,2,2,1,2,2,7,7,8,1,1,1,9,14,2,1,1,NaN,1,4,NaN,,NaN,,NaN,,NaN,NaN,NaN,NaN,1,4,1,1,1,1,1,1,1,1,1,1,1,1,1,1,1,1,2,2,1,1,654624.554,4423010.12,915.411,Per,123057,0,0,0,18,1
17065,5,2009460003411,3,5,29,4,5,1,2,CV-500,8.5,8,5,0,1,5,3,2,3,4,2,1,2,2,1,1,5,1,8,1,1,1,9,14,1,1,1,NaN,1,3,NaN,,NaN,,NaN,,NaN,NaN,NaN,NaN,1,4,1,1,1,1,1,1,1,1,1,1,1,1,1,1,1,1,2,2,1,1,729970.889,4362075.502,-19.116,Cob,13007,0,0,0,12,6
17068,5,2009460003423,3,6,3,6,3,1,3,CV-35,16.3,16,3,0,1,2,3,2,3,5,2,2,2,2,2,2,7,7,8,1,2,1,9,14,3,1,1,NaN,2,4,NaN,,NaN,,NaN,,NaN,NaN,NaN,NaN,1,4,1,1,1,1,1,2,1,1,1,1,1,1,1,1,1,1,1,2,1,1,711430.45,4385177.411,84.087,Per,63924,0,1,3,21,2
17070,5,2009460003433,3,5,29,3,5,1,2,CV-35,4.2,4,2,1,1,2,3,2,3,4,2,2,2,1,2,2,7,7,8,1,1,1,9,14,2,1,3,NaN,2,3,NaN,,NaN,,NaN,,NaN,NaN,NaN,NaN,1,4,2,1,1,1,1,1,1,1,1,1,1,1,1,1,1,1,1,2,1,1,654959.5,4422955.086,941.17,Per,123057,0,0,0,9,1
17071,5,2009460003468,3,6,5,6,5,1,1,CV-41,2,2,0,0,1,5,2,2,3,3,2,1,2,1,2,2,7,7,5,1,1,1,9,14,3,1,1,NaN,1,NaN,NaN,,21,21,NaN,,NaN,NaN,NaN,NaN,2,4,1,1,1,1,1,1,1,1,1,1,1,1,1,1,1,2,1,2,1,1,720786.465,4334710.644,3.152,Cob,13838,0,1,0,19,1
17073,5,2009460003472,3,6,6,6,6,2,2,CV-235,23.5,23,5,0,1,5,1,3,3,1,2,1,1,1,1,1,7,7,8,1,1,1,9,14,2,1,3,NaN,1,4,NaN,,NaN,,NaN,,NaN,NaN,NaN,NaN,1,4,2,1,1,1,1,1,1,1,1,1,1,1,1,1,1,1,1,1,1,1,697675.203,4412493.889,935.644,Cob,113,0,0,1,17,2
17074,5,2009460003478,3,5,31,3,7,3,1,CV-500,2.8,2,8,1,1,5,3,2,3,4,2,2,2,1,2,2,7,7,8,3,2,4,9,14,2,1,1,NaN,1,NaN,NaN,,NaN,,NaN,,58,NaN,50,NaN,1,4,2,2,1,2,1,1,1,2,1,1,1,1,2,1,1,1,1,2,1,1,732956.97,4345056.091,-11.978,Pri,18337,0,0,0,7,1
17075,5,2009460003479,3,6,7,6,7,3,1,CV-40,11.3,11,3,1,1,2,3,2,3,4,2,1,2,2,2,2,3,1,8,1,1,1,9,14,3,1,1,NaN,1,NaN,NaN,,NaN,,NaN,,66,NaN,60,NaN,1,4,2,1,1,1,1,1,1,1,1,1,1,1,1,1,1,1,1,2,1,1,710139.93,4307319.689,257.427,Cob,17285,0,0,0,17,6
17076,5,2009460003481,3,5,31,3,7,3,1,CV-33,0.1,0,1,0,1,5,3,2,3,3,2,1,1,1,1,1,5,1,4,3,1,4,9,14,3,1,1,NaN,1,NaN,NaN,,NaN,,NaN,,NaN,63,60,NaN,1,4,1,1,1,1,1,1,1,1,1,1,1,1,1,1,1,1,2,3,3,1,724146.111,4363224.868,-14.734,Cob,26656,0,0,0,9,6
17081,5,2009460003492,3,5,31,1,7,3,2,CV-35,40.5,40,5,0,1,2,3,2,3,3,2,1,1,1,1,1,7,7,8,1,5,1,9,14,2,1,1,NaN,1,NaN,NaN,,21,24,NaN,,NaN,NaN,NaN,NaN,1,4,1,1,1,1,1,1,1,1,1,1,1,1,1,2,1,1,1,2,1,1,693877.701,4397244.332,369.449,Per,5663,0,0,0,1,1
17083,5,2009460003496,3,6,4,4,4,1,2,CV-42,13,13,0,1,1,5,3,2,3,3,2,1,1,2,2,2,7,7,8,1,1,1,9,14,3,1,1,NaN,2,2,NaN,,NaN,,NaN,,NaN,NaN,NaN,NaN,1,4,1,1,1,1,1,1,2,1,1,1,1,1,1,1,1,1,1,2,1,1,721254.265,4343506.332,2.149,Cob,7179,0,1,0,11,1
17084,5,2009460003504,3,6,2,5,2,1,1,CV-400,4,4,0,0,1,5,3,2,3,1,2,1,1,1,1,1,5,1,8,1,1,1,9,14,1,1,1,NaN,1,NaN,NaN,,NaN,,NaN,,67,NaN,60,NaN,1,4,1,1,1,1,1,2,1,1,1,1,1,1,1,1,1,1,1,2,1,1,723265.684,4365929.024,-2.294,Cob,14293,0,0,0,16,6
17087,5,2009460003537,3,6,3,3,3,1,3,CV-35,8.3,8,3,1,1,2,3,2,3,4,2,2,2,1,2,2,7,7,8,1,1,1,9,14,3,1,1,NaN,1,4,NaN,,NaN,,NaN,,NaN,NaN,NaN,NaN,2,4,1,1,1,1,1,1,2,1,1,1,1,1,1,1,1,1,1,2,1,1,657921.831,4421974.824,987.514,Per,97430,0,0,0,8,1
17090,5,2009460003544,3,6,10,5,3,1,2,CV-41,15.8,15,8,1,1,5,3,2,3,3,2,1,2,1,2,1,7,7,8,1,1,1,9,14,1,1,1,NaN,2,4,NaN,,NaN,,NaN,,NaN,NaN,NaN,NaN,1,4,2,1,1,1,1,1,1,1,1,1,1,1,1,1,1,1,1,2,1,1,719310.415,4332471.623,-0.182,Cob,8589,0,0,4,15,1
17092,5,2009460003562,3,6,11,4,4,1,2,CV-60,0,0,0,1,1,5,2,3,3,3,2,1,1,1,1,1,7,7,8,1,1,1,9,14,3,1,1,NaN,2,1,NaN,,NaN,,NaN,,NaN,NaN,NaN,NaN,1,4,2,1,1,1,1,1,1,1,1,1,1,1,1,1,1,1,1,1,1,1,743958.713,4312753.388,28.224,Cob,9309,0,0,1,13,2
17093,5,2009460003567,3,6,11,3,4,1,1,CV-550,0,0,0,0,1,5,3,2,3,3,2,1,1,1,1,1,7,7,8,1,1,1,9,14,3,1,1,NaN,2,NaN,NaN,,NaN,,NaN,,67,NaN,60,NaN,1,4,2,1,1,1,1,1,1,1,1,1,1,1,1,1,1,1,1,2,3,1,714306.27,4334498.283,-2.335,Sec,7812,0,0,1,8,1
17094,5,2009460003589,3,6,14,3,7,3,1,CV-41,12.8,12,8,1,1,5,3,2,3,3,2,1,1,1,2,2,7,7,8,1,1,1,9,9,3,1,1,NaN,2,NaN,NaN,,NaN,,NaN,,NaN,61,60,NaN,1,4,2,1,1,1,1,1,1,2,1,1,1,1,1,1,1,1,1,2,1,1,717833.943,4330006.396,7.065,Cob,8589,0,1,0,8,1
17095,5,2009460003590,3,6,14,1,7,3,1,CV-60,36,36,0,1,1,5,3,2,3,4,2,1,2,1,2,2,7,7,8,1,5,1,9,14,2,1,1,NaN,2,NaN,NaN,,NaN,,NaN,,NaN,53,50,NaN,1,4,2,1,1,2,1,1,2,1,1,1,1,1,1,1,1,1,1,2,1,1,712496.041,4308833.818,237.081,Sec,9157,0,0,1,0,1
17096,5,2009460003601,3,6,14,3,7,3,1,CV-715,2.2,2,2,0,1,5,3,2,3,3,2,1,1,1,2,1,7,7,8,1,1,1,9,14,2,1,1,NaN,2,NaN,NaN,,NaN,,NaN,,NaN,51,50,NaN,1,4,2,1,1,2,1,1,1,1,1,1,1,1,1,1,1,1,1,2,1,1,751138.911,4309793.315,5.407,Cob,5907,0,0,0,7,1
17097,5,2009460003623,3,6,6,3,6,2,1,CV-31,2.5,2,5,0,1,5,3,2,3,3,2,2,2,1,2,2,7,7,5,1,1,1,9,14,1,1,3,NaN,2,NaN,NaN,,NaN,,NaN,,NaN,54,50,NaN,1,4,2,1,1,1,1,1,1,1,1,1,1,1,1,1,1,2,1,2,1,1,720801.149,4376748.262,22.782,Cob,66607,0,0,0,7,5
17099,5,2009460003628,3,6,15,3,1,1,2,CV-40,15,15,0,0,1,2,3,1,4,5,2,2,1,1,1,1,7,7,8,1,1,1,9,14,3,1,1,NaN,1,4,NaN,,NaN,,NaN,,NaN,NaN,NaN,NaN,1,4,1,1,1,1,1,1,1,1,1,1,1,1,1,1,1,2,1,2,1,1,710182.535,4306659.173,238.471,Cob,17285,0,0,2,9,1
17101,5,2009460003646,3,6,8,6,1,1,2,CV-410,4,4,0,1,1,5,1,2,3,2,2,1,1,1,1,1,5,1,4,1,1,1,9,14,1,1,1,NaN,2,4,NaN,,NaN,,NaN,,NaN,NaN,NaN,NaN,1,4,1,1,1,1,1,1,1,1,1,1,1,1,1,1,1,1,2,2,1,1,717667.359,4369725.315,29.393,Pri,27477,0,0,0,17,6
17102,5,2009460003658,3,6,16,5,2,1,1,CV-60,35.5,35,5,1,1,5,3,2,3,4,2,2,2,1,1,2,7,7,8,1,1,1,9,14,3,1,1,NaN,1,NaN,NaN,,NaN,,NaN,,NaN,62,60,NaN,1,4,1,1,1,1,1,1,1,1,1,1,1,1,1,2,1,1,1,2,1,1,712964.044,4308670.629,219.577,Sec,9157,0,0,0,16,1
17103,5,2009460003660,3,6,14,6,7,3,1,CV-585,1.3,1,3,0,1,5,2,2,3,1,2,1,1,1,1,1,7,7,8,1,1,1,9,14,3,1,3,NaN,2,NaN,NaN,,NaN,,NaN,,NaN,63,60,NaN,1,4,1,1,2,1,1,1,1,1,1,1,1,1,1,1,1,1,1,2,2,3,704263.837,4319391.841,219.535,Cob,3105,0,0,1,18,1
17105,5,2009460003664,3,6,8,4,1,1,2,CV-35,12,12,0,1,1,2,1,2,3,3,2,2,2,2,2,2,5,1,4,1,1,1,9,14,1,1,1,NaN,2,4,NaN,,NaN,,NaN,,NaN,NaN,NaN,NaN,1,4,2,1,1,1,1,1,1,1,1,1,1,1,1,1,1,1,1,2,1,1,661202.653,4420688.86,896.801,Per,93959,0,0,1,12,6
17107,5,2009460003674,3,6,18,4,4,1,2,CV-60,37,37,0,0,1,5,2,2,3,3,2,1,1,1,1,1,7,7,8,1,1,1,9,14,1,1,1,NaN,2,4,NaN,,NaN,,NaN,,NaN,NaN,NaN,NaN,1,4,2,1,1,1,1,1,1,1,1,1,1,1,1,1,1,1,1,2,1,1,743043.225,4312401.754,37.912,NaN,0,0,0,1,12,1
17109,5,2009460003702,3,6,22,4,1,4,2,CV-650,3.5,3,5,1,1,5,2,2,3,3,2,1,1,1,1,1,7,7,8,1,1,1,9,14,3,1,1,NaN,1,2,NaN,,NaN,,NaN,,NaN,NaN,NaN,NaN,1,4,2,1,1,1,1,1,1,1,1,1,1,1,1,1,1,1,1,2,1,1,709452.928,4303234.485,276.778,Cob,9461,0,1,1,14,1
17110,5,2009460003707,3,6,11,5,4,1,1,CV-35,24.5,24,5,0,1,2,3,2,3,3,2,2,2,2,2,2,7,7,5,1,1,1,9,14,3,1,1,NaN,1,NaN,NaN,,NaN,,NaN,,NaN,63,60,NaN,1,4,2,1,1,1,1,1,1,1,1,1,1,1,1,1,1,1,1,2,1,1,707028.353,4390885.46,158.813,Per,29566,0,0,0,15,1
17112,5,2009460003708,3,6,12,3,5,1,2,CV-403,0.5,0,5,0,1,5,3,2,3,3,2,1,2,1,1,1,7,7,8,8,1,1,9,14,3,1,1,NaN,1,NaN,30,29,NaN,,NaN,,NaN,NaN,NaN,NaN,1,4,1,1,1,1,1,1,1,2,1,1,1,1,1,1,1,1,1,2,1,1,720757.013,4371954.197,15.595,Cob,20475,0,0,0,8,1
17113,5,2009460003723,3,6,14,6,7,3,1,CV-35,12,12,0,0,1,2,2,2,3,2,2,2,2,2,2,2,5,1,4,1,1,1,9,14,1,1,1,NaN,1,NaN,NaN,,NaN,,NaN,,NaN,53,50,NaN,1,4,2,1,1,1,1,1,1,1,1,1,1,1,1,1,1,1,1,2,1,1,714879.194,4382530.859,92.225,Per,93959,0,0,0,18,6
17115,5,2009460003726,3,6,15,4,1,4,2,CV-50,74,74,0,0,1,5,3,2,3,3,2,1,2,1,2,2,2,2,8,1,1,1,9,14,3,1,1,NaN,1,4,NaN,,NaN,,NaN,,NaN,NaN,NaN,NaN,1,4,2,1,1,1,1,1,1,1,1,1,1,1,1,1,1,1,1,2,1,2,698572.638,4373034.983,198.136,Cob,5309,0,0,0,11,6
17117,5,2009460003730,3,6,17,4,3,1,2,CV-36,2.5,2,5,1,1,2,3,2,3,4,2,2,2,1,2,2,3,1,8,1,1,1,9,14,1,1,1,NaN,2,3,NaN,,NaN,,NaN,,NaN,NaN,NaN,NaN,1,4,2,1,1,1,1,1,1,1,1,1,1,1,1,1,1,1,1,2,1,2,718901.738,4369335.509,18.29,Pri,68545,0,0,0,14,6
17118,5,2009460003740,3,6,23,4,2,1,1,CV-686,0.5,0,5,0,1,5,2,2,3,3,2,1,2,1,2,2,5,6,4,1,1,1,9,14,3,1,1,NaN,1,NaN,NaN,,NaN,,NaN,,NaN,NaN,NaN,71,1,4,1,1,1,1,1,1,1,1,1,1,1,1,1,1,1,2,1,2,1,1,741940.094,4313490.058,28.205,Cob,18016,0,0,0,12,6
17120,5,2009460003768,3,6,24,4,3,1,2,CV-32,8,8,0,0,1,5,3,2,3,4,2,2,2,1,2,2,7,7,8,1,1,1,9,14,3,1,3,NaN,2,4,NaN,,NaN,,NaN,,NaN,NaN,NaN,NaN,1,4,2,1,1,1,1,1,1,1,1,1,1,1,1,1,1,1,1,2,1,1,726754.906,4386100.241,30.05,NaN,0,0,0,2,13,1
17121,5,2009460003770,3,6,23,1,2,1,1,CV-40,3,3,0,0,1,2,3,2,3,4,2,2,2,2,2,2,7,7,7,1,4,1,9,8,1,1,1,NaN,2,NaN,NaN,,NaN,,NaN,,NaN,NaN,NaN,71,1,4,1,1,1,1,1,1,1,1,2,2,1,1,1,1,1,1,1,2,1,1,710604.876,4317426.977,99.116,Cob,21147,0,0,0,23,1
17123,5,2009460003781,3,6,19,6,5,1,2,CV-400,1.5,1,5,1,1,5,3,2,3,3,2,1,1,2,2,2,5,1,4,1,1,1,9,14,1,1,1,NaN,1,4,NaN,,NaN,,NaN,,NaN,NaN,NaN,NaN,1,4,2,1,1,1,1,1,1,1,1,1,1,1,1,1,1,1,1,2,1,1,722807.554,4365176.756,-5.681,Pri,30500,0,0,1,20,6
17124,5,2009460003785,3,6,23,4,2,1,1,CV-41,2,2,0,0,1,5,2,2,3,2,2,2,1,1,1,1,5,1,4,1,1,1,9,14,2,1,1,NaN,1,NaN,NaN,,NaN,,NaN,,NaN,61,60,NaN,2,4,2,1,1,1,1,1,1,1,1,1,1,1,1,1,1,1,1,2,1,1,720786.465,4334710.644,3.152,Cob,13838,0,0,1,13,6
17127,5,2009460003788,3,6,19,6,5,2,3,CV-500,18.6,18,6,0,1,5,3,2,3,3,2,1,1,1,1,1,7,7,8,1,1,1,9,14,2,1,1,NaN,1,4,NaN,,NaN,,NaN,,NaN,NaN,NaN,NaN,2,4,2,1,1,1,1,1,1,1,1,1,1,1,1,1,1,1,1,2,1,1,734758.677,4351681.374,-14.449,Cob,9298,0,0,1,17,2
17129,5,2009460003789,3,6,19,3,5,1,2,CV-32,0.8,0,8,1,1,5,3,2,3,3,2,2,2,1,2,2,5,1,5,1,1,1,9,14,3,1,1,NaN,1,2,NaN,,NaN,,NaN,,NaN,NaN,NaN,NaN,1,4,1,1,1,1,1,1,1,1,2,1,1,1,1,1,1,1,1,2,1,1,725378.257,4386513.074,39.625,Per,24274,0,0,0,10,7
17132,5,2009460003793,3,6,25,6,4,1,1,CV-36,6.2,6,2,0,1,2,3,2,3,4,2,2,1,1,2,2,7,7,8,1,1,1,9,14,3,1,1,NaN,1,NaN,NaN,,NaN,,NaN,,NaN,62,60,NaN,1,4,2,1,1,1,1,1,1,1,1,1,1,1,1,1,1,1,1,2,1,1,712105.085,4368711.209,68.093,Sec,20851,0,1,0,18,2
17133,5,2009460003807,3,6,21,6,7,3,1,CV-306,1.7,1,7,0,1,5,2,2,3,3,2,1,1,1,1,1,7,7,8,1,1,1,9,14,3,1,1,NaN,1,NaN,NaN,,NaN,,NaN,,NaN,63,60,NaN,1,4,1,1,1,1,1,1,1,1,1,1,1,1,1,1,1,1,2,2,1,1,730519.27,4386804.219,-1.8,Cob,12867,0,0,1,17,1
17137,5,2009460003808,3,6,21,6,7,3,3,CV-35,14,14,0,1,1,2,3,2,3,4,2,2,2,1,2,2,7,7,8,1,1,1,9,14,3,1,1,NaN,1,4,NaN,,NaN,,NaN,,NaN,NaN,NaN,NaN,2,4,2,1,1,1,1,1,1,1,1,1,1,1,1,1,1,1,1,2,1,1,662386.877,4419383.786,895.429,Per,80544,0,0,1,20,1
17140,5,2009460003809,3,6,21,2,7,3,3,CV-500,8.5,8,5,0,1,5,2,2,3,3,2,1,1,1,1,1,7,7,8,1,5,1,9,8,1,1,1,NaN,2,4,NaN,,NaN,,NaN,,NaN,NaN,NaN,NaN,1,4,2,1,1,1,1,1,2,1,1,1,1,1,1,1,1,1,1,2,1,1,729970.889,4362075.502,-19.116,Cob,13007,0,0,0,5,1
17142,5,2009460003818,3,6,26,3,5,1,2,CV-400,0.8,0,8,0,1,5,2,2,3,4,2,1,2,1,2,2,3,1,4,1,1,1,9,14,1,1,1,NaN,1,4,NaN,,NaN,,NaN,,NaN,NaN,NaN,NaN,1,4,2,1,1,1,1,1,1,1,1,1,1,1,1,1,1,1,1,2,1,1,724140.153,4368832.266,0.556,Sec,43418,0,1,0,8,6
17143,5,2009460003824,3,6,23,6,2,1,1,CV-306,0,0,0,0,1,5,3,2,3,3,2,1,1,1,2,1,5,1,8,1,1,1,9,14,3,1,1,NaN,1,NaN,NaN,,NaN,,NaN,,NaN,NaN,NaN,71,1,4,1,1,1,1,1,1,2,1,1,1,1,1,1,1,1,1,1,2,1,1,729956.996,4385278.374,-5.204,Sec,6506,0,0,0,18,6
17146,5,2009460003826,3,6,24,4,3,1,1,CV-500,14.4,14,4,1,1,5,3,2,3,3,2,1,2,1,2,2,7,7,8,1,1,1,9,14,2,1,1,NaN,1,NaN,NaN,,NaN,,NaN,,NaN,64,60,NaN,1,4,2,1,1,1,1,2,1,1,1,1,1,1,1,1,1,1,1,2,2,1,733063.831,4354593.794,-19.187,Sec,12840,0,0,0,14,2
17148,5,2009460003830,3,6,25,6,4,1,2,CV-306,1,1,0,0,1,5,3,2,3,4,2,1,2,1,2,2,3,1,8,1,1,1,9,14,3,1,1,NaN,1,4,NaN,,NaN,,NaN,,NaN,NaN,NaN,NaN,1,4,2,1,1,1,1,1,1,1,1,1,1,1,1,1,1,1,1,2,1,1,730266.095,4386172.026,-3.347,Cob,12867,0,0,0,18,6
17150,5,2009460003831,3,6,25,6,4,1,1,CV-35,12.5,12,5,1,1,2,3,2,3,4,2,2,2,1,2,2,4,1,8,1,1,1,9,14,3,1,1,NaN,1,NaN,NaN,,NaN,,NaN,,NaN,52,50,NaN,1,4,1,1,1,1,1,1,1,1,1,1,1,1,1,1,1,2,1,2,1,1,661600.094,4420410.72,886.686,Per,97471,0,0,0,18,6