Id,Ano,Numero_Accidente,Provincia,Mes,Dia,Hora,Dia_Semana,Tipo_Dia,Vehiculos_Implicados,Carretera,Pk,Km,Hm,Sentido,Zona,Tipo_Via,Anchura_Calzada,Anchura_Carril,Marcas_Viales,Arcen,Arcen_Pavimentado,Mediana,Barrera_Seguridad,Paneles_Direccionales,Hitos_Arista,Captafaros,Interseccion_Tipo,Interseccion_Acondicionamiento,Prioridad_Regulada_por,Superficie,Luminosidad,Factores_Atmosfericos,Visibilidad_Restringida_por,Otras_Circunstancias,Senalizacion_Peligro,Aceras,Arboles,Arboles_Metros_Calzada,Visibilidad_Senalizacion_Vertical,Colision_Vehiculos_Marcha,Colision_Vehiculo_Obstaculo_1,Colision_Vehiculo_Obstaculo_2,Atropello_1,Atropello_2,Vuelco_1,Vuelco_2,Salida_Sin_Colision,Salida_Con_Colision,Lado_Salida,Otro,Circulacion,Circulacion_Medidas_Especiales,Distraccion,Inexperiencia_Conductor,Alcohol_Drogas,Cansancio_Sueno,Enfermedad,Velocidad_Inadecuada,Infraccion_Norma_Circulacion,Estado_Condicion_Via,Estado_Condicion_Senalizacion,Tramo_Obras,Mal_Estado_Vehiculo,Averia_Mecanica,Meteorologia_Adversa,Irrupcion_Animal,Circular_Sentido_Contrario,Otro_Factor,Sin_Opinion_Definida,Pendiente,Curvatura,Peralte,GPS_x,GPS_y,GPS_z,Tipo_Est,IMD,N_Muertos,N_Graves,N_Leves,Hora_Real,Fuera_o_Interseccion
17151,5,2009460003832,3,6,27,4,6,2,1,CV-590,34.2,34,2,1,1,5,3,2,3,1,2,1,1,1,1,1,7,7,8,1,1,1,9,14,2,1,1,NaN,2,NaN,NaN,,NaN,,NaN,,66,NaN,60,NaN,1,4,1,1,1,1,1,2,1,1,1,1,1,1,1,1,1,1,1,2,1,1,685413.991,4313645.213,769.641,Cob,815,0,0,1,12,2
17154,5,2009460003833,3,6,27,1,6,2,3,CV-35,17,17,0,1,1,2,3,1,2,1,2,1,1,1,1,1,5,1,5,1,3,1,9,14,3,1,1,NaN,2,1,NaN,,NaN,,NaN,,NaN,NaN,NaN,NaN,1,4,1,1,2,1,1,1,1,1,1,1,1,1,1,1,2,1,1,2,1,1,662757.921,4416523.85,866.802,Per,63924,0,0,0,1,6
17156,5,2009460003842,3,6,25,6,4,1,2,CV-300,7.4,7,4,1,1,5,3,2,3,3,2,2,2,2,2,1,7,7,8,1,1,1,9,14,1,1,1,NaN,2,2,NaN,,NaN,,NaN,,NaN,NaN,NaN,NaN,1,4,2,1,1,1,1,1,2,1,1,1,1,1,1,1,1,1,1,2,2,1,729926.113,4384565.991,-1.424,Sec,14406,0,1,0,19,1
17158,5,2009460003847,3,6,26,4,5,1,2,CV-33,3,3,0,1,1,5,3,2,3,3,2,2,2,1,2,2,7,7,8,1,1,1,9,14,3,1,1,NaN,1,3,NaN,,NaN,,NaN,,NaN,NaN,NaN,NaN,1,4,1,1,1,1,1,1,1,1,1,1,1,1,1,1,1,1,2,2,1,1,717379.601,4370644.63,29.672,Cob,22232,0,0,1,12,2
17159,5,2009460003848,3,6,28,6,7,3,1,CV-40,0.5,0,5,1,1,2,3,3,3,3,2,2,2,2,1,1,7,7,8,1,1,1,9,14,2,1,1,NaN,1,NaN,NaN,,NaN,,NaN,,NaN,NaN,NaN,71,1,4,2,1,1,1,1,1,1,1,1,1,1,1,1,1,1,1,1,2,1,3,715864.96,4301155.61,353.542,Cob,21147,0,0,0,17,2
17160,5,2009460003852,3,6,29,4,1,4,1,CV-81,12.5,12,5,1,1,5,3,2,3,3,2,1,1,1,2,1,7,7,8,1,1,1,9,14,3,1,2,3,1,NaN,NaN,,NaN,,NaN,,NaN,63,60,NaN,1,4,1,1,1,1,1,1,1,1,1,1,1,1,1,1,1,2,1,2,1,1,684313.141,4279145.775,476.993,Cob,5383,0,1,0,11,1
17163,5,2009460003861,3,6,27,6,6,2,1,CV-590,11.6,11,6,1,1,5,1,3,2,1,2,1,1,2,1,1,7,7,8,1,1,1,3,14,1,1,3,NaN,2,NaN,NaN,,NaN,,NaN,,NaN,63,60,NaN,1,4,1,1,1,1,1,2,1,1,1,1,1,1,1,1,1,1,1,2,1,1,701701.334,4318508.793,248.162,Cob,204,0,0,4,21,4
17165,5,2009460003865,3,6,27,3,6,2,2,CV-35,12.3,12,3,1,1,2,3,2,3,4,2,2,2,1,2,2,7,7,8,1,1,1,9,14,3,1,1,NaN,1,3,NaN,,NaN,,NaN,,NaN,NaN,NaN,NaN,2,4,1,1,1,1,1,1,1,1,1,1,1,1,1,1,1,1,2,2,1,1,661453.513,4420535.407,891.477,Per,93959,0,0,0,7,1
17166,5,2009460003866,3,6,23,1,2,1,1,CV-36,2.5,2,5,0,1,2,3,2,3,3,2,2,2,2,2,2,7,7,8,1,3,1,9,14,3,1,1,NaN,1,NaN,NaN,,NaN,,NaN,,NaN,52,50,NaN,1,4,2,1,2,1,1,2,1,1,1,1,1,1,1,1,1,1,1,2,1,1,715691.706,4369349.42,39.923,Pri,68545,0,1,0,1,2
17170,5,2009460003869,3,6,27,3,6,2,2,CV-35,12,12,0,1,1,2,3,2,3,4,2,2,2,1,2,2,7,7,8,1,1,1,9,14,3,1,1,NaN,1,4,NaN,,NaN,,NaN,,NaN,NaN,NaN,NaN,2,4,2,1,1,1,1,1,1,1,1,1,1,1,1,1,1,2,1,2,1,1,661202.653,4420688.86,896.801,Per,93959,0,0,0,8,1
17172,5,2009460003873,3,6,27,4,6,2,2,CV-500,16.1,16,1,0,1,5,2,2,3,3,2,1,1,1,1,1,7,7,8,1,1,1,9,14,3,1,1,NaN,1,4,NaN,,NaN,,NaN,,NaN,NaN,NaN,NaN,1,4,2,1,1,1,1,1,2,1,1,1,1,1,1,1,1,1,1,2,1,1,733058.923,4354586.051,-16.317,Sec,12840,0,0,0,11,1
17176,5,2009460003875,3,6,27,4,6,2,3,CV-500,25.5,25,5,0,1,5,3,2,3,3,2,1,1,1,1,1,7,7,8,1,1,1,9,14,3,1,1,NaN,1,4,NaN,,NaN,,NaN,,NaN,NaN,NaN,NaN,1,4,1,1,1,1,1,1,1,1,1,1,1,1,1,1,1,1,2,2,1,1,733461.68,4346219.444,-10.279,Cob,7864,0,0,0,11,1
17178,5,2009460003881,3,6,30,3,2,1,2,CV-550,4,4,0,0,1,5,2,2,3,3,2,1,1,1,2,2,1,1,8,1,1,1,9,14,3,1,2,2,1,2,NaN,,NaN,,NaN,,NaN,NaN,NaN,NaN,1,4,1,1,1,1,1,1,2,1,1,1,1,1,1,1,1,1,1,2,1,1,717869.854,4335176.406,-5.255,Cob,10950,0,1,1,9,6
17182,5,2009460003891,3,6,27,6,6,2,1,CV-35,8.1,8,1,1,1,2,3,2,3,4,2,2,2,1,2,2,3,1,5,1,1,1,9,14,3,1,3,NaN,2,NaN,NaN,,21,24,NaN,,NaN,NaN,NaN,NaN,1,4,1,1,1,1,1,1,1,1,1,1,1,1,1,2,1,1,1,2,1,1,657850.576,4422035.092,992.613,Per,97430,0,0,0,18,6
17183,5,2009460003892,3,6,27,6,6,2,1,CV-33,3.3,3,3,1,1,5,1,2,3,3,2,2,2,2,2,2,4,1,5,1,1,1,9,14,1,1,3,NaN,2,NaN,NaN,,NaN,,NaN,,56,NaN,50,NaN,1,4,2,1,1,1,1,2,1,1,1,1,1,1,1,1,1,1,1,2,1,1,717463.279,4370374.051,29.246,Cob,22232,0,1,0,20,6
17187,5,2009460003898,3,6,29,5,1,4,3,CV-410,4,4,0,0,1,5,3,2,3,4,2,2,2,1,2,2,5,1,5,1,1,1,9,14,3,1,3,NaN,2,4,NaN,,NaN,,NaN,,NaN,NaN,NaN,NaN,1,4,1,1,1,1,1,1,1,1,2,1,1,1,1,1,1,1,1,2,2,1,717357.644,4372352.465,36.388,Pri,27477,0,0,0,16,6
17188,5,2009460003899,3,7,1,4,3,1,1,CV-650,3.1,3,1,0,1,5,1,3,3,3,2,1,1,1,1,1,7,7,5,1,1,1,9,14,2,1,1,NaN,1,NaN,NaN,,NaN,,NaN,,66,NaN,60,NaN,2,4,2,1,1,1,1,1,1,1,1,1,1,1,1,1,1,1,1,2,1,1,709298.373,4302486.368,309.051,Cob,9461,0,0,1,14,2
17190,5,2009460003903,3,6,21,3,7,3,1,CV-35,15.4,15,4,1,1,2,3,2,3,4,2,2,2,1,2,2,7,7,8,1,1,1,9,14,3,1,1,NaN,1,NaN,NaN,,NaN,,NaN,,NaN,52,50,NaN,1,4,1,1,1,1,1,1,2,1,1,1,1,1,1,1,1,1,1,2,1,1,662662.357,4418094.103,907.001,Per,80544,0,1,2,7,1
17192,5,2009460003914,3,6,30,6,2,1,2,CV-306,2.5,2,5,1,1,5,2,2,3,3,2,1,2,2,1,1,5,1,4,1,1,1,8,14,2,1,1,NaN,1,3,NaN,,NaN,,NaN,,NaN,NaN,NaN,NaN,1,4,1,1,1,1,1,1,1,1,1,1,1,1,1,1,1,1,2,2,1,1,730584.018,4387122.974,0.288,NaN,0,0,0,0,21,6
17196,5,2009460003915,3,6,30,6,2,1,2,CV-35,15.5,15,5,0,1,2,3,2,3,4,2,2,2,2,2,2,7,7,8,1,1,1,9,14,3,1,1,NaN,1,4,NaN,,NaN,,NaN,,NaN,NaN,NaN,NaN,2,4,2,1,1,1,1,1,1,1,1,1,1,1,1,1,1,1,1,2,1,1,712061.948,4384555.19,87.592,Per,80544,0,0,1,19,1
17197,5,2009460003918,3,7,2,6,4,1,1,CV-42,4.8,4,8,0,1,5,2,3,3,3,2,1,1,1,1,1,7,7,5,1,1,1,9,14,1,1,1,NaN,1,NaN,NaN,,NaN,,NaN,,66,NaN,60,NaN,1,4,2,1,1,1,1,1,1,1,1,1,1,1,1,1,1,1,1,2,1,1,720091.005,4342458.751,5.97,Cob,5531,0,0,1,18,4
17198,5,2009460003919,3,7,3,1,5,1,1,CV-40,16.1,16,1,1,1,2,3,2,3,4,2,2,2,1,2,1,7,7,8,1,4,1,9,14,2,1,1,NaN,1,NaN,NaN,,21,24,NaN,,NaN,NaN,NaN,NaN,1,4,1,1,1,1,1,1,1,1,1,1,1,1,1,2,1,1,1,2,1,1,710432.839,4312057.814,318.64,Cob,17285,0,0,0,0,1
17200,5,2009460003921,3,7,1,4,3,1,2,CV-32,8.9,8,9,0,1,5,3,2,3,4,2,1,1,1,1,1,7,7,8,1,1,1,9,14,1,1,1,NaN,1,1,NaN,,NaN,,NaN,,NaN,NaN,NaN,NaN,1,4,1,1,1,1,1,1,1,1,1,1,1,1,1,1,1,2,1,2,1,1,726013.495,4386327.662,40.614,NaN,0,0,1,0,13,1
17201,5,2009460003923,3,7,3,5,5,1,1,CV-590,55.7,55,7,0,1,5,3,2,3,4,2,1,2,2,2,2,7,7,5,1,1,1,9,14,1,1,1,NaN,2,NaN,NaN,,NaN,,NaN,,65,NaN,60,NaN,1,4,1,1,1,1,1,2,1,1,1,1,1,1,1,1,1,1,1,2,1,2,705423.978,4321201.258,207.165,Sec,6500,0,1,1,16,5
17202,5,2009460003928,3,7,4,3,6,2,1,CV-42,3.1,3,1,0,1,5,3,2,3,3,2,1,1,1,1,1,5,1,4,1,1,1,9,14,1,1,1,NaN,2,NaN,NaN,,NaN,,NaN,,NaN,53,50,NaN,1,4,1,1,2,1,1,2,1,1,1,1,1,1,1,1,1,1,1,2,1,1,720597.141,4341003.127,-0.037,Cob,5531,0,0,0,7,6
17205,5,2009460003935,3,7,4,4,6,2,2,CV-42,9.8,9,8,0,1,5,2,2,3,1,2,1,2,1,2,1,1,1,5,1,1,1,9,14,3,1,3,NaN,1,4,NaN,,NaN,,NaN,,NaN,NaN,NaN,NaN,1,4,2,1,1,1,1,1,2,1,1,1,1,1,1,1,1,1,1,2,2,2,722636.132,4345681.83,-6.423,Cob,7179,0,0,0,11,6
17206,5,2009460003936,3,7,4,5,6,2,1,CV-42,18,18,0,0,1,5,3,2,3,4,2,2,1,1,2,1,1,6,8,1,1,1,9,14,1,1,1,NaN,2,NaN,NaN,,NaN,,NaN,,NaN,63,60,NaN,1,4,2,1,2,2,1,2,1,1,1,1,1,1,1,1,1,1,1,2,1,1,723388.374,4353473.235,-6.841,Cob,12606,0,0,0,16,6
17207,5,2009460003944,3,7,5,1,7,3,1,CV-610,2.6,2,6,1,1,5,2,2,3,3,2,1,2,1,1,2,7,7,8,1,5,1,9,14,1,1,3,NaN,2,NaN,NaN,,21,24,NaN,,NaN,NaN,NaN,NaN,1,4,1,1,1,1,1,1,1,1,1,1,1,1,1,1,1,2,1,2,1,1,731205.497,4310568.022,187.401,Pri,9241,0,0,0,2,5
17208,5,2009460003948,3,7,6,6,1,4,1,CV-36,0.8,0,8,0,1,2,3,2,3,4,2,2,2,1,2,2,4,1,8,1,3,1,9,14,3,1,1,NaN,1,NaN,NaN,,NaN,,NaN,,NaN,64,60,NaN,1,4,2,1,2,1,1,1,1,1,1,1,1,1,1,1,1,1,1,2,1,1,717344.169,4369566.605,43.132,Pri,68545,0,0,0,21,6
17210,5,2009460003966,3,7,2,5,4,1,2,CV-35,14,14,0,1,1,2,3,2,3,4,2,2,2,1,2,2,3,1,3,1,1,1,9,14,3,1,3,NaN,2,4,NaN,,NaN,,NaN,,NaN,NaN,NaN,NaN,1,4,1,1,1,1,1,1,2,1,1,1,1,1,1,1,1,1,1,2,2,1,662403.644,4419285.808,900.702,Per,80544,0,0,0,15,6
17211,5,2009460003969,3,7,8,4,3,1,1,CV-610,21.5,21,5,1,1,5,2,3,3,2,2,1,1,1,1,1,7,7,8,3,1,4,2,14,1,1,3,NaN,2,NaN,NaN,,NaN,,NaN,,NaN,53,50,NaN,1,4,1,1,1,1,1,2,1,1,1,1,1,1,1,1,1,1,1,2,2,3,718657.292,4318630.603,98.35,Cob,2838,0,0,1,14,4
17212,5,2009460003971,3,7,5,1,7,3,1,CV-686,1.5,1,5,1,1,5,2,2,2,3,2,1,1,1,1,1,7,7,8,1,3,1,9,14,2,1,1,NaN,1,NaN,NaN,,NaN,,NaN,,67,NaN,60,NaN,1,4,2,1,1,1,1,1,1,1,1,1,1,1,1,1,1,1,1,2,1,1,742842.581,4314627.486,20.496,Cob,18016,0,0,2,4,1
17213,5,2009460003974,3,7,8,6,3,1,1,CV-40,9,9,0,1,1,2,3,2,3,4,2,2,2,1,2,2,7,7,8,1,1,1,2,14,3,1,1,NaN,1,NaN,NaN,,NaN,,NaN,,NaN,52,50,NaN,1,4,2,1,1,2,1,1,1,1,1,1,1,1,1,1,1,1,1,2,1,1,710394.978,4305070.513,266.898,Per,22222,0,0,1,18,2
17215,5,2009460003975,3,7,8,5,3,1,2,CV-610,7.8,7,8,0,1,5,2,3,3,3,2,1,2,1,1,1,7,7,5,3,1,4,2,4,1,1,1,NaN,2,1,NaN,,NaN,,NaN,,NaN,NaN,NaN,NaN,1,4,1,1,1,1,1,2,1,1,1,1,1,1,1,1,1,1,1,2,1,2,721298.694,4317433.624,267.45,Cob,5188,0,0,0,15,2
17216,5,2009460003997,3,7,5,2,7,3,1,CV-35,12.5,12,5,0,1,2,3,2,3,4,2,2,2,1,2,2,7,7,8,1,4,1,9,14,3,1,1,NaN,1,NaN,NaN,,NaN,,NaN,,NaN,64,60,NaN,1,4,2,1,1,1,1,1,1,1,1,1,1,1,1,1,1,1,1,2,1,1,714488.982,4382845.043,100.66,Per,97471,0,0,1,5,1
17219,5,2009460004012,3,7,11,4,6,2,1,CV-60,1.7,1,7,0,1,5,3,1,3,3,2,1,2,2,1,1,7,7,8,1,1,1,9,14,2,1,1,NaN,1,NaN,NaN,,NaN,,NaN,,NaN,NaN,NaN,71,1,4,1,1,1,1,1,2,2,1,1,1,1,1,1,1,1,1,1,2,1,2,711773.326,4309267.226,259.558,Cob,9309,0,0,0,11,1
17220,5,2009460004032,3,7,13,6,1,4,1,CV-60,19,19,0,0,1,5,3,2,3,3,2,1,2,1,2,1,7,7,8,1,4,1,9,14,2,1,1,NaN,1,NaN,NaN,,NaN,,NaN,,68,NaN,60,NaN,1,4,2,1,1,1,1,1,1,1,1,1,1,1,1,1,1,1,1,2,1,1,728148.445,4307154.013,277.28,Cob,8004,0,0,1,21,2
17222,5,2009460004034,3,7,13,4,1,4,2,CV-50,14,14,0,1,1,5,2,2,3,3,2,1,2,1,2,1,7,7,8,1,1,1,9,14,3,1,1,NaN,1,4,NaN,,NaN,,NaN,,NaN,NaN,NaN,NaN,1,4,1,1,1,1,1,1,1,1,1,1,1,1,1,1,1,2,1,2,1,1,701063.665,4377149.205,186.046,Cob,9035,0,0,1,14,1
17225,5,2009460004038,3,7,12,6,7,3,2,CV-35,16.8,16,8,0,1,2,3,2,3,4,2,2,2,2,2,2,7,7,8,1,1,1,9,14,3,1,1,NaN,1,3,NaN,,NaN,,NaN,,NaN,NaN,NaN,NaN,1,4,2,1,2,1,1,1,2,1,1,1,1,1,1,1,1,1,1,2,1,1,711238.845,4385523.926,90.404,Per,63924,0,0,3,19,1
17227,5,2009460004072,3,7,14,3,2,1,2,CV-550,5.3,5,3,0,1,5,3,2,3,3,2,1,1,1,2,2,7,7,8,1,1,1,9,14,2,1,1,NaN,2,4,NaN,,NaN,,NaN,,NaN,NaN,NaN,NaN,1,4,1,1,1,1,1,1,2,1,1,1,1,1,1,1,1,1,1,2,1,1,718916.115,4335737.218,-9.895,Cob,10950,0,0,1,10,1
17228,5,2009460004073,3,7,14,6,2,1,1,CV-610,6.4,6,4,1,1,5,2,2,3,3,2,1,2,2,2,2,7,7,8,1,1,1,9,14,1,1,1,NaN,1,NaN,NaN,,NaN,,NaN,,66,NaN,60,NaN,1,4,1,1,1,1,1,2,1,1,1,1,1,1,1,1,1,1,1,2,1,1,729850.758,4313374.223,240.798,Cob,5188,0,0,1,18,5
17230,5,2009460004077,3,7,13,3,1,4,2,CV-35,3.7,3,7,1,1,2,3,3,3,4,2,2,2,1,2,2,7,7,8,1,1,1,9,14,3,1,1,NaN,1,4,NaN,,NaN,,NaN,,NaN,NaN,NaN,NaN,1,4,1,1,1,1,1,1,1,1,1,1,1,1,1,1,1,2,1,2,1,1,654624.554,4423010.12,915.411,Per,123057,0,0,0,8,2
17231,5,2009460004137,3,7,12,1,7,3,1,CV-25,8.1,8,1,1,1,5,2,2,3,3,2,1,1,2,1,1,7,7,8,1,5,1,9,14,1,1,1,NaN,2,NaN,NaN,,NaN,,NaN,,NaN,62,60,NaN,1,4,2,1,2,2,1,1,1,1,1,1,1,1,1,1,1,1,1,2,1,2,712644.864,4409644.377,448.5,Cob,2332,0,0,1,0,4
17232,5,2009460004160,3,7,19,4,7,3,1,CV-550,0.5,0,5,1,1,5,2,2,3,3,2,1,1,1,1,1,7,7,8,1,1,1,9,14,2,1,1,NaN,1,NaN,NaN,,NaN,,NaN,,NaN,61,60,NaN,1,4,1,1,1,2,1,1,1,1,1,1,1,1,1,1,1,1,1,2,1,1,720400.598,4337046.031,0.45,Sec,7812,0,0,1,12,1
17233,5,2009460004163,3,7,11,6,6,1,1,CV-35,7.4,7,4,1,1,2,3,2,3,4,2,2,2,1,2,2,7,7,8,1,1,1,9,14,2,1,1,NaN,1,NaN,NaN,,NaN,,NaN,,66,NaN,60,NaN,1,4,1,1,1,1,1,1,1,1,1,1,1,1,1,1,1,1,2,2,1,2,657216.476,4422092.341,992.438,Per,97430,0,0,0,17,1
17235,5,2009460004166,3,7,6,5,1,1,2,CV-35,5,5,0,0,1,2,3,2,3,4,2,2,2,2,2,1,7,7,8,1,1,1,9,14,3,1,1,NaN,1,3,NaN,,NaN,,NaN,,NaN,NaN,NaN,NaN,1,4,2,1,1,1,1,1,1,1,1,1,1,1,1,1,1,1,1,2,1,1,720203.659,4378367.102,52.835,Per,85829,0,0,0,15,1
17236,5,2009460004167,3,7,7,2,2,1,1,CV-500,3,3,0,0,1,5,3,2,3,3,2,2,2,2,2,1,4,1,8,1,2,1,9,14,3,1,1,NaN,1,NaN,NaN,,NaN,,NaN,,66,NaN,60,NaN,1,4,1,1,1,1,1,1,1,1,1,1,1,1,1,2,1,1,1,2,1,1,728865.438,4367494.151,-11.262,Pri,18337,0,0,0,6,6
17237,5,2009460004169,3,7,6,6,1,1,1,CV-35,47,47,0,0,1,2,3,2,3,4,2,1,2,1,2,2,7,7,8,1,1,1,9,14,3,1,1,NaN,1,NaN,NaN,,NaN,,NaN,,NaN,54,50,NaN,1,4,2,1,1,1,1,1,1,1,1,1,1,1,1,1,1,1,1,2,1,1,687456.289,4397036.995,383.367,Per,5663,0,0,0,20,1
17240,5,2009460004174,3,7,7,4,2,1,3,CV-400,2,2,0,1,1,5,2,2,3,2,2,1,1,1,1,1,5,1,4,1,1,1,9,14,1,1,1,NaN,2,5,NaN,,NaN,,NaN,,NaN,NaN,NaN,NaN,1,4,2,1,1,1,1,1,2,1,1,1,1,1,1,1,1,1,1,2,1,1,723067.319,4365593.946,-4.043,Pri,30500,0,0,0,13,6
17241,5,2009460004181,3,7,20,6,1,1,1,CV-41,6.7,6,7,1,1,5,2,3,4,3,2,1,2,1,2,1,7,7,8,1,4,1,9,14,2,1,1,NaN,1,NaN,NaN,,NaN,,NaN,,NaN,64,60,NaN,2,4,1,1,1,1,1,1,2,1,1,1,1,1,1,1,1,1,1,2,1,1,716588.186,4324832.682,32.427,Pri,10102,0,1,0,22,1
17244,5,2009460004183,3,7,8,6,3,1,2,CV-410,2.2,2,2,0,1,5,3,2,3,4,2,1,1,1,1,1,5,1,4,1,1,1,9,14,1,1,1,NaN,2,3,NaN,,NaN,,NaN,,NaN,NaN,NaN,NaN,1,4,1,1,1,1,1,1,1,1,1,1,1,1,1,1,1,1,2,2,2,1,717475.084,4370551.846,29.937,Cob,28589,0,0,0,20,6
17246,5,2009460004204,3,7,14,3,2,1,2,CV-35,7.6,7,6,0,1,2,3,2,3,4,2,1,2,1,1,1,7,7,8,1,1,1,9,14,2,1,1,NaN,1,4,NaN,,NaN,,NaN,,NaN,NaN,NaN,NaN,1,4,1,1,1,1,1,1,2,1,1,1,1,1,1,1,1,1,1,2,1,1,718554.499,4380298.661,83.695,Per,97430,0,0,0,8,1
17247,5,2009460004207,3,7,14,6,2,1,1,CV-25,2,2,0,0,1,5,1,2,1,1,2,1,1,1,1,1,7,7,8,1,1,1,8,14,1,1,1,NaN,1,NaN,NaN,,NaN,,NaN,,66,NaN,60,NaN,1,4,2,2,1,1,1,2,1,1,1,1,1,1,1,1,1,1,1,2,1,2,707940.649,4392041.99,162.704,Sec,10874,0,0,0,18,5
17249,5,2009460004212,3,7,20,6,1,1,2,CV-50,15,15,0,0,1,5,2,2,3,4,2,1,1,1,1,1,7,7,8,1,5,1,9,14,3,1,1,NaN,1,NaN,NaN,,NaN,,NaN,,NaN,NaN,NaN,71,1,4,1,1,1,1,1,1,1,1,1,1,1,1,1,1,1,1,2,2,1,1,725856.778,4332373.731,25.84,Cob,9035,0,0,1,22,1
17251,5,2009460004215,3,7,17,5,5,1,2,CV-32,0.2,0,2,1,1,5,3,2,3,3,2,1,1,2,1,1,5,1,4,1,1,1,9,14,3,1,1,NaN,1,4,NaN,,NaN,,NaN,,NaN,NaN,NaN,NaN,1,4,2,1,1,1,1,1,1,1,1,1,1,1,1,1,1,1,1,2,2,1,725067.242,4386990.324,48.538,Per,24274,0,0,0,15,6
17252,5,2009460004218,3,7,17,6,5,1,1,CV-35,3.9,3,9,1,1,5,3,2,3,1,2,1,1,1,1,1,4,6,8,1,3,1,9,14,3,1,1,NaN,1,NaN,NaN,,NaN,,NaN,,NaN,61,60,NaN,1,4,1,1,1,1,1,2,2,1,1,1,1,1,1,1,1,1,1,2,1,1,654724.114,4423023.536,924.752,Per,123057,0,0,0,21,6
17254,5,2009460004225,3,7,9,4,4,1,2,CV-500,21.5,21,5,1,1,5,1,2,3,2,2,1,1,1,1,1,5,1,4,1,1,1,9,14,1,1,1,NaN,2,3,NaN,,NaN,,NaN,,NaN,NaN,NaN,NaN,1,4,1,1,1,1,1,1,2,1,1,1,1,1,1,1,1,1,1,2,1,1,730289.978,4360909.165,-20.943,Cob,7864,0,0,1,13,6
17257,5,2009460004233,3,7,7,5,2,1,2,CV-35,7.4,7,4,1,1,2,3,2,3,3,2,2,2,1,2,2,7,7,8,1,1,1,9,14,3,1,1,NaN,2,4,NaN,,NaN,,NaN,,NaN,NaN,NaN,NaN,2,4,2,1,1,1,1,1,1,1,1,1,1,1,1,1,1,1,1,2,1,2,657216.476,4422092.341,992.438,Per,97430,0,0,1,15,1
17260,5,2009460004234,3,7,11,3,6,2,3,CV-31,3,3,0,0,1,5,3,2,3,3,2,1,2,1,1,1,7,7,8,1,1,1,9,14,3,1,1,NaN,1,2,NaN,,NaN,,NaN,,NaN,NaN,NaN,NaN,1,4,1,1,2,2,1,1,2,1,1,1,1,1,1,1,1,1,1,2,1,2,720812.559,4377211.529,34.139,Cob,21114,0,0,2,8,2
17262,5,2009460004236,3,7,17,3,5,1,2,CV-410,0.1,0,1,1,1,5,2,1,3,2,2,1,1,1,1,1,5,1,4,1,1,1,9,14,1,1,1,NaN,1,3,NaN,,NaN,,NaN,,NaN,NaN,NaN,NaN,1,4,1,1,1,1,1,1,1,1,1,1,1,1,1,1,1,1,2,2,1,1,716359.381,4372884.216,41.851,Cob,12148,0,0,0,10,6
17264,5,2009460004242,3,7,17,3,5,1,2,CV-25,5,5,0,0,1,5,3,2,3,3,2,1,1,1,1,1,5,1,4,1,1,1,9,14,1,1,1,NaN,2,3,NaN,,NaN,,NaN,,NaN,NaN,NaN,NaN,1,4,1,1,1,1,1,1,2,1,1,1,1,1,1,1,1,1,1,2,1,1,709393.044,4394589.07,190.739,Sec,3508,0,0,0,9,6
17265,5,2009460004264,3,7,14,6,2,1,1,CV-42,10.5,10,5,0,1,5,3,2,3,3,2,1,1,1,1,1,7,7,8,1,1,1,9,14,3,1,1,NaN,1,NaN,NaN,,NaN,,NaN,,NaN,61,60,NaN,1,4,2,1,1,1,1,1,1,1,1,1,1,1,1,1,1,1,1,2,1,1,722726.814,4346352.953,-5.104,Cob,7179,0,0,0,17,1
17268,5,2009460004271,3,7,16,6,4,1,3,CV-500,20,20,0,0,1,5,3,2,3,3,2,1,1,1,1,1,7,7,8,1,1,1,9,14,2,1,1,NaN,2,4,NaN,,NaN,,NaN,,NaN,NaN,NaN,NaN,1,4,2,1,1,1,1,2,1,1,1,1,1,1,1,1,1,1,1,2,1,1,735183.487,4350484.348,-15.019,Cob,9298,0,0,2,19,2
17271,5,2009460004274,3,7,19,1,7,3,1,CV-32,8.5,8,5,0,1,5,3,2,3,3,2,1,1,2,2,2,5,1,4,1,5,1,9,14,1,1,3,NaN,2,NaN,NaN,,NaN,,NaN,,56,NaN,50,NaN,1,4,1,1,1,1,1,2,1,1,1,1,1,1,1,1,1,1,1,2,1,1,726404.973,4386257.256,40.175,NaN,0,0,0,4,0,6
17273,5,2009460004275,3,7,19,3,7,3,2,CV-35,6,6,0,0,1,2,3,2,3,4,2,2,2,1,2,2,7,7,5,1,1,1,9,14,1,1,3,NaN,2,4,NaN,,NaN,,NaN,,NaN,NaN,NaN,NaN,3,4,1,1,1,1,1,1,2,1,1,1,1,1,1,1,1,1,1,2,1,1,719620.885,4379170.261,71.16,Per,100390,0,0,0,10,1
17275,5,2009460004279,3,7,4,5,6,1,2,CV-35,7.4,7,4,1,1,2,3,2,3,4,2,2,2,2,2,2,7,7,8,1,1,1,9,13,3,1,1,NaN,1,4,NaN,,NaN,,NaN,,NaN,NaN,NaN,NaN,3,4,2,1,1,1,1,1,1,1,1,1,1,1,1,1,1,1,1,2,1,2,657216.476,4422092.341,992.438,Per,97430,0,0,1,15,1