Id,Ano,Numero_Accidente,Provincia,Mes,Dia,Hora,Dia_Semana,Tipo_Dia,Vehiculos_Implicados,Carretera,Pk,Km,Hm,Sentido,Zona,Tipo_Via,Anchura_Calzada,Anchura_Carril,Marcas_Viales,Arcen,Arcen_Pavimentado,Mediana,Barrera_Seguridad,Paneles_Direccionales,Hitos_Arista,Captafaros,Interseccion_Tipo,Interseccion_Acondicionamiento,Prioridad_Regulada_por,Superficie,Luminosidad,Factores_Atmosfericos,Visibilidad_Restringida_por,Otras_Circunstancias,Senalizacion_Peligro,Aceras,Arboles,Arboles_Metros_Calzada,Visibilidad_Senalizacion_Vertical,Colision_Vehiculos_Marcha,Colision_Vehiculo_Obstaculo_1,Colision_Vehiculo_Obstaculo_2,Atropello_1,Atropello_2,Vuelco_1,Vuelco_2,Salida_Sin_Colision,Salida_Con_Colision,Lado_Salida,Otro,Circulacion,Circulacion_Medidas_Especiales,Distraccion,Inexperiencia_Conductor,Alcohol_Drogas,Cansancio_Sueno,Enfermedad,Velocidad_Inadecuada,Infraccion_Norma_Circulacion,Estado_Condicion_Via,Estado_Condicion_Senalizacion,Tramo_Obras,Mal_Estado_Vehiculo,Averia_Mecanica,Meteorologia_Adversa,Irrupcion_Animal,Circular_Sentido_Contrario,Otro_Factor,Sin_Opinion_Definida,Pendiente,Curvatura,Peralte,GPS_x,GPS_y,GPS_z,Tipo_Est,IMD,N_Muertos,N_Graves,N_Leves,Hora_Real,Fuera_o_Interseccion
17283,5,2009460004300,3,7,16,6,4,1,5,CV-365,0.5,0,5,1,1,5,3,2,3,4,2,1,2,1,1,1,7,7,8,1,3,1,9,14,3,1,3,NaN,2,NaN,30,29,NaN,,NaN,,NaN,NaN,NaN,NaN,1,4,2,1,1,1,1,1,2,1,1,1,1,2,1,1,1,1,1,2,1,1,718773.895,4376600.622,36.801,Cob,35825,0,0,0,22,2
17285,5,2009460004330,3,7,21,6,2,1,2,CV-35,11.6,11,6,1,1,5,3,2,3,4,2,2,2,2,2,2,7,7,8,1,1,1,9,14,3,1,1,NaN,1,3,NaN,,NaN,,NaN,,NaN,NaN,NaN,NaN,1,4,1,1,1,1,1,1,1,1,1,1,1,1,1,1,1,2,1,2,1,1,660827.597,4420782.742,903.8,Per,93959,0,0,0,17,1
17288,5,2009460004354,3,7,18,4,6,2,2,CV-35,18.6,18,6,0,1,2,3,2,3,4,2,2,2,2,2,2,7,7,8,1,1,1,9,14,3,1,1,NaN,1,NaN,NaN,,NaN,,NaN,,NaN,NaN,NaN,71,1,4,1,1,1,1,1,1,2,1,1,1,1,1,1,1,1,1,1,2,1,1,710568.481,4387138.674,115.27,Per,45027,0,0,2,13,1
17291,5,2009460004357,3,7,23,3,4,1,2,CV-50,10.9,10,9,1,1,5,3,2,3,3,2,1,1,1,1,1,1,1,5,1,1,1,9,14,2,1,1,NaN,1,4,NaN,,NaN,,NaN,,NaN,NaN,NaN,NaN,1,4,2,1,1,1,1,1,1,1,1,1,1,1,1,1,1,1,1,2,1,1,702570.832,4379583.119,133.118,Cob,9035,0,0,3,9,7
17292,5,2009460004359,3,7,21,6,2,1,1,CV-32,0.1,0,1,1,1,5,3,2,3,4,2,2,2,1,2,2,7,7,4,1,1,1,9,14,3,1,3,NaN,2,NaN,NaN,,NaN,,12,9,NaN,NaN,NaN,NaN,1,4,1,1,1,1,1,1,1,2,1,1,1,1,1,1,1,1,1,2,2,1,725104.883,4387042.173,49.589,Per,24274,0,0,0,18,1
17293,5,2009460004371,3,7,21,5,2,1,1,CV-500,21.5,21,5,1,1,5,2,2,3,2,2,1,1,1,1,1,5,1,5,1,1,1,9,14,3,1,1,NaN,2,NaN,NaN,,NaN,,NaN,,NaN,64,60,NaN,1,4,2,1,2,1,1,1,1,1,1,1,1,1,1,1,1,1,1,2,1,1,730289.978,4360909.165,-20.943,Cob,7864,0,0,0,15,6
17295,5,2009460004372,3,7,23,6,4,1,2,CV-407,2.9,2,9,0,1,5,2,2,3,2,2,1,1,1,1,1,5,1,4,1,1,1,9,14,1,1,1,NaN,2,4,NaN,,NaN,,NaN,,NaN,NaN,NaN,NaN,1,4,2,1,2,1,1,1,1,1,1,1,1,1,1,1,1,1,1,2,1,1,723617.342,4368355.224,-1.395,Cob,12140,0,0,0,18,6
17297,5,2009460004373,3,7,23,6,4,1,1,CV-35,38.3,38,3,0,1,2,3,2,3,4,2,2,2,2,2,2,7,7,8,1,1,1,9,14,3,1,1,NaN,2,NaN,NaN,,NaN,,NaN,,NaN,51,50,NaN,1,4,1,1,1,1,1,1,1,1,1,1,1,2,1,1,1,1,1,2,1,1,695892.716,4396858.589,302.961,Per,7033,0,0,0,17,1
17301,5,2009460004375,3,7,16,4,4,1,3,CV-400,4.8,4,8,0,1,5,3,2,3,3,2,1,1,2,2,2,5,1,2,1,1,1,9,14,1,1,3,NaN,2,5,NaN,,NaN,,NaN,,NaN,NaN,NaN,NaN,2,4,2,1,1,1,1,1,1,1,1,1,1,1,1,1,1,1,1,2,1,1,722844.154,4365279.696,-6.099,Cob,14293,0,0,0,14,6
17303,5,2009460004380,3,7,23,6,4,1,2,CV-35,5,5,0,1,1,2,3,2,3,4,2,2,2,2,2,2,7,7,8,1,3,1,9,14,3,1,1,NaN,2,2,NaN,,NaN,,NaN,,NaN,NaN,NaN,NaN,1,4,1,1,1,1,1,1,2,1,1,1,1,1,1,1,1,1,1,2,1,1,655684.852,4423022.859,935.81,Per,85829,0,0,1,21,2
17304,5,2009460004390,3,7,24,2,5,1,1,CV-35,17.5,17,5,0,1,2,3,2,3,4,2,2,2,1,2,2,7,7,8,1,1,1,9,14,3,1,1,NaN,1,NaN,NaN,,NaN,,NaN,,NaN,62,60,NaN,1,4,2,2,1,2,1,2,1,1,1,1,1,1,1,1,1,1,1,2,1,1,711018.896,4386174.461,104.662,Per,45449,0,0,1,6,1
17305,5,2009460004395,3,7,26,6,7,3,1,CV-35,27.8,27,8,1,1,2,3,2,3,4,2,2,2,1,2,2,7,7,5,1,1,1,9,14,3,1,3,NaN,2,NaN,NaN,,NaN,,NaN,,NaN,64,60,NaN,1,4,2,1,2,1,1,1,1,1,1,1,1,1,1,1,1,1,1,2,1,1,663311.882,4407665.671,740.724,Per,15701,0,0,0,19,1
17307,5,2009460004397,3,7,27,4,1,4,2,CV-32,3.5,3,5,1,1,5,3,2,3,4,2,1,1,1,1,1,5,1,8,1,1,1,9,14,2,1,1,NaN,1,3,NaN,,NaN,,NaN,,NaN,NaN,NaN,NaN,1,4,1,1,1,1,1,1,2,1,1,1,1,1,1,1,1,1,1,2,1,1,727364.527,4385081.438,12.565,Cob,16064,0,0,2,12,6
17309,5,2009460004403,3,7,27,6,1,1,2,CV-300,9,9,0,0,1,2,3,2,3,4,2,2,2,2,2,2,5,6,8,1,1,1,9,14,1,1,1,NaN,2,2,NaN,,NaN,,NaN,,NaN,NaN,NaN,NaN,1,4,1,1,1,1,1,1,2,1,1,1,1,1,1,1,1,1,1,2,1,1,728381.462,4381204.635,25.422,Cob,12969,0,0,0,20,6
17311,5,2009460004409,3,7,27,3,1,4,2,CV-500,9,9,0,1,1,5,3,2,3,3,2,1,1,1,1,1,1,1,3,1,1,1,9,14,1,1,1,NaN,1,3,NaN,,NaN,,NaN,,NaN,NaN,NaN,NaN,1,4,1,1,1,1,1,1,2,1,1,1,1,1,1,1,1,1,1,2,2,2,735451.379,4349951.161,-17.197,Cob,13007,0,0,0,8,7
17312,5,2009460004416,3,7,24,5,5,1,1,CV-31,2.5,2,5,1,1,2,3,2,3,4,2,2,2,2,2,2,7,7,8,1,1,1,9,14,1,1,1,NaN,1,NaN,NaN,,NaN,,NaN,,NaN,52,50,NaN,1,4,1,1,2,1,1,1,1,1,1,1,1,1,1,1,1,1,1,2,1,1,720788.191,4376506.447,23.135,Cob,66607,0,0,0,16,1
17315,5,2009460004438,3,7,26,6,7,3,2,CV-35,27.8,27,8,1,1,2,3,2,3,4,2,2,2,1,2,2,7,7,8,1,1,1,9,14,3,1,1,NaN,2,4,NaN,,NaN,,NaN,,NaN,NaN,NaN,NaN,2,4,1,1,1,1,1,1,1,1,1,1,1,1,1,1,1,1,2,2,1,2,663215.792,4407689.939,745.486,Per,15701,0,0,0,20,1
17316,5,2009460004461,3,7,28,5,2,1,1,CV-35,16.3,16,3,0,1,2,3,2,3,4,2,2,2,1,2,2,7,7,8,1,1,1,9,14,3,1,3,NaN,2,NaN,NaN,,NaN,,NaN,,NaN,64,60,NaN,1,4,2,1,2,1,1,1,1,1,1,1,1,1,1,1,1,1,1,2,1,1,711488.126,4385096.775,83.125,Per,63924,0,0,2,15,1
17318,5,2009460004468,3,7,28,3,2,1,2,CV-500,10.3,10,3,0,1,5,3,2,3,3,2,1,1,1,2,2,6,1,8,1,1,1,9,14,1,1,1,NaN,2,3,NaN,,NaN,,NaN,,NaN,NaN,NaN,NaN,1,4,1,1,1,1,1,1,2,1,1,1,1,1,1,1,1,1,1,2,1,1,730458.593,4360209.246,-14.838,Cob,13007,0,0,1,8,6
17319,5,2009460004478,3,7,29,3,3,1,1,CV-300,4.5,4,5,0,1,5,3,2,3,4,2,2,1,1,2,2,7,7,8,1,1,1,9,14,3,1,3,NaN,2,NaN,NaN,,NaN,,NaN,,58,NaN,50,NaN,1,4,1,1,1,1,1,1,1,1,1,1,1,1,1,1,1,1,2,2,2,1,730030.762,4384945.147,11.655,Cob,18618,0,0,0,10,1
17321,5,2009460004497,3,7,30,6,4,1,2,CV-35,9.1,9,1,1,1,2,3,2,3,3,2,2,2,2,2,2,1,1,8,1,1,1,9,14,2,1,1,NaN,1,3,NaN,,NaN,,NaN,,NaN,NaN,NaN,NaN,1,4,2,1,1,1,1,1,1,1,1,1,1,1,1,1,1,1,1,2,1,1,658670.914,4421665.557,949.739,Per,62420,0,0,2,18,6
17323,5,2009460004500,3,7,30,4,4,1,2,CV-412,0,0,0,0,1,5,2,2,3,3,2,1,2,1,2,2,7,7,8,1,1,1,9,14,3,1,1,NaN,1,2,NaN,,NaN,,NaN,,NaN,NaN,NaN,NaN,1,4,2,1,1,1,1,2,1,1,1,1,1,1,1,1,1,1,1,2,1,1,725704.222,4365753.575,-15.056,NaN,0,0,0,0,11,2
17324,5,2009460004510,3,7,30,6,4,1,1,CV-407,3,3,0,1,1,5,1,2,3,4,2,2,2,2,2,2,3,1,8,1,1,1,9,14,1,1,1,NaN,2,NaN,NaN,,NaN,,NaN,,NaN,64,60,NaN,1,4,2,1,2,1,1,1,1,1,1,1,1,1,1,1,1,1,1,2,1,1,722349.612,4368515.917,4.993,Sec,19733,0,0,0,19,6
17326,5,2009460004513,3,8,1,3,6,2,2,CV-35,78.5,78,5,1,1,5,3,3,3,3,2,1,2,2,1,2,1,1,8,1,1,1,2,14,2,1,1,NaN,2,2,NaN,,NaN,,NaN,,NaN,NaN,NaN,NaN,1,4,1,1,1,1,1,2,2,1,1,1,1,1,1,1,1,1,1,2,1,2,705169.753,4390236.82,152.665,Cob,1592,1,1,0,9,6
17328,5,2009460004518,3,8,1,1,6,2,2,CV-60,0.3,0,3,1,1,5,3,2,3,4,2,1,2,1,2,2,7,7,5,1,4,1,9,14,1,1,1,NaN,2,3,NaN,,NaN,,NaN,,NaN,NaN,NaN,NaN,1,4,1,1,1,1,1,1,1,1,1,1,1,1,1,1,1,2,1,2,1,1,743961.324,4312765.069,27.391,Cob,9309,0,0,1,0,1
17329,5,2009460004526,3,8,1,4,6,2,1,CV-40,11.6,11,6,0,1,2,3,2,3,4,2,2,2,1,2,2,7,7,8,1,1,1,9,14,3,1,1,NaN,2,NaN,NaN,,NaN,,NaN,,NaN,64,60,NaN,1,4,2,1,1,1,1,1,1,1,1,1,1,1,1,1,1,1,1,2,1,2,710277.459,4309979.68,296.133,Cob,17285,0,0,1,13,1
17330,5,2009460004527,3,8,1,1,6,2,1,CV-60,9.5,9,5,0,1,5,3,2,3,3,2,1,2,1,2,1,7,7,8,1,4,1,9,14,3,1,1,NaN,1,NaN,NaN,,21,24,NaN,,NaN,NaN,NaN,NaN,1,4,1,1,1,1,1,1,1,1,1,1,1,1,1,2,1,1,1,2,1,2,719197.449,4307864.419,173.303,Cob,8188,0,0,0,23,1
17331,5,2009460004530,3,8,1,6,6,1,1,CV-400,5,5,0,0,1,5,2,2,3,3,2,1,2,1,2,2,7,7,8,1,3,1,9,14,3,1,1,NaN,1,NaN,NaN,,NaN,,NaN,,NaN,52,50,NaN,1,4,2,1,2,1,1,1,1,1,1,1,1,1,1,1,1,1,1,2,1,1,722737.802,4365110.194,-6.484,Cob,14293,0,0,0,22,1
17332,5,2009460004531,3,8,2,1,7,3,1,CV-30,1.2,1,2,0,1,2,2,2,3,3,2,2,2,2,2,2,7,7,8,1,3,1,9,14,3,1,1,NaN,1,NaN,NaN,,NaN,,NaN,,NaN,52,50,NaN,1,4,2,1,2,1,1,1,1,1,1,1,1,1,1,1,1,1,1,2,1,1,721284.102,4374830.758,9.154,Pri,71589,0,0,0,4,1
17333,5,2009460004532,3,8,2,4,7,3,1,CV-81,9,9,0,1,1,5,3,2,3,3,2,1,2,2,2,2,7,7,8,1,1,1,9,14,1,1,1,NaN,2,NaN,NaN,,NaN,,NaN,,NaN,52,50,NaN,1,4,1,1,2,2,1,1,1,1,1,1,1,1,1,1,1,1,1,2,1,1,681570.35,4278532.766,462.354,Cob,5383,0,0,0,13,4
17339,5,2009460004537,3,7,30,6,4,1,3,CV-500,17.5,17,5,1,1,5,3,2,3,4,2,1,2,2,2,1,7,7,5,1,1,1,9,14,1,1,3,NaN,2,5,NaN,,NaN,,NaN,,NaN,NaN,NaN,NaN,1,4,2,1,1,1,1,1,2,1,1,1,1,1,1,1,1,1,1,2,1,1,731720.895,4357252.259,-21.882,Sec,12840,0,0,0,17,1
17341,5,2009460004547,3,8,1,6,6,2,2,CV-400,4.7,4,7,0,1,5,3,2,3,3,2,2,2,1,2,2,5,1,8,1,1,1,9,14,3,1,1,NaN,1,3,NaN,,NaN,,NaN,,NaN,NaN,NaN,NaN,1,4,2,1,1,1,1,1,1,1,1,1,1,1,1,1,1,1,1,2,1,1,722896.608,4365363.61,-5.866,Cob,14293,0,0,1,19,6
17344,5,2009460004549,3,8,1,6,6,2,1,CV-35,17.3,17,3,0,1,2,1,2,3,3,2,2,2,2,2,2,4,1,8,1,1,1,9,14,1,1,1,NaN,2,NaN,NaN,,NaN,,NaN,,NaN,54,50,NaN,1,4,1,2,1,1,1,2,1,1,1,1,1,1,1,1,1,1,1,2,1,1,711026.16,4386075.79,101.405,Per,45449,0,0,3,18,6
17346,5,2009460004563,3,8,2,6,7,3,2,CV-31,3,3,0,0,1,5,3,2,3,3,2,1,2,2,2,2,7,7,8,1,1,1,9,14,3,1,1,NaN,1,NaN,30,32,NaN,,NaN,,NaN,NaN,NaN,NaN,1,4,1,1,1,1,1,1,1,1,1,1,1,1,1,1,1,2,1,2,1,2,720812.559,4377211.529,34.139,Cob,21114,0,0,1,17,1
17348,5,2009460004586,3,8,5,1,3,1,2,CV-60,5.9,5,9,1,1,5,3,2,3,3,2,1,2,1,2,2,7,7,5,1,4,1,9,14,1,1,1,NaN,2,2,NaN,,NaN,,NaN,,NaN,NaN,NaN,NaN,1,4,2,1,1,2,1,1,1,1,1,1,1,1,1,1,1,1,1,2,1,1,739248.5,4313749.727,51.614,Cob,8849,0,0,2,1,2
17350,5,2009460004597,3,8,3,6,1,4,2,CV-35,5.2,5,2,1,1,2,3,2,3,4,2,2,2,1,2,2,7,7,8,1,1,1,9,14,2,1,1,NaN,2,NaN,30,32,NaN,,NaN,,NaN,NaN,NaN,NaN,1,4,1,1,1,1,1,1,1,1,1,1,1,1,1,1,1,2,1,2,1,1,655861.285,4423062.255,937.771,Per,85829,0,0,0,18,2
17351,5,2009460004600,3,8,3,6,1,4,1,CV-50,35.1,35,1,1,1,5,3,2,3,4,2,1,1,1,1,1,7,7,8,1,1,1,9,14,3,1,1,NaN,1,NaN,NaN,,NaN,,NaN,,68,NaN,60,NaN,1,4,1,1,1,1,1,1,1,1,1,1,1,2,1,1,1,1,1,2,1,1,699886.465,4359820.785,173.459,Cob,5105,0,0,0,19,1
17353,5,2009460004607,3,8,4,3,2,1,2,CV-35,9,9,0,0,1,2,3,2,3,4,2,2,2,1,2,2,7,7,8,1,1,1,9,14,1,1,1,NaN,2,4,NaN,,NaN,,NaN,,NaN,NaN,NaN,NaN,2,4,1,1,1,1,1,2,1,1,1,1,1,1,1,1,1,1,1,2,1,1,717280.985,4381050.163,94.979,Per,62420,0,0,0,9,2
17354,5,2009460004608,3,8,4,1,2,1,1,CV-35,6.7,6,7,1,1,2,3,2,3,4,2,2,2,1,2,2,7,7,8,1,3,1,9,14,3,1,1,NaN,2,NaN,NaN,,NaN,,NaN,,NaN,52,50,NaN,1,4,2,1,1,1,1,1,1,1,1,1,1,1,1,1,1,1,1,2,1,1,657134.724,4422558.973,971.251,Per,100390,0,0,0,23,1
17356,5,2009460004611,3,8,5,6,3,1,2,CV-245,17.3,17,3,1,1,5,2,3,3,1,2,1,1,2,2,1,7,7,8,1,1,1,2,14,1,1,1,NaN,2,3,NaN,,NaN,,NaN,,NaN,NaN,NaN,NaN,1,4,1,1,1,1,1,1,2,1,1,1,1,1,1,1,1,1,1,2,2,3,701096.577,4410481.974,835.936,Cob,758,0,0,2,20,2
17359,5,2009460004624,3,8,6,5,4,1,3,CV-32,0,0,0,0,1,5,1,2,2,2,2,1,1,1,1,1,5,1,8,1,1,1,9,14,3,1,3,NaN,2,NaN,NaN,,NaN,,NaN,,NaN,NaN,NaN,71,1,4,2,1,1,1,1,1,1,1,1,1,1,1,1,1,1,1,1,2,1,1,732496.164,4381670.375,-18.685,Per,24274,0,0,0,16,6
17360,5,2009460004636,3,8,7,1,5,1,1,CV-42,5,5,0,1,1,5,3,2,3,3,2,2,1,2,1,1,5,1,4,1,4,1,9,14,1,1,1,NaN,2,NaN,NaN,,NaN,,NaN,,NaN,51,50,NaN,1,4,1,1,2,1,1,2,1,1,1,1,1,1,1,1,1,1,1,2,1,1,723083.652,4350355.611,-9.153,Cob,5531,0,0,0,2,6
17362,5,2009460004650,3,8,9,3,7,3,1,CV-515,9.8,9,8,1,1,5,3,3,3,3,2,2,2,1,2,2,7,7,8,3,1,4,9,14,3,2,1,NaN,2,NaN,NaN,,NaN,,NaN,,NaN,53,50,NaN,1,4,1,1,1,1,1,2,1,1,1,1,1,1,1,1,1,1,1,2,1,1,723174.287,4341966.611,3.305,Cob,6347,0,0,0,9,2
17365,5,2009460004660,3,8,5,3,3,1,2,CV-50,38.5,38,5,1,1,5,3,2,3,3,2,1,1,1,1,1,2,6,3,1,1,1,9,14,1,1,3,NaN,2,2,NaN,,NaN,,NaN,,NaN,NaN,NaN,NaN,1,4,2,1,1,1,1,1,2,1,1,1,1,1,1,1,1,1,1,2,2,1,702693.041,4359481.806,199.99,Cob,5105,0,1,3,8,6
17367,5,2009460004662,3,8,9,6,7,3,1,CV-515,9.4,9,4,1,1,5,3,2,3,3,2,1,2,1,1,1,7,7,5,1,1,4,2,14,1,1,1,NaN,2,NaN,NaN,,NaN,,NaN,,56,NaN,50,NaN,1,4,2,1,1,1,1,1,1,1,1,1,1,1,1,1,1,1,1,2,1,1,723485.419,4342212.776,11.552,Cob,6347,0,0,1,17,2
17368,5,2009460004672,3,8,7,1,5,1,1,CV-35,25.8,25,8,0,1,2,3,2,3,3,2,1,2,2,2,2,7,7,8,1,4,1,9,14,3,1,1,NaN,1,NaN,NaN,,NaN,,NaN,,66,NaN,60,NaN,1,4,2,2,1,1,1,2,1,1,1,1,1,1,1,1,1,1,1,2,1,1,705746.333,4390561.174,144.627,Per,29566,0,0,0,23,1
17370,5,2009460004673,3,8,8,3,6,2,1,CV-35,9,9,0,0,1,2,3,2,3,4,2,2,2,2,2,2,4,1,5,1,1,1,9,14,3,1,3,NaN,2,NaN,NaN,,NaN,,NaN,,NaN,64,60,NaN,1,4,2,1,1,1,1,1,1,1,1,1,1,1,1,1,1,1,1,2,1,1,717369.299,4381014.853,95.977,Per,62420,0,0,1,7,6
17371,5,2009460004736,3,8,12,1,3,1,1,CV-32,3.2,3,2,0,1,5,3,2,3,4,2,2,1,1,2,2,5,1,4,1,3,1,9,14,1,1,1,NaN,2,NaN,NaN,,NaN,,NaN,,NaN,64,60,NaN,1,4,1,1,1,2,1,1,1,1,1,1,1,1,1,1,1,1,1,2,1,1,729694.256,4382751.214,-9.862,Cob,16064,0,0,0,4,6
17373,5,2009460004746,3,8,12,6,3,1,2,CV-35,4,4,0,1,1,2,3,2,3,3,2,2,2,2,2,2,4,1,8,1,2,1,9,14,1,1,1,NaN,2,4,NaN,,NaN,,NaN,,NaN,NaN,NaN,NaN,1,4,2,1,1,1,1,1,2,1,1,1,1,1,1,1,1,1,1,2,1,1,654864.02,4422931.21,936.214,Per,123057,0,1,0,21,6
17376,5,2009460004780,3,8,15,6,6,3,2,CV-41,18.5,18,5,0,1,5,3,2,3,3,2,1,1,1,2,2,7,7,8,1,2,1,9,14,3,1,1,NaN,2,4,NaN,,NaN,,NaN,,NaN,NaN,NaN,NaN,2,4,2,1,1,1,1,1,1,1,1,1,1,1,1,1,1,1,1,2,1,2,715625.407,4320842.637,53.123,Cob,8589,0,0,0,21,1
17383,5,2009460004781,3,8,15,3,6,3,4,CV-60,22.6,22,6,0,1,5,3,2,3,3,2,1,2,1,2,2,7,7,8,1,1,1,9,14,2,1,1,NaN,2,4,NaN,,NaN,,NaN,,NaN,NaN,NaN,NaN,1,4,2,1,1,1,1,1,1,1,1,1,1,1,1,1,1,1,1,2,1,1,731103.162,4308974.247,204.909,Cob,8004,0,0,0,10,1
17384,5,2009460004782,3,8,14,6,5,1,1,CV-32,8.6,8,6,0,1,5,2,2,3,2,2,1,1,1,1,1,5,1,8,1,2,1,9,14,1,1,1,NaN,2,NaN,NaN,,NaN,,NaN,,NaN,63,60,NaN,1,4,1,1,1,1,1,2,1,1,1,1,2,1,1,1,1,1,1,2,1,1,726306.916,4386276.228,43.614,NaN,0,0,0,0,20,6
17385,5,2009460004797,3,8,14,4,5,1,1,CV-35,11.6,11,6,0,1,2,3,2,3,4,2,2,2,2,2,1,7,7,8,1,1,1,9,14,3,1,1,NaN,1,NaN,NaN,,NaN,,NaN,,NaN,52,50,NaN,1,4,1,1,1,1,1,1,1,1,1,1,1,2,1,1,1,1,1,2,1,1,715165.243,4382256.206,90.966,Per,93959,0,0,0,14,1
17386,5,2009460004798,3,8,15,6,6,2,1,CV-36,3.8,3,8,0,1,2,3,2,3,4,2,2,2,2,2,1,7,7,8,1,2,1,9,14,3,1,1,NaN,1,NaN,NaN,,NaN,,NaN,,NaN,64,60,NaN,1,4,2,1,1,1,1,2,1,1,1,1,1,1,1,1,1,1,1,2,1,1,714420.386,4369229.958,51.665,Cob,29466,0,0,1,20,2
17389,5,2009460004800,3,8,15,1,6,3,1,CV-50,17.1,17,1,1,1,5,3,2,3,3,2,1,1,1,2,2,7,7,8,1,4,1,9,14,1,1,1,NaN,2,NaN,NaN,,21,24,NaN,,NaN,NaN,NaN,NaN,1,4,1,1,1,1,1,1,1,1,1,1,1,1,1,2,1,2,1,2,2,2,698968.261,4374966.733,192.506,Cob,7933,0,0,0,2,1
17390,5,2009460004802,3,8,15,1,6,3,1,CV-40,18,18,0,1,1,2,3,2,3,4,2,2,1,1,2,2,7,7,8,1,5,1,9,14,2,1,1,NaN,2,NaN,NaN,,21,24,NaN,,NaN,NaN,NaN,NaN,1,4,1,1,1,1,1,1,1,1,1,1,1,1,1,2,1,1,1,2,1,1,711411.02,4313497.86,219.133,Cob,0,0,0,0,2,1
17391,5,2009460004803,3,8,15,4,6,2,1,CV-35,21.6,21,6,0,1,2,3,2,3,4,2,2,2,2,2,2,7,7,8,1,1,1,9,14,3,1,1,NaN,1,NaN,NaN,,NaN,,NaN,,NaN,64,60,NaN,1,4,1,1,1,1,1,1,1,1,1,1,1,1,1,1,1,1,2,2,1,1,708078.727,4388665.542,124.38,Per,45027,0,0,0,13,1
17392,5,2009460004804,3,8,15,6,6,2,1,CV-35,13.8,13,8,0,1,2,3,2,3,4,2,2,2,2,2,2,4,6,8,1,1,1,9,14,3,1,1,NaN,1,NaN,NaN,,NaN,,NaN,,NaN,54,50,NaN,1,4,1,1,1,1,1,1,1,1,1,1,1,2,1,1,1,1,1,2,1,1,713447.574,4383599.628,88.658,Per,80544,0,0,1,18,6
17393,5,2009460004826,3,8,17,3,1,4,1,CV-50,79.5,79,5,1,1,5,3,2,3,3,2,1,1,1,2,2,7,7,5,1,1,1,9,14,2,1,3,NaN,2,NaN,NaN,,NaN,,NaN,,67,NaN,60,NaN,1,4,1,1,1,1,1,1,1,1,1,1,1,1,1,1,1,1,2,2,1,1,726810.735,4331781.866,45.717,Cob,5309,0,0,1,8,1
17394,5,2009460004829,3,8,17,6,1,1,1,CV-365,0.5,0,5,0,1,5,2,2,3,3,2,1,2,2,2,2,7,7,8,1,1,1,9,14,3,1,1,NaN,1,NaN,NaN,,NaN,,NaN,,NaN,62,60,NaN,1,4,2,1,1,1,1,2,1,1,1,1,1,1,1,1,1,1,1,2,1,2,721306.014,4376837.785,32.757,Cob,35825,0,0,0,18,2
17397,5,2009460004850,3,8,20,5,4,1,2,CV-35,5.8,5,8,1,1,2,3,2,3,3,2,2,2,2,2,2,1,1,8,1,1,1,9,14,3,1,1,NaN,2,3,NaN,,NaN,,NaN,,NaN,NaN,NaN,NaN,1,4,2,1,1,1,1,1,1,1,1,1,1,1,1,1,1,1,1,2,1,1,656419.085,4423018.996,946.871,Per,100390,0,0,2,16,6
17398,5,2009460004859,3,8,20,3,4,1,1,CV-42,17.8,17,8,0,1,5,3,2,3,4,2,1,1,1,2,2,7,7,8,1,1,1,9,14,3,1,1,NaN,1,NaN,NaN,,NaN,,NaN,,68,NaN,60,NaN,1,4,2,1,1,1,1,1,1,1,1,1,1,1,1,1,1,1,1,2,1,1,723370.542,4353280.403,-7.105,Cob,12606,0,0,0,8,2
17405,5,2009460004866,3,8,20,6,4,1,4,CV-500,7,7,0,1,1,5,3,2,3,4,2,1,1,1,2,2,7,7,8,1,1,1,9,14,3,1,1,NaN,1,4,NaN,,NaN,,NaN,,NaN,NaN,NaN,NaN,2,4,2,1,1,1,1,1,1,1,1,1,1,1,1,1,1,1,1,2,1,1,735407.794,4348313.424,-17.771,Cob,13007,0,0,0,18,1
17407,5,2009460004880,3,8,23,1,7,3,1,CV-36,0.7,0,7,0,1,2,3,2,3,4,2,2,2,2,2,2,4,1,5,1,5,1,9,14,1,1,3,NaN,2,NaN,NaN,,NaN,,NaN,,66,NaN,60,NaN,1,4,2,1,2,1,1,1,1,1,1,1,1,1,1,1,1,1,1,2,1,2,717441.906,4369582.815,43.394,Pri,68545,0,0,1,2,6
17408,5,2009460004884,3,8,23,3,7,3,1,CV-60,19.1,19,1,0,1,5,3,2,3,3,2,1,1,1,1,1,7,7,8,1,1,1,9,14,1,1,1,NaN,1,NaN,NaN,,NaN,,NaN,,NaN,64,60,NaN,1,4,2,1,1,2,1,1,1,1,1,1,1,1,1,1,1,1,1,2,1,1,728230.318,4307209.538,281.615,Cob,8004,0,0,0,8,4
17410,5,2009460004888,3,8,22,6,6,2,2,CV-610,14.5,14,5,1,1,5,2,3,3,1,2,1,2,2,1,2,7,7,8,1,1,1,9,14,2,1,2,3,1,NaN,NaN,,NaN,,NaN,,NaN,NaN,NaN,71,1,4,1,1,1,1,1,1,2,1,1,1,1,1,1,1,1,1,1,2,1,1,723134.141,4316033.97,188.817,Cob,2999,0,0,1,18,3