Id,Ano,Numero_Accidente,Provincia,Mes,Dia,Hora,Dia_Semana,Tipo_Dia,Vehiculos_Implicados,Carretera,Pk,Km,Hm,Sentido,Zona,Tipo_Via,Anchura_Calzada,Anchura_Carril,Marcas_Viales,Arcen,Arcen_Pavimentado,Mediana,Barrera_Seguridad,Paneles_Direccionales,Hitos_Arista,Captafaros,Interseccion_Tipo,Interseccion_Acondicionamiento,Prioridad_Regulada_por,Superficie,Luminosidad,Factores_Atmosfericos,Visibilidad_Restringida_por,Otras_Circunstancias,Senalizacion_Peligro,Aceras,Arboles,Arboles_Metros_Calzada,Visibilidad_Senalizacion_Vertical,Colision_Vehiculos_Marcha,Colision_Vehiculo_Obstaculo_1,Colision_Vehiculo_Obstaculo_2,Atropello_1,Atropello_2,Vuelco_1,Vuelco_2,Salida_Sin_Colision,Salida_Con_Colision,Lado_Salida,Otro,Circulacion,Circulacion_Medidas_Especiales,Distraccion,Inexperiencia_Conductor,Alcohol_Drogas,Cansancio_Sueno,Enfermedad,Velocidad_Inadecuada,Infraccion_Norma_Circulacion,Estado_Condicion_Via,Estado_Condicion_Senalizacion,Tramo_Obras,Mal_Estado_Vehiculo,Averia_Mecanica,Meteorologia_Adversa,Irrupcion_Animal,Circular_Sentido_Contrario,Otro_Factor,Sin_Opinion_Definida,Pendiente,Curvatura,Peralte,GPS_x,GPS_y,GPS_z,Tipo_Est,IMD,N_Muertos,N_Graves,N_Leves,Hora_Real,Fuera_o_Interseccion
17411,5,2009460004892,3,8,22,3,6,2,1,CV-35,16.8,16,8,0,1,2,3,2,3,4,2,2,2,2,2,2,7,7,8,1,2,1,9,14,3,1,1,NaN,2,NaN,NaN,,NaN,,NaN,,NaN,52,50,NaN,1,4,2,1,1,1,1,2,1,1,1,1,1,1,1,1,1,1,1,2,1,1,711238.845,4385523.926,90.404,Per,63924,0,0,0,7,2
17412,5,2009460004894,3,8,22,2,6,2,1,CV-35,66.7,66,7,1,1,5,3,2,3,3,2,1,2,2,2,2,7,7,5,1,5,1,9,14,1,1,3,NaN,2,NaN,NaN,,NaN,,NaN,,65,NaN,60,NaN,1,4,2,1,2,1,1,1,1,1,1,1,1,1,1,1,1,1,1,2,1,1,695887.61,4396862.616,300.631,Pri,2548,0,0,1,5,2
17414,5,2009460004905,3,8,22,4,6,2,2,CV-400,5,5,0,0,1,5,3,2,3,1,2,2,2,1,2,2,5,1,8,1,1,1,9,14,1,1,1,NaN,2,3,NaN,,NaN,,NaN,,NaN,NaN,NaN,NaN,1,4,2,1,1,1,1,1,1,1,1,1,1,1,1,1,1,1,1,2,2,2,722679.197,4365033.461,-6.597,Cob,14293,0,0,0,14,6
17415,5,2009460004910,3,8,24,6,1,1,1,CV-365,0.9,0,9,1,1,5,3,2,3,4,2,2,2,2,2,1,4,1,8,1,3,1,9,14,1,1,1,NaN,2,NaN,NaN,,NaN,,NaN,,NaN,54,50,NaN,1,4,2,1,1,1,1,2,1,1,1,1,1,1,1,1,1,1,1,2,1,2,719096.409,4376822.954,38.044,Sec,37925,0,0,0,22,6
17419,5,2009460004926,3,8,25,4,2,1,2,CV-410,1.2,1,2,0,1,5,3,2,3,3,2,1,2,2,2,2,1,1,3,1,1,1,9,14,1,1,1,NaN,2,4,NaN,,NaN,,NaN,,NaN,NaN,NaN,NaN,1,4,1,1,1,1,1,1,2,1,1,1,1,1,1,1,1,1,1,2,1,1,717804.569,4369678.906,28.866,Cob,8034,0,0,2,14,6
17421,5,2009460004929,3,8,26,4,3,1,2,CV-41,3,3,0,0,1,5,3,2,3,3,2,1,2,1,2,1,7,7,8,1,1,1,9,14,3,1,1,NaN,1,1,NaN,,NaN,,NaN,,NaN,NaN,NaN,NaN,1,4,1,1,1,1,2,1,1,1,1,1,1,1,1,1,1,1,1,2,1,1,720085.954,4334152.33,5.951,Cob,13838,0,0,2,14,1
17422,5,2009460004937,3,8,26,4,3,1,1,CV-33,0,0,0,1,1,5,1,2,3,3,2,2,2,2,2,2,7,7,5,1,1,1,9,14,3,1,3,NaN,2,NaN,NaN,,NaN,,NaN,,56,NaN,50,NaN,1,4,1,1,1,1,1,2,1,1,1,1,1,1,1,1,1,1,1,2,1,1,719794.305,4367686.054,16.824,Cob,26656,0,0,1,11,5
17424,5,2009460004942,3,8,27,6,4,1,2,CV-715,4,4,0,0,1,5,3,2,3,3,2,1,1,1,1,1,7,7,8,1,1,1,9,14,1,1,2,1,2,NaN,NaN,,21,19,NaN,,NaN,NaN,NaN,NaN,1,4,1,1,1,1,1,1,2,1,1,1,1,1,1,1,1,1,1,2,1,1,753217.849,4301668.451,141.307,Cob,5907,2,0,0,22,1
17427,5,2009460004950,3,8,29,1,6,1,1,CV-590,53.5,53,5,0,1,5,3,2,3,1,2,1,1,1,1,1,5,2,4,1,5,1,9,14,1,1,1,NaN,2,NaN,NaN,,NaN,,NaN,,NaN,53,50,NaN,1,4,1,1,2,1,1,2,1,1,1,1,1,1,1,1,1,1,1,2,1,1,703715.496,4320116.656,202.212,Sec,6500,0,0,2,0,6
17428,5,2009460004959,3,8,30,1,7,3,1,CV-60,27,27,0,1,1,5,3,2,3,4,2,2,2,2,2,2,4,1,8,1,4,1,9,14,1,1,1,NaN,2,NaN,NaN,,NaN,,NaN,,NaN,53,50,NaN,1,4,2,1,2,1,1,1,1,1,1,1,1,1,1,1,1,1,1,2,1,1,721219.441,4307729.237,182.859,Cob,11775,0,0,2,0,6
17432,5,2009460004968,3,8,29,6,6,2,1,CV-590,59,59,0,0,1,5,3,1,3,4,2,1,1,2,1,1,7,7,8,1,2,1,9,14,2,1,1,NaN,1,NaN,NaN,,NaN,,NaN,,NaN,63,60,NaN,1,4,1,1,1,1,1,1,1,1,1,1,1,1,1,1,1,2,1,2,1,1,708260.35,4321023.519,126.434,Sec,6500,0,0,0,19,2
17434,5,2009460004974,3,8,27,4,4,1,2,CV-42,18.1,18,1,0,1,5,2,2,3,3,2,2,1,1,1,1,5,1,8,1,1,1,9,14,3,1,1,NaN,1,2,NaN,,NaN,,NaN,,NaN,NaN,NaN,NaN,1,4,1,1,1,1,1,1,2,1,1,1,1,1,1,1,1,1,1,2,1,1,723421.308,4353666.458,-6.406,Cob,12606,0,0,0,14,6
17435,5,2009460004980,3,8,29,1,6,1,1,CV-403,3.8,3,8,1,1,5,2,2,3,3,2,1,1,1,2,1,7,7,8,1,5,1,9,14,3,1,1,NaN,1,NaN,NaN,,NaN,,NaN,,NaN,64,60,NaN,1,4,2,1,1,1,1,1,1,1,1,1,1,1,1,1,1,1,1,2,1,2,720544.922,4371829.09,15.534,Sec,13276,0,0,1,0,2
17437,5,2009460005004,3,9,1,4,2,1,2,CV-403,2,2,0,0,1,5,2,2,3,3,2,1,2,2,2,1,5,1,3,1,1,1,9,14,2,1,3,NaN,2,2,NaN,,NaN,,NaN,,NaN,NaN,NaN,NaN,1,4,1,1,1,1,1,1,2,1,1,1,1,1,1,1,1,1,1,2,1,2,719695.835,4371239.266,26.494,Cob,20475,0,0,1,12,6
17438,5,2009460005005,3,9,1,6,2,1,1,CV-33,5.9,5,9,0,1,5,3,2,3,3,2,2,2,2,2,2,7,7,5,1,1,1,9,14,3,1,3,NaN,2,NaN,NaN,,NaN,,NaN,,NaN,54,50,NaN,1,4,2,1,1,1,1,1,1,1,1,1,1,1,1,1,1,1,1,2,1,1,720061.056,4366701.232,14.981,Sec,25718,0,1,0,20,2
17439,5,2009460005006,3,9,1,6,2,1,1,CV-42,1.8,1,8,1,1,5,3,2,3,4,2,2,2,1,2,2,1,1,8,1,3,1,9,14,1,1,1,NaN,2,NaN,NaN,,21,24,NaN,,NaN,NaN,NaN,NaN,1,4,1,1,1,1,1,1,1,1,1,1,1,1,1,2,1,1,1,2,2,1,723322.879,4353184.033,-5.767,Sec,12128,0,0,0,21,6
17440,5,2009460005007,3,9,1,6,2,1,1,CV-500,5,5,0,0,1,5,3,2,3,4,2,2,2,2,2,1,4,1,8,1,2,1,9,14,1,1,2,10,2,NaN,NaN,,NaN,,NaN,,NaN,64,60,NaN,1,4,2,1,1,1,1,2,1,1,1,1,1,1,1,1,1,1,1,2,1,1,729386.884,4365605.48,-17.239,Pri,18337,0,1,0,20,6
17441,5,2009460005019,3,9,3,5,4,1,1,CV-60,16.1,16,1,1,1,5,3,2,3,4,2,1,2,2,2,2,1,1,8,1,1,1,9,14,3,1,1,NaN,1,NaN,NaN,,NaN,,NaN,,NaN,NaN,NaN,71,1,4,1,1,1,1,1,1,1,1,1,1,1,1,1,1,1,1,2,2,1,1,730870.112,4308941.086,212.335,Cob,8004,0,0,0,16,6
17443,5,2009460005037,3,9,5,4,6,2,1,CV-645,0,0,0,0,1,5,1,2,3,1,2,1,1,1,1,1,5,1,8,3,1,4,2,14,3,1,3,NaN,2,NaN,NaN,,NaN,,NaN,,NaN,54,50,NaN,1,4,1,1,1,1,1,2,1,1,1,1,1,1,1,1,1,1,1,1,1,1,710932.509,4316262.592,115.93,Cob,12010,0,0,0,12,6
17444,5,2009460005046,3,9,6,2,7,3,1,CV-610,16.3,16,3,0,1,5,3,2,3,1,2,1,1,1,1,1,7,7,8,1,4,1,9,14,3,1,1,NaN,2,NaN,NaN,,NaN,,NaN,,NaN,53,50,NaN,1,4,2,1,1,2,1,2,1,1,1,1,1,1,1,1,1,1,1,2,1,2,727786.733,4313959.496,254.724,Cob,2999,0,0,0,5,1
17445,5,2009460005055,3,9,5,5,6,2,1,CV-365,0.5,0,5,0,1,5,3,2,3,4,2,1,2,1,1,1,7,7,8,3,1,4,9,14,3,1,1,NaN,2,NaN,NaN,,NaN,,NaN,,66,NaN,60,NaN,1,4,1,2,1,1,1,2,1,1,1,1,1,1,2,1,1,1,1,2,1,2,721306.014,4376837.785,32.757,Cob,35825,0,0,0,16,2
17446,5,2009460005068,3,9,5,4,6,2,1,CV-33,1,1,0,0,1,5,3,2,3,2,2,2,2,2,2,2,5,1,4,3,1,4,9,14,3,1,1,NaN,2,NaN,NaN,,NaN,,NaN,,NaN,54,50,NaN,1,4,1,1,1,1,1,2,1,2,1,1,1,1,1,1,1,1,1,2,1,1,717224.896,4372019.47,35,Cob,22232,0,0,0,12,6
17447,5,2009460005078,3,9,6,2,7,3,1,CV-33,2.4,2,4,0,1,5,2,2,3,3,2,1,1,1,1,1,7,7,8,3,1,4,9,14,1,1,1,NaN,2,NaN,NaN,,NaN,,NaN,,NaN,NaN,NaN,71,1,4,1,1,1,1,1,1,1,1,1,1,1,1,1,1,1,1,2,2,1,1,722182.135,4364048.535,-4.626,Cob,22232,0,0,0,6,2
17453,5,2009460005083,3,9,6,6,7,3,3,CV-35,5.5,5,5,1,1,2,3,2,3,3,2,2,2,2,2,2,7,7,8,1,3,1,9,14,3,1,1,NaN,2,4,NaN,,NaN,,NaN,,NaN,NaN,NaN,NaN,1,4,2,1,1,1,1,1,1,1,1,1,1,1,1,1,1,1,1,2,1,1,656155.285,4423077.166,942.697,Per,85829,0,0,0,20,1
17458,5,2009460005084,3,9,6,6,7,3,4,CV-35,5.5,5,5,1,1,2,3,2,3,3,2,2,2,2,2,2,7,7,8,1,2,1,9,14,3,1,1,NaN,1,5,NaN,,NaN,,NaN,,NaN,NaN,NaN,NaN,1,4,1,1,1,1,1,1,1,1,1,1,1,1,1,1,1,1,2,2,1,1,656155.285,4423077.166,942.697,Per,85829,0,0,0,20,1
17462,5,2009460005117,3,9,9,6,3,1,2,CV-50,28.3,28,3,0,1,5,3,1,3,3,2,1,2,2,1,2,7,7,8,1,2,1,9,14,2,1,1,NaN,2,2,NaN,,NaN,,NaN,,NaN,NaN,NaN,NaN,1,4,1,1,1,1,1,2,1,1,1,1,1,1,1,1,1,1,1,2,1,1,716685.832,4340783.902,0.714,Sec,21632,0,1,1,20,4
17464,5,2009460005118,3,9,8,1,2,1,2,CV-300,3.2,3,2,0,1,5,3,2,3,3,2,1,1,1,1,1,7,7,8,1,3,1,9,14,2,1,3,NaN,2,2,NaN,,NaN,,NaN,,NaN,NaN,NaN,NaN,1,4,2,1,2,1,1,1,2,1,1,1,1,1,1,1,1,1,1,2,1,1,730130.546,4386105.182,11.924,Cob,18618,0,0,2,1,1
17465,5,2009460005121,3,9,9,3,3,1,1,CV-32,4,4,0,1,1,5,3,2,3,2,2,1,1,1,1,1,5,1,8,1,1,1,9,14,1,1,1,NaN,1,NaN,NaN,,21,21,NaN,,NaN,NaN,NaN,NaN,1,4,2,1,1,1,1,1,1,1,1,1,1,1,1,1,1,1,1,2,1,1,727539.55,4384499.515,7.711,Cob,16064,0,0,0,8,6
17466,5,2009460005122,3,9,9,4,3,1,1,CV-35,4,4,0,0,1,2,3,2,3,4,2,2,2,2,2,2,7,7,5,1,1,1,9,14,3,1,1,NaN,2,NaN,NaN,,NaN,,12,9,NaN,NaN,NaN,NaN,1,4,2,1,1,1,1,1,1,1,1,1,1,1,1,1,1,1,1,2,1,1,720784.077,4377568.43,53.321,Per,123057,0,0,0,14,2
17471,5,2009460005123,3,9,9,5,3,1,5,CV-35,3.7,3,7,0,1,2,3,2,3,3,2,2,2,2,2,2,7,7,8,1,1,1,9,14,2,1,1,NaN,2,5,NaN,,NaN,,NaN,,NaN,NaN,NaN,NaN,2,4,2,1,1,1,1,1,1,1,1,1,1,1,1,1,1,1,1,2,1,1,720927.873,4377303.917,46.388,Per,123057,0,0,0,15,1
17472,5,2009460005146,3,9,12,4,6,2,1,CV-439,4.2,4,2,1,1,5,2,3,3,3,2,1,1,2,1,1,7,7,8,1,1,1,9,14,1,1,3,NaN,2,NaN,NaN,,NaN,,NaN,,66,NaN,60,NaN,1,4,1,1,1,1,1,2,1,2,1,1,1,1,1,1,1,1,1,2,2,2,661341.994,4346624.194,714.343,Cob,127,0,0,0,11,4
17473,5,2009460005147,3,9,13,2,7,3,1,CV-40,0.1,0,1,0,1,2,1,1,3,3,2,1,2,2,1,1,7,7,8,2,4,1,9,13,1,1,1,NaN,2,NaN,NaN,,NaN,,NaN,,NaN,63,60,NaN,1,4,1,1,2,1,1,2,1,1,1,1,1,1,1,1,1,1,1,2,1,1,709625.936,4319232.65,150.738,Cob,21147,0,0,0,6,5
17476,5,2009460005148,3,9,14,1,1,4,1,CV-590,57.7,57,7,1,1,5,3,2,3,3,2,1,2,2,2,1,7,7,8,3,4,1,2,13,1,1,1,NaN,2,NaN,NaN,,NaN,,NaN,,65,NaN,60,NaN,1,4,1,1,1,1,1,2,1,1,1,1,1,1,1,1,1,1,1,2,1,1,671462.73,4322444.107,694.033,Sec,6500,0,1,3,0,4
17478,5,2009460005161,3,9,11,4,5,1,2,CV-410,4,4,0,0,1,5,2,2,3,3,2,2,2,2,1,1,5,1,8,1,1,1,9,14,3,1,1,NaN,1,2,NaN,,NaN,,NaN,,NaN,NaN,NaN,NaN,1,4,1,1,1,1,1,1,2,1,1,1,1,1,1,1,1,1,1,2,2,1,717332.473,4372266.354,36.033,Pri,27477,0,0,0,13,6
17479,5,2009460005164,3,9,13,6,7,3,1,CV-35,20.6,20,6,0,1,2,2,2,3,3,2,2,2,2,2,2,7,7,8,3,5,9,9,14,3,1,1,NaN,1,NaN,NaN,,21,24,NaN,,NaN,NaN,NaN,NaN,1,4,1,1,1,1,1,1,1,1,1,1,1,1,1,2,1,1,1,2,1,1,709135.535,4388447.738,126.638,Per,45027,0,0,0,21,1
17483,5,2009460005168,3,9,13,1,7,3,1,CV-31,3,3,0,1,1,5,2,2,3,4,2,1,2,2,2,2,6,1,8,1,3,1,9,14,3,1,1,NaN,1,NaN,NaN,,NaN,,NaN,,NaN,51,50,NaN,1,4,1,2,1,1,1,1,2,1,1,1,1,1,2,1,1,1,1,2,1,1,720949.645,4376045.986,20.866,Cob,21114,0,0,0,1,6
17485,5,2009460005183,3,9,12,3,6,2,2,CV-35,25.6,25,6,0,1,2,3,2,3,4,2,2,2,2,2,2,7,7,5,1,1,1,9,14,3,1,3,NaN,2,4,NaN,,NaN,,NaN,,NaN,NaN,NaN,NaN,1,4,2,1,1,1,1,1,2,1,1,1,1,1,1,1,1,1,1,2,1,1,705975.417,4390752.028,144.721,Per,29566,0,0,1,10,1
17486,5,2009460005191,3,9,14,4,1,4,1,CV-40,3.1,3,1,1,1,2,2,2,3,4,2,2,2,1,2,2,7,7,5,3,1,5,9,14,3,1,1,NaN,1,NaN,NaN,,NaN,,NaN,,NaN,62,60,NaN,1,4,1,1,1,1,1,2,1,1,1,1,1,1,2,1,1,1,1,2,1,1,713335.486,4301012.802,320.826,Cob,21147,0,0,0,14,2
17487,5,2009460005249,3,9,18,6,5,1,1,CV-32,0.7,0,7,1,1,5,3,2,3,1,2,1,1,1,2,2,5,1,4,1,3,1,9,14,1,1,3,NaN,2,NaN,NaN,,NaN,,NaN,,NaN,54,50,NaN,1,4,1,1,2,1,1,2,1,1,1,1,1,1,1,1,1,1,1,2,1,2,725307.94,4386569.804,40.465,Per,24274,0,0,0,22,6
17489,5,2009460005250,3,9,17,6,4,1,2,CV-400,0.1,0,1,0,1,5,1,2,3,3,2,2,2,2,2,2,5,1,4,3,2,4,9,14,1,1,1,NaN,2,4,NaN,,NaN,,NaN,,NaN,NaN,NaN,NaN,1,4,2,1,1,1,1,1,1,1,1,1,1,1,2,1,1,1,1,2,1,1,724568.098,4369326.994,-5.995,Sec,43418,0,0,0,20,6
17491,5,2009460005251,3,9,18,6,5,1,2,CV-41,18.8,18,8,0,1,5,3,2,3,2,2,1,1,1,1,1,5,6,4,1,1,1,9,14,1,1,1,NaN,2,4,NaN,,NaN,,NaN,,NaN,NaN,NaN,NaN,1,4,1,1,1,1,1,1,2,1,1,1,1,1,1,1,1,1,1,2,1,1,715608.471,4320548.832,60.945,Cob,8589,0,0,1,18,6
17492,5,2009460005252,3,9,18,6,5,1,1,CV-81,5.8,5,8,0,1,5,3,2,3,3,2,1,2,1,2,2,7,7,8,1,2,1,9,14,3,1,1,NaN,2,NaN,NaN,,NaN,,NaN,,NaN,NaN,NaN,71,1,4,1,1,1,1,1,1,2,1,1,1,1,1,1,1,1,1,1,2,1,1,707644.975,4298662.082,371.133,Cob,5383,0,0,1,20,1
17494,5,2009460005253,3,9,18,6,5,1,1,CV-50,75,75,0,0,1,5,2,2,3,3,2,1,2,1,1,1,2,6,5,1,5,1,9,14,3,1,3,NaN,2,NaN,NaN,,21,21,NaN,,NaN,NaN,NaN,NaN,1,4,1,1,1,1,1,1,2,1,1,1,1,1,1,1,1,1,1,2,1,1,698762.276,4374029.653,207.969,Cob,5309,2,0,0,20,7
17496,5,2009460005261,3,9,20,5,7,3,1,CV-50,38.8,38,8,0,1,5,3,2,3,3,2,1,1,1,1,1,7,7,8,1,1,1,9,14,1,1,1,NaN,1,NaN,NaN,,NaN,,NaN,,NaN,61,60,NaN,1,4,1,1,2,1,1,1,1,1,1,1,1,1,1,1,1,1,1,2,1,1,710249.805,4348285.812,59.726,Cob,5105,0,1,2,15,4
17497,5,2009460005269,3,9,18,5,5,1,1,CV-42,0,0,0,1,3,5,3,2,3,2,2,1,1,1,1,1,5,1,8,1,1,1,9,14,3,1,1,NaN,1,NaN,NaN,,NaN,,NaN,,NaN,NaN,NaN,71,1,4,2,1,1,1,1,1,1,1,1,1,1,1,1,1,1,1,1,2,1,1,723747.985,4354934.964,-10.971,Sec,12128,0,0,0,16,6
17499,5,2009460005281,3,9,21,6,1,4,2,CV-81,11,11,0,1,1,5,3,2,3,3,2,1,1,2,2,2,7,7,8,1,1,1,9,14,3,1,1,NaN,2,NaN,NaN,,NaN,,NaN,,NaN,NaN,NaN,71,1,4,1,1,1,1,1,1,1,1,1,1,1,2,1,1,1,1,1,2,1,1,683443.351,4278447.802,496.326,Cob,5383,0,0,1,18,2
17500,5,2009460005311,3,9,23,2,3,1,1,CV-40,4.3,4,3,0,1,2,3,2,3,4,2,2,2,2,2,2,7,7,8,3,5,5,4,10,2,1,3,NaN,1,NaN,NaN,,NaN,,NaN,,NaN,62,60,NaN,1,4,1,1,1,1,1,2,1,1,1,1,1,1,1,1,1,1,1,2,1,1,711067.948,4316288.794,123.381,Per,22222,0,0,1,5,1
17502,5,2009460005327,3,9,22,6,2,1,2,CV-35,6.9,6,9,1,1,2,3,2,3,4,2,2,2,1,2,2,4,1,8,3,4,4,9,14,3,1,1,NaN,2,4,NaN,,NaN,,NaN,,NaN,NaN,NaN,NaN,1,4,1,1,1,1,1,1,2,1,1,1,1,1,1,1,1,1,1,2,1,1,657229.749,4422414.726,979.812,Per,100390,0,0,0,21,6
17503,5,2009460005348,3,9,23,4,3,1,1,CV-40,22.3,22,3,1,1,2,3,2,3,4,2,2,2,1,2,2,7,7,5,3,1,5,9,14,3,1,1,NaN,2,NaN,NaN,,NaN,,NaN,,NaN,52,50,NaN,1,4,1,1,1,1,1,1,1,1,1,1,1,2,1,1,1,1,1,2,1,1,710868.019,4317131.064,101.791,Cob,15159,0,0,0,12,1
17505,5,2009460005355,3,9,21,5,1,4,2,CV-31,1.8,1,8,0,1,5,3,2,3,3,2,1,1,1,1,1,7,7,8,1,1,1,9,14,3,1,1,NaN,1,4,NaN,,NaN,,NaN,,NaN,NaN,NaN,NaN,1,4,2,1,1,1,1,1,1,1,1,1,1,1,1,1,1,1,1,2,1,1,720954.854,4376081.837,19.971,Cob,40216,0,0,0,15,2
17506,5,2009460005356,3,9,23,6,3,1,1,CV-35,18.3,18,3,1,1,2,3,2,3,4,2,2,2,1,2,2,7,7,8,3,1,5,4,14,3,1,1,NaN,2,NaN,NaN,,NaN,,NaN,,NaN,52,50,NaN,1,4,1,2,1,1,1,1,1,1,1,1,1,1,2,1,1,1,1,2,2,2,663512.913,4415799.33,825.71,Per,45027,0,0,0,18,1
17507,5,2009460005357,3,9,23,5,3,1,1,CV-35,24.3,24,3,1,1,2,3,2,3,4,2,2,2,1,2,2,7,7,8,3,1,4,9,14,2,1,1,NaN,1,NaN,NaN,,NaN,,NaN,,NaN,62,60,NaN,1,4,1,2,1,1,1,1,1,1,1,1,1,1,1,1,1,1,1,2,1,1,662947.158,4410557.162,885.862,Per,29566,0,0,0,16,2
17509,5,2009460005367,3,9,20,2,7,3,2,CV-500,1.6,1,6,1,1,5,3,2,3,4,2,2,2,1,2,1,7,7,8,1,5,1,9,14,3,1,1,NaN,1,NaN,NaN,,NaN,,NaN,,NaN,54,50,NaN,1,4,1,1,1,1,1,1,1,1,1,1,1,1,1,1,1,2,1,2,2,1,732542.688,4343969.684,-11.274,Pri,18337,0,0,1,6,2
17511,5,2009460005383,3,9,21,6,1,1,2,CV-36,3.1,3,1,0,1,2,3,2,3,4,2,2,2,2,2,2,7,7,5,1,1,1,9,14,3,1,3,NaN,2,NaN,30,29,NaN,,NaN,,NaN,NaN,NaN,NaN,1,4,2,1,1,1,1,1,1,1,1,1,1,1,1,1,1,1,1,2,1,2,715100.73,4369362.19,47.745,Pri,68545,0,1,0,17,1
17512,5,2009460005403,3,9,27,1,7,3,1,CV-590,55,55,0,0,1,5,3,2,3,4,2,1,1,1,1,1,7,7,8,1,5,1,9,14,3,1,1,NaN,1,NaN,NaN,,NaN,,NaN,,56,NaN,50,NaN,1,4,1,1,2,1,1,1,1,1,1,1,1,1,1,1,1,1,1,2,1,2,704760.809,4320860.853,193.742,Sec,6500,0,0,1,2,2
17513,5,2009460005434,3,9,25,6,5,1,1,CV-306,2.4,2,4,1,1,5,2,2,3,3,2,1,2,2,1,1,7,7,8,1,1,1,9,14,3,1,1,NaN,1,NaN,NaN,,NaN,,NaN,,NaN,NaN,NaN,71,1,4,2,1,1,1,1,1,1,2,1,1,1,1,1,1,1,1,1,2,1,1,730604.235,4387219.639,1.202,NaN,0,0,0,0,17,2
17516,5,2009460005435,3,9,25,4,5,1,3,CV-35,3.6,3,6,0,1,2,3,2,3,4,2,2,2,1,2,2,7,7,8,1,1,1,9,14,3,1,1,NaN,1,5,NaN,,NaN,,NaN,,NaN,NaN,NaN,NaN,3,4,2,1,1,1,1,1,1,1,1,1,1,1,1,1,1,1,1,2,1,1,720965.851,4377212.512,43.804,Per,123057,0,0,1,14,1
17520,5,2009460005438,3,9,25,5,5,1,2,CV-32,3,3,0,1,1,5,3,2,3,3,2,2,2,1,2,2,4,1,8,1,1,1,9,14,1,1,1,NaN,2,3,NaN,,NaN,,NaN,,NaN,NaN,NaN,NaN,1,4,2,1,1,1,1,1,1,1,1,1,1,1,1,1,1,1,1,2,1,2,727201.155,4385543.105,19.448,Cob,16064,0,0,0,15,6
17522,5,2009460005453,3,9,28,4,1,4,1,CV-590,59,59,0,0,1,5,2,2,3,3,2,1,2,1,2,2,7,7,8,3,1,5,4,14,3,1,3,NaN,2,NaN,NaN,,NaN,,NaN,,NaN,62,60,NaN,1,4,1,1,1,1,1,2,1,1,1,1,1,1,1,1,1,1,1,2,1,1,708260.35,4321023.519,126.434,Sec,6500,0,0,0,13,2
17525,5,2009460005458,3,9,28,5,1,2,2,CV-81,9.6,9,6,0,1,5,3,2,3,3,2,1,2,1,2,2,7,7,8,3,1,5,4,14,3,1,3,NaN,2,3,NaN,,NaN,,NaN,,NaN,NaN,NaN,NaN,1,4,1,1,1,1,1,2,1,1,1,1,1,1,1,1,1,1,1,2,2,2,709041.253,4296693.845,467.879,Cob,5383,0,0,0,16,2
17526,5,2009460005466,3,9,28,3,1,1,1,CV-60,0,0,0,1,1,5,2,2,3,1,2,1,1,2,2,2,5,2,4,3,1,5,4,14,1,1,1,NaN,2,NaN,NaN,,NaN,,NaN,,57,NaN,50,NaN,1,4,1,1,1,1,1,2,1,1,1,1,1,1,1,1,1,1,1,1,1,1,743958.713,4312753.388,28.224,Cob,9309,0,0,0,8,6
17528,5,2009460005496,3,9,28,4,1,1,2,CV-36,3.5,3,5,1,1,2,3,2,3,3,2,1,2,2,2,2,7,7,8,3,1,5,9,14,1,1,1,NaN,2,2,NaN,,NaN,,NaN,,NaN,NaN,NaN,NaN,1,4,1,1,1,1,1,2,1,1,1,1,1,1,2,1,1,1,1,2,1,1,719849.268,4369082.029,17.712,Cob,29466,0,0,2,14,5
17529,5,2009460005500,3,9,28,5,1,4,1,CV-32,8.1,8,1,0,1,5,3,2,3,4,2,1,1,1,1,1,5,1,8,1,1,1,9,14,1,1,1,NaN,1,NaN,NaN,,NaN,,NaN,,NaN,61,60,NaN,1,4,1,1,1,1,1,1,1,1,1,1,1,1,1,1,1,1,2,2,1,2,726682.192,4386167.862,32.46,NaN,0,0,0,0,15,6
17530,5,2009460005502,3,9,28,6,1,4,1,CV-35,10.5,10,5,1,1,2,3,2,3,4,2,2,2,1,2,2,7,7,8,3,3,4,9,14,3,1,1,NaN,1,NaN,NaN,,NaN,,NaN,,NaN,64,60,NaN,1,4,2,1,1,1,1,1,1,1,1,1,1,1,1,1,1,1,1,2,1,1,659800.29,4421040.881,907.132,Per,93959,0,0,0,22,1
17531,5,2009460005525,3,9,29,5,2,1,1,CV-365,0.2,0,2,0,1,5,3,2,3,3,2,2,1,2,1,1,7,7,8,3,1,4,9,14,1,1,1,NaN,1,NaN,NaN,,NaN,,NaN,,NaN,64,60,NaN,1,4,1,1,1,1,1,1,1,1,1,1,1,1,2,1,1,1,1,2,1,1,721501.627,4376617.573,36.809,Cob,35825,0,0,1,15,2
17534,5,2009460005543,3,9,29,4,2,1,3,CV-365,0.2,0,2,0,1,5,3,2,3,4,2,1,1,1,1,1,7,7,8,3,1,4,9,14,1,1,3,NaN,2,NaN,NaN,,NaN,,NaN,,68,NaN,60,NaN,1,4,1,1,1,1,1,2,1,1,1,1,1,1,2,1,1,1,1,2,1,1,721501.627,4376617.573,36.809,Cob,35825,0,0,0,14,5