Id,Ano,Numero_Accidente,Provincia,Mes,Dia,Hora,Dia_Semana,Tipo_Dia,Vehiculos_Implicados,Carretera,Pk,Km,Hm,Sentido,Zona,Tipo_Via,Anchura_Calzada,Anchura_Carril,Marcas_Viales,Arcen,Arcen_Pavimentado,Mediana,Barrera_Seguridad,Paneles_Direccionales,Hitos_Arista,Captafaros,Interseccion_Tipo,Interseccion_Acondicionamiento,Prioridad_Regulada_por,Superficie,Luminosidad,Factores_Atmosfericos,Visibilidad_Restringida_por,Otras_Circunstancias,Senalizacion_Peligro,Aceras,Arboles,Arboles_Metros_Calzada,Visibilidad_Senalizacion_Vertical,Colision_Vehiculos_Marcha,Colision_Vehiculo_Obstaculo_1,Colision_Vehiculo_Obstaculo_2,Atropello_1,Atropello_2,Vuelco_1,Vuelco_2,Salida_Sin_Colision,Salida_Con_Colision,Lado_Salida,Otro,Circulacion,Circulacion_Medidas_Especiales,Distraccion,Inexperiencia_Conductor,Alcohol_Drogas,Cansancio_Sueno,Enfermedad,Velocidad_Inadecuada,Infraccion_Norma_Circulacion,Estado_Condicion_Via,Estado_Condicion_Senalizacion,Tramo_Obras,Mal_Estado_Vehiculo,Averia_Mecanica,Meteorologia_Adversa,Irrupcion_Animal,Circular_Sentido_Contrario,Otro_Factor,Sin_Opinion_Definida,Pendiente,Curvatura,Peralte,GPS_x,GPS_y,GPS_z,Tipo_Est,IMD,N_Muertos,N_Graves,N_Leves,Hora_Real,Fuera_o_Interseccion
17535,5,2009460005548,3,9,29,3,2,1,1,CV-50,37.6,37,6,1,1,5,3,2,3,4,2,1,1,1,1,1,7,7,8,3,1,4,9,10,2,1,3,NaN,1,NaN,NaN,,NaN,,NaN,,66,NaN,60,NaN,1,4,1,1,1,1,1,1,1,1,1,1,1,1,2,1,1,1,1,2,1,1,702293.845,4360078.432,198.546,Cob,5105,0,0,0,10,2
17536,5,2009460005558,3,9,30,2,3,1,1,CV-610,18,18,0,0,1,5,2,3,2,1,2,1,1,1,2,1,7,7,5,1,4,1,9,14,2,1,1,NaN,1,NaN,NaN,,NaN,,NaN,,68,NaN,60,NaN,1,4,1,1,1,1,1,1,1,1,1,1,1,1,1,1,1,1,2,2,1,1,729307.907,4313637.775,248.482,Cob,2838,0,0,0,6,1
17537,5,2009460005559,3,9,30,5,3,1,1,CV-40,21.3,21,3,0,1,2,1,1,3,3,2,1,1,2,2,2,7,7,5,3,1,5,9,14,3,1,1,NaN,2,NaN,NaN,,NaN,,NaN,,NaN,54,50,NaN,1,4,1,1,1,1,1,2,1,1,1,1,1,1,1,1,1,1,1,2,1,1,712108.125,4301133.979,313.395,Cob,15159,0,0,1,15,5
17538,5,2009460005573,3,9,30,6,3,1,1,CV-50,44.1,44,1,0,1,5,2,2,3,3,2,1,1,2,1,1,7,7,5,1,5,1,9,14,3,1,1,NaN,1,NaN,NaN,,21,24,NaN,,NaN,NaN,NaN,NaN,1,4,1,1,1,1,1,1,1,1,1,1,1,1,1,2,1,1,1,2,1,1,708952.911,4352954.005,81.71,Pri,2743,0,0,0,21,2
17540,5,2009460005605,3,10,2,4,5,1,2,CV-35,10.6,10,6,0,1,2,2,2,3,4,2,2,2,2,2,2,7,7,8,1,1,1,9,14,3,1,1,NaN,1,4,NaN,,NaN,,NaN,,NaN,NaN,NaN,NaN,1,4,2,1,1,1,1,1,1,1,1,1,1,1,1,1,1,1,1,2,1,1,715833.836,4381671.456,84.598,Per,93959,0,0,1,14,1
17541,5,2009460005610,3,10,2,6,5,1,1,CV-410,1.3,1,3,1,1,5,2,2,3,3,2,1,1,2,2,2,5,1,8,1,1,1,9,14,3,1,1,NaN,1,NaN,NaN,,NaN,,NaN,,NaN,52,50,NaN,1,4,2,1,2,1,1,1,1,1,1,1,1,1,1,1,1,1,1,2,1,1,717195.664,4372406.532,37.242,Cob,8034,0,0,0,18,6
17542,5,2009460005616,3,10,2,6,5,1,1,CV-40,9.5,9,5,0,1,2,3,2,3,4,2,2,2,2,2,2,7,7,8,3,2,1,9,13,1,1,3,NaN,2,NaN,NaN,,NaN,,NaN,,NaN,62,60,NaN,1,4,2,1,1,1,1,1,1,1,1,1,1,1,1,1,1,1,1,2,1,1,710347.636,4312072.296,286.951,Per,22222,0,0,0,20,2
17544,5,2009460005624,3,10,2,6,5,1,2,CV-35,56.5,56,5,1,1,5,3,2,3,3,2,1,2,2,2,2,6,1,8,1,5,1,9,3,3,1,1,NaN,2,2,NaN,,NaN,,NaN,,NaN,NaN,NaN,NaN,1,4,2,1,1,1,1,1,1,1,1,1,1,1,1,1,1,1,1,2,1,1,685779.984,4396852.968,375.552,Sec,2660,0,0,0,20,7
17545,5,2009460005632,3,10,1,1,4,1,1,CV-41,2,2,0,0,1,5,3,2,3,3,2,1,1,1,2,1,5,1,4,1,3,1,9,14,1,1,1,NaN,2,NaN,NaN,,NaN,,NaN,,NaN,51,50,NaN,1,4,1,1,2,1,1,2,1,1,1,1,1,1,1,1,1,1,1,2,1,1,720786.465,4334710.644,3.152,Cob,13838,0,0,0,2,6
17546,5,2009460005653,3,10,5,4,1,4,1,CV-645,2.7,2,7,0,1,5,2,3,3,2,2,1,2,2,2,1,7,7,8,1,1,1,9,14,1,1,1,NaN,2,NaN,NaN,,NaN,,NaN,,NaN,64,60,NaN,1,4,1,1,1,1,1,1,1,1,1,1,1,2,1,1,1,1,1,2,1,1,712527.666,4317868.936,97.949,Cob,12010,0,0,0,14,2
17547,5,2009460005662,3,10,2,6,5,1,1,CV-42,18,18,0,0,1,5,3,2,3,1,2,1,2,2,2,2,7,7,8,1,1,1,9,14,2,1,1,NaN,1,NaN,NaN,,NaN,,NaN,,68,NaN,60,NaN,1,4,1,1,1,1,1,2,1,1,1,1,1,1,1,1,1,2,1,2,1,1,723388.374,4353473.235,-6.841,Cob,12606,0,0,0,17,2
17548,5,2009460005667,3,10,3,4,6,2,1,CV-245,17,17,0,1,1,5,2,2,3,2,2,1,1,2,1,1,7,7,8,1,1,1,9,14,3,1,1,NaN,2,NaN,NaN,,NaN,,NaN,,NaN,63,60,NaN,1,4,2,1,1,1,1,2,1,1,1,1,1,1,1,1,1,1,1,2,2,1,701257.758,4410469.208,832.401,Cob,758,0,0,1,13,2
17550,5,2009460005678,3,10,3,3,6,2,2,CV-35,18.8,18,8,0,1,2,3,2,3,4,2,2,2,1,2,2,7,7,8,1,2,1,9,14,3,1,1,NaN,2,3,NaN,,NaN,,NaN,,NaN,NaN,NaN,NaN,1,4,2,1,1,2,1,1,1,1,1,1,1,1,1,1,1,1,1,2,1,1,710451.589,4387298.607,115.841,Per,45027,0,0,1,7,1
17552,5,2009460005708,3,10,6,4,2,1,2,CV-31,2.5,2,5,0,1,5,3,2,3,4,2,2,2,1,2,2,3,1,8,1,1,1,9,14,3,1,1,NaN,2,4,NaN,,NaN,,NaN,,NaN,NaN,NaN,NaN,1,4,1,1,1,1,1,1,2,1,1,1,1,1,1,1,1,1,1,2,1,1,720801.149,4376748.262,22.782,Cob,66607,0,0,0,14,6
17556,5,2009460005724,3,10,6,5,2,1,4,CV-31,3.7,3,7,0,1,5,3,2,3,3,2,1,1,1,2,2,7,7,8,1,1,1,9,14,1,1,3,NaN,2,5,NaN,,NaN,,NaN,,NaN,NaN,NaN,NaN,3,4,1,1,1,1,1,2,1,1,1,1,1,1,1,1,1,1,1,2,1,1,721195.166,4377727.82,29.524,Cob,21114,0,0,0,15,1
17558,5,2009460005739,3,10,7,4,3,1,2,CV-35,96.5,96,5,0,1,2,3,2,3,2,2,1,1,1,1,1,1,1,8,1,1,1,9,14,1,1,1,NaN,1,2,NaN,,NaN,,NaN,,NaN,NaN,NaN,NaN,1,4,2,1,1,1,1,1,1,1,1,1,1,1,1,1,1,1,1,2,1,3,658211.216,4421906.776,977.437,Cob,491,0,0,0,13,7
17560,5,2009460005746,3,10,9,1,5,3,1,CV-60,22.1,22,1,1,1,5,3,2,3,3,2,1,1,1,2,1,7,7,8,1,5,1,9,14,3,1,1,NaN,1,NaN,NaN,,NaN,,NaN,,NaN,51,50,NaN,1,4,2,1,2,1,1,1,1,1,1,1,1,1,1,1,1,1,1,2,1,1,725807.737,4306380.871,260.182,Cob,8004,0,1,2,23,1
17563,5,2009460005763,3,10,8,6,4,1,3,CV-32,0.5,0,5,1,1,5,3,2,3,3,2,2,2,2,2,2,5,1,4,1,3,1,9,14,3,1,1,NaN,1,5,NaN,,NaN,,NaN,,NaN,NaN,NaN,NaN,2,4,1,1,1,1,1,1,2,1,1,1,1,1,1,1,1,1,1,2,1,1,725218.233,4386733.151,44.25,Per,24274,0,0,0,21,6
17565,5,2009460005773,3,10,12,5,1,3,1,CV-660,27.6,27,6,0,1,5,2,2,3,3,2,1,1,1,1,1,1,2,8,1,1,1,9,14,1,1,1,NaN,2,NaN,NaN,,NaN,,NaN,,NaN,61,60,NaN,1,4,2,1,1,1,1,1,1,1,1,1,1,1,1,1,1,1,1,2,1,1,706897.058,4299406.102,344.174,Cob,0,0,0,0,16,6
17566,5,2009460005779,3,10,10,4,6,2,1,CV-35,35.8,35,8,0,1,2,3,2,3,4,2,2,2,1,2,2,7,7,8,1,1,1,9,14,3,1,1,NaN,1,NaN,30,32,NaN,,NaN,,NaN,NaN,NaN,NaN,1,4,1,2,1,1,1,1,1,1,1,1,1,1,1,1,1,1,1,2,1,1,697705.805,4395561.381,251.183,Per,9781,0,0,1,14,1
17568,5,2009460005793,3,10,11,4,7,3,1,CV-35,16,16,0,0,1,2,3,2,3,4,2,2,2,2,2,2,7,7,5,1,1,1,9,14,3,1,3,NaN,2,NaN,NaN,,NaN,,NaN,,NaN,64,60,NaN,1,4,1,1,1,1,1,1,1,1,1,1,1,1,1,1,1,1,2,2,1,1,711685.092,4384877.705,80.474,Per,63924,0,0,0,13,1
17569,5,2009460005802,3,10,13,6,2,4,1,CV-515,6.4,6,4,0,1,5,3,2,3,3,2,1,1,1,1,1,7,7,8,1,4,1,9,14,3,1,1,NaN,1,NaN,NaN,,21,24,NaN,,NaN,NaN,NaN,NaN,1,4,1,1,1,1,1,1,1,1,1,1,1,1,1,2,1,1,1,2,1,1,728393.547,4342989.156,-2.224,Cob,6347,0,0,0,20,1
17571,5,2009460005805,3,10,11,6,7,3,1,CV-31,3.5,3,5,0,1,5,3,2,3,4,2,2,2,2,2,2,7,7,8,1,3,1,9,14,1,1,3,NaN,2,NaN,NaN,,NaN,,NaN,,NaN,54,50,NaN,1,4,1,1,1,1,1,2,1,1,1,1,1,1,1,1,1,1,1,2,1,1,721156.91,4377534.377,28.829,Cob,21114,0,0,0,22,5
17574,5,2009460005812,3,10,13,3,2,1,3,CV-35,14,14,0,1,1,2,3,2,3,4,2,2,2,2,2,2,7,7,5,3,1,4,9,14,3,1,3,NaN,2,5,NaN,,NaN,,NaN,,NaN,NaN,NaN,NaN,2,4,2,2,1,1,1,1,2,1,1,1,1,1,2,1,1,1,1,2,1,1,662386.877,4419383.786,895.429,Per,80544,0,0,2,8,1
17575,5,2009460005818,3,10,13,4,2,4,1,CV-60,0,0,0,0,1,5,2,2,3,3,2,1,1,1,1,1,5,1,4,1,1,1,9,14,2,1,1,NaN,1,NaN,NaN,,NaN,,NaN,,NaN,NaN,NaN,71,1,4,2,1,1,1,1,1,2,1,1,1,1,1,1,1,1,1,1,2,2,1,710267.895,4309771.959,292.519,Cob,9309,0,0,0,12,6
17576,5,2009460005827,3,10,6,6,2,1,1,CV-30,0,0,0,0,1,2,3,2,3,3,2,2,2,2,2,2,7,7,5,1,1,1,9,14,1,1,1,NaN,1,NaN,NaN,,NaN,,NaN,,NaN,53,50,NaN,1,4,2,1,1,1,1,2,1,1,1,1,1,1,1,1,1,1,1,2,1,2,721064.125,4373852.114,3.284,Pri,71589,0,0,0,19,2
17577,5,2009460005832,3,10,15,4,4,1,1,CV-35,17.8,17,8,1,1,2,3,2,3,4,2,2,2,1,2,2,7,7,8,1,1,1,9,14,3,1,1,NaN,1,NaN,NaN,,NaN,,NaN,,NaN,64,60,NaN,1,4,1,1,1,2,1,1,1,1,1,1,1,1,1,1,1,1,1,2,2,1,663047.261,4415963.714,836.411,Per,45449,0,0,0,13,2
17579,5,2009460005885,3,10,17,5,6,2,2,CV-35,3,3,0,0,1,2,3,2,3,5,2,2,2,1,2,2,7,7,8,1,1,1,9,14,3,1,3,NaN,2,3,NaN,,NaN,,NaN,,NaN,NaN,NaN,NaN,1,4,1,1,1,1,1,1,1,1,1,1,1,1,1,1,1,1,2,2,1,1,721342.935,4376757.345,36.184,Per,123057,0,0,0,16,1
17581,5,2009460005921,3,10,19,3,1,1,2,CV-35,4.9,4,9,1,1,2,3,2,3,4,2,2,2,2,2,2,3,1,8,1,3,1,9,14,3,1,1,NaN,1,4,NaN,,NaN,,NaN,,NaN,NaN,NaN,NaN,2,4,1,1,1,1,1,1,2,1,1,1,1,1,1,1,1,1,1,2,1,1,655612.797,4422957.061,938.301,Per,85829,0,0,0,8,6
17583,5,2009460005923,3,10,19,3,1,1,2,CV-35,4.3,4,3,1,1,2,3,2,3,4,2,2,2,2,2,2,3,1,8,1,1,1,9,14,3,1,1,NaN,1,4,NaN,,NaN,,NaN,,NaN,NaN,NaN,NaN,2,4,2,1,1,1,1,1,1,1,1,1,1,1,1,1,1,1,1,2,1,1,655056.332,4422979.715,944.805,Per,123057,0,0,1,8,6
17587,5,2009460005958,3,10,20,3,2,1,2,CV-35,9,9,0,0,1,5,3,2,3,4,2,2,2,2,2,2,7,7,8,1,1,1,9,14,2,1,1,NaN,1,4,NaN,,NaN,,NaN,,NaN,NaN,NaN,NaN,3,4,2,1,1,1,1,1,1,1,1,1,1,1,1,1,1,1,1,2,1,1,717369.299,4381014.853,95.977,Per,62420,0,0,0,9,1
17589,5,2009460005971,3,10,20,2,2,1,2,CV-36,1,1,0,1,1,2,3,2,3,4,2,2,2,1,1,1,3,1,4,1,3,1,9,14,3,1,1,NaN,1,4,NaN,,NaN,,NaN,,NaN,NaN,NaN,NaN,1,4,1,2,1,1,1,1,1,1,1,1,1,1,1,1,1,1,1,2,1,2,711934.082,4368698.871,72.601,Pri,68545,0,0,1,6,6
17596,5,2009460005983,3,10,19,3,1,1,7,CV-35,3.1,3,1,1,1,2,3,2,3,4,2,2,2,2,2,2,7,7,8,1,1,1,9,14,2,1,1,NaN,2,5,NaN,,NaN,,NaN,,NaN,NaN,NaN,NaN,2,4,1,1,1,1,1,1,2,1,1,1,1,1,1,1,1,1,1,2,1,1,654450.358,4422670.859,893.187,Per,123057,0,0,3,8,1
17597,5,2009460005990,3,10,21,3,3,1,1,CV-500,0,0,0,1,1,5,3,2,3,3,2,2,2,2,2,2,7,7,5,1,1,1,9,14,3,1,1,NaN,2,NaN,30,32,NaN,,NaN,,NaN,NaN,NaN,NaN,1,4,1,1,1,1,1,1,1,1,1,1,1,1,1,1,1,2,1,2,1,1,731598.876,4343047.069,-8.138,Pri,18337,0,0,0,8,1
17600,5,2009460006011,3,10,22,3,4,1,3,CV-35,3.5,3,5,1,1,2,3,2,3,4,2,2,2,2,2,2,7,7,5,3,1,5,4,14,3,1,3,NaN,2,5,NaN,,NaN,,NaN,,NaN,NaN,NaN,NaN,3,4,2,1,1,1,1,1,2,1,1,1,1,1,2,1,1,1,1,2,2,1,654507.777,4422863.684,906.357,Per,123057,0,0,2,8,1
17604,5,2009460006012,3,10,22,3,4,1,4,CV-35,6.5,6,5,1,1,2,3,2,3,3,2,2,2,2,2,2,7,7,8,3,1,4,9,14,3,1,1,NaN,1,5,NaN,,NaN,,NaN,,NaN,NaN,NaN,NaN,2,4,2,1,1,1,1,1,2,1,1,1,1,1,1,1,1,1,1,2,1,1,657021.385,4422717.023,965.038,Per,100390,0,0,0,10,1
17605,5,2009460006014,3,10,23,5,5,1,1,CV-41,16.5,16,5,0,1,5,2,2,3,3,2,1,1,1,2,1,7,7,8,1,1,1,9,14,3,1,1,NaN,2,NaN,NaN,,NaN,,NaN,,66,NaN,60,NaN,1,4,2,1,1,2,1,1,1,1,1,1,1,1,1,1,1,1,1,2,1,1,715928.361,4322680.204,53.751,Cob,8589,0,0,1,15,1
17606,5,2009460006027,3,10,21,6,3,1,1,CV-306,0.5,0,5,0,1,5,2,2,3,2,2,1,1,1,1,1,7,7,8,1,3,1,9,14,1,1,1,NaN,2,NaN,NaN,,NaN,,NaN,,NaN,61,60,NaN,1,4,2,1,2,1,1,2,1,1,1,1,1,1,1,1,1,1,1,2,1,1,730052.939,4385746.029,-4.448,Cob,12867,0,0,0,19,1
17608,5,2009460006091,3,10,26,3,1,1,2,CV-35,6.4,6,4,1,1,2,3,2,3,4,2,2,2,1,2,1,7,7,5,1,1,1,9,14,1,1,1,NaN,2,4,NaN,,NaN,,NaN,,NaN,NaN,NaN,NaN,1,4,2,1,1,1,1,1,1,1,1,1,1,1,1,1,1,1,1,2,1,1,656954.686,4422790.495,961.087,Per,100390,0,0,0,8,1
17610,5,2009460006121,3,10,27,3,2,1,2,CV-500,15.5,15,5,0,1,5,3,2,3,4,2,1,1,1,2,1,1,3,8,1,1,1,9,14,3,1,1,NaN,1,NaN,NaN,,NaN,,NaN,,NaN,NaN,NaN,71,1,4,1,1,1,1,1,1,2,1,1,1,1,1,1,1,1,1,1,2,1,1,732612.558,4355386.409,-14.045,Sec,12840,0,0,1,10,7
17612,5,2009460006128,3,10,28,5,3,1,2,CV-400,1.4,1,4,1,1,5,2,2,3,3,2,1,2,1,2,2,5,1,8,1,1,1,9,14,1,1,1,NaN,1,3,NaN,,NaN,,NaN,,NaN,NaN,NaN,NaN,1,4,2,1,1,1,1,1,1,1,1,1,1,1,1,1,1,1,1,2,1,1,722756.598,4365095.57,-6.044,Pri,30500,0,0,1,16,6
17616,5,2009460006151,3,10,29,6,4,1,2,CV-400,2,2,0,0,1,5,2,2,3,3,2,2,2,1,1,1,5,1,4,1,2,1,9,14,3,1,1,NaN,1,4,NaN,,NaN,,NaN,,NaN,NaN,NaN,NaN,1,4,2,1,2,1,1,1,2,1,1,1,1,1,1,1,1,1,1,2,1,1,723626.268,4367795.379,-1.376,Pri,30500,0,0,0,18,6
17618,5,2009460006183,3,10,29,5,4,1,2,CV-25,3.5,3,5,0,1,5,2,2,3,2,2,1,1,2,1,1,7,7,8,1,1,1,9,14,3,1,1,NaN,1,4,NaN,,NaN,,NaN,,NaN,NaN,NaN,NaN,1,4,2,2,1,1,1,1,1,1,1,1,1,1,1,1,1,1,1,2,1,1,708709.632,4393282.251,178.903,Sec,10874,0,0,1,15,1
17621,5,2009460006203,3,10,30,6,5,1,3,CV-400,3.4,3,4,0,1,5,3,1,3,3,2,2,1,1,2,2,5,1,4,1,4,1,9,14,1,1,1,NaN,2,2,NaN,,NaN,,NaN,,NaN,NaN,NaN,NaN,1,4,2,1,1,1,1,1,1,1,1,1,1,1,1,1,1,1,1,2,1,1,723492.209,4366444.605,-3.833,Cob,22509,0,0,0,19,6
17624,5,2009460006227,3,10,30,6,5,1,3,CV-35,16.5,16,5,0,1,2,3,2,3,4,2,2,2,2,2,2,7,7,8,1,3,1,9,14,3,1,1,NaN,1,NaN,30,32,NaN,,NaN,,NaN,NaN,NaN,NaN,1,4,1,1,1,1,1,1,1,1,1,1,1,2,1,1,1,2,1,2,1,1,711377.266,4385260.8,85.372,Per,63924,0,0,0,19,1
17625,5,2009460006230,3,10,31,4,6,2,1,CV-35,15,15,0,1,1,2,3,2,3,4,2,2,2,1,2,2,7,7,8,1,1,1,9,14,3,1,1,NaN,2,NaN,NaN,,NaN,,NaN,,NaN,54,50,NaN,1,4,2,1,1,1,1,1,1,1,1,1,1,1,1,1,1,1,1,2,1,1,662673.198,4418488.399,911.867,Per,80544,0,0,0,14,1
17627,5,2009460006239,3,11,4,4,3,1,2,CV-40,13.1,13,1,1,1,2,3,2,3,4,2,2,2,1,2,2,7,7,5,1,1,1,9,14,3,1,1,NaN,2,NaN,30,32,NaN,,NaN,,NaN,NaN,NaN,NaN,1,4,1,1,1,1,1,1,1,1,1,1,1,1,1,1,1,2,1,2,1,1,710399.081,4309169.288,286.957,Cob,17285,0,0,1,12,1
17628,5,2009460006263,3,10,31,1,6,2,1,CV-40,20.1,20,1,1,1,2,3,1,3,4,2,1,2,2,2,2,7,7,8,1,5,1,2,14,1,1,1,NaN,2,NaN,NaN,,NaN,,NaN,,56,NaN,50,NaN,1,4,2,1,2,1,1,1,1,1,1,1,1,1,1,1,1,1,1,2,1,2,710822.941,4315043.65,135.248,Cob,15159,0,0,1,4,5
17629,5,2009460006271,3,11,1,6,7,3,1,CV-407,0,0,0,1,1,5,3,2,1,1,2,1,1,1,1,1,7,7,8,1,5,1,9,3,3,1,3,NaN,1,NaN,NaN,,NaN,,NaN,,67,NaN,60,NaN,1,4,1,1,1,1,1,1,1,1,1,1,1,1,1,1,1,1,2,2,2,1,725022.869,4367798.504,-11.806,Cob,21509,0,0,1,20,2
17631,5,2009460006273,3,11,5,3,4,1,2,CV-390,42.2,42,2,0,1,5,3,2,3,4,2,1,1,1,1,1,7,7,8,1,1,1,9,14,3,1,3,NaN,2,2,NaN,,NaN,,NaN,,NaN,NaN,NaN,NaN,1,4,1,1,1,1,1,1,1,1,1,1,1,1,1,1,1,1,2,2,1,1,657115.513,4386002.428,879.633,Cob,1037,0,0,0,10,1
17632,5,2009460006303,3,11,6,6,5,1,1,CV-667,5.7,5,7,0,1,5,3,2,3,3,2,1,1,2,2,2,5,2,4,1,4,1,9,14,3,1,1,NaN,2,NaN,NaN,,NaN,,NaN,,NaN,64,60,NaN,1,4,2,1,1,1,1,1,1,1,1,1,1,1,1,1,1,1,1,2,2,2,720865.462,4307610.035,193.095,Cob,1917,0,0,0,19,6
17636,5,2009460006305,3,11,2,6,1,1,2,CV-35,23,23,0,0,1,2,3,2,3,3,2,1,1,1,1,1,4,6,4,1,4,1,9,13,1,1,1,NaN,1,4,NaN,,NaN,,NaN,,NaN,NaN,NaN,NaN,1,4,2,1,1,1,1,2,1,1,1,1,1,1,1,1,1,1,1,2,1,1,707705.105,4389749.685,135.054,Per,34502,0,0,3,20,6
17638,5,2009460006345,3,11,4,4,3,1,2,CV-35,10.9,10,9,0,1,2,3,2,3,4,2,2,2,1,2,2,7,7,8,1,1,1,9,14,3,1,1,NaN,1,3,NaN,,NaN,,NaN,,NaN,NaN,NaN,NaN,1,4,1,1,1,1,1,1,1,1,1,1,1,1,1,1,1,1,2,2,1,1,715676.145,4381791.688,85.676,Per,93959,0,0,0,11,1
17645,5,2009460006351,3,11,3,6,2,1,4,CV-35,6.5,6,5,1,1,2,3,2,3,4,2,2,2,2,2,2,7,7,5,1,2,1,9,14,2,1,3,NaN,2,5,NaN,,NaN,,NaN,,NaN,NaN,NaN,NaN,3,4,2,1,1,1,1,2,1,1,1,1,1,1,1,1,1,1,1,2,1,1,657021.385,4422717.023,965.038,Per,100390,0,0,2,18,1
17649,5,2009460006352,3,11,3,3,2,1,4,CV-32,3.9,3,9,1,1,5,3,2,3,4,2,1,2,1,2,2,7,7,8,1,1,1,9,14,3,1,1,NaN,1,5,NaN,,NaN,,NaN,,NaN,NaN,NaN,NaN,1,4,1,1,1,1,1,1,1,1,1,1,1,1,2,1,1,1,1,2,1,1,727477.61,4384702.55,10.857,Cob,16064,0,0,0,8,1
17651,5,2009460006356,3,11,3,3,2,1,2,CV-35,9.3,9,3,1,1,2,3,2,3,4,2,2,2,2,2,2,1,1,5,1,1,1,9,14,3,1,1,NaN,1,3,NaN,,NaN,,NaN,,NaN,NaN,NaN,NaN,1,4,2,1,1,1,1,1,1,1,1,1,1,1,1,1,1,1,1,2,1,1,658757.975,4421618.678,947.452,Per,62420,0,0,0,7,6
17654,5,2009460006360,3,11,6,3,5,1,3,CV-650,2.7,2,7,0,1,5,3,2,3,2,2,1,1,1,2,1,7,7,8,1,1,1,9,14,3,1,1,NaN,2,4,NaN,,NaN,,NaN,,NaN,NaN,NaN,NaN,1,4,2,1,1,1,1,1,1,1,1,1,1,1,1,1,1,1,1,2,1,1,709435.824,4302852.868,284.383,Cob,9461,0,0,0,8,1
17656,5,2009460006394,3,11,10,5,2,1,2,CV-686,0.7,0,7,0,1,5,3,2,3,4,2,1,1,1,1,1,1,1,5,1,1,1,9,14,2,1,1,NaN,1,4,NaN,,NaN,,NaN,,NaN,NaN,NaN,NaN,1,4,2,1,1,1,1,1,1,1,1,1,1,1,1,1,1,1,1,2,1,1,742112.285,4313591.717,24.365,Cob,18016,0,0,2,16,7
17658,5,2009460006457,3,11,11,6,3,1,2,CV-41,15.8,15,8,1,1,5,3,2,3,3,2,1,1,1,2,1,1,1,8,1,1,1,2,14,1,1,1,NaN,2,4,NaN,,NaN,,NaN,,NaN,NaN,NaN,NaN,1,4,1,1,1,1,1,1,2,1,1,1,1,1,1,1,1,1,1,2,1,1,719310.415,4332471.623,-0.182,Cob,8589,0,0,0,17,6
17659,5,2009460006514,3,11,11,4,3,1,1,CV-25,1.5,1,5,1,1,5,3,2,3,1,2,1,1,2,2,1,7,7,8,1,1,1,9,14,2,1,1,NaN,1,NaN,NaN,,NaN,,NaN,,NaN,61,60,NaN,1,4,1,2,1,1,1,2,1,1,1,1,1,1,1,1,1,1,1,2,2,1,712568.846,4414044.837,383.132,Sec,10874,0,0,1,14,3
17660,5,2009460006537,3,11,9,6,1,1,1,CV-35,16.3,16,3,1,1,2,3,2,3,4,2,2,2,2,2,2,7,7,8,1,3,1,9,14,3,1,1,NaN,2,NaN,NaN,,NaN,,12,9,NaN,NaN,NaN,NaN,1,4,2,1,2,1,1,1,1,1,1,1,1,1,1,1,1,1,1,2,1,1,662699.391,4417214.351,868.224,Per,63924,0,0,0,18,1
17661,5,2009460006539,3,11,13,1,5,1,1,CV-365,1.6,1,6,1,1,5,3,2,3,3,2,2,2,1,2,2,7,7,8,1,3,1,9,14,3,1,3,NaN,1,NaN,NaN,,NaN,,NaN,,NaN,52,50,NaN,1,4,2,1,1,1,1,1,1,1,1,1,1,1,1,1,1,1,1,2,1,1,719779.912,4376800.086,58.005,Sec,37925,0,0,1,23,1
17664,5,2009460006540,3,11,13,1,5,1,2,CV-365,1.6,1,6,0,1,5,3,2,3,4,2,2,2,1,2,2,7,7,8,1,3,1,9,14,3,1,3,NaN,1,2,NaN,,NaN,,NaN,,NaN,NaN,NaN,NaN,1,4,1,1,1,1,1,1,2,1,1,1,1,1,1,1,1,1,1,2,1,1,720311.235,4376584.026,57.861,Sec,37925,0,1,2,23,1
17665,5,2009460006543,3,11,15,2,7,3,1,CV-500,20.1,20,1,1,1,5,3,2,3,1,2,1,2,1,1,1,7,7,8,1,5,1,9,14,3,1,3,NaN,1,NaN,NaN,,NaN,,NaN,,NaN,62,60,NaN,1,4,2,2,2,1,1,1,1,1,1,1,1,1,1,1,1,1,1,2,1,1,730641.762,4359574.576,-23.6,Cob,9298,0,0,0,6,1
17667,5,2009460006550,3,11,11,6,3,1,2,CV-35,25.5,25,5,0,1,2,3,2,3,4,2,2,2,2,2,2,7,7,8,1,1,1,9,14,2,1,1,NaN,1,4,NaN,,NaN,,NaN,,NaN,NaN,NaN,NaN,1,4,1,1,1,1,1,1,2,1,1,1,1,1,1,1,1,1,1,2,1,1,706058.321,4390806.826,145.618,Per,29566,0,0,1,20,1
17669,5,2009460006555,3,11,15,4,7,3,1,CV-500,24.5,24,5,0,1,5,2,2,3,3,2,1,1,1,1,1,7,7,8,1,1,1,9,14,2,1,1,NaN,1,NaN,NaN,,NaN,,NaN,,NaN,63,60,NaN,1,4,1,1,1,1,1,1,1,1,1,1,1,1,1,1,1,2,1,2,1,1,734035.266,4347037.321,-10.89,Cob,7864,0,0,3,14,1