Id,Ano,Numero_Accidente,Provincia,Mes,Dia,Hora,Dia_Semana,Tipo_Dia,Vehiculos_Implicados,Carretera,Pk,Km,Hm,Sentido,Zona,Tipo_Via,Anchura_Calzada,Anchura_Carril,Marcas_Viales,Arcen,Arcen_Pavimentado,Mediana,Barrera_Seguridad,Paneles_Direccionales,Hitos_Arista,Captafaros,Interseccion_Tipo,Interseccion_Acondicionamiento,Prioridad_Regulada_por,Superficie,Luminosidad,Factores_Atmosfericos,Visibilidad_Restringida_por,Otras_Circunstancias,Senalizacion_Peligro,Aceras,Arboles,Arboles_Metros_Calzada,Visibilidad_Senalizacion_Vertical,Colision_Vehiculos_Marcha,Colision_Vehiculo_Obstaculo_1,Colision_Vehiculo_Obstaculo_2,Atropello_1,Atropello_2,Vuelco_1,Vuelco_2,Salida_Sin_Colision,Salida_Con_Colision,Lado_Salida,Otro,Circulacion,Circulacion_Medidas_Especiales,Distraccion,Inexperiencia_Conductor,Alcohol_Drogas,Cansancio_Sueno,Enfermedad,Velocidad_Inadecuada,Infraccion_Norma_Circulacion,Estado_Condicion_Via,Estado_Condicion_Senalizacion,Tramo_Obras,Mal_Estado_Vehiculo,Averia_Mecanica,Meteorologia_Adversa,Irrupcion_Animal,Circular_Sentido_Contrario,Otro_Factor,Sin_Opinion_Definida,Pendiente,Curvatura,Peralte,GPS_x,GPS_y,GPS_z,Tipo_Est,IMD,N_Muertos,N_Graves,N_Leves,Hora_Real,Fuera_o_Interseccion
17671,5,2009460006558,3,11,11,5,3,1,2,CV-32,7.9,7,9,0,1,5,3,2,3,3,2,2,2,2,2,2,7,7,8,1,1,1,9,14,3,1,1,NaN,1,3,NaN,,NaN,,NaN,,NaN,NaN,NaN,NaN,1,4,2,1,1,1,1,1,1,1,1,1,1,1,1,1,1,1,1,2,1,1,726882.423,4385948.076,24.275,Cob,17677,0,0,0,16,1
17673,5,2009460006561,3,11,12,3,4,1,1,CV-42,14.9,14,9,0,1,5,3,2,4,3,2,1,1,1,2,2,2,1,5,1,2,1,9,14,3,1,1,NaN,2,NaN,NaN,,21,21,NaN,,NaN,NaN,NaN,NaN,1,4,1,1,1,1,1,1,2,1,1,1,1,1,1,1,1,1,1,2,2,1,723104.915,4350643.395,-9.493,Cob,6943,0,0,0,7,6
17675,5,2009460006574,3,11,12,3,4,1,2,CV-35,3,3,0,1,1,2,3,2,3,4,2,2,2,2,2,2,4,1,5,1,3,1,9,14,3,1,1,NaN,1,3,NaN,,NaN,,NaN,,NaN,NaN,NaN,NaN,1,4,1,1,1,1,1,1,1,1,1,1,1,1,1,1,1,1,2,2,1,1,654462.088,4422571.739,887.738,Per,123057,0,0,1,8,6
17676,5,2009460006580,3,11,15,3,7,3,1,CV-40,1.3,1,3,0,1,2,3,2,3,4,2,2,2,2,2,2,4,1,5,1,1,1,9,14,1,1,1,NaN,2,NaN,NaN,,NaN,,NaN,,NaN,64,60,NaN,1,4,2,1,1,1,1,1,1,1,1,1,1,1,1,1,1,1,1,2,1,1,709267.132,4318438.528,137.086,Cob,21147,0,0,0,9,6
17678,5,2009460006581,3,11,14,3,6,2,2,CV-400,4,4,0,0,1,5,3,2,3,3,2,1,2,1,1,1,5,1,8,1,1,1,9,14,3,1,1,NaN,1,2,NaN,,NaN,,NaN,,NaN,NaN,NaN,NaN,1,4,2,1,1,1,1,1,1,1,1,1,1,1,1,1,1,1,1,2,1,1,723265.684,4365929.024,-2.294,Cob,14293,0,0,0,10,6
17683,5,2009460006584,3,11,12,6,4,1,4,CV-35,4,4,0,1,1,2,3,2,3,4,2,2,2,2,2,2,7,7,8,1,3,1,9,14,3,1,1,NaN,1,5,NaN,,NaN,,NaN,,NaN,NaN,NaN,NaN,2,4,2,1,1,1,1,1,1,1,1,1,1,1,1,1,1,1,1,2,2,2,654769.303,4422941.759,930.62,Per,123057,0,0,1,18,1
17684,5,2009460006609,3,11,16,4,1,1,1,CV-300,8.1,8,1,0,1,5,3,2,3,4,2,2,1,2,1,1,5,6,6,1,1,1,9,14,1,1,1,NaN,2,NaN,NaN,,21,21,NaN,,NaN,NaN,NaN,NaN,1,4,1,1,1,1,1,1,2,1,1,1,1,1,1,1,1,1,1,2,1,1,728706.327,4382029.053,22.249,Cob,12969,0,1,0,13,6
17686,5,2009460006615,3,11,14,3,6,2,2,CV-50,8.8,8,8,0,1,5,3,2,3,3,2,1,2,2,2,2,2,6,3,1,1,1,9,14,1,1,1,NaN,2,1,NaN,,NaN,,NaN,,NaN,NaN,NaN,NaN,1,4,1,1,1,1,1,1,2,1,1,1,1,1,1,1,1,1,1,2,1,1,731006.648,4329035.116,69.881,Cob,9035,0,0,1,8,6
17690,5,2009460006627,3,11,14,6,6,2,2,CV-35,6.5,6,5,0,1,2,3,2,3,4,2,2,2,2,2,2,7,7,8,1,3,1,9,14,2,1,1,NaN,1,4,NaN,,NaN,,NaN,,NaN,NaN,NaN,NaN,1,4,2,1,1,1,1,1,1,1,1,1,1,1,1,1,1,1,1,2,1,1,719331.687,4379566.349,78.228,Per,100390,0,0,3,21,1
17691,5,2009460006639,3,11,16,3,1,1,1,CV-35,16.1,16,1,1,1,2,3,2,3,4,2,1,1,2,1,1,4,1,8,1,1,1,9,14,3,1,1,NaN,2,NaN,NaN,,NaN,,NaN,,NaN,64,60,NaN,1,4,2,1,1,1,1,1,1,1,1,1,1,1,1,1,1,1,1,2,1,1,662701.077,4417314.829,867.675,Per,63924,0,0,0,7,6
17694,5,2009460006642,3,11,16,3,1,4,2,CV-400,1.3,1,3,1,1,5,3,2,3,4,2,1,1,1,1,1,2,1,8,1,1,1,9,14,3,1,1,NaN,1,4,NaN,,NaN,,NaN,,NaN,NaN,NaN,NaN,1,4,2,1,1,1,1,1,1,1,1,1,1,1,1,1,1,1,1,2,2,3,722717.75,4365014.96,-6.756,Pri,30500,0,0,0,10,6
17696,5,2009460006714,3,11,17,6,2,1,2,CV-50,27.1,27,1,1,1,5,3,2,3,3,2,2,2,1,2,2,7,7,8,1,5,1,9,14,3,1,1,NaN,1,4,NaN,,NaN,,NaN,,NaN,NaN,NaN,NaN,1,4,2,1,1,1,1,1,1,1,1,1,1,1,1,1,1,1,1,2,1,1,699481.667,4366101.447,226.263,Sec,21632,0,0,3,18,1
17698,5,2009460006729,3,11,17,6,2,1,2,CV-50,28,28,0,1,1,5,3,2,3,3,2,2,2,1,2,2,7,7,8,1,5,1,9,14,3,1,1,NaN,1,NaN,30,32,NaN,,NaN,,NaN,NaN,NaN,NaN,1,4,1,1,1,1,1,1,2,1,1,1,1,1,1,1,1,1,1,2,1,1,699139.538,4365401.586,246.111,Sec,21632,0,0,0,19,1
17699,5,2009460006778,3,11,14,3,6,1,1,CV-60,29.8,29,8,0,1,5,3,2,3,4,2,2,2,2,2,2,7,7,8,1,1,1,9,14,1,1,1,NaN,1,NaN,NaN,,NaN,,12,9,NaN,NaN,NaN,NaN,1,4,2,1,1,2,1,1,1,1,1,1,1,1,1,1,1,1,1,2,1,1,737045.249,4312036.048,133.197,Cob,12277,0,0,0,7,4
17703,5,2009460006780,3,11,19,6,4,1,4,CV-35,3.8,3,8,1,1,2,3,2,3,4,2,2,2,1,2,2,7,7,5,1,2,1,9,14,2,1,3,NaN,2,4,NaN,,NaN,,NaN,,NaN,NaN,NaN,NaN,1,4,2,1,1,1,1,1,1,1,1,1,1,1,1,1,1,1,1,2,2,1,654684.717,4423088.273,919.616,Per,123057,0,0,0,18,1
17704,5,2009460006786,3,11,19,6,4,1,1,CV-41,16.6,16,6,0,1,5,3,2,3,3,2,1,2,1,2,1,7,7,8,3,5,4,4,14,3,1,1,NaN,1,NaN,NaN,,21,24,NaN,,NaN,NaN,NaN,NaN,1,4,1,1,1,1,1,1,1,1,1,1,1,1,1,2,1,1,1,2,1,1,715817.869,4322515.041,51.998,Cob,8589,0,0,0,20,1
17705,5,2009460006796,3,11,18,4,3,1,1,CV-650,1.5,1,5,1,1,5,3,2,3,3,2,1,1,1,1,1,7,7,8,1,1,1,9,14,3,1,1,NaN,1,NaN,NaN,,NaN,,NaN,,55,NaN,50,NaN,1,4,1,1,1,1,2,1,1,1,1,1,1,1,1,1,1,1,1,2,1,1,708822.885,4301397.246,308.973,Cob,9461,0,0,1,11,2
17706,5,2009460006798,3,11,18,3,3,1,1,CV-50,28.5,28,5,0,1,5,3,2,3,2,2,1,1,2,1,1,5,1,5,9,1,1,9,14,3,1,1,NaN,2,NaN,NaN,,NaN,,NaN,,NaN,NaN,NaN,71,1,4,1,2,1,1,1,1,1,1,1,1,1,1,1,1,1,1,1,2,1,1,716640.566,4340877.496,1.047,Cob,14022,0,0,1,10,6
17707,5,2009460006800,3,11,20,6,5,1,1,CV-610,2.7,2,7,1,1,5,3,1,3,3,2,1,2,1,1,2,7,7,8,1,4,1,9,14,3,1,1,NaN,1,NaN,NaN,,21,24,NaN,,NaN,NaN,NaN,NaN,1,4,1,1,1,1,1,1,1,1,1,1,1,1,1,2,1,1,1,2,1,1,731120.499,4310617.103,191.903,Pri,9241,0,0,0,19,2
17708,5,2009460006803,3,11,21,4,6,2,1,CV-42,13.3,13,3,0,1,5,3,2,3,4,2,1,1,1,1,1,7,7,8,1,1,1,9,14,3,1,1,NaN,2,NaN,NaN,,NaN,,NaN,,NaN,64,60,NaN,1,4,2,1,1,1,1,1,1,1,1,1,1,1,1,1,1,1,1,2,1,1,723118.083,4349080.601,-6.363,Cob,7179,0,0,1,14,1
17710,5,2009460006810,3,11,19,6,4,1,2,CV-410,4.2,4,2,1,1,5,3,2,3,3,2,1,1,1,1,1,1,1,8,1,4,1,9,14,3,1,1,NaN,2,3,NaN,,NaN,,NaN,,NaN,NaN,NaN,NaN,1,4,2,1,1,1,1,1,1,1,1,1,1,1,1,1,1,1,1,2,2,1,717666.213,4369627.498,29.253,Pri,27477,0,0,0,21,6
17712,5,2009460006815,3,11,17,4,2,1,2,CV-31,2.4,2,4,0,1,5,3,2,3,3,2,1,1,1,2,2,3,1,4,1,1,1,2,4,1,1,1,NaN,2,4,NaN,,NaN,,NaN,,NaN,NaN,NaN,NaN,1,4,1,1,1,1,1,2,2,1,1,1,1,1,1,1,1,2,1,2,1,1,720808.076,4376649.133,21.271,Cob,66607,0,0,0,12,6
17714,5,2009460006819,3,11,21,4,6,2,2,CV-512,0.9,0,9,0,1,5,2,2,2,2,2,1,1,1,1,1,1,1,3,1,1,1,9,14,1,1,1,NaN,1,2,NaN,,NaN,,NaN,,NaN,NaN,NaN,NaN,1,4,1,1,1,1,1,1,2,1,1,1,1,1,1,1,1,1,1,2,1,1,723503.788,4341077.654,-4.913,Cob,7610,0,0,0,12,6
17715,5,2009460006822,3,11,21,2,6,2,1,CV-500,13.6,13,6,0,1,5,3,2,3,3,2,1,1,1,2,1,7,7,8,1,5,1,9,14,3,1,1,NaN,2,NaN,NaN,,NaN,,NaN,,NaN,61,60,NaN,1,4,1,1,1,1,1,1,1,1,1,1,1,1,1,1,1,1,2,2,1,1,731613.516,4357391.174,-15.49,Sec,12840,0,0,2,5,2
17717,5,2009460006823,3,11,21,1,6,2,1,CV-50,24.6,24,6,0,1,5,3,2,3,3,2,1,1,2,2,2,7,7,5,1,3,1,9,14,2,1,1,NaN,2,NaN,NaN,,NaN,,NaN,,67,NaN,60,NaN,1,4,2,1,1,1,1,1,1,1,1,1,1,1,1,1,1,1,1,2,1,1,719483.801,4338619.653,-6.888,Sec,24293,0,0,3,1,1
17720,5,2009460006827,3,11,22,6,7,3,2,CV-35,6,6,0,0,1,2,3,2,3,4,2,2,2,1,2,2,7,7,8,1,4,1,9,14,3,1,1,NaN,2,4,NaN,,NaN,,NaN,,NaN,NaN,NaN,NaN,2,4,1,1,1,1,1,1,2,1,1,1,1,1,1,1,1,1,1,2,1,1,719620.885,4379170.261,71.16,Per,100390,0,0,3,18,1
17730,5,2009460006829,3,11,21,6,6,2,3,CV-35,16,16,0,0,1,2,3,2,4,5,2,2,2,1,2,2,4,1,5,1,3,1,9,14,3,1,1,NaN,2,5,NaN,,NaN,,NaN,,NaN,NaN,NaN,NaN,2,4,1,1,1,1,1,1,2,1,1,1,1,1,1,1,1,1,1,2,1,1,711685.092,4384877.705,80.474,Per,63924,0,0,8,18,6
17732,5,2009460006834,3,11,22,6,7,3,2,CV-35,11,11,0,1,1,5,3,2,3,4,2,2,2,1,2,2,7,7,8,1,4,1,9,14,2,1,1,NaN,1,4,NaN,,NaN,,NaN,,NaN,NaN,NaN,NaN,2,4,2,1,1,1,1,1,1,1,1,1,1,1,1,1,1,1,1,2,1,1,660247.686,4420870.323,907.356,Per,93959,0,0,0,22,1
17734,5,2009460006896,3,11,24,3,2,1,2,CV-31,4,4,0,1,1,5,3,2,3,4,2,2,2,1,2,2,7,7,8,1,1,1,9,14,3,1,1,NaN,1,3,NaN,,NaN,,NaN,,NaN,NaN,NaN,NaN,1,4,1,1,1,1,1,1,1,1,1,1,1,1,1,1,1,1,2,2,1,1,721334.08,4375138.45,11.412,Cob,21114,0,0,1,7,1
17737,5,2009460006925,3,11,26,3,4,1,3,CV-35,3.8,3,8,0,1,2,3,2,3,4,2,2,2,1,1,1,7,7,8,1,1,1,9,14,3,1,1,NaN,1,4,NaN,,NaN,,NaN,,NaN,NaN,NaN,NaN,3,4,2,1,1,1,1,1,1,1,1,1,1,1,1,1,1,1,1,2,1,1,720889.128,4377395.294,49.033,Per,123057,0,0,0,9,1
17739,5,2009460006932,3,11,25,4,3,1,2,CV-35,5.9,5,9,0,1,2,3,2,3,4,2,2,2,2,2,2,7,7,8,1,1,1,9,14,3,1,1,NaN,1,3,NaN,,NaN,,NaN,,NaN,NaN,NaN,NaN,1,4,2,1,1,1,1,1,1,1,1,1,1,1,1,1,1,1,1,2,1,1,719679.18,4379089.73,69.664,Per,100390,0,0,1,14,2
17740,5,2009460006964,3,11,26,3,4,1,1,CV-31,3.5,3,5,1,1,5,2,2,3,4,2,1,1,1,2,2,7,7,8,1,1,1,9,14,1,1,1,NaN,2,NaN,NaN,,NaN,,NaN,,67,NaN,60,NaN,1,4,1,1,1,1,1,1,1,1,1,1,1,1,1,1,1,2,1,2,1,1,721093.079,4375572.292,15.444,Cob,21114,0,0,0,9,2
17741,5,2009460006992,3,11,29,3,7,3,1,CV-35,13.4,13,4,1,1,2,3,2,3,4,2,2,2,2,2,2,7,7,8,1,1,1,9,14,3,1,1,NaN,1,NaN,30,30,NaN,,NaN,,NaN,NaN,NaN,NaN,1,4,1,1,2,1,1,1,1,1,1,1,1,1,1,1,1,1,1,2,2,2,661996.928,4419774.555,875.461,Per,97471,0,0,0,8,1
17746,5,2009460007007,3,11,29,6,7,3,3,CV-60,35,35,0,0,1,5,3,2,3,3,2,1,1,1,2,2,7,7,8,1,1,1,9,14,3,1,1,NaN,1,5,NaN,,NaN,,NaN,,NaN,NaN,NaN,NaN,1,4,1,1,1,1,1,1,2,1,1,1,1,1,1,1,1,1,1,2,1,1,741283.468,4313305.414,32.895,Sec,9157,0,0,0,17,1
17747,5,2009460007014,3,11,28,3,6,2,1,CV-41,12.8,12,8,0,1,5,2,3,3,3,2,1,2,1,2,1,7,7,8,1,1,1,9,14,3,1,1,NaN,2,NaN,NaN,,NaN,,NaN,,NaN,64,60,NaN,1,4,2,1,1,1,1,1,1,1,1,1,1,1,1,1,1,1,1,2,3,2,716756.364,4325850.717,31.545,Cob,8589,0,0,1,10,2
17750,5,2009460007034,3,11,28,3,6,2,3,CV-500,7,7,0,1,1,5,1,3,1,1,2,1,1,1,1,1,3,1,8,1,1,1,9,14,3,1,1,NaN,2,5,NaN,,NaN,,NaN,,NaN,NaN,NaN,NaN,1,4,2,1,1,1,1,1,1,1,1,1,1,1,1,1,1,1,1,2,1,1,735407.794,4348313.424,-17.771,Cob,13007,0,0,0,9,6
17751,5,2009460007038,3,11,30,4,1,4,1,CV-41,14.5,14,5,0,1,5,3,2,3,3,2,1,2,1,2,1,7,7,5,1,1,1,9,14,3,1,1,NaN,1,NaN,NaN,,NaN,,NaN,,NaN,64,60,NaN,1,4,2,1,1,1,1,1,1,1,1,1,1,1,1,1,1,1,1,2,1,1,716763.986,4324363.598,40.691,Cob,8589,0,0,1,13,1
17752,5,2009460007039,3,11,29,6,7,3,1,CV-40,12.3,12,3,0,1,2,3,2,3,3,2,2,2,1,2,2,7,7,5,3,5,4,9,14,3,1,1,NaN,1,NaN,NaN,,21,24,NaN,,NaN,NaN,NaN,NaN,1,4,1,1,1,1,1,1,1,1,1,1,1,1,1,2,1,1,1,2,1,1,710358.621,4309395.32,287.827,Cob,17285,0,0,0,21,1
17754,5,2009460007041,3,11,27,3,5,1,2,CV-410,4,4,0,0,1,5,3,2,3,3,2,1,1,2,2,2,5,1,5,1,1,1,9,14,1,1,3,NaN,2,4,NaN,,NaN,,NaN,,NaN,NaN,NaN,NaN,1,4,2,1,1,1,1,1,1,1,1,1,1,1,1,1,1,1,1,2,2,1,717332.473,4372266.354,36.033,Pri,27477,0,0,1,10,6
17756,5,2009460007046,3,11,28,4,6,2,2,CV-365,1.2,1,2,0,1,5,3,2,3,3,2,1,1,1,2,2,1,1,3,1,1,1,9,14,3,1,3,NaN,2,4,NaN,,NaN,,NaN,,NaN,NaN,NaN,NaN,1,4,2,1,1,1,1,1,1,1,1,1,1,1,1,1,1,1,1,2,1,2,720686.371,4376528.597,40.964,Sec,37925,0,0,0,14,6
17760,5,2009460007061,3,11,29,6,7,3,3,CV-35,3.6,3,6,0,1,2,3,2,3,4,2,2,2,2,2,2,7,7,8,3,3,9,9,14,2,1,1,NaN,1,4,NaN,,NaN,,NaN,,NaN,NaN,NaN,NaN,2,4,2,1,1,1,1,1,1,1,1,1,1,1,1,1,1,1,1,2,1,1,720965.851,4377212.512,43.804,Per,123057,0,0,1,18,1
17762,5,2009460007082,3,11,28,4,6,2,2,CV-32,3.4,3,4,1,1,5,3,2,3,3,2,2,2,1,2,2,5,6,3,1,1,1,9,14,1,1,1,NaN,2,3,NaN,,NaN,,NaN,,NaN,NaN,NaN,NaN,1,4,2,1,1,1,1,1,1,1,1,1,1,1,1,1,1,1,1,2,1,1,727336.23,4385175.279,12.859,Cob,16064,0,0,1,11,6
17764,5,2009460007085,3,11,30,4,1,4,2,CV-32,2.4,2,4,1,1,5,3,2,3,3,2,2,2,2,2,2,5,1,8,1,1,1,9,14,1,1,1,NaN,1,3,NaN,,NaN,,NaN,,NaN,NaN,NaN,NaN,1,4,2,1,1,1,1,1,1,1,1,1,1,1,1,1,1,1,1,2,1,1,726824.302,4386000.212,28.836,Per,24274,0,0,0,14,6
17767,5,2009460007106,3,12,1,4,2,1,3,CV-41,4.5,4,5,1,1,5,3,2,3,3,2,1,1,1,2,2,5,1,8,1,1,1,9,14,1,1,3,NaN,2,4,NaN,,NaN,,NaN,,NaN,NaN,NaN,NaN,1,4,2,1,1,1,1,1,1,1,1,1,1,1,1,1,1,1,1,2,1,1,716099.577,4322923.508,48.379,Pri,10102,0,0,1,13,6
17768,5,2009460007108,3,11,28,4,6,1,1,CV-400,0.6,0,6,1,1,5,3,2,3,4,2,2,2,1,1,1,7,7,8,1,1,1,9,14,2,1,1,NaN,2,NaN,NaN,,NaN,,NaN,,57,NaN,50,NaN,1,4,2,1,1,1,1,1,1,1,1,1,1,1,1,1,1,1,1,2,1,1,722215.209,4364736.762,-6.269,Sec,43418,0,0,0,13,1
17771,5,2009460007134,3,12,2,6,3,1,2,CV-33,3.9,3,9,1,1,5,3,2,3,3,2,2,1,2,2,1,6,1,5,3,3,4,9,14,3,1,3,NaN,2,4,NaN,,NaN,,NaN,,NaN,NaN,NaN,NaN,2,4,1,1,1,1,1,2,2,1,1,1,1,1,1,1,1,1,1,2,1,1,717643.885,4369812.578,25.036,Sec,25718,0,0,0,20,6
17773,5,2009460007140,3,12,2,6,3,1,2,CV-35,6.3,6,3,1,1,2,3,2,3,4,2,2,2,2,2,2,7,7,8,1,3,1,9,14,2,1,1,NaN,2,2,NaN,,NaN,,NaN,,NaN,NaN,NaN,NaN,2,4,1,1,1,1,1,1,2,1,1,1,1,1,1,1,1,1,1,2,1,1,656878.781,4422852.981,958.775,Per,100390,0,0,0,19,1
17774,5,2009460007143,3,12,2,3,3,1,1,CV-42,1.5,1,5,0,1,5,2,2,3,3,2,1,1,1,1,1,5,6,4,1,1,1,9,14,1,1,1,NaN,2,NaN,30,32,NaN,,NaN,,NaN,NaN,NaN,NaN,1,4,1,1,1,1,2,1,1,1,1,1,1,1,1,1,1,1,1,2,1,1,720927.428,4339515.31,-5.324,Sec,12128,0,1,0,9,6
17776,5,2009460007164,3,12,3,6,4,1,2,CV-30,0.1,0,1,1,1,2,3,2,3,4,2,2,2,2,2,2,7,7,8,1,4,1,9,14,1,1,1,NaN,2,3,NaN,,NaN,,NaN,,NaN,NaN,NaN,NaN,1,4,2,1,1,1,1,1,1,1,1,1,1,1,1,1,1,1,1,2,2,2,722741.811,4375351.493,15.173,Pri,71589,0,0,0,18,1
17777,5,2009460007175,3,10,26,4,1,4,1,CV-41,19.3,19,3,1,1,5,3,2,3,2,2,1,2,2,1,1,5,1,4,1,1,1,9,14,1,1,1,NaN,2,NaN,NaN,,NaN,,12,9,NaN,NaN,NaN,NaN,1,4,1,1,1,1,1,1,1,2,1,1,1,1,1,1,1,1,1,2,1,1,721089.542,4335167.007,-1.328,Cob,8589,0,0,0,11,6
17779,5,2009460007186,3,12,4,6,5,1,2,CV-35,3.5,3,5,0,1,5,3,2,3,3,2,2,2,2,2,2,7,7,8,1,3,1,9,14,3,1,1,NaN,1,4,NaN,,NaN,,NaN,,NaN,NaN,NaN,NaN,2,4,2,1,1,1,1,1,1,1,1,1,1,1,1,1,1,1,1,2,1,1,721004.664,4377121.261,41.494,Per,123057,0,0,1,18,1
17780,5,2009460007189,3,12,6,2,7,3,1,CV-567,1.5,1,5,1,1,5,2,2,4,1,2,1,1,1,1,1,7,7,8,1,4,1,2,14,1,1,1,NaN,2,NaN,NaN,,NaN,,NaN,,NaN,62,60,NaN,1,4,2,1,1,2,1,1,1,1,1,1,1,1,1,1,1,1,1,2,1,1,712413.054,4318316.569,93.434,Cob,2327,0,0,1,6,2
17781,5,2009460007193,3,12,6,4,7,3,1,CV-590,39.5,39,5,0,1,5,1,3,3,1,2,1,1,1,1,1,7,7,8,1,1,1,9,14,1,1,1,NaN,2,NaN,NaN,,NaN,,NaN,,68,NaN,60,NaN,1,4,1,1,1,1,1,2,1,1,1,1,1,1,1,1,1,1,1,2,1,1,694496.688,4313181.301,509.634,Cob,815,0,1,0,13,5
17785,5,2009460007195,3,12,3,5,4,1,2,CV-50,75,75,0,1,1,5,3,2,3,3,2,1,1,2,1,1,6,5,3,1,1,1,9,14,1,1,1,NaN,1,2,NaN,,NaN,,NaN,,NaN,NaN,NaN,NaN,1,4,1,1,1,1,1,1,1,1,1,1,1,1,1,1,1,1,2,2,1,1,723682.034,4334673.244,7.337,Cob,5309,0,0,1,15,6
17789,5,2009460007217,3,12,8,6,2,3,1,CV-81,0.1,0,1,1,1,5,3,2,3,4,2,1,2,2,2,1,7,7,8,1,4,1,2,14,1,1,1,NaN,2,NaN,NaN,,NaN,,NaN,,NaN,54,50,NaN,1,4,1,1,1,1,1,2,1,1,1,1,1,1,1,1,1,1,1,2,1,1,672917.4,4276858.212,533.485,Cob,19325,0,0,2,18,4
17791,5,2009460007225,3,12,8,5,2,3,2,CV-35,14,14,0,0,1,2,3,2,3,5,2,2,2,1,2,2,7,7,8,1,1,1,9,14,3,1,3,NaN,2,NaN,NaN,,NaN,,NaN,,NaN,52,50,NaN,1,4,1,1,1,1,1,1,2,1,1,1,1,1,1,1,1,1,1,2,1,1,713277.181,4383701.383,85.48,Per,80544,0,0,0,15,1
17793,5,2009460007229,3,12,7,3,1,1,2,CV-42,18.1,18,1,0,1,5,3,2,3,4,2,2,2,1,2,2,3,1,8,1,1,1,9,14,1,1,1,NaN,1,4,NaN,,NaN,,NaN,,NaN,NaN,NaN,NaN,1,4,2,1,1,1,1,1,1,1,1,1,1,1,1,1,1,1,1,2,1,1,723421.308,4353666.458,-6.406,Cob,12606,0,0,0,8,6
17795,5,2009460007246,3,12,8,5,2,3,2,CV-25,0,0,0,0,1,5,3,2,3,3,2,2,2,2,2,2,5,1,8,1,1,1,9,14,1,1,1,NaN,2,3,NaN,,NaN,,NaN,,NaN,NaN,NaN,NaN,1,4,2,1,1,1,1,1,1,1,1,1,1,1,1,1,1,1,1,2,2,1,706970.942,4390506.549,156.656,Sec,10874,0,0,0,16,6
17797,5,2009460007266,3,12,9,5,3,1,2,CV-32,0.1,0,1,0,1,5,2,2,3,3,2,1,2,1,2,1,5,1,8,1,1,1,9,14,3,1,1,NaN,2,4,NaN,,NaN,,NaN,,NaN,NaN,NaN,NaN,1,4,2,1,1,1,1,1,1,1,1,1,1,1,1,1,1,1,1,2,2,1,732487.812,4381701.311,-18.875,Per,24274,0,0,0,15,6
17798,5,2009460007323,3,12,10,6,4,1,1,CV-590,56.6,56,6,0,1,5,3,2,3,3,2,1,2,1,1,2,7,7,8,1,5,1,9,14,1,1,1,NaN,1,NaN,NaN,,NaN,,NaN,,66,NaN,60,NaN,1,4,1,1,1,1,1,2,1,1,1,1,1,1,1,1,1,1,1,2,1,1,705986.787,4321101.117,167.747,Sec,6500,0,0,1,19,2
17800,5,2009460007333,3,12,10,6,4,1,2,CV-365,0.9,0,9,1,1,5,3,2,3,3,2,2,2,1,2,2,4,1,8,1,3,1,9,14,2,1,1,NaN,1,4,NaN,,NaN,,NaN,,NaN,NaN,NaN,NaN,1,4,1,1,1,1,1,1,2,1,1,1,1,1,1,1,1,1,1,2,1,2,719096.409,4376822.954,38.044,Sec,37925,0,0,0,19,6
17801,5,2009460007335,3,12,10,6,4,1,1,CV-33,3.3,3,3,1,1,5,3,2,3,4,2,2,2,1,2,2,7,7,8,1,2,1,9,14,3,1,1,NaN,1,NaN,NaN,,21,24,NaN,,NaN,NaN,NaN,NaN,1,4,1,1,1,1,1,1,1,1,1,1,1,1,1,1,1,1,2,2,1,1,717463.279,4370374.051,29.246,Cob,22232,0,0,0,17,1
17803,5,2009460007337,3,12,10,5,4,1,2,CV-400,2.1,2,1,0,1,5,3,2,3,3,2,2,2,1,2,2,5,1,8,1,1,1,9,14,1,1,1,NaN,1,2,NaN,,NaN,,NaN,,NaN,NaN,NaN,NaN,1,4,2,1,1,1,1,1,2,1,1,1,1,1,1,1,1,1,1,2,1,2,723583.457,4367706.338,-0.88,Cob,22509,0,0,2,15,6
17806,5,2009460007354,3,12,11,6,5,1,1,CV-81,10.9,10,9,0,1,5,3,1,3,2,2,1,2,2,2,2,7,7,5,1,5,1,9,14,1,1,1,NaN,2,NaN,NaN,,NaN,,NaN,,NaN,62,60,NaN,1,4,2,1,2,1,1,1,1,1,1,1,1,1,1,1,1,1,1,2,2,3,709470.106,4295905.243,497.665,Cob,5383,0,0,1,19,1
17807,5,2009460007356,3,12,11,6,5,1,1,CV-645,0,0,0,1,1,5,3,2,3,3,2,1,1,2,1,1,5,1,4,3,4,1,2,14,1,1,1,NaN,2,NaN,NaN,,NaN,,12,9,NaN,NaN,NaN,NaN,1,4,1,1,1,1,1,1,1,2,1,1,1,1,1,1,1,1,1,1,1,1,714755.624,4319457.267,70.296,Cob,12010,0,0,0,18,6
17808,5,2009460007360,3,12,13,1,7,3,1,CV-500,23.1,23,1,1,1,5,3,2,3,3,2,1,2,1,1,1,7,7,8,1,5,1,9,14,3,1,1,NaN,1,NaN,NaN,,NaN,,NaN,,56,NaN,50,NaN,1,4,1,1,2,1,1,2,1,1,1,1,1,1,1,1,1,1,1,2,1,1,729775.573,4362463.677,-20.407,Cob,7864,0,0,2,4,1