Id,Ano,Numero_Accidente,Provincia,Mes,Dia,Hora,Dia_Semana,Tipo_Dia,Vehiculos_Implicados,Carretera,Pk,Km,Hm,Sentido,Zona,Tipo_Via,Anchura_Calzada,Anchura_Carril,Marcas_Viales,Arcen,Arcen_Pavimentado,Mediana,Barrera_Seguridad,Paneles_Direccionales,Hitos_Arista,Captafaros,Interseccion_Tipo,Interseccion_Acondicionamiento,Prioridad_Regulada_por,Superficie,Luminosidad,Factores_Atmosfericos,Visibilidad_Restringida_por,Otras_Circunstancias,Senalizacion_Peligro,Aceras,Arboles,Arboles_Metros_Calzada,Visibilidad_Senalizacion_Vertical,Colision_Vehiculos_Marcha,Colision_Vehiculo_Obstaculo_1,Colision_Vehiculo_Obstaculo_2,Atropello_1,Atropello_2,Vuelco_1,Vuelco_2,Salida_Sin_Colision,Salida_Con_Colision,Lado_Salida,Otro,Circulacion,Circulacion_Medidas_Especiales,Distraccion,Inexperiencia_Conductor,Alcohol_Drogas,Cansancio_Sueno,Enfermedad,Velocidad_Inadecuada,Infraccion_Norma_Circulacion,Estado_Condicion_Via,Estado_Condicion_Senalizacion,Tramo_Obras,Mal_Estado_Vehiculo,Averia_Mecanica,Meteorologia_Adversa,Irrupcion_Animal,Circular_Sentido_Contrario,Otro_Factor,Sin_Opinion_Definida,Pendiente,Curvatura,Peralte,GPS_x,GPS_y,GPS_z,Tipo_Est,IMD,N_Muertos,N_Graves,N_Leves,Hora_Real,Fuera_o_Interseccion
17810,5,2009460007363,3,12,12,3,6,2,2,CV-50,28.5,28,5,0,1,2,3,2,3,4,2,2,2,2,2,2,5,1,4,1,1,1,9,14,1,1,1,NaN,2,4,NaN,,NaN,,NaN,,NaN,NaN,NaN,NaN,1,4,2,1,2,1,1,1,1,1,1,1,1,1,1,1,1,1,1,2,1,1,716640.566,4340877.496,1.047,Cob,14022,0,0,0,8,6
17811,5,2009460007409,3,12,14,3,1,1,1,CV-32,6.7,6,7,0,1,5,3,2,3,4,2,2,2,2,2,2,7,7,8,3,1,4,9,14,3,1,1,NaN,2,NaN,NaN,,NaN,,NaN,,NaN,64,60,NaN,1,4,1,1,1,1,1,2,1,1,1,1,1,1,1,1,1,1,1,2,1,1,727422.369,4384906.1,7.457,Sec,17955,0,1,0,10,1
17813,5,2009460007410,3,12,11,4,5,1,2,CV-300,4.5,4,5,1,1,5,3,2,3,3,2,2,2,2,2,2,5,1,8,1,1,1,9,14,3,1,1,NaN,1,2,NaN,,NaN,,NaN,,NaN,NaN,NaN,NaN,1,4,2,1,1,1,1,1,1,1,1,1,1,1,1,1,1,1,1,2,1,1,728810.382,4382444.427,44.61,Cob,18618,0,0,0,11,6
17816,5,2009460007413,3,12,11,4,5,1,3,CV-41,1.3,1,3,1,1,5,3,2,3,3,2,1,1,1,1,1,7,7,8,1,1,1,9,14,3,1,1,NaN,2,5,NaN,,NaN,,NaN,,NaN,NaN,NaN,NaN,1,4,2,1,1,1,1,1,1,1,1,1,1,1,1,1,1,1,1,2,1,1,715509.698,4319969.783,62.722,Cob,13838,0,0,0,14,1
17818,5,2009460007419,3,12,14,3,1,4,2,CV-686,2.8,2,8,0,1,5,3,2,3,3,2,1,1,1,2,2,5,1,3,3,1,5,9,14,1,1,1,NaN,1,4,NaN,,NaN,,NaN,,NaN,NaN,NaN,NaN,1,4,2,1,1,1,1,1,1,1,1,1,1,1,1,1,1,1,1,2,1,1,743244.431,4315324.802,13.458,Cob,18016,0,0,0,10,6
17820,5,2009460007486,3,12,15,4,2,1,2,CV-610,9,9,0,0,1,5,3,1,3,3,2,1,1,1,1,1,1,1,3,1,1,1,2,14,1,1,1,NaN,1,2,NaN,,NaN,,NaN,,NaN,NaN,NaN,NaN,1,4,2,1,1,1,1,1,1,1,1,1,1,1,1,1,1,1,1,2,2,3,722061.429,4317074.799,239.718,Cob,5188,0,0,0,13,6
17822,5,2009460007491,3,12,7,6,1,2,2,CV-500,8,8,0,0,1,5,3,2,3,3,2,1,1,1,2,2,7,7,8,1,4,1,9,14,3,1,2,2,1,3,NaN,,NaN,,NaN,,NaN,NaN,NaN,NaN,1,4,1,1,2,1,1,1,2,1,1,1,1,1,1,1,1,1,1,2,1,1,729850.588,4362237.594,-18.137,Cob,13007,0,0,1,21,1
17823,5,2009460007493,3,12,13,1,7,3,1,CV-590,50,50,0,0,1,5,3,2,3,3,2,1,1,1,2,1,7,7,8,1,5,1,9,14,3,1,2,4,1,NaN,NaN,,21,24,NaN,,NaN,NaN,NaN,NaN,1,4,1,1,1,1,1,1,1,1,1,1,1,1,1,2,1,1,1,2,1,1,701105.613,4318039.338,262.922,Cob,5790,0,0,0,4,1
17824,5,2009460007495,3,12,14,5,1,4,1,CV-33,3.4,3,4,0,1,5,3,2,3,4,2,2,1,1,2,2,3,1,8,1,1,1,9,14,3,1,1,NaN,1,NaN,NaN,,NaN,,NaN,,NaN,62,60,NaN,1,4,2,1,1,1,1,1,1,1,1,1,1,1,2,1,1,1,1,2,1,1,721776.931,4364940.055,2.034,Cob,22232,0,0,0,16,6
17825,5,2009460007509,3,12,15,4,2,1,1,CV-686,3.5,3,5,0,1,5,2,2,3,3,2,1,1,1,1,1,7,7,8,1,1,1,9,14,3,1,1,NaN,1,NaN,NaN,,21,24,NaN,,NaN,NaN,NaN,NaN,1,4,1,1,1,1,1,1,1,1,1,1,1,1,1,2,1,1,1,2,2,1,743608.789,4315901.824,7.837,Cob,18016,0,0,0,11,1
17828,5,2009460007550,3,12,14,3,1,4,3,CV-35,7.5,7,5,1,1,2,3,2,3,4,2,2,2,2,2,2,4,1,8,3,1,1,9,14,3,1,1,NaN,2,3,NaN,,NaN,,NaN,,NaN,NaN,NaN,NaN,2,4,2,1,1,1,1,1,1,1,1,1,1,1,1,1,1,1,1,2,1,1,657288.993,4422159.092,997.793,Per,97430,0,0,0,9,6
17829,5,2009460007552,3,12,13,6,7,3,1,CV-35,3.2,3,2,1,1,2,3,2,3,3,2,2,2,2,2,2,7,7,5,3,1,4,4,4,1,1,3,NaN,2,NaN,NaN,,NaN,,NaN,,NaN,54,50,NaN,1,4,1,1,1,1,1,2,1,2,1,1,1,1,2,1,1,1,1,2,1,1,654390.753,4422745.389,898.869,Per,123057,0,0,0,17,5
17830,5,2009460007556,3,12,14,4,1,4,1,CV-365,0.5,0,5,0,1,5,3,2,3,4,2,2,2,1,2,2,7,7,8,3,1,5,4,13,1,1,3,NaN,2,NaN,NaN,,NaN,,NaN,,NaN,62,60,NaN,1,4,1,1,1,1,1,1,1,1,1,1,1,1,1,1,1,1,2,2,1,2,721306.014,4376837.785,32.757,Cob,35825,0,0,1,14,5
17832,5,2009460007560,3,12,14,5,1,4,2,CV-365,0.5,0,5,1,1,5,3,2,3,4,2,2,2,1,2,2,7,7,8,3,1,5,4,14,3,1,3,NaN,2,3,NaN,,NaN,,NaN,,NaN,NaN,NaN,NaN,1,4,2,1,1,1,1,2,1,1,1,1,1,1,2,1,1,1,1,2,1,1,718773.895,4376600.622,36.801,Cob,35825,0,0,1,16,2
17833,5,2009460007564,3,12,14,6,1,4,1,CV-35,4.3,4,3,1,1,2,3,2,3,5,2,2,2,1,2,2,7,7,8,3,2,4,4,14,2,1,3,NaN,1,NaN,NaN,,NaN,,12,9,NaN,NaN,NaN,NaN,1,4,1,1,1,1,1,1,1,1,1,1,1,1,1,1,1,1,2,2,1,1,655056.332,4422979.715,944.805,Per,123057,0,0,0,17,1
17845,5,2009460007568,3,12,14,6,1,4,4,CV-35,16,16,0,0,1,2,3,2,3,5,2,2,2,1,2,2,7,7,8,3,3,6,9,14,3,1,3,NaN,2,5,NaN,,NaN,,NaN,,NaN,NaN,NaN,NaN,2,4,1,1,1,1,1,1,1,1,1,1,1,1,1,1,1,1,2,2,1,1,711685.092,4384877.705,80.474,Per,63924,0,0,3,18,1
17847,5,2009460007599,3,12,15,6,2,1,2,CV-42,0,0,0,1,1,5,3,2,3,3,2,2,2,1,2,2,5,1,4,1,3,1,9,14,1,1,1,NaN,2,4,NaN,,NaN,,NaN,,NaN,NaN,NaN,NaN,1,4,2,1,1,1,1,1,1,1,1,1,1,1,1,1,1,1,1,2,1,1,723747.985,4354934.964,-10.971,Sec,12128,0,0,0,20,6
17848,5,2009460007603,3,12,14,4,1,4,1,CV-31,2.5,2,5,1,1,5,3,2,3,4,2,2,2,2,2,2,7,7,8,3,1,5,4,14,1,1,3,NaN,2,NaN,NaN,,NaN,,NaN,,NaN,64,60,NaN,1,4,1,1,1,1,1,2,1,2,1,1,1,1,2,1,1,1,1,2,1,1,720788.191,4376506.447,23.135,Cob,66607,0,0,0,11,5
17850,5,2009460007604,3,12,14,4,1,1,2,CV-50,73.5,73,5,0,1,5,3,2,3,4,2,1,2,1,2,2,6,6,3,3,1,4,9,14,1,1,1,NaN,2,2,NaN,,NaN,,NaN,,NaN,NaN,NaN,NaN,1,4,1,1,1,1,1,1,1,1,1,1,1,1,1,1,1,1,2,2,1,1,698633.775,4372554.643,206.618,Cob,5309,0,0,0,11,6
17851,5,2009460007644,3,12,18,6,5,1,1,CV-41,9.9,9,9,1,1,5,3,2,3,3,2,1,1,1,2,1,7,7,8,1,4,4,9,14,3,1,1,NaN,1,NaN,NaN,,NaN,,NaN,,56,NaN,50,NaN,1,4,1,1,1,1,1,2,1,1,1,1,1,1,2,1,1,1,1,2,1,1,717864.346,4327446.576,17.764,Sec,6646,0,0,0,20,1
17852,5,2009460007645,3,12,18,3,5,1,1,CV-40,10,10,0,0,1,2,3,2,3,4,2,2,2,1,2,2,7,7,8,1,4,1,9,14,3,1,1,NaN,1,NaN,NaN,,21,24,NaN,,NaN,NaN,NaN,NaN,1,4,1,1,1,1,1,1,1,1,1,1,1,1,1,2,1,1,1,2,1,2,710271.897,4311490.81,301.076,Per,22222,0,0,0,7,1
17853,5,2009460007646,3,12,18,4,5,1,1,CV-550,5.8,5,8,0,1,5,2,2,3,3,2,1,1,1,1,1,7,7,5,1,1,1,9,14,3,1,3,NaN,2,NaN,NaN,,21,24,NaN,,NaN,NaN,NaN,NaN,1,4,1,1,1,1,1,1,1,1,1,1,1,1,1,2,1,1,1,2,1,1,719321.889,4336006.97,-10.395,Cob,10950,0,0,0,12,1
17857,5,2009460007649,3,12,17,3,4,1,3,CV-35,3.9,3,9,1,1,2,3,2,3,4,2,2,1,1,2,1,7,7,8,1,3,1,9,13,1,1,1,NaN,1,5,NaN,,NaN,,NaN,,NaN,NaN,NaN,NaN,2,4,1,1,1,1,1,1,1,1,1,1,1,1,1,1,1,1,2,2,1,1,654724.114,4423023.536,924.752,Per,123057,0,0,0,8,1
17860,5,2009460007650,3,12,17,6,4,1,3,CV-35,3,3,0,1,1,2,3,2,3,4,2,2,2,2,2,2,7,7,8,1,3,1,9,14,1,1,1,NaN,1,5,NaN,,NaN,,NaN,,NaN,NaN,NaN,NaN,2,4,2,1,1,1,1,1,2,1,1,1,1,1,1,1,1,1,1,2,1,1,654462.088,4422571.739,887.738,Per,123057,0,0,0,17,1
17866,5,2009460007651,3,12,17,6,4,1,4,CV-35,3.3,3,3,1,1,2,3,2,3,4,2,2,2,1,2,2,7,7,8,1,3,1,9,14,3,1,1,NaN,1,5,NaN,,NaN,,NaN,,NaN,NaN,NaN,NaN,1,4,2,1,1,1,1,1,1,1,1,1,1,1,1,1,1,1,1,2,1,1,654360.403,4422825.128,901.336,Per,123057,0,0,0,19,1
17867,5,2009460007657,3,12,20,2,7,3,1,CV-585,0.8,0,8,1,1,5,3,2,3,3,2,1,1,1,1,1,7,7,8,1,5,1,9,14,3,1,1,NaN,1,NaN,NaN,,NaN,,NaN,,NaN,62,60,NaN,1,4,2,1,2,1,1,1,1,1,1,1,1,1,1,1,1,1,1,2,1,2,707901.473,4317791.649,147.605,Cob,3105,0,0,0,6,1
17871,5,2009460007659,3,12,19,1,6,2,1,CV-50,15,15,0,1,1,5,3,2,3,4,2,1,1,1,2,2,7,7,5,1,5,1,9,14,3,1,1,NaN,2,NaN,NaN,,21,24,NaN,,NaN,NaN,NaN,NaN,1,4,1,1,1,1,1,1,1,1,1,1,1,1,1,2,1,1,1,2,1,1,700178.095,4376591.307,200.736,Cob,9035,0,0,0,23,1
17877,5,2009460007665,3,12,18,6,5,1,6,CV-35,4.9,4,9,1,1,2,3,2,3,4,2,2,2,1,2,2,7,7,8,3,3,4,9,14,3,1,1,NaN,1,5,NaN,,NaN,,NaN,,NaN,NaN,NaN,NaN,1,4,2,1,1,1,1,1,1,1,1,1,1,1,1,1,1,1,1,2,1,1,655612.797,4422957.061,938.301,Per,85829,0,0,4,19,1
17879,5,2009460007670,3,12,18,4,5,1,2,CV-400,2,2,0,1,1,5,2,2,3,2,2,1,1,1,1,1,5,1,4,1,1,1,9,14,1,1,1,NaN,2,4,NaN,,NaN,,NaN,,NaN,NaN,NaN,NaN,1,4,2,1,2,1,1,1,1,1,1,1,1,1,1,1,1,1,1,2,1,1,723067.319,4365593.946,-4.043,Pri,30500,0,0,0,12,6
17880,5,2009460007712,3,12,21,4,1,4,1,CV-60,6.4,6,4,0,1,5,3,2,3,4,2,1,2,1,2,2,7,7,5,3,1,9,9,14,3,1,1,NaN,1,NaN,30,30,NaN,,NaN,,NaN,NaN,NaN,NaN,1,4,1,1,1,1,2,1,1,1,1,1,1,1,1,1,1,1,1,2,1,1,716228.279,4308439.9,175.286,Cob,7811,0,0,2,11,2
17881,5,2009460007716,3,12,18,2,5,1,1,CV-35,11.1,11,1,0,1,2,3,2,3,4,2,2,2,2,2,2,7,7,8,1,3,1,9,14,3,1,1,NaN,1,NaN,NaN,,NaN,,NaN,,NaN,52,50,NaN,1,4,1,1,1,1,1,1,1,1,1,1,1,1,1,1,1,1,2,2,1,1,715449.861,4381980.003,87.991,Per,93959,0,0,1,5,1
17882,5,2009460007756,3,12,22,6,2,1,1,CV-645,0.4,0,4,1,1,5,3,2,3,3,2,1,1,2,1,1,3,1,8,3,1,9,9,14,1,1,1,NaN,2,NaN,NaN,,NaN,,NaN,,66,NaN,60,NaN,1,4,1,1,1,1,1,2,1,1,1,1,1,1,1,1,1,1,1,2,1,1,714515.915,4319398.055,72.16,Cob,12010,0,0,2,17,6
17883,5,2009460007761,3,12,18,1,5,1,1,CV-31,2.7,2,7,0,1,5,2,2,3,1,2,1,1,2,2,1,7,7,8,3,3,1,9,14,1,1,1,NaN,1,NaN,NaN,,NaN,,NaN,,NaN,64,60,NaN,1,4,1,2,1,1,1,2,1,1,1,1,1,1,1,1,1,1,1,2,1,1,720776.213,4376944.855,29.949,Cob,66607,0,0,0,23,2
17884,5,2009460007762,3,12,22,4,2,1,1,CV-40,10.5,10,5,0,1,2,3,2,3,4,2,2,2,1,2,2,7,7,8,3,1,1,9,14,3,1,1,NaN,1,NaN,NaN,,21,24,NaN,,NaN,NaN,NaN,NaN,1,4,1,1,1,1,1,1,1,1,1,1,1,1,1,2,1,1,1,2,1,1,710442.037,4311132.579,302.214,Per,22222,0,0,0,13,1
17885,5,2009460007764,3,12,21,3,1,4,1,CV-610,3.3,3,3,1,1,5,3,2,3,3,2,2,1,2,1,2,5,1,4,3,1,4,2,14,1,1,1,NaN,2,NaN,NaN,,NaN,,NaN,,NaN,61,60,NaN,1,4,1,1,1,1,1,2,1,1,1,1,1,1,2,1,1,1,1,2,1,1,730755.306,4311013.993,207.242,Pri,9241,0,0,1,9,6
17889,5,2009460007768,3,12,21,4,1,4,3,CV-81,3,3,0,0,1,5,3,2,3,3,2,1,2,2,1,1,5,1,4,1,1,1,9,14,1,1,1,NaN,2,NaN,30,29,NaN,,NaN,,NaN,NaN,NaN,NaN,1,4,2,1,1,1,1,1,1,1,1,1,1,1,1,1,1,1,1,2,1,1,709749.177,4300214.012,337.261,Sec,13265,0,0,1,14,6
17890,5,2009460007770,3,12,22,6,2,1,1,CV-35,27.8,27,8,0,1,2,3,2,3,5,2,2,2,1,2,2,7,7,8,1,4,1,9,14,3,1,3,NaN,2,NaN,NaN,,21,24,NaN,,NaN,NaN,NaN,NaN,1,4,1,1,1,1,1,1,1,1,1,1,1,1,1,2,1,1,1,2,1,1,704143.916,4390837.511,149.085,Per,15701,0,0,0,21,1
17894,5,2009460007771,3,12,21,3,1,4,3,CV-645,2.7,2,7,1,1,5,3,2,3,3,2,1,2,1,2,2,7,7,8,3,1,4,9,14,1,1,1,NaN,2,5,NaN,,NaN,,NaN,,NaN,NaN,NaN,NaN,1,4,1,1,1,1,1,1,2,1,1,1,1,1,1,1,1,1,1,2,1,1,713031.316,4318001.204,101.314,Cob,12010,0,0,1,9,1
17896,5,2009460007777,3,12,20,6,7,3,2,CV-35,10.9,10,9,1,1,2,3,2,3,4,2,2,2,2,2,2,7,7,8,1,3,1,9,14,3,1,1,NaN,1,4,NaN,,NaN,,NaN,,NaN,NaN,NaN,NaN,1,4,1,1,1,1,1,1,1,1,1,1,1,1,1,1,1,1,2,2,1,1,660161.248,4420916.92,908.384,Per,93959,0,0,0,18,1
17902,5,2009460007787,3,12,21,6,1,1,6,CV-35,15.5,15,5,0,1,2,3,2,3,4,2,2,2,2,2,2,4,6,8,3,3,4,9,14,1,1,1,NaN,1,5,NaN,,NaN,,NaN,,NaN,NaN,NaN,NaN,2,4,1,1,1,1,1,1,1,1,1,1,1,1,1,1,1,1,2,2,1,1,712061.948,4384555.19,87.592,Per,80544,0,0,2,19,6
17905,5,2009460007803,3,12,22,3,2,1,2,CV-400,1.3,1,3,1,1,5,3,2,3,4,2,1,1,2,1,1,5,6,8,1,1,4,9,14,3,1,1,NaN,1,4,NaN,,NaN,,NaN,,NaN,NaN,NaN,NaN,1,4,2,1,1,1,1,1,1,1,1,1,1,1,1,1,1,1,1,2,2,3,722717.75,4365014.96,-6.756,Pri,30500,0,0,0,9,6
17906,5,2009460007805,3,12,23,3,3,1,1,CV-60,11,11,0,0,1,5,1,1,3,3,2,1,1,1,2,2,4,1,8,1,1,4,9,14,3,1,3,NaN,1,NaN,NaN,,NaN,,NaN,,NaN,61,60,NaN,1,4,1,1,1,1,1,1,1,1,1,1,1,2,1,1,1,1,1,2,1,1,720668.935,4307691.731,199.105,Cob,9923,0,0,0,10,6
17908,5,2009460007811,3,12,24,6,4,2,2,CV-666,1,1,0,0,1,5,2,2,3,3,2,1,2,2,1,1,7,7,8,1,2,1,2,14,3,1,1,NaN,2,1,NaN,,NaN,,NaN,,NaN,NaN,NaN,NaN,1,4,1,1,1,1,1,1,2,1,1,1,1,1,1,1,1,1,1,2,2,3,714437.657,4301688.193,306.874,NaN,0,0,0,3,18,5
17909,5,2009460007818,3,12,24,6,4,2,1,CV-40,2.3,2,3,1,1,2,3,2,3,3,2,2,2,2,2,2,7,7,8,3,5,1,9,14,3,1,1,NaN,2,NaN,NaN,,21,24,NaN,,NaN,NaN,NaN,NaN,1,4,1,1,1,1,1,1,1,1,1,1,1,1,1,2,1,1,1,2,1,1,714127.51,4300989.712,318.947,Cob,21147,0,0,0,20,1
17910,5,2009460007829,3,12,24,3,4,2,1,CV-40,4.2,4,2,0,1,2,3,2,3,4,2,2,2,1,2,2,7,7,5,3,1,1,9,14,3,1,1,NaN,2,NaN,NaN,,NaN,,NaN,,NaN,52,50,NaN,1,4,2,1,1,1,1,1,1,1,1,1,1,1,1,1,1,1,1,2,1,1,711082.288,4316386.749,121.864,Per,22222,0,0,1,9,1
17912,5,2009460007834,3,12,23,6,3,1,2,CV-36,2,2,0,1,1,2,3,2,3,4,2,2,2,2,2,2,3,1,8,1,1,1,9,14,3,1,1,NaN,1,NaN,30,32,NaN,,NaN,,NaN,NaN,NaN,NaN,1,4,1,1,1,1,1,1,1,1,1,1,1,1,1,1,1,2,1,2,1,1,718416.733,4369313.526,15.587,Pri,68545,0,0,0,17,6
17914,5,2009460007836,3,12,18,6,5,3,2,CV-35,5,5,0,1,1,2,3,2,3,4,2,2,2,1,2,2,7,7,8,1,5,1,9,14,3,1,1,NaN,1,3,NaN,,NaN,,NaN,,NaN,NaN,NaN,NaN,1,4,1,1,1,1,1,1,1,1,1,1,1,1,1,1,1,1,2,2,1,1,655684.852,4423022.859,935.81,Per,85829,0,0,0,20,1
17915,5,2009460007846,3,12,26,4,6,2,1,CV-585,3,3,0,0,1,5,2,2,3,3,2,1,1,1,1,1,7,7,8,3,1,4,9,14,1,1,1,NaN,2,NaN,NaN,,NaN,,NaN,,66,NaN,60,NaN,1,4,1,1,1,1,1,2,1,1,1,1,1,1,1,1,1,1,1,2,1,1,705539.784,4318706.702,225.166,Cob,3105,0,0,1,12,4
17919,5,2009460007850,3,12,26,1,6,2,2,CV-500,11.5,11,5,0,1,5,3,2,3,3,2,1,1,1,2,1,7,7,8,1,5,4,9,14,3,1,1,NaN,2,1,NaN,,NaN,,NaN,,NaN,NaN,NaN,NaN,1,4,2,2,2,2,1,1,1,1,1,1,1,1,2,1,1,1,1,2,1,1,730728.159,4359232.147,-16.024,Sec,12840,0,0,4,4,1
17920,5,2009460007851,3,12,26,6,6,2,1,CV-35,9.6,9,6,1,1,2,3,2,3,4,2,2,2,2,2,2,7,7,8,3,3,4,2,14,1,1,1,NaN,2,NaN,30,30,NaN,,NaN,,NaN,NaN,NaN,NaN,1,4,1,1,2,1,1,2,1,1,1,1,1,1,1,1,1,1,1,2,1,1,659017.134,4421480.576,938.008,Per,62420,0,0,0,22,2
17921,5,2009460007859,3,12,24,6,4,2,1,CV-31,2,2,0,0,1,5,2,2,3,3,2,1,2,2,2,2,7,7,8,3,3,1,9,14,3,1,1,NaN,1,NaN,NaN,,NaN,,NaN,,NaN,63,60,NaN,1,4,1,1,1,1,1,2,1,2,1,1,1,1,2,1,1,1,1,2,1,1,720883.481,4376267.103,21.509,Cob,40216,0,0,1,18,2
17922,5,2009460007870,3,12,27,3,7,3,1,CV-610,15.1,15,1,0,1,5,2,3,3,1,2,1,1,2,1,1,7,7,8,1,1,1,9,14,1,1,1,NaN,2,NaN,NaN,,NaN,,NaN,,58,NaN,50,NaN,1,4,1,1,1,1,1,1,1,1,1,1,1,1,1,1,1,2,1,2,1,3,726797.701,4313958.767,223.655,Cob,2999,0,0,0,8,4
17923,5,2009460007881,3,12,24,4,4,2,1,CV-365,0.5,0,5,0,1,5,3,2,3,4,2,2,2,2,2,2,7,7,8,1,1,4,2,14,1,1,3,NaN,2,NaN,NaN,,NaN,,NaN,,NaN,63,60,NaN,1,4,1,1,1,1,1,2,1,1,1,1,1,1,1,1,1,1,1,2,1,2,721306.014,4376837.785,32.757,Cob,35825,0,0,1,13,5
17924,5,2009460007887,3,12,24,6,4,2,1,CV-50,77.5,77,5,0,1,5,2,2,3,3,2,1,2,2,1,1,7,7,5,3,1,4,9,14,1,1,1,NaN,1,NaN,NaN,,21,24,NaN,,NaN,NaN,NaN,NaN,1,4,1,1,1,1,1,1,1,1,1,1,1,1,1,2,1,1,1,2,1,1,699634.429,4375984.706,210.835,Cob,5309,0,0,0,17,1
17925,5,2009460007891,3,12,24,4,4,2,1,CV-31,2.8,2,8,0,1,5,2,2,3,3,2,1,2,2,2,2,7,7,8,3,1,4,2,14,1,1,1,NaN,2,NaN,NaN,,NaN,,NaN,,NaN,62,60,NaN,1,4,1,1,1,1,1,2,1,1,1,1,1,1,1,1,1,1,1,2,1,2,720741.08,4377037.352,32.9,Cob,66607,0,0,0,12,5
17927,5,2009460007892,3,12,24,4,4,2,2,CV-35,3.5,3,5,1,1,2,3,2,2,4,2,2,2,2,2,2,7,7,5,3,1,4,9,14,3,1,3,NaN,2,3,NaN,,NaN,,NaN,,NaN,NaN,NaN,NaN,1,4,1,1,1,1,1,1,1,1,1,1,1,1,1,1,1,1,2,2,2,1,654507.777,4422863.684,906.357,Per,123057,0,0,0,11,1
17931,5,2009460007895,3,12,25,6,5,3,4,CV-35,6.5,6,5,0,1,2,3,2,3,4,2,2,2,1,2,2,7,7,8,3,3,4,9,14,2,1,1,NaN,2,4,NaN,,NaN,,NaN,,NaN,NaN,NaN,NaN,1,4,1,1,1,1,1,1,1,1,1,1,1,1,1,1,1,1,2,2,1,1,719331.687,4379566.349,78.228,Per,100390,0,0,0,19,1
17932,5,2009460007915,3,12,27,5,7,3,1,CV-36,1.6,1,6,0,1,2,3,2,3,4,2,2,2,1,2,2,7,7,8,1,1,1,9,14,3,1,1,NaN,1,NaN,NaN,,NaN,,NaN,,67,NaN,60,NaN,1,4,2,2,1,1,1,1,1,1,1,1,1,1,1,1,1,1,1,2,1,1,716567.803,4369394.856,39.115,Pri,68545,0,0,0,15,1
17934,5,2009460007930,3,12,29,5,2,1,2,CV-400,4.9,4,9,0,1,5,3,2,3,3,2,2,2,2,2,2,5,1,4,1,1,1,9,14,1,1,3,NaN,2,2,NaN,,NaN,,NaN,,NaN,NaN,NaN,NaN,1,4,2,1,1,1,1,1,1,1,1,1,1,1,1,1,1,1,1,2,1,1,722791.43,4365195.46,-6.261,Cob,14293,0,0,1,16,6
17935,5,2009460007934,3,12,30,1,3,1,1,CV-410,1.5,1,5,1,1,5,1,1,4,4,2,2,2,2,2,1,3,1,8,1,3,1,9,14,1,1,1,NaN,2,NaN,NaN,,NaN,,NaN,,NaN,54,50,NaN,1,4,2,1,2,1,1,1,1,1,1,1,1,1,1,1,1,1,1,2,2,2,717269.035,4372239.069,36.136,Cob,28589,0,0,0,23,6
17938,5,2009460007940,3,12,30,4,3,1,2,CV-686,0,0,0,1,1,5,2,1,4,3,2,1,1,1,1,1,7,7,8,1,1,1,9,14,1,1,1,NaN,1,2,NaN,,NaN,,NaN,,NaN,NaN,NaN,NaN,1,4,1,1,1,1,1,1,2,1,1,1,1,1,1,1,1,1,1,2,2,1,743544.593,4315914.786,8.187,Cob,18016,0,0,0,13,1
17939,5,2010030000001,1,12,31,1,4,2,1,CV-870,3.3,3,3,1,1,5,2,2,3,3,2,2,1,1,1,1,5,1,4,1,4,1,1,8,1,1,1,NaN,2,NaN,NaN,,NaN,,NaN,,NaN,53,50,NaN,1,4,2,1,1,1,1,2,1,1,1,1,1,1,1,1,1,1,1,2,1,1,678363.198,4227602.516,69.897,Cob,5099,0,0,0,0,6
17940,6,2010030000004,1,1,1,2,5,3,1,CV-700,24.5,24,5,0,1,5,2,2,3,3,2,1,1,2,1,1,7,7,8,1,5,1,9,14,1,1,1,NaN,2,NaN,NaN,,NaN,,NaN,,56,NaN,50,NaN,1,4,2,1,2,1,1,1,1,1,1,1,1,1,1,1,1,1,1,2,1,2,728787.939,4296217.154,365.992,Cob,522,0,0,1,5,4
17941,5,2010030000006,1,12,28,6,1,4,1,CV-720,11.6,11,6,0,1,5,2,2,3,1,2,1,1,1,1,1,7,7,8,1,5,1,9,14,2,1,1,NaN,1,NaN,NaN,,21,24,NaN,,NaN,NaN,NaN,NaN,1,4,1,1,1,1,1,1,1,1,1,1,1,1,1,2,1,1,1,2,1,1,737461.814,4292722.211,705.539,Cob,241,0,0,0,18,1
17942,6,2010030000009,1,1,1,3,5,3,1,CV-920,20.3,20,3,0,1,5,2,3,3,1,2,1,1,2,1,1,7,7,5,1,1,1,9,14,1,1,1,NaN,2,NaN,NaN,,NaN,,NaN,,NaN,64,60,NaN,1,4,2,1,2,1,1,2,1,1,1,1,1,1,1,1,1,1,1,2,1,1,701392.676,4220010.656,-21.656,NaN,0,0,0,0,9,4
17944,5,2010030000012,1,12,28,4,1,4,2,CV-806,1.5,1,5,0,1,5,2,2,3,3,2,1,2,1,1,1,7,7,8,1,1,1,9,14,3,1,1,NaN,1,2,NaN,,NaN,,NaN,,NaN,NaN,NaN,NaN,1,4,2,1,1,1,1,2,2,1,1,1,1,1,1,1,1,1,1,2,1,1,704313.561,4276170.088,655.403,Cob,4747,0,0,0,13,1