Id,Ano,Numero_Accidente,Provincia,Mes,Dia,Hora,Dia_Semana,Tipo_Dia,Vehiculos_Implicados,Carretera,Pk,Km,Hm,Sentido,Zona,Tipo_Via,Anchura_Calzada,Anchura_Carril,Marcas_Viales,Arcen,Arcen_Pavimentado,Mediana,Barrera_Seguridad,Paneles_Direccionales,Hitos_Arista,Captafaros,Interseccion_Tipo,Interseccion_Acondicionamiento,Prioridad_Regulada_por,Superficie,Luminosidad,Factores_Atmosfericos,Visibilidad_Restringida_por,Otras_Circunstancias,Senalizacion_Peligro,Aceras,Arboles,Arboles_Metros_Calzada,Visibilidad_Senalizacion_Vertical,Colision_Vehiculos_Marcha,Colision_Vehiculo_Obstaculo_1,Colision_Vehiculo_Obstaculo_2,Atropello_1,Atropello_2,Vuelco_1,Vuelco_2,Salida_Sin_Colision,Salida_Con_Colision,Lado_Salida,Otro,Circulacion,Circulacion_Medidas_Especiales,Distraccion,Inexperiencia_Conductor,Alcohol_Drogas,Cansancio_Sueno,Enfermedad,Velocidad_Inadecuada,Infraccion_Norma_Circulacion,Estado_Condicion_Via,Estado_Condicion_Senalizacion,Tramo_Obras,Mal_Estado_Vehiculo,Averia_Mecanica,Meteorologia_Adversa,Irrupcion_Animal,Circular_Sentido_Contrario,Otro_Factor,Sin_Opinion_Definida,Pendiente,Curvatura,Peralte,GPS_x,GPS_y,GPS_z,Tipo_Est,IMD,N_Muertos,N_Graves,N_Leves,Hora_Real,Fuera_o_Interseccion
17945,6,2010030000016,1,1,1,2,5,3,1,CV-940,10,10,0,1,1,5,2,3,3,2,2,1,1,1,1,1,7,7,8,1,5,1,9,14,3,1,1,NaN,1,NaN,NaN,,NaN,,NaN,,NaN,62,60,NaN,1,4,1,1,1,1,1,1,2,1,1,1,1,1,1,2,1,1,1,2,1,2,695437.601,4208360.87,3.356,Cob,1726,0,0,0,5,1
17946,6,2010030000020,1,1,2,4,6,4,1,CV-715,12.5,12,5,0,1,5,2,3,3,3,2,1,1,1,1,1,7,7,5,1,1,1,9,14,1,1,1,NaN,2,NaN,NaN,,NaN,,NaN,,NaN,63,60,NaN,1,4,2,1,1,1,1,1,1,1,1,1,1,1,1,1,1,1,1,2,1,1,755605.291,4295299.201,187.213,Cob,2524,0,0,0,13,1
17947,6,2010030000025,1,1,3,4,7,3,1,CV-70,23.1,23,1,0,1,5,1,3,3,1,2,1,1,2,1,1,7,7,5,1,1,1,9,14,1,1,1,NaN,2,NaN,NaN,,NaN,,NaN,,NaN,51,50,NaN,1,4,2,1,1,1,1,2,1,1,1,1,1,1,1,1,1,1,1,2,2,3,737903.886,4285454.717,730.381,Sec,695,0,1,0,11,4
17948,6,2010030000030,1,1,4,1,1,1,1,CV-865,11.5,11,5,0,1,5,2,3,3,1,2,1,1,1,1,1,5,1,4,8,3,1,9,14,1,1,3,NaN,2,NaN,NaN,,NaN,,NaN,,NaN,53,50,NaN,1,4,1,1,1,1,1,1,1,2,1,1,1,1,1,1,1,1,1,2,1,1,712445.151,4231304.8,-15.068,Sec,0,0,0,0,2,6
17950,5,2010030000035,1,12,30,6,3,1,2,CV-913,1.4,1,4,1,1,5,2,3,3,3,2,1,1,1,1,1,1,1,8,1,1,1,9,14,3,1,3,NaN,2,2,NaN,,NaN,,NaN,,NaN,NaN,NaN,NaN,1,4,1,1,1,1,1,1,2,1,1,1,1,1,1,1,1,1,1,2,1,1,691754.373,4225414.01,-22.063,Sec,6367,0,0,1,17,7
17952,6,2010030000044,1,1,4,6,1,1,2,CV-941,1.8,1,8,0,1,5,3,2,3,1,2,1,1,1,1,1,7,7,8,1,5,1,2,14,1,1,3,NaN,2,2,NaN,,NaN,,NaN,,NaN,NaN,NaN,NaN,1,4,1,1,1,1,1,2,2,1,1,1,1,1,1,1,1,1,1,2,1,1,695371.317,4196988.176,38.209,Sec,3407,0,0,0,20,5
17953,6,2010030000045,1,1,5,3,2,2,1,CV-755,18.8,18,8,0,1,5,2,3,3,3,2,1,1,2,1,1,7,7,5,3,5,4,9,14,1,1,1,NaN,2,NaN,NaN,,NaN,,NaN,,67,NaN,60,NaN,1,4,1,1,1,1,1,2,1,1,1,1,1,1,1,1,1,1,1,2,1,2,755693.081,4280027.156,46.331,Cob,2715,0,0,0,7,5
17955,6,2010030000046,1,1,4,4,1,4,2,CV-913,1.4,1,4,0,1,5,2,3,3,1,2,1,1,1,1,1,2,1,8,1,1,1,9,14,1,2,1,NaN,2,3,NaN,,NaN,,NaN,,NaN,NaN,NaN,NaN,1,4,2,1,1,1,1,1,1,1,1,1,1,1,1,1,1,1,1,2,1,1,688417.864,4222796.393,-15.206,Sec,6524,0,0,1,12,7
17956,5,2010030000051,1,12,14,1,1,4,1,CV-820,6.2,6,2,1,1,5,2,2,3,3,2,1,1,1,1,1,7,7,8,1,5,1,9,14,1,1,1,NaN,1,NaN,NaN,,NaN,,NaN,,NaN,54,50,NaN,1,4,2,1,1,2,1,2,2,1,1,1,1,1,2,1,1,1,1,2,1,2,701046.943,4254614.124,276.167,Cob,4847,0,0,1,0,1
17958,6,2010030000055,1,1,7,3,4,1,2,CV-821,2.4,2,4,1,1,5,3,2,3,3,2,1,1,2,1,1,5,1,4,3,1,4,9,14,1,1,1,NaN,2,3,NaN,,NaN,,NaN,,NaN,NaN,NaN,NaN,1,4,2,1,1,1,1,2,2,1,1,1,1,1,1,1,1,1,1,2,1,2,722148.977,4253678.278,26.032,Sec,22970,0,0,1,8,6
17960,6,2010030000056,1,1,7,3,4,1,2,CV-763,3.8,3,8,0,1,5,2,3,3,3,2,1,1,1,1,1,7,7,5,3,1,4,9,14,1,1,1,NaN,2,2,NaN,,NaN,,NaN,,NaN,NaN,NaN,NaN,1,4,1,1,1,1,1,1,2,1,1,1,1,1,1,1,1,1,1,2,1,1,751273.069,4275307.304,122.962,Cob,10459,0,0,0,8,5
17961,6,2010030000061,1,1,3,6,7,3,1,CV-80,6,6,0,1,1,2,3,2,3,5,2,2,2,2,2,2,7,7,8,3,5,4,9,14,3,1,1,NaN,2,NaN,NaN,,21,24,NaN,,NaN,NaN,NaN,NaN,1,4,1,1,1,1,1,1,1,1,1,1,1,1,1,2,1,1,1,2,1,1,700872.606,4275931.212,642.247,Sec,7966,0,0,0,21,1
17962,6,2010030000062,1,1,2,6,6,2,1,CV-820,20.5,20,5,0,1,5,3,2,3,1,2,1,2,2,1,1,5,1,4,1,2,1,9,14,1,1,1,NaN,2,NaN,NaN,,NaN,,NaN,,NaN,54,50,NaN,1,4,2,1,1,1,1,2,1,1,1,1,1,1,1,1,1,1,1,2,1,1,696288.309,4251565.059,206.802,Cob,0,0,0,0,18,6
17964,6,2010030000068,1,1,7,3,4,4,2,CV-91,8.6,8,6,1,1,5,3,2,3,3,2,1,2,2,2,1,7,7,8,3,1,4,4,14,1,1,3,NaN,2,4,NaN,,NaN,,NaN,,NaN,NaN,NaN,NaN,2,4,2,1,1,1,1,1,1,1,1,1,1,1,1,1,1,1,1,2,1,1,696916.465,4219299.797,-27.142,Pri,12300,0,0,0,9,1
17965,6,2010030000077,1,1,8,1,5,1,1,CV-860,3.5,3,5,1,1,5,3,3,2,3,2,1,2,1,1,1,7,7,8,3,5,4,9,14,3,1,3,NaN,1,NaN,NaN,,NaN,,NaN,,NaN,64,60,NaN,1,4,2,1,1,2,1,1,1,1,1,1,1,1,1,1,1,1,1,2,1,1,700542.412,4221858.548,-15.975,Cob,5130,0,1,0,4,1
17967,6,2010030000088,1,1,10,3,7,3,2,CV-913,4.8,4,8,1,1,5,3,1,3,3,2,1,1,2,1,1,5,6,4,1,1,1,9,14,1,1,1,NaN,2,2,NaN,,NaN,,NaN,,NaN,NaN,NaN,NaN,1,4,1,1,1,1,1,1,2,1,1,1,1,1,1,1,1,1,1,2,1,1,689225.791,4223366.022,-15.254,Sec,6524,0,0,1,10,6
17969,6,2010030000094,1,1,11,6,1,1,2,CV-905,7.8,7,8,1,1,5,2,2,3,3,2,2,1,1,1,1,5,1,8,1,1,1,9,14,3,1,3,NaN,1,4,NaN,,NaN,,NaN,,NaN,NaN,NaN,NaN,1,4,1,1,1,1,1,2,2,1,1,1,1,1,1,1,1,1,1,2,1,1,700068.874,4213451.304,-7.976,Cob,25484,0,0,0,18,6
17970,6,2010030000098,1,1,6,6,3,1,1,CV-845,9.6,9,6,0,1,5,2,2,3,3,2,1,1,1,1,1,7,7,8,1,5,1,8,14,3,1,3,NaN,1,NaN,NaN,,21,24,NaN,,NaN,NaN,NaN,NaN,1,4,1,1,1,1,1,1,1,1,1,1,1,1,1,2,1,1,1,2,1,1,685630.729,4242325.378,368.215,Cob,2271,0,0,0,18,1
17974,6,2010030000112,1,1,11,3,1,4,2,CV-84,0,0,0,1,1,5,3,2,3,3,2,2,2,1,2,2,7,7,8,1,3,1,9,14,1,1,1,NaN,2,4,NaN,,NaN,,NaN,,NaN,NaN,NaN,NaN,1,4,2,1,1,1,1,1,1,1,1,1,1,1,1,1,1,1,1,2,1,1,694095.218,4246092.13,222.686,Sec,18460,0,0,0,7,2
17977,6,2010030000116,1,1,10,4,7,3,1,CV-84,0.6,0,6,1,1,5,2,2,3,3,2,2,1,1,1,1,7,7,8,1,1,1,9,14,2,1,1,NaN,1,NaN,NaN,,NaN,,NaN,,NaN,63,60,NaN,1,4,2,1,1,1,1,1,1,1,1,1,1,1,1,1,1,1,1,2,1,1,694291.737,4245549.936,241.465,Sec,18460,0,0,0,11,1
17978,6,2010030000122,1,1,13,2,3,1,1,CV-830,14,14,0,1,1,5,2,3,3,2,2,1,2,2,1,1,7,7,8,1,5,1,9,14,3,1,1,NaN,1,NaN,NaN,,NaN,,NaN,,66,NaN,60,NaN,1,4,2,1,1,2,1,2,2,1,1,1,1,1,1,1,1,1,1,2,1,1,682355.426,4264024.791,477.802,Pri,2655,0,0,0,5,2
17980,6,2010030000127,1,1,14,6,4,1,2,CV-763,3.4,3,4,1,1,5,2,3,3,3,2,1,1,1,1,1,1,1,8,1,2,1,9,14,1,1,1,NaN,2,2,NaN,,NaN,,NaN,,NaN,NaN,NaN,NaN,1,4,1,1,1,1,1,1,2,1,1,1,1,1,1,1,1,1,1,2,1,1,752721.537,4273830.899,49.382,Cob,10459,0,1,0,18,7
17981,6,2010030000128,1,1,14,6,4,1,1,CV-905,5.7,5,7,0,1,5,3,2,3,3,2,1,1,1,1,1,7,7,8,1,1,1,9,14,2,1,3,NaN,1,NaN,NaN,,NaN,,NaN,,NaN,NaN,NaN,71,1,4,1,1,1,1,1,1,1,1,1,1,1,1,1,2,1,1,1,2,1,1,700972.594,4211494.367,-8.563,Cob,25484,0,0,0,17,1
17983,6,2010030000137,1,1,15,4,5,1,2,CV-925,31,31,0,1,1,5,3,2,2,2,2,1,1,1,1,1,7,7,8,1,1,1,9,14,3,1,3,NaN,1,NaN,NaN,,NaN,,NaN,,NaN,NaN,NaN,71,1,4,2,1,1,1,1,1,2,1,1,1,1,1,1,1,1,1,1,2,1,1,681236.312,4215671.957,-6.964,Sec,4301,0,0,1,14,1
17984,6,2010030000144,1,1,16,6,6,2,1,CV-81,42.1,42,1,0,1,5,2,2,3,3,2,1,2,2,2,2,5,6,8,1,3,1,9,14,3,1,1,NaN,2,NaN,NaN,,NaN,,NaN,,NaN,53,50,NaN,1,4,2,1,2,1,1,1,1,1,1,1,1,1,1,1,1,1,1,2,2,1,685193.53,4280289.202,477.407,Cob,5024,0,0,0,21,6
17985,6,2010030000145,1,1,16,5,6,2,1,CV-70,47.2,47,2,1,1,5,2,2,3,2,2,2,1,1,1,1,7,7,8,1,1,1,9,14,1,2,3,NaN,2,NaN,NaN,,NaN,,NaN,,NaN,52,50,NaN,1,4,2,1,1,1,1,1,1,1,1,1,1,1,1,1,1,1,1,2,2,3,723361.084,4286470.836,728.934,Per,23684,0,0,0,15,2
17986,6,2010030000149,1,1,17,4,7,3,1,CV-913,3.4,3,4,0,1,5,3,2,3,3,2,1,1,1,1,1,5,3,4,1,1,1,9,14,1,2,1,NaN,2,NaN,NaN,,NaN,,NaN,,NaN,52,50,NaN,1,4,1,1,2,1,1,2,2,1,1,1,1,1,1,1,1,1,1,2,1,1,689873.888,4224094.955,-15.931,Sec,6524,0,0,1,14,6
17989,6,2010030000159,1,1,13,6,3,1,1,CV-70,47.7,47,7,1,1,5,3,2,3,3,2,2,2,1,1,1,5,1,8,3,3,4,9,14,1,1,3,NaN,2,NaN,NaN,,NaN,,NaN,,NaN,64,60,NaN,1,4,1,1,1,1,1,2,1,2,1,1,1,1,1,1,1,1,1,1,1,1,723108.108,4286381.86,741.514,Per,23684,0,0,0,21,6
17990,6,2010030000166,1,1,18,6,1,1,1,CV-920,8.5,8,5,1,1,5,2,3,3,2,2,1,1,1,1,1,7,7,8,1,5,1,9,14,3,1,1,NaN,2,NaN,NaN,,NaN,,NaN,,66,NaN,60,NaN,1,4,1,1,1,1,1,1,1,1,1,1,1,2,1,1,1,1,1,2,2,1,699084.71,4217803.441,-13.471,Cob,3535,0,0,0,19,1
17992,6,2010030000168,1,1,16,6,6,2,2,CV-700,44.7,44,7,0,1,5,2,3,3,2,1,1,1,2,1,1,2,1,8,1,1,1,9,14,1,1,3,NaN,2,2,NaN,,NaN,,NaN,,NaN,NaN,NaN,NaN,1,4,2,1,1,1,1,1,1,1,1,1,1,1,1,1,1,1,1,2,2,2,741215.64,4300868.886,283.54,Cob,522,0,0,1,17,6
17993,6,2010030000169,1,1,9,1,6,2,1,CV-91,24.1,24,1,1,1,5,3,1,3,2,2,1,2,1,2,1,5,1,4,1,4,1,9,14,1,1,3,NaN,2,NaN,NaN,,NaN,,NaN,,NaN,64,60,NaN,1,4,2,1,2,1,1,1,1,1,1,1,1,1,1,1,1,1,1,2,1,1,682222.627,4217912.009,-13.782,Cob,12005,0,0,0,3,6
17994,6,2010030000170,1,1,17,1,7,3,1,CV-905,3,3,0,1,1,5,3,1,3,3,2,2,1,1,2,1,5,1,4,1,4,1,9,14,1,1,3,NaN,2,NaN,NaN,,NaN,,NaN,,NaN,54,50,NaN,1,4,2,1,2,1,1,1,1,1,1,1,1,1,1,1,1,1,1,2,1,1,702514.91,4209523.145,-18.558,Pri,23802,0,0,1,1,6
17995,6,2010030000172,1,1,19,6,2,1,1,CV-804,12.8,12,8,0,1,5,2,3,3,2,2,1,1,2,1,1,7,7,8,2,2,1,2,14,1,1,1,NaN,2,NaN,NaN,,NaN,,NaN,,NaN,53,50,NaN,1,4,2,1,1,1,1,2,1,1,1,1,1,1,1,1,1,1,1,2,1,1,701251.889,4287183.838,661.343,Cob,549,0,0,2,18,2
17996,6,2010030000184,1,1,22,4,5,1,1,CV-773,13.1,13,1,0,1,5,2,2,3,1,2,1,2,2,1,1,7,7,8,1,1,1,9,14,1,1,1,NaN,2,NaN,NaN,,NaN,,NaN,,NaN,NaN,NaN,71,1,4,1,1,1,1,1,2,1,1,1,1,1,1,1,1,1,1,1,2,1,2,728482.727,4263602.339,265.789,Cob,436,0,0,2,12,5
17999,6,2010030000193,1,1,23,4,6,2,3,CV-95,4.5,4,5,1,1,5,3,2,3,3,2,1,1,1,1,1,5,6,4,8,1,9,9,14,3,1,3,NaN,2,3,NaN,,NaN,,NaN,,NaN,NaN,NaN,NaN,1,4,1,1,1,1,1,1,1,2,1,1,1,1,1,1,1,1,1,2,1,2,697859.257,4205261.103,1.2,Cob,11372,0,0,1,14,6
18000,6,2010030000198,1,1,17,3,7,3,1,CV-855,5.3,5,3,1,1,5,2,2,3,3,2,2,1,1,1,1,7,7,8,1,5,1,9,14,3,1,1,NaN,2,NaN,NaN,,21,24,NaN,,NaN,NaN,NaN,NaN,1,4,1,1,1,1,1,1,1,1,1,1,1,1,1,2,1,1,1,2,1,1,700134.767,4225125.498,-17.118,Pri,4726,0,0,0,7,1
18001,6,2010030000200,1,1,24,6,7,3,1,CV-905,6.4,6,4,0,1,5,2,2,3,3,2,2,2,2,2,2,7,7,6,1,3,4,9,14,1,2,3,NaN,2,NaN,NaN,,NaN,,NaN,,NaN,NaN,NaN,71,1,4,1,1,1,1,1,2,1,1,1,1,1,1,1,1,1,1,1,2,1,1,701412.206,4210953.765,-11.362,Cob,25484,0,1,0,18,1
18004,6,2010030000219,1,1,14,6,4,1,3,CV-81,47.2,47,2,0,1,5,3,2,3,4,2,1,1,1,1,1,7,7,8,3,1,1,9,8,1,1,1,NaN,2,3,NaN,,NaN,,NaN,,NaN,NaN,NaN,NaN,1,4,2,1,1,1,1,1,2,1,1,1,1,1,1,1,1,1,1,2,1,1,682040.543,4278503.787,464.869,Cob,5024,0,0,0,17,1
18006,6,2010030000223,1,1,22,6,5,1,2,CV-84,2.8,2,8,1,1,2,2,2,3,4,2,1,1,1,1,1,6,6,8,1,5,1,9,14,3,1,1,NaN,1,3,NaN,,NaN,,NaN,,NaN,NaN,NaN,NaN,1,4,1,1,1,1,1,1,1,1,1,1,1,1,1,1,1,1,2,2,1,1,695960.188,4244269.405,260.518,Sec,18460,0,0,0,20,6
18007,6,2010030000231,1,1,26,4,2,1,1,CV-70,44,44,0,0,1,5,3,2,3,2,2,2,1,1,1,1,7,7,5,3,1,4,9,14,1,1,1,NaN,2,NaN,NaN,,NaN,,NaN,,NaN,54,50,NaN,1,4,1,1,1,1,1,2,1,1,1,1,1,1,1,1,1,1,1,2,1,1,750044.113,4276814.099,220.564,Cob,26042,0,0,0,14,3
18008,6,2010030000232,1,1,23,1,6,2,1,CV-715,6.8,6,8,0,1,5,3,2,3,3,2,1,1,1,1,1,7,7,8,1,5,1,9,14,1,1,1,NaN,2,NaN,NaN,,NaN,,NaN,,NaN,61,60,NaN,1,4,1,1,1,1,1,1,1,1,1,1,1,1,1,1,1,2,1,2,1,1,751362.112,4305529.825,-3.548,Cob,5495,0,0,1,23,1
18010,6,2010030000233,1,1,26,6,2,1,2,CV-84,0,0,0,0,1,5,2,2,3,3,2,2,2,2,2,1,1,1,8,1,5,1,9,14,3,1,1,NaN,1,4,NaN,,NaN,,NaN,,NaN,NaN,NaN,NaN,1,4,2,1,1,1,1,2,2,1,1,1,1,1,1,1,1,1,1,2,2,2,698967.69,4240521.084,137.921,Sec,18460,0,0,2,21,6
18012,6,2010030000240,1,1,19,6,2,1,2,CV-930,0.1,0,1,1,1,5,1,2,4,3,2,1,2,1,1,1,4,6,5,1,3,1,9,8,2,1,3,NaN,1,NaN,NaN,,NaN,,NaN,,NaN,NaN,NaN,71,2,4,1,1,1,1,1,1,1,1,1,2,1,1,1,1,1,1,1,1,2,1,680755.169,4217063.996,-2.544,Cob,18381,0,0,0,19,6
18013,6,2010030000247,1,1,27,6,3,1,1,CV-800,5.5,5,5,1,1,5,3,2,3,4,2,1,2,1,2,2,7,7,8,1,4,1,9,14,3,1,1,NaN,2,NaN,NaN,,21,24,NaN,,NaN,NaN,NaN,NaN,1,4,1,1,1,1,1,1,1,1,1,1,1,1,1,2,1,1,1,2,1,2,718938.924,4276672.686,985.094,Sec,5057,0,0,0,22,1
18016,6,2010030000251,1,1,26,6,2,1,2,CV-930,0,0,0,1,1,5,1,1,2,4,2,2,2,1,1,1,5,1,4,1,3,1,2,14,1,1,1,NaN,2,4,NaN,,NaN,,NaN,,NaN,NaN,NaN,NaN,2,4,2,1,1,1,1,1,1,1,1,1,1,1,1,1,1,1,1,2,3,3,680884.064,4216706.573,1.224,Cob,18381,0,0,3,19,6
18018,6,2010030000253,1,1,29,4,5,1,2,CV-70,42,42,0,1,1,5,3,1,3,1,2,2,1,2,1,1,5,1,4,1,1,1,9,14,1,2,3,NaN,2,2,NaN,,NaN,,NaN,,NaN,NaN,NaN,NaN,2,4,1,1,1,1,1,1,2,1,1,1,1,1,1,1,1,1,1,2,1,1,727416.038,4286855.45,490.489,Cob,6230,0,0,2,11,6
18019,6,2010030000265,1,1,31,4,7,3,1,CV-700,49.5,49,5,0,1,5,1,3,3,1,2,1,2,2,1,1,7,7,8,1,1,1,2,14,1,1,1,NaN,2,NaN,NaN,,NaN,,NaN,,66,NaN,60,NaN,1,4,1,1,1,1,1,2,2,1,1,1,1,1,1,1,1,1,1,2,2,1,744121.028,4303252.056,177.018,Cob,522,0,1,0,13,4
18020,6,2010030000274,1,1,28,6,4,1,1,CV-811,1.5,1,5,0,1,5,3,3,3,3,2,1,1,1,1,1,7,7,8,1,5,1,9,14,3,1,1,NaN,1,NaN,NaN,,21,24,NaN,,NaN,NaN,NaN,NaN,1,4,1,1,1,1,1,1,1,1,1,1,1,1,1,1,1,2,1,2,1,1,698654.914,4274478.99,715.924,Cob,713,0,0,0,19,1
18022,6,2010030000279,1,2,1,5,1,4,2,CV-905,9,9,0,0,1,5,3,2,3,4,2,2,1,2,1,1,5,6,5,1,1,1,9,14,2,1,3,NaN,2,2,NaN,,NaN,,NaN,,NaN,NaN,NaN,NaN,1,4,2,1,1,1,1,1,2,1,1,1,1,1,1,1,1,1,1,2,1,1,702732.153,4208745,-18.962,Cob,25484,0,0,0,16,6
18023,6,2010030000281,1,1,28,3,4,1,1,CV-700,33.6,33,6,0,1,5,2,3,3,1,2,1,1,1,1,1,7,7,8,4,1,1,3,14,1,1,1,NaN,2,NaN,NaN,,NaN,,NaN,,56,NaN,50,NaN,1,4,1,1,1,1,1,2,1,2,1,1,1,1,1,1,1,1,1,2,1,1,734739.354,4298094.264,592.69,Cob,522,0,0,0,9,4
18024,6,2010030000282,1,2,1,6,1,4,1,CV-825,0.5,0,5,0,1,5,3,2,3,3,2,1,2,2,2,1,7,7,8,1,5,1,9,14,1,1,1,NaN,2,NaN,NaN,,NaN,,NaN,,NaN,54,50,NaN,1,4,1,1,1,1,1,1,1,1,1,1,1,1,1,2,1,1,1,2,1,1,695239.808,4247296.02,198.902,Sec,3854,0,1,0,20,1
18025,6,2010030000298,1,2,1,5,1,4,1,CV-920,3.4,3,4,0,1,5,2,3,3,3,2,1,1,1,1,1,7,7,8,1,4,1,9,14,1,1,1,NaN,2,NaN,NaN,,21,24,NaN,,NaN,NaN,NaN,NaN,1,4,1,1,1,1,1,1,1,1,1,1,1,1,1,2,1,1,1,2,1,1,688481.037,4215702.275,-0.618,Pri,6083,0,0,0,16,1
18027,6,2010030000299,1,2,1,6,1,4,2,CV-913,1.3,1,3,0,1,5,2,3,3,3,2,1,1,1,1,1,2,3,2,1,1,1,9,14,1,1,1,NaN,2,4,NaN,,NaN,,NaN,,NaN,NaN,NaN,NaN,1,4,2,1,1,1,1,1,1,1,1,1,1,1,1,1,1,1,1,2,1,1,688342.704,4222730.403,-14.048,Sec,6524,0,0,0,17,7
18029,6,2010030000302,1,2,2,6,2,1,2,CV-915,2.9,2,9,0,1,5,2,2,3,1,2,1,1,1,1,1,7,7,8,1,2,1,9,14,1,2,1,NaN,2,NaN,NaN,,NaN,,NaN,,NaN,61,60,NaN,1,4,2,1,2,1,1,1,2,1,1,1,1,1,1,1,1,1,1,2,1,1,677834.618,4215863.923,3.571,Sec,7667,0,0,1,18,1
18030,6,2010030000303,1,2,2,6,2,1,1,CV-904,5,5,0,0,3,5,2,3,3,2,2,1,1,1,1,1,7,7,8,1,5,1,9,14,3,1,1,NaN,1,NaN,NaN,,NaN,,NaN,,67,NaN,60,NaN,1,4,1,1,1,1,1,1,1,1,1,1,1,1,1,1,1,2,1,2,1,1,691918.299,4229104.783,-15.169,Cob,4507,0,0,0,21,1
18034,6,2010030000309,1,2,2,4,2,1,2,CV-865,10.3,10,3,1,1,5,2,2,3,4,2,1,1,1,1,1,5,1,8,1,1,1,9,14,1,1,1,NaN,2,3,NaN,,NaN,,NaN,,NaN,NaN,NaN,NaN,1,4,2,1,1,1,1,1,2,1,1,1,1,1,1,1,1,1,1,2,1,1,704897.387,4236691.082,30.607,Sec,0,0,0,0,12,6
18035,6,2010030000324,1,1,31,1,7,3,1,CV-91,7.5,7,5,0,1,5,2,2,3,1,2,1,1,2,2,2,5,1,8,1,3,1,9,14,1,1,1,NaN,2,NaN,NaN,,NaN,,NaN,,NaN,61,60,NaN,1,4,2,1,1,1,1,2,1,1,1,1,1,1,1,1,1,1,1,2,2,1,688290.282,4218184.173,-15.922,Sec,10987,0,0,0,1,6
18038,6,2010030000325,1,1,9,1,6,2,2,CV-940,9,9,0,1,1,5,3,2,3,3,2,1,1,1,1,1,7,7,8,1,5,1,9,14,3,1,1,NaN,2,NaN,NaN,,NaN,,NaN,,NaN,NaN,NaN,71,1,4,2,1,2,1,1,1,1,1,1,1,1,1,1,1,1,1,1,2,1,1,695728.676,4209161.288,-8.905,Cob,4556,0,0,2,1,1
18039,6,2010030000329,1,2,4,6,4,1,1,CV-700,49.2,49,2,0,1,5,1,3,3,1,2,1,2,2,1,1,7,7,8,1,1,1,9,14,1,1,1,NaN,2,NaN,NaN,,NaN,,NaN,,NaN,64,60,NaN,1,4,1,1,1,1,1,2,1,1,1,1,1,1,1,1,1,1,1,2,2,1,744224.114,4303157.327,183.526,Cob,522,0,0,1,17,5
18040,6,2010030000331,1,2,4,6,4,1,1,CV-734,0.8,0,8,0,1,5,3,2,3,3,2,1,2,2,1,1,7,7,8,3,5,4,9,14,1,1,1,NaN,2,NaN,NaN,,NaN,,NaN,,56,NaN,50,NaN,1,4,2,1,1,1,1,2,1,1,1,1,1,1,1,1,1,1,1,2,1,1,767758.699,4297592.747,73.114,Sec,11547,0,0,1,22,5
18041,6,2010030000346,1,2,5,4,5,1,1,CV-827,6.9,6,9,1,1,5,2,2,3,3,2,1,2,2,2,1,7,7,8,1,1,1,9,14,1,1,1,NaN,1,NaN,NaN,,NaN,,NaN,,NaN,63,60,NaN,1,4,1,1,1,1,1,2,1,1,1,1,1,1,1,1,1,1,1,2,2,2,706458.388,4262031.891,538.562,Cob,377,0,1,0,13,2
18045,6,2010030000347,1,2,4,1,4,1,2,CV-734,0.3,0,3,0,1,5,2,3,3,3,2,1,1,2,1,1,7,7,5,3,4,5,9,14,1,1,1,NaN,2,2,NaN,,NaN,,NaN,,NaN,NaN,NaN,NaN,1,4,1,1,1,1,1,2,2,2,1,1,1,1,2,1,1,1,1,2,1,1,767356.427,4297576.103,53.857,Sec,11547,0,0,3,1,4
18046,6,2010030000348,1,2,5,3,5,1,1,CV-905,9,9,0,0,1,5,3,2,4,3,2,2,1,1,2,2,5,6,4,1,1,1,9,14,1,1,1,NaN,4,NaN,NaN,,NaN,,NaN,,NaN,64,60,NaN,1,4,1,1,1,1,2,1,1,1,1,1,1,1,1,1,1,1,1,2,1,1,702704.304,4208839.843,-19.001,Cob,25484,0,0,0,9,6
18047,6,2010030000353,1,2,6,4,6,2,1,CV-935,8.6,8,6,0,1,5,2,3,3,3,2,1,1,1,1,1,7,7,7,1,1,1,9,14,1,1,1,NaN,2,NaN,NaN,,NaN,,NaN,,NaN,54,50,NaN,1,4,1,1,1,1,2,1,1,1,1,1,1,1,1,1,1,1,1,2,1,1,695326.485,4212929.611,58.604,Sec,1922,0,1,0,11,1
18048,6,2010030000356,1,2,7,4,7,3,1,CV-870,5.4,5,4,1,1,5,3,2,3,3,2,1,2,1,2,2,4,3,4,1,1,1,9,14,1,1,1,NaN,2,NaN,NaN,,NaN,,12,9,NaN,NaN,NaN,NaN,1,4,1,1,1,1,1,2,1,1,1,1,1,1,1,1,1,1,1,2,1,1,678563.936,4225544.563,40.292,Cob,5444,0,0,0,14,6
18052,6,2010030000357,1,2,7,3,7,3,2,CV-920,9.6,9,6,0,1,5,2,3,3,3,2,1,1,1,1,2,2,1,2,1,1,1,1,14,1,1,1,NaN,2,2,NaN,,NaN,,NaN,,NaN,NaN,NaN,NaN,1,4,2,1,1,1,1,1,1,1,1,1,1,1,1,1,1,1,1,2,1,1,693309.792,4218002.495,-2.162,Cob,2606,0,1,0,9,6