Id,Ano,Numero_Accidente,Provincia,Mes,Dia,Hora,Dia_Semana,Tipo_Dia,Vehiculos_Implicados,Carretera,Pk,Km,Hm,Sentido,Zona,Tipo_Via,Anchura_Calzada,Anchura_Carril,Marcas_Viales,Arcen,Arcen_Pavimentado,Mediana,Barrera_Seguridad,Paneles_Direccionales,Hitos_Arista,Captafaros,Interseccion_Tipo,Interseccion_Acondicionamiento,Prioridad_Regulada_por,Superficie,Luminosidad,Factores_Atmosfericos,Visibilidad_Restringida_por,Otras_Circunstancias,Senalizacion_Peligro,Aceras,Arboles,Arboles_Metros_Calzada,Visibilidad_Senalizacion_Vertical,Colision_Vehiculos_Marcha,Colision_Vehiculo_Obstaculo_1,Colision_Vehiculo_Obstaculo_2,Atropello_1,Atropello_2,Vuelco_1,Vuelco_2,Salida_Sin_Colision,Salida_Con_Colision,Lado_Salida,Otro,Circulacion,Circulacion_Medidas_Especiales,Distraccion,Inexperiencia_Conductor,Alcohol_Drogas,Cansancio_Sueno,Enfermedad,Velocidad_Inadecuada,Infraccion_Norma_Circulacion,Estado_Condicion_Via,Estado_Condicion_Senalizacion,Tramo_Obras,Mal_Estado_Vehiculo,Averia_Mecanica,Meteorologia_Adversa,Irrupcion_Animal,Circular_Sentido_Contrario,Otro_Factor,Sin_Opinion_Definida,Pendiente,Curvatura,Peralte,GPS_x,GPS_y,GPS_z,Tipo_Est,IMD,N_Muertos,N_Graves,N_Leves,Hora_Real,Fuera_o_Interseccion
18054,6,2010030000359,1,1,31,3,7,3,2,CV-91,24.1,24,1,1,1,5,3,2,3,3,2,1,2,2,2,2,7,7,8,1,1,1,9,14,3,1,1,NaN,1,2,NaN,,NaN,,NaN,,NaN,NaN,NaN,NaN,1,4,2,1,1,1,1,1,1,1,1,1,1,1,1,1,1,1,1,2,1,1,682222.627,4217912.009,-13.782,Cob,12005,0,0,2,8,2
18062,6,2010030000361,1,2,8,3,1,4,3,CV-91,4.8,4,8,0,1,5,2,3,3,4,2,1,1,1,1,1,2,1,8,1,1,1,9,14,2,1,3,NaN,1,5,NaN,,NaN,,NaN,,NaN,NaN,NaN,NaN,2,4,2,1,1,1,1,1,1,1,1,1,1,1,1,1,1,1,1,2,1,1,685670.574,4218230.018,-12.997,Sec,10987,0,0,9,8,7
18065,6,2010030000381,1,2,8,4,1,4,3,CV-95,3,3,0,1,1,5,3,2,3,3,2,1,1,1,2,1,7,7,5,1,1,1,9,14,2,1,3,NaN,1,4,NaN,,NaN,,NaN,,NaN,NaN,NaN,NaN,1,4,2,1,1,1,1,1,1,1,1,1,1,1,1,1,1,1,1,2,1,1,699030.978,4204715.908,-1.253,Cob,11372,0,0,0,14,1
18067,6,2010030000384,1,2,4,6,4,1,2,CV-821,3.5,3,5,1,1,5,3,2,3,3,2,1,1,2,1,1,5,1,8,1,3,1,9,14,1,1,1,NaN,2,3,NaN,,NaN,,NaN,,NaN,NaN,NaN,NaN,1,4,2,1,1,1,1,1,2,1,1,1,1,1,1,1,1,1,1,2,1,1,721374.884,4254255.378,39.161,Sec,22970,0,0,0,20,6
18071,6,2010030000387,1,2,9,3,2,1,2,CV-840,10.9,10,9,0,1,5,2,2,3,3,2,1,1,1,1,1,1,1,8,1,1,1,9,14,3,1,1,NaN,2,1,NaN,,NaN,,NaN,,NaN,NaN,NaN,NaN,1,4,2,1,1,1,1,1,2,1,1,1,1,1,1,1,1,1,1,2,1,1,684270.469,4248490.75,379.602,Sec,2126,0,0,0,9,6
18072,6,2010030000391,1,2,9,4,2,1,1,CV-945,1.9,1,9,1,1,5,3,2,3,3,2,1,1,1,1,1,7,7,5,1,1,1,9,14,2,1,3,NaN,1,NaN,NaN,,NaN,,NaN,,68,NaN,60,NaN,1,4,2,1,1,1,1,1,1,1,1,1,1,1,1,1,1,1,1,2,1,1,692407.82,4210742.116,21.958,Sec,9343,0,0,1,11,1
18074,6,2010030000400,1,2,10,4,3,1,2,CV-734,7,7,0,0,1,5,1,1,3,3,2,1,1,1,1,1,5,1,4,1,1,1,9,14,1,2,3,NaN,2,4,NaN,,NaN,,NaN,,NaN,NaN,NaN,NaN,1,4,2,1,1,1,1,1,1,1,1,1,1,1,1,1,1,1,1,2,1,1,773533.025,4297058.111,0.373,Sec,11547,0,0,0,13,6
18075,6,2010030000401,1,2,8,2,1,4,1,CV-70,47.7,47,7,1,1,5,3,1,3,2,2,2,1,1,1,1,5,1,8,1,3,1,9,14,3,2,3,NaN,2,NaN,NaN,,NaN,,NaN,,NaN,62,60,NaN,1,4,1,1,1,1,1,2,1,1,1,1,1,1,1,1,1,1,1,2,1,2,723047.089,4286311.059,733.954,Per,23684,0,0,0,5,7
18076,6,2010030000405,1,2,10,1,3,1,1,CV-70,44.7,44,7,1,1,5,3,2,3,2,2,2,2,1,1,1,7,7,5,1,4,1,9,14,1,1,1,NaN,2,NaN,NaN,,NaN,,NaN,,56,NaN,50,NaN,1,4,2,1,1,1,1,1,1,1,1,1,1,1,1,1,1,1,1,2,1,1,725169.495,4286800.891,607.092,Per,23684,0,0,1,23,5
18079,6,2010030000410,1,2,10,5,3,1,3,CV-95,4.9,4,9,1,1,5,2,3,3,1,2,1,1,1,1,1,7,7,8,1,1,1,8,14,2,1,1,NaN,2,4,NaN,,NaN,,NaN,,NaN,NaN,NaN,NaN,1,4,2,1,1,1,1,1,1,1,1,1,1,1,1,1,1,1,1,2,1,2,697524.255,4205457.822,11.557,Cob,11372,0,0,0,15,1
18081,6,2010030000414,1,2,11,3,4,1,1,CV-70,44.3,44,3,0,1,5,2,3,3,2,2,2,2,2,1,1,5,1,8,1,1,1,9,14,3,1,3,NaN,2,NaN,NaN,,NaN,,NaN,,NaN,64,60,NaN,1,4,1,1,1,1,1,2,1,1,1,1,1,1,1,1,1,1,1,2,1,1,750107.403,4276442.407,211.13,Cob,26042,0,0,0,10,6
18083,6,2010030000423,1,2,11,3,4,1,2,CV-95,24,24,0,0,1,5,3,2,3,3,2,1,1,1,2,2,7,7,5,1,1,1,9,14,3,1,1,NaN,1,4,NaN,,NaN,,NaN,,NaN,NaN,NaN,NaN,1,4,1,1,1,1,1,1,2,1,1,1,1,1,1,1,1,1,1,2,1,2,698493.793,4204948.019,2.418,Cob,19850,0,0,0,10,1
18084,6,2010030000455,1,2,10,4,3,1,1,CV-915,5.7,5,7,1,1,5,3,3,3,3,2,1,1,2,1,1,5,1,8,1,1,1,9,14,1,2,1,NaN,2,NaN,NaN,,NaN,,NaN,,NaN,61,60,NaN,1,4,1,1,1,1,2,1,1,1,1,1,1,1,1,1,1,1,1,2,2,1,679593.862,4217175.337,0.889,Sec,7667,0,0,0,11,6
18087,6,2010030000462,1,2,10,6,3,1,1,CV-855,3.1,3,1,0,1,5,3,2,2,3,2,2,1,1,1,1,7,7,8,1,3,1,9,14,1,1,1,NaN,2,NaN,NaN,,NaN,,NaN,,NaN,61,60,NaN,1,4,1,1,1,1,1,1,1,1,1,1,1,1,1,2,1,1,1,2,1,1,701526.348,4233556.401,13.29,Pri,4726,0,0,0,21,1
18089,6,2010030000464,1,2,11,6,4,1,2,CV-820,1,1,0,0,1,5,2,2,3,1,2,1,2,2,2,2,7,7,8,1,5,1,9,14,3,1,1,NaN,1,NaN,NaN,,21,24,NaN,,NaN,NaN,NaN,NaN,1,4,1,1,1,1,1,1,1,1,1,1,1,1,1,2,1,1,1,2,1,1,713086.326,4254296.764,126.207,Cob,5185,0,0,0,21,1
18090,6,2010030000469,1,2,14,4,7,3,1,CV-900,6,6,0,0,1,5,3,2,3,3,2,1,2,2,2,1,5,6,4,1,1,1,9,14,1,1,3,NaN,2,NaN,NaN,,NaN,,NaN,,56,NaN,50,NaN,1,4,1,1,1,1,1,2,1,1,1,1,1,1,1,1,1,1,1,2,1,1,686329.729,4220945.414,-6.908,Cob,6294,0,0,2,13,6
18091,6,2010030000471,1,2,13,5,6,2,1,CV-95,10.1,10,1,1,1,5,2,2,3,3,2,1,2,2,2,2,7,7,8,3,1,4,9,14,1,1,3,NaN,2,NaN,NaN,,NaN,,NaN,,NaN,54,50,NaN,1,4,1,1,1,1,1,2,1,1,1,1,1,1,1,1,1,1,1,2,1,1,693154.378,4207442.573,38.888,Cob,8866,0,0,0,15,5
18092,6,2010030000473,1,2,14,2,7,3,1,CV-920,19.5,19,5,1,1,5,1,3,3,1,2,1,1,1,1,1,7,7,8,3,4,4,9,14,1,1,2,2,1,NaN,NaN,,NaN,,NaN,,NaN,51,50,NaN,1,4,1,2,1,1,1,2,1,1,1,1,1,1,1,1,1,2,1,2,1,2,689102.171,4216906.654,-0.522,NaN,0,0,0,0,5,4
18094,6,2010030000510,1,2,12,3,5,1,2,CV-80,12,12,0,1,1,2,3,2,3,4,2,2,2,2,2,2,7,7,7,1,1,1,9,14,2,1,1,NaN,2,NaN,NaN,,21,24,NaN,,NaN,NaN,NaN,NaN,1,4,1,1,1,1,1,1,1,1,1,1,1,1,1,2,1,1,1,2,1,1,695555.667,4273837.277,671.809,Sec,9167,0,0,0,10,1
18095,6,2010030000557,1,2,15,4,1,1,1,CV-951,4.3,4,3,0,1,5,2,3,3,2,2,1,1,1,1,1,1,1,8,1,1,1,9,14,3,1,1,NaN,1,NaN,NaN,,NaN,,NaN,,NaN,64,60,NaN,1,4,2,1,1,1,1,1,1,1,1,1,1,1,1,1,1,1,1,2,1,1,689308.185,4206479.049,87.36,Cob,1811,0,0,0,12,7
18097,6,2010030000559,1,2,16,3,2,1,2,CV-905,2.9,2,9,1,1,5,3,2,3,3,2,2,1,2,1,2,7,7,8,1,1,1,9,14,3,1,1,NaN,2,4,NaN,,NaN,,NaN,,NaN,NaN,NaN,NaN,1,4,1,1,1,1,1,1,2,1,1,1,1,1,1,1,1,1,1,2,1,1,702543.341,4209427.041,-18.68,Pri,23802,0,0,0,10,1
18098,6,2010030000560,1,2,16,5,2,1,1,CV-905,2.5,2,5,0,1,5,3,2,3,3,2,2,1,2,1,2,5,6,8,3,1,4,9,14,3,1,1,NaN,2,NaN,NaN,,NaN,,NaN,,NaN,63,60,NaN,1,4,1,1,1,1,1,2,1,1,1,1,1,1,1,1,1,1,1,2,1,1,699709.655,4214353.571,4.293,Pri,23802,0,0,0,15,7
18100,6,2010030000563,1,2,16,6,2,1,2,CV-830,6.5,6,5,1,1,5,2,2,3,3,2,1,1,2,2,2,7,7,8,3,2,4,2,14,1,1,1,NaN,2,1,NaN,,NaN,,NaN,,NaN,NaN,NaN,NaN,1,4,1,1,1,1,1,2,1,1,1,1,1,1,1,1,1,1,1,2,1,1,687465.359,4266114.863,518.168,Cob,875,0,0,2,17,5
18101,6,2010030000564,1,2,14,6,7,3,1,CV-700,18.1,18,1,1,1,5,3,2,3,3,2,1,1,1,1,1,7,7,8,3,1,9,9,8,1,1,3,NaN,2,NaN,30,32,NaN,,NaN,,NaN,NaN,NaN,NaN,1,4,2,1,1,1,1,1,1,1,1,1,1,1,1,1,1,1,1,2,2,2,744587.452,4303555.213,160.146,Cob,3067,0,0,0,17,2
18103,6,2010030000609,1,2,11,4,4,1,2,CV-700,10.5,10,5,1,1,5,3,2,2,3,2,1,2,2,1,1,7,7,8,3,1,4,9,14,2,1,1,NaN,1,3,NaN,,NaN,,NaN,,NaN,NaN,NaN,NaN,1,4,1,1,1,1,1,1,2,1,1,1,1,1,1,1,1,1,1,2,1,1,750661.217,4303521.955,41.824,Cob,1948,0,0,0,11,3
18105,6,2010030000633,1,2,16,6,2,1,2,CV-80,2,2,0,1,1,2,1,3,3,3,2,1,1,1,1,1,1,1,3,1,2,1,9,14,1,1,1,NaN,2,2,NaN,,NaN,,NaN,,NaN,NaN,NaN,NaN,1,4,2,1,1,1,1,1,2,1,1,1,1,1,1,1,1,1,1,2,1,1,704613.975,4275180.654,621.743,Sec,7966,0,0,0,18,6
18106,6,2010030000635,1,2,19,4,5,1,1,CV-715,30,30,0,1,1,5,2,3,3,3,2,1,1,2,1,1,7,7,8,1,1,4,9,14,1,1,1,NaN,2,NaN,NaN,,NaN,,NaN,,NaN,62,60,NaN,1,4,1,1,1,1,1,2,2,1,1,1,1,1,1,1,1,1,1,2,1,1,754762.733,4292523.611,240.097,Cob,572,0,0,1,13,5
18108,6,2010030000639,1,2,20,4,6,2,2,CV-913,3.7,3,7,0,1,5,2,3,3,4,2,1,1,1,1,1,7,7,8,1,1,1,9,14,3,2,1,NaN,2,3,NaN,,NaN,,NaN,,NaN,NaN,NaN,NaN,1,4,1,1,1,1,1,1,2,1,1,1,1,1,1,1,1,1,1,2,1,1,690046.588,4224321.369,-16.424,Sec,6524,0,1,0,13,1
18109,6,2010030000640,1,2,20,4,6,2,1,CV-827,5.8,5,8,0,1,5,2,3,3,2,2,1,2,2,1,1,7,7,5,1,1,1,9,4,1,1,1,NaN,2,NaN,NaN,,NaN,,NaN,,55,NaN,50,NaN,1,4,1,1,1,1,1,2,2,1,1,1,1,1,1,1,1,1,1,2,1,1,705671.647,4261500.441,497.665,Cob,377,0,1,0,13,4
18111,6,2010030000647,1,2,21,6,7,3,1,CV-720,41.7,41,7,0,1,5,3,2,3,3,2,1,1,1,1,1,7,7,8,1,5,1,9,14,3,1,1,NaN,2,NaN,NaN,,NaN,,NaN,,NaN,52,50,NaN,1,4,1,1,2,1,1,1,2,1,1,1,1,1,1,1,1,1,1,2,1,1,757134.525,4293536.13,195.876,Cob,2594,0,0,0,22,3
18115,6,2010030000648,1,2,19,1,5,1,2,CV-940,10,10,0,0,1,5,3,1,3,2,2,1,2,1,1,1,5,1,4,1,3,1,9,14,1,1,3,NaN,2,2,NaN,,NaN,,NaN,,NaN,NaN,NaN,NaN,1,4,2,1,1,1,1,1,2,1,1,1,1,1,1,1,1,1,1,2,1,1,697773.993,4214913.316,2.695,Cob,1726,0,0,0,23,6
18116,6,2010030000649,1,2,20,4,6,3,1,CV-84,0,0,0,1,1,5,3,3,2,3,2,2,1,1,1,1,7,7,5,1,1,1,9,14,3,1,3,NaN,3,NaN,NaN,,NaN,,12,9,NaN,NaN,NaN,NaN,1,4,1,2,1,1,1,1,1,1,1,1,1,1,1,1,1,1,1,2,1,1,694095.218,4246092.13,222.686,Sec,18460,0,0,1,13,1
18117,6,2010030000656,1,2,20,3,6,2,1,CV-800,18.6,18,6,1,1,5,3,2,3,3,2,1,2,2,2,1,7,7,8,1,1,1,9,14,1,1,1,NaN,2,NaN,NaN,,NaN,,NaN,,NaN,53,50,NaN,1,4,2,1,1,1,1,2,1,1,1,1,1,1,1,1,1,1,1,2,1,2,718408.14,4269180.088,420.813,Cob,2006,0,1,0,10,2
18118,6,2010030000657,1,2,21,1,7,3,1,CV-700,52.1,52,1,0,1,5,2,2,3,2,1,1,2,1,1,1,7,7,5,1,5,1,9,14,1,1,1,NaN,2,NaN,NaN,,NaN,,NaN,,66,NaN,60,NaN,1,4,2,1,1,1,1,1,1,1,1,1,1,1,1,1,1,1,1,2,1,1,745820.981,4304126.314,124.188,Cob,522,0,0,2,3,1
18120,6,2010030000661,1,2,22,5,1,4,2,CV-945,5.9,5,9,0,1,5,3,3,3,3,2,1,1,1,1,1,7,7,8,1,1,1,9,14,2,1,1,NaN,1,2,NaN,,NaN,,NaN,,NaN,NaN,NaN,NaN,1,4,1,1,1,1,1,1,2,1,1,1,1,1,1,1,1,1,1,2,1,1,695137.521,4210924.616,2.156,Cob,4969,0,0,0,15,1
18122,6,2010030000664,1,2,16,3,2,1,2,CV-835,20.5,20,5,0,1,5,2,2,3,3,2,1,2,2,1,1,7,7,5,1,1,1,9,14,2,1,1,NaN,1,1,NaN,,NaN,,NaN,,NaN,NaN,NaN,NaN,1,4,1,1,1,1,1,2,1,1,1,1,1,1,2,1,1,1,1,2,1,2,693145.885,4263180.032,406.167,Cob,0,0,0,0,10,3
18123,6,2010030000671,1,2,19,6,5,1,1,CV-911,1.2,1,2,1,1,5,2,3,3,1,2,1,1,1,1,1,7,7,7,1,4,1,9,14,2,1,1,NaN,1,NaN,NaN,,21,23,NaN,,NaN,NaN,NaN,NaN,1,4,1,1,1,1,1,1,1,1,1,1,1,1,1,2,1,1,1,2,1,1,688111.363,4219192.159,-10.997,Sec,8187,0,0,0,19,1
18125,6,2010030000675,1,2,18,6,4,1,2,CV-806,1.6,1,6,0,1,5,3,1,3,3,2,1,1,1,1,1,1,1,8,3,4,1,9,14,2,1,1,NaN,1,2,NaN,,NaN,,NaN,,NaN,NaN,NaN,NaN,1,4,1,1,1,1,1,1,2,1,1,1,1,1,1,1,1,1,1,2,1,1,704412.29,4276169.906,657.744,Cob,3746,0,0,0,18,7
18127,6,2010030000677,1,2,19,4,5,1,2,CV-720,2,2,0,1,1,5,2,2,3,3,2,1,1,1,1,1,7,7,8,3,1,4,9,14,1,1,1,NaN,2,2,NaN,,NaN,,NaN,,NaN,NaN,NaN,NaN,1,4,1,1,1,1,1,2,1,1,1,1,1,1,1,1,1,1,1,2,1,1,762288.674,4297605.549,77.608,Cob,490,0,0,0,11,2
18128,6,2010030000678,1,2,21,2,7,3,1,CV-790,7.3,7,3,0,1,5,2,2,3,4,2,1,1,1,1,1,7,7,8,1,5,1,9,14,1,1,1,NaN,1,NaN,NaN,,NaN,,NaN,,57,NaN,50,NaN,1,4,2,1,1,1,1,1,1,1,1,1,1,1,1,1,1,1,1,2,1,1,722969.163,4291303.684,421.165,NaN,0,0,0,0,6,1
18130,6,2010030000679,1,2,23,4,2,2,2,CV-70,44,44,0,1,1,5,3,1,3,3,2,2,1,1,1,1,5,3,8,1,1,1,9,14,1,1,3,NaN,2,2,NaN,,NaN,,NaN,,NaN,NaN,NaN,NaN,1,4,1,1,1,1,1,1,2,1,1,1,1,1,1,1,1,1,1,2,2,3,725658.81,4286977.99,565.357,Cob,26042,0,0,0,13,6
18131,6,2010030000687,1,2,22,1,1,1,1,CV-820,1,1,0,0,1,5,2,2,3,3,2,1,1,1,1,1,7,7,8,1,5,1,9,14,2,1,1,NaN,1,NaN,NaN,,21,21,NaN,,NaN,NaN,NaN,NaN,1,4,1,1,1,1,2,1,2,1,1,1,1,1,1,1,1,1,1,2,1,1,713086.326,4254296.764,126.207,Cob,5185,0,0,2,23,1
18133,6,2010030000695,1,2,22,6,1,4,2,CV-800,2.8,2,8,1,1,5,3,2,3,4,2,1,2,1,1,1,7,7,8,1,1,1,9,14,2,1,3,NaN,1,1,NaN,,NaN,,NaN,,NaN,NaN,NaN,NaN,1,4,2,1,1,1,1,1,2,1,1,1,1,1,1,1,1,1,1,2,1,2,720071.994,4278923.753,859.702,Cob,14233,0,0,0,17,2
18134,6,2010030000701,1,2,22,5,1,1,1,CV-70,47.8,47,8,0,1,5,2,2,3,2,2,1,1,1,1,1,5,1,5,3,1,4,9,14,1,1,1,NaN,1,NaN,NaN,,NaN,,12,9,NaN,NaN,NaN,NaN,1,4,2,1,1,1,1,2,1,2,1,1,1,1,1,1,1,1,1,2,1,1,749985.66,4273324.834,145.778,Per,23684,0,0,0,15,6
18136,6,2010030000716,1,2,22,3,1,4,2,CV-900,7.8,7,8,0,1,5,3,2,3,3,2,1,2,2,2,1,5,6,4,1,1,1,9,14,1,1,3,NaN,2,4,NaN,,NaN,,NaN,,NaN,NaN,NaN,NaN,1,4,2,1,1,1,1,2,1,1,1,1,1,1,1,1,1,1,1,2,1,1,687236.416,4221558.785,-15.959,Sec,9903,0,0,0,10,6
18137,6,2010030000717,1,2,24,6,3,1,1,CV-911,1.7,1,7,1,1,5,2,3,3,3,2,1,2,2,2,1,7,7,8,1,5,1,9,14,3,1,1,NaN,1,NaN,NaN,,21,21,NaN,,NaN,NaN,NaN,NaN,1,4,1,1,1,1,1,1,2,1,1,1,1,1,1,1,1,1,1,2,1,1,687745.526,4219532.977,-10.93,Cob,8393,0,1,0,19,1
18138,6,2010030000719,1,2,20,1,6,2,1,CV-900,8.6,8,6,0,1,5,3,2,3,1,2,1,2,1,1,2,5,3,4,1,4,1,9,14,1,1,1,NaN,2,NaN,NaN,,NaN,,NaN,,NaN,64,60,NaN,1,4,1,1,1,1,1,1,1,1,1,1,1,1,1,1,1,1,2,2,1,1,687102.48,4222376.17,-14.995,Sec,9903,0,0,0,1,6
18139,6,2010030000720,1,2,22,3,1,4,1,CV-900,7.8,7,8,0,1,5,3,2,3,1,2,1,1,1,1,1,5,3,4,1,1,1,9,14,1,1,1,NaN,2,NaN,NaN,,NaN,,NaN,,NaN,61,60,NaN,1,4,1,1,1,1,1,1,1,2,1,1,1,1,1,1,1,2,1,2,1,1,687236.416,4221558.785,-15.959,Sec,9903,0,0,0,9,6
18140,6,2010030000754,1,2,17,6,3,1,1,CV-820,16.8,16,8,0,1,5,2,2,3,3,2,1,1,1,1,1,7,7,8,1,5,1,9,14,3,1,1,NaN,1,NaN,NaN,,NaN,,NaN,,67,NaN,60,NaN,1,4,2,1,2,1,1,1,1,1,1,1,1,1,1,1,1,1,1,2,1,1,699245.29,4253522.447,253.242,Pri,2429,0,0,0,18,1
18143,6,2010030000807,1,2,28,1,7,3,1,CV-700,65.9,65,9,1,1,5,2,2,3,3,2,1,1,1,1,1,7,7,8,1,4,1,9,14,3,1,3,NaN,1,NaN,NaN,,21,24,NaN,,NaN,NaN,NaN,NaN,1,4,1,1,1,1,1,1,1,1,1,1,1,1,1,2,1,1,1,2,1,1,711253.876,4294884.856,543.428,Cob,6002,0,0,0,3,1
18144,6,2010030000809,1,2,27,6,6,2,1,CV-801,4.3,4,3,0,1,5,1,3,3,1,2,1,1,2,1,1,7,7,8,1,1,1,9,14,2,1,1,NaN,2,NaN,NaN,,NaN,,NaN,,57,NaN,50,NaN,1,4,1,1,1,1,1,2,2,1,1,1,1,1,1,1,1,1,1,2,1,1,710275.788,4280182.305,901.733,Cob,778,0,1,0,17,4
18152,6,2010030000811,1,2,28,4,7,3,4,CV-83,2.9,2,9,0,1,5,3,2,3,4,2,1,1,1,2,2,1,1,4,1,1,1,2,14,1,1,3,NaN,2,5,NaN,,NaN,,NaN,,NaN,NaN,NaN,NaN,1,4,2,1,1,1,1,1,2,1,1,1,1,1,1,1,1,1,1,2,1,2,690961.961,4258056.23,318.558,Cob,12470,0,0,0,12,6
18153,6,2010030000815,1,2,9,3,2,1,1,CV-700,24.6,24,6,1,1,5,2,3,3,1,2,1,2,2,1,1,7,7,5,9,1,1,2,14,1,1,2,2,1,NaN,NaN,,NaN,,NaN,,NaN,51,50,NaN,1,4,1,1,2,1,1,2,1,1,1,1,1,1,1,1,1,1,1,2,1,2,740669.474,4300535.434,287.139,Cob,522,0,0,0,9,5
18155,6,2010030000817,1,2,28,4,7,3,2,CV-821,2.7,2,7,1,1,5,1,3,3,3,2,2,2,2,2,2,1,1,3,1,1,1,2,14,1,2,1,NaN,2,NaN,NaN,,NaN,,NaN,,NaN,NaN,NaN,71,1,4,1,1,1,1,1,1,2,1,1,1,1,1,1,1,1,1,1,2,1,1,721939.163,4253887.949,32.082,Sec,22970,0,0,1,13,6
18157,6,2010030000838,1,2,24,3,3,1,2,CV-91,3.7,3,7,0,1,5,3,2,3,3,2,1,1,1,2,2,7,7,8,1,1,1,9,14,1,1,1,NaN,1,4,NaN,,NaN,,NaN,,NaN,NaN,NaN,NaN,1,4,2,1,1,1,1,1,1,1,1,1,1,1,1,1,1,1,1,2,1,1,684590.035,4218137.506,-11.521,Sec,10987,0,0,0,8,1
18159,6,2010030000876,1,3,2,6,2,1,2,CV-736,3.8,3,8,1,1,5,2,2,3,1,2,1,2,1,1,1,7,7,5,3,1,4,2,14,1,1,1,NaN,2,2,NaN,,NaN,,NaN,,NaN,NaN,NaN,NaN,1,4,1,1,1,1,1,2,1,1,1,1,1,1,1,1,1,1,1,2,1,1,773525.48,4300962.334,130.165,Cob,4052,0,0,1,18,3
18163,6,2010030000877,1,3,2,5,2,1,2,CV-900,2.5,2,5,0,1,5,2,2,4,2,2,1,1,1,1,1,5,1,8,3,1,4,9,14,1,1,3,NaN,2,4,NaN,,NaN,,NaN,,NaN,NaN,NaN,NaN,1,4,2,1,1,1,1,1,1,1,1,1,1,1,1,1,1,1,1,2,1,1,683188.537,4220092.912,-1.926,Cob,8291,0,0,0,16,6
18165,6,2010030000884,1,3,3,3,3,1,2,CV-935,1.8,1,8,0,1,5,1,2,3,1,2,1,1,1,1,1,5,3,4,1,1,1,9,14,2,1,1,NaN,1,4,NaN,,NaN,,NaN,,NaN,NaN,NaN,NaN,1,4,2,1,1,1,1,2,2,1,1,1,1,1,1,1,1,1,1,2,1,1,693413.671,4219079.726,-14.728,Cob,8489,0,0,0,9,6
18167,6,2010030000886,1,3,1,3,1,4,2,CV-835,20.3,20,3,1,1,5,3,2,3,3,2,1,1,1,1,1,7,7,8,1,1,1,9,14,3,1,3,NaN,1,4,NaN,,NaN,,NaN,,NaN,NaN,NaN,NaN,1,4,2,1,1,1,1,1,1,1,1,1,1,1,1,1,1,2,1,2,2,1,694145.812,4250793.891,234.579,Cob,0,0,0,0,9,1
18168,6,2010030000887,1,3,1,6,1,4,1,CV-845,3.8,3,8,0,1,5,3,2,3,3,2,1,1,1,1,1,7,7,8,1,1,1,9,14,2,1,3,NaN,2,NaN,30,32,NaN,,NaN,,NaN,NaN,NaN,NaN,1,4,2,1,1,1,1,1,1,1,1,1,1,1,1,1,1,2,1,2,1,1,690946.13,4243403.507,276.058,Sec,4483,0,0,0,18,2
18170,6,2010030000897,1,3,5,4,5,1,2,CV-905,7.8,7,8,1,1,5,3,2,3,4,2,2,2,1,2,2,7,7,8,1,1,1,9,14,1,2,3,NaN,2,4,NaN,,NaN,,NaN,,NaN,NaN,NaN,NaN,1,4,2,1,1,1,1,1,1,1,1,1,1,1,1,1,1,1,1,2,1,1,700068.874,4213451.304,-7.976,Cob,25484,0,0,0,14,1
18172,6,2010030000899,1,3,2,6,2,1,1,CV-870,0.5,0,5,1,1,5,2,3,3,3,2,1,1,1,1,1,7,7,8,3,5,4,4,13,3,1,1,NaN,1,NaN,NaN,,NaN,,NaN,,68,NaN,60,NaN,1,4,1,1,1,1,1,2,1,2,1,1,1,1,1,1,1,1,1,2,1,1,675948.455,4228782.558,110.587,Cob,0,0,0,0,22,1
18174,6,2010030000901,1,3,5,5,5,1,2,CV-900,7.8,7,8,0,1,5,3,2,3,3,2,1,1,2,2,2,5,6,4,1,1,9,9,14,1,1,1,NaN,2,4,NaN,,NaN,,NaN,,NaN,NaN,NaN,NaN,2,4,1,1,1,1,1,1,2,1,1,1,1,1,1,1,1,1,1,2,1,1,687236.416,4221558.785,-15.959,Sec,9903,0,0,0,15,6
18175,6,2010030000905,1,3,5,1,5,1,1,CV-800,14,14,0,0,1,5,3,2,3,3,2,1,2,2,2,2,7,7,8,1,5,1,9,14,1,1,1,NaN,2,NaN,NaN,,NaN,,NaN,,NaN,64,60,NaN,1,4,2,1,2,1,1,1,1,1,1,1,1,1,1,1,1,1,1,2,1,1,719292.889,4266057.028,304.216,Sec,5057,0,0,0,4,4
18176,6,2010030000908,1,3,7,3,7,3,1,CV-865,4.4,4,4,1,1,5,3,2,3,4,2,1,1,1,1,1,7,7,8,1,1,1,9,14,1,1,3,NaN,2,NaN,NaN,,NaN,,NaN,,NaN,54,50,NaN,1,4,2,1,2,2,1,1,1,1,1,1,1,1,1,1,1,1,1,2,1,1,709762.745,4233482.219,-15.838,Cob,15886,0,0,1,7,1
18177,6,2010030000910,1,3,5,5,5,1,1,CV-904,6.5,6,5,0,1,5,3,1,3,2,2,2,1,1,1,2,5,3,4,1,1,9,9,14,1,2,1,NaN,2,NaN,NaN,,21,21,NaN,,NaN,NaN,NaN,NaN,1,4,2,1,1,1,1,1,1,1,1,1,1,1,1,1,1,2,1,2,1,1,692302.746,4227672.71,-14.686,Cob,4507,0,0,1,16,6