Id,Ano,Numero_Accidente,Provincia,Mes,Dia,Hora,Dia_Semana,Tipo_Dia,Vehiculos_Implicados,Carretera,Pk,Km,Hm,Sentido,Zona,Tipo_Via,Anchura_Calzada,Anchura_Carril,Marcas_Viales,Arcen,Arcen_Pavimentado,Mediana,Barrera_Seguridad,Paneles_Direccionales,Hitos_Arista,Captafaros,Interseccion_Tipo,Interseccion_Acondicionamiento,Prioridad_Regulada_por,Superficie,Luminosidad,Factores_Atmosfericos,Visibilidad_Restringida_por,Otras_Circunstancias,Senalizacion_Peligro,Aceras,Arboles,Arboles_Metros_Calzada,Visibilidad_Senalizacion_Vertical,Colision_Vehiculos_Marcha,Colision_Vehiculo_Obstaculo_1,Colision_Vehiculo_Obstaculo_2,Atropello_1,Atropello_2,Vuelco_1,Vuelco_2,Salida_Sin_Colision,Salida_Con_Colision,Lado_Salida,Otro,Circulacion,Circulacion_Medidas_Especiales,Distraccion,Inexperiencia_Conductor,Alcohol_Drogas,Cansancio_Sueno,Enfermedad,Velocidad_Inadecuada,Infraccion_Norma_Circulacion,Estado_Condicion_Via,Estado_Condicion_Senalizacion,Tramo_Obras,Mal_Estado_Vehiculo,Averia_Mecanica,Meteorologia_Adversa,Irrupcion_Animal,Circular_Sentido_Contrario,Otro_Factor,Sin_Opinion_Definida,Pendiente,Curvatura,Peralte,GPS_x,GPS_y,GPS_z,Tipo_Est,IMD,N_Muertos,N_Graves,N_Leves,Hora_Real,Fuera_o_Interseccion
18179,6,2010030000924,1,3,8,4,1,2,2,CV-941,2,2,0,1,1,5,3,2,3,1,2,1,1,2,1,1,7,7,8,3,1,4,2,14,2,1,1,NaN,2,NaN,NaN,,NaN,,NaN,,NaN,64,60,NaN,1,1,1,1,1,1,1,2,1,1,1,1,1,1,1,1,1,1,1,2,1,1,694058.508,4204549.024,102.443,Sec,3407,0,0,0,14,5
18180,6,2010030000927,1,3,5,3,5,1,1,CV-800,8.4,8,4,1,1,5,2,2,3,3,2,1,1,1,2,1,7,7,8,1,1,1,9,14,1,1,1,NaN,2,NaN,NaN,,NaN,,NaN,,66,NaN,60,NaN,1,4,2,1,1,1,1,2,1,1,1,1,1,1,1,1,1,1,1,2,1,1,718004.18,4274204.874,893.555,Sec,5057,0,0,0,10,4
18181,6,2010030000933,1,3,8,1,1,4,1,CV-855,9.6,9,6,0,1,5,2,2,3,1,2,1,2,1,1,1,7,7,5,3,5,1,9,14,3,1,1,NaN,1,NaN,NaN,,NaN,,NaN,,58,NaN,50,NaN,1,4,2,1,1,2,1,1,1,1,1,1,1,1,1,1,1,1,1,2,1,1,701365.211,4227128.562,-20.402,Cob,7074,0,0,0,1,1
18182,6,2010030000936,1,3,1,6,1,4,1,CV-81,55.3,55,3,1,1,5,3,3,3,3,2,1,1,1,1,1,7,7,8,1,5,1,9,14,3,1,3,NaN,1,NaN,NaN,,21,24,NaN,,NaN,NaN,NaN,NaN,1,4,1,1,1,1,1,1,1,1,1,1,1,1,1,2,1,1,1,2,1,1,711051.598,4301088.117,327.223,Cob,5024,0,0,0,22,1
18183,6,2010030000942,1,3,6,6,6,2,1,CV-825,0.9,0,9,0,1,5,3,2,3,3,2,1,1,1,1,1,7,7,8,1,1,1,9,14,3,1,3,NaN,2,NaN,NaN,,21,24,NaN,,NaN,NaN,NaN,NaN,1,4,1,1,1,1,1,1,1,1,1,1,1,1,1,2,1,1,1,2,1,1,695499.685,4247579.552,196.885,Sec,3854,0,0,0,17,1
18185,6,2010030000944,1,3,7,2,7,3,1,CV-836,5.2,5,2,0,1,5,3,2,3,3,2,1,1,1,1,2,5,6,8,3,3,4,9,14,3,1,3,NaN,2,NaN,NaN,,NaN,,NaN,,NaN,53,50,NaN,1,4,2,1,1,1,1,2,1,1,1,1,1,1,1,1,1,1,1,2,1,1,671122.814,4253833.563,563.3,Cob,2435,0,0,0,6,6
18187,6,2010030000948,1,3,10,3,3,1,2,CV-95,24.8,24,8,1,1,5,2,2,3,3,2,1,1,2,1,1,5,6,8,1,1,1,9,14,3,1,1,NaN,2,4,NaN,,NaN,,NaN,,NaN,NaN,NaN,NaN,1,4,2,1,1,1,1,1,1,1,1,1,1,1,1,1,1,1,1,2,1,1,682736.906,4215796.227,-2.711,Cob,19850,0,0,0,9,6
18189,6,2010030000949,1,3,10,5,3,1,2,CV-734,5.5,5,5,0,1,5,3,2,3,3,2,1,1,1,1,1,7,7,5,1,1,1,9,14,2,1,3,NaN,1,2,NaN,,NaN,,NaN,,NaN,NaN,NaN,NaN,1,4,1,1,1,1,1,1,2,1,1,1,1,1,1,1,1,1,1,2,1,1,772191.702,4296703.288,17.027,Sec,11547,0,1,0,15,1
18191,6,2010030000968,1,3,11,6,4,1,2,CV-84,0,0,0,0,1,5,3,2,3,2,2,2,2,2,2,2,5,1,8,1,1,1,9,14,1,1,3,NaN,2,2,NaN,,NaN,,NaN,,NaN,NaN,NaN,NaN,1,4,1,1,1,1,1,1,2,1,1,1,1,1,1,1,1,1,1,2,2,2,698967.69,4240521.084,137.921,Sec,18460,0,0,2,18,6
18193,6,2010030000979,1,3,9,4,2,1,2,CV-81,42.8,42,8,0,1,5,3,2,3,3,2,1,1,1,1,1,7,7,3,1,1,1,9,14,1,1,3,NaN,1,2,NaN,,NaN,,NaN,,NaN,NaN,NaN,NaN,1,4,2,1,1,1,1,1,2,1,1,1,1,1,1,1,1,1,1,2,1,2,684482.324,4280086.395,476.482,Cob,5024,0,0,0,13,1
18195,6,2010030001019,1,3,12,4,5,1,2,CV-83,25.8,25,8,1,1,5,3,1,3,3,2,1,2,2,2,2,2,1,8,1,1,1,9,14,1,1,1,NaN,2,2,NaN,,NaN,,NaN,,NaN,NaN,NaN,NaN,1,4,2,1,1,1,1,1,1,1,1,1,1,1,1,1,1,1,1,2,1,1,690183.121,4256941.042,318.747,Cob,2458,0,0,3,11,6
18196,6,2010030001020,1,3,12,4,5,1,1,CV-925,6.6,6,6,1,1,5,2,2,3,1,2,1,1,1,1,1,7,7,8,1,1,1,9,14,1,1,1,NaN,1,NaN,NaN,,NaN,,NaN,,NaN,53,50,NaN,1,4,1,1,1,1,1,2,1,1,1,1,1,1,1,1,1,1,1,2,1,1,688483.522,4197636.667,151.195,Cob,1272,0,0,1,11,2
18197,6,2010030001029,1,3,14,5,7,3,1,CV-734,0.9,0,9,0,1,5,2,2,3,3,2,2,1,1,1,1,5,1,4,1,1,1,9,14,3,1,3,NaN,2,NaN,NaN,,NaN,,NaN,,NaN,64,60,NaN,1,4,1,1,1,1,2,1,1,1,1,1,1,1,1,1,1,1,1,2,2,2,767830.978,4297661.618,72.793,Sec,11547,0,0,0,15,6
18198,6,2010030001055,1,3,13,2,6,2,1,CV-95,15.6,15,6,1,1,5,3,3,3,3,2,1,2,1,1,1,7,7,8,1,5,1,9,14,1,1,3,NaN,2,NaN,30,30,NaN,,NaN,,NaN,NaN,NaN,NaN,1,4,2,1,1,1,1,1,1,1,1,1,1,1,1,1,1,1,1,2,1,1,689639.414,4211338.098,84.104,Pri,8272,0,0,0,6,4
18199,6,2010030001064,1,3,16,6,2,1,1,CV-865,9.8,9,8,0,1,5,2,2,3,3,2,1,1,1,1,1,7,7,7,1,5,1,9,8,1,1,1,NaN,2,NaN,NaN,,NaN,,NaN,,67,NaN,60,NaN,1,4,2,1,2,1,1,1,1,1,1,1,1,1,1,1,1,1,1,2,1,1,711110.034,4232312.726,-17.258,Sec,0,0,0,0,21,1
18200,6,2010030001066,1,3,15,3,1,4,1,CV-95,9.8,9,8,1,1,5,3,2,3,3,2,1,2,2,2,1,7,7,8,1,1,1,9,3,1,1,1,NaN,1,NaN,NaN,,21,24,NaN,,NaN,NaN,NaN,NaN,1,4,1,1,1,1,1,1,1,1,1,1,1,1,1,2,1,1,1,2,1,1,693435.745,4207163.914,37.855,Cob,8866,0,0,0,7,2
18202,6,2010030001073,1,3,16,3,2,1,2,CV-800,3,3,0,1,1,5,2,3,3,3,2,1,2,2,2,2,1,1,8,1,1,1,9,14,1,1,1,NaN,2,2,NaN,,NaN,,NaN,,NaN,NaN,NaN,NaN,1,4,1,1,1,1,1,1,2,1,1,1,1,1,1,1,1,1,1,2,1,1,719918.471,4278802.544,868.22,Cob,14233,0,0,0,8,6
18204,6,2010030001099,1,3,16,5,2,1,2,CV-84,1.8,1,8,1,1,5,3,2,3,3,2,1,1,2,2,2,5,1,4,1,1,1,9,14,3,1,1,NaN,1,4,NaN,,NaN,,NaN,,NaN,NaN,NaN,NaN,1,4,2,1,1,1,1,1,1,1,1,1,1,1,1,1,1,1,1,2,1,1,695106.988,4244732.733,270.467,Sec,18460,0,0,0,16,6
18205,6,2010030001119,1,3,18,6,4,2,1,CV-84,3.3,3,3,0,1,5,3,2,3,4,2,2,1,1,2,2,7,7,8,1,5,1,2,14,2,1,3,NaN,2,NaN,NaN,,NaN,,NaN,,NaN,52,50,NaN,1,4,2,1,1,1,1,1,1,1,1,1,1,1,1,1,1,1,1,2,1,1,696904.685,4242814.852,190.771,Sec,18460,0,1,0,19,3
18206,6,2010030001123,1,3,19,4,5,3,1,CV-95,8.6,8,6,1,1,5,3,2,3,3,2,1,2,2,2,1,7,7,8,1,1,1,2,14,2,1,1,NaN,2,NaN,NaN,,NaN,,NaN,,NaN,61,60,NaN,1,4,1,1,1,1,1,2,1,1,1,1,1,1,1,1,1,1,1,2,1,2,694226.171,4206413.836,43.12,Cob,8866,0,0,1,13,5
18207,6,2010030001141,1,3,17,3,3,1,1,CV-840,12.1,12,1,1,1,5,3,2,3,1,2,1,2,2,1,1,7,7,8,1,1,1,9,14,3,1,3,NaN,1,NaN,NaN,,NaN,,NaN,,66,NaN,60,NaN,1,4,1,1,1,1,1,1,2,1,1,1,1,1,1,1,1,1,1,2,1,1,680535.031,4247535.141,531.911,Sec,2126,0,0,0,8,2
18208,6,2010030001142,1,3,13,1,6,2,1,CV-904,1.4,1,4,0,1,5,3,2,3,3,2,1,1,2,2,2,5,1,4,1,4,1,9,14,1,1,3,NaN,2,NaN,NaN,,NaN,,NaN,,NaN,63,60,NaN,1,4,2,1,2,1,1,1,1,1,1,1,1,1,1,1,1,1,1,2,1,1,691028.638,4232430.104,13.482,Cob,4507,0,0,0,2,6
18210,6,2010030001150,1,3,22,6,1,1,2,CV-920,16,16,0,1,1,5,3,2,3,2,2,1,1,2,1,1,5,6,5,1,1,1,9,13,3,2,3,NaN,2,NaN,NaN,,NaN,,NaN,,NaN,NaN,NaN,71,1,4,1,1,1,1,1,1,2,1,1,1,1,1,1,1,1,1,1,2,1,1,692139.618,4217791.697,-0.531,Cob,7673,0,1,0,17,6
18211,6,2010030001152,1,3,18,1,4,2,1,CV-920,22.6,22,6,0,1,5,2,3,3,1,2,1,1,2,1,1,7,7,8,1,5,1,9,14,1,1,1,NaN,2,NaN,NaN,,NaN,,NaN,,NaN,54,50,NaN,1,4,2,1,1,1,1,1,1,1,1,1,1,1,1,1,1,1,1,2,1,1,703718.308,4219849.759,-24.844,NaN,0,0,0,1,4,5
18213,6,2010030001154,1,3,21,6,7,3,2,CV-865,10,10,0,1,1,5,3,2,3,3,2,1,2,1,2,1,6,5,8,3,4,1,9,8,1,1,3,NaN,2,4,NaN,,NaN,,NaN,,NaN,NaN,NaN,NaN,1,4,1,1,1,1,1,1,1,2,1,2,1,1,2,1,1,1,1,2,1,1,705143.962,4236533.376,28.107,Sec,0,0,0,0,20,6
18214,6,2010030001155,1,3,22,6,1,4,1,CV-70,45.7,45,7,1,1,5,3,2,3,3,2,2,2,2,1,2,7,7,8,1,1,1,9,14,3,1,1,NaN,2,NaN,NaN,,NaN,,12,9,NaN,NaN,NaN,NaN,1,4,2,2,1,1,1,1,1,1,1,1,1,1,1,1,1,1,1,2,2,3,724300.245,4286805.984,668.776,Per,23684,0,0,1,17,2
18215,6,2010030001160,1,3,19,3,5,3,1,CV-835,5.5,5,5,0,1,5,3,2,3,3,2,1,2,2,2,1,7,7,8,1,1,1,9,14,1,1,1,NaN,2,NaN,NaN,,NaN,,NaN,,NaN,64,60,NaN,1,4,1,1,2,1,1,1,1,1,1,1,1,1,1,1,1,1,1,2,1,1,690968.036,4253578.277,343.522,Sec,3122,0,0,0,8,1
18216,6,2010030001210,1,3,23,6,2,1,1,CV-800,16.1,16,1,0,1,5,3,2,3,3,2,1,2,1,1,1,7,7,8,2,3,1,9,14,3,1,1,NaN,2,NaN,NaN,,NaN,,NaN,,NaN,53,50,NaN,1,4,1,1,1,1,1,2,1,1,1,1,1,1,1,1,1,1,1,2,1,1,718228.542,4267545.818,334.446,Cob,3046,0,0,0,17,2
18218,6,2010030001246,1,3,21,4,7,3,2,CV-95,26,26,0,0,1,5,3,2,3,3,2,1,1,1,2,2,7,7,5,3,1,4,9,14,3,1,1,NaN,1,2,NaN,,NaN,,NaN,,NaN,NaN,NaN,NaN,1,4,1,1,1,1,1,1,2,1,1,1,1,1,1,1,1,1,1,2,1,1,700356.33,4204352.1,-5.576,Cob,19850,0,0,0,13,1
18219,6,2010030001248,1,3,22,1,1,4,1,CV-900,2,2,0,1,1,5,2,3,3,3,2,1,1,1,1,1,7,7,8,1,3,1,9,14,3,1,1,NaN,2,NaN,NaN,,NaN,,NaN,,68,NaN,60,NaN,1,4,2,1,2,1,1,1,1,1,1,1,1,1,1,1,1,1,1,2,1,2,685454.716,4225402.714,-6.047,Cob,8291,0,0,0,4,1
18221,6,2010030001250,1,3,21,1,7,3,2,CV-913,4.2,4,2,1,1,5,2,3,3,3,2,1,1,1,1,1,7,7,8,1,3,1,9,14,3,1,1,NaN,2,3,NaN,,NaN,,NaN,,NaN,NaN,NaN,NaN,1,4,2,1,2,1,2,1,1,1,1,1,1,1,1,1,1,1,1,2,1,1,689636.263,4223789.53,-16.701,Sec,6524,0,0,0,4,1
18223,6,2010030001252,1,3,25,4,4,1,2,CV-865,6.8,6,8,0,1,5,3,2,3,3,2,1,1,1,2,2,7,7,3,1,1,1,9,14,1,1,3,NaN,2,2,NaN,,NaN,,NaN,,NaN,NaN,NaN,NaN,1,4,2,1,1,1,1,1,1,1,1,1,1,1,1,1,1,1,1,2,1,1,708827.996,4234153.633,-3.283,Cob,15886,0,0,0,13,1
18226,6,2010030001253,1,3,22,5,1,4,3,CV-755,19.5,19,5,1,1,5,2,2,3,3,2,1,1,1,1,1,7,7,8,1,1,1,9,14,1,1,3,NaN,2,5,NaN,,NaN,,NaN,,NaN,NaN,NaN,NaN,1,4,2,1,1,1,1,1,2,1,1,1,1,1,1,1,1,1,1,2,1,1,744596.946,4283857.548,423.661,Cob,2715,0,0,4,16,5
18227,6,2010030001258,1,3,27,5,6,2,1,CV-705,11,11,0,1,1,5,1,3,3,1,2,1,2,2,1,1,7,7,8,1,1,1,2,14,1,1,1,NaN,2,NaN,NaN,,NaN,,NaN,,66,NaN,60,NaN,1,4,1,1,1,1,1,2,1,1,1,1,1,1,1,1,1,1,1,2,1,1,728111.274,4300630.396,385.17,Cob,476,0,1,0,15,5
18228,6,2010030001260,1,3,27,3,6,2,1,CV-84,5.5,5,5,1,1,5,3,2,3,4,2,2,2,2,2,2,5,3,4,1,1,1,9,14,2,1,1,NaN,1,NaN,NaN,,NaN,,NaN,,NaN,63,60,NaN,1,4,1,1,1,1,1,2,1,1,1,1,1,1,1,1,1,1,1,2,1,2,697453.008,4242269.272,178.335,Sec,13237,0,0,2,10,6
18232,6,2010030001264,1,3,28,3,7,3,1,CV-820,19.5,19,5,0,1,5,3,2,3,3,2,1,1,1,1,1,7,7,8,1,2,1,9,14,3,1,1,NaN,2,NaN,NaN,,NaN,,NaN,,NaN,63,60,NaN,1,4,2,1,2,1,1,1,1,1,1,1,1,1,1,1,1,1,1,2,1,1,697141.66,4252063.545,211.629,Pri,2429,0,0,0,7,1
18233,6,2010030001265,1,3,26,1,5,1,1,CV-913,1.3,1,3,0,1,5,2,3,3,1,2,1,1,1,1,1,7,7,8,1,3,1,9,14,1,2,1,NaN,2,NaN,NaN,,NaN,,NaN,,66,NaN,60,NaN,1,4,2,1,2,1,1,2,2,1,1,1,1,1,1,1,1,1,1,2,1,1,688342.704,4222730.403,-14.048,Sec,6524,0,0,1,3,2
18234,6,2010030001267,1,3,28,5,7,3,1,CV-815,1.8,1,8,0,1,5,3,2,3,2,2,1,2,2,2,1,5,6,4,1,1,1,9,14,1,1,3,NaN,2,NaN,NaN,,NaN,,NaN,,NaN,61,60,NaN,1,4,2,1,2,1,1,1,2,1,1,1,1,1,1,1,1,1,1,2,1,1,703130.046,4276375.441,628.458,Cob,8049,0,0,0,16,6
18235,6,2010030001269,1,3,27,4,6,2,1,CV-870,0.3,0,3,1,1,5,2,2,3,3,2,1,2,1,1,1,7,7,8,1,1,1,9,8,1,1,1,NaN,2,NaN,NaN,,NaN,,NaN,,68,NaN,60,NaN,1,4,1,1,2,1,1,1,1,1,1,1,1,1,1,1,1,1,1,2,1,1,675768.139,4228860.458,113.617,Cob,0,0,0,0,14,5
18236,6,2010030001272,1,3,25,4,4,1,1,CV-83,25.3,25,3,0,1,5,3,2,3,3,2,1,2,2,2,2,7,7,7,1,1,1,9,14,2,1,3,NaN,1,NaN,NaN,,NaN,,NaN,,NaN,64,60,NaN,1,4,2,1,1,1,1,2,2,1,1,1,1,1,1,1,1,1,1,2,1,2,671088.227,4253438.924,562.619,Cob,2458,0,0,0,13,2
18237,6,2010030001279,1,3,26,3,5,1,1,CV-820,4.9,4,9,1,1,5,3,2,3,3,2,1,2,2,2,2,7,7,5,1,1,1,9,14,1,1,3,NaN,1,NaN,NaN,,21,24,NaN,,NaN,NaN,NaN,NaN,1,4,1,1,1,1,1,1,1,1,1,1,1,1,1,2,1,1,1,2,1,1,699886.538,4254100.537,273.849,Cob,5185,0,0,0,8,2
18238,6,2010030001287,1,3,28,4,7,3,1,CV-775,20.8,20,8,1,1,5,2,3,3,1,2,1,1,2,1,1,7,7,5,7,1,1,9,14,1,1,3,NaN,2,NaN,NaN,,NaN,,NaN,,NaN,63,60,NaN,1,4,1,1,1,1,1,1,1,2,1,1,1,1,1,1,1,1,1,2,1,1,730691.861,4265822.319,300.764,Cob,275,0,0,1,12,5
18240,6,2010030001315,1,3,31,4,3,2,2,CV-720,49.2,49,2,1,1,5,2,3,3,1,2,1,1,1,1,1,7,7,5,1,1,1,9,14,1,1,3,NaN,2,3,NaN,,NaN,,NaN,,NaN,NaN,NaN,NaN,1,4,1,1,1,1,1,1,2,1,1,1,1,1,1,1,1,1,1,2,1,1,730842.551,4290895.734,618.674,Cob,2594,0,0,1,11,1
18241,6,2010030001322,1,3,29,2,1,4,1,CV-800,24.5,24,5,1,1,5,3,2,3,3,2,1,2,2,2,2,7,7,8,1,4,1,9,14,2,1,3,NaN,1,NaN,NaN,,NaN,,NaN,,68,NaN,60,NaN,1,4,1,1,1,1,1,2,2,1,1,1,1,1,1,1,1,1,1,2,1,1,719523.746,4264861.535,249.636,Cob,2006,0,0,0,5,5
18242,6,2010030001331,1,3,31,4,3,1,1,CV-865,2.9,2,9,1,1,5,3,2,3,4,2,1,1,1,1,1,7,7,8,1,1,1,9,13,2,1,3,NaN,2,NaN,NaN,,NaN,,NaN,,67,NaN,60,NaN,1,4,2,1,1,1,1,1,1,2,1,1,1,1,1,1,1,1,1,2,1,1,710903.792,4232551.291,-20.353,Cob,15886,0,0,0,12,1
18243,6,2010030001340,1,3,31,1,3,1,1,CV-84,2.1,2,1,0,1,5,3,2,3,3,2,2,2,2,2,2,7,7,8,1,5,1,9,14,2,1,3,NaN,1,NaN,NaN,,21,24,NaN,,NaN,NaN,NaN,NaN,1,4,1,1,1,1,1,1,1,1,1,1,1,1,1,2,1,1,1,2,1,1,697608.679,4241949.935,168.557,Sec,18460,0,0,0,1,1
18244,6,2010030001343,1,4,1,5,4,2,1,CV-70,45.7,45,7,1,1,5,2,2,3,1,2,2,1,1,1,2,7,7,6,1,1,1,9,14,1,2,3,NaN,2,NaN,NaN,,21,21,NaN,,NaN,NaN,NaN,NaN,1,4,2,1,1,1,1,1,2,1,1,1,1,1,1,1,1,1,1,2,2,3,724300.245,4286805.984,668.776,Per,23684,0,1,0,16,1
18247,6,2010030001347,1,3,31,6,3,1,3,CV-763,3.8,3,8,0,1,5,2,3,3,3,2,1,1,1,1,1,7,7,5,1,1,1,9,14,1,1,1,NaN,2,1,NaN,,NaN,,NaN,,NaN,NaN,NaN,NaN,1,4,2,1,1,1,1,1,1,1,1,1,1,1,1,1,1,1,1,2,1,1,751273.069,4275307.304,122.962,Cob,10459,0,0,3,17,4
18250,6,2010030001351,1,3,25,4,4,1,2,CV-925,29,29,0,1,1,5,2,3,3,3,2,1,1,1,1,1,7,7,8,1,1,1,9,3,3,1,3,NaN,2,4,NaN,,NaN,,NaN,,NaN,NaN,NaN,NaN,1,4,2,1,1,1,1,2,2,1,1,1,1,1,1,1,1,1,1,2,1,1,682632.079,4214393.08,9.306,Sec,4301,0,0,2,13,1
18253,6,2010030001354,1,3,30,4,2,1,3,CV-940,9.5,9,5,0,1,5,2,3,3,2,2,1,1,1,1,1,7,7,8,1,1,1,9,14,1,1,3,NaN,2,4,NaN,,NaN,,NaN,,NaN,NaN,NaN,NaN,1,4,2,1,1,1,1,1,1,1,1,1,1,1,1,1,1,1,1,2,1,1,697675.364,4214428.429,11.622,Cob,4556,0,0,0,13,1
18255,6,2010030001356,1,4,2,6,5,3,1,CV-914,0.9,0,9,0,1,5,2,3,3,1,2,1,1,1,1,1,7,7,8,1,1,1,9,14,3,1,1,NaN,1,NaN,NaN,,NaN,,NaN,,NaN,61,60,NaN,1,4,2,1,2,1,1,1,1,1,1,1,1,1,1,1,1,1,1,2,2,1,689677.662,4218134.547,-10.572,Cob,3252,0,0,3,18,1
18256,6,2010030001359,1,4,2,4,5,3,1,CV-700,60.6,60,6,0,1,5,2,2,3,3,2,1,1,1,1,1,7,7,5,1,1,1,9,14,1,1,1,NaN,2,NaN,NaN,,NaN,,NaN,,NaN,52,50,NaN,1,4,1,1,1,1,1,1,2,1,1,1,1,1,1,1,1,1,1,2,1,1,753271.988,4304110.145,2.927,Cob,6002,0,0,0,11,1
18259,6,2010030001361,1,4,2,1,5,3,2,CV-913,4.3,4,3,0,1,5,2,3,3,3,2,1,1,2,1,1,7,7,8,1,5,1,9,14,1,1,1,NaN,2,3,NaN,,NaN,,NaN,,NaN,NaN,NaN,NaN,1,4,1,1,1,1,1,1,2,1,1,1,1,1,1,1,1,1,1,2,1,1,690493.683,4224686.719,-17.221,Sec,6524,0,0,1,23,5
18262,6,2010030001364,1,4,2,6,5,3,1,CV-940,2.5,2,5,0,1,5,3,2,3,3,2,1,1,2,2,1,5,6,8,1,1,1,9,14,3,1,1,NaN,2,NaN,NaN,,NaN,,NaN,,67,NaN,60,NaN,1,4,2,1,1,1,1,1,1,1,1,1,1,1,1,1,1,1,1,2,1,1,695410.486,4208158.149,4.663,Cob,4628,0,0,0,19,7
18263,6,2010030001366,1,4,3,1,6,3,1,CV-865,3.7,3,7,0,1,5,3,2,3,4,2,1,1,2,2,2,7,7,8,1,5,1,9,14,3,1,1,NaN,1,NaN,NaN,,21,24,NaN,,NaN,NaN,NaN,NaN,1,4,1,1,1,1,1,1,1,1,1,1,1,1,1,2,1,1,1,2,1,1,706247.781,4235819.913,24.516,Cob,15886,0,0,0,3,1
18264,6,2010030001370,1,4,4,3,7,3,1,CV-715,6,6,0,1,1,5,2,3,3,3,2,1,2,2,2,2,7,7,5,1,1,1,9,14,1,1,1,NaN,2,NaN,NaN,,NaN,,NaN,,NaN,64,60,NaN,1,4,1,1,1,1,1,2,1,1,1,1,1,1,1,1,1,1,1,2,1,1,751860.069,4282634.435,151.782,Cob,5495,0,0,0,9,5
18265,6,2010030001376,1,4,4,6,7,3,1,CV-800,2.4,2,4,1,1,5,3,2,3,3,2,1,2,1,2,2,7,7,8,1,5,1,9,14,3,1,1,NaN,2,NaN,NaN,,NaN,,12,9,NaN,NaN,NaN,NaN,1,4,2,1,2,1,1,1,1,1,1,1,1,1,1,1,1,1,1,2,1,1,720030.156,4279295.935,843.411,Cob,14233,0,1,0,21,2
18266,6,2010030001378,1,3,14,3,7,3,1,CV-905,1,1,0,1,1,5,3,2,3,3,2,1,1,2,2,2,7,7,5,1,1,1,9,14,1,1,1,NaN,2,NaN,NaN,,NaN,,NaN,,NaN,NaN,NaN,71,1,4,2,1,1,1,1,1,1,1,1,1,1,1,1,1,1,1,1,2,3,1,703065.797,4207654.617,-15.445,Pri,23802,0,0,0,8,2
18268,6,2010030001384,1,4,1,3,4,1,2,CV-91,3.9,3,9,0,1,5,2,2,3,3,2,1,1,1,1,1,1,1,8,1,1,1,9,14,1,1,1,NaN,2,2,NaN,,NaN,,NaN,,NaN,NaN,NaN,NaN,1,4,1,1,1,1,1,1,2,1,1,1,1,1,1,1,1,1,1,2,1,1,684787.107,4218149.692,-11.762,Sec,10987,0,0,0,10,7
18270,6,2010030001391,1,4,7,2,3,1,2,CV-84,0,0,0,0,1,5,3,1,3,3,2,1,1,1,1,1,5,3,4,1,3,1,9,14,1,1,1,NaN,2,4,NaN,,NaN,,NaN,,NaN,NaN,NaN,NaN,1,4,2,1,1,1,1,1,2,1,1,1,1,1,1,1,1,1,1,2,2,2,698967.69,4240521.084,137.921,Sec,18460,0,0,1,6,6
18272,6,2010030001392,1,4,7,3,3,1,2,CV-70,44.8,44,8,0,1,5,3,2,3,3,2,1,1,1,1,1,5,1,4,1,1,1,9,14,1,2,3,NaN,2,2,NaN,,NaN,,NaN,,NaN,NaN,NaN,NaN,2,4,1,1,1,1,1,2,2,1,1,1,1,1,1,1,1,1,1,2,1,1,750194.9,4275997.809,189.915,Per,23684,0,2,1,10,7
18273,6,2010030001394,1,4,5,5,1,3,1,CV-775,6.5,6,5,1,1,5,2,2,3,3,2,1,2,2,1,1,7,7,8,1,1,1,9,14,1,1,1,NaN,1,NaN,NaN,,NaN,,12,9,NaN,NaN,NaN,NaN,1,4,1,1,1,1,1,2,1,1,1,1,1,1,1,1,1,1,1,2,1,1,734543.666,4274824.628,418.073,Cob,275,0,1,0,16,5
18274,6,2010030001395,1,4,4,4,7,3,1,CV-805,11.6,11,6,1,1,5,3,2,3,3,2,1,1,1,1,1,7,7,8,1,1,1,9,14,3,1,3,NaN,1,NaN,NaN,,NaN,,NaN,,57,NaN,50,NaN,1,4,2,1,1,1,1,1,1,1,1,1,1,1,1,1,1,1,1,2,1,1,709782.139,4275905.16,632.796,Cob,2234,0,0,0,13,1
18275,6,2010030001430,1,4,6,3,2,4,1,CV-913,3.8,3,8,0,1,5,2,2,3,3,2,1,1,1,1,1,2,1,8,1,2,1,9,14,2,2,1,NaN,2,NaN,NaN,,NaN,,12,9,NaN,NaN,NaN,NaN,1,4,1,1,1,1,1,1,1,2,1,1,1,1,1,1,1,1,1,2,1,1,690107.889,4224401.65,-17.142,Sec,6524,0,0,0,8,7
18276,6,2010030001435,1,4,10,4,6,2,1,CV-835,6.7,6,7,1,1,5,2,3,3,2,2,1,2,2,1,2,7,7,8,1,1,1,9,14,1,1,3,NaN,2,NaN,NaN,,NaN,,NaN,,NaN,61,60,NaN,1,4,1,1,1,1,1,2,1,1,1,1,1,1,1,1,1,1,1,2,1,1,691126.543,4259484.409,338.536,Sec,3122,0,0,2,14,5
18282,6,2010030001436,1,4,10,4,6,2,3,CV-940,6,6,0,0,1,5,2,2,3,3,2,1,1,2,1,1,1,6,3,1,1,1,9,14,3,1,1,NaN,2,4,NaN,,NaN,,NaN,,NaN,NaN,NaN,NaN,1,4,1,1,1,1,1,1,2,1,1,1,1,1,1,1,1,1,1,2,1,1,696210.856,4211362.27,10.189,Cob,4556,0,0,5,13,6