Id,Ano,Numero_Accidente,Provincia,Mes,Dia,Hora,Dia_Semana,Tipo_Dia,Vehiculos_Implicados,Carretera,Pk,Km,Hm,Sentido,Zona,Tipo_Via,Anchura_Calzada,Anchura_Carril,Marcas_Viales,Arcen,Arcen_Pavimentado,Mediana,Barrera_Seguridad,Paneles_Direccionales,Hitos_Arista,Captafaros,Interseccion_Tipo,Interseccion_Acondicionamiento,Prioridad_Regulada_por,Superficie,Luminosidad,Factores_Atmosfericos,Visibilidad_Restringida_por,Otras_Circunstancias,Senalizacion_Peligro,Aceras,Arboles,Arboles_Metros_Calzada,Visibilidad_Senalizacion_Vertical,Colision_Vehiculos_Marcha,Colision_Vehiculo_Obstaculo_1,Colision_Vehiculo_Obstaculo_2,Atropello_1,Atropello_2,Vuelco_1,Vuelco_2,Salida_Sin_Colision,Salida_Con_Colision,Lado_Salida,Otro,Circulacion,Circulacion_Medidas_Especiales,Distraccion,Inexperiencia_Conductor,Alcohol_Drogas,Cansancio_Sueno,Enfermedad,Velocidad_Inadecuada,Infraccion_Norma_Circulacion,Estado_Condicion_Via,Estado_Condicion_Senalizacion,Tramo_Obras,Mal_Estado_Vehiculo,Averia_Mecanica,Meteorologia_Adversa,Irrupcion_Animal,Circular_Sentido_Contrario,Otro_Factor,Sin_Opinion_Definida,Pendiente,Curvatura,Peralte,GPS_x,GPS_y,GPS_z,Tipo_Est,IMD,N_Muertos,N_Graves,N_Leves,Hora_Real,Fuera_o_Interseccion
18283,6,2010030001443,1,4,9,2,5,1,1,CV-95,13,13,0,0,1,5,3,2,3,3,2,1,2,2,1,2,7,7,8,1,5,1,9,14,1,1,1,NaN,2,NaN,NaN,,NaN,,NaN,,NaN,54,50,NaN,1,4,1,1,1,2,1,1,1,1,1,1,1,1,1,1,1,1,1,2,1,1,690421.409,4210763.995,70.166,Cob,8866,0,0,0,5,2
18284,6,2010030001445,1,4,4,6,7,3,1,CV-800,26,26,0,1,1,5,2,2,3,3,2,1,2,2,2,2,7,7,5,1,1,1,9,14,1,1,1,NaN,2,NaN,NaN,,NaN,,NaN,,NaN,63,60,NaN,1,4,2,1,2,1,1,1,1,1,1,1,1,1,1,1,1,1,1,2,1,1,720056.64,4263491.943,214.971,Cob,2006,0,0,0,18,5
18286,6,2010030001447,1,4,13,3,2,4,2,CV-91,3.8,3,8,1,1,5,2,3,3,4,2,1,1,1,1,1,7,7,8,3,4,4,9,14,1,1,1,NaN,2,4,NaN,,NaN,,NaN,,NaN,NaN,NaN,NaN,2,4,2,1,1,1,1,1,1,1,1,1,1,1,1,1,1,1,1,2,1,1,701623.754,4219067.851,-24.608,Sec,10987,0,0,1,7,1
18287,6,2010030001449,1,4,11,3,7,3,1,CV-70,47.2,47,2,1,1,5,3,2,3,2,2,2,1,1,1,1,7,7,8,1,1,1,9,14,3,1,1,NaN,1,NaN,NaN,,NaN,,NaN,,66,NaN,60,NaN,1,4,2,1,1,1,1,1,1,1,1,1,1,1,1,1,1,1,1,2,2,3,723361.084,4286470.836,728.934,Per,23684,0,0,1,8,2
18289,6,2010030001454,1,4,13,6,2,1,1,CV-800,9,9,0,0,1,5,3,2,3,4,2,1,1,1,2,2,7,7,8,1,1,1,9,14,3,1,1,NaN,2,NaN,NaN,,NaN,,NaN,,67,NaN,60,NaN,1,4,1,1,1,1,1,1,1,1,1,1,1,2,1,1,1,1,1,2,1,1,718856.902,4275666.767,980.234,Sec,5057,0,0,0,17,2
18291,6,2010030001455,1,4,10,3,6,2,2,CV-800,22.5,22,5,1,1,5,2,3,3,3,2,1,1,1,2,1,7,7,8,8,1,1,2,14,1,1,3,NaN,2,NaN,NaN,,NaN,,12,9,NaN,NaN,NaN,NaN,1,4,1,1,1,1,1,1,1,2,1,1,2,2,1,1,1,1,1,2,1,1,718880.716,4266569.559,311.936,Cob,2006,0,0,0,10,4
18293,6,2010030001467,1,4,14,5,3,1,2,CV-70,46.7,46,7,1,1,5,3,2,3,3,2,1,1,1,1,1,5,6,5,1,1,1,9,14,1,1,1,NaN,2,2,NaN,,NaN,,NaN,,NaN,NaN,NaN,NaN,1,4,1,1,1,1,1,1,2,1,1,1,1,1,1,1,1,1,1,2,1,1,723675.981,4286886.656,699.366,Per,23684,0,0,0,16,6
18294,6,2010030001471,1,4,15,6,4,1,1,CV-84,5,5,0,0,1,5,3,2,3,4,2,2,2,1,2,2,7,7,8,1,1,1,9,14,2,1,3,NaN,2,NaN,NaN,,NaN,,NaN,,NaN,64,60,NaN,1,4,2,1,1,1,1,1,1,1,1,1,1,1,1,1,1,1,1,2,1,1,696021.496,4244236.703,259.736,Sec,18460,0,0,1,19,3
18295,6,2010030001484,1,4,16,3,5,1,1,CV-945,1,1,0,0,1,5,3,3,2,3,2,1,1,1,2,1,7,7,8,1,1,1,9,14,3,1,1,NaN,1,NaN,NaN,,NaN,,NaN,,67,NaN,60,NaN,1,4,2,1,1,2,1,1,1,1,1,1,1,1,1,1,1,1,1,2,1,1,699856.207,4211770.701,-22.844,Sec,9343,0,0,1,9,1
18296,6,2010030001485,1,4,16,6,5,1,1,CV-70,24.6,24,6,1,1,5,2,2,3,1,2,1,2,1,1,1,7,7,5,1,1,1,9,14,2,1,1,NaN,2,NaN,NaN,,NaN,,NaN,,NaN,61,60,NaN,1,4,2,1,1,1,1,1,1,1,1,1,1,1,1,1,1,1,1,2,1,1,739740.373,4285787.777,625.145,Sec,695,0,0,0,19,1
18297,6,2010030001486,1,4,17,6,6,2,1,CV-95,5.5,5,5,0,1,5,3,2,3,3,2,1,2,2,2,1,7,7,8,1,1,1,9,14,3,1,3,NaN,1,NaN,NaN,,NaN,,NaN,,56,NaN,50,NaN,1,4,2,1,1,1,1,1,1,1,1,1,1,1,1,1,1,1,1,2,1,1,685212.674,4215234.77,14.213,Cob,11372,0,0,2,18,1
18300,6,2010030001491,1,4,18,3,7,3,1,CV-95,15.3,15,3,1,1,5,3,2,3,3,2,1,2,2,1,2,7,7,8,3,2,4,9,14,1,1,1,NaN,2,NaN,NaN,,NaN,,NaN,,66,NaN,60,NaN,1,4,1,1,1,1,1,2,1,1,1,1,1,1,1,1,1,1,1,2,1,1,689868.504,4211164.81,89.117,Pri,8272,0,0,2,7,4
18301,6,2010030001492,1,4,16,1,5,1,1,CV-911,1.2,1,2,0,1,5,3,2,3,1,2,1,1,1,1,1,5,3,4,1,3,1,9,14,1,2,1,NaN,2,NaN,NaN,,NaN,,NaN,,NaN,51,50,NaN,1,4,2,1,2,1,1,2,2,1,1,1,1,1,1,1,1,1,1,2,1,1,687594.887,4219668.179,-11.172,Sec,8187,0,0,0,23,6
18303,6,2010030001495,1,4,17,4,6,2,2,CV-920,16.1,16,1,1,1,5,3,3,3,3,2,1,1,2,2,2,5,6,4,1,1,1,9,14,1,1,3,NaN,1,4,NaN,,NaN,,NaN,,NaN,NaN,NaN,NaN,1,4,2,1,1,1,1,1,1,1,1,1,1,1,1,1,1,1,1,2,1,1,692049.803,4217750.257,-1.025,Cob,7673,0,0,0,11,6
18304,6,2010030001511,1,4,18,1,7,3,1,CV-920,8,8,0,1,1,5,3,2,3,5,2,1,2,2,2,2,7,7,5,3,4,1,9,14,1,1,3,NaN,2,NaN,NaN,,NaN,,NaN,,NaN,64,60,NaN,1,4,1,1,1,1,1,2,1,1,1,1,1,1,2,1,1,1,1,2,1,1,699044.719,4218279.278,-16.44,Cob,3535,0,0,0,23,5
18305,6,2010030001525,1,4,14,2,3,1,1,CV-715,5.9,5,9,1,1,5,3,2,3,3,2,1,1,2,1,1,7,7,5,1,5,1,9,14,1,1,3,NaN,2,NaN,NaN,,NaN,,NaN,,NaN,62,60,NaN,1,4,1,1,1,1,1,2,1,1,1,1,1,1,1,1,1,1,1,2,2,2,751839.565,4282540.322,152.404,Cob,5495,0,0,0,5,5
18307,6,2010030001534,1,4,17,4,6,2,2,CV-724,2.2,2,2,1,1,5,2,3,3,3,2,1,1,1,1,1,1,6,5,1,1,1,9,14,1,1,1,NaN,2,2,NaN,,NaN,,NaN,,NaN,NaN,NaN,NaN,1,4,1,1,1,1,1,1,2,1,1,1,1,1,1,1,1,1,1,2,1,1,766067.969,4303121.807,-7.917,Sec,5740,0,0,1,13,6
18309,6,2010030001546,1,4,22,4,4,1,2,CV-895,2,2,0,0,2,5,3,2,3,1,2,1,1,1,1,1,1,6,3,1,1,1,9,14,1,1,1,NaN,2,2,NaN,,NaN,,NaN,,NaN,NaN,NaN,NaN,1,4,1,1,1,1,1,1,2,1,1,1,1,1,1,1,1,1,1,2,1,1,701378.859,4214428.193,-7.963,Cob,9335,0,0,0,11,6
18311,6,2010030001559,1,4,20,6,2,1,1,CV-912,5.8,5,8,0,1,5,2,2,3,2,2,1,1,1,1,1,7,7,8,1,5,1,9,14,3,1,1,NaN,1,NaN,NaN,,NaN,,NaN,,NaN,51,50,NaN,1,4,2,1,1,1,1,2,1,1,1,1,1,1,1,1,1,1,1,2,2,2,692668.567,4222080.527,-22.552,Cob,3117,0,0,0,21,1
18313,6,2010030001564,1,4,26,3,1,4,2,CV-91,15,15,0,1,1,5,3,2,3,3,2,1,1,1,2,2,5,6,5,1,1,1,9,14,1,1,1,NaN,2,2,NaN,,NaN,,NaN,,NaN,NaN,NaN,NaN,1,4,1,1,1,1,1,1,2,1,1,1,1,1,1,1,1,1,1,2,1,1,691013.951,4217991.424,-18.935,Cob,10424,0,0,0,8,6
18315,6,2010030001565,1,4,26,4,1,1,2,CV-860,3.8,3,8,1,1,5,3,2,3,3,2,1,1,1,1,1,2,1,3,1,1,1,9,14,1,1,1,NaN,2,3,NaN,,NaN,,NaN,,NaN,NaN,NaN,NaN,1,4,2,1,1,1,1,1,2,1,1,1,1,1,1,1,1,1,1,2,1,2,700696.783,4222107.822,-15.808,Cob,5130,0,0,0,12,6
18317,6,2010030001566,1,4,9,4,5,1,2,CV-900,13.1,13,1,0,1,5,1,3,3,3,2,1,1,1,1,1,1,5,4,1,1,1,9,14,1,1,1,NaN,2,2,NaN,,NaN,,NaN,,NaN,NaN,NaN,NaN,1,4,1,1,1,1,1,1,2,1,1,1,1,1,1,1,1,1,1,2,1,1,685041.497,4226047.941,-8.679,Cob,3866,0,0,1,11,6
18319,6,2010030001568,1,4,13,6,2,1,2,CV-900,2.8,2,8,0,1,5,3,2,3,3,2,1,1,1,1,1,1,1,2,1,1,1,9,14,1,1,3,NaN,2,2,NaN,,NaN,,NaN,,NaN,NaN,NaN,NaN,1,4,1,1,1,1,1,1,2,1,1,1,1,1,1,1,1,1,1,2,1,1,683442.938,4220245.061,-2.499,Cob,6294,0,0,1,18,6
18320,6,2010030001570,1,4,26,6,1,4,1,CV-70,44.2,44,2,0,1,5,3,2,3,2,2,2,2,2,1,1,5,6,4,1,1,1,9,14,1,1,1,NaN,1,NaN,NaN,,NaN,,NaN,,66,NaN,60,NaN,1,4,1,2,1,1,1,1,2,1,1,1,1,1,1,1,1,1,1,2,1,1,750115.074,4276541.46,212.234,Cob,26042,0,0,1,19,6
18321,6,2010030001573,1,4,24,6,6,2,1,CV-900,10,10,0,0,1,5,3,2,3,1,2,1,1,1,1,1,5,3,4,1,3,1,9,14,1,1,1,NaN,2,NaN,NaN,,NaN,,NaN,,NaN,61,60,NaN,1,4,2,1,2,1,1,1,2,1,1,1,1,1,1,1,1,1,1,2,1,1,686260.736,4223463.942,-11.635,Sec,9903,0,0,0,22,6
18323,6,2010030001574,1,4,27,3,2,1,2,CV-900,9.1,9,1,0,1,5,2,3,3,4,2,1,2,1,1,2,7,7,8,1,1,1,9,14,3,1,3,NaN,2,1,NaN,,NaN,,NaN,,NaN,NaN,NaN,NaN,1,4,2,1,1,1,1,1,2,1,1,1,1,1,1,1,1,1,1,2,1,1,686772.983,4222747.452,-10.758,Sec,9903,0,1,1,9,1
18325,6,2010030001576,1,4,26,6,1,4,2,CV-91,14.9,14,9,0,1,5,3,2,3,1,2,1,1,1,1,1,5,1,8,1,3,1,9,14,1,1,1,NaN,2,2,NaN,,NaN,,NaN,,NaN,NaN,NaN,NaN,1,4,1,1,1,1,1,1,2,1,1,1,1,1,1,1,1,1,1,2,1,1,695316.332,4219037.647,-17.526,Pri,12300,0,0,0,21,6
18326,6,2010030001577,1,4,24,1,6,2,1,CV-904,2.8,2,8,1,1,5,3,2,2,3,2,1,1,2,1,1,7,7,8,1,5,1,9,14,3,1,1,NaN,1,NaN,NaN,,NaN,,NaN,,NaN,63,60,NaN,1,4,2,1,1,1,1,1,1,1,1,1,1,1,1,1,1,1,1,2,1,1,691748.147,4229752.266,-16.178,Cob,4507,0,0,2,4,1
18327,6,2010030001586,1,4,26,1,1,1,1,CV-835,6.3,6,3,0,1,5,3,2,3,1,2,1,2,2,2,2,7,7,8,1,4,1,9,14,3,1,1,NaN,2,NaN,NaN,,NaN,,NaN,,NaN,64,60,NaN,1,4,1,1,1,2,2,1,1,1,1,1,1,1,1,1,1,2,1,2,1,1,690514.173,4254222.584,344.084,Sec,3122,0,0,0,2,3
18328,6,2010030001587,1,4,26,2,1,4,1,CV-95,24,24,0,1,1,5,3,3,3,3,2,1,1,1,2,2,7,7,5,1,3,1,9,14,2,1,1,NaN,1,NaN,NaN,,NaN,,NaN,,NaN,53,50,NaN,1,4,1,1,2,1,1,1,1,1,1,1,1,1,1,1,1,1,1,2,1,1,683377.569,4215321.423,-0.823,Cob,19850,0,0,0,5,1
18331,6,2010030001588,1,4,28,4,3,1,3,CV-900,10.3,10,3,1,1,5,2,3,3,3,2,1,2,1,1,2,7,7,8,1,1,1,9,14,3,1,3,NaN,2,5,NaN,,NaN,,NaN,,NaN,NaN,NaN,NaN,1,4,1,1,1,1,1,1,1,1,1,1,1,1,1,1,1,2,1,2,1,1,684466.595,4220413.54,-11.204,Cob,6994,0,0,3,13,1
18335,6,2010030001603,1,4,30,2,5,1,1,CV-855,4,4,0,0,1,5,3,2,3,3,2,2,1,1,1,1,5,1,4,1,3,1,9,14,1,1,1,NaN,3,NaN,NaN,,NaN,,NaN,,NaN,54,50,NaN,1,4,2,1,1,1,1,1,1,1,1,1,1,1,1,1,1,1,1,2,1,1,701691.164,4232687.876,4.657,Pri,4726,0,0,0,5,6
18336,6,2010030001604,1,5,2,6,7,3,1,CV-820,15,15,0,0,1,5,3,2,3,3,2,1,2,2,2,1,7,7,8,1,5,1,9,14,1,1,1,NaN,2,NaN,NaN,,NaN,,NaN,,NaN,63,60,NaN,1,4,2,1,2,1,1,1,2,1,1,1,1,1,1,1,1,1,1,2,1,1,700716.535,4254423.507,275.537,Pri,2429,0,0,0,22,1
18339,6,2010030001605,1,5,2,6,7,3,1,CV-870,1.4,1,4,1,1,5,3,2,3,3,2,1,1,2,1,1,7,7,8,1,1,1,9,14,1,1,1,NaN,2,NaN,NaN,,NaN,,NaN,,68,NaN,60,NaN,1,4,2,1,1,1,1,1,1,1,1,1,1,1,1,1,1,1,1,2,1,1,676759.646,4228425.369,96.148,Cob,0,0,0,0,17,5
18341,6,2010030001610,1,4,29,3,4,1,2,CV-84,5.6,5,6,0,1,5,2,2,3,3,2,1,1,1,1,1,5,1,8,1,1,1,9,14,1,1,3,NaN,2,4,NaN,,NaN,,NaN,,NaN,NaN,NaN,NaN,1,4,2,1,1,1,1,2,1,1,1,1,1,1,1,1,1,1,1,2,1,1,695591.714,4244461.201,266.692,Sec,13237,0,0,0,8,6
18344,6,2010030001615,1,4,30,6,5,2,3,CV-865,10.8,10,8,1,1,5,2,3,3,1,2,1,2,1,1,1,7,7,7,1,5,1,9,13,1,1,3,NaN,2,2,NaN,,NaN,,NaN,,NaN,NaN,NaN,NaN,2,4,2,1,2,1,1,1,2,1,1,1,1,1,1,1,1,1,1,2,1,1,704480.85,4236957.581,36.02,Sec,0,0,0,2,21,1
18346,6,2010030001620,1,5,3,2,1,4,2,CV-900,2.8,2,8,0,1,5,3,2,3,3,2,1,1,1,1,1,1,2,3,1,3,1,9,14,1,1,3,NaN,2,2,NaN,,NaN,,NaN,,NaN,NaN,NaN,NaN,1,4,1,1,1,1,1,1,2,1,1,1,1,1,1,1,1,1,1,2,1,1,683442.938,4220245.061,-2.499,Cob,6294,0,0,0,6,6
18347,6,2010030001623,1,5,1,4,6,2,1,CV-821,4.3,4,3,1,1,5,3,2,3,3,2,1,1,1,2,2,5,6,8,1,1,1,9,14,3,2,3,NaN,2,NaN,NaN,,NaN,,NaN,,NaN,53,50,NaN,1,4,2,1,1,1,1,2,1,1,1,1,1,1,1,1,1,1,1,2,1,1,720764.445,4253757.696,42.31,Sec,22970,0,0,0,11,6
18348,6,2010030001628,1,4,30,6,5,1,1,CV-840,26,26,0,0,1,5,3,2,3,3,2,1,2,2,2,1,7,7,8,1,1,1,9,14,1,1,1,NaN,1,NaN,NaN,,NaN,,NaN,,66,NaN,60,NaN,1,4,2,1,1,1,1,1,2,1,1,1,1,1,1,1,1,1,1,2,1,1,671916.19,4247971.885,510.072,Sec,2126,0,0,2,17,1
18352,6,2010030001629,1,5,4,1,2,1,2,CV-70,44.2,44,2,0,1,5,3,2,3,3,2,1,1,1,1,1,5,6,4,1,3,1,9,14,1,2,1,NaN,2,3,NaN,,NaN,,NaN,,NaN,NaN,NaN,NaN,1,4,1,1,1,1,1,1,2,1,1,1,1,1,1,1,1,1,1,2,1,1,750118.324,4276640.942,213.268,Cob,26042,0,0,0,23,6
18354,6,2010030001631,1,5,4,6,2,1,1,CV-70,43.2,43,2,0,1,5,2,2,3,2,2,2,1,1,1,1,7,7,5,1,1,4,9,14,1,1,3,NaN,2,NaN,NaN,,NaN,,NaN,,NaN,53,50,NaN,1,4,1,1,1,1,1,2,1,1,1,1,1,1,1,1,1,1,1,2,1,2,749446.453,4277124.539,225.26,Cob,6230,0,1,0,19,2
18355,6,2010030001632,1,5,4,4,2,1,1,CV-830,16.3,16,3,0,1,5,2,2,3,1,2,1,1,2,1,1,7,7,8,1,1,1,9,14,1,1,3,NaN,2,NaN,NaN,,NaN,,NaN,,66,NaN,60,NaN,1,4,2,1,1,2,1,1,1,1,1,1,1,1,1,1,1,1,1,2,1,1,688135.447,4266610.696,492.681,Pri,2655,0,0,2,14,1
18357,6,2010030001642,1,5,5,3,3,1,2,CV-91,8,8,0,1,1,5,3,2,3,3,2,1,1,2,2,2,5,1,8,1,1,1,9,14,3,1,1,NaN,1,2,NaN,,NaN,,NaN,,NaN,NaN,NaN,NaN,1,4,1,1,1,1,1,1,2,1,1,1,1,1,1,1,1,1,1,2,1,1,697606.78,4219327.99,-27.28,Sec,10987,0,0,0,7,6
18358,6,2010030001645,1,5,5,4,3,1,1,CV-925,27.5,27,5,0,1,5,3,2,3,3,2,1,2,1,1,1,7,7,8,1,1,1,9,14,3,1,1,NaN,2,NaN,NaN,,NaN,,NaN,,66,NaN,60,NaN,1,4,1,1,1,1,1,1,1,1,1,1,1,1,1,1,1,2,1,2,1,1,689670.014,4196781.323,109.264,Sec,4301,0,0,0,14,1
18360,6,2010030001654,1,5,6,6,4,1,2,CV-915,4.3,4,3,1,1,5,2,3,3,3,2,1,1,1,1,1,5,1,4,1,1,1,9,14,1,2,3,NaN,2,2,NaN,,NaN,,NaN,,NaN,NaN,NaN,NaN,1,4,2,1,1,1,1,1,2,1,1,1,1,1,1,1,1,1,1,2,1,1,678425.39,4216482.36,1.931,Sec,7667,0,0,0,18,6
18362,6,2010030001657,1,5,6,5,4,1,2,CV-800,20.5,20,5,0,1,5,3,2,3,3,2,1,1,2,2,2,7,7,8,1,1,1,3,14,3,1,1,NaN,2,2,NaN,,NaN,,NaN,,NaN,NaN,NaN,NaN,1,4,1,1,1,1,1,2,1,1,1,1,1,1,1,1,1,1,1,2,1,1,717155.497,4270611.511,501.505,Cob,2006,0,0,0,15,2
18364,6,2010030001663,1,5,7,3,5,1,2,CV-725,5.8,5,8,1,1,5,3,2,3,1,2,2,1,1,1,1,5,1,4,1,1,1,9,8,1,1,1,NaN,3,4,NaN,,NaN,,NaN,,NaN,NaN,NaN,NaN,2,3,1,1,1,1,1,1,2,1,1,1,1,1,1,1,1,1,1,2,1,1,763856.184,4301990.275,5.353,Cob,28105,0,0,0,8,6
18366,6,2010030001665,1,5,6,4,4,1,2,CV-865,3.7,3,7,1,1,5,3,1,3,4,2,1,1,1,1,1,7,7,5,1,1,1,9,14,2,1,3,NaN,1,3,NaN,,NaN,,NaN,,NaN,NaN,NaN,NaN,1,4,1,1,1,1,1,1,2,1,1,1,1,1,1,1,1,1,1,2,1,1,710326.221,4233074.035,-19.813,Cob,15886,0,0,0,12,1
18367,6,2010030001666,1,5,3,1,1,4,1,CV-905,7,7,0,0,1,5,3,3,4,3,2,2,2,1,2,1,7,7,8,1,3,1,9,14,1,1,1,NaN,2,NaN,NaN,,NaN,,NaN,,NaN,61,60,NaN,3,4,2,1,1,1,1,1,1,1,1,1,1,1,1,2,1,1,1,2,1,1,701855.225,4210579.953,-15.982,Cob,25484,0,0,0,4,1
18368,6,2010030001668,1,5,8,4,6,2,1,CV-83,9.1,9,1,0,1,5,3,3,3,3,2,1,1,1,2,2,7,7,8,1,1,1,9,14,2,1,3,NaN,2,NaN,NaN,,NaN,,NaN,,68,NaN,60,NaN,1,4,2,1,2,1,1,1,1,1,1,1,1,1,1,1,1,1,1,2,1,1,685662.427,4257017.456,467.849,Cob,5985,0,0,0,13,1
18369,6,2010030001669,1,5,8,6,6,2,1,CV-95,15,15,0,0,1,5,3,2,3,3,2,1,1,2,1,1,7,7,8,1,1,1,9,14,1,1,3,NaN,2,NaN,NaN,,NaN,,NaN,,NaN,54,50,NaN,1,4,1,1,1,1,1,2,1,1,1,1,1,1,1,1,1,1,1,2,1,1,691672.026,4209259.863,52.574,Pri,8272,0,0,0,19,5
18371,6,2010030001672,1,5,9,6,7,3,2,CV-70,42,42,0,1,1,5,2,3,3,3,2,1,1,1,1,1,1,1,5,1,1,1,9,14,3,1,3,NaN,1,2,NaN,,NaN,,NaN,,NaN,NaN,NaN,NaN,1,4,1,1,1,1,1,1,2,1,1,1,1,1,1,1,1,1,1,2,1,1,727416.038,4286855.45,490.489,Cob,6230,0,1,0,17,7
18372,6,2010030001673,1,5,8,6,6,2,1,CV-913,1.8,1,8,0,1,5,2,3,3,3,2,1,1,1,1,1,7,7,8,1,1,1,9,14,1,1,3,NaN,2,NaN,NaN,,NaN,,NaN,,66,NaN,60,NaN,1,4,2,1,1,1,1,2,1,1,1,1,1,1,1,1,1,1,1,2,1,1,688745.386,4223016.459,-14.666,Sec,6524,0,0,1,19,1
18373,6,2010030001688,1,5,9,5,7,3,1,CV-70,7.5,7,5,1,1,5,2,2,3,1,2,1,1,1,1,1,7,7,8,1,1,1,9,14,1,1,3,NaN,1,NaN,NaN,,NaN,,NaN,,NaN,64,60,NaN,1,4,2,1,1,1,1,1,1,1,1,1,1,1,1,1,1,1,1,2,1,1,749281.367,4277481.561,234.203,Cob,1858,0,0,0,15,2
18376,6,2010030001704,1,5,6,1,4,1,3,CV-83,2.4,2,4,0,1,5,3,2,3,4,2,1,1,1,2,2,1,6,4,1,1,1,9,13,3,1,3,NaN,2,4,NaN,,NaN,,NaN,,NaN,NaN,NaN,NaN,2,4,2,1,1,1,1,1,2,1,1,1,1,1,1,1,1,1,1,2,1,1,691437.584,4258163.084,323.257,Cob,12470,0,0,0,1,6
18377,6,2010030001711,1,5,5,1,3,1,1,CV-95,4.6,4,6,1,1,5,2,2,3,3,2,2,2,2,2,1,5,6,4,1,3,1,9,14,1,1,1,NaN,2,NaN,NaN,,NaN,,NaN,,58,NaN,50,NaN,1,4,1,1,2,1,1,2,1,1,1,1,1,1,1,1,1,1,1,2,1,1,697768.442,4205293.096,6.443,Cob,11372,0,0,0,3,6
18379,6,2010030001716,1,5,7,6,5,1,2,CV-80,3,3,0,1,1,2,2,2,3,4,2,2,2,1,2,1,7,7,8,3,1,6,9,14,3,1,1,NaN,2,3,NaN,,NaN,,NaN,,NaN,NaN,NaN,NaN,1,4,1,1,1,1,1,1,1,1,1,1,1,1,2,1,1,1,1,2,1,1,703821.051,4275762.474,628.022,Sec,7966,0,0,0,18,1
18387,6,2010030001726,1,5,6,6,4,1,2,CV-91,3,3,0,0,1,5,3,2,2,3,2,1,1,1,1,1,5,1,4,1,3,1,9,14,1,1,1,NaN,1,4,NaN,,NaN,,NaN,,NaN,NaN,NaN,NaN,1,4,2,1,1,1,1,1,1,1,1,1,1,1,1,1,1,1,1,2,1,1,683910.816,4218042.446,-12.735,Sec,10987,0,0,7,22,6
18389,6,2010030001728,1,5,11,3,2,1,2,CV-835,20.6,20,6,1,1,5,3,2,3,3,2,1,2,2,1,1,7,7,8,1,1,1,9,14,1,1,1,NaN,1,1,NaN,,NaN,,NaN,,NaN,NaN,NaN,NaN,1,4,2,2,1,2,1,2,2,1,1,1,1,1,1,1,1,1,1,2,1,1,694431.78,4250724.673,227.77,Cob,0,0,0,1,7,3
18391,6,2010030001732,1,5,12,3,3,1,2,CV-821,7,7,0,0,1,5,3,2,3,1,2,2,1,1,2,2,5,1,4,1,1,1,2,14,1,1,1,NaN,2,3,NaN,,NaN,,NaN,,NaN,NaN,NaN,NaN,1,4,1,1,1,1,1,1,2,1,1,1,1,1,1,1,1,1,1,2,1,1,722046.478,4253767.462,27.231,Cob,12223,0,1,1,8,6
18392,6,2010030001736,1,5,12,6,3,1,1,CV-940,2.6,2,6,0,1,5,3,2,3,3,2,2,1,2,2,2,5,1,4,3,1,4,9,14,1,1,1,NaN,2,NaN,NaN,,NaN,,NaN,,56,NaN,50,NaN,1,4,1,1,1,1,1,2,1,2,1,1,1,1,1,1,1,1,1,2,2,1,695419.841,4208254.207,4.914,Cob,6858,0,0,0,17,6
18393,6,2010030001747,1,5,11,1,2,1,1,CV-799,2.4,2,4,0,1,5,3,2,3,3,2,1,1,1,1,1,7,7,8,1,5,1,9,14,3,1,3,NaN,2,NaN,NaN,,21,24,NaN,,NaN,NaN,NaN,NaN,1,4,1,1,1,1,1,1,1,1,1,1,1,1,1,2,1,1,1,2,1,1,689731.081,4278398.12,504.925,Pri,3746,0,0,0,0,1
18395,6,2010030001749,1,5,13,3,4,1,2,CV-935,1,1,0,0,1,5,2,2,2,3,2,1,1,1,1,2,5,6,4,1,1,1,9,14,3,1,1,NaN,2,2,NaN,,NaN,,NaN,,NaN,NaN,NaN,NaN,1,4,2,1,1,1,1,1,2,1,1,1,1,1,1,1,1,1,1,2,1,1,693511.936,4219824.632,-17.922,Cob,8489,0,0,1,9,6
18397,6,2010030001757,1,5,13,6,4,1,2,CV-900,8.6,8,6,0,1,5,2,3,3,3,2,1,1,1,1,1,7,7,8,1,1,1,9,14,1,1,3,NaN,2,4,NaN,,NaN,,NaN,,NaN,NaN,NaN,NaN,1,4,2,1,1,1,1,1,1,1,1,1,1,1,1,1,1,1,1,2,1,1,687170.978,4222309.198,-16.904,Sec,9903,0,0,2,19,2
18399,6,2010030001771,1,5,14,4,5,1,2,CV-905,9,9,0,0,1,5,3,2,3,3,2,2,1,1,2,2,5,1,8,1,1,1,9,14,3,1,3,NaN,2,3,NaN,,NaN,,NaN,,NaN,NaN,NaN,NaN,1,4,2,1,1,1,1,1,1,1,1,1,1,1,1,1,1,1,1,2,1,1,702704.304,4208839.843,-19.001,Cob,25484,0,0,0,13,6
18400,6,2010030001781,1,5,16,3,7,3,1,CV-913,3.5,3,5,0,1,5,2,2,3,3,2,1,1,1,1,1,7,7,8,1,1,1,9,14,3,2,1,NaN,2,NaN,NaN,,NaN,,NaN,,NaN,61,60,NaN,1,4,2,1,2,1,1,1,1,1,1,1,1,1,1,1,1,1,1,2,2,1,689933.935,4224162.2,-16.616,Sec,6524,0,0,0,8,1