Id,Ano,Numero_Accidente,Provincia,Mes,Dia,Hora,Dia_Semana,Tipo_Dia,Vehiculos_Implicados,Carretera,Pk,Km,Hm,Sentido,Zona,Tipo_Via,Anchura_Calzada,Anchura_Carril,Marcas_Viales,Arcen,Arcen_Pavimentado,Mediana,Barrera_Seguridad,Paneles_Direccionales,Hitos_Arista,Captafaros,Interseccion_Tipo,Interseccion_Acondicionamiento,Prioridad_Regulada_por,Superficie,Luminosidad,Factores_Atmosfericos,Visibilidad_Restringida_por,Otras_Circunstancias,Senalizacion_Peligro,Aceras,Arboles,Arboles_Metros_Calzada,Visibilidad_Senalizacion_Vertical,Colision_Vehiculos_Marcha,Colision_Vehiculo_Obstaculo_1,Colision_Vehiculo_Obstaculo_2,Atropello_1,Atropello_2,Vuelco_1,Vuelco_2,Salida_Sin_Colision,Salida_Con_Colision,Lado_Salida,Otro,Circulacion,Circulacion_Medidas_Especiales,Distraccion,Inexperiencia_Conductor,Alcohol_Drogas,Cansancio_Sueno,Enfermedad,Velocidad_Inadecuada,Infraccion_Norma_Circulacion,Estado_Condicion_Via,Estado_Condicion_Senalizacion,Tramo_Obras,Mal_Estado_Vehiculo,Averia_Mecanica,Meteorologia_Adversa,Irrupcion_Animal,Circular_Sentido_Contrario,Otro_Factor,Sin_Opinion_Definida,Pendiente,Curvatura,Peralte,GPS_x,GPS_y,GPS_z,Tipo_Est,IMD,N_Muertos,N_Graves,N_Leves,Hora_Real,Fuera_o_Interseccion
18401,6,2010030001782,1,5,16,1,7,3,1,CV-945,3.7,3,7,1,1,5,3,3,2,3,2,1,2,2,2,2,7,7,5,1,4,1,9,14,2,1,1,NaN,1,NaN,NaN,,NaN,,NaN,,NaN,64,60,NaN,1,4,2,1,1,1,1,1,1,1,1,1,1,1,1,1,1,1,1,2,1,1,694183.332,4210982,11.496,Sec,9343,0,0,0,0,1
18403,6,2010030001790,1,5,13,5,4,1,2,CV-800,18.1,18,1,0,1,5,3,2,3,3,2,1,1,1,1,1,7,7,3,1,1,1,9,14,2,1,3,NaN,1,2,NaN,,NaN,,NaN,,NaN,NaN,NaN,NaN,1,4,1,1,1,1,1,1,2,1,1,1,1,1,1,1,1,1,1,2,1,1,718305.624,4268923.604,415.918,Cob,3046,0,0,0,15,1
18405,6,2010030001819,1,5,17,4,1,4,2,CV-914,3.1,3,1,1,1,5,2,3,3,1,2,1,1,1,1,1,1,1,8,1,1,1,9,14,3,1,1,NaN,2,4,NaN,,NaN,,NaN,,NaN,NaN,NaN,NaN,1,4,2,1,1,1,1,1,1,1,1,1,1,1,1,1,1,1,1,2,1,1,691144.241,4218762.759,-16.481,Cob,3252,0,1,0,11,6
18406,6,2010030001831,1,5,17,6,1,1,1,CV-720,43.2,43,2,0,1,5,2,3,3,3,2,1,1,1,1,1,7,7,5,1,5,1,9,14,1,1,1,NaN,2,NaN,NaN,,NaN,,12,9,NaN,NaN,NaN,NaN,1,4,2,1,2,1,1,1,1,1,1,1,1,1,1,1,1,1,1,2,1,1,757944.288,4294552.003,225.942,Cob,2594,0,0,0,21,1
18411,6,2010030001836,1,5,17,6,1,4,2,CV-920,0,0,0,1,1,5,3,2,4,3,2,1,1,1,1,1,5,1,4,1,1,1,9,14,1,1,1,NaN,2,4,NaN,,NaN,,NaN,,NaN,NaN,NaN,NaN,1,4,2,1,1,1,1,1,1,1,1,1,1,1,1,1,1,1,1,2,1,1,704972.03,4219739.276,-24.659,Pri,6083,0,0,5,19,6
18412,6,2010030001837,1,5,17,6,1,1,1,CV-905,9,9,0,1,1,5,2,3,3,3,2,2,1,2,2,2,5,3,4,1,3,1,9,14,1,1,1,NaN,2,NaN,NaN,,NaN,,NaN,,NaN,64,60,NaN,1,4,2,1,1,1,1,1,1,1,1,1,1,1,1,1,1,1,1,2,1,1,699643.91,4214548.928,15.344,Cob,25484,0,0,0,21,7
18415,6,2010030001845,1,5,19,3,3,1,2,CV-91,9.3,9,3,1,1,5,3,2,3,4,2,1,1,1,2,1,7,7,8,1,1,1,9,14,3,1,3,NaN,2,1,NaN,,NaN,,NaN,,NaN,NaN,NaN,NaN,1,4,1,1,1,1,1,1,2,1,1,1,1,1,1,1,1,1,1,2,1,1,696322.509,4219312.673,-27.139,Pri,12300,1,1,1,9,1
18417,6,2010030001889,1,5,17,3,1,4,2,CV-865,11.4,11,4,0,1,5,3,2,3,3,2,2,1,1,1,1,5,1,4,1,1,1,9,14,1,1,1,NaN,1,3,NaN,,NaN,,NaN,,NaN,NaN,NaN,NaN,1,4,2,1,1,1,1,1,2,1,1,1,1,1,1,1,1,1,1,2,1,1,712359.349,4231354.408,-14.855,Sec,0,0,0,1,8,6
18419,6,2010030001900,1,5,22,3,6,2,2,CV-773,7.9,7,9,1,1,5,3,2,2,3,2,1,1,1,1,1,1,1,8,1,1,1,9,14,3,1,3,NaN,2,2,NaN,,NaN,,NaN,,NaN,NaN,NaN,NaN,1,4,1,1,1,1,1,1,2,1,1,1,1,1,1,1,1,1,1,2,1,1,724961.167,4261632.832,225.442,Cob,436,0,1,0,9,7
18420,6,2010030001904,1,5,23,3,7,3,1,CV-925,24.6,24,6,0,1,5,2,3,3,1,2,1,1,1,2,1,7,7,8,1,1,1,9,14,2,1,3,NaN,2,NaN,NaN,,NaN,,NaN,,68,NaN,60,NaN,1,4,2,1,1,1,1,1,1,1,1,1,1,1,1,1,1,1,1,2,1,2,687493.072,4198443.094,173.791,Cob,1978,0,1,0,10,1
18422,6,2010030001906,1,5,16,6,7,3,2,CV-913,3.8,3,8,1,1,5,2,2,3,3,2,1,1,1,1,1,7,7,8,1,1,1,9,14,1,1,1,NaN,2,4,NaN,,NaN,,NaN,,NaN,NaN,NaN,NaN,1,4,1,1,1,1,1,1,2,1,1,1,1,1,1,1,1,1,1,2,2,2,689873.976,4224107.941,-17.521,Sec,6524,0,0,0,19,1
18424,6,2010030001964,1,5,24,3,1,4,2,CV-84,5.6,5,6,1,1,5,3,2,3,3,2,2,2,2,2,2,5,6,4,1,1,1,9,14,1,1,3,NaN,2,4,NaN,,NaN,,NaN,,NaN,NaN,NaN,NaN,1,4,2,1,1,1,1,1,1,1,1,1,1,1,1,1,1,1,1,2,1,2,697498.22,4242182.17,173.651,Sec,13237,0,0,2,9,7
18426,6,2010030001978,1,5,19,6,3,1,2,CV-809,0.4,0,4,0,1,5,3,2,3,1,2,1,1,2,2,2,1,1,8,1,2,1,9,14,3,1,1,NaN,2,2,NaN,,NaN,,NaN,,NaN,NaN,NaN,NaN,1,4,2,1,1,1,1,1,2,1,1,1,1,1,1,1,1,1,1,2,1,1,683899.514,4280030.753,481.143,Cob,3191,0,0,0,20,6
18427,6,2010030001990,1,5,25,3,2,1,1,CV-840,22.8,22,8,0,1,5,2,2,3,1,2,1,1,1,1,1,7,7,8,1,1,1,9,14,3,1,3,NaN,1,NaN,NaN,,NaN,,12,9,NaN,NaN,NaN,NaN,1,4,1,1,1,1,1,1,2,1,1,1,1,1,1,1,1,1,1,2,1,1,673622.529,4245832.505,489.37,Sec,2126,0,1,0,9,1
18429,6,2010030002015,1,5,26,6,3,1,2,CV-84,6.5,6,5,1,1,5,2,3,3,3,2,2,2,2,2,2,7,7,8,1,1,1,9,14,3,1,1,NaN,1,4,NaN,,NaN,,NaN,,NaN,NaN,NaN,NaN,1,4,2,1,1,1,1,1,1,1,1,1,1,1,1,1,1,1,1,2,1,1,697943.509,4241435.002,155.469,Sec,13237,0,0,1,19,1
18430,6,2010030002018,1,5,25,3,2,1,1,CV-806,2.5,2,5,0,1,5,3,2,3,3,2,1,1,1,1,1,7,7,8,1,1,1,9,14,1,1,3,NaN,2,NaN,NaN,,NaN,,NaN,,67,NaN,60,NaN,1,4,2,1,1,1,1,2,1,1,1,1,1,1,1,1,1,1,1,2,1,3,705318.484,4276167.374,677.643,Cob,3746,0,0,0,8,4
18432,6,2010030002019,1,5,27,3,4,1,2,CV-91,4.3,4,3,1,1,5,2,2,3,3,2,1,1,1,1,1,2,1,3,1,1,1,9,14,1,1,1,NaN,2,4,NaN,,NaN,,NaN,,NaN,NaN,NaN,NaN,1,4,1,1,1,1,1,1,2,1,1,1,1,1,1,1,1,1,1,2,1,1,701174.958,4218891.539,-24.705,Sec,10987,0,0,0,8,6
18433,6,2010030002025,1,5,27,4,4,1,1,CV-720,37.3,37,3,1,1,5,3,2,3,1,2,1,1,2,2,1,7,7,5,1,1,1,9,14,1,1,1,NaN,2,NaN,NaN,,NaN,,NaN,,66,NaN,60,NaN,1,4,1,1,1,1,1,2,1,1,1,1,1,1,1,1,1,1,1,2,1,1,737856.45,4290988.696,735.447,Cob,478,0,0,1,11,4
18435,6,2010030002035,1,5,28,6,5,1,1,CV-925,12,12,0,1,1,5,3,2,3,3,2,1,2,1,2,1,7,7,5,3,1,1,9,14,3,1,3,NaN,2,NaN,NaN,,21,24,NaN,,NaN,NaN,NaN,NaN,1,4,1,1,1,1,1,1,1,1,1,1,1,1,1,2,1,1,1,2,1,1,686981.605,4201646.165,159.873,Cob,1584,0,0,0,17,1
18436,6,2010030002036,1,5,28,6,5,1,1,CV-941,9.6,9,6,0,1,5,3,3,3,3,2,1,1,1,1,2,7,7,8,3,1,4,9,14,3,1,3,NaN,2,NaN,NaN,,NaN,,NaN,,66,NaN,60,NaN,1,4,1,1,1,1,1,1,1,1,1,1,1,1,1,1,1,1,2,2,1,1,693973.582,4203860.18,119.148,Sec,3407,0,0,0,19,1
18437,6,2010030002048,1,5,30,4,7,3,1,CV-95,22.8,22,8,1,1,5,3,2,3,3,2,1,1,1,1,1,5,6,4,1,1,1,9,13,1,1,3,NaN,2,NaN,NaN,,NaN,,NaN,,NaN,54,50,NaN,1,4,2,1,1,1,1,1,1,1,1,1,1,1,1,1,1,1,1,2,1,1,684442.299,4215264.873,-1.585,Cob,7327,0,0,0,12,6
18439,6,2010030002055,1,5,30,6,7,3,2,CV-865,10,10,0,1,1,5,2,2,3,3,2,1,2,1,2,2,7,7,8,1,1,1,9,8,1,1,1,NaN,2,3,NaN,,NaN,,NaN,,NaN,NaN,NaN,NaN,1,4,2,1,1,1,1,1,2,1,1,2,1,1,1,1,1,1,1,2,1,1,705143.962,4236533.376,28.107,Sec,0,0,1,0,17,1
18441,6,2010030002056,1,5,27,4,4,1,2,CV-821,4.7,4,7,1,1,5,3,2,3,4,2,2,2,1,1,1,1,1,5,1,1,1,9,14,3,1,1,NaN,2,4,NaN,,NaN,,NaN,,NaN,NaN,NaN,NaN,1,4,2,1,1,1,1,1,2,1,1,1,1,1,1,1,1,1,1,2,1,1,720439.983,4253542.813,52.469,Sec,22970,0,0,0,12,6
18445,6,2010030002085,1,5,31,3,1,1,2,CV-95,25.8,25,8,1,1,5,2,3,3,4,2,1,1,1,2,1,2,1,4,1,1,1,9,14,1,1,1,NaN,2,4,NaN,,NaN,,NaN,,NaN,NaN,NaN,NaN,1,4,2,1,1,1,1,1,1,1,1,1,1,1,1,1,1,1,1,2,1,1,681954.291,4216380.995,-3.655,Cob,19850,0,0,1,9,6
18447,6,2010030002086,1,5,26,3,3,1,2,CV-70,43.7,43,7,1,1,5,2,2,3,2,2,2,1,1,1,1,5,1,4,1,1,1,9,14,1,2,1,NaN,2,2,NaN,,NaN,,NaN,,NaN,NaN,NaN,NaN,1,4,1,1,1,1,1,1,2,1,1,1,1,1,1,1,1,1,1,2,1,1,725905.3,4286919.463,548.329,Cob,26042,0,0,1,9,6
18449,6,2010030002088,1,5,30,4,7,3,2,CV-821,7,7,0,0,1,5,3,2,3,3,2,1,1,1,2,2,5,1,8,1,1,1,9,14,1,1,3,NaN,2,2,NaN,,NaN,,NaN,,NaN,NaN,NaN,NaN,1,4,2,1,1,1,1,1,2,1,1,1,1,1,1,1,1,1,1,2,1,1,722046.478,4253767.462,27.231,Cob,12223,0,0,0,11,6
18450,6,2010030002089,1,5,30,1,7,3,1,CV-820,3.6,3,6,0,1,5,1,2,3,4,2,1,1,2,2,2,7,7,8,1,5,1,9,14,3,1,3,NaN,1,NaN,NaN,,21,24,NaN,,NaN,NaN,NaN,NaN,1,4,1,1,1,1,1,1,1,1,1,1,1,1,1,1,1,2,1,2,1,1,710643.479,4255041.038,156.9,Cob,5185,0,0,0,4,1
18452,6,2010030002090,1,5,29,4,6,2,2,CV-806,3.6,3,6,1,1,5,3,2,3,3,2,1,1,1,1,1,7,7,8,1,1,1,9,14,3,1,1,NaN,1,4,NaN,,NaN,,NaN,,NaN,NaN,NaN,NaN,1,4,2,1,1,1,1,1,1,1,1,1,1,1,1,1,1,1,1,2,1,1,707541.001,4276587.36,659.261,Cob,3746,0,0,0,11,1
18454,6,2010030002091,1,5,31,4,1,4,2,CV-945,4.6,4,6,0,1,5,3,2,3,3,2,1,1,1,1,1,5,6,5,1,1,1,9,14,1,1,1,NaN,2,3,NaN,,NaN,,NaN,,NaN,NaN,NaN,NaN,1,4,1,1,1,1,1,1,2,1,1,1,1,1,1,1,1,1,1,2,1,1,696336.973,4211312.001,-0.031,Cob,4969,0,0,0,13,6
18456,6,2010030002099,1,5,8,5,6,2,2,CV-905,8.8,8,8,1,1,5,3,2,3,3,2,2,1,1,2,2,7,7,5,1,1,1,9,14,3,1,1,NaN,1,4,NaN,,NaN,,NaN,,NaN,NaN,NaN,NaN,1,4,2,1,1,1,1,1,1,1,1,1,1,1,1,1,1,1,1,2,1,1,699714.74,4214364.815,10.403,Cob,25484,0,0,0,16,1
18457,6,2010030002117,1,5,28,6,5,1,1,CV-820,11.3,11,3,1,1,5,2,2,3,4,2,1,1,1,1,1,7,7,8,1,1,1,9,14,3,1,1,NaN,2,NaN,NaN,,NaN,,NaN,,67,NaN,60,NaN,1,4,2,1,2,1,1,1,1,1,1,1,1,1,1,1,1,1,1,2,1,2,705558.134,4256739.051,279.583,Cob,3403,0,0,0,17,1
18458,6,2010030002121,1,5,30,1,7,3,1,CV-825,8.5,8,5,1,1,5,3,1,3,4,2,1,1,2,1,1,7,7,8,1,5,1,2,14,1,1,1,NaN,2,NaN,NaN,,NaN,,NaN,,NaN,53,50,NaN,1,4,2,1,2,1,1,1,1,1,1,1,1,1,1,1,1,1,1,2,1,1,696522.368,4248437.79,181.623,Cob,2514,0,0,0,1,2
18459,6,2010030002123,1,6,2,6,3,1,1,CV-913,3.4,3,4,0,1,5,3,2,4,4,2,1,2,1,2,2,5,2,4,1,1,1,9,14,1,1,1,NaN,1,NaN,NaN,,NaN,,NaN,,NaN,61,60,NaN,1,4,1,1,1,1,1,1,1,1,1,1,2,1,1,1,1,1,1,2,1,1,689873.888,4224094.955,-15.931,Sec,6524,0,0,0,17,6
18460,6,2010030002125,1,6,3,1,4,1,1,CV-920,11.6,11,6,0,1,5,2,2,3,3,2,1,2,1,2,2,7,7,8,1,5,1,9,14,3,1,1,NaN,1,NaN,NaN,,NaN,,NaN,,NaN,54,50,NaN,1,4,2,1,1,1,1,1,1,1,1,1,1,1,1,1,1,1,1,2,1,1,695245.084,4217710.447,-6.07,Cob,2606,0,0,0,3,1
18461,6,2010030002131,1,5,2,3,7,3,1,CV-755,21.3,21,3,1,1,5,2,2,3,3,2,1,1,1,1,1,7,7,5,1,2,1,9,14,2,1,1,NaN,2,NaN,NaN,,NaN,,NaN,,NaN,52,50,NaN,1,4,2,1,2,1,1,1,1,1,1,1,1,1,1,1,1,1,1,2,2,1,743758.375,4284764.663,530.54,Cob,2715,0,0,1,7,1
18465,6,2010030002153,1,6,3,5,4,1,2,CV-84,0,0,0,0,1,5,3,2,3,1,2,1,1,1,1,1,5,3,4,1,1,1,9,14,1,1,1,NaN,2,2,NaN,,NaN,,NaN,,NaN,NaN,NaN,NaN,1,4,2,1,1,1,1,1,2,1,1,1,1,1,1,1,1,1,1,2,2,2,698967.69,4240521.084,137.921,Sec,18460,0,0,1,16,6
18468,6,2010030002160,1,6,4,6,5,1,3,CV-70,48.1,48,1,1,1,5,3,2,3,3,2,2,1,1,1,1,1,1,8,1,2,1,9,14,1,2,1,NaN,2,5,NaN,,NaN,,NaN,,NaN,NaN,NaN,NaN,2,4,2,1,2,1,1,1,1,1,1,1,1,1,1,1,1,1,1,2,1,1,722830.313,4286124.115,716.572,Per,23684,0,0,1,20,7
18472,6,2010030002162,1,6,6,6,7,3,2,CV-905,4.8,4,8,0,1,5,2,3,3,3,2,2,2,2,2,2,5,1,4,1,2,1,9,14,3,1,3,NaN,2,4,NaN,,NaN,,NaN,,NaN,NaN,NaN,NaN,1,4,2,1,2,1,1,1,1,1,1,1,1,1,1,1,1,1,1,2,1,1,700525.622,4212246.685,-17.386,Cob,24406,0,0,0,21,6
18473,6,2010030002167,1,6,5,1,6,2,1,CV-865,9.5,9,5,1,1,5,3,2,3,1,2,1,1,2,2,2,7,7,8,1,5,1,9,8,1,1,1,NaN,2,NaN,NaN,,NaN,,NaN,,NaN,64,60,NaN,2,4,2,1,2,1,1,1,1,1,1,1,1,1,1,1,1,1,1,2,1,1,705560.513,4236267.019,24.742,Sec,0,0,0,0,23,1
18474,6,2010030002171,1,6,7,6,1,4,1,CV-821,8.8,8,8,1,1,5,2,2,3,3,2,2,1,1,1,1,7,7,6,1,1,1,9,14,1,1,1,NaN,2,NaN,NaN,,21,21,NaN,,NaN,NaN,NaN,NaN,1,4,2,1,1,1,1,1,1,1,1,1,1,1,1,1,1,1,1,2,1,1,717034.335,4252178.169,70.908,Cob,12223,0,0,1,20,1
18476,6,2010030002172,1,6,4,4,5,1,2,CV-763,1.2,1,2,0,1,5,2,3,3,3,2,1,1,1,1,1,1,1,3,1,1,1,9,14,1,1,1,NaN,2,1,NaN,,NaN,,NaN,,NaN,NaN,NaN,NaN,2,4,1,1,1,1,1,1,2,1,1,1,1,1,1,1,1,1,1,2,1,1,752862.797,4273457.154,38.434,Cob,10459,0,0,1,13,7
18477,6,2010030002174,1,6,4,6,5,1,1,CV-773,2.6,2,6,1,1,5,2,2,3,3,2,1,2,2,1,1,7,7,5,1,2,1,9,14,1,1,1,NaN,2,NaN,NaN,,NaN,,NaN,,NaN,54,50,NaN,1,4,1,1,1,1,1,2,2,1,1,1,1,1,1,1,1,1,1,2,2,1,727443.661,4263647.459,305.117,Cob,3914,0,0,0,20,5
18478,6,2010030002202,1,6,10,2,4,1,1,CV-935,5,5,0,0,1,5,2,3,3,1,2,1,1,2,1,1,7,7,8,3,5,4,9,14,1,1,2,1,2,NaN,NaN,,NaN,,NaN,,NaN,51,50,NaN,1,4,1,1,1,1,1,2,1,1,1,1,1,1,1,1,1,1,1,2,1,1,694259.963,4216178.047,58.33,Sec,1922,0,0,1,6,5
18482,6,2010030002215,1,6,11,4,5,1,2,CV-905,9,9,0,1,1,5,3,1,3,3,2,2,1,2,2,2,5,3,4,1,1,1,9,14,1,2,1,NaN,2,2,NaN,,NaN,,NaN,,NaN,NaN,NaN,NaN,1,4,2,1,1,1,1,1,2,1,1,1,1,1,1,1,1,1,1,2,1,1,699643.91,4214548.928,15.344,Cob,25484,0,0,2,11,7
18484,6,2010030002222,1,6,4,6,5,1,2,CV-815,2,2,0,1,1,5,3,1,3,3,2,1,1,1,1,1,5,3,4,1,1,1,9,14,1,1,1,NaN,2,4,NaN,,NaN,,NaN,,NaN,NaN,NaN,NaN,1,4,2,1,1,1,1,1,1,1,1,1,1,1,1,1,1,1,1,2,1,1,703456.087,4274141.292,647.354,Cob,5284,0,0,0,19,6
18485,6,2010030002226,1,6,9,4,3,1,1,CV-799,11.8,11,8,0,1,5,3,2,3,3,2,1,1,1,1,1,7,7,8,1,1,1,9,14,3,1,1,NaN,1,NaN,NaN,,NaN,,NaN,,NaN,NaN,NaN,71,1,4,1,1,1,1,1,2,1,1,1,1,1,1,1,1,1,1,1,2,2,1,697757.846,4276206.037,744.29,Cob,2917,0,0,0,11,2
18486,6,2010030002229,1,6,13,3,7,3,1,CV-865,9.5,9,5,1,1,5,1,2,1,1,2,1,2,1,1,1,7,7,8,1,1,1,9,8,1,1,1,NaN,1,NaN,NaN,,NaN,,NaN,,NaN,54,50,NaN,1,4,2,1,2,1,1,1,1,1,1,1,1,1,1,1,1,1,1,2,1,1,705560.513,4236267.019,24.742,Sec,0,0,0,0,9,1
18488,6,2010030002234,1,6,12,6,6,2,2,CV-763,3.4,3,4,1,1,5,3,2,3,3,2,1,1,1,1,1,7,7,8,1,1,1,9,14,1,1,1,NaN,2,4,NaN,,NaN,,NaN,,NaN,NaN,NaN,NaN,1,4,2,1,1,1,1,1,1,1,1,1,1,1,1,1,1,1,1,2,1,1,752721.537,4273830.899,49.382,Cob,10459,0,0,0,19,1
18490,6,2010030002240,1,6,13,6,7,3,1,CV-800,0,0,0,1,1,5,3,2,3,3,2,1,2,2,2,2,7,7,8,1,1,1,9,14,1,1,1,NaN,1,NaN,NaN,,NaN,,NaN,,NaN,54,50,NaN,1,4,2,1,2,2,1,2,2,1,1,1,1,1,1,1,1,1,1,2,1,1,719874.556,4281305.054,754.335,Cob,14233,0,0,0,17,2
18491,6,2010030002241,1,6,14,3,1,4,1,CV-925,4.9,4,9,0,1,5,2,3,3,1,2,1,1,2,1,1,7,7,8,3,1,4,2,14,1,1,1,NaN,2,NaN,NaN,,NaN,,NaN,,NaN,63,60,NaN,1,4,1,1,1,1,1,1,1,2,1,1,1,1,1,1,1,2,1,2,1,1,683279.957,4213397.01,63.836,Cob,1272,0,0,0,8,5
18493,6,2010030002244,1,6,12,4,6,2,2,CV-95,15.1,15,1,1,1,5,3,2,3,3,2,1,1,1,1,1,7,7,5,1,1,1,9,14,3,1,1,NaN,1,3,NaN,,NaN,,NaN,,NaN,NaN,NaN,NaN,1,4,1,1,1,1,1,1,2,1,1,1,1,1,1,1,1,1,1,2,1,1,689929.835,4211087.942,88.17,Pri,8272,0,0,2,14,1
18494,6,2010030002246,1,6,14,6,1,4,1,CV-91,2.4,2,4,1,1,5,2,2,3,3,2,1,1,1,1,1,7,7,8,3,1,5,9,14,1,1,2,50,2,NaN,NaN,,NaN,,NaN,,66,NaN,60,NaN,1,4,1,1,1,1,1,2,1,1,1,1,1,1,1,1,1,1,1,2,1,1,702941.424,4219125.202,-25.137,Cob,10939,0,0,0,18,1
18495,6,2010030002247,1,6,14,6,1,4,1,CV-95,10.5,10,5,1,1,5,2,2,3,3,2,1,2,2,1,1,7,7,7,3,1,5,9,14,1,1,1,NaN,2,NaN,NaN,,NaN,,NaN,,NaN,64,60,NaN,1,4,1,1,1,1,1,2,1,1,1,1,1,1,2,1,1,1,1,2,1,1,692947.495,4207648.413,39.237,Cob,8866,0,0,0,19,5
18496,6,2010030002255,1,6,14,1,1,1,1,CV-915,2.1,2,1,0,1,5,3,2,3,3,2,1,1,2,2,2,5,1,4,3,4,4,9,14,3,1,1,NaN,2,NaN,NaN,,NaN,,NaN,,NaN,61,60,NaN,1,4,1,1,1,1,1,2,1,1,1,1,1,1,1,1,1,1,1,2,1,1,678356.645,4216424.294,2.205,Sec,7667,0,0,0,23,6
18497,6,2010030002257,1,6,14,4,1,1,1,CV-83,22.1,22,1,0,1,5,2,2,3,3,1,1,1,1,1,1,7,7,8,1,1,1,9,14,3,1,3,NaN,1,NaN,NaN,,NaN,,NaN,,NaN,53,50,NaN,1,4,2,1,1,1,1,1,1,1,1,1,1,1,1,1,1,1,1,2,1,1,673747.648,4253655.215,573.861,Cob,5555,0,0,0,11,1
18498,6,2010030002261,1,6,15,6,2,1,1,CV-905,0.5,0,5,0,1,5,3,3,3,3,2,2,2,1,2,2,7,7,5,3,1,4,9,14,3,1,1,NaN,2,NaN,NaN,,NaN,,NaN,,NaN,51,50,NaN,1,4,1,1,1,1,1,2,1,1,1,1,1,1,1,1,1,1,1,2,1,1,698441.32,4215342.775,0.089,Pri,23802,0,0,0,17,1
18499,6,2010030002266,1,6,16,3,3,1,1,CV-919,2.5,2,5,0,1,5,1,3,3,3,2,1,1,1,1,1,7,7,8,3,1,4,4,14,1,2,2,1,2,NaN,NaN,,NaN,,NaN,,56,NaN,50,NaN,1,4,2,1,1,1,1,1,1,1,1,1,1,1,1,1,1,1,1,2,1,1,684009.05,4218523.468,-8.23,Cob,2721,0,0,1,9,1
18504,6,2010030002269,1,6,16,4,3,1,4,CV-95,26,26,0,0,1,5,2,3,2,1,2,1,1,1,1,1,7,7,5,3,1,5,9,14,2,1,3,NaN,1,4,NaN,,NaN,,NaN,,NaN,NaN,NaN,NaN,1,4,2,1,1,1,1,1,1,1,1,1,1,1,1,1,1,1,1,2,1,1,700356.33,4204352.1,-5.576,Cob,19850,0,0,0,12,1
18505,6,2010030002277,1,6,14,4,1,1,1,CV-70,46.2,46,2,0,1,5,2,2,3,2,2,2,1,1,1,1,7,7,5,1,1,1,9,14,1,1,1,NaN,2,NaN,NaN,,NaN,,NaN,,NaN,NaN,NaN,71,1,4,2,1,1,1,1,1,1,1,1,1,1,1,1,1,1,1,1,2,1,2,750354.467,4274754.873,164.724,Per,23684,0,0,1,13,1
18506,6,2010030002284,1,6,20,3,7,3,1,CV-805,10.3,10,3,1,1,5,3,2,3,3,2,1,2,1,1,2,7,7,8,1,1,1,9,14,3,1,3,NaN,2,NaN,NaN,,NaN,,NaN,,NaN,63,60,NaN,1,4,2,1,1,2,1,1,1,1,1,1,1,1,1,1,1,1,1,2,1,2,708960.156,4274820.194,608.483,Cob,2234,0,0,0,8,2
18507,6,2010030002302,1,6,19,6,6,2,1,CV-836,3.5,3,5,0,1,5,2,2,3,3,2,1,1,1,1,1,7,7,8,1,1,1,9,14,3,1,1,NaN,1,NaN,NaN,,NaN,,NaN,,NaN,53,50,NaN,1,4,2,1,1,1,1,1,1,1,1,1,1,1,1,1,1,1,1,2,1,1,670678.442,4255441.578,581.004,Cob,2435,0,0,0,17,1
18509,6,2010030002325,1,6,23,4,3,1,2,CV-91,8.3,8,3,0,1,5,2,3,3,2,2,1,1,1,2,2,5,1,4,1,1,1,9,14,3,1,3,NaN,2,2,NaN,,NaN,,NaN,,NaN,NaN,NaN,NaN,1,4,1,1,1,1,2,1,1,1,1,1,1,1,1,1,1,1,1,2,1,1,689055.283,4218135.901,-13.379,Sec,10987,0,0,0,14,6
18511,6,2010030002328,1,6,24,3,4,1,2,CV-736,2.7,2,7,0,1,5,2,3,3,1,2,1,2,1,1,1,7,7,5,1,1,1,9,14,2,1,3,NaN,1,NaN,30,29,NaN,,NaN,,NaN,NaN,NaN,NaN,1,4,1,1,1,1,1,1,2,1,1,1,1,1,1,1,1,1,1,2,1,1,772728.965,4301786.471,32.344,Cob,4052,0,0,0,9,1
18514,6,2010030002332,1,6,24,3,4,3,3,CV-821,4.8,4,8,0,1,5,3,2,3,3,2,2,1,1,1,1,7,7,8,1,1,1,5,14,3,2,1,NaN,2,3,NaN,,NaN,,NaN,,NaN,NaN,NaN,NaN,1,4,2,1,1,1,1,1,1,1,1,1,1,1,1,1,1,1,1,2,1,1,720354.857,4253492.361,51.201,Sec,22970,0,0,2,7,1
18517,6,2010030002340,1,6,25,4,5,1,3,CV-900,8.8,8,8,1,1,5,3,2,3,3,2,1,1,1,1,1,7,7,8,1,1,1,9,14,1,1,1,NaN,2,4,NaN,,NaN,,NaN,,NaN,NaN,NaN,NaN,1,4,2,1,1,1,1,1,1,1,1,1,1,1,1,1,1,1,1,2,1,1,685706.471,4221207.138,-8.982,Sec,9903,0,0,0,14,1
18519,6,2010030002342,1,6,23,4,3,1,2,CV-865,6,6,0,0,1,5,2,2,3,3,2,1,1,1,1,1,2,1,8,1,1,1,9,14,2,1,1,NaN,1,2,NaN,,NaN,,NaN,,NaN,NaN,NaN,NaN,1,4,2,1,1,1,1,1,2,1,1,1,1,1,1,1,1,1,1,2,1,1,708249.923,4234527.377,1.745,Cob,15886,0,0,1,11,6
18522,6,2010030002343,1,6,24,4,4,1,1,CV-820,12.6,12,6,0,1,5,2,2,2,4,2,1,1,1,1,1,7,7,8,1,1,1,9,14,3,1,1,NaN,1,NaN,NaN,,NaN,,NaN,,66,NaN,60,NaN,1,4,2,1,1,1,1,1,1,1,1,1,1,1,1,1,1,1,1,2,1,2,702702.678,4255496.936,289.781,Cob,3403,0,0,4,12,1