Id,Ano,Numero_Accidente,Provincia,Mes,Dia,Hora,Dia_Semana,Tipo_Dia,Vehiculos_Implicados,Carretera,Pk,Km,Hm,Sentido,Zona,Tipo_Via,Anchura_Calzada,Anchura_Carril,Marcas_Viales,Arcen,Arcen_Pavimentado,Mediana,Barrera_Seguridad,Paneles_Direccionales,Hitos_Arista,Captafaros,Interseccion_Tipo,Interseccion_Acondicionamiento,Prioridad_Regulada_por,Superficie,Luminosidad,Factores_Atmosfericos,Visibilidad_Restringida_por,Otras_Circunstancias,Senalizacion_Peligro,Aceras,Arboles,Arboles_Metros_Calzada,Visibilidad_Senalizacion_Vertical,Colision_Vehiculos_Marcha,Colision_Vehiculo_Obstaculo_1,Colision_Vehiculo_Obstaculo_2,Atropello_1,Atropello_2,Vuelco_1,Vuelco_2,Salida_Sin_Colision,Salida_Con_Colision,Lado_Salida,Otro,Circulacion,Circulacion_Medidas_Especiales,Distraccion,Inexperiencia_Conductor,Alcohol_Drogas,Cansancio_Sueno,Enfermedad,Velocidad_Inadecuada,Infraccion_Norma_Circulacion,Estado_Condicion_Via,Estado_Condicion_Senalizacion,Tramo_Obras,Mal_Estado_Vehiculo,Averia_Mecanica,Meteorologia_Adversa,Irrupcion_Animal,Circular_Sentido_Contrario,Otro_Factor,Sin_Opinion_Definida,Pendiente,Curvatura,Peralte,GPS_x,GPS_y,GPS_z,Tipo_Est,IMD,N_Muertos,N_Graves,N_Leves,Hora_Real,Fuera_o_Interseccion
18524,6,2010030002346,1,6,26,4,6,2,2,CV-821,5,5,0,1,1,5,3,2,3,3,2,2,1,2,2,2,5,1,4,1,1,1,9,14,3,1,1,NaN,2,4,NaN,,NaN,,NaN,,NaN,NaN,NaN,NaN,1,4,1,1,2,1,1,1,1,1,1,1,1,1,1,1,1,1,1,2,2,1,720172.311,4253413.654,53.459,Sec,22970,0,0,1,12,6
18525,6,2010030002348,1,6,26,6,6,2,1,CV-800,22.5,22,5,1,1,5,2,2,3,3,2,1,2,2,2,2,7,7,8,1,1,1,9,14,1,1,3,NaN,2,NaN,NaN,,NaN,,NaN,,66,NaN,60,NaN,1,4,2,1,1,1,1,2,1,1,1,1,1,1,1,1,1,1,1,2,1,1,718880.716,4266569.559,311.936,Cob,2006,0,1,0,19,5
18526,6,2010030002349,1,6,26,6,6,2,1,CV-830,3.5,3,5,1,1,5,2,3,3,1,2,1,1,1,1,1,7,7,8,1,1,1,9,14,2,1,3,NaN,1,NaN,NaN,,NaN,,NaN,,NaN,61,60,NaN,1,4,1,1,1,1,1,2,1,1,1,1,1,1,1,1,1,1,1,2,1,1,689907.911,4267549.094,452.767,Cob,875,0,1,1,18,2
18530,6,2010030002352,1,6,27,4,7,3,2,CV-736,6.5,6,5,0,1,5,2,2,3,2,2,1,2,2,2,1,7,7,8,3,1,4,9,14,1,1,1,NaN,2,2,NaN,,NaN,,NaN,,NaN,NaN,NaN,NaN,1,4,1,1,1,1,1,2,1,2,1,1,1,1,1,1,1,1,1,2,1,2,774489.898,4299736.918,175.17,Cob,4052,0,0,3,12,2
18531,6,2010030002356,1,6,26,5,6,2,1,CV-941,1,1,0,1,1,5,2,2,3,3,2,1,1,1,2,1,7,7,8,1,1,1,9,14,3,1,1,NaN,1,NaN,NaN,,NaN,,NaN,,66,NaN,60,NaN,1,4,2,1,1,1,1,1,1,1,1,1,1,1,1,1,1,1,1,2,1,1,694268.586,4205498.733,74.307,Sec,3407,0,0,0,16,2
18535,6,2010030002358,1,6,27,1,7,3,2,CV-920,15.6,15,6,0,1,5,1,2,3,3,2,2,2,1,1,1,7,7,7,1,5,1,2,14,1,2,1,NaN,2,3,NaN,,NaN,,NaN,,NaN,NaN,NaN,NaN,1,4,1,1,1,1,1,1,2,1,1,1,1,1,1,1,1,1,1,2,1,1,698826.945,4217662.939,-7.462,Cob,7673,0,0,1,3,1
18536,6,2010030002359,1,6,28,1,1,4,1,CV-700,58.7,58,7,0,1,5,2,2,2,1,2,1,1,1,1,1,7,7,4,1,3,1,9,14,1,1,3,NaN,2,NaN,NaN,,NaN,,12,9,NaN,NaN,NaN,NaN,1,4,2,1,1,1,1,2,1,1,1,1,1,1,1,1,1,1,1,2,1,1,751439.282,4303699.228,16.74,Cob,6002,0,0,2,0,1
18538,6,2010030002361,1,6,14,6,1,4,2,CV-70,3,3,0,0,1,5,3,2,3,1,2,1,1,2,1,1,7,7,5,3,1,4,9,14,1,1,3,NaN,2,3,NaN,,NaN,,NaN,,NaN,NaN,NaN,NaN,3,4,2,1,1,1,1,1,1,1,1,1,1,1,1,1,1,1,1,2,2,2,723189.023,4286525.81,738.4,Cob,598,0,0,0,18,5
18540,6,2010030002369,1,6,18,6,5,1,2,CV-705,2,2,0,0,1,5,3,2,3,1,2,1,1,2,1,1,7,7,8,3,1,5,9,14,2,1,1,NaN,1,2,NaN,,NaN,,NaN,,NaN,NaN,NaN,NaN,1,4,1,1,1,1,1,1,1,1,1,1,1,1,2,1,1,1,1,2,1,2,723793.646,4297229.765,361.877,Sec,3277,0,0,0,18,2
18542,6,2010030002375,1,6,27,6,7,3,2,CV-855,15.5,15,5,0,1,5,3,3,3,3,2,1,2,1,1,1,7,7,8,1,2,1,9,14,3,1,1,NaN,1,4,NaN,,NaN,,NaN,,NaN,NaN,NaN,NaN,1,4,2,1,1,1,1,2,1,1,1,1,1,1,1,1,1,1,1,2,1,1,697215.277,4223977.171,-18.296,Cob,3777,0,0,0,21,1
18543,6,2010030002386,1,6,21,3,1,4,1,CV-840,4,4,0,1,1,5,2,3,3,1,2,1,1,1,1,1,7,7,8,1,1,1,9,14,3,1,3,NaN,2,NaN,NaN,,NaN,,NaN,,67,NaN,60,NaN,1,4,1,1,1,1,1,1,1,1,1,1,1,1,1,1,1,1,2,2,1,1,673064.97,4246014.309,491.254,Cob,3110,0,0,0,7,2
18545,6,2010030002396,1,6,26,4,6,2,2,CV-865,11.4,11,4,0,1,5,3,2,3,3,2,2,2,1,2,2,7,7,8,1,1,1,9,14,3,1,1,NaN,1,4,NaN,,NaN,,NaN,,NaN,NaN,NaN,NaN,1,4,1,1,1,1,1,1,2,1,1,1,1,1,1,1,1,1,1,2,1,1,712359.349,4231354.408,-14.855,Sec,0,0,0,0,11,1
18547,6,2010030002397,1,6,26,3,6,2,2,CV-821,5.8,5,8,1,1,5,3,2,3,3,2,2,2,1,2,2,7,7,8,1,1,1,9,14,3,1,1,NaN,1,NaN,NaN,,NaN,,NaN,,NaN,NaN,NaN,71,1,4,2,1,1,1,1,1,1,1,1,1,1,1,1,1,1,1,1,2,2,1,719585.868,4252897.963,49.272,Sec,22970,0,0,0,9,1
18549,6,2010030002399,1,6,26,4,6,2,2,CV-773,1.3,1,3,0,1,5,2,2,3,3,2,1,1,1,1,1,1,1,8,1,1,1,9,14,1,1,3,NaN,2,1,NaN,,NaN,,NaN,,NaN,NaN,NaN,NaN,1,4,1,1,1,1,1,1,2,1,1,1,1,1,1,1,1,1,1,2,1,1,722936.589,4257678.381,78.425,Cob,3914,0,0,0,12,6
18553,6,2010030002651,1,7,9,3,5,1,2,CV-763,3.4,3,4,0,1,5,2,2,3,3,2,1,1,1,1,1,7,7,5,1,1,1,9,14,1,1,1,NaN,2,3,NaN,,NaN,,NaN,,NaN,NaN,NaN,NaN,1,4,2,1,2,1,1,1,1,1,1,1,1,1,1,1,1,1,1,2,1,1,751579.447,4275068.029,111.908,Cob,10459,0,0,0,8,1
18554,6,2010030002668,1,7,11,6,7,3,1,CV-70,48.8,48,8,0,1,5,3,2,3,3,2,2,1,1,1,1,5,6,5,1,1,1,9,14,2,2,1,NaN,2,NaN,NaN,,NaN,,12,9,NaN,NaN,NaN,NaN,1,4,1,1,1,1,1,1,1,1,1,1,1,1,1,1,1,2,1,2,1,1,749840.986,4272382.844,106.678,Per,23684,0,0,2,19,6
18556,6,2010030002731,1,7,12,4,1,1,2,CV-913,0,0,0,1,1,5,3,2,3,3,2,1,1,1,1,1,5,1,8,1,1,1,9,14,1,1,1,NaN,2,4,NaN,,NaN,,NaN,,NaN,NaN,NaN,NaN,1,4,2,1,1,1,1,1,1,1,1,1,1,1,1,1,1,1,1,2,1,1,692927.53,4225942.4,-24.826,Sec,6524,0,0,2,12,6
18557,6,2010030002738,1,7,9,5,5,1,1,CV-83,14.8,14,8,1,1,5,3,2,3,3,2,1,1,1,1,1,7,7,8,1,1,1,9,14,3,1,1,NaN,1,NaN,NaN,,NaN,,NaN,,NaN,64,60,NaN,1,4,1,1,1,2,1,1,1,1,1,1,1,1,1,1,1,1,1,2,1,1,679935.228,4255180.812,486.804,Cob,5778,0,0,0,15,1
18563,6,2010030002741,1,7,15,6,4,1,2,CV-895,5.5,5,5,1,1,5,3,3,3,3,2,1,1,1,1,1,2,1,3,1,1,1,9,14,3,1,1,NaN,2,2,NaN,,NaN,,NaN,,NaN,NaN,NaN,NaN,1,4,2,1,1,1,1,1,2,1,1,1,1,1,1,1,1,1,1,2,1,1,701127.791,4214031.148,-12.086,Cob,9335,0,0,2,19,6
18565,6,2010030002744,1,7,15,6,4,1,2,CV-865,2.5,2,5,1,1,5,3,2,3,3,2,1,1,2,2,2,2,1,3,1,1,1,9,14,1,1,1,NaN,2,NaN,NaN,,NaN,,12,9,NaN,NaN,NaN,NaN,1,4,1,1,1,1,1,1,2,1,1,1,1,1,1,1,1,1,1,2,1,1,711168.214,4232256.86,-18.139,Cob,15886,0,0,1,19,6
18568,6,2010030002745,1,7,10,6,6,2,3,CV-865,9,9,0,1,1,5,3,2,3,3,2,2,1,1,2,2,7,7,5,1,1,1,9,14,1,1,1,NaN,2,5,NaN,,NaN,,NaN,,NaN,NaN,NaN,NaN,2,4,2,1,1,1,1,1,1,1,1,1,1,1,1,1,1,1,1,2,1,1,705974.697,4236001.299,21.824,Sec,0,0,0,0,17,1
18571,6,2010030002747,1,7,12,1,1,4,1,CV-80,0.5,0,5,1,1,2,3,2,3,3,2,2,2,1,2,2,7,7,8,1,5,1,9,14,3,1,3,NaN,2,NaN,NaN,,21,24,NaN,,NaN,NaN,NaN,NaN,1,4,1,1,1,1,1,1,1,1,1,1,1,1,1,2,1,1,1,2,1,2,705999.409,4274649.169,611.15,Cob,5242,0,0,0,0,1
18572,6,2010030002751,1,7,16,6,5,1,1,CV-860,0,0,0,0,1,5,3,2,3,3,2,1,2,2,2,2,5,1,8,1,1,1,9,14,3,1,1,NaN,1,NaN,NaN,,NaN,,NaN,,NaN,63,60,NaN,1,4,2,1,1,1,1,1,1,1,1,1,1,1,1,1,1,1,1,2,1,1,701352.992,4226124.415,-18.434,Cob,3872,0,0,0,20,6
18574,6,2010030002752,1,7,16,5,5,1,2,CV-905,9.1,9,1,1,1,5,3,2,3,3,2,2,1,2,2,2,7,7,8,1,1,1,9,14,3,1,1,NaN,1,4,NaN,,NaN,,NaN,,NaN,NaN,NaN,NaN,1,4,2,1,1,1,1,1,1,1,1,1,1,1,1,1,1,1,1,2,1,1,699570.576,4214738.247,17.72,Cob,25484,0,0,0,16,1
18575,6,2010030002754,1,7,17,4,6,2,1,CV-865,8,8,0,0,1,5,3,2,3,3,2,1,1,1,2,2,7,7,8,1,1,1,9,14,3,1,3,NaN,2,NaN,NaN,,NaN,,12,9,NaN,NaN,NaN,NaN,1,4,2,1,1,1,1,1,1,1,1,1,1,1,1,1,1,1,1,2,1,1,709870.229,4233398.851,-16.258,Cob,15886,0,1,0,11,1
18576,6,2010030002762,1,7,18,6,7,3,1,CV-724,4.8,4,8,0,1,5,1,3,2,1,2,1,1,1,1,1,7,7,8,1,1,1,9,14,2,1,1,NaN,1,NaN,NaN,,21,24,NaN,,NaN,NaN,NaN,NaN,1,4,1,1,1,1,1,1,1,1,1,1,1,1,1,2,1,1,1,2,1,1,765754.201,4302268.948,0.885,Sec,5740,0,0,0,20,1
18577,6,2010030002777,1,7,13,3,2,1,1,CV-925,20.8,20,8,0,1,5,2,3,2,1,2,1,1,1,1,1,7,7,8,1,1,1,9,14,1,1,1,NaN,2,NaN,NaN,,NaN,,NaN,,68,NaN,60,NaN,1,4,1,1,1,1,2,1,1,1,1,1,1,1,1,1,1,1,1,2,1,1,686805.398,4201380.645,178.872,Cob,1978,0,0,0,10,2
18579,6,2010030002782,1,7,19,4,1,4,2,CV-91,17.8,17,8,0,1,5,3,2,2,3,2,1,1,1,2,2,7,7,8,1,1,1,9,14,3,1,1,NaN,2,4,NaN,,NaN,,NaN,,NaN,NaN,NaN,NaN,1,4,2,1,1,1,1,1,2,1,1,1,1,1,1,1,1,1,1,2,1,1,698076.053,4219265.382,-21.279,Cob,10424,0,0,0,13,1
18580,6,2010030002783,1,7,13,3,2,1,1,CV-941,8.9,8,9,1,1,5,2,3,3,3,2,1,2,2,1,1,7,7,8,1,1,1,9,14,1,1,1,NaN,2,NaN,NaN,,NaN,,NaN,,66,NaN,60,NaN,1,4,1,1,1,1,1,2,2,1,1,1,1,1,1,1,1,1,1,2,2,2,695138.418,4198422.109,54.56,Sec,3407,0,0,0,8,2
18582,6,2010030002786,1,7,19,3,1,4,2,CV-95,2.7,2,7,1,1,5,3,1,3,4,2,1,2,2,2,1,7,7,8,1,1,1,9,14,3,1,3,NaN,1,2,NaN,,NaN,,NaN,,NaN,NaN,NaN,NaN,1,4,2,1,1,1,1,1,2,1,1,1,1,1,1,1,1,1,1,2,1,1,699296.909,4204608.429,-0.482,Cob,11372,0,1,1,9,1
18585,6,2010030002792,1,7,16,4,5,1,3,CV-865,8,8,0,0,1,5,3,2,3,3,2,1,2,2,2,1,1,6,5,1,1,1,9,14,1,1,1,NaN,2,5,NaN,,NaN,,NaN,,NaN,NaN,NaN,NaN,1,4,2,1,1,1,1,1,1,1,1,1,1,1,1,1,1,1,1,2,1,1,709789.941,4233456.615,-15.416,Cob,15886,0,0,0,14,6
18588,6,2010030002795,1,7,18,4,7,3,2,CV-945,8,8,0,0,1,5,3,1,3,3,2,1,1,1,2,2,7,7,5,1,1,1,9,14,3,1,1,NaN,2,4,NaN,,NaN,,NaN,,NaN,NaN,NaN,NaN,1,4,2,1,1,1,1,2,1,1,1,1,1,1,1,1,1,1,1,2,1,1,693026.656,4210828.396,19.239,Cob,4564,0,0,0,11,1
18589,6,2010030002798,1,7,20,1,2,1,1,CV-911,3,3,0,0,1,5,3,2,3,3,2,1,1,1,1,1,7,7,8,1,5,1,9,14,3,1,1,NaN,1,NaN,NaN,,NaN,,NaN,,NaN,51,50,NaN,1,4,2,1,2,1,1,1,1,1,1,1,1,1,1,1,1,1,1,2,1,1,688650.081,4218310.05,-12.079,Cob,8393,0,0,0,4,1
18591,6,2010030002800,1,7,16,4,5,1,2,CV-91,3.3,3,3,0,1,5,2,2,3,3,2,1,1,1,2,2,7,7,1,1,1,1,9,14,1,1,1,NaN,1,4,NaN,,NaN,,NaN,,NaN,NaN,NaN,NaN,1,4,2,1,1,1,1,1,1,1,1,2,1,1,1,1,1,2,1,2,1,1,684199.309,4218081.765,-11.167,Sec,10987,0,0,0,13,1
18595,6,2010030002801,1,7,20,1,2,1,2,CV-911,3.1,3,1,0,1,5,3,2,3,3,2,1,1,1,1,1,7,7,8,1,5,1,9,14,3,1,1,NaN,1,2,NaN,,NaN,,NaN,,NaN,NaN,NaN,NaN,1,4,1,1,1,1,1,1,1,2,1,1,1,1,1,1,1,1,1,2,1,1,688693.019,4218218.472,-11.628,NaN,0,0,0,0,4,1
18597,6,2010030002805,1,7,19,6,1,4,2,CV-773,1.2,1,2,0,1,5,3,2,3,1,2,1,2,2,2,1,1,6,7,1,1,1,9,14,1,1,3,NaN,2,2,NaN,,NaN,,NaN,,NaN,NaN,NaN,NaN,1,4,1,1,1,1,1,1,2,1,1,1,1,1,1,1,1,1,1,2,1,1,722950.377,4257582.533,75.15,Cob,3914,0,0,0,17,6
18598,6,2010030002812,1,7,21,3,3,1,1,CV-95,16.5,16,5,1,1,5,3,3,3,3,2,1,1,1,1,1,7,7,8,1,1,1,9,14,3,1,1,NaN,2,NaN,NaN,,NaN,,NaN,,NaN,52,50,NaN,1,4,2,1,1,1,1,2,1,1,1,1,1,1,1,1,1,1,1,2,1,1,688911.201,4211823.63,69.542,Pri,8272,0,0,0,8,1
18601,6,2010030002813,1,7,18,1,7,3,1,CV-700,65,65,0,0,1,5,3,2,3,3,2,1,1,1,1,1,7,7,8,1,5,1,9,14,3,1,1,NaN,1,NaN,NaN,,21,24,NaN,,NaN,NaN,NaN,NaN,1,4,1,1,1,1,1,1,1,1,1,1,1,1,1,2,1,1,1,2,1,1,757551.32,4304821.123,-16.028,Cob,6002,0,0,0,1,2
18603,6,2010030002816,1,7,18,4,7,3,2,CV-905,2.8,2,8,1,1,5,1,3,1,1,2,1,1,2,1,1,7,7,8,1,1,1,9,14,3,1,1,NaN,1,NaN,NaN,,NaN,,NaN,,NaN,NaN,NaN,71,1,4,2,1,1,1,1,1,1,1,1,1,1,1,1,1,1,1,1,2,1,1,702571.366,4209332.11,-18.481,Pri,23802,0,0,0,11,1
18604,6,2010030002851,1,7,15,6,4,1,1,CV-81,46.7,46,7,0,1,5,3,2,3,3,2,1,1,1,1,1,7,7,8,1,5,1,9,14,3,1,3,NaN,1,NaN,NaN,,NaN,,NaN,,NaN,NaN,NaN,71,1,4,1,1,1,1,1,1,1,1,1,1,1,1,1,1,1,2,1,2,1,1,682532.967,4278443.071,478.422,Cob,5024,0,0,0,21,1
18605,6,2010030002853,1,7,16,6,5,1,1,CV-820,9.8,9,8,1,1,5,3,2,3,3,2,1,1,1,2,2,7,7,8,1,1,1,9,14,3,1,3,NaN,2,NaN,NaN,,NaN,,NaN,,NaN,64,60,NaN,1,4,2,1,1,2,1,1,1,1,1,1,1,1,1,1,1,1,1,2,1,1,704164.152,4256270.837,281.869,Cob,3403,0,0,0,17,1
18607,6,2010030002855,1,7,20,4,2,1,1,CV-84,1.9,1,9,1,1,5,3,2,3,3,2,2,2,2,1,1,7,7,8,1,1,1,9,14,2,1,3,NaN,2,NaN,NaN,,NaN,,NaN,,NaN,64,60,NaN,1,4,1,2,1,1,1,1,1,1,1,1,1,1,1,1,1,1,1,2,1,1,695199.18,4244688.895,269.731,Sec,18460,0,0,0,11,3
18609,6,2010030002856,1,7,22,3,4,1,2,CV-725,5,5,0,0,1,5,3,2,3,3,2,1,1,1,1,1,7,7,8,1,1,1,9,14,3,1,1,NaN,1,4,NaN,,NaN,,NaN,,NaN,NaN,NaN,NaN,2,4,1,1,1,1,1,1,2,1,1,1,1,1,1,1,1,1,1,2,1,1,766425.68,4303110.141,-2.677,Cob,28105,0,0,0,9,1
18611,6,2010030002881,1,7,21,5,3,1,2,CV-800,9.4,9,4,1,1,5,2,2,3,3,2,1,2,2,2,2,1,1,5,1,1,1,9,14,3,1,1,NaN,2,3,NaN,,NaN,,NaN,,NaN,NaN,NaN,NaN,1,4,1,1,1,1,1,1,1,1,1,1,1,1,1,1,1,1,2,2,1,1,717416.134,4273418.199,845.579,Sec,5057,0,0,0,15,6
18612,6,2010030002882,1,7,23,6,5,1,1,CV-800,28.6,28,6,1,1,5,2,2,3,3,2,1,2,2,2,2,7,7,5,8,1,1,2,14,1,1,1,NaN,2,NaN,NaN,,NaN,,NaN,,NaN,63,60,NaN,1,4,1,1,1,1,1,1,1,2,1,1,1,1,1,1,1,2,1,2,1,1,720588.326,4260959.1,160.413,Cob,2006,0,0,1,17,4
18613,6,2010030002895,1,7,24,5,6,2,1,CV-913,3.3,3,3,0,1,5,3,2,2,3,2,1,1,2,1,1,7,7,4,1,1,1,9,14,1,1,1,NaN,2,NaN,NaN,,NaN,,NaN,,NaN,61,60,NaN,1,4,2,1,1,1,1,2,1,1,1,1,1,1,1,1,1,1,1,2,1,1,689812.239,4224015.44,-16.501,Sec,6524,0,0,0,16,5
18615,6,2010030002896,1,7,24,6,6,2,2,CV-821,3,3,0,1,1,5,3,2,3,3,2,2,1,1,1,1,1,1,3,1,1,1,9,14,2,1,3,NaN,2,2,NaN,,NaN,,NaN,,NaN,NaN,NaN,NaN,1,4,1,1,1,1,1,1,2,1,1,1,1,1,1,1,1,1,1,2,1,1,721750.388,4254116.619,34.292,Sec,22970,0,0,1,20,7
18618,6,2010030002926,1,7,25,6,7,3,3,CV-941,0.5,0,5,0,1,5,2,3,3,3,2,1,2,1,2,2,7,7,8,1,1,1,9,14,3,1,3,NaN,2,4,NaN,,NaN,,NaN,,NaN,NaN,NaN,NaN,3,4,2,1,1,1,1,1,2,1,1,1,1,1,1,1,1,1,1,2,1,2,696497.113,4196501.817,18.789,Sec,3407,0,0,1,19,1
18619,6,2010030002934,1,7,26,4,1,4,1,CV-870,0.4,0,4,0,1,5,3,2,3,4,2,1,1,1,2,2,7,7,8,1,1,1,9,14,3,1,1,NaN,1,NaN,NaN,,NaN,,NaN,,NaN,63,60,NaN,1,4,1,1,2,1,1,1,1,1,1,1,1,1,1,1,1,1,1,2,1,1,681128.235,4220480.754,6.285,Cob,0,0,0,0,14,1
18621,6,2010030002938,1,7,27,3,2,1,2,CV-905,0.9,0,9,0,1,5,3,2,3,3,2,1,1,1,1,1,5,6,8,1,1,1,9,14,1,1,1,NaN,2,2,NaN,,NaN,,NaN,,NaN,NaN,NaN,NaN,1,4,2,1,1,1,1,1,1,1,1,1,1,1,1,1,1,1,1,2,1,1,698813.792,4215462.173,8.698,Pri,23802,0,0,1,9,6
18622,6,2010030002957,1,7,25,3,7,3,1,CV-700,64.4,64,4,1,1,5,3,2,3,3,2,1,2,2,2,2,7,7,8,1,1,1,9,14,3,1,1,NaN,1,NaN,NaN,,NaN,,12,9,NaN,NaN,NaN,NaN,1,4,2,1,1,1,1,1,1,1,1,1,1,1,1,1,1,1,1,2,2,1,712507.875,4294847.291,558.64,Cob,6002,0,0,1,9,1
18623,6,2010030002961,1,7,27,6,2,1,1,CV-70,47.6,47,6,1,1,5,3,2,3,2,2,2,1,1,1,2,5,1,5,1,1,1,9,14,1,1,3,NaN,2,NaN,NaN,,NaN,,NaN,,NaN,53,50,NaN,2,4,2,1,2,1,1,2,1,1,1,1,1,1,1,1,1,1,1,2,1,1,723127.701,4286478.153,741.482,Per,23684,0,0,0,18,6
18625,6,2010030002970,1,7,29,3,4,1,2,CV-70,46.2,46,2,0,1,5,3,2,3,1,2,2,1,1,1,1,5,1,4,1,1,1,9,14,1,1,3,NaN,2,3,NaN,,NaN,,NaN,,NaN,NaN,NaN,NaN,1,4,1,1,1,1,1,1,2,1,1,1,1,1,1,1,1,1,1,2,1,2,750354.467,4274754.873,164.724,Per,23684,0,0,0,7,6
18626,6,2010030002972,1,7,24,6,6,2,1,CV-855,8,8,0,0,1,5,3,2,3,3,2,2,1,1,2,2,5,6,4,1,3,1,9,14,3,2,3,NaN,2,NaN,NaN,,NaN,,NaN,,NaN,64,60,NaN,1,4,1,1,1,1,1,2,1,1,1,1,2,1,1,1,1,1,1,2,1,1,701403.094,4228805.94,-13.652,Cob,7074,0,0,0,21,6
18630,6,2010030002993,1,7,30,4,5,1,2,CV-70,43.2,43,2,0,1,5,3,3,2,3,2,1,1,1,1,1,5,1,8,1,1,1,9,14,2,1,1,NaN,2,1,NaN,,NaN,,NaN,,NaN,NaN,NaN,NaN,1,4,1,1,1,1,1,1,2,1,1,1,1,1,1,1,1,1,1,2,1,2,749446.453,4277124.539,225.26,Cob,6230,0,0,0,12,6
18634,6,2010030002998,1,7,30,4,5,1,2,CV-905,1.1,1,1,1,1,5,1,3,3,3,2,1,2,1,1,1,5,1,4,1,1,1,9,14,1,1,3,NaN,2,4,NaN,,NaN,,NaN,,NaN,NaN,NaN,NaN,1,4,2,1,1,1,1,1,2,1,1,1,1,1,1,1,1,1,1,2,2,1,703036.114,4207728.116,-15.831,Pri,23802,0,0,0,14,6
18636,6,2010030003000,1,7,31,1,6,2,1,CV-855,10.5,10,5,0,1,5,2,3,3,2,2,1,1,1,1,1,5,1,8,1,5,1,9,14,1,1,3,NaN,2,NaN,NaN,,NaN,,NaN,,NaN,54,50,NaN,1,4,2,1,1,1,1,2,1,1,1,1,1,1,1,1,1,1,1,2,1,1,701343.425,4226339.036,-21.151,Cob,3777,0,1,0,2,6
18640,6,2010030003001,1,7,30,3,5,1,2,CV-705,1,1,0,0,1,5,2,2,1,3,2,1,2,2,1,1,7,7,8,1,1,1,9,14,1,1,1,NaN,1,1,NaN,,NaN,,NaN,,NaN,NaN,NaN,NaN,1,4,1,1,1,1,1,2,2,1,1,1,1,1,1,1,1,1,1,2,1,1,723274.369,4296553.909,352.816,Sec,3277,0,1,2,10,5
18642,6,2010030003002,1,7,30,4,5,1,2,CV-900,6,6,0,0,1,5,3,2,3,1,2,1,1,1,1,1,5,1,4,1,1,1,9,14,2,1,1,NaN,2,NaN,30,29,NaN,,NaN,,NaN,NaN,NaN,NaN,1,4,2,1,1,1,1,1,2,1,1,1,1,1,1,1,1,1,1,2,1,1,686329.729,4220945.414,-6.908,Cob,6294,0,0,1,11,6
18644,6,2010030003007,1,7,31,6,6,2,2,CV-914,3.1,3,1,1,1,5,2,3,3,1,2,1,2,1,1,1,7,7,8,1,1,1,9,14,3,1,1,NaN,1,NaN,NaN,,NaN,,NaN,,NaN,64,60,NaN,1,4,2,1,2,1,1,1,1,1,1,1,1,1,1,1,1,1,1,2,1,1,691144.241,4218762.759,-16.481,Cob,3252,0,0,0,18,1
18646,6,2010030003010,1,7,31,6,6,2,1,CV-840,10.9,10,9,1,1,5,2,3,3,1,2,1,1,1,1,1,1,1,2,1,1,1,9,14,2,1,1,NaN,2,NaN,NaN,,NaN,,NaN,,NaN,61,60,NaN,1,4,1,1,2,1,1,1,1,1,1,1,1,1,1,1,1,1,1,2,1,1,679385.821,4246967.804,549.97,Sec,2126,0,0,0,18,6
18648,6,2010030003015,1,7,31,6,6,2,2,CV-70,46.1,46,1,1,1,5,3,2,3,3,2,1,1,1,1,1,5,1,8,1,3,1,9,14,1,2,3,NaN,2,4,NaN,,NaN,,NaN,,NaN,NaN,NaN,NaN,1,4,2,1,1,1,1,1,1,1,1,1,1,1,1,1,1,1,1,2,1,1,724124.817,4286955.264,668.585,Per,23684,0,0,0,22,7
18652,6,2010030003017,1,8,1,1,7,3,2,CV-905,6.8,6,8,1,1,5,3,2,3,4,2,2,2,1,1,2,7,7,8,1,4,1,9,14,1,1,1,NaN,2,NaN,NaN,,NaN,,NaN,,NaN,53,50,NaN,1,4,2,1,1,2,1,1,1,1,1,1,1,1,1,1,1,1,1,2,1,1,700423.915,4212536.385,-16.796,Cob,25484,0,0,0,3,2
18656,6,2010030003022,1,8,1,3,7,3,2,CV-855,10.9,10,9,0,1,5,3,2,3,3,2,1,1,1,1,1,7,7,8,1,2,1,9,14,3,1,1,NaN,1,3,NaN,,NaN,,NaN,,NaN,NaN,NaN,NaN,1,4,2,1,2,1,1,1,1,1,1,1,1,1,1,1,1,1,1,2,1,1,701168.513,4226007.377,-21.033,Cob,3777,0,0,0,7,1
18658,6,2010030003024,1,7,31,6,6,2,2,CV-715,33.2,33,2,0,1,5,2,3,3,3,2,1,1,1,1,1,7,7,5,1,1,1,9,14,1,1,1,NaN,2,1,NaN,,NaN,,NaN,,NaN,NaN,NaN,NaN,1,4,2,1,2,1,1,1,1,1,1,1,1,1,1,1,1,1,1,2,1,1,753030.894,4286611.882,442.274,Cob,572,0,0,0,19,4
18660,6,2010030003051,1,8,1,6,7,3,2,CV-95,23.5,23,5,1,1,5,3,2,3,3,2,1,2,1,2,2,7,7,8,1,1,1,9,14,3,1,1,NaN,2,3,NaN,,NaN,,NaN,,NaN,NaN,NaN,NaN,1,4,2,1,1,1,1,1,1,1,2,1,1,1,1,1,1,1,1,2,1,2,683849.683,4215263.761,-1.513,Cob,19850,0,0,0,17,1