Id,Ano,Numero_Accidente,Provincia,Mes,Dia,Hora,Dia_Semana,Tipo_Dia,Vehiculos_Implicados,Carretera,Pk,Km,Hm,Sentido,Zona,Tipo_Via,Anchura_Calzada,Anchura_Carril,Marcas_Viales,Arcen,Arcen_Pavimentado,Mediana,Barrera_Seguridad,Paneles_Direccionales,Hitos_Arista,Captafaros,Interseccion_Tipo,Interseccion_Acondicionamiento,Prioridad_Regulada_por,Superficie,Luminosidad,Factores_Atmosfericos,Visibilidad_Restringida_por,Otras_Circunstancias,Senalizacion_Peligro,Aceras,Arboles,Arboles_Metros_Calzada,Visibilidad_Senalizacion_Vertical,Colision_Vehiculos_Marcha,Colision_Vehiculo_Obstaculo_1,Colision_Vehiculo_Obstaculo_2,Atropello_1,Atropello_2,Vuelco_1,Vuelco_2,Salida_Sin_Colision,Salida_Con_Colision,Lado_Salida,Otro,Circulacion,Circulacion_Medidas_Especiales,Distraccion,Inexperiencia_Conductor,Alcohol_Drogas,Cansancio_Sueno,Enfermedad,Velocidad_Inadecuada,Infraccion_Norma_Circulacion,Estado_Condicion_Via,Estado_Condicion_Senalizacion,Tramo_Obras,Mal_Estado_Vehiculo,Averia_Mecanica,Meteorologia_Adversa,Irrupcion_Animal,Circular_Sentido_Contrario,Otro_Factor,Sin_Opinion_Definida,Pendiente,Curvatura,Peralte,GPS_x,GPS_y,GPS_z,Tipo_Est,IMD,N_Muertos,N_Graves,N_Leves,Hora_Real,Fuera_o_Interseccion
18661,6,2010030003077,1,8,1,1,7,3,1,CV-870,7,7,0,0,1,5,2,2,3,3,2,1,1,1,1,2,5,1,4,1,3,1,9,14,3,1,1,NaN,1,NaN,NaN,,NaN,,NaN,,NaN,63,60,NaN,1,4,2,1,2,1,1,1,1,1,1,1,1,1,1,1,1,1,1,2,1,1,678534.988,4225999.733,42.2,Cob,5444,0,0,0,0,7
18662,6,2010030003080,1,8,3,5,2,1,1,CV-95,19.3,19,3,0,1,5,2,3,3,3,2,1,1,1,1,2,7,7,7,1,1,1,9,14,1,1,1,NaN,2,NaN,NaN,,NaN,,NaN,,NaN,63,60,NaN,1,4,2,1,1,1,1,1,1,1,1,1,1,1,1,1,1,1,1,2,1,1,694645.287,4206159.731,38.836,Cob,7327,0,0,0,15,2
18664,6,2010030003110,1,8,4,4,3,1,2,CV-800,24.8,24,8,1,1,5,2,2,3,4,2,1,2,2,2,2,7,7,8,1,1,1,9,14,1,1,1,NaN,2,NaN,NaN,,NaN,,NaN,,NaN,63,60,NaN,1,4,1,1,1,1,1,2,1,1,1,1,1,1,1,1,1,1,1,2,1,1,719652.9,4264591.352,238.751,Cob,2006,0,1,1,11,5
18665,6,2010030003111,1,8,1,1,7,3,1,CV-720,45,45,0,1,1,5,3,2,3,3,2,2,2,2,2,2,7,7,5,1,5,1,9,14,1,1,1,NaN,2,NaN,NaN,,NaN,,NaN,,NaN,62,60,NaN,1,4,2,1,2,1,1,1,1,1,1,1,1,1,1,1,1,1,1,2,1,1,733703.521,4291829.064,630.635,Cob,2594,0,0,0,0,2
18667,6,2010030003112,1,8,4,6,3,1,2,CV-70,44.1,44,1,1,1,5,3,3,3,2,2,2,1,1,1,1,1,6,3,1,1,1,9,14,1,1,3,NaN,2,2,NaN,,NaN,,NaN,,NaN,NaN,NaN,NaN,1,4,1,1,1,1,1,1,2,1,1,1,1,1,1,1,1,1,1,2,2,1,725645.624,4287043.093,569.33,Cob,26042,0,0,1,17,7
18669,6,2010030003135,1,8,5,2,4,1,1,CV-736,5.5,5,5,1,1,5,2,3,3,1,2,1,1,1,1,1,7,7,8,1,1,1,9,14,3,1,3,NaN,2,NaN,NaN,,NaN,,NaN,,NaN,64,60,NaN,1,4,2,1,1,1,1,1,1,1,1,1,1,1,1,1,1,1,1,2,1,1,773053.52,4301568.776,40.488,Cob,4052,0,0,0,6,2
18672,6,2010030003136,1,8,5,3,4,1,3,CV-95,14.3,14,3,0,1,5,3,2,3,3,2,1,2,1,1,2,7,7,8,1,1,1,9,14,3,1,1,NaN,1,NaN,NaN,,NaN,,NaN,,NaN,NaN,NaN,71,1,4,2,1,1,1,1,1,1,1,1,1,1,1,1,1,1,1,1,2,1,1,691268.583,4209822.448,54.026,Pri,8272,0,0,0,8,1
18675,6,2010030003137,1,8,4,6,3,1,3,CV-895,5,5,0,1,1,5,2,2,3,3,2,1,1,1,1,1,1,2,3,1,1,1,9,14,1,1,1,NaN,2,NaN,NaN,,NaN,,NaN,,NaN,NaN,NaN,71,2,4,2,1,1,1,1,1,2,1,1,1,1,1,1,1,1,1,1,2,1,1,701335.698,4214367.637,-9.195,Cob,9335,0,0,0,20,6
18680,6,2010030003140,1,8,1,3,7,3,2,CV-736,6,6,0,1,1,5,2,2,2,1,2,1,1,1,1,1,1,1,3,1,1,1,9,14,3,1,1,NaN,1,2,NaN,,NaN,,NaN,,NaN,NaN,NaN,NaN,1,4,1,1,2,1,1,1,2,1,1,1,1,1,1,1,1,1,1,2,1,1,772675.633,4301866.834,25.09,Cob,4052,0,1,5,9,7
18682,6,2010030003141,1,8,5,6,4,1,2,CV-800,0.1,0,1,1,1,5,2,2,3,3,2,1,2,1,2,2,7,7,8,1,5,1,9,14,3,1,1,NaN,2,NaN,NaN,,21,24,NaN,,NaN,NaN,NaN,NaN,1,4,1,1,1,1,1,1,1,1,1,1,1,1,1,2,1,1,1,2,1,2,719822.882,4281220.511,760.758,Cob,14233,0,1,1,22,1
18683,6,2010030003159,1,8,6,3,5,1,1,CV-935,6,6,0,1,1,5,2,3,3,3,2,1,1,2,1,1,7,7,8,1,1,1,9,14,1,1,3,NaN,2,NaN,NaN,,NaN,,NaN,,66,NaN,60,NaN,1,4,1,2,1,1,1,1,1,1,1,1,1,1,1,1,1,1,1,2,1,1,694154.086,4216458.482,44.861,Sec,1922,0,0,0,8,5
18684,6,2010030003162,1,8,6,5,5,1,1,CV-70,36.7,36,7,0,1,5,2,2,3,3,2,1,2,2,1,1,7,7,8,1,1,1,9,14,1,1,3,NaN,2,NaN,NaN,,NaN,,NaN,,NaN,64,60,NaN,1,4,1,1,1,1,1,2,2,1,1,1,1,1,1,1,1,1,1,2,1,1,746137.944,4281405.459,500.264,Cob,2085,0,0,0,16,5
18687,6,2010030003168,1,8,7,3,6,2,1,CV-840,20.8,20,8,0,1,5,2,3,3,1,2,1,1,2,1,1,7,7,8,1,1,1,9,14,2,1,1,NaN,1,NaN,NaN,,NaN,,NaN,,NaN,54,50,NaN,1,4,1,1,1,1,2,1,1,1,1,1,1,1,1,1,1,1,1,2,1,1,675533.136,4245579.134,508.046,Sec,2126,0,0,4,9,2
18689,6,2010030003170,1,8,6,4,5,1,2,CV-95,24.5,24,5,0,1,5,3,2,3,3,2,1,1,1,2,1,7,7,8,1,1,1,9,14,3,1,1,NaN,2,4,NaN,,NaN,,NaN,,NaN,NaN,NaN,NaN,1,4,2,1,1,1,1,1,2,1,1,1,1,1,1,1,1,1,1,2,1,1,698945.449,4204750.803,4.259,Cob,19850,0,0,0,13,1
18690,6,2010030003174,1,8,7,6,6,2,1,CV-773,5,5,0,0,1,5,2,2,3,1,2,1,1,1,1,1,7,7,8,1,2,1,9,14,3,1,1,NaN,2,NaN,NaN,,NaN,,NaN,,65,NaN,60,NaN,1,4,2,1,1,1,1,1,1,1,1,1,1,1,1,1,1,1,1,2,1,1,724106.4,4260799.041,178.046,Cob,3914,0,1,0,21,1
18692,6,2010030003179,1,8,7,4,6,2,2,CV-905,6.5,6,5,1,1,5,3,2,3,3,2,2,1,1,2,2,7,7,6,1,1,1,9,14,1,1,1,NaN,2,4,NaN,,NaN,,NaN,,NaN,NaN,NaN,NaN,2,4,2,1,1,1,1,1,2,1,1,1,1,1,1,1,1,1,1,2,1,1,700530.868,4212259.195,-15.784,Cob,25484,0,0,0,13,1
18694,6,2010030003181,1,8,7,5,6,2,2,CV-95,10.8,10,8,1,1,5,3,2,3,4,2,1,2,1,2,1,7,7,8,1,1,1,9,14,1,1,1,NaN,2,2,NaN,,NaN,,NaN,,NaN,NaN,NaN,NaN,1,4,1,1,1,1,2,1,1,1,1,1,1,1,1,1,1,1,1,2,1,1,692766.985,4207883.573,39.617,Cob,8866,0,0,0,15,1
18695,6,2010030003204,1,8,7,3,6,2,1,CV-70,32.3,32,3,0,1,5,2,3,3,3,2,1,2,2,1,1,7,7,8,1,1,1,9,14,1,1,3,NaN,2,NaN,NaN,,NaN,,12,9,NaN,NaN,NaN,NaN,1,4,1,1,1,1,1,2,1,1,1,1,1,1,1,1,1,1,1,2,1,1,743454.999,4283947.977,595.498,Cob,2085,0,0,0,10,5
18696,6,2010030003213,1,8,2,5,1,1,1,CV-801,7,7,0,1,1,5,3,2,3,1,2,1,1,2,2,2,7,7,8,1,1,1,9,14,3,1,1,NaN,2,NaN,NaN,,NaN,,NaN,,66,NaN,60,NaN,1,4,2,2,1,1,1,2,1,1,1,1,1,1,1,1,1,1,1,2,1,1,710161.251,4279147.037,836.387,Cob,758,0,0,0,16,1
18700,6,2010030003218,1,8,10,3,2,1,2,CV-700,63.7,63,7,0,1,5,2,3,3,1,2,1,2,1,1,1,4,1,3,1,1,1,3,14,1,1,1,NaN,3,2,NaN,,NaN,,NaN,,NaN,NaN,NaN,NaN,1,4,1,1,1,1,1,1,2,2,1,1,1,1,1,1,1,1,1,2,1,1,756264.74,4304797.752,-14.583,Cob,6002,0,0,1,9,7
18701,6,2010030003225,1,8,10,4,2,1,1,CV-736,6.9,6,9,1,1,5,2,2,3,3,2,1,2,1,1,1,7,7,5,1,1,1,9,13,1,1,3,NaN,2,NaN,NaN,,NaN,,NaN,,NaN,NaN,NaN,71,1,4,1,1,1,1,1,1,1,1,1,1,1,1,1,1,1,2,1,2,1,1,772243.906,4302599.344,6.803,Cob,4052,0,0,1,13,2
18703,6,2010030003226,1,8,4,5,3,1,1,CV-84,2.9,2,9,1,1,3,3,2,3,4,2,2,2,2,2,2,5,3,5,1,1,1,9,14,1,1,1,NaN,2,NaN,NaN,,NaN,,12,9,NaN,NaN,NaN,NaN,1,4,1,1,1,1,1,1,2,1,1,1,1,1,1,1,1,1,1,2,1,1,696035.531,4244204.863,257.999,Sec,18460,0,0,0,16,6
18706,6,2010030003227,1,8,5,5,4,1,3,CV-799,1.3,1,3,1,1,5,3,2,3,4,2,1,2,2,2,1,7,7,5,1,1,1,9,14,3,1,1,NaN,1,NaN,NaN,,NaN,,NaN,,NaN,52,50,NaN,1,4,1,1,1,1,1,1,2,1,1,1,1,1,1,1,1,1,1,2,1,1,698143.948,4276064.012,722.865,Pri,3746,0,0,0,16,1
18708,6,2010030003228,1,8,10,6,2,1,2,CV-81,48,48,0,0,1,5,3,2,3,3,2,1,2,2,2,2,7,7,8,3,1,1,2,14,1,1,3,NaN,2,2,NaN,,NaN,,NaN,,NaN,NaN,NaN,NaN,1,4,1,1,1,1,1,2,1,1,1,1,1,1,1,1,1,1,1,2,1,1,681287.828,4278381.6,463.077,Cob,5024,1,1,1,17,5
18710,6,2010030003229,1,8,5,3,4,1,2,CV-855,7.2,7,2,0,1,5,3,2,3,1,2,1,2,2,2,2,5,3,4,1,1,1,9,14,1,1,1,NaN,2,2,NaN,,NaN,,NaN,,NaN,NaN,NaN,NaN,1,4,1,1,1,1,1,1,2,1,1,1,1,1,1,1,1,1,1,2,1,1,701430.782,4229583.186,-9.569,Cob,7074,0,0,1,8,6
18711,6,2010030003250,1,8,6,1,5,1,1,CV-805,4.5,4,5,1,1,5,2,2,3,3,2,1,1,1,1,1,7,7,8,1,5,1,9,14,3,1,3,NaN,1,NaN,NaN,,NaN,,NaN,,NaN,64,60,NaN,1,4,2,1,1,2,1,1,1,1,1,1,1,1,1,1,1,1,1,2,1,1,708849.649,4269382.047,478.249,Cob,2234,0,0,0,4,1
18712,6,2010030003251,1,8,6,5,5,1,1,CV-800,14.4,14,4,0,1,5,3,2,3,4,2,1,1,1,2,1,7,7,8,1,1,1,2,14,1,1,3,NaN,2,NaN,NaN,,NaN,,NaN,,NaN,63,60,NaN,1,4,1,1,1,1,1,2,1,1,1,1,1,1,1,1,1,1,1,2,2,2,719051.507,4266363.928,307.061,Sec,5057,0,0,0,16,4
18714,6,2010030003256,1,8,7,1,6,2,2,CV-865,0.8,0,8,0,1,5,3,2,3,3,2,1,1,1,2,1,2,5,3,1,5,1,9,14,1,1,1,NaN,2,2,NaN,,NaN,,NaN,,NaN,NaN,NaN,NaN,1,4,1,1,1,1,1,1,2,1,1,1,1,1,1,1,1,1,1,2,1,1,703841.128,4237363.73,44.729,Cob,15886,0,0,0,1,7
18717,6,2010030003283,1,8,7,6,6,2,2,CV-855,9.6,9,6,1,1,5,3,2,3,1,2,1,2,2,1,1,2,1,3,1,1,1,9,14,1,1,1,NaN,2,2,NaN,,NaN,,NaN,,NaN,NaN,NaN,NaN,1,4,1,1,1,1,1,1,2,1,1,1,1,1,1,1,1,1,1,2,1,1,701412.477,4228897.646,-12.587,Cob,7074,0,0,0,18,6
18722,6,2010030003287,1,8,8,6,7,3,2,CV-900,5,5,0,1,1,5,2,2,3,2,2,2,2,1,2,2,7,7,8,1,3,1,9,14,3,2,1,NaN,2,4,NaN,,NaN,,NaN,,NaN,NaN,NaN,NaN,1,4,2,1,1,1,1,1,1,1,1,1,1,1,1,2,1,1,1,2,1,1,686698.939,4222802.27,-12.098,Cob,6294,0,0,5,21,2
18723,6,2010030003292,1,8,13,1,5,1,1,CV-800,5,5,0,0,1,5,2,3,3,3,2,1,1,1,2,1,7,7,8,1,5,1,9,14,3,1,1,NaN,2,NaN,NaN,,NaN,,NaN,,NaN,53,50,NaN,1,4,1,1,2,1,1,1,1,1,1,1,1,1,1,1,1,1,1,2,1,1,721918.61,4257893.995,84.299,Sec,5057,0,1,0,0,1
18724,6,2010030003293,1,8,13,1,5,1,1,CV-734,0.3,0,3,0,1,5,1,2,4,3,2,1,2,2,2,2,7,7,5,1,5,1,9,14,3,1,3,NaN,2,NaN,NaN,,NaN,,NaN,,NaN,64,60,NaN,1,4,2,1,1,1,1,1,1,1,1,1,1,1,1,1,1,1,1,2,1,1,767356.427,4297576.103,53.857,Sec,11547,0,0,0,2,3
18725,6,2010030003342,1,8,14,6,6,2,1,CV-724,1.5,1,5,0,1,5,3,2,3,4,2,1,1,1,1,2,7,7,8,6,1,1,9,13,3,1,3,NaN,1,NaN,NaN,,NaN,,12,9,NaN,NaN,NaN,NaN,1,4,1,1,1,1,1,1,2,2,1,1,1,1,1,1,1,1,1,2,1,1,763601.275,4300094.502,13.914,Sec,5740,0,0,0,17,2
18727,6,2010030003351,1,8,14,6,6,2,2,CV-905,9.1,9,1,0,1,5,2,2,2,3,2,2,1,1,1,2,7,7,4,1,1,1,9,14,1,2,1,NaN,2,4,NaN,,NaN,,NaN,,NaN,NaN,NaN,NaN,2,4,1,1,1,1,1,1,2,1,1,1,1,1,1,1,1,1,1,2,1,1,702760.191,4208649.747,-18.974,Cob,25484,0,0,0,19,1
18728,6,2010030003353,1,8,16,1,1,4,1,CV-903,1,1,0,0,1,5,3,1,3,3,2,1,1,1,1,1,5,1,3,1,4,1,9,14,2,1,1,NaN,3,NaN,NaN,,NaN,,NaN,,NaN,63,60,NaN,1,4,2,1,2,1,1,1,1,1,1,1,1,1,1,1,1,1,1,2,1,1,699306.356,4219014.299,-12.875,Cob,0,0,0,0,0,6
18729,6,2010030003381,1,8,16,2,1,1,1,CV-734,0,0,0,0,1,5,2,2,3,1,2,1,2,1,2,2,1,1,8,1,4,1,9,14,1,1,1,NaN,1,NaN,NaN,,NaN,,NaN,,NaN,62,60,NaN,1,4,2,1,2,1,1,1,1,1,1,1,1,1,1,1,1,1,1,2,1,1,766845.533,4297996.368,49.086,Sec,11547,0,0,0,5,6
18732,6,2010030003382,1,8,16,6,1,4,2,CV-905,8.5,8,5,1,1,5,3,2,3,3,2,2,1,1,2,2,7,7,8,1,1,1,9,14,3,1,1,NaN,1,3,NaN,,NaN,,NaN,,NaN,NaN,NaN,NaN,1,4,1,1,1,1,1,1,2,1,1,1,1,1,1,1,1,1,1,2,1,1,699820.305,4214100.054,3.879,Cob,25484,0,0,3,18,1
18733,6,2010030003412,1,8,15,6,7,3,1,CV-805,1.9,1,9,0,1,5,3,1,3,3,2,1,2,1,2,2,5,2,4,1,1,1,9,14,1,1,1,NaN,2,NaN,NaN,,NaN,,NaN,,NaN,63,60,NaN,1,4,1,1,2,1,1,1,1,1,1,1,1,1,1,1,1,1,1,2,1,1,709830.733,4276244.752,651.601,Cob,2234,0,0,0,20,6
18735,6,2010030003418,1,8,18,1,3,1,2,CV-70,44.2,44,2,1,1,5,3,2,3,3,2,1,1,1,1,1,5,1,5,1,3,1,9,14,3,1,3,NaN,1,4,NaN,,NaN,,NaN,,NaN,NaN,NaN,NaN,1,4,2,1,1,1,1,1,1,1,1,1,1,1,1,1,1,1,1,2,1,1,725567.219,4286986.984,575.293,Cob,26042,0,0,0,4,6
18736,6,2010030003434,1,8,14,6,6,2,1,CV-715,33.6,33,6,0,1,5,2,2,2,1,2,1,2,1,1,1,7,7,8,1,1,1,9,14,3,1,3,NaN,1,NaN,30,32,NaN,,NaN,,NaN,NaN,NaN,NaN,1,4,2,1,1,1,1,1,1,1,1,1,1,1,1,1,1,1,1,1,2,2,752934.587,4286550.893,415.495,Cob,572,0,0,0,19,2
18737,6,2010030003474,1,8,7,5,6,3,1,CV-775,5.4,5,4,0,1,5,1,3,2,1,2,1,1,2,2,2,7,7,8,1,1,1,2,14,1,1,1,NaN,2,NaN,NaN,,NaN,,NaN,,NaN,63,60,NaN,1,4,1,1,2,1,1,1,1,1,1,1,1,1,1,1,1,1,1,2,2,2,728723.546,4262564.803,178.183,Cob,1931,0,0,0,15,5
18742,6,2010030003497,1,8,19,4,4,1,3,CV-905,8.4,8,4,1,1,5,3,2,3,3,2,2,1,2,2,2,7,7,5,1,1,4,9,14,3,1,3,NaN,2,5,NaN,,NaN,,NaN,,NaN,NaN,NaN,NaN,3,4,2,1,1,1,1,1,1,1,1,1,1,1,1,1,1,1,1,2,1,1,699854.199,4214006.021,4.175,Cob,25484,0,0,0,14,1
18744,6,2010030003500,1,8,20,3,5,1,2,CV-820,6.5,6,5,0,1,5,3,2,3,3,2,1,1,1,1,1,7,7,8,1,1,1,9,14,1,1,1,NaN,2,1,NaN,,NaN,,NaN,,NaN,NaN,NaN,NaN,1,4,2,1,1,1,1,1,2,1,1,1,1,1,1,1,1,1,1,2,1,1,707931.57,4255797.335,226.847,Cob,5185,0,1,1,8,1
18746,6,2010030003504,1,8,17,4,2,1,2,CV-913,1,1,0,0,1,5,3,2,3,3,2,1,1,1,1,1,7,7,8,1,1,1,9,6,1,1,1,NaN,2,4,NaN,,NaN,,NaN,,NaN,NaN,NaN,NaN,1,4,1,1,1,1,1,1,2,1,1,1,1,1,1,1,1,1,1,2,1,1,688074.404,4222598.952,-12.436,Sec,6524,0,0,0,13,1
18747,6,2010030003506,1,8,22,6,7,3,1,CV-755,17.3,17,3,1,1,5,2,3,3,3,2,1,2,2,2,2,7,7,8,1,1,1,9,14,3,1,3,NaN,2,NaN,NaN,,NaN,,NaN,,NaN,64,60,NaN,1,4,2,1,2,1,1,1,1,1,1,1,1,1,1,1,1,1,1,2,1,1,745808.306,4283889.837,334.42,Cob,2715,0,0,0,18,5
18749,6,2010030003518,1,8,23,4,1,4,2,CV-905,4.9,4,9,1,1,5,3,1,3,3,2,2,1,2,2,2,5,1,4,1,1,1,9,14,1,1,3,NaN,2,2,NaN,,NaN,,NaN,,NaN,NaN,NaN,NaN,2,4,2,1,1,1,1,1,1,1,1,1,1,1,1,1,1,1,1,2,1,1,701405.323,4210977.515,-9.887,Cob,25484,0,0,1,12,6
18751,6,2010030003527,1,8,23,6,1,4,2,CV-95,25,25,0,0,1,5,2,2,3,3,2,2,1,1,1,1,7,7,6,1,1,1,9,14,1,2,1,NaN,2,4,NaN,,NaN,,NaN,,NaN,NaN,NaN,NaN,2,4,2,1,1,1,1,1,1,1,1,1,1,1,1,1,1,1,1,2,2,3,699402.984,4204557.633,5.172,Cob,19850,0,0,1,20,1
18753,6,2010030003548,1,8,20,4,5,1,2,CV-773,1.2,1,2,1,1,5,2,3,3,3,2,1,1,1,1,1,1,1,8,1,1,1,9,14,1,1,3,NaN,2,2,NaN,,NaN,,NaN,,NaN,NaN,NaN,NaN,1,4,1,1,1,1,1,1,2,1,1,1,1,1,1,1,1,1,1,2,2,2,728403.008,4263677.278,283.577,Cob,3914,0,0,0,11,6
18755,6,2010030003560,1,8,25,5,3,1,2,CV-700,61.1,61,1,0,1,5,2,2,3,1,2,1,1,1,1,1,7,7,5,1,1,1,9,13,3,1,1,NaN,1,3,NaN,,NaN,,NaN,,NaN,NaN,NaN,NaN,1,4,1,1,1,1,1,1,1,1,1,1,1,1,1,1,1,2,1,2,1,1,753756.757,4304218.95,-3.562,Cob,6002,0,0,0,15,1
18760,6,2010030003561,1,8,25,4,3,1,3,CV-95,19.5,19,5,1,1,5,3,2,3,3,2,1,2,1,1,1,7,7,5,1,1,1,9,14,1,1,1,NaN,2,1,NaN,,NaN,,NaN,,NaN,NaN,NaN,NaN,2,4,2,1,1,1,1,1,2,1,1,1,1,1,1,1,1,1,1,2,1,1,686674.593,4213407.904,17.117,Cob,7327,0,1,5,13,2
18761,6,2010030003663,1,8,27,5,5,1,1,CV-91,15,15,0,1,1,5,3,2,3,3,2,2,2,2,2,2,7,7,5,1,1,1,9,14,3,1,3,NaN,2,NaN,NaN,,NaN,,NaN,,57,NaN,50,NaN,1,4,2,1,1,1,1,1,1,1,1,1,2,1,1,1,1,1,1,2,1,1,691013.951,4217991.424,-18.935,Cob,10424,0,0,1,15,2
18762,6,2010030003665,1,8,28,3,6,2,1,CV-935,1.6,1,6,0,1,5,3,2,3,3,2,1,1,1,2,2,1,3,4,1,1,1,9,14,1,1,1,NaN,1,NaN,NaN,,NaN,,NaN,,NaN,51,50,NaN,1,4,2,1,1,1,1,1,1,1,1,1,1,1,1,1,1,1,1,2,1,1,693388.88,4219273.983,-15.376,Cob,8489,0,0,0,10,6
18764,6,2010030003668,1,8,28,4,6,2,2,CV-821,4.4,4,4,1,1,5,3,2,3,3,2,2,2,2,2,2,1,6,3,1,1,1,9,14,2,1,1,NaN,3,NaN,NaN,,NaN,,NaN,,NaN,NaN,NaN,71,1,4,2,1,1,1,1,1,2,1,1,1,1,1,1,1,1,1,1,2,1,2,720682.698,4253700.498,44.731,Sec,22970,0,1,0,11,7
18765,6,2010030003674,1,8,29,3,7,3,1,CV-736,6.9,6,9,0,1,5,2,2,2,1,2,1,1,2,1,1,7,7,8,1,2,1,9,14,1,1,3,NaN,2,NaN,NaN,,NaN,,NaN,,NaN,63,60,NaN,1,4,1,1,2,1,1,2,1,1,1,1,1,1,1,1,1,1,1,1,2,1,774400.684,4299414.505,147.109,Cob,4052,0,0,0,7,5
18766,6,2010030003741,1,8,30,6,1,4,1,CV-70,43.7,43,7,1,1,5,3,2,3,3,2,2,1,1,1,1,7,7,5,1,1,1,9,14,2,1,1,NaN,2,NaN,NaN,,NaN,,NaN,,66,NaN,60,NaN,1,4,1,1,1,2,1,1,1,1,1,1,1,1,1,1,1,1,1,2,1,1,725905.3,4286919.463,548.329,Cob,26042,0,0,1,17,2
18768,6,2010030003750,1,8,25,4,3,1,2,CV-865,11.4,11,4,1,1,5,3,2,3,3,2,1,2,2,2,1,5,6,5,1,1,1,9,14,2,1,1,NaN,2,2,NaN,,NaN,,NaN,,NaN,NaN,NaN,NaN,1,4,1,1,1,1,1,1,2,1,1,1,1,1,1,1,1,1,1,2,1,1,703974.437,4237282.21,39.036,Sec,0,0,0,0,11,6
18769,6,2010120000003,2,1,1,6,5,3,1,CV-190,6.5,6,5,1,1,5,2,3,3,3,2,1,2,2,1,1,7,7,8,1,5,1,9,14,3,1,1,NaN,2,NaN,NaN,,21,24,NaN,,NaN,NaN,NaN,NaN,1,4,1,1,1,1,1,1,1,1,1,1,1,1,1,1,1,2,1,2,1,1,709300.562,4451145.735,966.613,Cob,2131,0,0,0,22,1
18774,6,2010120000004,2,1,1,3,5,3,2,CV-10,42,42,0,0,1,5,3,2,3,5,2,2,2,2,2,2,6,6,4,1,1,1,9,14,1,1,3,NaN,2,2,NaN,,NaN,,NaN,,NaN,NaN,NaN,NaN,1,4,2,1,2,1,1,1,1,1,1,1,1,1,1,1,1,1,1,2,1,1,758645.386,4448544.684,239.953,NaN,0,0,0,2,8,6
18775,6,2010120000015,2,1,1,2,5,3,1,CV-185,2,2,0,0,1,5,2,2,3,3,2,1,1,1,1,1,7,7,5,1,5,1,9,14,3,1,1,NaN,1,NaN,30,32,NaN,,NaN,,NaN,NaN,NaN,NaN,1,4,1,1,1,1,1,1,1,1,1,1,1,1,1,1,1,2,1,2,1,1,748811.371,4422546.659,7.471,Sec,12991,0,0,1,6,1
18776,6,2010120000016,2,1,3,6,7,3,1,CV-21,0.9,0,9,1,1,5,2,2,3,3,2,1,1,1,1,1,7,7,5,1,5,1,9,14,1,1,1,NaN,1,NaN,NaN,,21,24,NaN,,NaN,NaN,NaN,NaN,1,4,1,1,1,1,1,1,1,1,1,1,1,1,1,2,1,1,1,2,1,1,735387.433,4428294.667,157.607,Sec,4810,0,0,0,19,1
18777,6,2010120000034,2,1,2,6,6,2,1,CV-10,38.5,38,5,0,1,5,3,2,3,3,2,1,2,1,1,1,7,7,8,1,4,1,9,14,1,1,1,NaN,2,NaN,NaN,,21,24,NaN,,NaN,NaN,NaN,NaN,1,4,1,1,1,1,1,1,1,1,1,1,1,1,1,2,1,1,1,2,1,1,757337.509,4445326.12,276.543,Cob,7165,0,0,0,21,1
18779,6,2010120000036,2,1,4,6,1,4,1,CV-190,3.8,3,8,1,1,5,3,2,3,3,2,1,2,1,1,1,5,1,4,3,3,1,9,14,1,1,1,NaN,2,NaN,NaN,,NaN,,NaN,,NaN,63,60,NaN,1,4,1,1,1,1,1,2,2,1,1,1,1,1,1,1,1,1,1,2,2,2,708963.273,4449610.942,944.842,Cob,4502,0,0,0,19,6
18780,6,2010120000055,2,1,6,3,3,3,1,CV-17,0.6,0,6,1,1,5,3,2,3,3,2,1,2,1,1,1,4,1,8,3,1,1,9,14,1,1,1,NaN,1,NaN,NaN,,NaN,,NaN,,66,NaN,60,NaN,1,4,1,1,1,2,1,1,1,1,1,1,1,1,1,1,1,1,1,2,1,2,745919.303,4430926.647,80.428,Sec,19315,0,0,0,8,6
18781,6,2010120000056,2,1,6,6,3,3,1,CV-15,3,3,0,1,1,5,2,2,3,3,2,1,1,1,1,1,7,7,8,1,5,1,9,14,3,1,3,NaN,1,NaN,NaN,,21,24,NaN,,NaN,NaN,NaN,NaN,1,4,1,1,1,1,1,1,1,1,1,1,1,1,1,2,1,1,1,2,1,1,730167.609,4481775.614,1154.953,Cob,6179,0,0,0,20,1
18782,6,2010120000066,2,1,6,5,3,1,1,CV-11,7.5,7,5,0,1,5,2,2,3,1,2,1,1,1,1,1,7,7,8,1,1,1,9,14,3,1,1,NaN,1,NaN,NaN,,21,24,NaN,,NaN,NaN,NaN,NaN,1,4,1,1,1,1,1,1,1,1,1,1,1,1,1,2,1,1,1,2,1,1,791243.591,4493917.604,74.853,Cob,1705,0,0,0,16,1
18783,6,2010120000067,2,1,6,2,3,3,1,CV-10,2,2,0,1,1,2,3,2,3,4,2,2,2,1,2,2,4,1,8,3,4,4,9,14,3,1,1,NaN,2,NaN,NaN,,NaN,,NaN,,NaN,61,60,NaN,1,4,2,2,1,1,1,2,1,1,1,1,1,1,1,1,1,1,1,2,1,1,774554.828,4488328.711,298.023,Cob,26108,0,0,0,6,6