Id,Ano,Numero_Accidente,Provincia,Mes,Dia,Hora,Dia_Semana,Tipo_Dia,Vehiculos_Implicados,Carretera,Pk,Km,Hm,Sentido,Zona,Tipo_Via,Anchura_Calzada,Anchura_Carril,Marcas_Viales,Arcen,Arcen_Pavimentado,Mediana,Barrera_Seguridad,Paneles_Direccionales,Hitos_Arista,Captafaros,Interseccion_Tipo,Interseccion_Acondicionamiento,Prioridad_Regulada_por,Superficie,Luminosidad,Factores_Atmosfericos,Visibilidad_Restringida_por,Otras_Circunstancias,Senalizacion_Peligro,Aceras,Arboles,Arboles_Metros_Calzada,Visibilidad_Senalizacion_Vertical,Colision_Vehiculos_Marcha,Colision_Vehiculo_Obstaculo_1,Colision_Vehiculo_Obstaculo_2,Atropello_1,Atropello_2,Vuelco_1,Vuelco_2,Salida_Sin_Colision,Salida_Con_Colision,Lado_Salida,Otro,Circulacion,Circulacion_Medidas_Especiales,Distraccion,Inexperiencia_Conductor,Alcohol_Drogas,Cansancio_Sueno,Enfermedad,Velocidad_Inadecuada,Infraccion_Norma_Circulacion,Estado_Condicion_Via,Estado_Condicion_Senalizacion,Tramo_Obras,Mal_Estado_Vehiculo,Averia_Mecanica,Meteorologia_Adversa,Irrupcion_Animal,Circular_Sentido_Contrario,Otro_Factor,Sin_Opinion_Definida,Pendiente,Curvatura,Peralte,GPS_x,GPS_y,GPS_z,Tipo_Est,IMD,N_Muertos,N_Graves,N_Leves,Hora_Real,Fuera_o_Interseccion
18784,6,2010120000068,2,1,6,2,3,3,1,CV-10,0.2,0,2,1,1,5,3,2,3,3,2,2,2,1,2,2,7,7,8,3,4,4,9,14,3,1,1,NaN,2,NaN,NaN,,NaN,,NaN,,NaN,64,60,NaN,1,4,1,1,1,2,1,1,1,1,1,1,1,1,1,1,1,1,1,2,1,1,775267.741,4489795.421,277.663,Sec,26269,0,0,0,6,1
18785,6,2010120000069,2,1,5,6,2,2,1,CV-10,48.5,48,5,0,1,5,1,3,3,3,2,1,1,1,1,1,7,7,8,3,4,4,9,14,3,1,3,NaN,2,NaN,NaN,,21,24,NaN,,NaN,NaN,NaN,NaN,1,4,1,1,1,1,1,1,1,1,1,1,1,1,1,2,1,1,1,2,1,1,759283.556,4454858.108,276.741,Cob,4693,0,0,0,19,1
18789,6,2010120000071,2,1,9,6,6,2,2,CV-191,1.9,1,9,1,1,5,3,2,3,3,2,1,1,1,1,1,7,7,8,1,2,1,9,14,2,1,2,6,1,NaN,30,29,NaN,,NaN,,NaN,NaN,NaN,NaN,1,4,2,1,1,1,1,1,2,1,1,1,1,1,1,1,1,1,1,2,2,2,732931.544,4433415.181,166.04,Cob,3269,1,0,0,18,1
18791,6,2010120000090,2,1,7,3,4,1,2,CV-10,8,8,0,1,1,5,3,2,3,4,2,2,2,2,2,2,7,7,8,3,2,4,9,14,3,1,3,NaN,2,4,NaN,,NaN,,NaN,,NaN,NaN,NaN,NaN,1,4,2,1,1,1,1,1,1,1,1,1,1,1,1,1,1,1,1,2,1,1,770934.996,4484471.931,308.402,Sec,31562,0,0,0,8,1
18792,6,2010120000116,2,1,2,3,6,2,1,CV-10,70.7,70,7,0,1,5,3,2,3,4,2,1,1,2,2,2,7,7,8,1,1,1,9,14,3,1,1,NaN,1,NaN,NaN,,21,24,NaN,,NaN,NaN,NaN,NaN,1,4,1,1,1,1,1,1,1,1,1,1,1,1,1,2,1,1,1,2,1,1,766995.418,4474402.374,241.654,Pri,2878,0,0,0,8,1
18793,6,2010120000121,2,1,12,3,2,1,1,CV-10,48.2,48,2,0,1,5,3,2,3,4,2,1,1,1,1,1,7,7,8,1,1,1,9,14,2,1,1,NaN,1,NaN,NaN,,21,24,NaN,,NaN,NaN,NaN,NaN,1,4,1,1,1,1,1,1,1,1,1,1,1,1,1,2,1,1,1,2,1,1,759305.634,4454660.744,279.486,Cob,4693,0,0,0,10,1
18795,6,2010120000140,2,1,14,6,4,1,2,CV-25,36.7,36,7,1,1,5,3,1,3,3,2,1,1,1,2,1,5,1,8,1,2,1,9,14,3,2,1,NaN,1,3,NaN,,NaN,,NaN,,NaN,NaN,NaN,NaN,1,4,1,1,1,1,1,1,2,1,1,1,1,1,1,1,1,1,1,2,2,2,707008.577,4390519.852,151.936,Pri,7072,0,0,0,19,6
18796,6,2010120000141,2,1,14,3,4,1,1,CV-135,20.8,20,8,1,1,5,1,3,3,1,2,1,1,1,1,1,7,7,8,1,1,1,9,14,1,1,1,NaN,2,NaN,NaN,,NaN,,NaN,,66,NaN,60,NaN,1,4,2,1,1,1,1,1,1,1,1,1,1,1,1,1,1,1,1,2,1,1,774257.551,4485541.464,296.786,Pri,3044,0,0,0,9,1
18797,6,2010120000153,2,1,14,4,4,1,1,CV-18,2.8,2,8,0,1,5,2,2,2,3,2,2,2,2,2,2,7,7,8,1,1,1,9,14,3,1,1,NaN,1,NaN,NaN,,NaN,,NaN,,NaN,NaN,NaN,71,1,4,1,1,1,1,1,1,1,1,1,2,1,1,1,1,1,2,1,2,1,1,751727.753,4425790.014,14.292,Cob,0,0,0,0,13,2
18798,6,2010120000158,2,1,16,5,6,2,1,CV-10,78.2,78,2,0,1,5,3,2,3,3,2,1,1,2,2,2,7,7,8,1,1,1,9,14,3,1,1,NaN,2,NaN,NaN,,NaN,,NaN,,NaN,53,50,NaN,1,4,1,1,1,2,1,1,1,1,1,1,1,1,1,1,1,1,1,2,1,1,769817.2,4480952.262,310.858,Pri,2878,0,0,1,15,1
18799,6,2010120000160,2,1,17,4,7,3,1,CV-235,11.8,11,8,0,1,5,2,2,3,3,2,1,2,2,1,1,7,7,8,8,1,1,9,14,1,1,1,NaN,2,NaN,NaN,,NaN,,NaN,,NaN,64,60,NaN,1,4,1,1,1,1,1,1,1,1,1,1,1,1,1,1,1,2,1,2,1,1,697132.768,4419691.085,666.49,Cob,326,0,0,0,13,3
18800,6,2010120000164,2,1,17,4,7,3,1,CV-235,15,15,0,0,1,5,1,3,3,3,2,1,1,1,1,1,7,7,8,8,1,1,2,14,3,1,1,NaN,1,NaN,NaN,,NaN,,NaN,,66,NaN,60,NaN,1,4,1,1,1,1,1,1,1,1,1,1,1,1,1,1,1,2,1,2,1,1,695827.4,4417996.902,867.789,Cob,371,0,0,0,14,2
18802,6,2010120000171,2,1,17,6,7,3,2,CV-16,5.8,5,8,1,1,5,3,2,3,3,2,2,2,2,2,2,3,1,4,1,4,1,9,14,3,1,3,NaN,2,NaN,NaN,,NaN,,NaN,,NaN,NaN,NaN,71,1,4,2,1,1,1,1,1,2,1,1,1,1,1,1,1,1,1,1,2,1,1,743196.419,4435579.33,138.175,Sec,18148,0,0,1,17,6
18807,6,2010120000189,2,1,17,6,7,3,2,CV-10,3,3,0,1,1,5,3,2,3,4,2,2,2,2,2,2,7,7,8,1,5,1,9,14,3,1,3,NaN,2,4,NaN,,NaN,,NaN,,NaN,NaN,NaN,NaN,1,4,2,1,1,1,1,1,1,1,1,1,1,1,1,1,1,1,1,2,1,2,773965.369,4487547.455,300.686,Cob,26108,0,0,5,19,1
18808,6,2010120000190,2,1,21,5,4,1,1,CV-141,3.8,3,8,0,1,5,3,2,3,3,2,1,1,1,2,1,5,1,4,1,1,1,9,14,1,1,1,NaN,2,NaN,NaN,,NaN,,NaN,,NaN,54,50,NaN,1,4,2,1,1,1,1,1,1,1,1,1,1,1,1,1,1,1,1,2,1,1,787894.808,4475056.037,-1.121,Cob,5867,0,0,1,16,6
18810,6,2010120000192,2,1,21,3,4,1,2,CV-18,14.5,14,5,0,1,5,3,1,3,3,2,2,2,2,2,2,5,1,4,1,5,1,9,14,3,1,3,NaN,2,NaN,NaN,,NaN,,NaN,,NaN,NaN,NaN,71,1,4,2,1,1,1,1,1,1,1,1,1,1,1,1,1,1,1,1,2,1,1,745412.173,4417094.411,-6.319,Cob,9313,0,0,1,7,6
18811,6,2010120000193,2,1,15,6,5,1,1,CV-15,0.3,0,3,0,1,5,3,2,3,4,2,1,2,2,2,2,7,7,8,1,5,1,9,14,3,1,3,NaN,2,NaN,NaN,,21,24,NaN,,NaN,NaN,NaN,NaN,1,4,1,1,1,1,1,1,1,1,1,1,1,1,1,2,1,2,1,2,1,1,756398.189,4444533.392,267.042,Pri,9305,0,0,0,18,1
18812,6,2010120000196,2,1,22,4,5,1,1,CV-215,3.8,3,8,1,1,5,3,2,3,1,2,1,1,2,1,1,7,7,8,2,1,1,9,4,1,1,1,NaN,2,NaN,NaN,,NaN,,NaN,,NaN,64,60,NaN,1,4,1,1,1,1,1,2,1,1,1,1,1,1,1,1,1,1,1,2,1,1,721583.047,4421109.852,524.078,Cob,425,0,0,1,12,5
18813,6,2010120000197,2,1,23,6,6,2,1,CV-185,1.2,1,2,0,1,5,3,2,3,3,2,1,1,1,1,2,7,7,8,1,1,1,9,14,3,1,3,NaN,1,NaN,NaN,,NaN,,NaN,,66,NaN,60,NaN,1,4,2,1,1,1,1,1,1,1,1,1,1,1,1,1,1,1,1,2,1,1,748527.692,4423284.236,9.856,Sec,12991,0,0,1,17,1
18815,6,2010120000201,2,1,15,4,5,1,2,CV-151,0.1,0,1,0,1,5,3,2,3,3,2,2,2,1,2,2,5,1,4,1,1,1,9,14,1,1,1,NaN,2,2,NaN,,NaN,,NaN,,NaN,NaN,NaN,NaN,1,4,1,1,1,1,1,1,2,1,1,1,1,1,1,1,1,1,1,2,2,1,750320.557,4431917.716,51.386,Pri,24209,0,0,0,12,6
18817,6,2010120000203,2,1,21,3,4,1,2,CV-15,5.9,5,9,0,1,5,3,2,3,3,2,1,1,1,1,2,7,7,7,1,1,1,9,14,1,1,3,NaN,2,4,NaN,,NaN,,NaN,,NaN,NaN,NaN,NaN,1,4,1,1,1,1,1,1,2,1,1,1,1,1,1,1,1,1,1,2,1,1,754307.189,4449362.422,245.768,Cob,6179,0,0,0,10,1
18818,6,2010120000204,2,1,21,4,4,1,1,CV-18,5.6,5,6,1,1,5,3,2,3,3,2,1,1,1,1,2,7,7,8,7,1,1,9,8,1,1,3,NaN,2,NaN,NaN,,NaN,,NaN,,66,NaN,60,NaN,1,4,1,1,1,1,1,1,1,1,1,1,1,1,1,1,1,2,1,2,1,1,748159.719,4419848.733,0.738,Cob,0,0,0,1,12,5
18820,6,2010120000206,2,1,22,6,5,1,2,CV-160,1.3,1,3,0,1,5,2,2,3,1,2,1,1,1,1,1,1,1,8,1,2,1,9,14,2,1,1,NaN,1,4,NaN,,NaN,,NaN,,NaN,NaN,NaN,NaN,1,4,1,1,2,1,1,1,1,1,1,1,1,1,1,1,1,1,1,2,1,1,743617.829,4437550.362,139.377,Sec,5460,0,0,0,19,7
18821,6,2010120000210,2,1,22,3,5,1,1,CV-10,7,7,0,1,1,5,3,2,3,4,2,2,2,1,2,2,7,7,8,1,1,1,9,14,3,1,1,NaN,2,NaN,NaN,,NaN,,NaN,,NaN,61,60,NaN,1,4,2,1,1,1,1,1,1,1,1,1,1,1,1,1,1,1,1,2,1,1,771714.966,4485051.092,280.044,Sec,28792,0,0,0,9,1
18822,6,2010120000222,2,1,30,6,6,2,1,CV-10,71.7,71,7,0,1,5,2,2,3,1,2,1,1,1,1,1,7,7,8,1,5,1,9,14,3,1,1,NaN,1,NaN,NaN,,21,24,NaN,,NaN,NaN,NaN,NaN,1,4,1,1,1,1,1,1,1,1,1,1,1,1,1,2,1,1,1,2,1,1,767199.89,4475374.605,250.505,Pri,2878,0,0,0,21,1
18823,6,2010120000223,2,1,31,4,7,3,1,CV-10,28.6,28,6,1,1,5,3,2,3,4,2,2,2,1,2,1,7,7,8,1,1,1,9,14,3,1,3,NaN,2,NaN,NaN,,NaN,,NaN,,NaN,53,50,NaN,1,4,1,1,1,1,2,1,1,1,1,1,1,1,1,1,1,1,1,2,1,1,764684.742,4466697.337,163.185,Sec,15908,0,0,1,11,2
18824,6,2010120000233,2,1,30,6,6,2,1,CV-222,4.2,4,2,0,1,5,2,2,3,3,2,1,1,1,1,1,7,7,8,1,1,1,9,14,3,1,1,NaN,1,NaN,NaN,,NaN,,NaN,,NaN,51,50,NaN,1,4,1,1,1,1,1,1,1,1,1,1,1,1,1,1,1,2,1,2,1,1,743567.167,4422213.779,38.264,Cob,5369,0,0,0,17,1
18825,6,2010120000270,2,2,1,3,1,1,1,CV-10,46.5,46,5,1,1,5,2,2,3,4,2,1,2,1,2,2,7,7,8,3,5,1,9,14,3,1,3,NaN,2,NaN,NaN,,21,24,NaN,,NaN,NaN,NaN,NaN,1,4,1,1,1,1,1,1,1,1,1,1,1,1,1,1,1,1,2,2,1,1,759138.907,4450720.056,247.467,Cob,4693,0,0,0,7,1
18826,6,2010120000281,2,2,4,4,4,1,1,CV-195,15.4,15,4,0,1,5,2,3,3,3,2,1,2,2,2,1,7,7,8,3,1,4,2,6,1,1,1,NaN,2,NaN,NaN,,NaN,,NaN,,NaN,64,60,NaN,1,4,1,1,1,1,1,2,1,1,1,1,1,1,1,1,1,1,1,2,1,2,707713.542,4432487.43,631.254,Pri,834,0,1,0,12,3
18827,6,2010120000284,2,2,4,6,4,1,1,CV-20,14.5,14,5,1,1,5,2,2,3,3,2,1,1,2,1,1,7,7,8,3,1,9,9,14,1,1,1,NaN,2,NaN,NaN,,NaN,,NaN,,66,NaN,60,NaN,1,4,1,2,1,1,1,2,1,1,1,1,1,1,1,1,1,1,1,2,1,1,711182.831,4438691.277,443.107,Cob,2070,0,0,0,18,5
18828,6,2010120000291,2,2,5,6,5,1,1,CV-10,64.9,64,9,0,1,5,2,3,3,1,2,1,1,1,1,1,7,7,8,1,1,1,9,14,3,1,1,NaN,1,NaN,NaN,,NaN,,NaN,,66,NaN,60,NaN,1,4,2,1,1,1,1,1,1,1,1,1,1,1,1,1,1,1,1,2,1,1,765848.093,4469069.568,188.986,Cob,3549,0,0,0,17,1
18829,6,2010120000294,2,2,7,4,7,3,1,CV-166,5,5,0,0,1,5,1,3,2,2,2,1,1,1,1,1,7,7,8,1,1,1,9,14,3,2,1,NaN,1,NaN,NaN,,21,21,NaN,,NaN,NaN,NaN,NaN,3,4,1,1,1,1,1,1,1,1,1,1,1,1,1,1,1,2,1,2,1,1,743065.592,4473393.826,846.391,Cob,181,0,1,0,12,1
18832,6,2010120000296,2,2,6,4,6,2,3,CV-18,7.6,7,6,0,1,5,3,2,3,3,2,1,1,1,1,1,7,7,8,1,1,1,9,14,1,1,1,NaN,2,3,NaN,,NaN,,NaN,,NaN,NaN,NaN,NaN,1,3,2,1,1,1,1,1,1,1,1,1,1,1,1,1,1,1,1,2,1,1,750213.53,4421492.73,-4.423,Cob,0,0,0,2,12,1
18835,6,2010120000298,2,2,4,4,4,1,3,CV-16,4.4,4,4,1,1,5,3,2,3,4,2,2,2,1,2,1,5,1,8,3,1,4,9,14,1,1,1,NaN,1,2,NaN,,NaN,,NaN,,NaN,NaN,NaN,NaN,1,4,1,1,1,1,1,2,1,1,1,1,1,1,1,1,1,1,1,2,1,2,742748.697,4436518.916,128.56,Sec,18148,0,0,0,14,6
18836,6,2010120000309,2,2,8,4,1,1,1,CV-10,44.2,44,2,0,1,5,2,3,3,3,2,2,2,2,2,2,5,1,8,1,1,1,9,14,1,1,1,NaN,1,NaN,NaN,,NaN,,12,9,NaN,NaN,NaN,NaN,1,4,2,1,1,1,1,1,1,1,1,1,1,1,1,1,1,1,1,2,1,1,759145.914,4450619.55,255.707,NaN,0,0,0,0,13,6
18838,6,2010120000331,2,2,15,4,1,1,2,CV-11,20.6,20,6,1,1,5,1,3,3,3,2,1,2,1,1,1,5,1,8,1,1,1,9,14,2,1,1,NaN,1,4,NaN,,NaN,,NaN,,NaN,NaN,NaN,NaN,1,4,2,1,1,1,1,1,1,1,1,1,1,1,1,1,1,1,1,2,3,2,779151.849,4491858.866,238.212,Sec,3181,0,0,0,11,6
18840,6,2010120000339,2,2,16,6,2,1,2,CV-18,2.5,2,5,1,1,5,3,2,3,3,2,1,2,1,1,1,7,7,8,3,1,4,9,8,3,1,3,NaN,2,4,NaN,,NaN,,NaN,,NaN,NaN,NaN,NaN,1,4,2,1,1,1,1,1,1,1,1,1,1,1,1,1,1,1,1,2,1,1,746290.702,4417659.242,1.353,Cob,0,0,0,1,18,1
18842,6,2010120000342,2,2,14,6,7,3,2,CV-16,6.8,6,8,0,1,5,3,2,3,4,2,2,2,2,2,2,7,7,8,1,5,1,9,14,3,1,3,NaN,2,NaN,NaN,,21,24,NaN,,NaN,NaN,NaN,NaN,1,4,1,1,1,1,1,1,1,1,1,1,1,1,1,2,1,1,1,2,1,1,743831.62,4434866.979,139.683,Sec,18148,0,0,0,21,2
18845,6,2010120000345,2,2,16,6,2,1,3,CV-151,0,0,0,1,1,5,3,2,3,3,2,1,2,1,2,2,5,1,8,3,1,4,9,14,1,1,3,NaN,2,4,NaN,,NaN,,NaN,,NaN,NaN,NaN,NaN,3,4,2,1,1,1,1,1,1,1,1,1,1,1,2,1,1,1,1,2,2,1,748213.103,4433694.393,105.447,Pri,24209,0,0,0,17,6
18846,6,2010120000348,2,2,16,6,2,1,1,CV-10,22.3,22,3,1,1,5,3,2,3,3,2,2,2,1,2,2,7,7,8,3,1,4,9,14,2,1,3,NaN,2,NaN,NaN,,NaN,,NaN,,NaN,64,60,NaN,1,4,2,1,1,1,1,1,1,1,1,1,1,1,1,1,1,1,1,2,1,1,766222.231,4472218.667,216.226,Pri,19082,0,0,0,17,2
18848,6,2010120000349,2,2,16,6,2,1,2,CV-10,33.7,33,7,0,1,5,3,2,3,3,2,1,2,2,2,2,7,7,8,3,5,4,9,8,3,1,3,NaN,2,2,NaN,,NaN,,NaN,,NaN,NaN,NaN,NaN,1,4,1,1,1,1,1,2,2,1,1,2,1,1,1,1,1,1,1,2,1,1,754450.799,4441684.86,245.582,Cob,13958,0,0,0,22,2
18852,6,2010120000355,2,2,21,1,7,3,1,CV-223,8.6,8,6,1,1,5,1,2,2,1,2,1,2,2,2,2,7,7,8,1,4,1,9,14,1,1,1,NaN,1,NaN,NaN,,NaN,,NaN,,NaN,54,50,NaN,1,4,1,1,1,1,1,2,1,1,1,1,1,1,1,1,1,1,1,2,1,1,727759.835,4424035.347,338.468,Sec,3542,0,2,2,2,1
18853,6,2010120000376,2,2,23,4,2,1,1,CV-240,2.1,2,1,0,1,5,1,3,3,2,2,1,1,1,1,1,7,7,8,1,1,1,9,14,3,1,1,NaN,2,NaN,NaN,,21,24,NaN,,NaN,NaN,NaN,NaN,1,4,1,1,1,1,1,1,1,1,1,1,1,1,1,2,1,1,1,2,1,1,695719.356,4430664.425,980.109,Cob,485,0,0,0,13,1
18855,6,2010120000381,2,2,27,3,6,2,1,CV-14,19.8,19,8,0,1,5,2,2,3,1,2,1,1,2,1,1,7,7,8,1,1,1,9,14,1,1,1,NaN,1,NaN,NaN,,NaN,,NaN,,65,NaN,60,NaN,1,4,1,1,1,1,1,2,2,1,1,1,1,1,1,1,1,1,1,2,1,1,739037.478,4512322.599,606.328,Pri,645,0,0,1,10,2
18856,6,2010120000384,2,2,27,4,6,2,1,CV-195,20.6,20,6,1,1,5,2,2,3,3,2,1,2,2,2,1,7,7,8,3,1,1,9,14,3,1,1,NaN,1,NaN,NaN,,NaN,,NaN,,57,NaN,50,NaN,1,4,1,1,1,1,1,1,1,1,1,1,1,1,1,1,1,2,1,2,2,2,709678.276,4436163.708,527.415,Pri,834,0,0,0,12,3
18857,6,2010120000387,2,2,26,3,5,1,1,CV-245,21.1,21,1,0,1,5,1,3,3,3,2,1,1,1,1,1,7,7,8,1,1,1,9,14,3,1,1,NaN,1,NaN,NaN,,NaN,,NaN,,66,NaN,60,NaN,1,4,2,1,1,1,1,2,1,1,1,1,1,1,1,1,1,1,1,2,2,2,700958.799,4410489.715,835.066,Cob,169,0,0,0,10,2
18858,6,2010120000390,2,2,28,4,7,3,1,CV-195,8.4,8,4,1,1,5,2,2,3,3,2,1,2,2,2,1,7,7,8,1,1,1,9,14,2,1,1,NaN,1,NaN,NaN,,NaN,,NaN,,NaN,53,50,NaN,1,4,1,1,1,1,1,2,1,1,1,1,1,1,1,1,1,1,1,2,1,1,714856.089,4443663.019,793.501,Pri,834,0,0,1,13,4
18860,6,2010120000392,2,2,25,6,4,1,2,CV-18,11.8,11,8,1,1,5,3,2,3,4,2,2,1,1,2,2,5,1,4,1,3,1,9,14,1,1,3,NaN,2,4,NaN,,NaN,,NaN,,NaN,NaN,NaN,NaN,1,4,1,1,2,1,1,2,1,1,1,1,1,1,1,1,1,1,1,2,1,1,751282.552,4424531.599,15.824,Cob,6691,0,0,2,20,6
18861,6,2010120000393,2,2,25,3,4,1,1,CV-10,35.1,35,1,0,1,5,3,2,3,4,2,2,2,1,1,1,7,7,8,1,2,1,9,14,3,1,1,NaN,1,NaN,NaN,,NaN,,NaN,,56,NaN,50,NaN,1,4,1,1,1,1,1,1,1,1,1,1,1,1,1,2,1,1,1,2,1,1,755444.734,4442615.48,291.208,Cob,13958,0,0,1,7,1
18862,6,2010120000394,2,2,23,6,2,1,1,CV-10,0.3,0,3,0,1,5,2,2,3,4,2,2,2,1,2,2,7,7,5,1,1,1,9,14,3,1,3,NaN,1,NaN,NaN,,NaN,,NaN,,NaN,NaN,NaN,71,2,4,1,1,1,1,1,1,1,1,1,1,1,1,1,1,1,2,1,2,1,2,742270.214,4416100.835,7.138,Sec,26269,0,0,0,18,1
18864,6,2010120000396,2,2,28,6,7,3,2,CV-141,1.8,1,8,1,1,5,2,2,3,1,2,1,1,1,2,1,2,1,8,1,5,1,9,14,1,1,1,NaN,2,4,NaN,,NaN,,NaN,,NaN,NaN,NaN,NaN,1,4,2,1,1,1,1,1,1,1,1,1,1,1,1,1,1,1,1,2,1,1,787682.418,4475543.467,9.618,Cob,5867,0,0,1,21,7
18866,6,2010120000423,2,3,3,6,3,1,2,CV-129,4.5,4,5,0,1,5,1,3,3,2,2,1,1,1,1,1,7,7,5,3,1,4,2,14,1,1,3,NaN,1,2,NaN,,NaN,,NaN,,NaN,NaN,NaN,NaN,1,4,1,1,1,1,1,2,1,1,1,1,1,1,2,1,1,1,1,2,1,1,762636.115,4471839.63,346.7,Cob,647,0,0,0,17,5
18867,6,2010120000424,2,3,4,6,4,1,1,CV-135,21,21,0,1,1,5,2,3,3,1,2,1,1,1,1,1,7,7,8,1,2,1,9,14,1,1,1,NaN,1,NaN,NaN,,NaN,,NaN,,NaN,54,50,NaN,1,4,1,1,1,1,1,1,1,1,1,1,1,1,1,1,1,1,2,2,1,2,774062.881,4485580.196,305.601,Pri,3044,0,0,0,18,1
18868,6,2010120000432,2,3,7,2,7,3,1,CV-20,4.2,4,2,1,1,2,3,2,3,2,2,1,1,2,1,1,5,6,8,1,4,1,9,14,3,1,1,NaN,1,NaN,NaN,,NaN,,NaN,,NaN,64,60,NaN,1,4,1,1,2,1,1,1,1,1,1,1,1,1,1,1,1,1,1,2,1,1,705565.444,4441836.509,623.544,Pri,16247,0,0,0,5,6
18870,6,2010120000441,2,3,8,3,1,4,2,CV-18,2.2,2,2,0,1,5,3,2,2,1,2,1,1,1,1,1,7,7,5,1,1,1,9,8,1,1,1,NaN,1,1,NaN,,NaN,,NaN,,NaN,NaN,NaN,NaN,1,4,2,1,1,1,1,1,2,1,1,2,1,1,1,1,1,1,1,2,1,1,751705.315,4426376.792,14.403,Pri,23849,0,0,3,10,4
18871,6,2010120000452,2,3,13,6,6,2,1,CV-235,3.2,3,2,0,1,5,3,1,3,3,2,1,2,2,1,2,7,7,8,1,1,1,2,14,2,1,1,NaN,1,NaN,NaN,,NaN,,NaN,,66,NaN,60,NaN,1,4,1,1,1,1,1,2,1,1,1,1,1,1,1,1,1,1,1,2,1,1,701898.394,4421878.179,680.175,Cob,326,0,0,1,17,3
18872,6,2010120000453,2,3,13,4,6,2,1,CV-223,13,13,0,0,1,5,1,3,3,1,2,1,1,2,1,1,7,7,8,1,1,1,2,14,3,1,1,NaN,1,NaN,NaN,,NaN,,NaN,,NaN,62,60,NaN,1,4,2,1,1,1,1,2,2,1,1,1,1,1,1,1,1,1,1,2,2,1,729054.059,4419747.703,368.515,Cob,503,0,0,1,11,3
18874,6,2010120000455,2,3,13,6,6,1,2,CV-21,13.3,13,3,0,1,5,3,2,3,4,2,1,1,1,1,1,1,1,3,1,5,1,9,14,3,1,3,NaN,2,4,NaN,,NaN,,NaN,,NaN,NaN,NaN,NaN,1,4,1,1,1,1,1,1,2,1,1,1,1,1,1,1,1,1,1,2,1,1,735778.305,4428532.393,147.64,Cob,3809,0,1,0,19,7
18875,6,2010120000458,2,3,14,3,7,3,1,CV-20,46.3,46,3,0,1,5,2,3,3,1,2,1,2,2,1,1,7,7,8,1,1,1,9,14,2,1,3,NaN,2,NaN,NaN,,NaN,,NaN,,65,NaN,60,NaN,1,4,1,1,1,1,1,2,1,1,1,1,1,1,1,1,1,1,1,2,2,3,714063.156,4438879.891,408.665,Cob,252,0,0,1,10,4
18878,6,2010120000498,2,3,16,6,2,1,2,CV-18,8.5,8,5,0,1,5,2,1,3,3,2,2,1,2,2,2,5,6,4,1,1,1,9,14,1,1,1,NaN,1,3,NaN,,NaN,,NaN,,NaN,NaN,NaN,NaN,1,4,1,1,1,1,1,1,2,1,1,1,1,1,1,1,1,1,1,2,1,1,749708.394,4420880.879,-3.583,Sec,12437,0,0,1,17,6
18883,6,2010120000521,2,3,19,5,5,3,2,CV-151,2.1,2,1,1,1,5,3,2,3,3,2,1,2,1,2,2,5,1,4,1,1,1,9,14,1,1,1,NaN,2,2,NaN,,NaN,,NaN,,NaN,NaN,NaN,NaN,1,4,1,1,1,1,1,1,2,1,1,1,1,1,1,1,1,1,1,2,1,1,749613.694,4432282.346,76.867,NaN,0,0,0,1,15,6
18884,6,2010120000527,2,3,21,6,7,3,1,CV-215,3.5,3,5,1,1,5,2,2,3,3,2,1,2,2,1,1,7,7,8,3,1,5,9,14,3,1,3,NaN,1,NaN,NaN,,NaN,,12,9,NaN,NaN,NaN,NaN,1,4,1,1,1,1,1,2,1,1,1,1,1,1,2,1,1,1,1,2,1,2,721309.077,4421101.528,513.64,Cob,425,0,0,0,18,2
18885,6,2010120000531,2,3,20,6,6,2,1,CV-18,10,10,0,1,1,5,3,2,3,4,2,2,2,2,1,1,7,7,8,1,1,1,9,14,1,1,1,NaN,2,NaN,NaN,,NaN,,NaN,,NaN,64,60,NaN,2,4,2,1,1,1,1,1,1,1,1,1,1,1,1,1,1,1,1,2,1,1,750667.199,4422885.478,5.923,Cob,6691,0,0,0,19,2
18886,6,2010120000533,2,3,21,4,7,3,1,CV-10,19.5,19,5,0,1,5,3,2,3,4,2,2,2,2,2,2,7,7,8,1,1,1,9,14,3,1,3,NaN,2,NaN,NaN,,21,24,NaN,,NaN,NaN,NaN,NaN,1,4,1,1,1,1,1,1,1,1,1,1,1,1,1,2,1,1,1,2,1,1,746023.101,4431375.467,74.591,Pri,19082,0,0,0,12,1
18891,6,2010120000540,2,3,21,5,7,3,3,CV-10,32.7,32,7,0,1,5,3,2,3,4,2,2,2,2,2,2,5,1,4,3,1,4,9,8,1,1,3,NaN,2,4,NaN,,NaN,,NaN,,NaN,NaN,NaN,NaN,1,4,1,1,1,1,1,1,1,1,1,1,1,1,2,1,1,1,1,2,1,1,753941.515,4440964.417,220.941,Cob,13958,0,0,0,15,6
18892,6,2010120000556,2,3,26,6,5,1,1,CV-15,25.1,25,1,1,1,5,2,3,3,3,2,1,1,1,1,1,7,7,8,1,5,1,9,14,3,1,3,NaN,1,NaN,NaN,,NaN,,NaN,,66,NaN,60,NaN,1,4,2,1,1,1,1,1,1,1,1,1,1,1,1,1,1,1,1,1,1,1,742823.288,4479602.771,822.05,Per,2325,1,0,0,20,2