Id,Ano,Numero_Accidente,Provincia,Mes,Dia,Hora,Dia_Semana,Tipo_Dia,Vehiculos_Implicados,Carretera,Pk,Km,Hm,Sentido,Zona,Tipo_Via,Anchura_Calzada,Anchura_Carril,Marcas_Viales,Arcen,Arcen_Pavimentado,Mediana,Barrera_Seguridad,Paneles_Direccionales,Hitos_Arista,Captafaros,Interseccion_Tipo,Interseccion_Acondicionamiento,Prioridad_Regulada_por,Superficie,Luminosidad,Factores_Atmosfericos,Visibilidad_Restringida_por,Otras_Circunstancias,Senalizacion_Peligro,Aceras,Arboles,Arboles_Metros_Calzada,Visibilidad_Senalizacion_Vertical,Colision_Vehiculos_Marcha,Colision_Vehiculo_Obstaculo_1,Colision_Vehiculo_Obstaculo_2,Atropello_1,Atropello_2,Vuelco_1,Vuelco_2,Salida_Sin_Colision,Salida_Con_Colision,Lado_Salida,Otro,Circulacion,Circulacion_Medidas_Especiales,Distraccion,Inexperiencia_Conductor,Alcohol_Drogas,Cansancio_Sueno,Enfermedad,Velocidad_Inadecuada,Infraccion_Norma_Circulacion,Estado_Condicion_Via,Estado_Condicion_Senalizacion,Tramo_Obras,Mal_Estado_Vehiculo,Averia_Mecanica,Meteorologia_Adversa,Irrupcion_Animal,Circular_Sentido_Contrario,Otro_Factor,Sin_Opinion_Definida,Pendiente,Curvatura,Peralte,GPS_x,GPS_y,GPS_z,Tipo_Est,IMD,N_Muertos,N_Graves,N_Leves,Hora_Real,Fuera_o_Interseccion
18893,6,2010120000558,2,3,26,6,5,1,1,CV-223,13,13,0,1,1,5,3,2,3,3,2,1,2,2,1,1,7,7,8,1,5,1,2,14,2,1,1,NaN,2,NaN,NaN,,NaN,,NaN,,NaN,54,50,NaN,1,4,2,1,1,1,1,1,1,1,1,1,1,1,1,1,1,1,1,2,2,3,726232.767,4421550.971,477.994,Cob,503,0,0,1,22,4
18895,6,2010120000568,2,3,25,4,4,1,1,CV-149,1,1,0,0,1,5,3,2,3,3,2,2,2,1,1,1,7,7,5,1,1,1,9,14,3,1,1,NaN,1,NaN,NaN,,NaN,,NaN,,NaN,63,60,NaN,1,4,2,1,1,1,1,1,1,1,1,1,1,1,1,1,1,1,1,2,1,1,758527.882,4436105.324,-3.819,Sec,12443,0,0,0,14,1
18896,6,2010120000656,2,4,4,6,7,3,1,CV-10,1.2,1,2,1,1,5,2,2,3,3,2,1,1,1,1,1,7,7,8,1,5,1,9,14,3,1,3,NaN,2,NaN,NaN,,NaN,,NaN,,NaN,52,50,NaN,1,4,2,1,2,1,1,1,1,1,1,1,1,1,1,1,1,1,1,2,1,1,775026.892,4488973.259,288.331,Sec,26269,0,0,0,22,1
18897,6,2010120000658,2,4,7,6,3,1,1,CV-15,12,12,0,1,1,5,3,2,3,3,2,1,1,1,1,1,7,7,5,1,5,1,9,14,3,1,1,NaN,1,NaN,NaN,,21,24,NaN,,NaN,NaN,NaN,NaN,1,4,1,1,1,1,1,1,1,1,1,1,1,1,1,2,1,1,1,2,1,1,736601.81,4481410.967,1187.518,Cob,4984,0,0,0,22,1
18899,6,2010120000664,2,4,2,2,5,1,1,CV-18,4.3,4,3,0,1,5,2,2,3,3,2,1,2,1,2,2,1,1,8,1,4,1,9,14,1,1,1,NaN,2,NaN,NaN,,NaN,,NaN,,NaN,NaN,NaN,71,1,4,2,1,1,1,1,1,1,1,1,1,1,1,1,1,1,1,1,2,1,1,751269.1,4424520.911,17.334,Cob,0,0,0,0,6,6
18904,6,2010120000673,2,4,9,6,5,1,2,CV-20,20.8,20,8,0,1,5,3,2,3,3,2,1,1,2,1,1,7,7,8,1,1,1,9,14,1,1,1,NaN,2,4,NaN,,NaN,,NaN,,NaN,NaN,NaN,NaN,1,4,2,1,1,1,1,2,2,1,1,1,1,1,1,1,1,1,1,2,1,1,729004.777,4432081.972,276.223,Cob,2070,0,1,0,18,4
18905,6,2010120000686,2,4,9,1,5,1,1,CV-16,2.9,2,9,1,1,5,3,1,3,1,2,2,2,2,1,1,5,6,4,1,4,1,9,14,1,1,3,NaN,2,NaN,30,30,NaN,,NaN,,NaN,NaN,NaN,NaN,1,4,2,1,2,1,1,1,1,1,1,1,1,1,1,1,1,1,1,2,1,1,741625.711,4437189.499,126.502,Sec,18148,0,0,0,23,6
18906,6,2010120000691,2,4,12,6,1,4,1,CV-240,5.5,5,5,1,1,5,2,3,3,1,2,1,1,1,1,1,7,7,8,1,1,1,9,14,3,1,1,NaN,1,NaN,NaN,,21,23,NaN,,NaN,NaN,NaN,NaN,1,4,1,1,1,1,1,1,1,1,1,1,1,1,1,2,1,1,1,2,1,1,696326.547,4431423.186,981.107,Cob,485,0,0,0,18,3
18907,6,2010120000693,2,4,13,3,2,1,1,CV-195,11.6,11,6,0,1,5,2,2,3,1,2,1,2,1,1,1,7,7,8,3,1,1,2,14,3,1,3,NaN,2,NaN,NaN,,NaN,,NaN,,NaN,54,50,NaN,1,4,1,1,1,1,1,2,2,2,1,1,1,1,1,1,1,1,1,1,1,1,706230.591,4430390.966,832.287,Pri,834,0,0,0,8,5
18908,6,2010120000704,2,4,11,4,7,3,1,CV-21,1.8,1,8,0,1,5,2,2,3,4,2,1,1,1,1,1,7,7,8,1,1,1,9,14,3,1,1,NaN,1,NaN,NaN,,NaN,,NaN,,68,NaN,60,NaN,1,4,1,1,1,1,1,1,1,1,1,1,1,1,1,2,1,1,1,2,1,1,738957.709,4437444.252,182.307,Sec,4810,0,0,0,13,2
18910,6,2010120000721,2,4,12,5,1,1,2,CV-16,6.6,6,6,0,1,5,2,2,3,3,2,1,2,1,2,2,7,7,8,1,1,1,9,4,3,1,1,NaN,2,2,NaN,,NaN,,NaN,,NaN,NaN,NaN,NaN,1,4,1,1,1,1,1,1,2,1,1,1,1,1,1,1,1,1,1,2,1,1,743893.431,4434678.156,146.763,Sec,18148,0,0,0,15,2
18912,6,2010120000729,2,4,17,1,6,2,2,CV-141,4.3,4,3,0,1,5,3,2,3,3,2,1,2,1,2,2,7,7,8,3,5,4,9,14,2,1,1,NaN,1,2,NaN,,NaN,,NaN,,NaN,NaN,NaN,NaN,1,4,1,1,1,2,1,1,1,1,1,1,1,1,1,1,1,1,1,2,1,1,788103.513,4474611.448,-8.527,Cob,5867,0,0,3,4,1
18914,6,2010120000730,2,4,17,4,6,2,2,CV-11,17,17,0,1,1,5,2,2,3,3,2,1,1,1,1,1,2,1,8,3,1,4,9,14,1,1,1,NaN,2,4,NaN,,NaN,,NaN,,NaN,NaN,NaN,NaN,1,4,2,1,1,1,1,1,1,1,1,1,1,1,1,1,1,1,1,2,1,1,781678.227,4494490.334,193.291,Sec,3181,0,0,2,13,6
18916,6,2010120000732,2,4,17,6,6,2,2,CV-16,6.5,6,5,0,1,5,3,2,3,3,2,2,2,2,2,2,7,7,8,3,4,9,9,14,3,1,3,NaN,2,NaN,30,32,NaN,,NaN,,NaN,NaN,NaN,NaN,1,4,2,1,1,1,1,1,1,1,1,1,1,1,1,1,1,1,1,2,1,1,743924.381,4434584.174,152.653,Sec,18148,0,0,0,22,1
18918,6,2010120000733,2,4,18,6,7,3,1,CV-165,5.5,5,5,1,1,5,2,3,3,1,2,1,2,2,1,1,7,7,8,1,1,4,2,14,1,1,1,NaN,2,NaN,NaN,,NaN,,NaN,,NaN,62,60,NaN,1,4,2,1,1,1,1,1,1,1,1,1,1,1,1,1,1,1,1,2,1,1,748258.584,4469684.696,587.145,Cob,1535,0,0,1,17,2
18919,6,2010120000734,2,4,18,2,7,3,1,CV-230,14.3,14,3,1,1,5,1,3,3,2,2,1,2,1,2,2,7,7,8,3,4,4,2,13,3,1,3,NaN,1,NaN,NaN,,NaN,,NaN,,66,NaN,60,NaN,1,4,1,1,1,1,1,2,2,1,1,1,1,1,1,1,1,1,1,2,1,1,731428.047,4412278.394,308.616,Sec,2543,0,0,1,6,2
18920,6,2010120000750,2,4,21,5,3,1,1,CV-135,16.5,16,5,1,1,5,2,3,3,3,2,1,1,2,2,2,7,7,8,1,1,1,9,14,1,1,1,NaN,2,NaN,NaN,,NaN,,NaN,,66,NaN,60,NaN,1,4,1,1,1,1,1,2,1,1,1,1,1,1,1,1,1,1,1,2,2,3,777440.181,4483848.799,268.859,Pri,3044,0,0,1,16,4
18921,6,2010120000773,2,4,21,3,3,1,1,CV-10,14.6,14,6,0,1,5,3,2,3,4,2,2,2,1,2,2,7,7,8,1,1,1,9,14,3,1,1,NaN,2,NaN,30,30,NaN,,NaN,,NaN,NaN,NaN,NaN,1,4,1,1,1,1,1,1,2,1,1,1,1,1,1,1,1,1,1,2,1,1,742879.526,4428028.096,79.441,Sec,31562,0,0,0,8,1
18922,6,2010120000778,2,4,18,2,7,3,1,CV-10,0,0,0,0,1,5,3,2,3,3,1,2,2,1,2,2,5,1,8,1,4,1,9,14,3,1,1,NaN,2,NaN,30,32,NaN,,NaN,,NaN,NaN,NaN,NaN,1,4,1,1,1,1,1,2,1,1,1,1,1,1,1,1,1,1,1,2,2,1,741358.403,4416113.213,11.973,Sec,26269,0,0,0,6,6
18923,6,2010120000781,2,4,21,1,3,1,1,CV-10,47.7,47,7,0,1,5,3,2,3,3,2,1,1,1,1,1,7,7,5,1,5,1,9,14,2,1,3,NaN,2,NaN,NaN,,21,24,NaN,,NaN,NaN,NaN,NaN,1,4,1,1,1,1,1,1,1,1,1,1,1,1,1,2,1,1,1,2,1,1,759338.695,4454174.173,271.135,Cob,4693,0,0,0,23,1
18925,6,2010120000782,2,4,22,4,4,1,2,CV-16,5.5,5,5,1,1,5,3,3,3,3,2,2,2,1,1,2,5,2,5,3,1,4,9,14,1,1,3,NaN,2,2,NaN,,NaN,,NaN,,NaN,NaN,NaN,NaN,1,4,1,1,1,1,1,1,2,1,1,1,1,1,1,1,1,1,1,2,1,2,743145.511,4435859.762,135.455,Sec,18148,0,0,0,14,6
18926,6,2010120000790,2,4,28,3,3,1,1,CV-21,8.5,8,5,0,1,5,3,2,3,4,2,1,2,2,2,2,7,7,8,1,1,1,9,14,3,1,2,3,2,NaN,NaN,,NaN,,NaN,,NaN,61,60,NaN,1,4,2,1,1,1,1,1,1,1,1,1,1,1,1,1,1,1,1,2,1,1,739126.425,4431743.007,164.571,Cob,3809,0,0,1,10,1
18927,6,2010120000798,2,4,29,3,4,1,1,CV-16,2.9,2,9,1,1,5,3,1,3,3,2,1,2,2,1,1,5,1,8,1,1,1,9,14,2,1,1,NaN,2,NaN,NaN,,NaN,,NaN,,NaN,64,60,NaN,1,4,1,1,1,1,1,1,2,1,1,1,1,1,1,1,1,1,1,2,1,1,741625.711,4437189.499,126.502,Sec,18148,0,1,0,8,6
18929,6,2010120000799,2,4,28,3,3,1,2,CV-10,18,18,0,0,1,5,2,2,3,4,2,2,2,2,2,2,7,7,8,1,1,1,9,14,3,1,3,NaN,2,4,NaN,,NaN,,NaN,,NaN,NaN,NaN,NaN,1,4,1,1,1,1,1,1,1,1,1,1,1,1,1,1,1,2,1,2,1,1,745282.44,4430183.588,69.053,Cob,18840,0,0,0,8,1
18930,6,2010120000810,2,4,22,6,4,1,1,CV-195,11.8,11,8,0,1,5,2,2,3,1,2,1,2,1,1,1,7,7,8,3,1,5,9,14,1,1,1,NaN,2,NaN,NaN,,NaN,,NaN,,NaN,54,50,NaN,1,4,1,1,1,1,1,2,1,1,1,1,1,1,1,1,1,1,1,2,2,3,706128.288,4430562.216,815.474,Pri,834,0,0,0,18,5
18933,6,2010120000831,2,5,3,3,1,1,2,CV-11,18.8,18,8,1,1,5,3,2,3,3,2,1,1,2,1,1,2,1,3,3,1,4,9,14,1,1,1,NaN,2,3,NaN,,NaN,,NaN,,NaN,NaN,NaN,NaN,1,4,1,1,1,1,1,1,2,1,1,1,1,1,1,1,1,1,1,2,1,1,780537.861,4493114.139,194.553,Sec,3181,0,0,0,10,6
18934,6,2010120000839,2,5,3,4,1,4,1,CV-195,13.8,13,8,0,1,5,1,3,3,3,2,1,2,2,1,1,7,7,8,3,1,4,9,14,1,1,1,NaN,2,NaN,NaN,,NaN,,NaN,,NaN,54,50,NaN,1,4,1,1,1,1,1,2,1,1,1,1,2,1,1,1,1,1,1,2,1,1,706879.107,4431692.173,709.829,Pri,834,0,0,0,13,4
18936,6,2010120000842,2,4,30,4,5,1,2,CV-230,24,24,0,1,1,5,3,2,3,3,2,1,1,1,1,1,5,1,8,9,1,1,8,14,1,1,3,NaN,2,NaN,NaN,,NaN,,NaN,,NaN,53,50,NaN,1,4,1,1,1,1,1,1,1,1,1,1,1,1,1,1,1,2,1,2,1,1,723137.853,4411754.917,279.667,Cob,4235,0,0,0,13,6
18937,6,2010120000850,2,5,5,4,3,1,1,CV-222,0.1,0,1,1,1,5,3,2,3,3,2,1,2,2,2,2,5,1,4,1,1,1,9,14,1,1,3,NaN,2,NaN,NaN,,NaN,,12,9,NaN,NaN,NaN,NaN,1,4,2,1,1,1,1,1,1,1,1,1,1,1,1,1,1,1,1,2,2,2,748502.153,4420303.753,0.711,Cob,5369,0,0,1,11,6
18938,6,2010120000853,2,5,7,6,5,1,1,CV-124,33.2,33,2,1,1,5,1,3,1,1,2,1,1,1,1,1,7,7,8,3,1,6,4,14,2,1,1,NaN,1,NaN,NaN,,NaN,,12,9,NaN,NaN,NaN,NaN,1,4,1,1,1,1,1,1,1,1,1,1,1,1,2,1,1,1,1,2,1,1,736746.543,4503382.95,693.105,Cob,140,0,0,1,17,1
18939,6,2010120000856,2,5,10,3,1,1,1,CV-190,5.7,5,7,0,1,5,2,3,3,1,2,1,2,1,1,1,7,7,5,1,1,1,9,14,1,1,1,NaN,2,NaN,NaN,,NaN,,NaN,,NaN,63,60,NaN,1,4,2,1,1,1,1,1,1,1,1,1,1,1,1,1,1,1,1,2,1,1,738069.03,4442540.374,301.269,Cob,4502,0,1,0,7,1
18941,6,2010120000864,2,5,12,5,3,1,2,CV-10,60.2,60,2,1,1,5,3,2,3,3,2,1,1,1,2,1,7,7,8,3,1,6,4,3,2,1,1,NaN,1,NaN,NaN,,NaN,,NaN,,55,NaN,50,NaN,1,4,1,1,1,1,1,1,1,1,1,1,1,1,2,1,1,1,1,2,1,1,752759.757,4439163.653,196.628,Cob,4693,0,0,0,15,2
18942,6,2010120000868,2,5,11,5,2,1,1,CV-190,11.6,11,6,1,1,5,2,2,3,1,2,1,1,1,2,2,7,7,8,1,1,1,9,14,3,1,3,NaN,2,NaN,NaN,,NaN,,NaN,,66,NaN,60,NaN,1,4,1,1,1,1,1,1,1,1,1,1,1,1,1,1,1,2,1,2,2,1,712481.252,4450296.362,985.296,Cob,2131,0,0,0,16,2
18944,6,2010120000872,2,5,14,1,5,1,2,CV-15,16.8,16,8,0,1,5,3,1,3,1,2,1,1,1,1,1,7,7,8,3,3,9,9,14,3,1,3,NaN,2,NaN,30,29,NaN,,NaN,,NaN,NaN,NaN,NaN,1,4,1,2,1,1,1,1,1,1,1,1,1,1,1,1,1,1,1,2,1,1,748759.124,4457496.097,299.432,Per,2325,0,0,0,0,1
18946,6,2010120000885,2,5,14,3,5,1,2,CV-135,20.1,20,1,1,1,5,3,2,3,1,2,1,1,1,1,1,1,1,3,1,1,1,9,14,1,1,1,NaN,2,2,NaN,,NaN,,NaN,,NaN,NaN,NaN,NaN,1,4,1,1,1,1,1,1,2,1,1,1,1,1,1,1,1,1,1,2,1,1,774902.575,4485323.579,269.459,Pri,3044,0,0,0,10,6
18947,6,2010120000887,2,5,16,2,7,3,1,CV-16,4.3,4,3,0,1,5,3,2,3,3,2,2,2,1,2,1,7,7,8,1,3,1,9,14,1,1,1,NaN,2,NaN,NaN,,NaN,,NaN,,66,NaN,60,NaN,1,4,2,1,1,2,1,1,1,1,1,1,1,1,1,1,1,1,1,2,1,1,745553.026,4433313.114,123.252,Sec,18148,0,0,0,6,2
18948,6,2010120000907,2,5,17,1,1,1,1,CV-132,3.5,3,5,1,1,5,2,2,3,1,2,1,2,1,1,1,7,7,8,1,5,1,9,14,2,1,1,NaN,1,NaN,NaN,,NaN,,NaN,,NaN,64,60,NaN,1,4,2,1,1,1,1,1,1,1,1,1,1,1,1,1,1,1,1,2,1,2,769466.733,4485967.412,342.554,Sec,2385,0,0,0,3,1
18949,6,2010120000912,2,5,15,1,6,2,1,CV-10,22,22,0,1,1,5,3,2,3,4,2,2,2,2,2,2,7,7,8,1,5,1,9,14,3,1,3,NaN,2,NaN,NaN,,21,24,NaN,,NaN,NaN,NaN,NaN,1,4,1,1,1,1,1,1,1,1,1,1,1,1,1,2,1,1,1,2,1,1,766343.142,4472579.874,226.952,Pri,19082,0,0,0,4,1
18953,6,2010120000923,2,5,17,6,1,4,2,CV-16,4.7,4,7,0,1,5,3,2,3,3,2,2,1,1,2,1,7,7,2,1,1,1,9,14,1,1,3,NaN,2,4,NaN,,NaN,,NaN,,NaN,NaN,NaN,NaN,1,4,2,1,1,1,1,1,1,1,1,1,1,1,1,1,1,1,1,2,1,1,745293.508,4433607.561,130.077,Sec,18148,0,0,3,19,1
18955,6,2010120000932,2,5,23,3,7,3,2,CV-15,65.7,65,7,1,1,5,3,2,3,1,2,1,1,1,1,1,7,7,8,1,1,1,9,14,3,1,1,NaN,1,NaN,30,29,NaN,,NaN,,NaN,NaN,NaN,NaN,1,4,1,1,2,1,1,1,1,1,1,1,1,1,1,1,1,1,1,2,1,1,753424.448,4450739.839,263.57,Cob,1349,0,0,0,7,1
18956,6,2010120000963,2,5,22,3,6,2,1,CV-10,2.5,2,5,0,1,5,3,2,3,4,2,2,2,1,2,2,7,7,8,1,1,1,9,14,3,1,1,NaN,2,NaN,NaN,,NaN,,NaN,,66,NaN,60,NaN,1,4,2,1,1,1,1,1,2,1,1,1,1,1,1,1,1,1,1,2,1,1,740809.388,4417465.139,34.178,Cob,26108,0,0,1,8,1
18958,6,2010120000966,2,5,25,4,2,1,2,CV-10,17.1,17,1,0,1,5,2,2,3,4,2,2,2,2,2,2,7,7,8,1,1,1,9,14,3,1,1,NaN,2,3,NaN,,NaN,,NaN,,NaN,NaN,NaN,NaN,1,4,1,1,1,1,1,1,2,1,1,1,1,1,1,1,1,1,1,2,1,1,744536.32,4429931.314,54.394,Cob,18840,0,0,0,14,2
18959,6,2010120000984,2,5,27,6,4,1,1,CV-10,50.7,50,7,0,1,5,3,2,3,3,2,1,1,1,2,1,7,7,8,1,1,1,9,14,3,1,1,NaN,1,NaN,NaN,,NaN,,NaN,,68,NaN,60,NaN,1,4,2,1,1,1,1,1,1,1,1,1,1,1,1,1,1,1,1,2,1,1,759507.882,4456971.979,311.8,Cob,4693,0,0,1,17,2
18960,6,2010120000991,2,5,29,6,6,2,1,CV-235,19.1,19,1,0,1,5,2,3,3,3,2,1,2,2,2,1,7,7,8,1,2,1,9,14,1,1,1,NaN,2,NaN,NaN,,NaN,,12,9,NaN,NaN,NaN,NaN,1,4,1,1,1,1,1,1,1,1,1,1,1,1,1,1,1,1,2,2,1,1,695723.817,4414986.027,988.859,Cob,371,0,1,0,21,5
18962,6,2010120000993,2,5,30,2,7,3,2,CV-25,36.6,36,6,0,1,5,2,2,3,3,2,1,1,1,1,1,5,1,4,1,5,1,2,14,1,1,3,NaN,2,2,NaN,,NaN,,NaN,,NaN,NaN,NaN,NaN,1,4,1,1,2,1,1,1,2,1,1,1,1,1,1,1,1,1,1,2,1,1,713615.64,4414276.89,349.901,Pri,7072,0,0,0,5,6
18964,6,2010120000996,2,5,29,4,6,2,2,CV-135,18,18,0,1,1,5,2,3,3,1,2,1,1,1,2,2,1,5,8,1,1,1,9,14,3,1,1,NaN,1,2,NaN,,NaN,,NaN,,NaN,NaN,NaN,NaN,1,4,2,1,1,1,1,1,2,1,1,1,1,1,1,1,1,1,1,2,1,1,776564.997,4484324.396,266.643,Pri,3044,0,0,0,12,6
18968,6,2010120001001,2,5,27,4,4,1,4,CV-10,8.4,8,4,1,1,5,3,2,3,3,2,2,2,1,2,2,5,6,5,1,1,1,9,13,3,1,3,NaN,2,5,NaN,,NaN,,NaN,,NaN,NaN,NaN,NaN,3,4,1,1,1,1,1,1,1,1,1,1,1,1,1,1,1,1,2,2,1,1,770571.134,4484481.926,306.117,Sec,31562,0,0,0,12,6
18969,6,2010120001031,2,6,2,5,3,1,1,CV-10,23.8,23,8,1,1,5,3,2,3,4,2,2,2,1,2,2,7,7,8,1,1,1,9,14,3,1,1,NaN,2,NaN,NaN,,21,24,NaN,,NaN,NaN,NaN,NaN,1,4,1,1,1,1,1,1,1,1,1,1,1,1,1,2,1,1,1,2,1,1,765598.808,4471091.394,198.72,Sec,15908,0,0,0,16,2
18971,6,2010120001033,2,6,4,3,5,1,2,CV-151,2.1,2,1,0,1,5,3,2,3,4,2,2,2,1,2,1,5,6,4,1,1,1,3,14,1,1,3,NaN,2,2,NaN,,NaN,,NaN,,NaN,NaN,NaN,NaN,1,4,2,1,1,1,1,1,2,1,1,1,1,1,1,1,1,1,1,2,1,1,748490.266,4433478.29,101.63,NaN,0,0,0,1,8,6
18973,6,2010120001040,2,6,6,3,7,3,2,CV-230,15.9,15,9,1,1,5,3,2,3,3,2,1,1,1,1,1,7,7,8,3,1,1,9,14,1,1,1,NaN,2,4,NaN,,NaN,,NaN,,NaN,NaN,NaN,NaN,1,4,2,1,1,1,1,1,1,1,1,1,1,1,1,1,1,1,1,2,1,1,730106.624,4412282.356,397.481,Sec,2543,0,0,1,9,2
18974,6,2010120001045,2,6,5,6,6,2,1,CV-190,3.5,3,5,1,1,5,2,3,3,3,2,1,2,1,1,1,7,7,8,1,5,1,9,14,1,1,1,NaN,2,NaN,NaN,,NaN,,NaN,,NaN,54,50,NaN,1,4,2,1,2,1,1,1,1,1,1,1,1,1,1,1,1,1,1,2,1,2,708694.679,4449524.683,925.971,Cob,4502,0,0,0,22,5
18976,6,2010120001049,2,6,6,4,7,3,2,CV-15,0,0,0,0,1,5,3,2,3,4,2,1,1,1,2,2,5,6,4,3,1,4,9,8,1,1,3,NaN,2,4,NaN,,NaN,,NaN,,NaN,NaN,NaN,NaN,1,4,1,1,1,1,1,1,1,1,1,1,1,1,2,1,1,1,1,2,1,1,756626.057,4444552.085,269.798,Pri,9305,0,0,0,11,6
18979,6,2010120001050,2,6,6,4,7,3,2,CV-15,0,0,0,0,1,5,3,2,3,4,2,2,1,1,2,2,5,6,8,3,1,4,9,8,1,1,3,NaN,2,4,NaN,,NaN,,NaN,,NaN,NaN,NaN,NaN,1,4,1,1,1,1,1,2,1,1,1,1,1,1,2,1,1,1,1,2,1,1,756626.057,4444552.085,269.798,Pri,9305,0,0,0,11,6
18981,6,2010120001058,2,6,5,4,6,2,2,CV-10,62,62,0,1,1,5,3,1,3,5,2,1,1,1,2,1,1,4,4,1,1,1,9,14,1,1,3,NaN,2,NaN,NaN,,NaN,,NaN,,66,NaN,60,NaN,1,4,2,1,1,1,1,1,2,1,1,1,1,1,1,1,1,1,1,2,1,1,751581.186,4437825.315,170.992,Cob,3549,0,0,0,13,6
18982,6,2010120001070,2,6,12,5,6,2,1,CV-215,10.1,10,1,0,1,5,1,3,3,1,2,1,1,2,1,1,7,7,8,1,1,4,2,14,3,1,1,NaN,1,NaN,NaN,,NaN,,NaN,,68,NaN,60,NaN,1,4,1,1,1,1,1,2,1,1,1,1,1,1,1,1,1,1,1,2,1,1,719061.417,4421361.78,461.554,Cob,425,0,0,0,16,3
18987,6,2010120001076,2,6,13,3,7,3,2,CV-20,13.6,13,6,0,1,5,3,2,3,3,2,1,2,1,1,1,1,4,3,1,1,1,9,14,1,1,1,NaN,1,1,NaN,,NaN,,NaN,,NaN,NaN,NaN,NaN,1,4,2,1,1,1,1,1,1,1,1,1,1,1,1,1,1,1,1,2,1,1,733513.776,4429172.32,174.515,Cob,2070,0,0,0,10,6
18989,6,2010120001077,2,6,11,3,5,1,2,CV-10,8.4,8,4,0,1,5,2,2,3,3,2,2,2,1,2,2,4,1,8,1,1,1,9,14,3,1,1,NaN,1,4,NaN,,NaN,,NaN,,NaN,NaN,NaN,NaN,1,4,2,1,1,1,1,1,1,1,1,1,1,1,1,1,1,1,1,2,1,2,739841.488,4423011.056,76.095,Sec,31562,0,0,1,8,6
18994,6,2010120001078,2,6,10,3,4,1,5,CV-10,8.5,8,5,1,1,5,2,2,3,3,2,2,2,1,2,2,7,7,8,1,1,1,9,14,3,1,1,NaN,1,5,NaN,,NaN,,NaN,,NaN,NaN,NaN,NaN,1,4,2,1,1,1,1,1,2,1,1,1,1,1,1,1,1,1,1,2,1,1,770472.298,4484490.527,305.445,Sec,31562,0,0,1,8,1
18996,6,2010120001082,2,6,14,4,1,4,2,CV-135,19.6,19,6,1,1,5,2,3,3,1,2,1,1,1,1,1,5,6,8,1,1,1,9,14,3,1,3,NaN,2,2,NaN,,NaN,,NaN,,NaN,NaN,NaN,NaN,1,4,1,1,1,1,1,2,1,1,1,1,1,1,1,1,1,1,1,2,1,2,775328.1,4485067.868,250.907,Pri,3044,0,1,0,13,6
18998,6,2010120001088,2,6,8,6,2,1,2,CV-18,8.5,8,5,1,1,5,3,2,3,3,2,1,1,1,2,2,5,1,4,1,1,1,9,14,1,1,1,NaN,2,4,NaN,,NaN,,NaN,,NaN,NaN,NaN,NaN,1,4,2,1,1,1,1,1,1,1,1,1,1,1,1,1,1,1,1,2,1,1,750220.2,4421499.062,-0.302,Sec,12437,0,0,1,20,6
19000,6,2010120001089,2,6,11,6,5,1,2,CV-10,11,11,0,1,1,5,3,2,3,4,2,2,2,1,2,2,7,7,8,1,1,1,9,14,1,1,1,NaN,2,NaN,30,32,NaN,,NaN,,NaN,NaN,NaN,NaN,1,4,1,1,1,1,1,1,1,1,1,1,1,1,1,1,1,2,1,2,1,2,769916.619,4482499.847,296.851,Sec,31562,0,0,0,18,2
19001,6,2010120001091,2,6,11,6,5,1,1,CV-10,21,21,0,1,1,5,3,2,3,4,2,2,2,1,2,2,7,7,8,1,1,1,9,14,2,1,1,NaN,1,NaN,NaN,,NaN,,NaN,,NaN,64,60,NaN,1,4,2,1,1,1,1,1,1,1,1,1,1,1,1,1,1,1,1,2,1,1,766720.901,4473460.756,231.313,Pri,19082,0,0,0,18,1
19003,6,2010120001093,2,6,11,6,5,1,2,CV-151,2,2,0,0,1,5,3,2,3,3,2,2,1,1,2,2,5,1,4,1,1,1,3,14,1,1,1,NaN,2,2,NaN,,NaN,,NaN,,NaN,NaN,NaN,NaN,1,4,1,1,1,1,1,1,2,1,1,1,1,1,1,1,1,1,1,2,1,1,748548.325,4433398.092,101.328,Pri,24209,0,0,0,20,7
19005,6,2010120001113,2,6,14,5,1,1,2,CV-151,2.1,2,1,0,1,5,3,2,3,3,2,1,1,1,1,1,5,1,8,1,1,1,9,14,1,1,1,NaN,2,2,NaN,,NaN,,NaN,,NaN,NaN,NaN,NaN,1,4,2,1,1,1,1,1,1,1,1,1,1,1,1,1,1,1,1,2,1,1,748490.266,4433478.29,101.63,NaN,0,0,0,0,15,6
19006,6,2010120001115,2,6,19,4,6,2,1,CV-10,38.5,38,5,1,1,5,3,2,3,3,2,2,2,2,1,1,7,7,8,1,1,1,9,8,1,1,3,NaN,2,NaN,30,32,NaN,,NaN,,NaN,NaN,NaN,NaN,1,4,2,1,1,1,1,1,1,1,1,1,1,1,1,1,1,1,1,2,1,1,760174.023,4458405.05,281.519,Cob,7165,0,1,0,12,2
19007,6,2010120001117,2,6,20,4,7,3,1,CV-195,9.5,9,5,1,1,5,2,2,3,3,2,1,2,2,1,2,7,7,8,1,1,1,9,14,1,1,1,NaN,2,NaN,NaN,,NaN,,NaN,,56,NaN,50,NaN,1,4,1,1,1,1,1,2,1,1,1,1,1,1,1,1,1,1,1,2,1,1,713797.46,4443786.591,773.096,Pri,834,0,0,1,11,5