Id,Ano,Numero_Accidente,Provincia,Mes,Dia,Hora,Dia_Semana,Tipo_Dia,Vehiculos_Implicados,Carretera,Pk,Km,Hm,Sentido,Zona,Tipo_Via,Anchura_Calzada,Anchura_Carril,Marcas_Viales,Arcen,Arcen_Pavimentado,Mediana,Barrera_Seguridad,Paneles_Direccionales,Hitos_Arista,Captafaros,Interseccion_Tipo,Interseccion_Acondicionamiento,Prioridad_Regulada_por,Superficie,Luminosidad,Factores_Atmosfericos,Visibilidad_Restringida_por,Otras_Circunstancias,Senalizacion_Peligro,Aceras,Arboles,Arboles_Metros_Calzada,Visibilidad_Senalizacion_Vertical,Colision_Vehiculos_Marcha,Colision_Vehiculo_Obstaculo_1,Colision_Vehiculo_Obstaculo_2,Atropello_1,Atropello_2,Vuelco_1,Vuelco_2,Salida_Sin_Colision,Salida_Con_Colision,Lado_Salida,Otro,Circulacion,Circulacion_Medidas_Especiales,Distraccion,Inexperiencia_Conductor,Alcohol_Drogas,Cansancio_Sueno,Enfermedad,Velocidad_Inadecuada,Infraccion_Norma_Circulacion,Estado_Condicion_Via,Estado_Condicion_Senalizacion,Tramo_Obras,Mal_Estado_Vehiculo,Averia_Mecanica,Meteorologia_Adversa,Irrupcion_Animal,Circular_Sentido_Contrario,Otro_Factor,Sin_Opinion_Definida,Pendiente,Curvatura,Peralte,GPS_x,GPS_y,GPS_z,Tipo_Est,IMD,N_Muertos,N_Graves,N_Leves,Hora_Real,Fuera_o_Interseccion
19008,6,2010120001123,2,6,17,3,4,1,1,CV-18,5,5,0,1,1,5,3,2,3,3,2,2,2,1,2,2,7,7,8,1,1,1,2,8,3,1,3,NaN,2,NaN,NaN,,21,24,NaN,,NaN,NaN,NaN,NaN,1,3,1,1,1,1,1,1,1,1,1,1,1,1,1,2,1,1,1,2,1,1,747831.965,4419366.198,1.461,Cob,0,0,0,0,10,2
19012,6,2010120001124,2,6,14,6,1,1,2,CV-20,8.5,8,5,0,1,5,3,2,3,3,2,2,2,1,1,1,7,7,8,1,3,1,9,14,3,1,3,NaN,2,4,NaN,,NaN,,NaN,,NaN,NaN,NaN,NaN,1,4,1,1,1,1,1,1,2,1,1,1,1,1,1,1,1,1,1,2,1,1,737329.649,4427182.599,126.714,Pri,16247,0,0,2,22,1
19013,6,2010120001126,2,6,21,6,1,4,1,CV-230,14.6,14,6,1,1,5,2,3,3,3,2,1,2,1,1,1,7,7,8,1,1,1,9,14,3,1,1,NaN,1,NaN,NaN,,NaN,,12,9,NaN,NaN,NaN,NaN,1,4,1,1,1,1,1,2,1,1,1,1,1,1,1,1,1,1,1,2,2,2,731225.162,4412230.553,323.214,Sec,2543,0,0,1,18,2
19014,6,2010120001128,2,6,19,2,6,2,1,CV-18,3.7,3,7,1,1,5,3,2,3,3,2,2,2,2,1,1,7,7,8,1,4,1,9,14,2,1,1,NaN,1,NaN,30,32,NaN,,NaN,,NaN,NaN,NaN,NaN,1,1,1,1,1,1,1,1,1,1,1,2,1,1,1,1,1,1,1,2,1,1,747288.938,4418323.766,-4.762,Cob,0,0,0,0,5,2
19016,6,2010120001131,2,6,20,1,7,3,2,CV-10,31.6,31,6,0,1,5,3,2,3,4,2,2,2,1,2,2,7,7,8,1,4,1,9,14,3,1,1,NaN,1,NaN,NaN,,NaN,,NaN,,NaN,64,60,NaN,1,4,1,2,1,1,1,1,1,1,1,1,1,1,1,1,1,1,1,2,1,1,753350.46,4440044.858,203.448,Cob,13958,0,0,1,2,1
19017,6,2010120001141,2,6,27,6,7,3,1,CV-10,22.3,22,3,1,1,5,3,2,3,4,2,1,2,1,1,1,7,7,5,1,1,1,9,14,1,1,1,NaN,2,NaN,NaN,,NaN,,NaN,,NaN,64,60,NaN,1,4,2,1,1,1,1,1,1,1,1,1,1,1,1,1,1,1,1,2,1,1,766222.051,4472317.909,217.54,Pri,19082,0,0,0,17,2
19020,6,2010120001175,2,7,6,4,2,1,3,CV-17,1.8,1,8,1,1,5,3,2,3,4,2,1,1,1,2,2,7,7,8,1,1,1,9,14,3,1,1,NaN,2,2,NaN,,NaN,,NaN,,NaN,NaN,NaN,NaN,1,4,2,1,1,1,1,1,1,1,1,1,1,1,1,1,1,1,1,2,1,2,747077.294,4431120.127,68.109,Sec,19315,1,0,1,14,2
19021,6,2010120001186,2,7,9,3,5,1,1,CV-18,2.5,2,5,0,1,5,3,2,3,4,2,2,1,1,2,2,7,7,8,1,1,1,9,14,1,1,3,NaN,2,NaN,NaN,,NaN,,NaN,,NaN,63,60,NaN,1,4,1,1,2,1,1,1,1,1,1,1,1,1,1,1,1,1,1,2,1,1,751717.486,4426076.471,14.267,Cob,0,0,0,0,8,5
19022,6,2010120001191,2,7,12,1,1,1,1,CV-20,42.1,42,1,0,1,5,3,2,3,3,2,1,2,2,1,1,7,7,8,1,4,1,9,14,1,1,1,NaN,2,NaN,NaN,,NaN,,NaN,,NaN,64,60,NaN,1,4,2,1,2,1,1,1,1,1,1,1,1,1,1,1,1,1,1,2,1,1,716596.334,4437413.215,366.917,Cob,252,0,0,0,1,4
19024,6,2010120001200,2,7,9,6,5,1,2,CV-10,19.1,19,1,0,1,5,2,2,3,3,2,1,2,2,2,2,5,1,4,1,3,1,9,14,1,1,3,NaN,2,2,NaN,,NaN,,NaN,,NaN,NaN,NaN,NaN,1,4,1,1,1,1,1,1,2,1,1,1,1,1,1,1,1,1,1,2,1,1,745932.846,4431085.526,70.73,Pri,19082,0,0,0,22,6
19025,6,2010120001205,2,7,16,6,5,1,1,CV-16,6.7,6,7,1,1,5,3,1,3,3,2,2,2,1,2,2,5,1,8,1,1,1,9,14,3,1,1,NaN,2,NaN,30,32,NaN,,NaN,,NaN,NaN,NaN,NaN,1,4,2,1,2,1,1,1,1,1,1,1,1,1,1,1,1,1,1,2,1,2,743754.27,4434977.164,142.56,Sec,18148,0,0,0,19,6
19026,6,2010120001210,2,7,18,1,7,3,1,CV-183,1,1,0,0,1,5,3,2,3,4,2,1,2,1,2,2,7,7,8,1,5,1,9,14,3,1,3,NaN,2,NaN,NaN,,21,21,NaN,,NaN,NaN,NaN,NaN,1,4,1,1,1,1,1,1,2,1,1,1,1,1,1,1,1,1,1,2,1,1,752504.879,4426383.296,4.162,Cob,5769,1,0,0,0,1
19028,6,2010120001211,2,7,18,3,7,3,2,CV-230,5.9,5,9,0,1,5,2,3,3,3,2,1,1,1,1,1,7,7,8,1,1,1,9,14,2,1,3,NaN,1,3,NaN,,NaN,,NaN,,NaN,NaN,NaN,NaN,1,4,1,1,1,1,1,1,2,1,1,1,1,1,1,1,1,1,1,2,1,2,725321.954,4413313.834,268.24,Cob,1609,0,1,1,10,5
19030,6,2010120001214,2,7,19,5,1,4,2,CV-18,3.4,3,4,0,1,5,3,2,3,3,2,1,2,2,2,2,5,1,4,1,1,1,9,14,1,1,3,NaN,2,NaN,NaN,,NaN,,NaN,,NaN,NaN,NaN,71,1,4,1,1,1,1,1,1,2,1,1,1,1,1,1,1,1,1,1,2,2,1,751726,4425200.382,12.389,Cob,0,0,0,1,15,6
19031,6,2010120001216,2,7,18,1,7,3,1,CV-141,2.8,2,8,1,1,5,3,2,3,3,2,1,1,1,2,1,7,7,8,1,4,1,9,14,2,1,1,NaN,1,NaN,NaN,,21,24,NaN,,NaN,NaN,NaN,NaN,1,4,1,1,1,1,1,1,1,1,1,1,1,1,1,2,1,1,1,2,1,1,787065.235,4476318.771,14.819,Cob,5867,0,0,0,23,1
19032,6,2010120001226,2,7,21,4,3,1,1,CV-15,25,25,0,1,1,5,2,2,3,3,2,1,1,1,1,1,7,7,8,1,1,1,9,14,3,1,1,NaN,2,NaN,NaN,,NaN,,NaN,,NaN,52,50,NaN,1,4,2,1,1,1,2,1,1,1,1,1,1,1,1,1,1,1,1,2,1,1,742820.732,4479701.172,828.134,Per,2325,0,1,0,13,1
19033,6,2010120001230,2,7,16,6,5,1,1,CV-16,4.9,4,9,1,1,5,3,2,3,3,2,2,2,1,2,2,1,3,2,1,3,1,9,14,1,1,3,NaN,2,NaN,NaN,,NaN,,12,9,NaN,NaN,NaN,NaN,1,4,2,1,1,1,1,1,1,1,1,1,1,1,1,1,1,1,1,2,1,1,743147.492,4436420.644,128.734,Sec,18148,0,0,1,22,6
19034,6,2010120001232,2,7,20,1,2,1,1,CV-15,12,12,0,0,1,5,3,2,3,3,2,1,1,1,2,1,7,7,8,1,5,1,9,14,3,1,1,NaN,2,NaN,NaN,,21,24,NaN,,NaN,NaN,NaN,NaN,1,4,1,1,1,1,1,1,1,1,1,1,1,1,1,2,1,1,1,2,1,2,750877.994,4453689.343,304.516,Cob,4984,0,0,0,23,1
19035,6,2010120001233,2,7,20,4,2,1,1,CV-149,4.3,4,3,1,1,5,3,2,3,4,2,2,2,1,2,2,7,7,8,1,1,1,9,14,3,1,1,NaN,2,NaN,NaN,,NaN,,NaN,,NaN,54,50,NaN,1,4,1,1,1,1,1,1,1,1,1,1,1,2,1,1,1,1,1,2,1,1,759246.354,4436380.513,-8.533,Sec,12443,0,0,0,13,1
19037,6,2010120001234,2,7,21,4,3,1,2,CV-195,15.6,15,6,0,1,5,2,2,3,3,2,1,2,2,1,2,7,7,8,1,1,1,3,14,3,1,1,NaN,1,4,NaN,,NaN,,NaN,,NaN,NaN,NaN,NaN,1,4,1,1,1,1,1,1,2,1,1,1,1,1,1,1,1,1,1,2,1,1,707890.159,4432558.891,630.033,Pri,834,0,0,0,12,3
19038,6,2010120001238,2,7,23,6,5,1,1,CV-10,65.5,65,5,0,1,5,3,2,3,3,2,1,1,2,2,2,7,7,8,1,1,1,9,14,3,1,1,NaN,2,NaN,NaN,,NaN,,NaN,,NaN,63,60,NaN,1,4,2,1,1,1,1,1,1,1,1,1,1,1,1,1,1,1,1,2,1,1,765891.526,4469664.467,191.258,Cob,3549,1,1,0,17,1
19039,6,2010120001240,2,7,23,1,5,1,1,CV-215,3,3,0,0,1,5,2,2,3,1,2,1,2,2,1,1,1,1,8,3,5,4,2,14,3,1,1,NaN,2,NaN,NaN,,NaN,,12,9,NaN,NaN,NaN,NaN,1,4,2,1,1,1,1,2,2,2,1,1,1,1,2,1,1,1,1,2,2,1,724809.622,4421534.981,557.978,Cob,425,0,1,1,23,6
19040,6,2010120001245,2,7,24,4,6,2,1,CV-235,10.6,10,6,0,1,5,2,2,3,1,2,1,2,2,1,2,7,7,8,1,1,1,9,14,1,1,1,NaN,2,NaN,NaN,,NaN,,NaN,,66,NaN,60,NaN,1,4,1,1,1,1,1,2,1,1,1,1,1,1,1,1,1,1,1,2,1,1,697992.671,4419239.912,673.374,Cob,326,0,1,0,11,5
19043,6,2010120001246,2,7,24,4,6,2,3,CV-141,4.5,4,5,0,1,5,2,2,3,3,2,1,1,1,2,2,7,7,8,1,1,1,9,14,3,1,1,NaN,1,5,NaN,,NaN,,NaN,,NaN,NaN,NaN,NaN,1,4,2,1,1,1,1,1,1,1,1,1,1,1,1,1,1,1,1,2,1,1,788188.906,4474430.491,-10.354,Cob,5867,0,0,2,12,1
19045,6,2010120001258,2,7,22,1,4,1,1,CV-10,41,41,0,0,1,5,3,2,3,3,2,1,1,1,2,1,7,7,8,1,5,1,9,8,3,1,3,NaN,2,NaN,NaN,,21,24,NaN,,NaN,NaN,NaN,NaN,1,4,1,1,1,1,1,1,1,1,1,1,1,1,1,2,1,1,1,2,1,1,758298.023,4447610.283,248.949,NaN,0,0,0,0,1,1
19047,6,2010120001261,2,7,28,4,3,1,2,CV-20,51.2,51,2,0,1,5,2,3,3,3,2,1,1,2,1,1,7,7,8,1,1,1,9,14,1,1,3,NaN,1,1,NaN,,NaN,,NaN,,NaN,NaN,NaN,NaN,1,4,2,1,1,1,1,1,2,1,1,1,1,1,1,1,1,1,1,2,1,1,711330.525,4438536.125,440.206,Cob,312,0,0,1,11,4
19051,6,2010120001266,2,7,25,6,7,3,2,CV-151,2.1,2,1,0,1,5,3,2,3,3,2,1,2,1,1,1,5,1,4,1,1,1,9,14,1,1,3,NaN,2,2,NaN,,NaN,,NaN,,NaN,NaN,NaN,NaN,1,4,1,1,1,1,1,1,2,1,1,1,1,1,1,1,1,1,1,2,1,1,748490.266,4433478.29,101.63,NaN,0,0,0,0,18,6
19052,6,2010120001272,2,7,30,3,5,1,1,CV-160,0,0,0,0,1,5,3,2,3,3,2,1,1,1,1,1,7,7,8,1,1,1,9,14,3,1,1,NaN,2,NaN,NaN,,NaN,,NaN,,NaN,64,60,NaN,1,4,1,1,1,1,1,1,2,1,1,1,1,1,1,1,1,1,1,2,1,1,743157.669,4436656.426,116.799,Sec,5460,0,0,1,7,1
19054,6,2010120001278,2,7,30,6,5,1,2,CV-16,6.9,6,9,0,1,5,3,2,3,3,2,2,2,1,2,2,7,7,8,1,1,1,9,14,1,1,3,NaN,2,3,NaN,,NaN,,NaN,,NaN,NaN,NaN,NaN,1,4,1,1,1,1,1,1,1,1,1,1,1,1,1,1,1,2,1,2,1,2,743786.274,4434955.024,141.892,Sec,18148,0,0,1,19,2
19055,6,2010120001279,2,8,1,3,7,3,1,CV-195,7.4,7,4,0,1,5,2,3,3,1,2,1,1,2,1,1,7,7,8,1,1,1,2,14,3,1,1,NaN,2,NaN,NaN,,NaN,,NaN,,66,NaN,60,NaN,1,4,2,2,1,1,1,2,2,1,1,1,1,1,1,1,1,1,1,2,1,1,707109.887,4426963.453,713.347,Pri,834,0,0,1,9,5
19056,6,2010120001280,2,8,1,4,7,3,1,CV-215,6,6,0,0,1,5,2,2,3,3,2,1,1,2,1,1,2,1,8,1,1,1,2,14,3,1,3,NaN,2,NaN,NaN,,NaN,,NaN,,66,NaN,60,NaN,1,4,1,1,1,1,1,2,2,2,1,1,1,1,1,1,1,1,1,1,2,2,722442.191,4421804.412,599.035,Cob,425,0,1,0,12,6
19057,6,2010120001285,2,7,30,4,5,1,1,CV-21,2.8,2,8,1,1,5,3,2,3,4,2,1,1,1,1,1,7,7,8,1,1,1,9,14,3,1,1,NaN,1,NaN,NaN,,NaN,,NaN,,57,NaN,50,NaN,1,4,1,1,1,1,2,1,1,1,1,1,1,1,1,1,1,1,1,2,1,1,736765.59,4429517.596,135.298,Sec,4810,0,0,0,14,2
19059,6,2010120001286,2,7,31,1,6,2,2,CV-10,22,22,0,0,1,5,3,2,3,4,2,2,2,1,2,1,7,7,8,1,5,1,9,14,3,1,3,NaN,1,3,NaN,,NaN,,NaN,,NaN,NaN,NaN,NaN,1,4,2,1,1,2,1,1,1,1,1,1,1,1,1,1,1,1,1,2,1,1,747317.142,4433234.261,91.845,Pri,19082,0,0,0,1,1
19060,6,2010120001289,2,8,2,1,1,4,1,CV-230,7.4,7,4,0,1,5,2,2,3,2,2,1,2,1,1,2,7,7,8,1,5,1,2,14,1,1,1,NaN,2,NaN,NaN,,NaN,,NaN,,NaN,63,60,NaN,1,4,1,1,1,1,1,2,1,1,1,1,1,1,1,1,1,1,1,2,1,2,726679.014,4412924.138,291.538,Cob,1609,0,0,0,2,4
19061,6,2010120001291,2,8,1,6,7,3,1,CV-18,2.4,2,4,1,1,5,2,3,3,3,2,2,2,2,2,2,5,1,8,1,1,1,2,14,1,1,3,NaN,2,NaN,NaN,,NaN,,NaN,,68,NaN,60,NaN,1,4,2,1,2,1,1,1,1,1,1,1,1,1,1,1,1,1,1,2,1,1,746207.456,4417603.619,1.593,Pri,23849,0,0,0,20,6
19062,6,2010120001305,2,8,2,6,1,1,1,CV-20,6.3,6,3,1,1,5,3,2,3,4,2,2,2,1,1,1,5,1,5,1,1,1,9,14,1,1,1,NaN,2,NaN,NaN,,NaN,,12,9,NaN,NaN,NaN,NaN,1,4,1,1,1,1,1,2,2,1,1,1,1,1,1,1,1,1,1,2,1,3,707090.728,4441636.104,625.791,Pri,16247,0,0,0,18,6
19064,6,2010120001320,2,8,5,5,4,1,2,CV-10,10.5,10,5,1,1,5,3,2,3,4,2,2,2,1,1,1,7,7,5,1,1,1,9,14,3,1,1,NaN,2,NaN,30,29,NaN,,NaN,,NaN,NaN,NaN,NaN,1,4,2,1,1,1,1,1,1,1,1,1,1,1,1,1,1,1,1,2,1,1,769870.644,4482990.946,299.702,Sec,31562,0,0,1,16,1
19066,6,2010120001321,2,8,5,6,4,1,2,CV-18,2.3,2,3,1,1,5,3,2,3,3,2,2,1,2,1,2,7,7,6,1,4,1,9,14,1,1,1,NaN,2,NaN,NaN,,NaN,,NaN,,NaN,NaN,NaN,71,1,4,2,1,1,1,1,1,1,1,1,1,1,1,1,1,1,1,1,2,1,1,746124.258,4417548.208,0.081,Pri,23849,0,1,0,21,1
19067,6,2010120001322,2,8,4,6,3,1,1,CV-10,43,43,0,1,1,5,3,2,3,2,2,1,2,2,2,2,5,1,4,1,5,1,9,14,1,1,3,NaN,2,NaN,NaN,,NaN,,NaN,,NaN,53,50,NaN,1,4,1,1,2,1,1,2,1,1,1,1,1,1,1,1,1,1,1,2,1,1,759332.733,4454171.7,264.585,NaN,0,0,0,0,20,6
19069,6,2010120001361,2,8,1,4,7,3,2,CV-14,26.8,26,8,1,1,5,3,2,3,2,2,1,2,1,1,1,7,7,5,1,1,1,9,14,2,1,1,NaN,1,3,NaN,,NaN,,NaN,,NaN,NaN,NaN,NaN,1,4,2,1,1,1,1,1,1,1,1,1,1,1,1,1,1,1,1,2,1,1,741889.478,4501558.518,733.051,Cob,693,0,0,1,11,2
19071,6,2010120001365,2,8,5,6,4,1,2,CV-16,7,7,0,1,1,5,3,1,3,3,2,1,1,1,2,2,5,1,8,1,1,1,9,14,3,1,1,NaN,2,3,NaN,,NaN,,NaN,,NaN,NaN,NaN,NaN,1,4,1,1,1,1,1,1,2,1,1,1,1,1,1,1,1,1,1,2,1,1,743872.866,4434708.431,144.617,Sec,18148,0,0,0,18,6
19073,6,2010120001435,2,8,10,1,2,1,2,CV-18,8.6,8,6,0,1,5,3,1,3,3,2,2,2,1,2,2,5,1,8,1,5,1,9,14,3,1,1,NaN,2,3,NaN,,NaN,,NaN,,NaN,NaN,NaN,NaN,1,4,1,1,1,1,1,1,2,1,1,1,1,1,1,1,1,1,1,2,1,1,749613.346,4420855.328,-2.947,Sec,12437,0,0,0,23,6
19075,6,2010120001438,2,8,14,4,6,1,1,CV-223,5,5,0,0,1,5,3,2,3,3,2,1,1,2,1,1,7,7,8,3,1,4,9,14,1,1,3,NaN,2,NaN,NaN,,NaN,,NaN,,NaN,53,50,NaN,1,4,1,1,1,1,1,2,1,1,1,1,1,1,2,1,1,1,1,2,1,1,735406.404,4419657.918,218.822,Sec,3542,0,0,3,14,2
19076,6,2010120001440,2,8,13,6,5,1,1,CV-195,14.5,14,5,0,1,5,1,3,3,1,2,1,1,1,1,1,7,7,8,3,5,4,9,14,3,1,1,NaN,1,NaN,NaN,,NaN,,NaN,,NaN,51,50,NaN,1,4,1,2,1,1,1,1,1,1,1,1,1,1,2,1,1,1,1,2,2,2,706990.335,4432248.707,667.471,Pri,834,0,0,0,21,2
19077,6,2010120001441,2,8,10,6,2,1,1,CV-16,8.5,8,5,0,1,5,3,2,3,4,2,2,1,1,2,2,5,1,8,1,1,1,9,14,3,1,1,NaN,2,NaN,NaN,,NaN,,NaN,,58,NaN,50,NaN,1,4,2,1,1,1,1,1,1,1,1,1,1,1,1,1,1,1,1,2,1,2,743248.539,4436214.283,126.746,Sec,18148,0,0,0,19,6
19079,6,2010120001442,2,8,11,4,3,1,2,CV-16,11.5,11,5,1,1,5,3,2,3,3,2,1,1,1,2,2,1,1,8,1,1,1,9,14,3,1,1,NaN,2,4,NaN,,NaN,,NaN,,NaN,NaN,NaN,NaN,1,4,1,1,1,1,1,1,2,1,1,1,1,1,1,1,1,1,1,2,1,1,747330.542,4432221.686,81.204,Sec,4304,0,0,0,12,6
19081,6,2010120001443,2,8,12,4,4,1,2,CV-16,3.8,3,8,0,1,5,3,2,3,3,2,2,1,1,2,2,7,7,2,1,1,1,9,14,3,1,1,NaN,2,4,NaN,,NaN,,NaN,,NaN,NaN,NaN,NaN,1,4,2,1,1,1,1,1,1,1,1,1,1,1,1,1,1,1,1,2,2,2,745900.587,4432962.914,110.4,Sec,18148,0,0,0,13,1
19082,6,2010120001445,2,8,13,4,5,1,1,CV-10,32.5,32,5,0,1,5,1,2,2,3,2,2,2,1,1,1,5,1,7,3,1,4,9,8,1,1,1,NaN,2,NaN,NaN,,NaN,,NaN,,NaN,53,50,NaN,1,4,1,1,1,1,1,1,1,1,1,2,1,1,2,1,1,2,1,2,1,1,753780.244,4440714.083,215.972,Cob,13958,0,0,0,14,6
19084,6,2010120001447,2,8,13,5,5,1,2,CV-10,32.5,32,5,0,1,2,3,2,3,4,2,2,2,1,2,2,5,1,4,3,1,4,4,14,1,1,1,NaN,2,4,NaN,,NaN,,NaN,,NaN,NaN,NaN,NaN,1,4,1,1,1,1,1,1,2,1,1,1,1,1,1,1,1,1,1,2,1,1,753780.244,4440714.083,215.972,Cob,13958,0,0,0,15,6
19086,6,2010120001452,2,8,13,2,5,1,2,CV-20,32.6,32,6,1,1,5,2,2,3,3,2,1,1,1,1,1,1,1,8,1,4,1,9,14,3,1,3,NaN,1,2,NaN,,NaN,,NaN,,NaN,NaN,NaN,NaN,1,4,1,1,1,1,1,1,1,1,1,1,1,1,1,1,1,1,2,2,1,1,721828.845,4436915.669,326.557,Cob,252,0,0,1,6,7
19088,6,2010120001459,2,8,15,1,7,3,2,CV-10,19,19,0,0,1,5,3,2,3,3,2,2,2,1,2,1,5,1,4,1,3,1,9,14,1,1,1,NaN,2,2,NaN,,NaN,,NaN,,NaN,NaN,NaN,NaN,1,4,1,1,1,1,1,1,2,1,1,1,1,1,1,1,1,1,1,2,1,1,745874.11,4430895.896,69.99,Pri,19082,0,0,0,0,6
19089,6,2010120001460,2,8,13,6,5,1,1,CV-10,36.5,36,5,1,1,5,3,2,3,4,2,2,2,1,1,1,7,7,8,1,2,1,9,14,3,1,1,NaN,2,NaN,NaN,,NaN,,NaN,,66,NaN,60,NaN,1,4,1,1,1,1,1,2,1,1,1,1,1,1,2,1,1,1,1,2,1,1,761033.151,4460052.964,260.16,Cob,13958,0,0,0,20,1
19090,6,2010120001464,2,8,19,6,4,1,1,CV-215,5,5,0,1,1,5,2,3,3,1,2,1,2,2,1,1,7,7,8,3,2,5,2,14,2,1,1,NaN,2,NaN,NaN,,NaN,,NaN,,NaN,54,50,NaN,1,4,1,1,1,1,1,2,1,1,1,1,1,1,2,1,1,1,1,3,1,2,722412.174,4421673.951,588.001,Cob,425,0,0,0,21,4
19092,6,2010120001469,2,8,17,4,2,1,2,CV-10,4,4,0,1,1,5,3,2,3,3,2,2,2,1,1,1,7,7,4,1,1,1,9,14,1,1,1,NaN,2,4,NaN,,NaN,,NaN,,NaN,NaN,NaN,NaN,1,4,1,1,1,1,1,1,1,1,1,1,1,1,1,1,1,1,2,2,1,1,773293.758,4486687.025,297.388,Cob,26108,0,0,0,12,1
19093,6,2010120001474,2,8,21,3,6,2,1,CV-185,2,2,0,1,1,5,3,2,3,2,2,1,2,1,2,2,7,7,8,1,1,1,9,14,2,1,1,NaN,2,NaN,NaN,,NaN,,NaN,,NaN,64,60,NaN,1,4,1,1,1,1,1,1,2,1,1,1,1,1,1,1,1,1,1,2,1,1,749075.054,4421862.371,1.7,Sec,12991,0,1,0,7,1
19094,6,2010120001483,2,8,21,1,6,2,1,CV-18,3,3,0,1,1,5,3,2,3,3,2,2,1,1,1,2,5,1,8,1,4,1,9,14,1,1,3,NaN,2,NaN,NaN,,NaN,,NaN,,NaN,54,50,NaN,1,4,1,1,2,1,1,1,1,1,1,1,1,1,1,1,1,1,1,2,1,1,746709.878,4417938.236,-5.418,Cob,0,0,0,0,4,6
19097,6,2010120001486,2,8,19,4,4,1,2,CV-10,32.7,32,7,0,1,5,1,2,4,3,2,1,1,2,1,1,5,3,4,3,1,4,9,8,1,1,3,NaN,2,4,NaN,,NaN,,NaN,,NaN,NaN,NaN,NaN,1,4,1,1,1,1,1,2,1,1,1,1,1,1,1,1,1,1,1,2,1,1,753941.515,4440964.417,220.941,Cob,13958,0,0,0,11,6
19099,6,2010120001492,2,8,26,3,4,1,2,CV-10,0.1,0,1,0,1,5,3,2,3,4,2,2,2,2,2,2,3,1,8,1,1,1,9,14,3,1,3,NaN,2,NaN,NaN,,NaN,,NaN,,56,NaN,50,NaN,1,4,2,1,1,1,1,1,2,1,1,1,1,1,1,1,1,1,1,2,1,1,741345.245,4416096.987,12.533,Sec,26269,0,0,0,8,6
19101,6,2010120001502,2,8,29,4,7,3,2,CV-195,10.3,10,3,1,1,5,2,2,3,1,2,1,1,2,1,1,7,7,8,1,1,1,2,14,3,1,3,NaN,2,3,NaN,,NaN,,NaN,,NaN,NaN,NaN,NaN,1,4,1,1,1,1,1,1,2,1,1,1,1,1,1,1,1,1,1,1,1,1,713441.426,4443250.924,716.794,Pri,834,0,1,0,11,5
19105,6,2010460000003,3,1,1,4,5,3,1,CV-500,25.1,25,1,0,1,5,3,2,3,3,2,1,2,2,1,1,7,7,8,1,1,1,9,14,1,1,3,NaN,2,NaN,NaN,,NaN,,NaN,,NaN,61,60,NaN,1,4,1,1,2,1,1,2,1,1,1,1,1,1,1,1,1,1,1,2,1,1,733691.479,4346551.228,-10.965,Cob,8936,0,5,0,13,5
19108,5,2010460000012,3,12,30,6,3,1,3,CV-32,2,2,0,1,1,5,3,2,3,3,2,2,2,1,2,2,7,7,8,1,1,1,9,14,3,1,1,NaN,2,3,NaN,,NaN,,NaN,,NaN,NaN,NaN,NaN,1,4,2,1,1,1,1,1,1,1,1,1,1,1,1,1,1,1,1,2,1,1,726503.639,4386215.092,36.814,Per,24274,0,0,1,17,1
19109,5,2010460000016,3,12,30,3,3,1,1,CV-35,16.8,16,8,1,1,2,3,1,3,4,2,2,2,2,2,2,7,7,8,3,2,1,9,14,3,1,1,NaN,1,NaN,NaN,,NaN,,NaN,,NaN,53,50,NaN,1,4,1,1,1,1,1,1,1,1,1,1,1,1,1,1,1,1,2,2,1,1,662745.225,4416622.295,868.645,Per,63924,0,0,1,7,1
19111,6,2010460000020,3,1,1,6,5,3,2,CV-32,7.6,7,6,0,1,5,3,2,3,4,2,2,1,1,1,1,7,7,8,1,4,1,9,14,3,1,1,NaN,1,NaN,NaN,,21,24,NaN,,NaN,NaN,NaN,NaN,1,4,1,1,1,1,1,1,1,1,1,1,1,1,1,2,1,1,1,2,1,1,727073.965,4385719.64,20.947,Cob,15301,0,0,0,19,1
19112,6,2010460000021,3,1,1,1,5,3,1,CV-500,25,25,0,0,1,5,3,2,3,3,2,1,2,1,2,1,7,7,8,1,4,8,9,14,3,1,1,NaN,2,NaN,NaN,,NaN,,NaN,,NaN,54,50,NaN,1,4,1,1,1,1,1,1,1,1,1,1,1,1,1,1,1,2,1,2,1,1,733748.013,4346632.905,-10.958,Cob,8936,0,0,0,0,1
19113,6,2010460000024,3,1,1,1,5,3,1,CV-35,45.1,45,1,0,1,5,3,2,3,3,2,1,2,2,2,2,7,7,8,1,5,1,9,14,2,1,1,NaN,1,NaN,NaN,,21,24,NaN,,NaN,NaN,NaN,NaN,1,4,1,1,1,1,1,1,1,1,1,1,1,1,1,2,1,1,1,2,1,1,689339.226,4397102.383,399.062,Per,5797,0,0,0,23,1
19115,5,2010460000026,3,12,25,3,5,4,1,CV-35,9,9,0,1,1,2,3,2,3,5,2,2,2,2,2,2,7,7,8,1,2,1,9,14,1,1,3,NaN,2,NaN,NaN,,NaN,,NaN,,NaN,52,50,NaN,1,4,1,1,2,1,1,2,1,1,1,1,1,1,1,1,1,1,1,2,1,1,658497.987,4421757.959,958.721,Per,62420,0,0,0,7,5