Id,Ano,Numero_Accidente,Provincia,Mes,Dia,Hora,Dia_Semana,Tipo_Dia,Vehiculos_Implicados,Carretera,Pk,Km,Hm,Sentido,Zona,Tipo_Via,Anchura_Calzada,Anchura_Carril,Marcas_Viales,Arcen,Arcen_Pavimentado,Mediana,Barrera_Seguridad,Paneles_Direccionales,Hitos_Arista,Captafaros,Interseccion_Tipo,Interseccion_Acondicionamiento,Prioridad_Regulada_por,Superficie,Luminosidad,Factores_Atmosfericos,Visibilidad_Restringida_por,Otras_Circunstancias,Senalizacion_Peligro,Aceras,Arboles,Arboles_Metros_Calzada,Visibilidad_Senalizacion_Vertical,Colision_Vehiculos_Marcha,Colision_Vehiculo_Obstaculo_1,Colision_Vehiculo_Obstaculo_2,Atropello_1,Atropello_2,Vuelco_1,Vuelco_2,Salida_Sin_Colision,Salida_Con_Colision,Lado_Salida,Otro,Circulacion,Circulacion_Medidas_Especiales,Distraccion,Inexperiencia_Conductor,Alcohol_Drogas,Cansancio_Sueno,Enfermedad,Velocidad_Inadecuada,Infraccion_Norma_Circulacion,Estado_Condicion_Via,Estado_Condicion_Senalizacion,Tramo_Obras,Mal_Estado_Vehiculo,Averia_Mecanica,Meteorologia_Adversa,Irrupcion_Animal,Circular_Sentido_Contrario,Otro_Factor,Sin_Opinion_Definida,Pendiente,Curvatura,Peralte,GPS_x,GPS_y,GPS_z,Tipo_Est,IMD,N_Muertos,N_Graves,N_Leves,Hora_Real,Fuera_o_Interseccion
19116,6,2010460000045,3,1,2,4,6,2,1,CV-35,10.5,10,5,1,1,2,3,2,3,4,2,2,2,1,2,2,7,7,8,1,1,1,9,14,3,1,1,NaN,2,NaN,NaN,,NaN,,NaN,,56,NaN,50,NaN,1,4,1,1,1,1,1,1,1,1,1,1,1,1,1,1,1,1,2,2,1,1,659800.29,4421040.881,907.132,Per,96825,0,0,0,11,3
19117,6,2010460000051,3,1,3,1,7,3,1,CV-35,3,3,0,0,1,7,3,2,3,3,2,1,2,2,2,2,7,7,5,3,3,1,9,14,1,1,1,NaN,1,NaN,NaN,,NaN,,NaN,,NaN,64,60,NaN,1,4,1,1,1,1,1,2,1,2,1,1,1,1,1,1,1,1,1,2,1,1,721342.935,4376757.345,36.184,Per,125487,0,0,1,23,5
19118,6,2010460000052,3,1,5,6,2,2,1,CV-41,1.5,1,5,0,1,5,3,2,3,3,2,1,1,1,1,1,7,7,5,3,3,3,9,14,3,1,1,NaN,2,NaN,NaN,,NaN,,NaN,,NaN,52,50,NaN,1,4,1,2,1,1,1,2,1,1,1,1,1,1,1,1,1,1,1,2,1,1,721060.997,4335122.904,3.565,Cob,12732,0,0,1,22,2
19119,6,2010460000055,3,1,3,6,7,3,1,CV-31,1.8,1,8,0,1,5,2,2,3,3,2,1,2,2,2,2,7,7,5,3,3,4,9,14,1,1,1,NaN,1,NaN,NaN,,NaN,,NaN,,NaN,63,60,NaN,1,4,1,1,1,1,1,2,1,2,1,1,1,1,1,1,1,1,1,2,1,1,720954.854,4376081.837,19.971,Cob,37073,0,0,0,21,2
19124,6,2010460000078,3,1,4,6,1,4,4,CV-35,3.2,3,2,1,1,2,3,2,3,4,2,2,2,1,2,2,7,7,5,3,3,5,9,14,3,1,3,NaN,2,4,NaN,,NaN,,NaN,,NaN,NaN,NaN,NaN,3,4,2,1,1,1,1,1,1,1,1,1,1,1,2,1,1,1,1,2,1,1,654390.753,4422745.389,898.869,Per,125487,0,0,1,19,2
19125,6,2010460000092,3,1,5,3,2,2,1,CV-365,0.2,0,2,0,1,5,2,2,3,3,2,2,2,2,2,2,7,7,8,3,4,4,9,3,1,1,1,NaN,1,NaN,NaN,,NaN,,NaN,,NaN,52,50,NaN,1,4,1,1,1,1,1,2,1,2,1,1,1,1,2,1,1,1,1,2,1,1,721501.627,4376617.573,36.809,Cob,38186,0,0,0,7,5
19126,6,2010460000095,3,1,5,3,2,1,1,CV-35,11,11,0,0,1,2,3,2,3,3,2,2,2,2,2,2,7,7,8,3,1,3,9,14,3,1,1,NaN,1,NaN,NaN,,NaN,,NaN,,NaN,62,60,NaN,1,4,1,1,1,1,1,1,1,1,1,1,1,1,1,2,1,1,1,2,1,1,715598.038,4381852.54,86.348,Per,96825,0,0,0,8,1
19127,6,2010460000096,3,1,8,4,5,2,1,CV-41,16.3,16,3,1,1,5,3,2,3,2,2,1,1,1,2,1,7,7,8,3,1,9,9,14,1,1,1,NaN,2,NaN,NaN,,NaN,,NaN,,68,NaN,60,NaN,1,4,2,1,1,1,1,1,1,1,1,1,1,1,1,1,1,1,1,2,1,1,719566.117,4332992.061,-1.176,Cob,8237,0,0,1,13,2
19130,6,2010460000104,3,1,6,1,3,1,2,CV-500,0.2,0,2,0,1,5,3,2,3,4,2,2,2,1,2,2,3,1,8,3,3,4,9,14,3,1,3,NaN,2,2,NaN,,NaN,,NaN,,NaN,NaN,NaN,NaN,1,4,1,1,1,1,1,1,1,1,1,1,1,1,1,1,1,1,2,2,1,1,728566.933,4369990.353,-17.989,Pri,17182,0,0,0,2,6
19131,6,2010460000107,3,1,7,5,4,4,1,CV-36,3.2,3,2,1,1,2,3,2,3,3,2,1,1,1,1,1,1,6,8,1,1,1,9,14,2,1,1,NaN,1,NaN,NaN,,NaN,,NaN,,56,NaN,50,NaN,1,4,1,1,1,1,1,1,1,1,1,1,1,1,1,1,1,1,2,2,1,1,719548.615,4369094.351,19.056,Pri,70764,0,0,0,15,6
19134,6,2010460000118,3,1,7,6,4,4,2,CV-333,5.3,5,3,0,1,5,2,2,3,3,2,1,1,1,1,1,7,7,5,3,5,1,9,14,3,1,3,NaN,2,3,NaN,,NaN,,NaN,,NaN,NaN,NaN,NaN,1,4,1,2,1,1,1,1,1,1,1,1,1,1,1,1,1,2,1,2,1,1,715405.817,4390507.711,128.446,Pri,4265,0,0,0,21,1
19135,6,2010460000119,3,1,7,5,4,4,1,CV-365,0.2,0,2,0,1,5,3,2,3,4,2,2,2,2,2,2,7,7,8,3,1,4,9,14,3,1,1,NaN,1,NaN,NaN,,NaN,,NaN,,NaN,62,60,NaN,1,4,1,1,1,1,1,1,1,1,1,1,1,1,2,1,1,1,1,2,1,1,721501.627,4376617.573,36.809,Cob,38186,0,0,0,15,2
19136,6,2010460000132,3,1,11,6,1,4,1,CV-610,3,3,0,1,1,5,3,2,3,4,2,1,1,1,2,2,7,7,5,1,4,1,9,14,1,1,1,NaN,2,NaN,NaN,,21,24,NaN,,NaN,NaN,NaN,NaN,1,4,1,1,1,1,1,1,1,1,1,1,1,1,1,2,1,1,1,2,1,1,730965.974,4310846.588,200.263,Pri,8735,0,0,0,22,2
19139,6,2010460000133,3,1,10,1,7,3,3,CV-686,0.9,0,9,1,1,5,3,2,2,3,2,1,1,2,2,2,7,7,8,2,5,1,1,14,3,1,3,NaN,1,NaN,NaN,,NaN,,NaN,,NaN,NaN,NaN,71,1,4,1,1,1,1,1,1,1,1,1,1,1,1,1,2,1,1,1,2,1,1,743128.665,4315131.491,15.614,Cob,16972,0,0,0,3,2
19140,6,2010460000136,3,1,12,6,2,1,1,CV-35,20.6,20,6,0,1,5,3,2,3,3,2,2,2,2,2,2,7,7,8,3,5,1,9,14,3,1,1,NaN,2,NaN,NaN,,NaN,,NaN,,NaN,52,50,NaN,1,4,1,1,2,1,1,1,1,1,1,1,1,1,1,1,1,1,1,2,1,1,709135.535,4388447.738,126.638,Per,46733,0,0,0,21,1
19142,6,2010460000138,3,1,11,3,1,4,2,CV-33,5.8,5,8,1,1,5,3,2,3,4,2,2,2,1,2,2,7,7,8,1,1,1,9,14,3,1,3,NaN,2,4,NaN,,NaN,,NaN,,NaN,NaN,NaN,NaN,1,4,2,1,1,1,1,1,1,1,1,1,1,1,1,1,1,1,1,2,1,1,722809.671,4363630.089,-11.124,Sec,23236,0,0,0,7,1
19146,6,2010460000140,3,1,10,2,7,3,2,CV-40,19.8,19,8,0,1,2,3,2,3,4,2,2,2,2,2,2,5,6,8,1,5,9,2,14,3,1,3,NaN,2,NaN,NaN,,NaN,,NaN,,NaN,63,60,NaN,1,4,1,1,2,1,1,1,1,1,1,1,1,1,1,1,1,1,1,2,1,2,711138.28,4302116.555,326.249,Cob,17499,0,0,0,6,6
19148,6,2010460000152,3,1,12,5,2,1,2,CV-60,5.9,5,9,0,1,5,3,2,3,4,2,1,1,1,2,2,7,7,5,3,1,4,9,14,3,1,1,NaN,1,4,NaN,,NaN,,NaN,,NaN,NaN,NaN,NaN,1,4,2,1,1,1,1,1,2,1,1,1,1,1,1,1,1,1,1,2,1,1,715747.247,4308546.627,174.987,Cob,7046,0,0,0,16,2
19150,6,2010460000161,3,1,12,3,2,1,2,CV-35,8,8,0,1,1,2,3,2,3,4,2,2,2,2,2,2,1,6,7,1,1,1,9,14,1,1,1,NaN,1,4,NaN,,NaN,,NaN,,NaN,NaN,NaN,NaN,1,4,1,1,1,1,1,1,1,1,1,1,1,1,1,1,1,1,1,2,1,1,657700.159,4422076.53,1004.365,Per,101445,0,0,0,9,6
19153,6,2010460000162,3,1,13,6,3,1,3,CV-686,1.5,1,5,0,1,5,3,2,3,3,2,1,1,1,1,1,7,7,8,1,5,1,9,14,3,1,1,NaN,1,4,NaN,,NaN,,NaN,,NaN,NaN,NaN,NaN,1,4,2,1,1,1,1,1,2,1,1,1,1,1,1,1,1,1,1,2,1,1,742607.929,4314202.745,20.661,Cob,16972,0,0,0,21,1
19154,6,2010460000184,3,1,14,4,4,1,1,CV-42,9,9,0,0,1,5,3,2,3,1,2,1,1,1,1,1,7,7,8,1,1,8,9,14,3,1,1,NaN,1,NaN,NaN,,NaN,,12,9,NaN,NaN,NaN,NaN,1,4,1,1,1,1,1,1,1,1,1,1,1,1,2,1,1,1,1,2,1,1,722628.957,4345002.997,-6.507,Cob,6691,0,0,0,12,1
19155,6,2010460000185,3,1,14,6,4,1,1,CV-50,71.7,71,7,0,1,5,2,2,3,3,2,1,1,1,1,1,7,7,8,1,5,1,9,14,3,1,1,NaN,2,NaN,NaN,,21,24,NaN,,NaN,NaN,NaN,NaN,1,4,1,1,1,1,1,1,1,1,1,1,1,1,1,2,1,1,1,2,1,1,698381.455,4370924.493,223.411,Sec,5829,0,0,0,20,1
19157,6,2010460000199,3,1,14,3,4,1,2,CV-35,17.3,17,3,1,1,2,2,2,3,4,2,2,2,1,2,2,7,7,8,1,3,8,9,14,1,1,1,NaN,1,4,NaN,,NaN,,NaN,,NaN,NaN,NaN,NaN,1,4,2,1,1,1,1,1,2,1,1,1,1,1,1,1,1,1,1,1,3,3,662914.571,4416305.395,853.182,Per,45161,0,0,0,7,1
19158,6,2010460000204,3,1,16,6,6,2,1,CV-390,45.8,45,8,0,1,5,3,2,3,3,2,1,1,1,2,1,5,1,8,1,5,1,9,14,3,1,3,NaN,2,NaN,NaN,,NaN,,NaN,,NaN,54,50,NaN,1,4,2,1,1,1,1,1,1,1,1,1,1,1,1,1,1,1,1,2,1,1,654909.381,4383240.474,764.645,Cob,922,0,0,0,19,6
19159,6,2010460000209,3,1,17,4,7,3,1,CV-705,17.5,17,5,0,1,5,1,3,4,1,2,1,2,1,1,2,7,7,8,1,1,1,2,14,2,1,2,2,2,NaN,NaN,,NaN,,12,9,NaN,NaN,NaN,NaN,1,4,1,1,1,1,1,2,1,1,1,1,1,1,1,1,1,1,1,2,2,2,727745.025,4304312.653,354.787,Cob,168,0,1,0,11,5
19161,6,2010460000211,3,1,15,6,5,1,2,CV-610,1.5,1,5,0,1,5,3,1,3,4,2,1,2,1,2,2,7,7,5,1,5,1,9,14,3,1,1,NaN,2,4,NaN,,NaN,,NaN,,NaN,NaN,NaN,NaN,1,4,2,1,1,1,1,1,1,1,1,1,1,1,1,1,1,1,1,2,2,2,716807.02,4318949.354,79.925,Pri,8735,0,0,0,20,1
19162,6,2010460000229,3,1,13,4,3,1,1,CV-35,13,13,0,0,1,2,1,2,4,3,2,2,2,2,2,2,1,1,8,1,1,1,9,14,3,1,1,NaN,1,NaN,NaN,,NaN,,NaN,,56,NaN,50,NaN,1,4,2,2,1,1,1,2,1,1,1,1,1,1,1,1,1,1,1,2,1,1,714102.074,4383155.325,100.375,Per,100017,0,0,0,13,6
19164,6,2010460000233,3,1,15,3,5,1,2,CV-35,11,11,0,1,1,5,3,2,3,4,2,1,1,1,1,1,7,7,8,1,1,1,9,14,3,1,1,NaN,2,4,NaN,,NaN,,NaN,,NaN,NaN,NaN,NaN,2,4,2,1,1,1,1,1,1,1,1,1,1,1,1,1,1,1,1,2,1,1,660337.915,4420828.394,905.754,Per,96825,0,0,0,8,1
19166,6,2010460000251,3,1,15,6,5,1,2,CV-35,17.3,17,3,0,1,2,3,2,3,4,2,2,2,1,2,2,7,7,8,1,1,1,9,14,3,1,1,NaN,1,4,NaN,,NaN,,NaN,,NaN,NaN,NaN,NaN,1,4,1,1,1,1,1,1,2,1,1,1,1,1,1,1,1,1,1,2,1,1,711026.16,4386075.79,101.405,Per,45161,0,0,1,18,1
19168,6,2010460000260,3,1,19,3,2,1,2,CV-650,3.5,3,5,1,1,5,3,2,3,3,2,1,1,1,1,1,7,7,8,1,2,1,9,14,3,1,1,NaN,1,3,NaN,,NaN,,NaN,,NaN,NaN,NaN,NaN,1,4,1,1,1,1,1,1,2,1,1,1,1,1,1,1,1,1,1,2,1,1,709452.928,4303234.485,276.778,Cob,8077,0,0,0,7,1
19169,6,2010460000265,3,1,19,1,2,1,1,CV-35,73.2,73,2,1,1,2,3,3,3,3,2,1,1,1,1,1,1,4,3,3,5,1,9,14,1,1,3,NaN,2,NaN,NaN,,NaN,,NaN,,68,NaN,60,NaN,1,4,1,1,2,1,1,1,2,1,1,1,1,1,1,1,1,1,1,2,1,1,700685.653,4393148.046,181.767,Cob,1526,0,0,0,0,6
19170,6,2010460000270,3,1,16,5,6,2,1,CV-35,30.8,30,8,0,1,2,3,2,3,4,2,2,2,1,2,2,4,1,8,1,1,8,9,14,3,1,1,NaN,2,NaN,30,32,NaN,,NaN,,NaN,NaN,NaN,NaN,1,4,2,1,1,1,1,1,1,1,1,1,1,1,1,1,1,1,1,2,1,1,701674.114,4392488.366,167.998,Per,12087,0,0,0,15,6
19171,6,2010460000271,3,1,20,5,3,1,1,CV-650,0.1,0,1,0,1,5,3,1,3,5,2,1,2,1,1,1,5,1,4,1,1,1,9,14,2,1,1,NaN,2,NaN,NaN,,NaN,,NaN,,NaN,64,60,NaN,1,4,2,1,1,1,1,1,1,1,1,1,1,1,1,1,1,1,1,2,1,1,710729.352,4304675.799,295.347,Cob,8077,0,0,0,16,6
19172,6,2010460000274,3,1,16,6,6,2,1,CV-35,23.8,23,8,1,1,2,3,2,3,3,2,2,2,2,2,2,7,7,8,1,3,1,8,14,3,1,1,NaN,1,NaN,NaN,,NaN,,NaN,,NaN,61,60,NaN,1,4,2,1,1,1,1,1,1,1,1,1,1,1,1,1,1,1,1,2,1,1,663193.618,4411082.597,854.657,Per,29736,0,0,0,18,2
19174,6,2010460000276,3,1,20,4,3,1,2,CV-686,3.5,3,5,0,1,5,3,2,3,4,2,1,1,1,1,1,5,1,4,1,1,1,9,14,2,1,1,NaN,1,2,NaN,,NaN,,NaN,,NaN,NaN,NaN,NaN,1,4,2,1,1,1,1,1,1,1,1,1,1,1,1,1,1,1,1,2,2,1,743608.789,4315901.824,7.837,Cob,16972,0,0,1,12,6
19176,6,2010460000278,3,1,18,4,1,1,1,CV-500,1.5,1,5,0,1,5,3,2,3,4,2,2,1,1,2,1,7,7,8,1,1,1,9,14,3,1,1,NaN,1,NaN,NaN,,NaN,,NaN,,NaN,52,50,NaN,1,4,1,1,1,1,1,1,1,1,1,1,1,1,1,1,1,1,2,2,1,1,729169.708,4368940.953,-7.137,Pri,17182,0,0,0,12,1
19177,6,2010460000282,3,1,18,6,1,1,1,CV-35,54.2,54,2,1,1,2,3,2,3,3,2,1,1,1,2,1,7,7,8,3,4,4,9,14,3,1,1,NaN,1,NaN,NaN,,NaN,,NaN,,NaN,64,60,NaN,3,4,1,1,1,1,1,1,1,1,1,1,1,1,1,2,1,1,1,2,1,2,683514.088,4396592.059,361.239,Sec,2665,0,0,0,21,1
19179,6,2010460000307,3,1,21,3,4,1,2,CV-60,33.8,33,8,0,1,5,3,2,3,4,2,2,2,1,2,2,7,7,8,1,1,1,9,14,3,1,1,NaN,2,3,NaN,,NaN,,NaN,,NaN,NaN,NaN,NaN,1,4,1,1,1,1,1,1,2,1,1,1,1,1,1,1,1,1,1,2,1,1,740461.085,4313935.305,45.523,Pri,15938,0,0,0,9,1
19181,6,2010460000314,3,1,22,3,5,1,2,CV-81,8.3,8,3,1,1,5,3,2,3,4,2,1,2,1,1,1,7,7,8,1,1,1,9,14,1,1,1,NaN,2,4,NaN,,NaN,,NaN,,NaN,NaN,NaN,NaN,1,4,1,1,1,1,1,1,2,1,1,1,1,1,1,1,1,1,1,2,1,2,680845.674,4278267.393,461.4,Cob,5142,0,0,2,10,1
19182,6,2010460000324,3,1,23,2,6,2,1,CV-60,32,32,0,0,1,5,3,2,3,3,2,1,1,1,1,1,5,6,4,1,3,1,9,14,1,1,1,NaN,2,NaN,NaN,,NaN,,12,9,NaN,NaN,NaN,NaN,1,4,1,1,1,1,1,2,1,1,1,1,1,1,1,1,1,1,1,2,1,1,738699.187,4313399.352,61.287,Pri,15938,0,0,1,6,6
19184,6,2010460000326,3,1,21,2,4,1,2,CV-410,4.8,4,8,1,1,5,1,2,3,1,2,1,1,1,1,1,5,1,8,1,1,1,9,14,3,1,1,NaN,1,3,NaN,,NaN,,NaN,,NaN,NaN,NaN,NaN,1,4,1,1,1,1,1,1,2,1,1,1,1,1,1,1,1,1,1,2,1,1,718219.774,4369761.324,26.616,Pri,26958,0,0,0,5,6
19185,6,2010460000333,3,1,24,5,7,3,1,CV-81,0.6,0,6,0,1,5,2,3,3,3,2,1,1,1,2,1,7,7,4,3,1,4,9,14,1,1,1,NaN,2,NaN,NaN,,NaN,,NaN,,NaN,51,50,NaN,1,4,1,1,1,1,1,2,1,1,1,1,1,1,1,1,1,1,1,2,1,2,711617.387,4301405.511,332,Cob,19686,0,0,0,15,1
19186,6,2010460000346,3,1,24,4,7,3,1,CV-81,0.1,0,1,0,1,5,1,3,3,4,2,1,1,1,2,1,7,7,8,3,1,4,9,14,1,1,1,NaN,1,NaN,NaN,,NaN,,NaN,,56,NaN,50,NaN,1,4,1,1,1,1,1,2,1,1,1,1,1,1,1,1,1,1,1,2,1,1,712016.169,4301165.965,319.086,Cob,19686,0,0,1,12,3
19188,6,2010460000354,3,1,25,3,1,1,2,CV-35,18.3,18,3,1,1,5,3,2,3,4,2,2,2,2,2,2,7,7,8,1,1,1,9,14,1,1,1,NaN,1,NaN,NaN,,NaN,,NaN,,NaN,52,50,NaN,1,4,1,1,1,1,1,1,1,1,1,1,1,1,1,1,1,2,1,2,2,2,663512.913,4415799.33,825.71,Per,46733,0,1,1,8,2
19190,6,2010460000356,3,1,25,3,1,4,1,CV-36,6,6,0,1,1,2,3,2,3,4,2,2,2,1,2,2,7,7,8,3,1,4,9,14,3,1,1,NaN,1,NaN,30,30,NaN,,NaN,,NaN,NaN,NaN,NaN,1,4,1,1,2,1,1,2,1,1,1,1,1,1,1,1,1,1,1,2,1,1,721983.89,4369453.095,4.9,Cob,27278,0,0,0,9,2
19192,6,2010460000358,3,1,22,4,5,1,2,CV-400,2,2,0,1,1,5,3,2,3,3,2,2,2,1,2,2,5,1,8,1,1,1,9,14,3,1,1,NaN,2,3,NaN,,NaN,,NaN,,NaN,NaN,NaN,NaN,1,4,1,1,1,1,1,1,2,1,1,1,1,1,1,1,1,1,1,2,1,1,723067.319,4365593.946,-4.043,Pri,30802,0,0,0,11,6
19195,6,2010460000369,3,1,21,5,4,1,2,CV-35,9.1,9,1,1,1,2,3,2,4,4,2,2,2,1,2,2,7,7,8,1,1,1,9,14,3,1,1,NaN,1,3,NaN,,NaN,,NaN,,NaN,NaN,NaN,NaN,1,4,1,1,1,1,1,1,2,1,1,1,1,1,1,1,1,1,1,2,1,1,658670.914,4421665.557,949.739,Per,63963,0,0,0,16,1
19197,6,2010460000373,3,1,21,6,4,1,2,CV-36,1,1,0,0,1,2,3,2,3,5,2,2,2,1,2,2,7,7,8,1,3,1,9,14,3,1,3,NaN,2,4,NaN,,NaN,,NaN,,NaN,NaN,NaN,NaN,1,4,2,1,1,1,1,1,1,1,1,1,1,1,1,1,1,1,1,2,1,1,717149.67,4369525.478,40.745,Pri,70764,0,0,0,22,1
19198,6,2010460000383,3,1,25,3,1,1,1,CV-81,8.1,8,1,0,1,5,3,2,3,3,2,1,1,1,2,2,7,7,8,3,1,4,9,14,1,1,1,NaN,2,NaN,NaN,,NaN,,NaN,,67,NaN,60,NaN,1,4,1,1,1,1,1,2,1,2,1,1,1,1,1,1,1,1,1,2,1,1,708230.319,4297151.946,402.379,Cob,5142,0,0,0,9,2
19199,6,2010460000401,3,1,26,4,2,1,1,CV-40,10.3,10,3,1,1,2,3,2,3,4,2,2,2,1,2,1,5,1,8,3,1,4,9,14,3,1,1,NaN,1,NaN,NaN,,NaN,,NaN,,NaN,64,60,NaN,1,4,1,1,1,1,1,1,2,1,1,1,2,1,1,1,1,1,1,2,1,1,710208.661,4306334.239,237.256,Per,22401,0,0,1,13,6
19201,6,2010460000441,3,1,26,3,2,1,2,CV-40,22.1,22,1,0,1,2,3,2,3,4,2,2,2,1,2,2,7,7,8,3,1,5,4,14,3,1,1,NaN,1,2,NaN,,NaN,,NaN,,NaN,NaN,NaN,NaN,1,4,1,1,1,1,1,2,1,1,1,1,1,1,1,1,1,1,1,2,1,1,712895.884,4301058.726,308.306,Cob,14297,0,0,0,7,1
19202,6,2010460000456,3,1,26,5,2,1,1,CV-40,5.8,5,8,0,1,2,3,2,3,3,2,2,2,1,2,2,7,7,8,3,1,4,9,14,2,1,1,NaN,2,NaN,NaN,,NaN,,NaN,,NaN,64,60,NaN,1,4,1,1,1,1,1,2,1,1,1,1,1,1,1,1,1,1,1,2,1,2,710912.672,4314875.723,136.716,Per,22401,0,0,0,15,2
19203,6,2010460000460,3,1,26,4,2,1,1,CV-400,4.8,4,8,0,1,5,2,2,3,4,2,1,1,1,1,1,5,1,4,1,1,9,9,14,1,1,1,NaN,1,NaN,NaN,,NaN,,NaN,,NaN,64,60,NaN,1,4,2,1,1,1,1,1,1,1,1,1,1,1,1,1,1,1,1,2,1,1,722844.154,4365279.696,-6.099,Cob,13630,0,0,0,14,6
19205,6,2010460000466,3,1,26,6,2,1,2,CV-50,27,27,0,1,1,5,3,2,3,3,2,2,2,1,2,2,7,7,8,1,5,1,9,14,3,1,1,NaN,1,4,NaN,,NaN,,NaN,,NaN,NaN,NaN,NaN,1,4,2,1,1,1,1,1,1,1,1,1,1,1,1,1,1,1,1,2,1,2,699603.258,4366257.867,218.065,Sec,21227,0,0,0,22,2
19206,6,2010460000468,3,1,24,3,7,3,1,CV-33,4.5,4,5,0,1,5,3,2,3,5,2,2,2,1,2,2,7,7,8,1,1,1,9,14,3,1,3,NaN,2,NaN,NaN,,NaN,,NaN,,NaN,62,60,NaN,1,4,1,1,1,1,1,1,2,1,1,1,1,1,1,1,1,1,1,2,1,1,721059.239,4365755.231,6.721,Sec,23236,0,0,0,10,1
19207,6,2010460000473,3,1,23,5,6,2,1,CV-35,3.5,3,5,0,1,2,3,2,3,4,2,2,2,1,2,2,7,7,5,1,1,1,9,14,3,1,3,NaN,2,NaN,NaN,,NaN,,NaN,,NaN,64,60,NaN,1,4,1,1,1,1,1,1,1,1,1,1,1,1,1,1,1,2,1,2,1,1,721004.664,4377121.261,41.494,Per,125487,0,0,0,15,2
19209,6,2010460000478,3,1,25,3,1,4,2,CV-35,14.5,14,5,1,1,2,3,2,3,4,2,2,2,2,2,2,7,7,8,3,2,4,9,14,3,1,1,NaN,1,3,NaN,,NaN,,NaN,,NaN,NaN,NaN,NaN,2,4,1,2,1,1,1,1,1,1,1,1,1,1,1,1,1,1,1,2,1,1,662539.606,4418955.073,912.931,Per,82145,0,0,0,7,1
19212,6,2010460000483,3,1,25,3,1,1,3,CV-35,5.5,5,5,1,1,2,3,2,3,4,2,2,2,2,2,2,7,7,5,3,2,4,9,14,3,1,3,NaN,2,5,NaN,,NaN,,NaN,,NaN,NaN,NaN,NaN,2,4,1,1,1,1,1,1,2,1,1,1,1,1,1,1,1,1,1,2,1,1,656155.285,4423077.166,942.697,Per,87553,0,0,0,8,1
19214,6,2010460000485,3,1,25,3,1,1,2,CV-35,14.5,14,5,1,1,5,3,2,3,4,2,2,2,2,2,2,7,7,8,3,2,4,9,14,3,1,1,NaN,1,4,NaN,,NaN,,NaN,,NaN,NaN,NaN,NaN,2,4,2,1,1,1,1,1,2,2,1,1,1,1,1,1,1,1,1,2,1,1,662539.606,4418955.073,912.931,Per,82145,0,0,0,7,1
19215,6,2010460000487,3,1,26,6,2,1,1,CV-410,2.1,2,1,1,1,5,3,2,3,5,2,2,2,1,2,2,7,7,6,1,4,1,9,14,1,1,3,NaN,2,NaN,NaN,,21,21,NaN,,NaN,NaN,NaN,NaN,1,4,2,1,1,1,1,1,2,1,1,1,1,1,1,1,1,1,1,2,1,1,717222.489,4371648.392,32.378,Cob,23707,0,0,1,19,1
19217,6,2010460000489,3,1,27,3,3,1,2,CV-41,4,4,0,1,1,5,3,2,3,3,2,1,1,1,1,1,7,7,5,3,1,4,9,13,1,1,1,NaN,2,4,NaN,,NaN,,NaN,,NaN,NaN,NaN,NaN,1,4,1,1,1,1,1,1,2,1,1,1,1,1,1,1,1,1,1,2,1,1,715875.455,4322596.637,47.571,Cob,12732,0,0,0,8,1
19220,6,2010460000497,3,1,25,6,1,4,3,CV-35,3.5,3,5,1,1,2,3,2,3,5,2,2,2,1,2,2,7,7,8,3,3,4,9,14,3,1,3,NaN,2,5,NaN,,NaN,,NaN,,NaN,NaN,NaN,NaN,3,4,1,1,1,1,1,1,1,1,1,1,1,1,2,1,1,1,1,2,2,1,654507.777,4422863.684,906.357,Per,125487,0,0,0,19,1
19223,6,2010460000499,3,1,25,6,1,4,3,CV-35,3.5,3,5,1,1,2,3,2,3,5,2,2,2,1,2,2,7,7,8,3,3,4,9,14,3,1,3,NaN,2,5,NaN,,NaN,,NaN,,NaN,NaN,NaN,NaN,3,4,1,1,1,1,1,1,1,1,1,1,1,1,2,1,1,1,1,2,2,1,654507.777,4422863.684,906.357,Per,125487,0,0,0,18,1
19225,6,2010460000500,3,1,25,5,1,4,1,CV-35,9,9,0,1,1,2,3,2,3,4,2,2,2,1,2,2,7,7,8,3,1,4,9,14,3,1,1,NaN,1,NaN,NaN,,NaN,,NaN,,NaN,NaN,NaN,71,1,4,1,1,1,1,1,1,1,1,1,1,1,1,2,1,1,1,1,2,1,1,658497.987,4421757.959,958.721,Per,63963,0,0,0,15,2
19226,6,2010460000506,3,1,28,4,4,1,1,CV-40,11.6,11,6,0,1,2,3,2,3,4,2,2,2,1,2,2,7,7,7,1,1,1,9,14,3,1,1,NaN,2,NaN,NaN,,NaN,,NaN,,66,NaN,60,NaN,1,4,2,1,2,1,1,1,1,1,1,1,1,1,1,1,1,1,1,2,1,2,710277.459,4309979.68,296.133,Cob,20131,0,0,1,11,2
19228,6,2010460000507,3,1,28,6,4,1,2,CV-50,40.6,40,6,0,2,5,3,2,3,1,2,1,1,1,1,1,1,4,3,1,3,1,9,14,1,1,1,NaN,2,2,NaN,,NaN,,NaN,,NaN,NaN,NaN,NaN,1,4,1,1,1,1,1,1,2,1,1,1,1,1,1,1,1,1,1,2,1,1,709404.793,4349698.246,68.261,Pri,2544,0,1,0,20,6