Id,Ano,Numero_Accidente,Provincia,Mes,Dia,Hora,Dia_Semana,Tipo_Dia,Vehiculos_Implicados,Carretera,Pk,Km,Hm,Sentido,Zona,Tipo_Via,Anchura_Calzada,Anchura_Carril,Marcas_Viales,Arcen,Arcen_Pavimentado,Mediana,Barrera_Seguridad,Paneles_Direccionales,Hitos_Arista,Captafaros,Interseccion_Tipo,Interseccion_Acondicionamiento,Prioridad_Regulada_por,Superficie,Luminosidad,Factores_Atmosfericos,Visibilidad_Restringida_por,Otras_Circunstancias,Senalizacion_Peligro,Aceras,Arboles,Arboles_Metros_Calzada,Visibilidad_Senalizacion_Vertical,Colision_Vehiculos_Marcha,Colision_Vehiculo_Obstaculo_1,Colision_Vehiculo_Obstaculo_2,Atropello_1,Atropello_2,Vuelco_1,Vuelco_2,Salida_Sin_Colision,Salida_Con_Colision,Lado_Salida,Otro,Circulacion,Circulacion_Medidas_Especiales,Distraccion,Inexperiencia_Conductor,Alcohol_Drogas,Cansancio_Sueno,Enfermedad,Velocidad_Inadecuada,Infraccion_Norma_Circulacion,Estado_Condicion_Via,Estado_Condicion_Senalizacion,Tramo_Obras,Mal_Estado_Vehiculo,Averia_Mecanica,Meteorologia_Adversa,Irrupcion_Animal,Circular_Sentido_Contrario,Otro_Factor,Sin_Opinion_Definida,Pendiente,Curvatura,Peralte,GPS_x,GPS_y,GPS_z,Tipo_Est,IMD,N_Muertos,N_Graves,N_Leves,Hora_Real,Fuera_o_Interseccion
19230,6,2010460000509,3,1,28,3,4,1,2,CV-610,12.8,12,8,0,1,5,2,3,3,1,2,1,1,1,1,1,7,7,8,4,1,1,2,14,3,1,1,NaN,1,1,NaN,,NaN,,NaN,,NaN,NaN,NaN,NaN,1,4,1,1,1,1,1,2,1,2,1,1,1,1,1,1,1,1,1,2,1,1,724687.341,4314627.741,196.253,Cob,4552,0,0,1,8,2
19231,6,2010460000510,3,1,28,3,4,1,1,CV-610,13.9,13,9,1,1,5,2,3,3,1,2,1,2,2,2,1,7,7,8,4,1,1,2,14,1,1,1,NaN,2,NaN,NaN,,NaN,,NaN,,NaN,64,60,NaN,1,4,1,1,1,1,1,1,1,2,1,1,1,1,1,1,1,1,1,2,1,2,723491.231,4315586.228,183.618,Cob,2912,0,0,0,9,4
19233,6,2010460000561,3,1,29,4,5,1,2,CV-36,2.5,2,5,1,1,2,3,2,3,3,2,2,2,2,2,2,7,7,8,1,1,1,9,14,3,1,1,NaN,1,4,NaN,,NaN,,NaN,,NaN,NaN,NaN,NaN,2,4,2,1,1,1,1,2,1,1,1,1,1,1,1,1,1,1,1,2,1,2,718901.738,4369335.509,18.29,Pri,70764,0,0,0,12,1
19235,6,2010460000565,3,1,28,5,4,1,2,CV-50,37.5,37,5,1,1,5,2,2,3,3,2,1,1,2,1,1,1,1,5,1,1,1,9,14,3,1,1,NaN,2,NaN,NaN,,NaN,,NaN,,NaN,NaN,NaN,71,1,4,2,1,1,1,1,1,2,1,1,1,1,1,1,1,1,1,1,2,1,1,702193.128,4360071.572,197.378,Cob,5091,0,0,1,15,6
19245,6,2010460000572,3,1,29,3,5,1,2,CV-35,9,9,0,0,1,5,2,2,3,4,2,2,2,2,2,2,7,7,8,1,1,1,9,14,2,1,1,NaN,1,3,NaN,,NaN,,NaN,,NaN,NaN,NaN,NaN,1,4,2,1,1,1,1,1,1,1,1,1,1,1,1,1,1,1,1,2,1,1,717369.299,4381014.853,95.977,Per,63963,0,0,0,8,1
19247,6,2010460000585,3,1,27,3,3,1,2,CV-410,5,5,0,1,1,5,3,2,3,3,2,2,1,1,1,1,5,1,8,1,1,9,9,14,2,1,1,NaN,1,3,NaN,,NaN,,NaN,,NaN,NaN,NaN,NaN,1,4,1,1,1,1,1,1,1,1,1,1,1,1,1,1,1,1,2,2,1,1,718411.522,4369798.371,25.715,Pri,26958,0,0,0,10,6
19249,6,2010460000587,3,2,1,5,1,1,2,CV-81,1.2,1,2,1,1,5,3,2,3,3,2,1,1,1,2,2,5,1,4,1,1,1,9,14,1,1,1,NaN,2,4,NaN,,NaN,,NaN,,NaN,NaN,NaN,NaN,1,4,2,1,1,1,1,1,1,1,1,1,1,1,1,1,1,1,1,2,1,1,673980.674,4277133.272,527.466,Cob,19686,0,0,0,16,6
19253,6,2010460000598,3,1,31,4,7,3,2,CV-35,16,16,0,0,1,2,3,2,3,4,2,2,2,1,2,2,7,7,5,1,1,1,9,14,3,1,3,NaN,2,3,NaN,,NaN,,NaN,,NaN,NaN,NaN,NaN,1,4,1,1,1,1,1,1,1,1,1,1,1,1,1,1,1,2,1,2,1,1,711685.092,4384877.705,80.474,Per,64465,0,0,0,12,1
19256,6,2010460000613,3,1,31,6,7,3,2,CV-41,16,16,0,0,1,5,2,2,3,3,2,1,2,1,2,1,7,7,8,1,4,1,9,14,1,1,1,NaN,1,3,NaN,,NaN,,NaN,,NaN,NaN,NaN,NaN,1,4,1,1,2,1,1,1,1,1,1,1,1,1,1,1,1,1,1,2,1,1,716209.158,4323089.649,57.76,Cob,8237,0,0,0,18,1
19257,6,2010460000614,3,1,31,1,7,3,1,CV-33,2,2,0,0,1,5,3,2,3,3,2,1,1,1,1,1,7,7,8,1,4,1,9,14,3,1,1,NaN,1,NaN,NaN,,NaN,,NaN,,NaN,54,50,NaN,1,4,1,1,1,1,1,1,1,1,1,1,1,1,1,1,1,1,2,2,1,1,716836.78,4372651.093,38.659,Cob,20548,0,0,0,4,2
19258,6,2010460000625,3,2,3,4,3,1,1,CV-81,9.9,9,9,0,1,5,3,2,3,3,2,1,2,2,2,1,7,7,8,1,1,1,9,14,1,1,1,NaN,2,NaN,NaN,,NaN,,NaN,,NaN,62,60,NaN,1,4,1,1,1,1,1,2,1,1,1,1,1,1,1,1,1,1,1,2,2,2,708831.681,4296493.559,483.073,Cob,5142,0,0,0,11,5
19259,6,2010460000634,3,2,1,6,1,4,1,CV-36,2.5,2,5,0,1,2,3,2,3,4,2,2,2,1,2,2,7,7,8,1,3,1,9,14,3,1,1,NaN,1,NaN,NaN,,NaN,,NaN,,NaN,54,50,NaN,1,4,1,1,1,1,1,2,1,1,1,1,1,1,1,1,1,1,1,2,1,1,715691.706,4369349.42,39.923,Pri,70764,0,0,1,22,1
19261,6,2010460000638,3,2,4,4,4,1,1,CV-645,0.9,0,9,0,1,5,3,2,3,3,2,1,2,2,1,1,5,1,4,1,1,1,9,14,1,1,1,NaN,2,NaN,NaN,,NaN,,NaN,,NaN,51,50,NaN,1,4,1,1,1,1,1,2,1,1,1,1,1,1,1,1,1,1,1,2,2,2,711384.762,4316656.807,115.741,Cob,11941,0,0,0,13,6
19263,6,2010460000642,3,2,2,4,2,1,2,CV-35,17,17,0,0,1,2,3,2,3,3,2,2,2,2,2,2,5,1,5,1,1,1,9,14,3,1,3,NaN,2,3,NaN,,NaN,,NaN,,NaN,NaN,NaN,NaN,1,4,1,2,1,1,1,1,2,1,1,1,1,1,1,1,1,1,1,2,1,1,711149.502,4385700.71,92.42,Per,64465,0,0,0,14,6
19264,6,2010460000674,3,2,5,1,5,1,1,CV-35,28.1,28,1,0,1,2,3,2,3,4,2,2,2,2,2,2,7,7,8,3,3,1,9,14,2,1,1,NaN,1,NaN,NaN,,NaN,,NaN,,NaN,64,60,NaN,1,4,1,1,1,1,1,1,1,1,1,1,1,1,1,1,1,1,2,2,1,1,703811.513,4391059.67,147.525,Per,13961,0,0,1,0,1
19265,6,2010460000676,3,2,4,5,4,1,1,CV-35,5.8,5,8,1,1,2,3,2,3,4,2,2,2,2,2,2,7,7,8,3,1,4,9,14,1,1,1,NaN,1,NaN,NaN,,NaN,,NaN,,NaN,54,50,NaN,1,4,1,1,1,1,1,1,1,2,1,1,1,1,1,1,1,1,1,2,1,1,656419.085,4423018.996,946.871,Per,102677,0,0,0,16,2
19266,6,2010460000679,3,2,6,1,6,2,1,CV-60,29,29,0,0,1,5,3,2,3,4,2,2,2,1,2,2,7,7,8,1,4,1,9,14,3,1,1,NaN,1,NaN,NaN,,21,24,NaN,,NaN,NaN,NaN,NaN,1,4,1,1,1,1,1,1,1,1,1,1,1,1,1,2,1,1,1,2,1,1,736523.092,4311482.807,139.398,Cob,12885,0,0,0,0,1
19268,6,2010460000688,3,2,6,5,6,2,1,CV-40,3.8,3,8,0,1,2,3,2,3,4,2,2,2,1,2,2,7,7,8,1,1,1,9,14,3,1,1,NaN,2,NaN,NaN,,NaN,,NaN,,NaN,52,50,NaN,1,4,1,1,1,1,1,1,1,1,1,1,1,2,1,1,1,1,1,2,1,1,711042.073,4316778.499,111.184,Per,22401,0,0,0,15,1
19269,6,2010460000689,3,2,6,5,6,2,1,CV-60,13.5,13,5,1,1,5,3,2,3,4,2,1,2,1,2,2,7,7,8,1,1,1,9,14,3,1,1,NaN,2,NaN,NaN,,NaN,,NaN,,NaN,64,60,NaN,1,4,1,1,1,1,1,1,1,1,1,1,1,1,1,1,1,1,2,2,1,1,733239.854,4309899.747,169.957,Cob,9493,0,0,0,16,1
19271,6,2010460000713,3,2,6,6,6,2,2,CV-35,72.7,72,7,0,1,2,3,2,3,3,2,1,1,1,1,1,7,7,8,1,5,1,9,14,3,1,1,NaN,1,4,NaN,,NaN,,NaN,,NaN,NaN,NaN,NaN,1,4,2,1,1,1,1,1,1,1,1,1,1,1,1,1,1,1,1,2,1,1,667055.958,4405233.349,570.395,Cob,2261,0,0,0,19,1
19272,6,2010460000716,3,2,4,4,4,1,1,CV-35,4,4,0,1,1,2,3,2,3,3,2,2,2,2,2,2,7,7,8,3,1,4,9,14,1,1,1,NaN,1,NaN,NaN,,NaN,,NaN,,NaN,54,50,NaN,1,4,1,1,1,1,1,2,1,2,1,1,1,1,1,1,1,1,1,2,2,2,654769.303,4422941.759,930.62,Per,125487,0,0,0,14,5
19273,6,2010460000727,3,2,9,1,2,1,1,CV-585,5.8,5,8,1,1,5,3,2,3,3,2,1,1,2,1,1,7,7,8,1,5,1,9,14,1,1,1,NaN,2,NaN,NaN,,NaN,,NaN,,NaN,63,60,NaN,1,4,1,1,1,1,1,2,1,1,1,1,1,1,1,1,1,1,1,2,1,1,704430.668,4319320.887,217.399,Cob,3286,0,2,0,3,2
19274,6,2010460000730,3,2,7,2,7,3,1,CV-500,6.5,6,5,0,1,5,3,2,3,3,2,2,2,2,2,2,5,1,8,1,3,1,9,14,3,1,1,NaN,1,NaN,NaN,,NaN,,NaN,,NaN,64,60,NaN,1,4,2,1,1,1,1,2,1,1,1,1,1,1,1,1,1,1,1,2,1,1,729660.794,4364143.905,-17.925,Cob,19012,0,0,0,6,6
19277,6,2010460000764,3,2,9,6,2,1,3,CV-35,3,3,0,1,1,2,3,3,3,4,2,2,2,1,2,2,7,7,8,1,3,9,9,14,2,1,1,NaN,2,4,NaN,,NaN,,NaN,,NaN,NaN,NaN,NaN,2,4,2,1,1,1,1,1,1,1,1,1,1,1,1,1,1,1,1,2,1,1,654462.088,4422571.739,887.738,Per,125487,0,0,1,20,1
19279,6,2010460000783,3,1,31,4,7,3,2,CV-35,21.5,21,5,0,1,5,2,2,3,4,2,2,2,2,2,2,7,7,5,1,1,1,9,13,2,1,1,NaN,1,3,NaN,,NaN,,NaN,,NaN,NaN,NaN,NaN,1,4,1,1,1,1,1,1,2,1,1,1,1,1,1,1,1,1,1,2,1,1,708272.715,4388627.305,123.541,Per,46733,0,0,1,12,5
19282,6,2010460000795,3,2,8,3,1,4,3,CV-50,29.1,29,1,1,1,5,3,2,3,3,2,1,1,1,1,1,7,7,8,3,1,4,9,14,2,1,1,NaN,1,4,NaN,,NaN,,NaN,,NaN,NaN,NaN,NaN,1,4,2,1,1,1,1,1,1,1,1,1,1,1,2,1,1,1,1,2,1,1,699062.424,4364336.846,240.529,Cob,12832,0,0,0,8,1
19285,6,2010460000809,3,2,10,4,3,1,2,CV-32,9.4,9,4,1,1,5,3,2,3,4,2,1,2,2,2,1,5,1,5,1,1,1,9,14,3,1,3,NaN,2,3,NaN,,NaN,,NaN,,NaN,NaN,NaN,NaN,1,4,1,1,1,1,1,1,2,1,1,1,1,1,1,1,1,1,1,2,2,2,731638.894,4381737.592,-17.674,NaN,0,0,0,0,13,6
19286,6,2010460000812,3,2,11,4,4,1,1,CV-81,11.5,11,5,1,1,5,3,2,3,3,2,1,1,1,1,1,7,7,8,1,1,1,9,14,1,1,1,NaN,2,NaN,NaN,,NaN,,12,9,NaN,NaN,NaN,NaN,1,4,1,1,1,1,1,2,1,1,1,1,1,1,1,1,1,1,1,2,1,1,683937.127,4278519.009,485.567,Cob,5142,0,0,0,12,2
19292,6,2010460000837,3,2,13,6,6,2,4,CV-35,17,17,0,0,1,2,3,2,3,4,2,2,2,1,2,1,7,7,8,3,3,9,9,14,3,1,1,NaN,1,5,NaN,,NaN,,NaN,,NaN,NaN,NaN,NaN,1,4,1,1,1,1,1,1,2,1,1,1,1,1,1,1,1,1,1,2,1,1,711149.502,4385700.71,92.42,Per,64465,0,0,3,20,1
19295,6,2010460000839,3,2,11,3,4,1,3,CV-35,8.3,8,3,0,1,2,3,2,3,4,2,2,2,2,2,2,7,7,8,1,1,1,9,14,2,1,1,NaN,1,5,NaN,,NaN,,NaN,,NaN,NaN,NaN,NaN,1,4,2,1,1,1,1,1,1,1,1,1,1,1,1,1,1,1,1,2,1,1,717997.993,4380723.919,91.675,Per,101445,0,0,0,8,1
19298,6,2010460000846,3,2,14,6,7,3,1,CV-590,56.7,56,7,0,1,5,2,3,3,4,2,1,1,1,2,1,7,7,8,1,5,1,2,14,1,1,1,NaN,2,NaN,NaN,,21,24,NaN,,NaN,NaN,NaN,NaN,1,4,1,1,1,1,1,1,1,1,1,1,1,1,1,2,1,1,1,2,1,1,706137.93,4320984.086,165.438,Sec,6608,0,0,0,20,5
19300,6,2010460000855,3,2,12,6,5,1,2,CV-42,0.9,0,9,1,1,5,3,2,3,4,2,2,1,1,2,1,5,1,8,1,1,1,9,14,1,1,1,NaN,2,3,NaN,,NaN,,NaN,,NaN,NaN,NaN,NaN,1,4,1,1,1,1,1,1,2,1,1,1,1,1,1,1,1,1,1,2,1,2,723479.665,4354175.336,-5.956,Sec,11858,0,0,0,17,6
19304,6,2010460000860,3,2,12,6,5,1,2,CV-403,1.9,1,9,0,1,5,3,2,3,4,2,1,2,1,2,2,7,7,8,1,1,1,9,3,3,1,3,NaN,2,1,NaN,,NaN,,NaN,,NaN,NaN,NaN,NaN,1,4,2,1,1,1,1,1,1,1,1,1,1,1,1,1,1,1,1,2,1,1,719699.667,4371338.642,30.593,Cob,18369,0,0,4,17,1
19305,6,2010460000882,3,2,15,4,1,1,1,CV-41,9.3,9,3,0,1,5,3,2,3,4,2,1,2,1,2,2,5,1,8,3,3,1,9,14,3,1,1,NaN,2,NaN,30,30,NaN,,NaN,,NaN,NaN,NaN,NaN,1,4,1,1,1,1,1,2,1,1,1,1,1,1,1,1,1,1,1,2,1,1,717612.546,4328804.032,15.225,Sec,7348,0,0,0,11,6
19307,6,2010460000883,3,2,15,3,1,4,2,CV-686,0,0,0,1,1,5,2,2,3,3,2,1,2,1,2,2,5,3,4,3,1,4,9,14,1,1,3,NaN,2,2,NaN,,NaN,,NaN,,NaN,NaN,NaN,NaN,1,4,1,1,1,1,1,1,2,1,1,1,1,1,1,1,1,1,1,2,2,1,743544.593,4315914.786,8.187,Cob,16972,0,0,0,9,6
19308,6,2010460000885,3,2,13,4,6,2,1,CV-32,6,6,0,0,1,5,3,2,3,4,2,1,2,1,2,2,5,6,8,3,1,4,9,14,3,1,1,NaN,2,NaN,NaN,,NaN,,NaN,,68,NaN,60,NaN,1,4,1,1,1,1,1,1,1,1,1,1,1,1,2,1,1,1,1,2,1,1,727621.009,4384241.212,2.473,Sec,13950,0,0,0,11,6
19309,6,2010460000904,3,2,13,2,6,2,1,CV-35,20.3,20,3,0,1,2,3,2,3,4,2,2,2,2,2,2,7,7,8,1,5,1,9,14,3,1,1,NaN,1,NaN,NaN,,21,24,NaN,,NaN,NaN,NaN,NaN,1,4,1,1,1,1,1,1,1,1,1,1,1,1,1,2,1,1,1,2,1,1,709315.613,4388364.333,126.147,Per,46733,0,0,0,5,1
19312,6,2010460000910,3,2,16,5,2,1,2,CV-60,19.1,19,1,0,1,5,3,2,3,5,2,1,2,1,2,2,7,7,8,3,1,3,4,3,3,1,3,NaN,2,2,NaN,,NaN,,NaN,,NaN,NaN,NaN,NaN,1,4,1,1,1,1,1,1,1,1,1,1,1,1,1,1,1,1,2,2,1,1,728230.318,4307209.538,281.615,Cob,8507,1,1,2,15,1
19313,6,2010460000918,3,2,16,3,2,1,1,CV-40,12,12,0,1,1,2,1,3,3,3,2,1,2,2,2,1,5,1,8,3,1,3,9,14,3,1,1,NaN,1,NaN,NaN,,NaN,,NaN,,68,NaN,60,NaN,1,4,1,1,1,1,1,2,1,1,1,1,1,1,1,1,1,1,1,2,1,1,710161.142,4308008.539,267.624,Cob,20131,0,0,0,10,6
19314,6,2010460000925,3,2,16,3,2,1,1,CV-42,2.7,2,7,0,1,5,3,2,3,3,2,1,1,1,2,1,7,7,5,3,1,4,9,14,3,1,1,NaN,2,NaN,NaN,,NaN,,NaN,,NaN,64,60,NaN,1,4,1,1,1,1,1,1,1,1,1,1,2,1,2,1,1,1,1,2,1,1,720738.921,4340634.274,-1.191,Cob,4313,0,0,0,10,1
19316,6,2010460000948,3,2,15,4,1,4,2,CV-35,10.9,10,9,1,1,2,3,2,3,3,2,2,2,1,2,2,7,7,5,3,1,4,9,14,3,1,3,NaN,2,4,NaN,,NaN,,NaN,,NaN,NaN,NaN,NaN,1,4,2,1,2,1,1,1,1,1,1,1,1,1,1,1,1,1,1,2,1,1,660161.248,4420916.92,908.384,Per,96825,0,0,0,12,1
19317,6,2010460001002,3,1,26,4,2,1,1,CV-31,4.2,4,2,1,1,5,3,2,3,4,2,1,1,1,1,1,2,3,2,1,1,1,9,14,2,1,3,NaN,1,NaN,NaN,,21,21,NaN,,NaN,NaN,NaN,NaN,1,4,1,1,1,1,1,1,1,1,1,1,1,1,1,1,1,1,2,2,1,1,721473.218,4374993.384,14.077,Cob,23099,0,1,0,14,6
19318,6,2010460001004,3,2,18,4,4,1,1,CV-42,0,0,0,1,1,5,3,1,3,3,2,2,1,2,2,1,5,1,4,1,1,1,9,14,1,1,1,NaN,2,NaN,NaN,,NaN,,NaN,,67,NaN,60,NaN,1,4,2,1,1,1,1,1,1,1,1,1,1,1,1,1,1,1,1,2,1,1,723747.985,4354934.964,-10.971,Sec,11858,0,0,0,12,6
19322,6,2010460001017,3,2,17,3,3,1,4,CV-35,6.3,6,3,1,1,2,3,2,3,4,2,2,2,1,2,2,7,7,8,3,1,9,9,14,3,1,1,NaN,1,5,NaN,,NaN,,NaN,,NaN,NaN,NaN,NaN,3,4,2,1,1,1,1,2,1,2,1,1,1,1,1,1,1,1,1,2,1,1,656878.781,4422852.981,958.775,Per,102677,0,0,0,9,1
19324,6,2010460001033,3,2,17,5,3,1,2,CV-550,4.5,4,5,1,1,5,3,2,2,3,2,1,1,1,1,1,1,1,3,1,2,1,9,14,3,1,1,NaN,2,2,NaN,,NaN,,NaN,,NaN,NaN,NaN,NaN,1,4,1,1,1,1,1,1,2,1,1,1,1,1,1,1,1,1,1,2,2,1,717170.658,4334805.572,-6.837,Cob,10499,0,0,3,16,6
19328,6,2010460001034,3,2,18,6,4,1,1,CV-31,2.1,2,1,1,1,5,3,2,3,4,2,2,2,1,2,2,7,7,8,3,2,4,9,14,1,1,3,NaN,2,NaN,NaN,,NaN,,NaN,,67,NaN,60,NaN,1,4,1,1,1,1,1,2,1,1,1,1,1,1,2,1,1,1,1,2,1,1,720740.034,4376896.899,29.921,Cob,45785,0,0,4,17,5
19329,6,2010460001036,3,2,20,6,6,2,1,CV-590,58.3,58,3,1,1,5,3,2,3,3,2,1,1,1,1,1,7,7,8,1,4,1,9,14,1,1,1,NaN,2,NaN,NaN,,NaN,,NaN,,66,NaN,60,NaN,1,4,1,1,2,1,1,2,1,1,1,1,1,1,1,1,1,1,1,2,2,3,671261.345,4322961.258,665.432,Sec,6608,0,0,1,22,2
19330,6,2010460001038,3,2,21,1,7,3,1,CV-35,9.4,9,4,0,1,2,3,2,3,4,2,2,2,2,2,2,7,7,8,1,3,1,9,14,1,1,1,NaN,1,NaN,NaN,,NaN,,NaN,,NaN,62,60,NaN,1,4,2,1,2,1,1,1,1,1,1,1,1,1,1,1,1,1,1,2,1,1,717000.649,4381150.201,91.75,Per,63963,0,0,1,4,2
19331,6,2010460001067,3,2,20,6,6,2,1,CV-60,16.3,16,3,1,1,5,2,2,3,4,2,1,1,1,2,2,7,7,8,1,5,1,9,14,3,1,1,NaN,1,NaN,NaN,,NaN,,NaN,,56,NaN,50,NaN,1,4,1,1,1,2,1,1,1,1,1,1,1,1,1,1,1,1,1,2,1,1,730680.354,4308883.466,221.822,Cob,8507,0,0,0,21,2
19333,6,2010460001070,3,2,21,4,7,3,1,CV-515,8.6,8,6,0,1,5,3,1,3,4,2,1,1,1,1,2,7,7,8,1,1,1,9,14,2,1,1,NaN,1,NaN,NaN,,NaN,,NaN,,66,NaN,60,NaN,1,4,2,1,1,1,1,1,1,1,1,1,1,1,1,1,1,1,1,2,1,1,730339.67,4343649.402,-6.248,Cob,6102,0,0,1,11,2
19334,6,2010460001071,3,2,20,6,6,2,1,CV-245,7,7,0,1,1,5,3,2,3,3,2,1,1,1,1,1,7,7,8,1,1,1,9,14,3,1,1,NaN,2,NaN,NaN,,NaN,,NaN,,NaN,54,50,NaN,1,4,2,2,1,1,1,2,1,1,1,1,1,1,1,1,1,1,1,2,1,1,706640.941,4414520.036,581.485,Cob,1482,0,0,1,17,2
19335,6,2010460001074,3,2,21,1,7,3,1,CV-500,4,4,0,0,1,5,3,2,3,4,2,1,1,1,1,1,7,7,8,1,5,1,9,14,3,1,3,NaN,2,NaN,NaN,,NaN,,NaN,,57,NaN,50,NaN,1,4,2,1,1,1,1,1,1,1,1,1,1,1,1,1,1,1,1,2,1,1,729008.637,4366511.725,-17.032,Pri,17182,0,0,0,4,2
19336,6,2010460001076,3,2,21,3,7,3,1,CV-40,13.6,13,6,1,1,2,3,2,3,4,2,2,2,1,2,2,7,7,8,3,1,9,9,14,3,1,3,NaN,2,NaN,NaN,,21,24,NaN,,NaN,NaN,NaN,NaN,1,4,1,1,1,1,1,1,1,1,1,1,1,1,1,2,1,1,1,2,1,1,710342.385,4309660.948,297.198,Cob,20131,0,0,0,10,1
19340,6,2010460001082,3,2,21,6,7,3,1,CV-35,8.5,8,5,0,1,2,3,2,3,5,2,2,2,1,2,2,7,7,8,1,3,1,9,14,2,1,3,NaN,1,NaN,NaN,,NaN,,NaN,,NaN,64,60,NaN,1,4,1,1,1,1,1,1,1,1,1,1,1,1,1,1,1,2,1,2,1,1,717826.914,4380824.516,93.928,Per,63963,0,0,1,19,1
19342,6,2010460001083,3,2,21,3,7,3,2,CV-42,4.9,4,9,0,1,5,3,2,3,4,2,1,2,1,2,1,7,7,8,1,1,1,9,14,3,1,1,NaN,2,3,NaN,,NaN,,NaN,,NaN,NaN,NaN,NaN,1,4,1,1,1,1,1,1,2,1,1,1,1,1,1,1,1,1,1,2,1,1,720124.421,4342551.631,5.95,Cob,4313,0,0,0,8,1
19344,6,2010460001105,3,2,19,2,5,1,2,CV-32,3.5,3,5,1,1,5,3,2,3,3,2,1,1,1,2,2,5,1,4,3,3,4,9,14,1,1,3,NaN,2,4,NaN,,NaN,,NaN,,NaN,NaN,NaN,NaN,1,4,2,1,1,1,1,1,1,1,1,1,1,1,2,1,1,1,1,2,1,1,727364.527,4385081.438,12.565,Cob,13490,0,0,2,6,6
19345,6,2010460001124,3,2,21,4,7,3,1,CV-35,9.5,9,5,1,1,2,3,2,3,4,2,2,2,2,2,2,7,7,5,1,1,1,9,14,3,1,3,NaN,2,NaN,NaN,,NaN,,NaN,,NaN,64,60,NaN,1,4,2,1,2,1,1,1,1,1,1,1,1,1,1,1,1,1,1,2,1,1,658933.246,4421525.484,942.048,Per,63963,0,0,0,11,1
19346,6,2010460001151,3,2,20,1,6,2,1,CV-35,8,8,0,1,1,2,3,2,3,4,2,2,2,2,2,2,1,6,8,1,3,1,9,14,1,1,1,NaN,1,NaN,NaN,,NaN,,NaN,,NaN,53,50,NaN,1,4,2,1,1,1,1,1,1,1,1,1,1,1,1,1,1,1,1,2,1,1,657700.159,4422076.53,1004.365,Per,101445,0,0,0,0,6
19348,6,2010460001162,3,2,24,4,3,1,2,CV-41,18.3,18,3,1,1,5,3,2,3,3,2,1,2,1,2,2,1,1,5,1,1,1,9,14,2,1,1,NaN,2,4,NaN,,NaN,,NaN,,NaN,NaN,NaN,NaN,1,4,2,1,1,1,1,1,1,1,1,1,1,1,1,1,1,1,1,2,2,1,720611.119,4334493.862,-2.16,Cob,8237,0,1,0,11,7
19349,6,2010460001164,3,2,23,3,2,1,1,CV-35,28.1,28,1,0,1,2,3,2,3,4,2,2,2,2,2,2,7,7,5,1,1,1,9,14,3,1,3,NaN,2,NaN,NaN,,21,24,NaN,,NaN,NaN,NaN,NaN,1,4,1,1,1,1,1,1,1,1,1,1,1,1,1,2,1,1,1,2,1,1,703896.302,4391002.393,147.321,Per,13961,0,0,0,9,1
19351,6,2010460001165,3,2,24,4,3,1,2,CV-550,5.5,5,5,1,1,5,3,2,3,3,2,1,1,1,1,1,7,7,8,1,1,8,9,14,1,1,1,NaN,2,4,NaN,,NaN,,NaN,,NaN,NaN,NaN,NaN,1,4,2,1,1,1,1,1,1,1,1,1,1,1,1,1,1,1,1,2,1,1,716303.961,4334375.543,-6.724,Cob,10499,0,0,1,12,1
19352,6,2010460001170,3,2,23,3,2,1,1,CV-42,14.5,14,5,0,1,5,3,2,3,3,2,1,2,2,2,2,5,1,4,1,1,1,9,14,1,1,3,NaN,2,NaN,NaN,,NaN,,NaN,,57,NaN,50,NaN,1,4,2,1,1,1,1,1,1,1,1,1,1,1,1,1,1,1,1,2,1,1,723077.595,4350260.697,-6.727,Cob,6691,0,0,0,8,6
19354,6,2010460001171,3,2,25,4,4,1,2,CV-41,12,12,0,0,1,5,3,2,3,3,2,1,2,2,1,1,5,1,4,1,1,1,9,14,1,1,1,NaN,2,2,NaN,,NaN,,NaN,,NaN,NaN,NaN,NaN,1,4,1,1,1,1,1,1,2,1,1,1,1,1,1,1,1,1,1,2,1,1,717341.06,4326366.081,26.295,Cob,8237,0,0,1,14,6
19359,6,2010460001179,3,2,24,6,3,1,3,CV-36,4.5,4,5,0,1,2,3,2,3,3,2,2,2,1,2,2,7,7,8,1,3,1,2,3,3,1,1,NaN,1,5,NaN,,NaN,,NaN,,NaN,NaN,NaN,NaN,1,4,1,1,1,1,1,1,1,1,1,1,1,1,1,1,1,2,1,2,1,1,713733.129,4369149.184,52.927,Cob,27278,0,0,0,19,2
19360,6,2010460001199,3,2,27,3,6,2,1,CV-590,61.2,61,2,0,1,5,1,2,3,3,2,1,2,1,2,1,1,6,4,1,1,1,9,14,3,1,1,NaN,1,NaN,NaN,,NaN,,NaN,,68,NaN,60,NaN,1,4,2,1,1,1,1,1,1,1,1,1,1,1,1,1,1,1,1,2,1,1,710271.72,4320996.214,103.41,Sec,6608,0,0,0,9,6
19361,6,2010460001200,3,2,28,6,7,3,1,CV-31,2.5,2,5,0,1,5,3,2,3,4,2,2,2,1,1,1,7,7,8,1,3,1,9,14,1,1,1,NaN,1,NaN,NaN,,NaN,,NaN,,NaN,54,50,NaN,1,4,2,1,2,1,1,1,1,1,1,1,1,1,1,1,1,1,1,2,1,1,720801.149,4376748.262,22.782,Cob,45785,0,0,0,22,2
19365,6,2010460001206,3,2,28,3,7,3,4,CV-50,6.8,6,8,1,1,5,3,2,3,2,2,1,1,1,2,2,7,7,5,1,1,1,9,14,3,1,1,NaN,1,NaN,NaN,,NaN,,NaN,,NaN,NaN,NaN,71,1,4,2,1,1,1,1,1,1,1,1,1,1,1,1,1,1,1,1,2,1,1,704164.671,4383074.125,87.428,Cob,10185,0,0,4,9,1