Id,Ano,Numero_Accidente,Provincia,Mes,Dia,Hora,Dia_Semana,Tipo_Dia,Vehiculos_Implicados,Carretera,Pk,Km,Hm,Sentido,Zona,Tipo_Via,Anchura_Calzada,Anchura_Carril,Marcas_Viales,Arcen,Arcen_Pavimentado,Mediana,Barrera_Seguridad,Paneles_Direccionales,Hitos_Arista,Captafaros,Interseccion_Tipo,Interseccion_Acondicionamiento,Prioridad_Regulada_por,Superficie,Luminosidad,Factores_Atmosfericos,Visibilidad_Restringida_por,Otras_Circunstancias,Senalizacion_Peligro,Aceras,Arboles,Arboles_Metros_Calzada,Visibilidad_Senalizacion_Vertical,Colision_Vehiculos_Marcha,Colision_Vehiculo_Obstaculo_1,Colision_Vehiculo_Obstaculo_2,Atropello_1,Atropello_2,Vuelco_1,Vuelco_2,Salida_Sin_Colision,Salida_Con_Colision,Lado_Salida,Otro,Circulacion,Circulacion_Medidas_Especiales,Distraccion,Inexperiencia_Conductor,Alcohol_Drogas,Cansancio_Sueno,Enfermedad,Velocidad_Inadecuada,Infraccion_Norma_Circulacion,Estado_Condicion_Via,Estado_Condicion_Senalizacion,Tramo_Obras,Mal_Estado_Vehiculo,Averia_Mecanica,Meteorologia_Adversa,Irrupcion_Animal,Circular_Sentido_Contrario,Otro_Factor,Sin_Opinion_Definida,Pendiente,Curvatura,Peralte,GPS_x,GPS_y,GPS_z,Tipo_Est,IMD,N_Muertos,N_Graves,N_Leves,Hora_Real,Fuera_o_Interseccion
19369,6,2010460001207,3,2,27,6,6,2,2,CV-35,11,11,0,1,1,5,3,2,3,3,2,2,2,1,2,1,7,7,8,1,3,1,9,14,3,1,1,NaN,1,2,NaN,,NaN,,NaN,,NaN,NaN,NaN,NaN,1,4,1,1,1,1,1,1,1,1,1,1,1,1,1,1,1,1,2,2,1,1,660247.686,4420870.323,907.356,Per,96825,0,0,0,21,1
19370,6,2010460001209,3,2,28,4,7,3,1,CV-35,10.6,10,6,1,1,2,3,2,3,4,2,2,2,1,2,1,7,7,5,1,1,1,9,14,3,1,1,NaN,1,NaN,NaN,,NaN,,NaN,,66,NaN,60,NaN,1,4,1,1,1,1,1,1,1,1,1,1,1,1,1,1,1,1,2,2,2,3,659987.371,4421008.109,905.089,Per,96825,0,0,1,12,1
19372,6,2010460001227,3,3,1,6,1,1,1,CV-60,15.5,15,5,0,1,5,3,2,3,3,2,1,1,1,2,1,7,7,8,1,5,1,9,14,3,1,1,NaN,1,NaN,NaN,,NaN,,NaN,,NaN,54,50,NaN,1,4,2,1,2,1,1,1,1,1,1,1,1,1,1,1,1,1,1,2,1,1,724895.101,4306671.866,242.103,Cob,9493,0,2,1,22,2
19373,6,2010460001234,3,2,28,3,7,3,1,CV-35,8.1,8,1,0,1,5,3,2,3,4,2,2,2,2,2,2,7,7,8,1,2,1,9,14,3,1,1,NaN,1,NaN,NaN,,NaN,,NaN,,NaN,64,60,NaN,1,4,2,1,1,1,1,1,1,1,1,1,1,1,1,1,1,1,1,2,1,1,718078.445,4380665.564,90.389,Per,101445,0,0,0,7,1
19374,6,2010460001248,3,3,1,6,1,4,1,CV-407,4,4,0,0,1,5,3,2,3,4,2,1,1,1,1,1,5,3,8,1,1,1,9,14,3,1,1,NaN,2,NaN,NaN,,21,21,NaN,,NaN,NaN,NaN,NaN,1,4,2,1,1,1,1,1,2,1,1,1,1,1,1,1,1,1,1,2,2,1,724526.994,4367880.089,-8.885,Cob,11426,0,1,0,18,6
19375,6,2010460001250,3,3,1,6,1,4,1,CV-36,1.5,1,5,0,1,2,3,2,3,4,2,2,2,1,2,2,7,7,8,1,1,8,9,14,3,1,1,NaN,2,NaN,30,32,NaN,,NaN,,NaN,NaN,NaN,NaN,1,4,1,1,1,1,1,1,1,1,1,1,1,1,1,1,1,1,2,2,1,1,716665.141,4369416.782,39.657,Pri,70764,0,0,0,18,1
19379,6,2010460001251,3,2,28,3,7,3,1,CV-410,4,4,0,0,1,5,3,1,3,3,2,2,1,1,2,2,5,1,8,1,1,1,9,14,1,1,1,NaN,2,NaN,NaN,,NaN,,NaN,,57,NaN,50,NaN,1,4,2,1,2,1,1,1,1,1,1,1,1,1,1,1,1,1,1,2,2,1,717332.473,4372266.354,36.033,Pri,26958,0,0,1,9,6
19380,6,2010460001255,3,3,1,3,1,1,1,CV-31,1.8,1,8,0,1,5,2,2,3,4,2,2,2,2,2,2,7,7,8,9,2,1,2,14,1,1,1,NaN,1,NaN,NaN,,NaN,,NaN,,57,NaN,50,NaN,1,4,1,1,1,1,1,1,1,1,1,1,1,1,1,1,1,1,2,2,1,1,720954.854,4376081.837,19.971,Cob,37073,0,0,1,7,2
19382,6,2010460001269,3,3,2,4,2,1,2,CV-300,5.3,5,3,0,1,5,2,2,3,3,2,1,2,1,2,2,7,7,8,1,1,1,9,14,3,1,1,NaN,1,4,NaN,,NaN,,NaN,,NaN,NaN,NaN,NaN,1,4,2,1,1,1,1,1,1,1,1,1,1,1,1,1,1,1,1,2,1,1,729808.781,4384223.679,12.993,Cob,18308,0,0,1,14,1
19384,6,2010460001276,3,3,3,6,3,1,2,CV-35,16.3,16,3,1,1,5,2,2,3,4,2,2,2,2,2,2,7,7,8,1,1,9,9,14,3,1,1,NaN,1,NaN,NaN,,NaN,,12,9,NaN,NaN,NaN,NaN,1,4,2,1,1,2,1,1,1,1,1,1,1,1,1,1,1,1,1,2,1,1,662700.055,4417114.899,870.817,Per,64465,0,0,1,17,1
19386,6,2010460001307,3,3,5,6,5,1,2,CV-300,7.4,7,4,1,1,5,3,2,3,3,2,2,2,1,2,2,5,1,3,3,3,2,9,14,1,1,1,NaN,2,2,NaN,,NaN,,NaN,,NaN,NaN,NaN,NaN,1,4,2,1,1,1,1,1,2,1,1,1,1,1,1,1,1,1,1,2,2,1,729926.113,4384565.991,-1.424,Sec,11280,0,1,0,20,6
19387,6,2010460001322,3,3,7,5,7,3,1,CV-550,3,3,0,1,1,5,3,2,3,3,2,1,1,1,1,2,5,1,4,3,1,4,9,14,1,1,1,NaN,2,NaN,NaN,,NaN,,NaN,,NaN,NaN,NaN,71,1,4,1,1,1,2,1,1,1,1,1,1,1,1,1,1,1,1,1,2,1,1,718482.973,4335507.363,-9.105,Cob,10499,0,0,0,16,6
19388,6,2010460001331,3,3,5,6,5,1,1,CV-365,0.2,0,2,0,1,5,3,2,3,4,2,2,2,2,2,2,7,7,8,3,4,5,2,13,1,1,3,NaN,2,NaN,NaN,,NaN,,NaN,,NaN,62,60,NaN,1,4,1,1,1,1,1,2,1,1,1,1,1,1,2,1,1,1,1,2,1,1,721501.627,4376617.573,36.809,Cob,38186,0,0,0,22,4
19389,6,2010460001349,3,3,7,6,7,3,1,CV-30,2.5,2,5,0,1,2,2,2,3,3,2,2,2,2,2,2,7,7,7,3,3,4,9,14,3,1,1,NaN,1,NaN,NaN,,NaN,,NaN,,NaN,62,60,NaN,1,4,1,2,1,1,1,2,1,1,1,1,1,1,1,1,1,1,1,2,1,1,722472.822,4375200.756,6.742,Sec,49001,0,0,0,21,5
19392,6,2010460001354,3,3,6,5,6,2,2,CV-333,0,0,0,1,1,5,1,1,4,3,2,1,1,1,1,1,3,1,3,1,1,9,9,14,1,1,1,NaN,2,3,NaN,,NaN,,NaN,,NaN,NaN,NaN,NaN,1,4,2,1,1,1,1,1,1,1,1,1,1,1,1,1,1,1,1,2,1,1,710683.566,4396015.472,210.103,Sec,6842,0,0,1,16,6
19393,6,2010460001357,3,3,8,3,1,1,1,CV-50,2.5,2,5,1,1,2,2,2,3,4,2,2,2,2,2,2,7,7,8,3,1,4,9,4,1,1,1,NaN,1,NaN,NaN,,NaN,,NaN,,NaN,63,60,NaN,1,4,1,1,1,1,1,2,1,1,1,1,1,1,2,1,1,1,1,2,1,1,705698.082,4386946.444,121.467,Sec,11010,0,0,0,8,5
19394,6,2010460001359,3,3,8,3,1,4,1,CV-365,1,1,0,1,1,5,3,2,3,4,2,2,2,1,2,2,7,7,8,3,1,4,9,14,2,1,1,NaN,1,NaN,NaN,,NaN,,NaN,,NaN,54,50,NaN,1,4,1,1,1,1,1,2,1,1,1,1,1,1,2,1,1,1,1,2,1,2,719194.337,4376837.755,42.795,Sec,36706,0,0,0,9,2
19396,6,2010460001366,3,3,9,4,2,1,2,CV-365,1.4,1,4,0,1,5,3,2,3,3,2,2,2,2,2,2,7,7,5,1,1,1,9,14,3,1,3,NaN,2,4,NaN,,NaN,,NaN,,NaN,NaN,NaN,NaN,1,4,2,1,1,1,1,1,1,1,1,1,1,1,1,1,1,1,1,2,1,2,720495.312,4376514.888,49.287,Sec,36706,0,1,0,14,1
19398,6,2010460001380,3,3,7,6,7,3,2,CV-60,24.8,24,8,0,1,5,2,2,3,3,2,2,2,2,2,2,7,7,8,1,4,1,9,14,1,1,1,NaN,1,4,NaN,,NaN,,NaN,,NaN,NaN,NaN,NaN,1,4,1,2,1,1,1,1,1,1,1,1,1,1,2,1,1,1,1,2,1,1,733057.788,4309721.159,167.494,Cob,12521,0,0,1,20,1
19399,6,2010460001382,3,3,8,4,1,1,1,CV-365,0.5,0,5,0,1,5,3,2,3,4,2,1,1,1,1,1,7,7,8,1,1,1,9,14,3,1,1,NaN,2,NaN,NaN,,NaN,,NaN,,NaN,54,50,NaN,1,4,1,1,1,1,1,1,1,1,1,1,1,1,1,1,1,1,2,2,1,2,721306.014,4376837.785,32.757,Cob,38186,0,0,0,11,2
19401,6,2010460001390,3,3,9,4,2,1,2,CV-645,1.5,1,5,0,1,5,3,2,3,3,2,1,1,1,2,1,7,7,8,1,1,1,9,14,3,1,1,NaN,1,4,NaN,,NaN,,NaN,,NaN,NaN,NaN,NaN,1,4,2,1,1,1,1,1,1,1,1,1,1,1,1,1,1,1,1,2,1,1,711808.947,4317053.249,111.369,Cob,11941,0,0,0,13,1
19402,6,2010460001392,3,3,9,3,2,1,1,CV-50,10,10,0,1,1,5,3,2,3,3,2,1,1,1,2,1,7,7,8,1,1,1,9,14,3,1,1,NaN,1,NaN,NaN,,NaN,,NaN,,66,NaN,60,NaN,1,4,2,1,1,1,1,1,1,1,1,1,1,1,1,1,1,1,1,2,1,1,702613.562,4380432.534,123.404,Cob,10185,0,0,0,10,1
19404,6,2010460001405,3,3,5,4,5,1,2,CV-42,9.9,9,9,0,1,5,3,2,3,2,2,1,2,1,1,1,1,1,5,1,1,1,9,14,1,1,1,NaN,2,2,NaN,,NaN,,NaN,,NaN,NaN,NaN,NaN,1,4,1,1,1,1,1,1,2,1,1,1,1,1,1,1,1,1,1,2,1,1,722631.706,4345773.189,-6.745,Cob,6691,0,0,2,11,6
19405,6,2010460001406,3,3,8,2,1,1,1,CV-35,4.5,4,5,1,1,2,3,2,3,4,2,2,2,2,2,2,7,7,5,3,2,5,9,10,2,1,3,NaN,2,NaN,NaN,,NaN,,NaN,,NaN,54,50,NaN,1,4,1,1,1,1,1,2,1,1,1,1,1,1,2,1,1,1,1,2,1,1,655246.047,4422938.623,943.174,Per,87553,0,0,0,6,1
19409,6,2010460001407,3,3,8,2,1,1,1,CV-35,4.5,4,5,0,1,5,2,2,3,4,2,2,2,2,2,2,7,7,8,3,3,5,9,10,2,1,1,NaN,1,NaN,NaN,,NaN,,12,9,NaN,NaN,NaN,NaN,1,4,1,1,1,1,1,1,1,1,1,1,1,1,1,1,1,1,2,2,1,1,720492.286,4377970.385,58.44,Per,87553,0,0,3,6,1
19410,6,2010460001408,3,3,7,5,7,3,1,CV-36,3.5,3,5,0,1,2,3,2,3,4,2,2,2,2,2,2,1,1,5,3,1,4,9,14,3,1,3,NaN,2,NaN,NaN,,NaN,,NaN,,NaN,54,50,NaN,1,4,1,1,2,1,1,2,1,1,1,1,1,1,1,1,1,1,1,2,1,1,714714.686,4369269.587,52.254,Cob,27278,0,0,1,16,6
19412,6,2010460001409,3,3,10,4,3,1,2,CV-40,19.3,19,3,0,1,2,3,2,3,4,2,2,2,1,2,2,7,7,8,1,1,1,9,14,3,1,1,NaN,1,NaN,30,32,NaN,,NaN,,NaN,NaN,NaN,NaN,1,4,1,1,1,1,1,1,1,1,1,1,1,2,1,1,1,1,1,2,1,1,710994.357,4302689.876,317.019,Cob,17499,0,0,0,11,2
19413,6,2010460001424,3,3,10,6,3,1,1,CV-35,28.1,28,1,1,1,2,3,2,3,4,2,2,2,2,2,2,7,7,8,1,1,1,9,14,3,1,1,NaN,1,NaN,NaN,,NaN,,NaN,,NaN,NaN,NaN,71,1,4,1,1,1,1,1,1,1,1,1,1,1,1,1,1,1,2,1,2,1,2,663599.695,4407591.908,728.662,Per,13961,0,0,0,18,2
19415,6,2010460001426,3,3,12,3,5,1,1,CV-35,8.8,8,8,1,1,2,3,2,3,3,2,2,2,2,2,2,7,7,8,1,1,1,9,14,3,1,1,NaN,1,NaN,NaN,,NaN,,NaN,,NaN,52,50,NaN,1,4,1,1,1,1,1,1,1,1,1,1,1,1,1,1,1,2,1,2,1,1,658339.434,4421872.019,968.336,Per,63963,0,0,3,10,1
19416,6,2010460001441,3,3,13,3,6,2,1,CV-36,2.4,2,4,0,1,2,3,2,3,4,2,2,2,2,2,1,7,7,8,1,1,1,9,14,3,1,1,NaN,2,NaN,NaN,,NaN,,NaN,,NaN,54,50,NaN,1,4,1,1,2,1,1,1,1,1,1,1,1,1,1,1,1,1,1,2,1,1,715788.546,4369328.145,38.414,Pri,70764,0,0,0,7,1
19418,6,2010460001448,3,3,11,6,4,1,2,CV-32,3.5,3,5,1,1,5,3,2,3,3,2,2,2,2,2,2,5,1,8,1,3,1,9,14,3,1,1,NaN,1,3,NaN,,NaN,,NaN,,NaN,NaN,NaN,NaN,1,4,2,1,1,1,1,2,1,1,1,1,1,1,1,1,1,1,1,2,1,1,727364.527,4385081.438,12.565,Cob,13490,0,0,0,21,6
19419,6,2010460001455,3,3,13,6,6,2,1,CV-81,9.6,9,6,1,1,4,3,2,3,3,2,1,2,2,2,2,7,7,5,1,5,1,9,14,1,1,1,NaN,2,NaN,NaN,,NaN,,NaN,,NaN,53,50,NaN,1,4,2,1,1,1,1,1,1,1,1,1,1,1,1,1,1,1,1,2,1,1,682062.911,4278494.743,465.661,Cob,5142,0,0,0,19,5
19420,6,2010460001459,3,3,14,1,7,3,1,CV-42,7,7,0,1,1,5,2,3,2,3,2,1,1,2,2,2,5,1,4,1,4,1,9,14,3,1,1,NaN,2,NaN,NaN,,NaN,,NaN,,58,NaN,50,NaN,1,4,2,1,2,1,1,2,2,1,1,1,1,1,1,1,1,1,1,2,1,1,723024.387,4348398.612,-8.711,Cob,4607,0,0,0,1,6
19421,6,2010460001469,3,3,12,6,5,1,1,CV-35,14.8,14,8,0,1,2,3,2,3,4,2,2,2,2,2,2,7,7,8,1,1,1,9,14,3,1,1,NaN,1,NaN,NaN,,21,24,NaN,,NaN,NaN,NaN,NaN,1,4,1,1,1,1,1,1,1,1,1,1,1,1,1,2,1,1,1,2,1,1,712595.228,4384103.536,91.447,Per,82145,0,0,0,17,1
19425,6,2010460001474,3,3,14,4,7,3,3,CV-35,8.5,8,5,1,1,2,3,3,3,4,2,2,2,1,2,2,7,7,8,1,1,1,9,14,3,1,1,NaN,1,NaN,NaN,,NaN,,NaN,,NaN,NaN,NaN,71,1,4,1,1,1,1,1,1,1,1,1,1,1,1,1,1,1,2,1,2,1,1,658087.343,4421872.418,977.319,Per,63963,0,0,0,14,1
19426,6,2010460001476,3,3,15,3,1,4,1,CV-40,1.2,1,2,1,1,2,3,2,3,4,2,1,2,1,2,2,7,7,8,1,1,1,9,14,2,1,1,NaN,1,NaN,NaN,,21,24,NaN,,NaN,NaN,NaN,NaN,1,4,1,1,1,1,1,1,1,1,1,1,1,1,1,2,1,1,1,2,1,2,715205.467,4300959.03,346.813,Cob,20145,0,0,0,8,1
19428,6,2010460001489,3,3,15,3,1,1,2,CV-36,1.8,1,8,0,1,2,3,2,3,4,2,2,2,2,2,2,7,7,8,1,1,1,9,14,3,1,1,NaN,1,4,NaN,,NaN,,NaN,,NaN,NaN,NaN,NaN,1,4,2,1,1,1,1,1,1,1,1,1,1,1,1,1,1,1,1,2,1,1,716374.963,4369347.936,36.826,Pri,70764,0,0,1,9,1
19430,6,2010460001504,3,3,11,1,4,1,2,CV-333,6.5,6,5,1,1,5,3,2,3,3,2,1,1,1,1,1,7,7,8,1,5,1,9,14,3,1,1,NaN,1,2,NaN,,NaN,,NaN,,NaN,NaN,NaN,NaN,1,4,2,1,1,1,1,1,1,1,1,1,1,1,1,1,1,1,1,2,1,2,714466.567,4391733.96,144.208,Pri,4265,0,0,0,23,4
19433,6,2010460001505,3,3,14,4,7,3,3,CV-300,5,5,0,1,1,5,3,2,3,3,2,2,2,1,2,2,5,1,8,1,1,1,9,14,3,1,1,NaN,1,NaN,NaN,,NaN,,NaN,,NaN,NaN,NaN,71,1,4,2,1,1,1,1,1,1,1,1,1,1,1,1,1,1,1,1,2,1,1,728973.265,4382900.124,43.93,Cob,18308,0,0,1,11,6
19435,6,2010460001506,3,3,16,6,2,1,2,CV-40,21.1,21,1,1,1,2,3,2,3,3,2,2,2,1,2,2,7,7,8,1,5,1,9,14,3,1,1,NaN,2,2,NaN,,NaN,,NaN,,NaN,NaN,NaN,NaN,1,4,2,1,2,1,1,1,1,1,1,1,1,1,1,1,1,1,1,2,1,1,711011.492,4316004.86,126.332,Cob,14297,0,0,0,22,2
19436,6,2010460001508,3,3,16,3,2,1,1,CV-81,10.5,10,5,1,1,5,3,2,3,3,2,1,2,2,1,1,7,7,8,1,1,1,2,14,1,1,1,NaN,2,NaN,NaN,,NaN,,12,9,NaN,NaN,NaN,NaN,1,4,1,1,1,1,1,2,1,1,1,1,1,1,1,1,1,1,1,2,1,1,682952.094,4278386.134,490.195,Cob,5142,0,0,0,10,5
19437,6,2010460001530,3,3,17,5,3,1,1,CV-50,0,0,0,1,1,5,3,2,3,3,2,1,1,1,2,2,7,7,5,1,1,1,9,14,2,1,1,NaN,1,NaN,NaN,,NaN,,NaN,,NaN,62,60,NaN,1,4,2,1,1,1,1,1,1,1,1,1,1,1,1,1,1,1,1,2,2,2,707032.907,4388850.468,126.175,Cob,16164,0,0,0,16,1
19439,6,2010460001534,3,3,17,5,3,1,2,CV-333,1.1,1,1,0,1,5,3,2,3,3,2,1,1,2,2,2,5,6,8,1,1,1,9,14,1,1,1,NaN,2,3,NaN,,NaN,,NaN,,NaN,NaN,NaN,NaN,1,4,1,1,1,1,1,1,2,1,1,1,1,1,1,1,1,1,1,2,1,1,717873.583,4387232.42,84.2,Sec,6842,0,0,2,16,6
19440,6,2010460001539,3,3,17,6,3,1,1,CV-35,10.6,10,6,1,1,2,3,2,3,1,2,2,2,1,2,2,7,7,5,1,5,1,9,14,3,1,3,NaN,2,NaN,NaN,,NaN,,NaN,,NaN,54,50,NaN,1,4,2,1,2,1,1,1,1,1,1,1,1,1,1,1,1,1,1,2,2,3,659987.371,4421008.109,905.089,Per,96825,0,0,0,19,1
19441,6,2010460001541,3,3,19,1,5,3,1,CV-500,8.5,8,5,1,1,5,3,2,3,3,2,1,2,2,2,2,5,1,5,1,5,1,9,14,1,1,3,NaN,2,NaN,NaN,,NaN,,NaN,,58,NaN,50,NaN,1,4,2,1,2,1,1,1,1,1,1,1,1,1,1,1,1,1,1,2,1,1,735584.141,4349469.205,-16.986,Cob,19012,0,0,0,2,6
19442,6,2010460001560,3,3,19,6,5,3,1,CV-666,1,1,0,0,1,5,2,2,3,3,2,1,1,1,1,1,7,7,8,1,4,1,9,14,3,1,1,NaN,2,NaN,NaN,,21,24,NaN,,NaN,NaN,NaN,NaN,1,4,1,1,1,1,1,1,1,1,1,1,1,1,1,2,1,1,1,2,2,3,714437.657,4301688.193,306.874,NaN,0,0,0,0,20,1
19443,6,2010460001564,3,3,21,6,7,3,1,CV-81,8,8,0,1,1,5,3,2,3,2,2,1,2,2,1,1,7,7,8,3,4,1,4,14,1,1,1,NaN,2,NaN,NaN,,NaN,,NaN,,NaN,62,60,NaN,1,4,1,1,1,1,1,2,1,1,1,1,1,1,1,1,1,1,1,2,1,1,680552.579,4278283.729,461.239,Cob,5142,0,0,1,19,5
19444,6,2010460001576,3,3,17,6,3,1,1,CV-50,39.7,39,7,1,1,5,3,2,3,4,2,1,2,1,2,2,5,1,4,1,1,1,9,14,3,1,1,NaN,2,NaN,NaN,,NaN,,NaN,,NaN,64,60,NaN,1,4,1,1,2,1,1,1,1,1,1,1,1,2,1,1,1,1,1,2,1,1,703601.027,4358816.643,172.723,Cob,5091,0,0,1,18,6
19445,6,2010460001595,3,3,18,6,4,1,1,CV-35,14,14,0,0,1,2,3,2,3,4,1,2,2,1,1,1,7,7,8,1,3,1,9,14,3,1,1,NaN,1,NaN,NaN,,NaN,,NaN,,NaN,64,60,NaN,1,4,2,1,1,1,1,1,1,1,1,1,1,1,1,1,1,1,1,2,1,1,713191.639,4383749.978,84.817,Per,82145,0,0,0,21,1
19450,6,2010460001598,3,3,19,1,5,3,2,CV-35,13.3,13,3,0,1,5,2,2,3,4,2,2,2,2,2,2,7,7,8,1,3,1,9,14,3,1,1,NaN,1,3,NaN,,NaN,,NaN,,NaN,NaN,NaN,NaN,1,4,1,1,1,1,1,1,1,1,1,1,1,1,1,1,1,1,2,2,1,1,713859.845,4383324.41,97.247,Per,100017,0,0,0,4,1
19451,6,2010460001610,3,3,19,1,5,1,1,CV-50,67.7,67,7,1,1,5,3,2,3,3,2,1,1,1,2,2,7,7,8,1,5,1,9,14,3,1,1,NaN,1,NaN,NaN,,21,24,NaN,,NaN,NaN,NaN,NaN,1,4,1,1,1,1,1,1,1,1,1,1,1,1,1,2,1,1,1,2,1,1,718936.002,4339261.598,-0.321,Sec,5829,0,0,0,23,1
19452,6,2010460001611,3,3,19,3,5,3,1,CV-35,4.5,4,5,0,1,2,3,2,3,4,2,2,2,2,2,2,4,1,8,1,2,1,9,14,3,1,1,NaN,1,NaN,NaN,,NaN,,12,9,NaN,NaN,NaN,NaN,1,4,2,1,1,1,1,1,1,1,1,1,1,1,1,1,1,1,1,2,1,1,720492.286,4377970.385,58.44,Per,87553,0,0,1,7,6
19455,6,2010460001612,3,3,22,4,1,1,3,CV-645,3,3,0,0,1,5,3,2,3,3,2,1,2,2,2,1,7,7,8,1,1,1,9,8,1,1,1,NaN,2,4,NaN,,NaN,,NaN,,NaN,NaN,NaN,NaN,1,4,1,1,1,1,1,1,2,1,1,1,1,1,1,1,1,1,1,2,2,3,712801.292,4317873.573,104.8,Cob,11941,0,0,0,12,1
19461,6,2010460001640,3,3,21,4,7,3,3,CV-500,9.4,9,4,0,1,5,3,2,3,3,2,1,2,2,2,2,7,7,8,3,1,4,9,14,3,1,1,NaN,2,5,NaN,,NaN,,NaN,,NaN,NaN,NaN,NaN,2,4,2,1,1,1,1,1,1,1,1,1,1,1,1,1,1,1,1,2,1,1,730268.281,4360970.378,-16.724,Cob,19012,0,0,0,12,1
19463,6,2010460001664,3,3,21,6,7,3,1,CV-31,4.5,4,5,0,1,5,3,2,3,3,2,1,1,1,1,1,2,1,2,3,1,1,9,14,3,1,3,NaN,2,NaN,NaN,,NaN,,NaN,,NaN,64,60,NaN,1,4,1,1,1,1,1,2,1,1,1,1,1,1,1,1,1,1,1,2,1,1,721490.494,4378367.231,37.768,Cob,23099,0,0,1,18,6
19464,6,2010460001666,3,3,25,1,4,1,1,CV-550,5,5,0,1,1,5,3,2,3,3,2,1,1,2,2,1,7,7,8,1,4,1,2,14,1,1,1,NaN,2,NaN,NaN,,NaN,,NaN,,NaN,51,50,NaN,1,4,2,1,1,1,1,1,1,1,1,1,1,1,1,1,1,1,1,2,1,3,716645.944,4334532.379,-8.4,Cob,10499,0,1,0,0,3
19468,6,2010460001667,3,3,22,6,1,4,3,CV-31,3.8,3,8,0,1,5,3,2,3,3,2,1,2,2,2,2,7,7,8,1,1,1,9,14,3,1,1,NaN,1,5,NaN,,NaN,,NaN,,NaN,NaN,NaN,NaN,2,4,2,1,1,1,1,1,1,1,1,1,1,1,1,1,1,1,1,2,1,1,721200.014,4377826.971,32.842,Cob,23099,0,0,0,17,2
19469,6,2010460001668,3,3,22,6,1,1,1,CV-31,3.8,3,8,0,1,5,3,2,3,4,2,1,1,1,1,1,7,7,8,1,4,1,9,14,3,1,1,NaN,2,NaN,NaN,,21,24,NaN,,NaN,NaN,NaN,NaN,1,4,1,1,1,1,1,1,1,1,1,1,1,1,1,2,1,1,1,2,1,1,721200.014,4377826.971,32.842,Cob,23099,0,0,0,22,2
19470,6,2010460001674,3,3,24,6,3,1,1,CV-35,8,8,0,1,1,2,3,2,3,4,2,2,2,2,2,2,7,7,8,1,3,1,9,14,3,1,1,NaN,1,NaN,NaN,,21,24,NaN,,NaN,NaN,NaN,NaN,1,4,1,1,1,1,1,1,1,1,1,1,1,1,1,2,1,1,1,2,1,1,657700.159,4422076.53,1004.365,Per,101445,0,0,0,22,1
19471,6,2010460001691,3,3,25,6,4,1,1,CV-567,2.5,2,5,0,1,5,1,3,4,1,2,1,1,1,1,1,1,1,8,1,5,1,2,14,2,1,1,NaN,2,NaN,NaN,,NaN,,NaN,,NaN,NaN,NaN,71,1,4,1,1,1,1,1,1,1,1,1,1,1,2,1,1,1,1,1,2,1,1,712068.67,4318169.622,86.974,Cob,1953,0,0,0,21,7
19475,6,2010460001714,3,3,26,3,5,1,2,CV-35,9,9,0,0,1,2,3,1,3,4,2,2,2,2,2,2,7,7,8,1,1,1,9,14,3,1,1,NaN,1,NaN,NaN,,NaN,,NaN,,NaN,NaN,NaN,71,1,4,2,1,1,1,1,1,1,1,1,1,1,1,1,1,1,1,1,2,1,1,717369.299,4381014.853,95.977,Per,63963,0,0,0,9,1
19477,6,2010460001718,3,3,26,3,5,1,2,CV-400,1.1,1,1,1,1,5,3,2,3,3,2,2,2,1,2,1,7,7,8,1,1,1,9,14,3,1,1,NaN,1,4,NaN,,NaN,,NaN,,NaN,NaN,NaN,NaN,1,4,2,1,1,1,1,1,1,1,1,1,1,1,1,1,1,1,1,2,1,1,722610.352,4364850.131,-7.181,Sec,44034,0,0,1,9,1
19481,6,2010460001719,3,3,27,6,6,2,4,CV-50,0.6,0,6,0,1,5,3,3,3,3,2,1,1,1,2,2,7,7,8,1,2,1,9,14,1,1,1,NaN,1,5,NaN,,NaN,,NaN,,NaN,NaN,NaN,NaN,2,4,2,1,1,1,1,1,1,1,1,1,1,1,1,1,1,1,1,2,1,1,738117.116,4329186.873,-15.205,Cob,16164,0,0,2,19,1
19482,6,2010460001730,3,3,28,3,7,3,1,CV-50,63.2,63,2,1,1,5,3,2,3,3,2,1,2,1,2,1,7,7,8,1,5,1,9,14,3,1,1,NaN,1,NaN,NaN,,21,24,NaN,,NaN,NaN,NaN,NaN,1,4,1,1,1,1,1,1,1,1,1,1,1,1,1,2,1,1,1,2,1,1,715737.035,4341960.269,16.459,Cob,4798,0,0,0,7,1
19484,6,2010460001732,3,3,28,3,7,3,2,CV-42,17.1,17,1,0,1,5,2,2,3,2,2,1,1,1,1,1,7,7,8,1,1,1,9,14,2,1,1,NaN,1,2,NaN,,NaN,,NaN,,NaN,NaN,NaN,NaN,1,4,1,1,2,1,1,1,2,1,1,1,1,1,1,1,1,1,1,2,1,1,723507.603,4352690.153,-11.946,Cob,5452,0,0,0,8,2
19486,6,2010460001741,3,3,26,6,5,1,2,CV-645,2.4,2,4,0,1,5,3,2,3,3,2,1,2,1,1,1,7,7,8,1,1,1,9,8,1,1,1,NaN,2,4,NaN,,NaN,,NaN,,NaN,NaN,NaN,NaN,1,4,1,1,1,1,1,1,2,1,1,1,1,1,1,1,1,1,1,2,1,1,712271.478,4317719.392,99.997,Cob,11941,0,0,0,17,1