Id,Ano,Numero_Accidente,Provincia,Mes,Dia,Hora,Dia_Semana,Tipo_Dia,Vehiculos_Implicados,Carretera,Pk,Km,Hm,Sentido,Zona,Tipo_Via,Anchura_Calzada,Anchura_Carril,Marcas_Viales,Arcen,Arcen_Pavimentado,Mediana,Barrera_Seguridad,Paneles_Direccionales,Hitos_Arista,Captafaros,Interseccion_Tipo,Interseccion_Acondicionamiento,Prioridad_Regulada_por,Superficie,Luminosidad,Factores_Atmosfericos,Visibilidad_Restringida_por,Otras_Circunstancias,Senalizacion_Peligro,Aceras,Arboles,Arboles_Metros_Calzada,Visibilidad_Senalizacion_Vertical,Colision_Vehiculos_Marcha,Colision_Vehiculo_Obstaculo_1,Colision_Vehiculo_Obstaculo_2,Atropello_1,Atropello_2,Vuelco_1,Vuelco_2,Salida_Sin_Colision,Salida_Con_Colision,Lado_Salida,Otro,Circulacion,Circulacion_Medidas_Especiales,Distraccion,Inexperiencia_Conductor,Alcohol_Drogas,Cansancio_Sueno,Enfermedad,Velocidad_Inadecuada,Infraccion_Norma_Circulacion,Estado_Condicion_Via,Estado_Condicion_Senalizacion,Tramo_Obras,Mal_Estado_Vehiculo,Averia_Mecanica,Meteorologia_Adversa,Irrupcion_Animal,Circular_Sentido_Contrario,Otro_Factor,Sin_Opinion_Definida,Pendiente,Curvatura,Peralte,GPS_x,GPS_y,GPS_z,Tipo_Est,IMD,N_Muertos,N_Graves,N_Leves,Hora_Real,Fuera_o_Interseccion
19488,6,2010460001742,3,3,28,6,7,3,2,CV-35,12.8,12,8,0,1,2,3,2,3,4,2,2,2,2,2,2,7,7,8,1,3,1,9,14,3,1,1,NaN,1,3,NaN,,NaN,,NaN,,NaN,NaN,NaN,NaN,1,4,1,1,1,1,1,1,1,1,1,1,1,1,1,1,1,1,2,2,1,1,714257.025,4383031.485,102.005,Per,100017,0,0,0,21,1
19489,6,2010460001747,3,3,28,6,7,3,1,CV-50,3.7,3,7,0,1,5,3,2,3,3,2,1,1,1,2,2,7,7,8,1,1,1,9,14,3,1,1,NaN,2,NaN,NaN,,NaN,,NaN,,66,NaN,60,NaN,1,4,2,1,1,1,1,1,1,1,1,1,1,1,1,1,1,1,1,2,1,1,735556.025,4327781.566,-2.003,Sec,11010,0,0,2,17,1
19491,6,2010460001752,3,3,27,6,6,2,2,CV-50,61,61,0,1,1,5,2,2,4,3,2,1,1,1,1,1,2,1,3,1,1,1,9,14,3,1,1,NaN,2,2,NaN,,NaN,,NaN,,NaN,NaN,NaN,NaN,1,4,1,2,1,1,1,1,2,1,1,1,1,1,1,1,1,1,1,2,1,1,714673.217,4343815.552,26.05,Cob,968,0,0,1,17,6
19492,6,2010460001772,3,3,29,3,1,1,1,CV-81,8.4,8,4,0,1,5,3,2,3,4,2,1,1,1,1,1,7,7,8,1,1,1,9,14,3,1,1,NaN,1,NaN,NaN,,NaN,,NaN,,NaN,64,60,NaN,1,4,1,1,1,2,1,1,1,1,1,1,1,1,1,1,1,1,1,2,1,1,708348.05,4297156.888,412.769,Cob,5142,0,0,0,9,2
19494,6,2010460001776,3,3,31,5,3,1,1,CV-35,85.2,85,2,0,1,2,2,3,3,3,2,1,1,1,1,1,7,7,8,1,1,1,9,14,3,1,3,NaN,1,NaN,NaN,,NaN,,NaN,,NaN,62,60,NaN,1,4,2,1,1,1,1,1,1,1,1,1,1,1,1,1,1,1,1,2,1,1,664017.318,4414437.022,796.309,Cob,1526,1,2,0,16,1
19495,6,2010460001781,3,3,31,1,3,1,1,CV-31,1.8,1,8,1,1,5,3,1,3,4,2,2,2,1,2,2,7,7,8,1,3,1,9,14,3,1,3,NaN,1,NaN,NaN,,21,21,NaN,,NaN,NaN,NaN,NaN,1,4,1,1,1,1,1,1,2,1,1,1,1,1,1,1,1,1,1,2,1,2,720763.348,4377183.202,36.777,Cob,37073,1,0,0,23,2
19497,6,2010460001805,3,4,1,3,4,2,2,CV-81,14.8,14,8,1,1,5,3,2,3,3,2,1,1,2,1,1,5,1,4,1,1,1,9,14,1,1,1,NaN,2,2,NaN,,NaN,,NaN,,NaN,NaN,NaN,NaN,1,4,1,1,1,1,1,2,2,1,1,1,1,1,1,1,1,1,1,2,1,2,685287.044,4280196.034,480.093,Pri,4548,0,1,0,10,6
19498,6,2010460001822,3,4,2,5,5,3,1,CV-60,29,29,0,1,1,5,3,2,3,3,2,2,1,1,1,1,7,7,8,1,1,1,9,14,2,1,1,NaN,1,NaN,NaN,,NaN,,12,9,NaN,NaN,NaN,NaN,1,4,2,1,1,2,1,1,1,1,1,1,1,1,1,1,1,1,1,2,1,1,719259.175,4307849.079,167.01,Cob,12885,0,1,0,16,1
19500,6,2010460001826,3,4,4,6,7,3,2,CV-35,14.3,14,3,1,1,2,3,2,3,4,2,2,2,1,2,2,7,7,8,1,1,1,9,14,3,1,1,NaN,2,NaN,NaN,,NaN,,NaN,,NaN,54,50,NaN,2,4,1,1,1,1,1,1,2,1,1,1,1,1,1,1,1,1,1,2,1,1,662429.007,4419115.162,909.377,Per,82145,0,0,2,18,1
19502,6,2010460001827,3,4,4,4,7,3,2,CV-705,16.3,16,3,0,1,5,1,3,4,1,2,1,2,1,1,1,7,7,8,1,1,1,2,14,1,1,1,NaN,2,1,NaN,,NaN,,NaN,,NaN,NaN,NaN,NaN,1,4,2,1,1,1,1,1,2,1,1,1,1,1,1,1,1,1,1,1,1,1,728004.034,4303729.887,398.592,Cob,168,0,0,1,12,5
19504,6,2010460001828,3,4,4,6,7,3,2,CV-500,12.8,12,8,0,1,5,2,2,3,4,2,1,1,1,2,2,7,7,5,1,5,1,9,14,3,1,1,NaN,2,NaN,30,29,NaN,,NaN,,NaN,NaN,NaN,NaN,1,4,2,1,2,1,1,1,1,1,1,1,1,1,1,1,1,1,1,2,1,1,731168.176,4358147.371,-14.633,Sec,11198,0,0,1,21,1
19506,6,2010460001839,3,4,1,4,4,2,2,CV-410,4,4,0,0,1,5,3,2,3,2,2,1,1,1,1,1,5,1,4,1,1,1,9,14,3,1,1,NaN,1,3,NaN,,NaN,,NaN,,NaN,NaN,NaN,NaN,1,4,2,1,1,1,1,1,2,1,1,1,1,1,1,1,1,1,1,2,2,1,717332.473,4372266.354,36.033,Pri,26958,0,0,0,12,6
19507,6,2010460001844,3,4,3,4,6,2,1,CV-567,1.2,1,2,1,1,5,1,3,4,1,2,1,1,1,1,1,7,7,8,1,1,1,9,14,1,1,1,NaN,1,NaN,NaN,,NaN,,NaN,,66,NaN,60,NaN,1,4,2,1,1,1,1,1,1,1,1,1,1,1,1,1,1,1,1,2,1,1,712705.877,4318320.108,91.46,Cob,1953,0,0,2,14,3
19508,6,2010460001845,3,4,3,1,6,2,1,CV-60,12.5,12,5,0,1,5,3,2,3,4,2,2,2,1,2,2,7,7,8,1,5,1,9,14,3,1,1,NaN,1,NaN,NaN,,NaN,,NaN,,NaN,63,60,NaN,1,4,1,1,1,1,1,1,1,1,1,1,1,2,1,1,1,1,1,2,1,1,722148.828,4307657.151,180.617,Cob,9493,0,0,0,23,1
19510,6,2010460001861,3,4,2,1,5,3,2,CV-30,1.6,1,6,0,1,2,3,2,3,4,2,2,2,2,2,2,3,1,5,1,3,1,9,14,1,1,3,NaN,2,3,NaN,,NaN,,NaN,,NaN,NaN,NaN,NaN,1,4,1,1,1,1,1,1,1,1,1,1,1,1,1,1,1,2,1,2,1,1,721611.775,4375048.112,8.362,Sec,49001,0,0,1,0,6
19512,6,2010460001890,3,4,4,4,7,3,2,CV-33,6.5,6,5,0,1,5,3,2,3,4,2,2,2,1,1,1,7,7,8,1,1,1,9,14,3,1,1,NaN,1,3,NaN,,NaN,,NaN,,NaN,NaN,NaN,NaN,1,4,2,1,1,1,1,1,1,1,1,1,1,1,1,1,1,1,1,2,1,1,719667.009,4367136.838,17.45,Pri,47720,0,0,1,13,2
19517,6,2010460001901,3,4,4,4,7,3,2,CV-500,9.8,9,8,1,1,5,3,2,3,3,2,1,1,1,1,1,7,7,3,1,1,1,9,14,3,1,1,NaN,2,2,NaN,,NaN,,NaN,,NaN,NaN,NaN,NaN,1,4,2,1,1,1,1,1,1,1,1,1,1,1,1,1,1,1,1,2,1,1,735108.142,4350640.605,-16.956,Cob,19012,0,0,5,14,2
19518,6,2010460001930,3,4,7,4,3,1,1,CV-33,0,0,0,1,1,5,3,2,3,3,2,2,1,1,1,1,5,1,8,8,1,1,9,13,2,1,1,NaN,1,NaN,NaN,,NaN,,NaN,,NaN,53,50,NaN,1,4,1,1,1,1,1,1,1,2,1,1,1,1,1,1,1,1,1,2,1,1,719794.305,4367686.054,16.824,Cob,25603,0,0,0,12,6
19520,6,2010460001935,3,4,8,4,4,1,2,CV-585,0,0,0,0,1,5,3,2,3,3,2,1,1,1,2,1,1,6,4,1,1,1,9,14,3,1,1,NaN,1,NaN,30,29,NaN,,NaN,,NaN,NaN,NaN,NaN,1,4,2,1,1,1,1,1,1,1,1,1,1,1,1,1,1,1,1,2,1,1,703162.953,4319571.714,207.883,Cob,3286,0,0,2,12,6
19521,6,2010460001936,3,4,7,6,3,1,1,CV-40,9.1,9,1,0,1,2,3,2,3,4,2,2,2,1,2,2,7,7,5,1,1,1,8,14,1,1,1,NaN,2,NaN,NaN,,NaN,,NaN,,NaN,NaN,NaN,71,1,4,1,1,1,1,1,1,1,1,1,1,1,1,1,1,1,2,1,2,1,2,710432.757,4312356.65,276.604,Per,22401,0,0,0,18,2
19522,6,2010460001947,3,4,7,4,3,1,1,CV-35,33.2,33,2,1,1,2,3,2,3,4,2,2,2,1,2,2,7,7,8,3,1,5,9,14,3,1,3,NaN,2,NaN,NaN,,NaN,,NaN,,NaN,63,60,NaN,1,4,1,1,1,1,1,1,1,1,1,1,1,1,2,1,1,1,1,2,1,1,667573.97,4404808.866,560.18,Per,12087,0,0,0,14,1
19524,6,2010460001954,3,4,9,3,5,1,2,CV-40,24.1,24,1,1,1,2,3,2,3,4,2,2,2,1,2,2,3,6,4,1,1,1,9,14,1,1,1,NaN,2,4,NaN,,NaN,,NaN,,NaN,NaN,NaN,NaN,1,4,2,1,1,1,1,1,1,1,1,1,1,1,1,1,1,1,1,2,1,1,709526.451,4318295.516,138.92,Cob,14297,0,0,0,8,6
19526,6,2010460001955,3,4,8,4,4,1,2,CV-35,4.7,4,7,1,1,2,3,2,3,3,2,2,2,1,2,1,7,7,8,1,1,1,9,14,3,1,1,NaN,1,4,NaN,,NaN,,NaN,,NaN,NaN,NaN,NaN,1,4,1,1,1,1,1,1,2,1,1,1,1,1,1,1,1,1,1,2,1,1,655438.606,4422882.603,942.46,Per,87553,0,0,1,12,1
19528,6,2010460001962,3,4,11,4,7,3,2,CV-365,2.4,2,4,0,1,5,3,2,3,3,2,1,2,1,1,1,7,7,8,1,1,1,9,14,1,1,3,NaN,2,3,NaN,,NaN,,NaN,,NaN,NaN,NaN,NaN,1,4,2,1,1,1,1,1,2,1,1,1,1,1,1,1,1,1,1,2,1,1,719566.091,4376852.011,62.288,Sec,36706,0,1,2,14,1
19529,6,2010460001963,3,4,11,4,7,3,1,CV-40,17.3,17,3,0,1,2,3,2,3,4,2,2,2,1,2,1,7,7,8,1,1,1,9,14,3,1,1,NaN,2,NaN,NaN,,NaN,,NaN,,NaN,64,60,NaN,1,4,2,1,2,1,1,1,1,1,1,1,1,1,1,1,1,1,1,2,1,2,710598.724,4304554.351,290.7,Cob,17499,0,0,0,14,2
19534,6,2010460001967,3,4,10,4,6,2,2,CV-32,3.2,3,2,1,1,5,3,2,3,3,2,2,2,1,2,2,5,1,5,1,1,1,9,14,1,1,1,NaN,2,2,NaN,,NaN,,NaN,,NaN,NaN,NaN,NaN,1,4,1,1,1,1,1,1,2,1,1,1,1,1,1,1,1,1,1,2,1,1,727279.076,4385366.127,15.665,Cob,13490,0,0,0,13,6
19535,6,2010460001971,3,4,11,1,7,3,1,CV-50,17.8,17,8,1,1,2,3,2,3,3,2,1,1,1,2,1,7,7,8,1,3,1,9,14,3,1,1,NaN,1,NaN,NaN,,21,24,NaN,,NaN,NaN,NaN,NaN,1,4,1,1,1,1,1,1,1,1,1,1,1,1,1,2,1,1,1,2,1,1,698657.468,4374554.551,205.597,Cob,9410,0,0,0,0,1
19536,6,2010460001978,3,4,12,4,1,4,1,CV-35,42.2,42,2,1,1,2,3,2,3,4,2,1,2,1,2,2,7,7,8,1,1,1,9,14,3,1,1,NaN,1,NaN,NaN,,NaN,,NaN,,NaN,64,60,NaN,1,4,2,1,1,1,1,1,1,1,1,1,1,1,1,1,1,1,1,2,1,2,674207.515,4400053.441,369.733,Per,5797,0,0,0,11,1
19541,6,2010460001979,3,4,11,4,7,3,2,CV-25,7.6,7,6,0,1,5,3,2,3,3,2,1,1,1,1,1,7,7,8,1,1,1,9,14,3,1,1,NaN,1,2,NaN,,NaN,,NaN,,NaN,NaN,NaN,NaN,1,4,1,1,1,1,1,1,1,1,1,1,1,2,1,1,1,1,1,2,1,2,710580.149,4396564.117,221.013,Cob,2340,0,0,1,12,2
19542,6,2010460001982,3,4,11,6,7,3,1,CV-245,21.1,21,1,1,1,5,2,3,3,1,2,1,1,2,1,1,7,7,8,1,1,1,9,14,1,1,1,NaN,1,NaN,NaN,,NaN,,NaN,,NaN,54,50,NaN,1,4,1,1,1,1,1,1,1,1,1,1,1,1,1,1,1,2,1,2,1,1,697904.984,4408966.035,805.028,Cob,169,0,0,0,17,5
19543,6,2010460001989,3,4,13,1,2,1,1,CV-41,14.1,14,1,1,1,5,3,2,3,3,2,1,2,2,2,1,7,7,8,3,5,4,2,14,1,1,1,NaN,2,NaN,NaN,,NaN,,NaN,,NaN,61,60,NaN,1,4,1,1,1,1,1,2,1,1,1,1,1,1,1,1,1,1,1,2,1,1,718732.735,4331046.317,1.667,Cob,8237,0,0,1,23,5
19544,6,2010460001991,3,4,13,4,2,1,1,CV-60,0,0,0,0,1,5,2,2,3,3,2,2,2,2,2,2,5,1,3,3,1,4,9,14,1,1,1,NaN,2,NaN,NaN,,NaN,,NaN,,NaN,64,60,NaN,1,4,2,1,1,1,1,2,1,1,1,1,1,1,1,1,1,1,1,2,2,1,710267.895,4309771.959,292.519,Cob,8593,0,0,0,14,6
19545,6,2010460001998,3,4,13,3,2,1,1,CV-333,3.9,3,9,0,1,5,3,2,3,3,2,1,1,1,1,1,5,6,8,3,1,4,9,14,1,1,1,NaN,1,NaN,NaN,,NaN,,NaN,,58,NaN,50,NaN,1,4,1,1,1,2,1,1,1,1,1,1,1,1,1,1,1,1,1,2,2,1,716222.885,4389402.051,104.995,Pri,4265,0,0,0,9,6
19549,6,2010460002012,3,4,14,5,3,1,3,CV-32,3.8,3,8,0,1,5,3,2,3,4,2,1,2,1,1,1,4,6,8,1,1,1,9,14,2,1,1,NaN,1,4,NaN,,NaN,,NaN,,NaN,NaN,NaN,NaN,1,4,2,1,1,1,1,1,1,1,1,1,1,1,1,1,1,1,1,2,1,1,729181.863,4383027.217,-2.829,Cob,13490,0,1,0,16,6
19550,6,2010460002014,3,4,14,6,3,1,1,CV-50,32,32,0,1,1,5,3,2,3,1,2,1,1,1,1,1,5,1,8,1,3,1,9,14,1,1,1,NaN,1,NaN,NaN,,NaN,,NaN,,NaN,53,50,NaN,1,4,2,1,2,1,1,1,1,1,1,1,1,1,1,1,1,1,1,2,1,1,697971.688,4361788.504,231.584,Cob,12832,0,0,1,22,6
19551,6,2010460002019,3,4,14,3,3,1,1,CV-590,58.5,58,5,0,1,5,3,2,3,3,2,1,2,2,2,2,7,7,8,3,1,3,4,14,2,1,1,NaN,1,NaN,NaN,,NaN,,NaN,,NaN,63,60,NaN,1,4,1,1,1,1,1,2,1,1,1,1,1,1,1,1,1,1,1,2,1,2,707782.192,4321138.736,131.571,Sec,6608,0,0,0,7,2
19552,6,2010460002029,3,4,13,6,2,1,1,CV-33,1,1,0,1,1,5,3,2,3,3,2,2,1,2,1,1,5,1,4,1,3,1,9,14,3,1,1,NaN,2,NaN,NaN,,NaN,,NaN,,NaN,63,60,NaN,1,4,1,1,1,1,1,2,2,1,1,1,2,1,1,1,1,1,1,2,1,1,718974.243,4369292.398,24.35,Cob,20548,0,0,1,20,6
19554,6,2010460002035,3,4,15,6,4,1,2,CV-590,60,60,0,0,1,5,3,1,3,3,2,1,1,1,1,1,7,7,5,1,1,1,9,14,1,1,1,NaN,1,4,NaN,,NaN,,NaN,,NaN,NaN,NaN,NaN,1,4,2,1,1,1,1,2,1,1,1,1,1,1,1,1,1,1,1,2,1,1,709154.199,4321308.406,158.038,Sec,6608,0,0,0,19,2
19556,6,2010460002053,3,4,16,5,5,1,2,CV-31,3.5,3,5,0,1,5,3,2,3,3,2,1,1,1,1,1,7,7,5,1,1,1,9,14,3,1,1,NaN,2,4,NaN,,NaN,,NaN,,NaN,NaN,NaN,NaN,1,4,1,1,1,1,1,2,1,1,1,1,1,1,1,1,1,1,1,2,1,1,721156.91,4377534.377,28.829,Cob,23099,0,0,1,15,1
19557,6,2010460002055,3,4,18,1,7,3,1,CV-35,5,5,0,0,1,2,1,2,3,4,2,1,2,2,2,2,7,7,8,3,3,1,9,14,1,1,1,NaN,2,NaN,NaN,,NaN,,NaN,,NaN,64,60,NaN,1,4,2,1,2,1,1,1,1,1,1,1,1,1,1,1,1,1,1,2,1,1,720203.659,4378367.102,52.835,Per,87553,0,0,1,1,5
19560,6,2010460002079,3,4,16,6,5,1,3,CV-36,0,0,0,0,1,2,3,2,3,4,2,2,2,1,2,2,7,7,8,1,1,1,9,14,3,1,1,NaN,2,5,NaN,,NaN,,NaN,,NaN,NaN,NaN,NaN,1,4,2,1,1,1,1,1,1,1,1,1,1,1,1,1,1,1,1,2,1,2,718045.518,4369284.225,31.435,Pri,70764,0,0,0,19,1
19563,6,2010460002083,3,4,17,4,6,2,2,CV-35,17.5,17,5,1,1,2,3,2,3,3,2,2,2,2,2,2,4,1,8,3,1,4,9,14,1,1,3,NaN,2,4,NaN,,NaN,,NaN,,NaN,NaN,NaN,NaN,1,4,2,1,1,1,1,1,1,1,1,1,1,1,1,1,1,1,1,2,2,3,662972.859,4416229.276,847.183,Per,45161,0,0,0,13,6
19565,6,2010460002110,3,4,18,2,7,3,1,CV-515,8.9,8,9,1,1,5,2,2,3,1,2,1,1,1,1,1,7,7,8,1,5,1,2,14,2,1,1,NaN,1,NaN,NaN,,NaN,,NaN,,56,NaN,50,NaN,1,4,1,1,1,1,1,1,1,1,1,1,2,1,1,1,1,2,1,2,1,2,723698.551,4342653.577,4.414,Cob,6102,0,0,0,6,2
19566,6,2010460002114,3,4,21,6,3,1,1,CV-50,6,6,0,1,1,5,3,2,3,3,2,1,2,2,2,1,7,7,8,1,1,1,9,14,1,1,1,NaN,2,NaN,NaN,,NaN,,NaN,,66,NaN,60,NaN,1,4,1,1,1,1,1,2,1,1,1,1,1,1,1,1,1,1,1,2,1,1,704322.911,4383737.539,81.788,Sec,11010,0,0,2,18,2
19567,6,2010460002135,3,4,20,6,2,1,1,CV-35,22.5,22,5,0,1,5,2,2,3,4,2,2,2,2,2,2,7,7,5,1,1,1,9,14,3,1,1,NaN,1,NaN,NaN,,NaN,,NaN,,NaN,NaN,NaN,71,1,4,2,2,1,1,1,1,1,1,1,1,1,1,1,1,1,1,1,2,1,2,707618.674,4389268.785,128.667,Per,35098,0,0,0,19,1
19569,6,2010460002136,3,4,20,4,2,1,2,CV-35,8,8,0,1,1,2,3,2,3,4,2,2,2,1,2,2,7,7,8,1,1,1,9,14,3,1,1,NaN,2,3,NaN,,NaN,,NaN,,NaN,NaN,NaN,NaN,1,4,2,1,1,1,1,1,1,1,1,1,1,1,1,1,1,1,1,2,2,1,657790.505,4422107.426,998.182,Per,101445,0,0,0,13,1
19571,6,2010460002137,3,4,20,6,2,1,2,CV-410,4,4,0,1,1,5,3,2,3,4,2,2,2,2,2,2,7,7,5,1,1,1,9,14,3,1,3,NaN,2,NaN,NaN,,21,24,NaN,,NaN,NaN,NaN,NaN,1,4,2,1,1,1,1,1,1,1,1,1,1,1,1,2,1,2,1,2,1,1,717667.359,4369725.315,29.393,Pri,26958,0,0,1,19,1
19572,6,2010460002143,3,4,21,6,3,1,1,CV-35,36.1,36,1,0,1,2,3,2,3,3,2,2,2,2,2,2,7,7,8,1,5,1,9,14,3,1,1,NaN,1,NaN,NaN,,21,24,NaN,,NaN,NaN,NaN,NaN,1,4,1,1,1,1,1,1,1,1,1,1,1,1,1,2,1,1,1,2,1,1,697576.667,4395712.103,254.829,Per,9649,0,0,0,21,1
19575,6,2010460002145,3,4,18,6,7,3,2,CV-35,20.1,20,1,1,1,5,3,2,3,3,2,2,2,2,2,2,7,7,8,1,1,1,9,14,3,1,1,NaN,1,NaN,NaN,,NaN,,NaN,,NaN,64,60,NaN,2,4,2,1,1,1,1,1,1,1,1,1,1,1,1,1,1,1,1,2,1,1,664006.445,4414287.333,789.416,Per,46733,0,2,1,18,1
19582,6,2010460002159,3,4,22,3,4,1,4,CV-35,5.5,5,5,1,1,2,3,2,3,4,2,2,2,1,2,2,7,7,8,1,1,4,9,14,1,1,1,NaN,2,4,NaN,,NaN,,NaN,,NaN,NaN,NaN,NaN,2,4,2,1,1,1,1,1,1,1,1,1,1,1,1,1,1,1,1,2,1,1,656155.285,4423077.166,942.697,Per,87553,0,0,0,9,1
19583,6,2010460002218,3,4,27,4,2,1,1,CV-650,3.6,3,6,0,1,5,2,2,3,3,2,1,1,1,2,1,1,1,3,1,1,1,9,14,3,1,1,NaN,1,NaN,NaN,,NaN,,NaN,,66,NaN,60,NaN,1,4,2,1,1,1,1,1,1,1,1,1,1,1,1,1,1,1,1,2,1,1,709068.183,4302048.138,312.485,Cob,8077,0,1,0,14,7
19584,6,2010460002220,3,4,26,1,1,4,1,CV-35,6.8,6,8,0,1,2,3,2,3,4,2,2,2,2,2,2,7,7,8,1,4,1,9,14,3,1,1,NaN,1,NaN,NaN,,NaN,,NaN,,NaN,52,50,NaN,1,4,2,1,1,1,1,1,1,1,1,1,1,1,1,1,1,1,1,2,1,1,719160.114,4379809.805,79.389,Per,102677,0,0,0,4,1
19586,6,2010460002221,3,4,24,4,6,2,2,CV-50,31.8,31,8,1,1,5,3,2,3,3,2,1,1,1,1,1,7,7,8,1,1,1,9,14,2,1,1,NaN,1,NaN,NaN,,NaN,,NaN,,NaN,NaN,NaN,71,1,4,2,1,1,1,1,1,1,1,1,1,1,1,1,1,1,1,1,2,1,1,698002.395,4361985.247,233.129,Cob,12832,0,0,2,12,1
19588,6,2010460002254,3,4,27,6,2,1,2,CV-300,3.9,3,9,1,1,5,3,2,3,3,2,2,1,1,1,1,5,1,4,1,1,1,9,14,1,1,1,NaN,2,2,NaN,,NaN,,NaN,,NaN,NaN,NaN,NaN,1,4,2,1,1,1,1,1,2,1,1,1,1,1,1,1,1,1,1,2,1,1,728607.103,4381905.787,45.929,Cob,18308,0,1,0,17,6
19589,6,2010460002256,3,4,26,4,1,4,1,CV-36,1.4,1,4,0,1,2,3,2,3,4,2,2,2,2,2,2,7,7,8,1,1,1,9,14,3,1,1,NaN,1,NaN,NaN,,NaN,,NaN,,NaN,62,60,NaN,1,4,1,1,1,1,1,1,1,1,1,1,1,1,1,1,1,1,2,2,1,1,716762.196,4369438.157,39.661,Pri,70764,0,0,1,14,1
19592,6,2010460002284,3,4,29,1,4,1,1,CV-35,79.9,79,9,0,1,2,3,2,3,3,2,1,1,1,1,2,7,7,8,1,5,1,9,14,3,1,1,NaN,1,NaN,NaN,,21,24,NaN,,NaN,NaN,NaN,NaN,1,4,1,1,1,1,1,2,1,1,1,1,1,1,1,1,1,1,1,2,1,2,662959.029,4409681.804,886.652,Cob,1526,0,0,3,1,1
19593,6,2010460002286,3,4,30,1,5,1,1,CV-35,15.5,15,5,1,1,2,3,2,3,4,2,2,2,2,2,2,7,7,8,1,3,1,9,14,3,1,1,NaN,1,NaN,NaN,,NaN,,NaN,,NaN,62,60,NaN,1,4,2,1,1,1,1,1,2,1,1,1,1,1,1,1,1,1,1,2,1,1,662674.839,4417997.185,903.866,Per,82145,0,0,0,4,1
19594,6,2010460002305,3,4,30,6,5,2,1,CV-60,29.8,29,8,0,1,5,3,2,3,4,2,2,2,2,2,2,7,7,8,1,1,1,9,14,1,1,1,NaN,2,NaN,NaN,,NaN,,NaN,,NaN,54,50,NaN,1,4,2,1,2,1,1,2,1,1,1,1,1,1,1,1,1,1,1,2,1,1,737045.249,4312036.048,133.197,Cob,12885,0,0,1,18,5
19595,6,2010460002308,3,5,2,2,7,3,1,CV-60,21,21,0,0,1,5,3,2,3,3,2,1,1,1,2,1,7,7,8,3,4,2,4,14,3,1,1,NaN,2,NaN,NaN,,NaN,,NaN,,NaN,61,60,NaN,1,4,2,1,2,1,1,1,1,1,1,1,1,1,1,1,1,1,1,2,1,1,729649.404,4308397.55,256.943,Cob,8507,0,0,1,6,1
19597,6,2010460002313,3,5,1,5,6,3,2,CV-41,2,2,0,1,1,5,3,2,3,3,2,1,1,1,1,1,5,1,4,1,1,1,9,14,3,1,1,NaN,2,2,NaN,,NaN,,NaN,,NaN,NaN,NaN,NaN,1,4,1,1,1,1,1,1,2,1,1,1,1,1,1,1,1,1,1,2,1,1,715630.666,4320655.248,58.377,Cob,12732,0,0,1,15,6
19598,6,2010460002331,3,5,1,6,6,3,1,CV-515,6.3,6,3,0,1,5,2,2,3,3,2,1,1,1,1,1,7,7,8,3,2,4,9,14,3,1,1,NaN,2,NaN,NaN,,NaN,,NaN,,55,NaN,50,NaN,1,4,2,1,1,1,1,2,1,1,1,1,1,1,2,1,1,1,1,2,1,1,728299.475,4342956.852,-2.136,Cob,6102,0,0,1,20,2
19602,6,2010460002340,3,4,30,4,5,1,4,CV-35,3.6,3,6,1,1,2,3,2,3,4,2,2,1,1,2,1,7,7,8,1,1,1,9,14,3,1,1,NaN,1,5,NaN,,NaN,,NaN,,NaN,NaN,NaN,NaN,2,4,2,1,1,1,1,1,2,1,1,1,1,1,1,1,1,1,1,2,1,1,654573.541,4422927.151,910.747,Per,125487,0,0,0,14,1
19604,6,2010460002344,3,4,30,6,5,1,2,CV-35,15.5,15,5,0,1,2,3,2,3,4,2,2,2,1,2,2,7,7,8,1,1,1,9,14,3,1,1,NaN,2,3,NaN,,NaN,,NaN,,NaN,NaN,NaN,NaN,1,4,1,1,1,1,1,1,2,1,1,1,1,1,1,1,1,1,1,2,1,1,712061.948,4384555.19,87.592,Per,82145,0,0,0,18,2
19606,6,2010460002384,3,5,3,6,1,1,2,CV-500,0.7,0,7,1,1,5,3,2,3,3,2,2,2,2,2,2,3,1,8,3,2,4,9,14,3,1,1,NaN,1,NaN,NaN,,NaN,,NaN,,NaN,52,50,NaN,1,4,1,2,1,1,1,2,1,1,1,1,1,1,2,1,1,1,1,2,1,1,732015.48,4343581.269,-2.036,Pri,17182,0,0,0,20,6
19607,6,2010460002387,3,5,4,6,2,1,1,CV-645,0.1,0,1,1,1,5,3,2,3,3,2,1,1,1,2,2,7,7,5,1,3,1,9,14,3,1,1,NaN,1,NaN,NaN,,NaN,,NaN,,NaN,63,60,NaN,1,4,2,1,1,1,1,1,1,1,1,1,1,1,1,1,1,1,1,2,3,1,714800.564,4319497.251,69.603,Cob,11941,0,0,1,21,1
19608,6,2010460002390,3,5,3,6,1,1,1,CV-400,2.2,2,2,0,1,5,3,2,3,4,2,1,2,1,2,2,5,1,8,3,3,1,9,14,1,1,1,NaN,2,NaN,NaN,,NaN,,NaN,,NaN,63,60,NaN,1,4,1,1,1,1,1,2,1,1,1,1,1,1,1,1,1,1,1,2,1,1,723561.767,4367608.206,-1.314,Cob,23335,0,0,0,22,6