Id,Ano,Numero_Accidente,Provincia,Mes,Dia,Hora,Dia_Semana,Tipo_Dia,Vehiculos_Implicados,Carretera,Pk,Km,Hm,Sentido,Zona,Tipo_Via,Anchura_Calzada,Anchura_Carril,Marcas_Viales,Arcen,Arcen_Pavimentado,Mediana,Barrera_Seguridad,Paneles_Direccionales,Hitos_Arista,Captafaros,Interseccion_Tipo,Interseccion_Acondicionamiento,Prioridad_Regulada_por,Superficie,Luminosidad,Factores_Atmosfericos,Visibilidad_Restringida_por,Otras_Circunstancias,Senalizacion_Peligro,Aceras,Arboles,Arboles_Metros_Calzada,Visibilidad_Senalizacion_Vertical,Colision_Vehiculos_Marcha,Colision_Vehiculo_Obstaculo_1,Colision_Vehiculo_Obstaculo_2,Atropello_1,Atropello_2,Vuelco_1,Vuelco_2,Salida_Sin_Colision,Salida_Con_Colision,Lado_Salida,Otro,Circulacion,Circulacion_Medidas_Especiales,Distraccion,Inexperiencia_Conductor,Alcohol_Drogas,Cansancio_Sueno,Enfermedad,Velocidad_Inadecuada,Infraccion_Norma_Circulacion,Estado_Condicion_Via,Estado_Condicion_Senalizacion,Tramo_Obras,Mal_Estado_Vehiculo,Averia_Mecanica,Meteorologia_Adversa,Irrupcion_Animal,Circular_Sentido_Contrario,Otro_Factor,Sin_Opinion_Definida,Pendiente,Curvatura,Peralte,GPS_x,GPS_y,GPS_z,Tipo_Est,IMD,N_Muertos,N_Graves,N_Leves,Hora_Real,Fuera_o_Interseccion
19610,6,2010460002406,3,5,2,2,7,3,1,CV-35,10.1,10,1,0,1,2,3,2,3,4,2,2,2,1,2,2,7,7,8,1,2,1,9,14,3,1,3,NaN,2,NaN,NaN,,NaN,,NaN,,NaN,53,50,NaN,1,4,2,1,2,1,1,1,1,1,1,1,1,1,1,1,1,1,1,2,1,1,716251.619,4381407.594,83.704,Per,96825,0,0,0,6,2
19614,6,2010460002412,3,5,4,6,2,1,2,CV-35,21.1,21,1,0,1,5,2,2,3,4,2,2,2,2,2,2,7,7,8,1,1,1,9,14,3,1,1,NaN,1,4,NaN,,NaN,,NaN,,NaN,NaN,NaN,NaN,1,4,2,1,1,1,1,1,1,1,1,1,1,1,1,1,1,2,1,2,1,1,708567.341,4388584.31,123.451,Per,46733,0,0,2,17,2
19616,6,2010460002416,3,5,6,4,4,1,1,CV-36,5.5,5,5,1,1,2,3,2,3,4,2,2,2,2,2,2,7,7,8,1,1,1,9,14,1,1,3,NaN,1,NaN,NaN,,NaN,,NaN,,66,NaN,60,NaN,1,4,2,1,1,1,1,1,1,1,1,1,1,1,1,1,1,1,1,2,1,1,721608.922,4369131.394,7.42,Cob,27278,2,0,1,12,1
19618,6,2010460002438,3,5,5,3,3,1,2,CV-35,3.5,3,5,1,1,2,3,2,3,4,2,2,2,1,2,2,7,7,8,1,1,1,9,14,3,1,1,NaN,2,4,NaN,,NaN,,NaN,,NaN,NaN,NaN,NaN,2,4,2,1,1,1,1,1,1,1,1,1,1,1,1,1,1,2,1,2,2,1,654507.777,4422863.684,906.357,Per,125487,0,0,0,9,1
19619,6,2010460002475,3,5,8,4,6,2,1,CV-686,0.8,0,8,0,1,5,3,2,3,3,2,1,1,1,1,1,7,7,8,1,1,1,9,14,3,1,1,NaN,2,NaN,NaN,,NaN,,NaN,,NaN,64,60,NaN,1,4,1,1,1,1,2,1,1,1,1,1,1,1,1,1,1,1,1,2,1,1,742198.425,4313642.418,23.882,Cob,16972,0,0,1,12,1
19620,6,2010460002481,3,5,7,3,5,1,1,CV-31,0.2,0,2,0,1,5,1,1,4,3,2,2,2,2,2,1,4,1,8,1,1,1,9,14,3,1,1,NaN,1,NaN,NaN,,NaN,,NaN,,NaN,64,60,NaN,1,4,1,1,1,1,1,2,1,1,1,1,1,1,1,1,1,1,1,2,1,1,721277.669,4374822.003,7.911,Cob,50534,0,0,0,7,6
19621,6,2010460002488,3,5,9,1,7,3,1,CV-31,2.2,2,2,1,1,5,2,2,3,2,2,2,2,2,2,2,4,1,8,1,3,1,9,14,3,1,1,NaN,1,NaN,NaN,,NaN,,NaN,,NaN,53,50,NaN,1,4,2,1,2,1,1,1,1,1,1,1,1,1,1,1,1,1,1,2,1,1,720741.681,4376798.542,26.452,Cob,45785,0,0,0,2,6
19626,6,2010460002507,3,5,10,2,1,4,2,CV-60,23.3,23,3,1,1,5,3,2,3,4,2,2,2,1,2,2,7,7,7,1,4,1,2,2,2,1,1,NaN,2,3,NaN,,NaN,,NaN,,NaN,NaN,NaN,NaN,1,4,1,1,1,1,1,1,2,1,1,1,1,1,1,1,1,1,1,2,1,1,724683.686,4306756.509,221.469,Cob,12521,0,0,0,6,2
19627,6,2010460002512,3,5,8,1,6,2,1,CV-33,4.9,4,9,1,1,5,3,2,3,3,2,2,2,1,2,1,7,7,8,1,5,1,9,14,3,1,1,NaN,1,NaN,NaN,,NaN,,NaN,,NaN,54,50,NaN,1,4,2,1,1,1,1,1,1,1,1,1,1,1,1,1,1,1,1,2,1,2,722125.628,4364120.877,-5.997,Sec,23236,0,0,0,23,2
19629,6,2010460002561,3,5,10,3,1,1,2,CV-31,1,1,0,0,1,5,3,2,3,4,2,2,2,2,2,2,4,1,8,1,1,1,9,14,3,1,1,NaN,1,4,NaN,,NaN,,NaN,,NaN,NaN,NaN,NaN,2,4,1,1,1,1,1,1,2,1,1,1,1,1,1,1,1,1,1,2,1,1,721210.824,4375335.056,8.333,Sec,33814,0,0,1,8,6
19631,6,2010460002562,3,5,9,3,7,3,2,CV-36,3.1,3,1,0,1,2,3,2,3,4,2,2,2,2,2,2,7,7,8,1,1,1,9,14,3,1,1,NaN,2,4,NaN,,NaN,,NaN,,NaN,NaN,NaN,NaN,1,4,2,1,1,1,1,1,1,1,1,1,1,1,1,1,1,1,1,2,1,2,715100.73,4369362.19,47.745,Pri,70764,0,0,1,10,2
19633,6,2010460002568,3,5,11,3,2,1,2,CV-32,0.5,0,5,1,1,5,3,2,3,4,2,2,2,2,2,2,5,1,8,1,1,1,9,14,3,1,1,NaN,1,NaN,NaN,,NaN,,NaN,,NaN,64,60,NaN,1,4,2,1,1,1,1,1,1,1,1,1,1,1,1,1,1,1,1,2,1,1,725218.233,4386733.151,44.25,Per,27881,0,0,0,7,6
19635,6,2010460002575,3,3,10,6,3,1,2,CV-410,4,4,0,1,1,5,3,2,3,3,2,2,2,2,2,2,7,7,8,1,1,1,9,14,3,1,3,NaN,2,4,NaN,,NaN,,NaN,,NaN,NaN,NaN,NaN,1,4,2,1,1,1,1,1,1,1,1,1,1,1,1,1,1,1,1,2,1,1,717642.222,4369822.594,29.726,Pri,26958,0,0,1,20,1
19636,6,2010460002593,3,5,12,5,3,1,1,CV-50,8.6,8,6,0,1,5,3,2,3,3,2,1,1,1,2,2,7,7,8,1,1,1,9,14,3,1,1,NaN,1,NaN,NaN,,NaN,,NaN,,NaN,61,60,NaN,1,4,1,1,1,1,1,1,1,1,1,1,1,1,1,1,1,1,2,2,1,1,731086.789,4328975.739,70.295,Cob,10185,0,0,0,15,1
19639,6,2010460002606,3,5,11,6,2,1,2,CV-35,3.6,3,6,1,1,2,3,2,3,4,2,2,2,2,2,2,7,7,8,1,1,1,9,14,3,1,1,NaN,1,4,NaN,,NaN,,NaN,,NaN,NaN,NaN,NaN,1,4,1,1,1,1,1,1,1,1,1,1,1,1,1,1,1,1,2,2,1,1,654573.541,4422927.151,910.747,Per,125487,0,0,0,18,1
19640,6,2010460002621,3,5,14,1,5,1,1,CV-33,5.4,5,4,0,1,5,3,2,3,4,2,2,2,2,2,2,7,7,8,1,4,1,9,14,3,1,1,NaN,1,NaN,NaN,,NaN,,NaN,,NaN,62,60,NaN,1,4,2,1,2,1,1,1,1,1,1,1,1,1,1,1,1,1,1,2,1,1,720471.105,4366426.47,11.838,Sec,23236,0,0,1,1,2
19641,6,2010460002623,3,5,14,1,5,1,1,CV-333,1,1,0,0,1,5,3,2,3,4,2,1,1,1,2,2,7,7,8,1,5,1,9,14,3,1,1,NaN,1,NaN,NaN,,NaN,,NaN,,NaN,64,60,NaN,1,4,2,1,2,1,1,1,1,1,1,1,1,1,1,1,1,1,1,2,1,1,717936.687,4387147.622,84.247,Sec,6842,0,0,0,4,1
19642,6,2010460002625,3,5,13,2,4,1,1,CV-42,5.5,5,5,1,1,5,3,2,3,4,2,1,1,1,2,1,5,3,8,1,1,1,8,14,3,1,1,NaN,2,NaN,NaN,,NaN,,NaN,,NaN,61,60,NaN,1,4,1,1,1,2,1,1,1,1,1,1,1,1,1,1,1,1,1,2,1,1,723033.35,4349867.648,-9.528,Cob,4607,0,0,1,6,6
19644,6,2010460002641,3,5,13,3,4,1,2,CV-50,82.2,82,2,1,1,5,3,2,3,4,2,1,1,2,2,2,2,1,3,1,1,1,9,14,1,1,1,NaN,2,3,NaN,,NaN,,NaN,,NaN,NaN,NaN,NaN,1,4,1,1,1,1,1,1,2,1,1,1,1,1,1,1,1,1,1,2,1,1,729140.583,4330285.901,67.652,Cob,4517,0,2,0,9,6
19646,6,2010460002656,3,5,12,3,3,1,2,CV-32,0.5,0,5,0,1,5,3,2,3,3,2,2,1,1,1,1,1,1,8,1,1,1,9,14,2,1,3,NaN,2,4,NaN,,NaN,,NaN,,NaN,NaN,NaN,NaN,3,4,2,1,1,1,1,1,1,1,1,1,1,1,1,1,1,1,1,2,2,1,732099.951,4381729.04,-19.267,Per,27881,0,0,0,8,6
19647,6,2010460002672,3,5,15,3,6,1,1,CV-35,3.5,3,5,1,1,2,3,2,3,3,2,2,2,2,2,1,7,7,8,1,1,1,9,14,3,1,1,NaN,1,NaN,NaN,,NaN,,NaN,,NaN,54,50,NaN,1,4,1,2,1,1,1,1,1,1,1,1,1,1,1,1,1,1,1,2,2,1,654507.777,4422863.684,906.357,Per,125487,0,0,0,7,1
19648,6,2010460002676,3,5,15,6,6,2,1,CV-235,22.8,22,8,0,1,5,3,2,3,3,2,1,1,1,1,1,7,7,8,1,1,1,9,14,1,1,1,NaN,2,NaN,NaN,,NaN,,NaN,,66,NaN,60,NaN,1,4,1,1,1,1,1,1,1,1,1,1,1,1,1,1,1,1,2,2,1,1,697220.387,4412982.648,958.876,Cob,312,0,0,0,18,5
19650,6,2010460002679,3,5,17,3,1,1,2,CV-686,0.5,0,5,0,1,5,3,2,3,3,2,1,1,1,2,2,5,6,4,1,1,1,9,14,1,1,1,NaN,2,4,NaN,,NaN,,NaN,,NaN,NaN,NaN,NaN,1,4,2,1,1,1,1,1,1,1,1,1,1,1,1,1,1,1,1,2,1,1,741940.094,4313490.058,28.205,Cob,16972,0,0,0,8,6
19651,6,2010460002682,3,5,16,6,7,3,1,CV-32,7.8,7,8,0,1,5,3,2,3,4,2,2,2,1,2,2,7,7,8,1,1,1,9,14,1,1,1,NaN,2,NaN,NaN,,NaN,,12,9,NaN,NaN,NaN,NaN,1,4,2,1,1,1,1,1,1,1,1,1,1,1,1,1,1,1,1,2,1,1,726946.185,4385871.904,22.772,Cob,15301,0,1,0,18,5
19653,6,2010460002709,3,5,17,4,1,1,2,CV-32,3.3,3,3,1,1,5,3,2,3,4,2,2,2,1,2,1,5,1,8,1,1,1,9,14,1,1,1,NaN,2,3,NaN,,NaN,,NaN,,NaN,NaN,NaN,NaN,1,4,2,1,1,1,1,1,1,1,1,1,1,1,1,1,1,1,1,2,1,1,727307.806,4385270.354,13.941,Cob,13490,0,0,0,11,6
19655,6,2010460002712,3,5,18,5,2,1,2,CV-610,15.5,15,5,0,1,5,2,2,3,1,2,2,1,2,1,1,7,7,8,1,1,1,9,14,1,1,1,NaN,2,2,NaN,,NaN,,NaN,,NaN,NaN,NaN,NaN,1,4,1,1,1,1,1,1,1,1,1,1,1,1,1,1,1,2,1,2,1,1,727061.186,4313888.568,235.469,Cob,2912,0,0,2,15,4
19659,6,2010460002733,3,5,19,3,3,1,4,CV-31,3.6,3,6,0,1,5,3,2,3,4,2,1,2,1,2,2,3,1,8,1,1,1,9,14,1,1,1,NaN,2,1,NaN,,NaN,,NaN,,NaN,NaN,NaN,NaN,2,4,2,1,1,1,1,1,1,1,1,1,1,1,1,1,1,1,1,2,1,1,721179.237,4377630.625,29.001,Cob,23099,0,1,1,8,6
19660,6,2010460002738,3,5,18,6,2,1,1,CV-60,33.5,33,5,0,1,5,3,2,3,3,2,2,2,1,1,2,7,7,8,1,1,1,9,14,1,1,1,NaN,2,NaN,NaN,,NaN,,12,9,NaN,NaN,NaN,NaN,1,4,2,1,1,1,1,1,1,1,1,1,1,2,1,1,1,1,1,2,1,1,740066.674,4313916.393,48.785,Pri,15938,0,0,1,18,2
19662,6,2010460002753,3,5,20,3,4,1,2,CV-705,18.8,18,8,0,1,5,1,3,1,1,2,1,2,1,1,1,7,7,8,1,1,1,9,14,3,1,1,NaN,1,NaN,NaN,,NaN,,NaN,,66,NaN,60,NaN,1,4,1,1,1,1,1,2,1,1,1,1,1,1,1,1,1,1,1,2,1,1,727132.741,4305132.72,330.812,Cob,168,0,0,1,9,5
19664,6,2010460002783,3,5,22,6,6,2,2,CV-590,54.2,54,2,0,1,5,3,2,3,3,2,1,2,2,2,1,1,1,8,1,1,1,9,14,3,1,1,NaN,1,2,NaN,,NaN,,NaN,,NaN,NaN,NaN,NaN,1,4,2,1,1,1,1,1,2,1,1,1,1,1,1,1,1,1,1,2,2,1,704103.783,4320723.327,191.981,Sec,6608,0,0,1,18,6
19669,6,2010460002789,3,5,22,4,6,2,4,CV-686,0.1,0,1,1,1,5,3,2,3,3,2,1,1,1,2,1,7,7,8,1,1,1,9,14,1,1,1,NaN,2,4,NaN,,NaN,,NaN,,NaN,NaN,NaN,NaN,1,4,2,1,1,1,1,1,2,1,1,1,1,1,1,1,1,1,1,2,1,1,743522.308,4315823.407,9.33,Cob,16972,0,0,0,11,1
19670,6,2010460002793,3,5,24,3,1,4,1,CV-40,16,16,0,0,1,2,3,2,3,4,2,2,2,1,2,2,7,7,8,1,1,1,9,14,3,1,3,NaN,2,NaN,NaN,,NaN,,NaN,,NaN,63,60,NaN,1,4,1,1,1,1,1,1,1,1,1,1,1,2,1,1,1,1,1,2,1,2,710193.686,4305765.693,233.581,Cob,20131,0,0,1,10,1
19672,6,2010460002794,3,5,21,6,5,1,2,CV-410,4.3,4,3,0,1,5,3,2,3,2,2,1,1,1,1,1,5,1,8,1,1,1,9,14,1,1,1,NaN,1,3,NaN,,NaN,,NaN,,NaN,NaN,NaN,NaN,1,4,1,1,1,1,1,1,1,1,1,1,1,1,1,1,1,1,2,2,1,1,717185.336,4372436.768,37.237,Pri,26958,0,0,0,20,6
19674,6,2010460002805,3,5,23,6,7,3,2,CV-500,10.6,10,6,0,1,5,3,2,3,3,2,1,1,1,1,1,1,4,3,1,1,1,9,14,1,1,1,NaN,2,3,NaN,,NaN,,NaN,,NaN,NaN,NaN,NaN,1,4,1,1,1,1,1,1,1,1,1,1,1,1,1,1,1,1,2,2,1,1,730534.252,4359946.009,-14.993,Sec,11198,0,0,0,18,6
19675,6,2010460002817,3,5,22,4,6,2,1,CV-25,24.1,24,1,1,1,5,2,2,3,3,2,1,1,1,1,1,7,7,5,1,1,1,9,14,3,1,3,NaN,2,NaN,NaN,,NaN,,12,9,NaN,NaN,NaN,NaN,1,4,1,1,1,1,1,1,1,1,1,1,1,1,1,1,1,2,1,2,1,1,711350.466,4399902.797,323.865,Cob,505,0,0,1,11,2
19676,6,2010460002866,3,5,26,3,3,1,1,CV-50,84.5,84,5,0,1,5,2,2,3,3,2,1,2,1,2,2,7,7,8,1,1,1,9,14,3,1,1,NaN,1,NaN,NaN,,21,24,NaN,,NaN,NaN,NaN,NaN,1,4,1,1,1,1,1,1,1,1,1,1,1,1,1,2,1,1,1,2,1,1,703180.948,4381364.723,114.559,Cob,4517,0,0,0,8,1
19678,6,2010460002873,3,5,26,5,3,1,2,CV-400,1,1,0,1,1,5,3,2,3,4,2,2,2,1,2,2,7,7,4,1,1,1,9,14,1,1,3,NaN,2,4,NaN,,NaN,,NaN,,NaN,NaN,NaN,NaN,1,4,2,1,1,1,1,1,1,1,1,1,1,1,1,1,1,1,1,2,2,2,722559.872,4364771.622,-7.809,Sec,44034,0,0,0,15,1
19680,6,2010460002882,3,5,25,3,2,1,2,CV-500,25.5,25,5,1,1,5,3,2,3,3,2,1,1,1,1,1,1,6,8,1,1,1,9,14,3,1,1,NaN,1,4,NaN,,NaN,,NaN,,NaN,NaN,NaN,NaN,1,4,2,1,1,1,1,1,2,1,1,1,1,1,1,1,1,1,1,2,1,1,729644.02,4364733.408,-20.806,Cob,8936,0,0,0,8,7
19683,6,2010460002886,3,5,25,5,2,1,2,CV-36,0.1,0,1,1,1,2,3,2,3,3,2,2,2,1,2,2,7,7,8,1,1,1,9,14,2,1,1,NaN,2,3,NaN,,NaN,,NaN,,NaN,NaN,NaN,NaN,1,4,1,1,1,1,1,1,1,1,1,1,1,1,1,1,1,1,2,2,1,1,711434.683,4369331.741,68.409,Pri,70764,0,0,0,15,1
19685,6,2010460002887,3,3,25,6,4,1,2,CV-407,3.6,3,6,0,1,5,3,2,3,3,2,1,2,1,2,2,7,7,8,1,1,1,9,14,3,1,1,NaN,2,4,NaN,,NaN,,NaN,,NaN,NaN,NaN,NaN,3,4,2,1,1,1,1,1,2,1,1,1,1,1,1,1,1,1,1,2,1,1,724165.796,4367994.431,-6.426,Sec,18898,0,0,1,18,1
19688,6,2010460002890,3,5,28,3,5,2,3,CV-35,13,13,0,1,1,2,3,2,3,4,2,2,2,2,2,2,7,7,8,1,1,1,9,14,3,1,1,NaN,1,4,NaN,,NaN,,NaN,,NaN,NaN,NaN,NaN,2,4,1,1,1,1,1,1,2,1,1,1,1,1,1,1,1,1,1,2,1,2,661885.067,4420024.045,879.951,Per,100017,0,0,0,8,1
19689,6,2010460002891,3,5,26,6,3,1,1,CV-35,6.9,6,9,1,1,2,3,2,3,4,2,2,2,1,2,2,7,7,8,1,3,1,9,14,3,1,1,NaN,2,NaN,NaN,,NaN,,NaN,,NaN,64,60,NaN,1,4,1,2,1,1,1,1,1,1,1,1,1,1,1,1,1,1,1,2,1,1,657229.749,4422414.726,979.812,Per,102677,0,0,0,22,1
19693,6,2010460002905,3,5,31,3,1,1,4,CV-686,3.1,3,1,0,1,5,3,2,3,3,2,1,2,1,1,1,7,7,8,1,1,1,9,14,3,1,1,NaN,2,5,NaN,,NaN,,NaN,,NaN,NaN,NaN,NaN,1,4,2,1,1,1,1,1,1,1,1,1,1,1,1,1,1,1,1,2,1,1,743387.212,4315576.337,11.219,Cob,16972,0,0,3,8,1
19697,6,2010460002925,3,5,26,3,3,1,3,CV-32,0.3,0,3,0,1,5,3,2,3,3,2,1,1,1,1,1,5,6,8,1,1,1,9,14,3,1,1,NaN,2,4,NaN,,NaN,,NaN,,NaN,NaN,NaN,NaN,1,4,2,1,1,1,1,1,1,1,1,1,1,1,1,1,1,1,1,2,1,1,732291.886,4381692.359,-13.687,Per,27881,0,0,0,9,6
19702,6,2010460002974,3,6,1,6,2,1,2,CV-410,4.9,4,9,1,1,5,3,2,3,3,2,2,2,2,2,2,5,1,4,1,1,1,9,14,1,1,1,NaN,1,3,NaN,,NaN,,NaN,,NaN,NaN,NaN,NaN,1,4,1,1,1,1,1,1,1,1,1,1,1,1,1,1,1,2,1,2,2,3,718317.793,4369767.015,25.361,Pri,26958,0,0,0,19,6
19703,6,2010460002981,3,6,1,6,2,1,1,CV-35,21.8,21,8,0,1,2,3,2,3,4,2,2,2,2,2,2,4,1,8,1,1,1,9,14,3,1,1,NaN,1,NaN,NaN,,NaN,,NaN,,NaN,52,50,NaN,1,4,2,1,1,1,1,1,1,1,1,1,1,1,1,1,1,1,1,2,1,2,707903.844,4388756.262,125.46,Per,46733,0,0,0,18,6
19704,6,2010460002982,3,6,1,6,2,1,1,CV-35,21.8,21,8,0,1,2,3,2,3,4,2,2,2,2,2,2,7,7,8,1,1,1,9,14,3,1,1,NaN,1,NaN,NaN,,NaN,,NaN,,NaN,64,60,NaN,1,4,1,1,1,1,1,1,1,1,1,1,1,1,1,1,1,1,2,2,1,2,707903.844,4388756.262,125.46,Per,46733,0,0,0,18,1
19705,6,2010460002988,3,6,2,4,3,1,1,CV-35,16.3,16,3,0,1,2,3,2,3,4,2,2,2,1,2,2,7,7,8,1,1,1,9,14,3,1,1,NaN,2,NaN,NaN,,NaN,,NaN,,NaN,52,50,NaN,1,4,1,1,1,1,1,1,1,1,1,1,1,1,1,1,1,2,1,2,1,1,711488.126,4385096.775,83.125,Per,64465,0,0,0,14,1
19710,6,2010460003013,3,6,5,3,6,2,5,CV-300,7.6,7,6,1,1,5,3,2,3,2,2,2,2,2,2,2,7,7,8,1,1,1,9,14,1,1,1,NaN,2,4,NaN,,NaN,,NaN,,NaN,NaN,NaN,NaN,1,4,2,1,1,1,1,1,1,1,1,1,1,1,1,1,1,1,1,2,1,1,729980.986,4384739.803,0.55,Sec,11280,0,1,3,9,1
19712,6,2010460003014,3,6,3,3,4,1,2,CV-400,4.9,4,9,0,1,5,3,2,3,1,2,1,1,1,1,1,5,1,8,1,1,1,9,14,3,1,3,NaN,2,3,NaN,,NaN,,NaN,,NaN,NaN,NaN,NaN,1,4,2,1,1,1,1,1,1,1,1,1,1,1,1,1,1,1,1,2,1,1,722791.43,4365195.46,-6.261,Cob,13630,0,0,1,7,6
19714,6,2010460003019,3,6,3,3,4,1,2,CV-50,28.5,28,5,0,1,5,3,2,3,3,2,1,1,2,1,1,5,1,4,1,1,1,9,14,3,1,1,NaN,1,3,NaN,,NaN,,NaN,,NaN,NaN,NaN,NaN,1,4,1,1,1,1,1,1,2,1,1,1,1,1,1,1,1,1,1,2,1,1,716640.566,4340877.496,1.047,Cob,12832,0,0,0,9,6
19715,6,2010460003025,3,6,6,1,7,3,1,CV-686,2.8,2,8,1,1,5,3,2,3,3,2,1,1,1,1,1,5,1,4,1,3,1,9,14,1,1,1,NaN,1,NaN,NaN,,NaN,,NaN,,57,NaN,50,NaN,1,4,2,1,1,1,1,1,1,1,1,1,1,1,1,1,1,1,1,2,1,1,742090.881,4313584.368,25.366,Cob,16972,0,0,0,23,6
19717,6,2010460003040,3,6,7,3,1,1,2,CV-645,3.5,3,5,0,1,5,3,2,3,3,2,1,1,1,2,2,7,7,8,1,1,1,9,14,3,1,1,NaN,2,4,NaN,,NaN,,NaN,,NaN,NaN,NaN,NaN,1,4,1,1,1,1,1,1,2,1,1,1,1,1,1,1,1,2,1,2,1,1,713223.519,4318121.824,100.679,Cob,0,0,0,1,8,1
19719,6,2010460003042,3,6,4,6,5,1,2,CV-400,5.8,5,8,1,1,5,3,2,3,4,2,2,1,1,1,1,5,1,4,1,1,1,9,14,1,1,1,NaN,1,4,NaN,,NaN,,NaN,,NaN,NaN,NaN,NaN,1,4,2,1,1,1,1,1,1,1,1,1,1,1,1,1,1,1,1,2,1,1,724221.502,4368966.138,5.157,Cob,11851,0,0,0,19,6
19723,6,2010460003062,3,6,8,6,2,1,2,CV-33,3.5,3,5,1,1,5,3,2,3,3,2,2,2,2,2,2,5,1,4,1,1,1,9,14,3,1,3,NaN,2,4,NaN,,NaN,,NaN,,NaN,NaN,NaN,NaN,1,4,1,1,1,1,1,1,2,1,1,1,1,1,1,1,1,1,1,2,1,1,717523.094,4370187.218,28.958,Cob,20548,0,0,0,20,6
19726,6,2010460003070,3,6,7,3,1,4,3,CV-35,3.3,3,3,0,1,2,3,2,3,4,2,2,2,1,2,2,7,7,5,1,1,1,9,14,3,1,3,NaN,2,5,NaN,,NaN,,NaN,,NaN,NaN,NaN,NaN,3,4,1,1,1,1,1,1,2,1,1,1,1,1,1,1,1,1,1,2,1,1,721121.784,4376962.877,37.375,Per,125487,0,0,0,8,1
19729,6,2010460003105,3,6,9,3,3,1,3,CV-35,3.5,3,5,1,1,2,3,2,3,4,2,2,2,1,2,2,7,7,5,3,1,5,9,14,3,1,3,NaN,2,4,NaN,,NaN,,NaN,,NaN,NaN,NaN,NaN,3,4,2,1,1,1,1,2,1,1,1,1,1,1,1,1,1,1,1,2,2,1,654507.777,4422863.684,906.357,Per,125487,0,0,0,8,1
19730,6,2010460003108,3,6,9,3,3,1,1,CV-35,21.8,21,8,0,1,5,3,2,3,4,2,2,2,2,2,2,7,7,8,1,1,1,9,14,3,1,1,NaN,1,NaN,NaN,,21,24,NaN,,NaN,NaN,NaN,NaN,1,4,1,1,1,1,1,1,1,1,1,1,1,1,1,2,1,1,1,2,1,2,707987.413,4388703.398,124.95,Per,46733,0,0,0,8,1
19732,6,2010460003114,3,6,10,6,4,1,2,CV-41,12,12,0,0,1,5,3,2,3,4,2,1,1,1,2,1,5,1,4,1,1,1,9,14,1,1,1,NaN,2,4,NaN,,NaN,,NaN,,NaN,NaN,NaN,NaN,1,4,1,1,1,1,1,1,2,1,1,1,1,1,1,1,1,1,1,2,1,1,717341.06,4326366.081,26.295,Cob,8237,0,0,1,21,6
19733,6,2010460003115,3,6,9,6,3,1,1,CV-245,7,7,0,0,1,5,2,2,3,3,2,1,1,1,1,1,7,7,8,3,5,4,9,14,1,1,1,NaN,1,NaN,NaN,,NaN,,12,9,NaN,NaN,NaN,NaN,1,4,1,1,1,1,1,2,1,1,1,1,1,1,1,1,1,1,1,2,1,2,698359.54,4402830.07,454.491,Cob,1482,0,0,1,21,2
19735,6,2010460003122,3,6,11,5,5,1,2,CV-41,12,12,0,0,1,5,3,2,3,2,2,1,2,2,2,2,5,1,5,1,1,1,9,14,1,1,1,NaN,2,4,NaN,,NaN,,NaN,,NaN,NaN,NaN,NaN,1,4,2,1,1,2,1,1,1,1,1,1,1,1,1,1,1,1,1,2,1,1,717341.06,4326366.081,26.295,Cob,8237,0,0,2,16,6
19740,6,2010460003130,3,6,10,3,4,1,5,CV-32,0.5,0,5,0,1,5,3,2,3,4,2,1,2,1,2,2,5,1,8,1,1,1,9,14,1,1,3,NaN,2,5,NaN,,NaN,,NaN,,NaN,NaN,NaN,NaN,2,4,2,1,1,1,1,1,1,1,1,1,1,1,1,1,1,1,1,2,2,1,732099.951,4381729.04,-19.267,Per,27881,0,0,0,9,7
19741,6,2010460003143,3,6,14,1,1,1,1,CV-40,0,0,0,1,1,2,1,2,4,3,2,1,2,2,2,2,7,7,8,1,4,1,9,14,1,1,3,NaN,2,NaN,NaN,,NaN,,NaN,,NaN,52,50,NaN,1,4,1,1,2,1,1,2,1,1,1,1,1,1,1,1,1,1,1,2,1,2,716151.93,4300775.116,374.085,Cob,20145,0,0,0,0,5
19743,6,2010460003144,3,6,14,1,1,4,1,CV-60,16.3,16,3,0,1,5,3,2,3,3,2,1,2,1,1,1,7,7,8,1,5,1,2,14,3,1,1,NaN,1,NaN,NaN,,NaN,,NaN,,NaN,62,60,NaN,1,4,2,1,1,2,1,1,1,1,1,1,1,1,1,1,1,1,1,2,1,1,725645.189,4306416.802,266.449,Cob,8507,0,0,1,2,2
19744,6,2010460003149,3,6,11,6,5,1,1,CV-41,10.4,10,4,0,1,5,3,2,3,3,2,1,1,1,1,1,7,7,8,1,4,1,9,14,3,1,1,NaN,2,NaN,NaN,,NaN,,NaN,,NaN,62,60,NaN,1,4,1,1,1,1,1,1,1,1,1,1,1,1,1,1,1,1,2,2,1,1,717964.817,4327819.964,18.678,Sec,7348,0,0,0,21,1
19749,6,2010460003185,3,6,12,3,6,2,3,CV-500,23.5,23,5,0,1,5,3,2,3,3,2,1,2,2,2,2,6,4,3,1,1,1,9,14,1,1,1,NaN,2,2,NaN,,NaN,,NaN,,NaN,NaN,NaN,NaN,1,4,1,1,1,1,1,1,2,1,1,1,1,1,1,1,1,1,1,2,1,1,734669.106,4347776.447,-12.072,Cob,8936,0,0,2,10,6