Id,Ano,Numero_Accidente,Provincia,Mes,Dia,Hora,Dia_Semana,Tipo_Dia,Vehiculos_Implicados,Carretera,Pk,Km,Hm,Sentido,Zona,Tipo_Via,Anchura_Calzada,Anchura_Carril,Marcas_Viales,Arcen,Arcen_Pavimentado,Mediana,Barrera_Seguridad,Paneles_Direccionales,Hitos_Arista,Captafaros,Interseccion_Tipo,Interseccion_Acondicionamiento,Prioridad_Regulada_por,Superficie,Luminosidad,Factores_Atmosfericos,Visibilidad_Restringida_por,Otras_Circunstancias,Senalizacion_Peligro,Aceras,Arboles,Arboles_Metros_Calzada,Visibilidad_Senalizacion_Vertical,Colision_Vehiculos_Marcha,Colision_Vehiculo_Obstaculo_1,Colision_Vehiculo_Obstaculo_2,Atropello_1,Atropello_2,Vuelco_1,Vuelco_2,Salida_Sin_Colision,Salida_Con_Colision,Lado_Salida,Otro,Circulacion,Circulacion_Medidas_Especiales,Distraccion,Inexperiencia_Conductor,Alcohol_Drogas,Cansancio_Sueno,Enfermedad,Velocidad_Inadecuada,Infraccion_Norma_Circulacion,Estado_Condicion_Via,Estado_Condicion_Senalizacion,Tramo_Obras,Mal_Estado_Vehiculo,Averia_Mecanica,Meteorologia_Adversa,Irrupcion_Animal,Circular_Sentido_Contrario,Otro_Factor,Sin_Opinion_Definida,Pendiente,Curvatura,Peralte,GPS_x,GPS_y,GPS_z,Tipo_Est,IMD,N_Muertos,N_Graves,N_Leves,Hora_Real,Fuera_o_Interseccion
19750,6,2010460003187,3,6,12,6,6,2,1,CV-35,35.8,35,8,0,1,2,3,2,3,4,2,2,2,1,2,2,7,7,8,1,1,9,9,14,3,1,3,NaN,2,NaN,NaN,,NaN,,NaN,,NaN,63,60,NaN,1,4,1,1,1,1,1,1,1,1,1,1,1,1,1,1,1,1,2,2,1,1,697705.805,4395561.381,251.183,Per,9649,0,0,0,17,1
19752,6,2010460003190,3,6,14,5,1,4,2,CV-619,2.5,2,5,0,1,5,2,3,3,1,2,1,1,1,1,1,1,1,3,1,1,1,9,14,2,1,1,NaN,2,2,NaN,,NaN,,NaN,,NaN,NaN,NaN,NaN,1,4,1,1,1,1,1,1,2,1,1,1,1,1,1,1,1,1,1,2,1,1,728308.901,4306458.059,321.632,Cob,1848,0,0,1,15,6
19756,6,2010460003234,3,6,15,1,2,1,2,CV-403,1.5,1,5,0,1,5,3,2,3,3,2,2,2,2,2,2,5,6,4,1,3,1,9,14,1,1,1,NaN,2,3,NaN,,NaN,,NaN,,NaN,NaN,NaN,NaN,1,4,2,1,1,1,1,1,1,1,1,1,1,1,1,1,1,1,1,2,1,1,719797.152,4371662.429,21.447,Cob,18369,0,0,2,1,6
19758,6,2010460003242,3,6,15,6,2,1,2,CV-500,2.7,2,7,1,1,5,3,2,3,4,2,2,2,2,2,2,7,7,8,1,1,8,9,14,3,1,1,NaN,1,2,NaN,,NaN,,NaN,,NaN,NaN,NaN,NaN,1,4,2,1,1,1,1,1,1,1,1,1,1,1,2,1,1,1,1,2,1,1,732931.555,4344960.403,-11.591,Pri,17182,0,1,2,17,1
19760,6,2010460003245,3,6,15,3,2,1,2,CV-36,1,1,0,1,1,2,3,2,3,4,2,2,2,1,2,2,7,7,5,1,1,1,9,14,1,1,3,NaN,2,4,NaN,,NaN,,NaN,,NaN,NaN,NaN,NaN,3,4,2,1,1,1,1,1,1,1,1,1,1,1,1,1,1,1,1,2,1,2,711934.082,4368698.871,72.601,Pri,70764,0,0,0,10,1
19761,6,2010460003259,3,6,16,6,3,1,1,CV-30,0.4,0,4,1,1,2,3,2,3,5,2,2,2,1,2,2,7,7,8,1,1,1,9,14,3,1,1,NaN,2,NaN,NaN,,NaN,,NaN,,NaN,52,50,NaN,1,4,1,1,1,1,1,1,1,1,1,1,1,1,1,1,1,1,2,2,1,2,722010.607,4375217.145,9.107,Pri,70300,0,0,0,19,1
19762,6,2010460003282,3,6,17,5,4,1,1,CV-41,6.8,6,8,1,1,5,3,2,3,3,2,1,1,1,2,2,7,7,8,1,1,1,9,14,3,1,1,NaN,1,NaN,NaN,,NaN,,NaN,,66,NaN,60,NaN,1,4,1,1,1,1,1,1,1,1,1,1,1,1,1,1,1,2,1,2,1,1,716552.218,4324925.325,32.498,Pri,10395,0,0,1,16,1
19763,6,2010460003296,3,6,17,6,4,1,1,CV-550,1.2,1,2,0,1,5,3,2,2,1,2,1,1,1,1,1,5,1,5,1,1,1,2,14,1,1,1,NaN,2,NaN,NaN,,NaN,,NaN,,65,NaN,60,NaN,1,4,1,2,1,1,1,1,1,1,1,1,1,1,1,1,1,2,1,2,1,1,715245.753,4334310.1,-3.078,Sec,6752,0,0,1,20,6
19765,6,2010460003304,3,6,10,6,4,1,2,CV-31,0.5,0,5,1,1,5,3,2,3,4,2,2,2,2,2,2,7,7,5,1,1,1,9,14,3,1,3,NaN,2,3,NaN,,NaN,,NaN,,NaN,NaN,NaN,NaN,1,4,1,1,1,1,1,1,2,1,1,1,1,1,1,1,1,1,1,2,1,2,721254.597,4378257.454,48.227,Cob,50534,0,0,3,19,1
19766,6,2010460003312,3,6,19,3,6,2,1,CV-40,1.2,1,2,0,1,2,3,2,3,3,2,2,2,1,2,1,7,7,8,1,1,1,9,14,3,1,1,NaN,1,NaN,NaN,,21,24,NaN,,NaN,NaN,NaN,NaN,1,4,1,1,1,1,1,1,1,1,1,1,1,1,1,2,1,1,1,2,1,1,709195.877,4318509.701,136.519,Cob,20145,0,0,0,10,1
19768,6,2010460003313,3,6,20,1,7,3,1,CV-50,30.5,30,5,0,1,5,3,2,3,3,2,1,1,1,2,2,7,7,8,1,1,1,9,14,3,1,1,NaN,1,NaN,NaN,,21,24,NaN,,NaN,NaN,NaN,NaN,1,4,1,1,1,1,1,1,1,1,1,1,1,1,1,2,1,1,1,2,1,1,715525.135,4342188.3,10.945,Cob,12832,0,0,0,0,1
19769,6,2010460003314,3,6,20,6,7,3,1,CV-32,0.8,0,8,0,1,5,3,2,3,3,2,2,1,1,2,2,5,1,4,1,1,1,9,14,1,1,1,NaN,2,NaN,NaN,,NaN,,NaN,,NaN,63,60,NaN,1,4,2,2,2,1,1,1,1,1,1,1,1,1,1,1,1,1,1,2,1,1,731810.089,4381716.847,-19.172,Per,27881,0,0,0,17,6
19770,6,2010460003316,3,6,20,5,7,3,1,CV-36,1.8,1,8,0,1,2,3,2,3,4,2,2,2,1,2,2,7,7,8,1,1,1,9,14,3,1,1,NaN,2,NaN,NaN,,NaN,,NaN,,66,NaN,60,NaN,1,4,2,1,2,1,1,1,1,1,1,1,1,1,1,1,1,2,1,2,1,1,716374.963,4369347.936,36.826,Pri,70764,0,1,1,16,1
19772,6,2010460003333,3,6,18,6,5,1,2,CV-403,0,0,0,0,1,5,3,2,3,4,2,1,1,1,2,2,4,1,8,1,1,1,9,14,3,1,1,NaN,2,3,NaN,,NaN,,NaN,,NaN,NaN,NaN,NaN,1,4,1,1,1,1,1,1,2,1,1,1,1,1,1,1,1,1,1,2,1,1,721005.828,4372378.658,17.626,Cob,18369,0,0,0,19,6
19773,6,2010460003345,3,6,19,3,6,2,1,CV-31,4.5,4,5,1,1,5,3,2,3,3,2,1,2,1,2,2,1,4,8,1,1,1,9,14,1,1,3,NaN,2,NaN,NaN,,NaN,,NaN,,NaN,53,50,NaN,1,4,2,1,1,1,1,2,1,1,1,1,1,1,1,1,1,1,1,2,1,1,721493.918,4374964.779,8.889,Cob,23099,0,0,0,7,6
19774,6,2010460003349,3,6,20,4,7,3,1,CV-35,11.5,11,5,1,1,2,3,2,3,4,2,2,2,1,2,2,7,7,8,1,1,1,9,14,2,1,1,NaN,2,NaN,NaN,,NaN,,NaN,,NaN,64,60,NaN,1,4,2,1,1,1,1,1,1,1,1,1,1,1,1,1,1,1,1,2,1,2,660727.898,4420761.226,907.118,Per,96825,0,0,0,12,1
19776,6,2010460003362,3,6,21,5,1,1,1,CV-36,6.5,6,5,1,1,2,1,1,3,3,2,2,2,2,2,2,3,1,8,1,1,1,9,14,3,1,1,NaN,2,NaN,NaN,,NaN,,NaN,,NaN,54,50,NaN,1,4,1,1,1,1,1,2,1,1,1,1,1,1,1,1,1,1,1,2,1,1,722355.894,4369781.271,2.243,Sec,21627,0,0,0,16,6
19778,6,2010460003363,3,6,21,3,1,1,2,CV-50,50.2,50,2,0,1,5,3,2,3,3,2,1,2,2,2,2,5,1,8,1,1,1,9,14,3,1,1,NaN,2,3,NaN,,NaN,,NaN,,NaN,NaN,NaN,NaN,1,4,2,1,1,1,1,1,1,1,1,1,1,1,1,1,1,1,1,2,1,1,705933.168,4357128.296,108.065,Pri,2544,0,0,0,8,6
19780,6,2010460003365,3,6,21,4,1,1,2,CV-35,14,14,0,0,1,2,3,2,3,4,2,2,2,1,2,1,7,7,5,1,1,1,9,14,3,1,1,NaN,1,NaN,30,32,NaN,,NaN,,NaN,NaN,NaN,NaN,1,4,1,1,1,1,1,1,1,1,1,1,1,1,1,1,1,2,1,2,1,1,713277.181,4383701.383,85.48,Per,82145,0,0,0,12,1
19782,6,2010460003366,3,6,21,4,1,4,2,CV-32,0.2,0,2,0,1,5,1,2,2,1,2,1,1,1,1,1,1,1,8,1,1,1,9,14,3,1,3,NaN,2,3,NaN,,NaN,,NaN,,NaN,NaN,NaN,NaN,1,4,2,1,1,1,1,1,1,1,1,1,1,1,1,1,1,1,1,2,2,1,732392.066,4381689.679,-16.771,Per,27881,0,0,0,12,6
19784,6,2010460003377,3,6,22,3,2,1,2,CV-500,10.5,10,5,1,1,5,3,2,3,4,2,1,1,1,1,1,7,7,8,1,1,1,9,14,3,1,1,NaN,1,4,NaN,,NaN,,NaN,,NaN,NaN,NaN,NaN,1,4,2,1,1,1,1,1,1,1,1,1,1,1,1,1,1,1,1,2,2,2,734800.086,4351269.113,-17.47,Cob,19012,0,0,0,10,1
19786,6,2010460003388,3,6,24,4,4,1,2,CV-686,1.3,1,3,0,1,5,3,2,3,3,2,1,1,1,1,1,1,1,8,1,1,1,9,14,3,1,3,NaN,1,4,NaN,,NaN,,NaN,,NaN,NaN,NaN,NaN,1,4,1,1,1,1,1,1,2,1,1,1,1,1,1,1,1,1,1,2,1,1,742509.95,4314028.498,21.838,Cob,16972,0,0,0,12,6
19788,6,2010460003393,3,6,24,4,4,1,2,CV-40,10.5,10,5,0,1,2,1,2,4,3,2,1,1,1,2,2,5,1,8,1,1,1,9,13,1,1,3,NaN,2,4,NaN,,NaN,,NaN,,NaN,NaN,NaN,NaN,1,4,1,1,1,1,1,1,1,1,1,1,1,1,1,1,1,2,1,2,1,1,710442.037,4311132.579,302.214,Per,22401,0,0,1,14,6
19792,6,2010460003394,3,6,25,4,5,1,1,CV-50,87.2,87,2,0,1,5,2,2,3,1,2,1,2,1,1,1,7,7,8,1,1,1,9,2,1,1,3,NaN,2,NaN,NaN,,NaN,,NaN,,65,NaN,60,NaN,1,4,2,1,1,1,1,1,1,1,1,1,1,1,1,1,1,1,1,2,1,1,704309.969,4383701.452,82.773,Cob,10023,1,3,1,11,1
19794,6,2010460003398,3,6,24,2,4,1,2,CV-35,16.5,16,5,1,1,2,3,2,3,4,2,2,2,2,2,2,7,7,8,1,3,1,9,14,3,1,1,NaN,2,NaN,NaN,,NaN,,NaN,,NaN,52,50,NaN,1,4,2,1,2,1,1,1,1,1,1,1,1,1,1,1,1,1,1,2,1,1,662703.191,4417016.833,872.346,Per,64465,0,0,2,5,2
19796,6,2010460003405,3,6,25,4,5,1,2,CV-590,61.2,61,2,0,1,5,3,2,3,3,2,1,1,1,1,1,1,1,4,1,1,1,9,14,3,1,1,NaN,2,NaN,30,29,NaN,,NaN,,NaN,NaN,NaN,NaN,1,4,2,1,1,1,1,1,2,1,1,1,1,1,1,1,1,1,1,2,1,1,710271.72,4320996.214,103.41,Sec,6608,0,0,1,12,6
19800,6,2010460003408,3,6,23,4,3,1,2,CV-407,0,0,0,1,1,5,3,1,3,3,2,1,1,1,1,1,3,1,4,1,1,1,9,14,1,1,1,NaN,2,4,NaN,,NaN,,NaN,,NaN,NaN,NaN,NaN,1,4,2,1,1,1,1,1,1,1,1,1,1,1,1,1,1,1,1,2,2,1,725022.869,4367798.504,-11.806,Cob,21789,0,0,3,12,6
19801,6,2010460003411,3,6,24,1,4,1,1,CV-36,7,7,0,1,1,2,3,2,3,4,2,2,2,1,2,2,7,7,8,1,5,1,9,14,3,1,1,NaN,1,NaN,NaN,,21,24,NaN,,NaN,NaN,NaN,NaN,1,4,1,1,1,1,1,1,1,1,1,1,1,1,1,2,1,1,1,2,1,1,722724.824,4370106.798,1.458,Sec,21627,0,0,0,2,1
19803,6,2010460003415,3,6,26,2,6,2,2,CV-35,14.3,14,3,0,1,2,3,2,3,4,2,2,2,1,2,2,7,7,5,1,1,1,9,14,3,1,3,NaN,2,4,NaN,,NaN,,NaN,,NaN,NaN,NaN,NaN,1,4,2,1,1,1,1,1,1,1,1,1,1,1,1,1,1,1,1,2,1,1,713018.639,4383847.329,86.737,Per,82145,0,1,1,6,1
19804,6,2010460003419,3,6,21,3,1,4,1,CV-300,9.6,9,6,1,1,5,3,2,3,3,2,2,1,1,2,2,5,1,8,1,1,1,9,14,1,1,1,NaN,2,NaN,NaN,,NaN,,12,9,NaN,NaN,NaN,NaN,1,4,2,1,1,1,1,2,1,1,1,1,1,1,1,1,1,1,1,2,1,1,729774.209,4386355.332,14.832,Cob,11562,0,1,0,9,6
19806,6,2010460003421,3,6,24,4,4,1,2,CV-50,71.9,71,9,0,1,5,3,2,3,4,2,1,2,1,2,1,7,7,8,1,1,1,9,14,3,1,1,NaN,2,4,NaN,,NaN,,NaN,,NaN,NaN,NaN,NaN,1,4,1,1,1,1,1,1,1,1,1,1,1,1,1,1,1,1,2,2,1,1,698387.175,4371023.223,222.989,Sec,5829,0,0,0,12,1
19808,6,2010460003453,3,6,29,1,2,1,2,CV-35,36.2,36,2,0,1,5,3,2,3,3,2,2,2,2,2,2,7,7,8,1,5,1,9,14,1,1,3,NaN,2,1,NaN,,NaN,,NaN,,NaN,NaN,NaN,NaN,1,4,2,1,1,1,1,1,1,1,1,1,1,1,1,1,2,1,1,2,1,1,697442.547,4395868.974,258.881,Per,9649,1,0,2,4,1
19809,6,2010460003460,3,6,25,4,5,1,1,CV-245,9.6,9,6,1,1,5,3,2,3,4,2,1,1,1,1,1,7,7,8,1,1,1,9,14,2,1,1,NaN,1,NaN,NaN,,NaN,,NaN,,67,NaN,60,NaN,1,4,1,1,1,1,1,2,1,1,1,1,1,1,1,1,1,1,1,2,2,3,704679.769,4413762.503,744.532,Cob,1482,0,0,0,13,2
19813,6,2010460003471,3,6,29,2,2,1,2,CV-60,31,31,0,0,1,5,3,2,3,4,2,2,2,1,1,1,7,7,8,1,5,1,9,14,3,1,1,NaN,2,NaN,NaN,,21,24,NaN,,NaN,NaN,NaN,NaN,1,4,1,1,1,1,1,1,1,1,1,1,1,1,1,2,1,1,1,2,1,1,737915.649,4312797.069,80.325,Pri,15938,0,0,0,5,1
19814,6,2010460003482,3,6,27,4,7,3,1,CV-35,7.4,7,4,0,1,2,3,2,3,4,2,2,2,1,2,2,7,7,8,1,1,1,9,14,3,1,1,NaN,2,NaN,NaN,,NaN,,NaN,,NaN,64,60,NaN,1,4,1,1,1,1,1,1,1,1,1,1,1,2,1,1,1,1,1,2,1,1,718727.268,4380200.803,82.621,Per,101445,0,0,0,11,1
19816,6,2010460003487,3,6,27,4,7,3,2,CV-500,8.9,8,9,0,1,5,3,2,3,3,2,1,1,1,1,1,7,7,8,1,1,1,9,14,3,1,1,NaN,1,3,NaN,,NaN,,NaN,,NaN,NaN,NaN,NaN,2,4,2,1,1,1,1,1,2,1,1,1,1,1,1,1,1,1,1,2,1,1,730107.563,4361573.04,-18.273,Cob,19012,0,0,0,13,1
19818,6,2010460003507,3,6,28,4,1,1,2,CV-500,23.5,23,5,1,1,5,3,2,3,4,2,1,1,2,2,2,1,1,3,1,1,1,9,14,3,1,1,NaN,2,3,NaN,,NaN,,NaN,,NaN,NaN,NaN,NaN,1,4,1,1,1,1,1,1,2,1,1,1,1,1,1,1,1,1,1,2,1,1,729714.946,4362753.317,-20.033,Cob,8936,0,0,0,11,6
19819,6,2010460003785,3,7,13,3,2,1,1,CV-41,5.6,5,6,1,1,5,3,1,3,3,2,1,1,2,2,2,5,1,8,8,1,1,9,14,3,1,1,NaN,2,NaN,NaN,,NaN,,12,9,NaN,NaN,NaN,NaN,1,4,1,1,1,1,1,1,1,2,1,1,1,1,1,1,1,1,1,2,1,2,716517.26,4323915.273,48.463,Pri,10395,0,0,1,9,6
19821,6,2010460003821,3,7,15,5,4,1,2,CV-25,0.1,0,1,1,1,5,3,1,3,4,2,1,1,1,1,1,5,6,5,1,1,1,9,14,3,1,1,NaN,1,3,NaN,,NaN,,NaN,,NaN,NaN,NaN,NaN,1,4,2,1,1,1,1,1,2,1,1,1,1,1,1,1,1,1,1,2,2,1,713878.788,4414249.541,343.485,Sec,10267,0,0,0,16,7
19823,6,2010460003825,3,7,12,1,1,4,2,CV-35,6.4,6,4,1,1,2,3,2,3,4,2,2,2,1,2,2,4,1,5,1,5,1,9,14,1,1,3,NaN,2,4,NaN,,NaN,,NaN,,NaN,NaN,NaN,NaN,1,4,1,1,1,1,1,1,2,1,1,1,1,1,1,1,1,1,1,2,1,1,656954.686,4422790.495,961.087,Per,102677,0,1,0,0,6
19827,6,2010460003844,3,7,16,6,5,1,4,CV-50,0,0,0,1,1,5,3,2,3,3,2,1,1,1,1,1,5,6,4,1,1,1,9,14,1,1,3,NaN,2,5,NaN,,NaN,,NaN,,NaN,NaN,NaN,NaN,2,4,2,1,1,1,1,1,1,1,1,1,1,1,1,1,1,1,1,2,2,2,707032.907,4388850.468,126.175,Cob,16164,0,0,0,17,6
19831,6,2010460003845,3,7,15,6,4,1,4,CV-500,9.6,9,6,1,1,5,3,2,3,4,2,1,1,1,2,2,7,7,8,1,1,1,9,14,3,1,1,NaN,1,5,NaN,,NaN,,NaN,,NaN,NaN,NaN,NaN,2,4,2,1,1,1,1,1,1,1,1,1,1,1,1,1,1,1,1,2,1,1,735198.548,4350466.415,-16.959,Cob,19012,0,0,0,19,2
19834,6,2010460003848,3,7,18,1,7,3,1,CV-35,101,101,0,1,1,2,1,3,4,2,2,1,1,1,1,1,7,7,8,1,5,1,9,14,3,1,3,NaN,2,NaN,NaN,,NaN,,NaN,,66,NaN,60,NaN,1,4,1,1,1,1,1,1,1,1,1,1,1,1,1,2,1,1,1,2,1,1,720715.469,4377619.587,50.677,Cob,209,0,0,4,3,2
19835,6,2010460003853,3,7,18,3,7,3,1,CV-35,8.8,8,8,0,1,5,3,2,3,4,2,2,2,2,2,2,7,7,5,1,1,1,9,14,3,1,3,NaN,2,NaN,NaN,,NaN,,NaN,,NaN,52,50,NaN,1,4,2,1,2,1,1,1,1,1,1,1,1,1,1,1,1,1,1,2,1,1,717553.204,4380940.81,97.148,Per,63963,0,0,0,8,2
19836,6,2010460003876,3,7,19,4,1,4,1,CV-41,6.7,6,7,0,1,5,2,2,3,3,2,2,2,1,2,2,7,7,8,9,1,1,9,14,2,1,1,NaN,1,NaN,NaN,,NaN,,NaN,,NaN,NaN,NaN,71,1,4,1,1,1,1,1,1,1,2,1,1,1,1,1,1,1,2,1,2,1,1,718593.714,4330885.77,7.561,Pri,10395,0,1,0,14,1
19837,6,2010460003895,3,7,19,4,1,1,1,CV-50,44.5,44,5,1,1,5,2,2,3,3,1,1,2,1,2,1,7,7,8,1,1,1,9,14,3,1,1,NaN,1,NaN,NaN,,NaN,,NaN,,66,NaN,60,NaN,1,4,2,1,1,1,1,1,1,1,1,1,1,1,1,1,1,1,1,2,1,1,706943.377,4356301.746,113.176,Pri,2544,0,0,1,11,1
19838,6,2010460003912,3,7,20,4,2,1,1,CV-35,41.3,41,3,0,1,2,3,2,3,4,2,1,1,1,1,1,7,7,8,1,1,1,9,14,3,1,1,NaN,2,NaN,NaN,,NaN,,NaN,,58,NaN,50,NaN,1,4,2,1,1,1,1,1,1,1,1,1,1,1,1,1,1,1,1,2,1,1,692988.423,4397326.609,391.356,Per,5797,0,0,2,11,2
19839,6,2010460003913,3,7,5,5,1,4,1,CV-500,5,5,0,0,1,5,1,3,4,1,2,1,1,1,1,1,1,1,5,1,1,1,9,14,3,1,1,NaN,2,NaN,30,32,NaN,,NaN,,NaN,NaN,NaN,NaN,1,4,2,1,1,1,1,1,2,1,1,1,1,1,1,1,1,1,1,2,1,1,729386.884,4365605.48,-17.239,Pri,17182,0,1,0,16,7
19842,6,2010460003940,3,7,20,3,2,1,2,CV-500,19.1,19,1,0,1,5,2,2,3,3,2,1,1,2,2,2,4,1,2,1,1,1,9,14,3,1,1,NaN,2,2,NaN,,NaN,,NaN,,NaN,NaN,NaN,NaN,1,4,1,1,1,1,1,1,2,1,1,1,1,1,1,1,1,1,1,2,1,1,734795.78,4351294.256,-14.306,Cob,9924,0,0,0,8,7
19844,6,2010460003993,3,7,22,5,4,1,2,CV-500,6.5,6,5,0,1,5,3,2,3,1,2,1,2,2,2,2,5,6,3,1,1,1,9,14,1,1,1,NaN,1,4,NaN,,NaN,,NaN,,NaN,NaN,NaN,NaN,1,4,2,1,1,1,1,1,1,1,1,1,1,1,1,1,1,1,1,2,1,1,729660.794,4364143.905,-17.925,Cob,19012,0,0,0,15,6
19846,6,2010460003995,3,7,23,5,5,1,2,CV-610,23.8,23,8,0,1,5,3,2,3,3,2,1,1,1,1,1,1,1,3,1,1,1,9,14,1,1,1,NaN,2,2,NaN,,NaN,,NaN,,NaN,NaN,NaN,NaN,1,4,1,1,1,1,1,1,2,1,1,1,1,1,1,1,1,1,1,2,1,1,732386.471,4309962.766,159.186,Cob,2647,0,0,0,16,6
19847,6,2010460003997,3,7,23,6,5,1,1,CV-50,26.5,26,5,0,1,5,3,2,3,4,2,2,2,2,2,2,7,7,8,1,1,1,9,14,3,1,1,NaN,2,NaN,NaN,,NaN,,NaN,,NaN,52,50,NaN,1,4,2,1,1,1,1,1,1,1,1,1,1,1,1,1,1,1,1,2,1,1,718133.351,4339707.043,-4.347,Sec,21227,0,0,0,18,2
19848,6,2010460004004,3,7,24,2,6,2,1,CV-42,8.8,8,8,0,1,5,3,3,3,3,2,1,1,1,2,2,5,1,8,1,4,1,9,14,3,1,1,NaN,1,NaN,NaN,,NaN,,NaN,,NaN,63,60,NaN,1,4,1,1,1,2,1,1,1,1,1,1,1,1,1,1,1,1,1,2,2,1,722634.548,4344712.166,-6.399,Cob,6691,0,0,1,5,6
19850,6,2010460004006,3,7,21,3,3,1,2,CV-35,20.1,20,1,0,1,5,2,2,3,4,2,2,2,2,2,2,7,7,8,1,1,1,9,14,2,1,1,NaN,1,4,NaN,,NaN,,NaN,,NaN,NaN,NaN,NaN,1,4,1,2,1,1,1,1,2,1,1,1,1,1,1,1,1,1,1,2,1,1,709492.686,4388273.374,126.178,Per,46733,0,0,0,10,2
19851,6,2010460004007,3,7,25,2,7,3,1,CV-36,0.4,0,4,0,1,2,3,2,3,4,2,2,2,2,2,2,7,7,8,1,2,1,9,14,3,1,1,NaN,1,NaN,NaN,,NaN,,NaN,,NaN,64,60,NaN,1,4,1,1,2,1,1,1,1,1,1,1,1,1,1,1,1,1,1,2,1,2,717727.945,4369517.21,40.151,Pri,70764,0,0,2,6,1
19852,6,2010460004011,3,7,23,1,5,1,1,CV-35,4.5,4,5,0,1,2,2,2,3,4,2,2,2,2,2,2,7,7,8,1,3,1,9,14,3,1,1,NaN,1,NaN,NaN,,NaN,,NaN,,56,NaN,50,NaN,1,4,1,1,1,1,1,1,1,1,1,1,1,1,1,1,1,1,2,2,1,1,720492.286,4377970.385,58.44,Per,87553,0,0,1,4,2
19853,6,2010460004020,3,7,24,6,6,2,1,CV-590,60,60,0,1,1,5,3,2,3,4,2,1,1,1,2,2,7,7,5,1,5,1,9,14,3,1,1,NaN,1,NaN,NaN,,21,24,NaN,,NaN,NaN,NaN,NaN,1,4,1,1,1,1,1,1,1,1,1,1,1,1,1,2,1,1,1,2,1,1,670679.655,4324138.752,585.871,Sec,6608,0,0,0,22,2
19854,6,2010460004052,3,7,16,4,5,1,1,CV-400,0.4,0,4,0,3,5,2,3,2,3,2,2,2,2,2,2,7,7,5,1,1,1,9,14,2,1,1,NaN,2,NaN,NaN,,NaN,,NaN,,NaN,63,60,NaN,1,4,2,1,1,1,1,1,1,1,1,1,1,1,1,1,1,1,1,2,1,2,724313.283,4369185.378,-4.047,Sec,44034,0,0,1,11,2
19858,6,2010460004064,3,7,24,6,6,2,2,CV-32,3.1,3,1,0,1,5,3,2,3,4,2,2,2,2,2,2,7,7,8,1,1,1,9,14,1,1,1,NaN,1,4,NaN,,NaN,,NaN,,NaN,NaN,NaN,NaN,1,4,2,1,1,1,1,1,2,1,1,1,1,1,1,1,1,1,1,2,1,1,729783.892,4382708.987,-10.197,Cob,13490,0,0,0,20,1
19859,6,2010460004065,3,7,24,4,6,1,1,CV-500,20.1,20,1,1,1,5,3,2,3,3,2,1,1,1,2,1,5,1,5,1,1,1,9,14,1,1,1,NaN,2,NaN,NaN,,NaN,,NaN,,NaN,63,60,NaN,1,4,2,1,1,1,1,1,1,1,1,1,1,1,1,1,1,1,1,2,1,1,730615.535,4359670.722,-23.472,Cob,9924,0,0,0,11,6
19863,6,2010460004087,3,7,26,3,1,4,3,CV-33,0,0,0,0,1,5,3,2,3,3,2,1,2,1,2,2,5,1,4,1,1,1,9,14,3,1,1,NaN,2,4,NaN,,NaN,,NaN,,NaN,NaN,NaN,NaN,2,4,2,1,1,1,1,1,1,1,1,1,1,1,1,1,1,1,1,2,2,2,724144.931,4363213.599,-15.014,Cob,25603,0,0,3,9,6
19866,6,2010460004088,3,7,26,6,1,4,2,CV-500,8.6,8,6,1,1,5,3,2,3,3,2,1,1,1,1,1,7,7,8,1,1,1,9,14,3,1,1,NaN,1,4,NaN,,NaN,,NaN,,NaN,NaN,NaN,NaN,1,4,2,1,1,1,1,1,1,1,1,1,1,1,1,1,1,1,1,2,1,1,735557.62,4349564.794,-17.174,Cob,19012,0,0,1,18,1
19867,6,2010460004094,3,7,27,3,2,1,1,CV-400,0.5,0,5,1,1,5,3,2,3,2,2,1,1,1,1,1,5,1,4,1,1,1,9,14,1,1,3,NaN,2,NaN,NaN,,NaN,,12,9,NaN,NaN,NaN,NaN,1,4,1,1,1,1,1,1,1,1,1,1,1,1,1,1,1,2,1,2,1,1,722115.385,4364746.448,-5.366,Sec,44034,0,0,1,10,6
19869,6,2010460004097,3,7,27,4,2,1,2,CV-500,19.3,19,3,1,1,5,3,2,3,4,2,1,1,1,1,1,1,1,8,1,1,1,9,14,3,1,1,NaN,1,3,NaN,,NaN,,NaN,,NaN,NaN,NaN,NaN,1,4,2,1,1,1,1,1,1,1,1,1,1,1,1,1,1,1,1,2,1,2,730866.905,4358813.706,-23.65,Cob,9924,0,0,0,12,6
19870,6,2010460004101,3,7,27,6,2,1,1,CV-390,37.5,37,5,0,1,5,2,3,3,2,1,1,1,1,1,1,7,7,8,1,1,1,9,14,3,1,3,NaN,1,NaN,NaN,,NaN,,NaN,,57,NaN,50,NaN,1,4,1,1,1,1,1,1,1,1,1,1,1,1,1,2,1,1,1,2,1,1,657536.479,4390098.498,1008.548,Cob,224,0,0,1,19,2
19871,6,2010460004106,3,7,27,3,2,1,1,CV-32,0,0,0,0,1,5,3,2,3,3,2,2,2,2,2,2,5,1,8,9,1,1,9,5,3,1,1,NaN,1,NaN,NaN,,NaN,,12,9,NaN,NaN,NaN,NaN,1,4,1,1,1,1,1,1,1,2,1,1,1,1,1,1,1,1,1,2,1,1,732496.164,4381670.375,-18.685,Per,27881,0,0,1,7,6