Id,Ano,Numero_Accidente,Provincia,Mes,Dia,Hora,Dia_Semana,Tipo_Dia,Vehiculos_Implicados,Carretera,Pk,Km,Hm,Sentido,Zona,Tipo_Via,Anchura_Calzada,Anchura_Carril,Marcas_Viales,Arcen,Arcen_Pavimentado,Mediana,Barrera_Seguridad,Paneles_Direccionales,Hitos_Arista,Captafaros,Interseccion_Tipo,Interseccion_Acondicionamiento,Prioridad_Regulada_por,Superficie,Luminosidad,Factores_Atmosfericos,Visibilidad_Restringida_por,Otras_Circunstancias,Senalizacion_Peligro,Aceras,Arboles,Arboles_Metros_Calzada,Visibilidad_Senalizacion_Vertical,Colision_Vehiculos_Marcha,Colision_Vehiculo_Obstaculo_1,Colision_Vehiculo_Obstaculo_2,Atropello_1,Atropello_2,Vuelco_1,Vuelco_2,Salida_Sin_Colision,Salida_Con_Colision,Lado_Salida,Otro,Circulacion,Circulacion_Medidas_Especiales,Distraccion,Inexperiencia_Conductor,Alcohol_Drogas,Cansancio_Sueno,Enfermedad,Velocidad_Inadecuada,Infraccion_Norma_Circulacion,Estado_Condicion_Via,Estado_Condicion_Senalizacion,Tramo_Obras,Mal_Estado_Vehiculo,Averia_Mecanica,Meteorologia_Adversa,Irrupcion_Animal,Circular_Sentido_Contrario,Otro_Factor,Sin_Opinion_Definida,Pendiente,Curvatura,Peralte,GPS_x,GPS_y,GPS_z,Tipo_Est,IMD,N_Muertos,N_Graves,N_Leves,Hora_Real,Fuera_o_Interseccion
19873,6,2010460004108,3,7,28,6,3,1,2,CV-660,25.1,25,1,0,1,5,3,2,3,2,2,1,1,1,1,1,6,4,3,1,2,1,9,14,1,1,1,NaN,2,2,NaN,,NaN,,NaN,,NaN,NaN,NaN,NaN,1,4,2,1,1,1,1,1,1,1,1,1,1,1,1,1,1,1,1,2,1,2,704807.04,4299624.1,384.101,Cob,1064,0,0,1,21,6
19875,6,2010460004109,3,7,27,4,2,1,2,CV-35,36.2,36,2,0,1,2,2,2,3,3,2,1,1,1,1,1,1,1,3,1,1,1,9,14,2,1,1,NaN,1,2,NaN,,NaN,,NaN,,NaN,NaN,NaN,NaN,1,4,2,1,1,1,1,1,2,1,1,1,1,1,1,1,1,1,1,2,1,1,697442.547,4395868.974,258.881,Per,9649,0,0,2,11,6
19877,6,2010460004110,3,7,27,6,2,1,2,CV-32,2.8,2,8,0,1,5,3,2,3,4,2,2,2,2,2,2,7,7,8,1,3,1,9,14,3,1,1,NaN,2,4,NaN,,NaN,,NaN,,NaN,NaN,NaN,NaN,1,4,2,1,1,1,1,1,1,1,1,1,1,1,1,1,1,1,1,2,1,1,730060.662,4382600.941,-10.933,Per,27881,0,0,1,22,1
19882,6,2010460004123,3,7,28,6,3,1,4,CV-500,8.5,8,5,1,1,5,3,2,3,4,2,1,1,1,2,2,7,7,8,1,1,1,9,14,3,1,1,NaN,2,5,NaN,,NaN,,NaN,,NaN,NaN,NaN,NaN,2,4,2,1,1,1,1,1,1,1,1,1,1,1,1,1,1,1,1,2,1,1,735584.141,4349469.205,-16.986,Cob,19012,0,0,1,17,1
19883,6,2010460004133,3,7,28,6,3,1,1,CV-25,2,2,0,0,1,5,3,2,3,3,2,1,1,1,1,1,7,7,5,1,5,1,9,14,2,1,3,NaN,2,NaN,NaN,,21,24,NaN,,NaN,NaN,NaN,NaN,1,4,1,1,1,1,1,1,1,1,1,1,1,1,1,2,1,1,1,2,1,2,707940.649,4392041.99,162.704,Sec,10267,0,0,0,22,2
19885,6,2010460004144,3,7,29,6,4,1,1,CV-36,6,6,0,1,1,2,3,2,3,4,2,2,2,1,2,2,7,7,5,1,1,1,9,14,3,1,3,NaN,2,NaN,NaN,,NaN,,NaN,,NaN,64,60,NaN,1,4,1,1,1,1,1,2,1,1,1,1,1,1,1,1,1,1,1,2,1,1,721983.89,4369453.095,4.9,Cob,27278,0,1,0,19,2
19887,6,2010460004166,3,7,29,1,4,1,2,CV-35,6.3,6,3,0,1,2,3,2,3,3,2,2,2,2,2,2,7,7,8,1,3,1,9,14,3,1,1,NaN,1,4,NaN,,NaN,,NaN,,NaN,NaN,NaN,NaN,1,4,2,1,2,1,1,1,1,1,1,1,1,1,1,1,1,1,1,2,1,1,719448.213,4379406.211,75.562,Per,102677,0,0,2,1,1
19888,6,2010460004177,3,7,29,3,4,1,1,CV-35,34,34,0,0,1,2,3,2,3,5,2,2,2,1,2,2,7,7,8,1,1,1,9,14,3,1,1,NaN,1,NaN,NaN,,NaN,,NaN,,NaN,54,50,NaN,1,4,1,1,1,2,1,1,1,1,1,1,1,1,1,1,1,1,1,2,1,1,699034.96,4394250.756,213.967,Per,9649,0,0,0,9,1
19889,6,2010460004179,3,7,29,6,4,1,1,CV-500,2.5,2,5,0,1,5,2,2,3,4,2,2,2,2,2,2,7,7,8,1,1,1,9,14,3,1,1,NaN,2,NaN,NaN,,NaN,,NaN,,57,NaN,50,NaN,1,4,1,1,1,1,1,1,1,1,1,1,1,1,1,1,1,2,1,2,1,1,728925.122,4367989.322,-8.633,Pri,17182,0,0,0,17,1
19891,6,2010460004183,3,7,31,1,6,2,2,CV-25,2.1,2,1,1,1,5,3,2,3,3,2,1,2,1,2,1,7,7,8,1,5,1,9,14,3,1,1,NaN,1,4,NaN,,NaN,,NaN,,NaN,NaN,NaN,NaN,1,4,1,1,1,1,1,2,2,1,1,1,1,1,1,1,1,1,1,2,1,1,712454.6,4413560.199,367.958,Sec,10267,0,1,3,0,2
19892,6,2010460004189,3,7,30,2,5,1,1,CV-35,22.5,22,5,0,1,2,3,2,3,3,2,2,2,2,2,2,7,7,8,1,5,1,9,14,3,1,1,NaN,1,NaN,NaN,,NaN,,NaN,,NaN,53,50,NaN,1,4,2,1,1,1,1,1,1,1,1,1,1,1,1,1,1,1,1,2,1,2,707618.674,4389268.785,128.667,Per,35098,0,0,1,6,2
19894,6,2010460004193,3,7,30,4,5,1,2,CV-30,0,0,0,1,1,2,2,1,3,1,2,1,2,2,1,1,6,6,8,1,1,1,9,14,3,1,1,NaN,2,4,NaN,,NaN,,NaN,,NaN,NaN,NaN,NaN,1,4,1,1,1,1,1,1,2,1,1,1,1,1,1,1,1,1,1,2,2,1,722927.054,4374912.615,0.468,Pri,70300,0,0,0,14,6
19898,6,2010460004200,3,7,31,6,6,2,2,CV-500,9,9,0,1,1,5,2,2,3,3,2,1,1,1,2,2,7,7,2,1,1,1,9,14,3,1,1,NaN,1,4,NaN,,NaN,,NaN,,NaN,NaN,NaN,NaN,1,4,2,1,1,1,1,1,1,1,1,1,1,1,1,1,1,1,1,2,1,1,735406.274,4350033.222,-16.615,Cob,19012,0,0,5,19,1
19899,6,2010460004203,3,7,30,6,5,1,1,CV-36,0,0,0,1,1,2,2,2,3,3,2,2,2,2,2,2,7,7,8,1,1,1,9,14,3,1,1,NaN,1,NaN,NaN,,NaN,,NaN,,NaN,52,50,NaN,1,4,1,1,1,1,1,1,1,1,1,1,1,1,1,1,1,1,2,2,1,1,711382.815,4369416.454,68.751,Pri,70764,0,0,0,19,2
19900,6,2010460004206,3,7,31,3,6,2,1,CV-500,1.4,1,4,1,1,5,3,2,3,4,2,1,1,1,1,1,7,7,8,1,1,1,9,14,3,1,1,NaN,1,NaN,NaN,,21,24,NaN,,NaN,NaN,NaN,NaN,1,4,1,1,1,1,1,1,1,1,1,1,1,1,1,2,1,1,1,2,1,1,732370.332,4344056.024,-11.426,Pri,17182,0,0,0,7,1
19905,6,2010460004210,3,7,30,6,5,1,2,CV-40,7,7,0,0,1,2,3,2,3,4,2,2,2,1,2,2,7,7,8,1,1,1,9,13,2,1,1,NaN,2,NaN,30,29,NaN,,NaN,,NaN,NaN,NaN,NaN,1,4,1,1,1,1,1,1,2,1,1,1,1,1,1,1,1,1,1,2,1,1,711658.389,4314110.073,177.113,Per,22401,0,0,0,17,1
19909,6,2010460004235,3,8,2,6,1,1,1,CV-590,58,58,0,0,1,5,3,2,3,1,2,1,2,2,2,2,7,7,8,1,5,1,9,14,3,1,1,NaN,2,NaN,NaN,,NaN,,NaN,,67,NaN,60,NaN,1,4,1,1,1,1,1,1,1,1,1,1,1,2,1,1,1,1,1,2,1,1,707309.791,4320984.996,139.451,Sec,6608,0,0,0,22,5
19910,6,2010460004243,3,8,2,6,1,4,1,CV-33,7,7,0,1,1,5,3,2,3,3,2,2,2,2,2,2,7,7,8,1,1,1,9,14,3,1,1,NaN,2,NaN,NaN,,NaN,,NaN,,NaN,64,60,NaN,1,4,2,1,1,1,1,1,1,1,1,1,1,1,1,1,1,1,1,2,1,1,723945.039,4363313.541,-13.917,Pri,47720,0,0,0,20,2
19911,6,2010460004251,3,8,1,6,7,3,1,CV-35,7,7,0,1,1,2,3,2,3,4,2,2,2,2,2,2,3,1,8,1,2,1,9,14,1,1,1,NaN,1,NaN,NaN,,NaN,,NaN,,NaN,62,60,NaN,1,4,1,1,1,1,1,2,1,1,1,1,1,1,1,1,1,1,1,2,1,1,657177.082,4422332.73,982.471,Per,101445,0,0,1,20,6
19912,6,2010460004302,3,8,3,4,2,1,1,CV-32,8.6,8,6,0,1,5,3,2,3,3,2,1,1,1,1,1,5,1,4,9,1,1,9,14,2,1,1,NaN,2,NaN,NaN,,NaN,,12,9,NaN,NaN,NaN,NaN,1,4,1,1,1,1,1,1,1,2,1,1,1,1,1,1,1,1,1,2,1,1,726208.663,4386292.383,45.374,NaN,0,0,0,0,14,6
19914,6,2010460004312,3,8,2,6,1,1,2,CV-390,43.7,43,7,1,1,5,3,2,3,3,2,1,1,1,2,1,7,7,8,1,5,1,9,14,3,1,1,NaN,2,4,NaN,,NaN,,NaN,,NaN,NaN,NaN,NaN,1,4,2,1,2,1,1,1,2,1,1,1,1,1,1,1,1,1,1,2,1,1,665902.422,4404412.722,558.136,Cob,922,0,0,1,22,1
19917,6,2010460004313,3,8,4,3,3,1,2,CV-42,0.5,0,5,0,1,5,3,2,3,3,2,1,1,1,2,1,7,7,8,1,1,1,9,14,3,1,1,NaN,1,3,NaN,,NaN,,NaN,,NaN,NaN,NaN,NaN,1,4,2,1,1,1,1,1,1,1,1,1,1,1,1,1,1,1,1,2,1,1,720832.896,4338547.233,-7.701,Sec,11858,0,0,1,10,1
19919,6,2010460004328,3,8,4,4,3,1,2,CV-410,4.9,4,9,1,1,5,2,2,3,3,2,1,1,1,1,1,5,1,5,1,1,1,9,14,3,1,1,NaN,1,3,NaN,,NaN,,NaN,,NaN,NaN,NaN,NaN,1,4,2,1,1,1,1,1,1,1,1,1,1,1,1,1,1,1,1,2,2,3,718317.793,4369767.015,25.361,Pri,26958,0,0,0,13,6
19921,6,2010460004338,3,8,5,4,4,1,2,CV-50,11,11,0,1,1,5,2,3,3,3,2,1,1,1,2,2,1,1,8,1,1,1,9,14,2,1,1,NaN,2,NaN,NaN,,NaN,,12,9,NaN,NaN,NaN,NaN,1,4,2,1,1,1,1,2,1,1,1,1,1,1,1,1,1,1,1,2,1,2,702556.795,4379485.147,135.757,Cob,10185,0,0,1,13,6
19923,6,2010460004339,3,8,5,1,4,1,2,CV-42,6,6,0,0,1,5,2,2,3,3,2,1,2,2,1,1,7,7,8,1,3,1,9,14,2,1,1,NaN,1,4,NaN,,NaN,,NaN,,NaN,NaN,NaN,NaN,1,4,1,1,1,1,1,1,1,1,1,1,1,1,1,1,1,1,2,2,1,1,720711.594,4343391.8,0.527,Cob,4607,0,0,0,23,1
19925,6,2010460004343,3,8,5,6,4,1,2,CV-35,12.3,12,3,1,1,2,3,2,3,4,2,2,2,2,2,2,7,7,8,1,1,1,9,14,3,1,1,NaN,1,4,NaN,,NaN,,NaN,,NaN,NaN,NaN,NaN,1,4,1,1,1,1,2,1,1,1,1,1,1,1,1,1,1,1,1,2,1,1,661453.513,4420535.407,891.477,Per,96825,0,0,0,20,1
19926,6,2010460004344,3,8,4,6,3,1,1,CV-35,27.6,27,6,1,1,5,2,2,3,3,2,2,2,2,2,2,7,7,8,1,1,1,9,14,3,1,1,NaN,1,NaN,NaN,,21,24,NaN,,NaN,NaN,NaN,NaN,1,4,1,1,1,1,1,1,1,1,1,1,1,1,1,2,1,1,1,2,1,1,663136.562,4407746.937,751.144,Per,15638,0,0,0,19,1
19930,6,2010460004345,3,8,5,5,4,1,4,CV-500,18.8,18,8,0,1,5,2,2,3,2,2,1,1,1,1,1,2,1,2,1,1,1,9,14,3,1,1,NaN,1,4,NaN,,NaN,,NaN,,NaN,NaN,NaN,NaN,2,4,2,1,1,1,1,1,1,1,1,1,1,1,1,1,1,1,1,2,1,1,734803.974,4351492.117,-13.472,Cob,9924,0,0,1,16,7
19931,6,2010460004358,3,8,6,1,5,1,1,CV-50,60.5,60,5,1,1,5,3,2,3,2,2,1,1,1,1,1,7,7,8,1,4,1,9,14,1,1,1,NaN,2,NaN,NaN,,NaN,,NaN,,NaN,63,60,NaN,1,4,1,1,2,1,1,2,1,1,1,1,1,1,1,1,1,1,1,2,1,1,714440.763,4344255.002,28.294,Cob,968,0,0,0,3,4
19932,6,2010460004359,3,8,7,3,6,2,1,CV-300,9.5,9,5,0,1,5,3,2,3,3,2,1,1,2,2,2,5,1,8,1,1,1,9,14,1,1,1,NaN,2,NaN,NaN,,NaN,,NaN,,NaN,61,60,NaN,1,4,1,1,2,1,1,2,1,1,1,1,1,1,1,1,1,1,1,2,1,1,728250.306,4380866.091,25.521,Cob,11562,0,0,0,7,6
19934,6,2010460004369,3,8,8,4,7,3,2,CV-686,1.5,1,5,1,1,5,2,3,3,3,2,1,1,1,1,1,7,7,8,1,1,1,9,14,3,1,1,NaN,2,4,NaN,,NaN,,NaN,,NaN,NaN,NaN,NaN,1,4,2,1,1,1,1,1,2,1,1,1,1,1,1,1,1,1,1,2,1,1,742842.581,4314627.486,20.496,Cob,16972,0,0,0,13,1
19935,6,2010460004394,3,8,7,1,6,2,1,CV-300,5,5,0,0,1,5,3,2,3,2,2,2,1,1,1,1,5,1,8,1,3,1,9,14,3,1,1,NaN,1,NaN,NaN,,NaN,,NaN,,57,NaN,50,NaN,1,4,1,1,1,2,1,1,1,1,1,1,1,1,1,1,1,1,1,2,1,1,729891.357,4384505.029,11.714,Cob,18308,0,0,0,3,6
19936,6,2010460004423,3,8,7,4,6,2,1,CV-35,8.4,8,4,0,1,2,3,2,3,4,2,2,2,1,2,2,7,7,8,1,1,1,9,14,3,1,3,NaN,2,NaN,NaN,,21,24,NaN,,NaN,NaN,NaN,NaN,1,4,1,1,1,1,1,1,1,1,1,1,1,1,1,2,1,1,1,2,1,1,717914.119,4380777.131,92.825,Per,101445,0,0,0,14,1
19937,6,2010460004431,3,8,8,6,7,3,1,CV-33,7,7,0,1,1,5,2,2,3,4,2,2,2,2,2,2,7,7,8,1,1,1,9,14,3,1,1,NaN,1,NaN,NaN,,NaN,,NaN,,67,NaN,60,NaN,1,4,2,1,1,1,1,1,1,1,1,1,1,1,1,1,1,1,1,2,1,1,723945.039,4363313.541,-13.917,Pri,47720,0,0,0,19,1
19939,6,2010460004474,3,8,9,4,1,1,2,CV-35,9,9,0,0,1,5,3,2,3,4,2,2,2,1,2,2,7,7,8,1,1,1,9,14,3,1,1,NaN,1,3,NaN,,NaN,,NaN,,NaN,NaN,NaN,NaN,1,4,2,1,1,1,1,1,2,1,1,1,1,1,1,1,1,2,1,2,1,1,717280.985,4381050.163,94.979,Per,63963,0,0,0,13,1
19940,6,2010460004480,3,8,10,5,2,1,1,CV-245,8.4,8,4,0,1,5,3,2,3,3,2,1,1,1,1,1,7,7,8,1,1,1,9,14,3,1,1,NaN,1,NaN,NaN,,NaN,,NaN,,66,NaN,60,NaN,1,4,1,2,1,1,1,1,1,1,1,1,1,1,1,1,1,1,1,2,1,1,697046.28,4402574.831,499.528,Cob,1482,0,0,0,16,2
19941,6,2010460004481,3,8,9,6,1,4,1,CV-32,0.7,0,7,0,1,5,3,2,3,4,2,2,2,1,2,2,7,7,8,1,3,1,9,14,3,1,1,NaN,1,NaN,NaN,,NaN,,NaN,,NaN,64,60,NaN,1,4,1,2,1,1,1,1,1,1,1,1,1,1,1,1,1,1,1,2,1,1,731909.592,4381711.312,-19.12,Per,27881,0,0,1,21,2
19943,6,2010460004493,3,8,10,6,2,1,1,CV-403,0.1,0,1,0,1,5,3,2,3,1,2,1,1,1,1,1,5,1,8,1,1,1,9,14,1,1,1,NaN,2,NaN,NaN,,NaN,,12,9,NaN,NaN,NaN,NaN,1,4,1,1,1,1,1,2,1,1,1,1,1,1,1,1,1,1,1,2,1,1,720962.023,4372289.476,14.99,Cob,18369,0,0,0,19,6
19944,6,2010460004515,3,8,13,4,5,1,1,CV-60,26,26,0,0,1,5,2,2,3,3,2,1,1,2,2,2,7,7,8,3,1,5,9,14,3,1,1,NaN,1,NaN,NaN,,NaN,,NaN,,NaN,63,60,NaN,1,4,1,1,1,1,1,2,1,2,1,1,1,1,1,1,1,1,1,2,1,1,733975.353,4310441.387,172.479,Cob,11795,0,0,0,11,1
19946,6,2010460004526,3,8,12,6,4,1,2,CV-36,3.2,3,2,0,1,2,3,2,3,4,2,2,2,2,2,2,7,7,8,1,1,1,9,14,2,1,1,NaN,1,3,NaN,,NaN,,NaN,,NaN,NaN,NaN,NaN,1,4,2,1,1,1,1,1,2,1,1,1,1,1,1,1,1,1,1,2,1,1,715003.523,4369341.969,48.993,Pri,70764,0,0,0,19,1
19947,6,2010460004527,3,8,15,6,7,3,1,CV-35,9.8,9,8,1,1,5,3,2,3,4,2,2,2,1,1,1,7,7,5,3,3,4,9,14,3,1,1,NaN,2,NaN,NaN,,NaN,,NaN,,NaN,63,60,NaN,1,4,2,1,2,1,1,1,1,1,1,1,1,1,1,1,1,1,1,2,1,1,659193.882,4421385.821,931.475,Per,63963,0,0,1,22,1
19950,6,2010460004529,3,8,12,4,4,1,2,CV-500,7.8,7,8,1,1,5,2,2,3,3,2,1,1,1,1,1,7,7,8,1,1,1,9,14,3,1,1,NaN,1,1,NaN,,NaN,,NaN,,NaN,NaN,NaN,NaN,1,4,2,1,1,1,1,1,1,1,1,1,1,1,1,1,1,1,1,2,2,2,735900.338,4348871.838,-16.935,Cob,19012,0,0,1,13,1
19951,6,2010460004547,3,8,13,3,5,1,1,CV-300,6.6,6,6,1,1,5,3,2,3,3,2,2,2,2,2,2,5,1,8,3,3,4,9,14,3,1,1,NaN,1,NaN,NaN,,NaN,,NaN,,NaN,54,50,NaN,1,4,1,2,1,1,1,2,2,2,1,1,1,1,2,1,1,1,1,2,1,1,729702.949,4383817.283,-0.672,Sec,11280,0,0,1,7,7
19952,6,2010460004549,3,8,13,3,5,1,1,CV-35,23,23,0,0,1,2,3,2,3,3,2,1,2,2,1,1,7,7,8,3,1,4,9,14,3,1,1,NaN,1,NaN,NaN,,NaN,,NaN,,NaN,53,50,NaN,1,4,1,2,1,1,1,2,1,1,1,1,1,1,1,1,1,1,1,2,1,1,707705.105,4389749.685,135.054,Per,35098,0,0,0,8,2
19956,6,2010460004552,3,8,14,6,6,2,2,CV-35,12,12,0,1,1,5,1,2,4,2,2,1,1,1,1,1,5,1,4,1,1,1,9,14,3,1,3,NaN,2,4,NaN,,NaN,,NaN,,NaN,NaN,NaN,NaN,1,4,2,1,1,1,1,1,1,1,1,1,1,1,1,1,1,1,1,2,1,1,661202.653,4420688.86,896.801,Per,96825,0,0,0,18,6
19957,6,2010460004554,3,8,13,4,5,1,1,CV-35,12,12,0,0,1,2,3,2,3,1,2,1,1,1,1,1,5,1,4,3,1,4,4,14,3,1,1,NaN,1,NaN,NaN,,NaN,,NaN,,NaN,61,60,NaN,1,4,1,1,1,1,1,1,1,1,1,1,1,1,2,1,1,1,1,2,1,1,714879.194,4382530.859,92.225,Per,96825,0,0,0,12,6
19961,6,2010460004556,3,8,13,4,5,1,2,CV-25,3,3,0,1,1,5,3,2,3,4,2,1,1,1,1,1,7,7,8,3,1,4,9,14,1,1,3,NaN,2,4,NaN,,NaN,,NaN,,NaN,NaN,NaN,NaN,2,4,1,1,1,1,1,2,1,1,1,1,1,1,2,1,1,1,1,2,2,3,712042.901,4412862.729,394.37,Sec,10267,0,0,0,14,1
19966,6,2010460004579,3,8,17,4,2,1,2,CV-500,9.5,9,5,0,1,5,2,2,3,3,2,1,1,1,2,1,1,1,8,1,1,1,9,14,1,1,1,NaN,2,2,NaN,,NaN,,NaN,,NaN,NaN,NaN,NaN,1,4,1,1,1,1,1,1,1,1,1,1,1,1,1,1,1,2,1,2,1,1,730291.729,4360871.168,-16.476,Cob,19012,0,0,5,12,7
19969,6,2010460004592,3,8,13,4,5,1,2,CV-42,5.7,5,7,1,1,5,2,2,3,3,2,1,2,1,2,1,7,7,8,3,1,4,9,14,3,1,1,NaN,1,3,NaN,,NaN,,NaN,,NaN,NaN,NaN,NaN,1,4,1,1,1,1,1,1,2,1,1,1,1,1,1,1,1,1,1,2,1,1,723054.436,4349671.621,-9.294,Cob,4607,0,0,4,14,2
19970,6,2010460004593,3,8,19,3,4,1,1,CV-610,14.9,14,9,0,1,5,2,2,2,3,2,1,1,2,1,1,7,7,5,3,3,4,9,14,3,1,1,NaN,1,NaN,NaN,,NaN,,NaN,,67,NaN,60,NaN,1,4,1,1,1,1,1,2,1,1,1,1,1,1,1,1,1,1,1,2,1,2,726532.707,4314082.442,214.916,Cob,2912,0,0,0,8,5
19971,6,2010460004602,3,8,19,6,4,1,1,CV-365,0,0,0,0,1,5,3,2,3,4,2,2,2,2,2,2,7,7,8,3,1,4,9,14,1,1,1,NaN,2,NaN,NaN,,NaN,,NaN,,NaN,62,60,NaN,1,4,1,1,1,1,1,2,1,1,1,1,1,1,2,1,1,1,1,2,1,1,721641.153,4376482.197,31.464,Cob,38186,0,0,1,18,5
19973,6,2010460004609,3,8,20,6,5,1,2,CV-50,0.3,0,3,1,1,5,3,2,3,3,2,1,1,1,2,1,7,7,8,1,1,1,9,14,3,1,1,NaN,2,4,NaN,,NaN,,NaN,,NaN,NaN,NaN,NaN,1,4,2,1,1,1,1,1,1,1,1,1,1,1,1,1,1,1,1,2,1,1,706832.261,4388777.584,132.388,Cob,16164,0,0,1,17,1
19974,6,2010460004614,3,8,19,6,4,1,1,CV-31,2.5,2,5,0,1,5,3,2,3,4,2,1,2,2,2,2,7,7,8,3,1,4,9,14,1,1,1,NaN,2,NaN,NaN,,NaN,,NaN,,NaN,52,50,NaN,1,4,1,1,1,1,1,2,1,2,1,1,1,1,2,1,1,1,1,2,1,1,720801.149,4376748.262,22.782,Cob,45785,0,0,0,18,5
19978,6,2010460004620,3,8,21,6,6,2,4,CV-50,0.3,0,3,1,1,5,3,2,3,3,2,1,2,2,2,2,7,7,8,1,1,1,9,14,1,1,1,NaN,2,5,NaN,,NaN,,NaN,,NaN,NaN,NaN,NaN,1,4,2,1,1,1,1,1,2,1,1,1,1,1,1,1,1,1,1,2,1,1,706832.261,4388777.584,132.388,Cob,16164,0,0,0,19,1
19979,6,2010460004661,3,8,23,3,1,1,1,CV-35,30,30,0,1,1,2,3,1,3,4,2,2,2,1,2,2,7,7,8,1,1,1,9,14,3,1,1,NaN,1,NaN,NaN,,21,24,NaN,,NaN,NaN,NaN,NaN,1,4,1,1,1,1,1,1,1,1,1,1,1,1,1,2,1,1,1,2,1,1,665033.178,4406639.193,658.385,Per,12087,0,0,0,10,1
19981,6,2010460004670,3,8,21,3,6,2,2,CV-60,28.5,28,5,0,1,5,3,2,3,4,2,2,2,2,2,2,7,7,8,1,2,1,9,14,3,1,1,NaN,1,4,NaN,,NaN,,NaN,,NaN,NaN,NaN,NaN,1,4,2,1,1,1,1,1,1,1,1,1,1,1,1,1,1,1,1,2,1,1,736272.835,4311057.225,131.71,Cob,12885,0,0,2,7,1
19983,6,2010460004676,3,8,20,3,5,1,2,CV-500,18.8,18,8,0,1,5,3,2,3,3,2,1,1,1,1,1,1,1,8,1,1,1,9,14,3,1,3,NaN,2,4,NaN,,NaN,,NaN,,NaN,NaN,NaN,NaN,1,4,2,1,1,1,1,1,1,1,1,1,1,1,1,1,1,1,1,2,1,2,734799.567,4351591.007,-14.216,Cob,9924,0,0,0,7,7
19985,6,2010460004683,3,8,26,3,4,1,2,CV-245,13,13,0,1,1,5,3,3,3,3,2,1,1,1,1,1,7,7,8,1,1,1,9,14,3,1,3,NaN,2,4,NaN,,NaN,,NaN,,NaN,NaN,NaN,NaN,1,4,2,1,1,1,1,1,2,1,1,1,1,1,1,1,1,1,1,2,1,1,703755.938,4411962.311,916.839,Cob,1482,1,0,0,8,1
19988,6,2010460004684,3,8,24,1,2,1,1,CV-365,2,2,0,1,1,5,2,2,3,3,2,1,2,2,2,1,4,1,8,1,3,1,9,14,1,1,1,NaN,2,NaN,NaN,,NaN,,NaN,,NaN,54,50,NaN,1,4,2,1,1,1,1,2,1,1,1,1,1,1,1,1,1,1,1,2,1,1,720143.618,4376641.604,59.452,Sec,36706,0,0,3,23,6
19991,6,2010460004689,3,8,25,4,3,1,3,CV-32,0.1,0,1,0,1,5,3,2,3,4,2,2,2,1,2,2,7,7,8,1,1,1,9,14,3,1,1,NaN,1,5,NaN,,NaN,,NaN,,NaN,NaN,NaN,NaN,1,4,2,1,1,1,1,1,2,1,1,1,1,1,1,1,1,1,1,2,2,1,732487.812,4381701.311,-18.875,Per,27881,0,0,0,12,1
19994,6,2010460004693,3,8,28,4,6,2,2,CV-686,2.5,2,5,1,1,5,3,2,3,3,2,1,1,1,1,1,2,1,3,1,1,1,9,14,2,1,1,NaN,2,2,NaN,,NaN,,NaN,,NaN,NaN,NaN,NaN,1,4,1,1,1,1,1,1,2,1,1,1,1,1,1,1,1,1,1,2,1,2,742336.627,4313753.146,23.425,Cob,16972,1,2,0,11,6
19995,6,2010460004710,3,8,28,4,6,2,1,CV-610,3.5,3,5,0,1,5,3,2,3,3,2,2,2,1,2,2,7,7,8,1,1,1,9,14,3,2,1,NaN,2,NaN,NaN,,NaN,,NaN,,NaN,64,60,NaN,3,4,2,1,1,1,1,1,1,1,1,1,1,1,1,1,1,1,1,2,1,1,718596.502,4318619.232,92.315,Pri,8735,0,0,1,14,1
19996,6,2010460004714,3,8,26,3,4,1,1,CV-300,2.5,2,5,1,1,5,2,2,3,1,2,1,2,1,2,2,5,1,4,1,1,1,9,14,1,1,1,NaN,2,NaN,NaN,,NaN,,NaN,,NaN,NaN,NaN,71,1,4,1,1,1,1,1,1,1,1,1,1,1,1,1,1,1,2,1,2,1,1,728133.016,4380626.415,45.913,Pri,12514,0,0,0,7,6
19997,6,2010460004717,3,8,28,1,6,2,1,CV-35,22.3,22,3,1,1,2,3,2,3,5,2,2,2,1,2,2,7,7,8,1,4,1,9,14,3,1,3,NaN,2,NaN,NaN,,21,24,NaN,,NaN,NaN,NaN,NaN,1,4,1,1,1,1,1,1,1,1,1,1,1,1,1,2,1,1,1,2,1,1,663895.678,4412082.183,785.747,Per,35098,0,0,0,4,1
20003,6,2010460004722,3,8,27,4,5,1,4,CV-500,8.6,8,6,1,1,5,3,2,3,4,2,1,1,1,1,1,7,7,8,1,1,1,9,14,2,1,1,NaN,1,4,NaN,,NaN,,NaN,,NaN,NaN,NaN,NaN,1,4,2,1,1,1,1,1,1,1,1,1,1,1,1,1,1,1,1,2,1,1,735557.62,4349564.794,-17.174,Cob,19012,0,0,0,13,1
20005,6,2010460004723,3,8,28,4,6,2,2,CV-306,2.4,2,4,1,1,5,3,2,3,3,2,1,1,1,1,1,7,7,8,1,1,1,9,14,2,1,1,NaN,1,NaN,NaN,,NaN,,NaN,,57,NaN,50,NaN,1,4,2,1,1,1,1,1,1,1,1,1,1,1,1,1,1,1,1,2,1,1,730604.235,4387219.639,1.202,NaN,0,0,0,1,11,1